dataset,wnid,image
imagenet,n01443537,n01443537/ILSVRC2012_val_00000236.JPEG
imagenet,n01443537,n01443537/ILSVRC2012_val_00000262.JPEG
imagenet,n01443537,n01443537/ILSVRC2012_val_00000307.JPEG
imagenet,n01443537,n01443537/ILSVRC2012_val_00000994.JPEG
imagenet,n01443537,n01443537/ILSVRC2012_val_00002241.JPEG
imagenet,n01443537,n01443537/ILSVRC2012_val_00002848.JPEG
imagenet,n01443537,n01443537/ILSVRC2012_val_00003150.JPEG
imagenet,n01443537,n01443537/ILSVRC2012_val_00003735.JPEG
imagenet,n01443537,n01443537/ILSVRC2012_val_00004655.JPEG
imagenet,n01443537,n01443537/ILSVRC2012_val_00004677.JPEG
imagenet,n01443537,n01443537/ILSVRC2012_val_00005870.JPEG
imagenet,n01443537,n01443537/ILSVRC2012_val_00006007.JPEG
imagenet,n01443537,n01443537/ILSVRC2012_val_00006216.JPEG
imagenet,n01443537,n01443537/ILSVRC2012_val_00009034.JPEG
imagenet,n01443537,n01443537/ILSVRC2012_val_00010363.JPEG
imagenet,n01443537,n01443537/ILSVRC2012_val_00010509.JPEG
imagenet,n01443537,n01443537/ILSVRC2012_val_00011914.JPEG
imagenet,n01443537,n01443537/ILSVRC2012_val_00012880.JPEG
imagenet,n01443537,n01443537/ILSVRC2012_val_00013513.JPEG
imagenet,n01443537,n01443537/ILSVRC2012_val_00013623.JPEG
imagenet,n01443537,n01443537/ILSVRC2012_val_00016962.JPEG
imagenet,n01443537,n01443537/ILSVRC2012_val_00018075.JPEG
imagenet,n01443537,n01443537/ILSVRC2012_val_00019459.JPEG
imagenet,n01443537,n01443537/ILSVRC2012_val_00020436.JPEG
imagenet,n01443537,n01443537/ILSVRC2012_val_00020785.JPEG
imagenet,n01443537,n01443537/ILSVRC2012_val_00020822.JPEG
imagenet,n01443537,n01443537/ILSVRC2012_val_00021905.JPEG
imagenet,n01443537,n01443537/ILSVRC2012_val_00022138.JPEG
imagenet,n01443537,n01443537/ILSVRC2012_val_00023869.JPEG
imagenet,n01443537,n01443537/ILSVRC2012_val_00028713.JPEG
imagenet,n01443537,n01443537/ILSVRC2012_val_00030060.JPEG
imagenet,n01443537,n01443537/ILSVRC2012_val_00030217.JPEG
imagenet,n01443537,n01443537/ILSVRC2012_val_00031138.JPEG
imagenet,n01443537,n01443537/ILSVRC2012_val_00032235.JPEG
imagenet,n01443537,n01443537/ILSVRC2012_val_00032258.JPEG
imagenet,n01443537,n01443537/ILSVRC2012_val_00032675.JPEG
imagenet,n01443537,n01443537/ILSVRC2012_val_00034386.JPEG
imagenet,n01443537,n01443537/ILSVRC2012_val_00037846.JPEG
imagenet,n01443537,n01443537/ILSVRC2012_val_00038057.JPEG
imagenet,n01443537,n01443537/ILSVRC2012_val_00044095.JPEG
imagenet,n01443537,n01443537/ILSVRC2012_val_00045761.JPEG
imagenet,n01443537,n01443537/ILSVRC2012_val_00046915.JPEG
imagenet,n01443537,n01443537/ILSVRC2012_val_00046969.JPEG
imagenet,n01443537,n01443537/ILSVRC2012_val_00047396.JPEG
imagenet,n01443537,n01443537/ILSVRC2012_val_00047561.JPEG
imagenet,n01443537,n01443537/ILSVRC2012_val_00048840.JPEG
imagenet,n01443537,n01443537/ILSVRC2012_val_00048864.JPEG
imagenet,n01443537,n01443537/ILSVRC2012_val_00049585.JPEG
imagenet,n01443537,n01443537/ILSVRC2012_val_00049617.JPEG
imagenet,n01443537,n01443537/ILSVRC2012_val_00049712.JPEG
imagenet,n01484850,n01484850/ILSVRC2012_val_00002338.JPEG
imagenet,n01484850,n01484850/ILSVRC2012_val_00002752.JPEG
imagenet,n01484850,n01484850/ILSVRC2012_val_00004311.JPEG
imagenet,n01484850,n01484850/ILSVRC2012_val_00004329.JPEG
imagenet,n01484850,n01484850/ILSVRC2012_val_00006491.JPEG
imagenet,n01484850,n01484850/ILSVRC2012_val_00008848.JPEG
imagenet,n01484850,n01484850/ILSVRC2012_val_00014467.JPEG
imagenet,n01484850,n01484850/ILSVRC2012_val_00015157.JPEG
imagenet,n01484850,n01484850/ILSVRC2012_val_00015220.JPEG
imagenet,n01484850,n01484850/ILSVRC2012_val_00016168.JPEG
imagenet,n01484850,n01484850/ILSVRC2012_val_00016859.JPEG
imagenet,n01484850,n01484850/ILSVRC2012_val_00016988.JPEG
imagenet,n01484850,n01484850/ILSVRC2012_val_00017105.JPEG
imagenet,n01484850,n01484850/ILSVRC2012_val_00017194.JPEG
imagenet,n01484850,n01484850/ILSVRC2012_val_00019409.JPEG
imagenet,n01484850,n01484850/ILSVRC2012_val_00019435.JPEG
imagenet,n01484850,n01484850/ILSVRC2012_val_00020011.JPEG
imagenet,n01484850,n01484850/ILSVRC2012_val_00023185.JPEG
imagenet,n01484850,n01484850/ILSVRC2012_val_00024940.JPEG
imagenet,n01484850,n01484850/ILSVRC2012_val_00025900.JPEG
imagenet,n01484850,n01484850/ILSVRC2012_val_00027063.JPEG
imagenet,n01484850,n01484850/ILSVRC2012_val_00027419.JPEG
imagenet,n01484850,n01484850/ILSVRC2012_val_00027514.JPEG
imagenet,n01484850,n01484850/ILSVRC2012_val_00028028.JPEG
imagenet,n01484850,n01484850/ILSVRC2012_val_00029481.JPEG
imagenet,n01484850,n01484850/ILSVRC2012_val_00030127.JPEG
imagenet,n01484850,n01484850/ILSVRC2012_val_00031466.JPEG
imagenet,n01484850,n01484850/ILSVRC2012_val_00031720.JPEG
imagenet,n01484850,n01484850/ILSVRC2012_val_00031808.JPEG
imagenet,n01484850,n01484850/ILSVRC2012_val_00032288.JPEG
imagenet,n01484850,n01484850/ILSVRC2012_val_00032417.JPEG
imagenet,n01484850,n01484850/ILSVRC2012_val_00034950.JPEG
imagenet,n01484850,n01484850/ILSVRC2012_val_00035223.JPEG
imagenet,n01484850,n01484850/ILSVRC2012_val_00035774.JPEG
imagenet,n01484850,n01484850/ILSVRC2012_val_00036737.JPEG
imagenet,n01484850,n01484850/ILSVRC2012_val_00037050.JPEG
imagenet,n01484850,n01484850/ILSVRC2012_val_00037135.JPEG
imagenet,n01484850,n01484850/ILSVRC2012_val_00037488.JPEG
imagenet,n01484850,n01484850/ILSVRC2012_val_00037998.JPEG
imagenet,n01484850,n01484850/ILSVRC2012_val_00039304.JPEG
imagenet,n01484850,n01484850/ILSVRC2012_val_00039445.JPEG
imagenet,n01484850,n01484850/ILSVRC2012_val_00039534.JPEG
imagenet,n01484850,n01484850/ILSVRC2012_val_00039865.JPEG
imagenet,n01484850,n01484850/ILSVRC2012_val_00040098.JPEG
imagenet,n01484850,n01484850/ILSVRC2012_val_00040710.JPEG
imagenet,n01484850,n01484850/ILSVRC2012_val_00042345.JPEG
imagenet,n01484850,n01484850/ILSVRC2012_val_00044052.JPEG
imagenet,n01484850,n01484850/ILSVRC2012_val_00044896.JPEG
imagenet,n01484850,n01484850/ILSVRC2012_val_00045730.JPEG
imagenet,n01484850,n01484850/ILSVRC2012_val_00046171.JPEG
imagenet,n01494475,n01494475/ILSVRC2012_val_00001676.JPEG
imagenet,n01494475,n01494475/ILSVRC2012_val_00003558.JPEG
imagenet,n01494475,n01494475/ILSVRC2012_val_00004417.JPEG
imagenet,n01494475,n01494475/ILSVRC2012_val_00005339.JPEG
imagenet,n01494475,n01494475/ILSVRC2012_val_00007405.JPEG
imagenet,n01494475,n01494475/ILSVRC2012_val_00009460.JPEG
imagenet,n01494475,n01494475/ILSVRC2012_val_00009978.JPEG
imagenet,n01494475,n01494475/ILSVRC2012_val_00011388.JPEG
imagenet,n01494475,n01494475/ILSVRC2012_val_00012546.JPEG
imagenet,n01494475,n01494475/ILSVRC2012_val_00012879.JPEG
imagenet,n01494475,n01494475/ILSVRC2012_val_00013847.JPEG
imagenet,n01494475,n01494475/ILSVRC2012_val_00015139.JPEG
imagenet,n01494475,n01494475/ILSVRC2012_val_00015545.JPEG
imagenet,n01494475,n01494475/ILSVRC2012_val_00016259.JPEG
imagenet,n01494475,n01494475/ILSVRC2012_val_00016347.JPEG
imagenet,n01494475,n01494475/ILSVRC2012_val_00016395.JPEG
imagenet,n01494475,n01494475/ILSVRC2012_val_00016834.JPEG
imagenet,n01494475,n01494475/ILSVRC2012_val_00018943.JPEG
imagenet,n01494475,n01494475/ILSVRC2012_val_00018948.JPEG
imagenet,n01494475,n01494475/ILSVRC2012_val_00020418.JPEG
imagenet,n01494475,n01494475/ILSVRC2012_val_00021325.JPEG
imagenet,n01494475,n01494475/ILSVRC2012_val_00022552.JPEG
imagenet,n01494475,n01494475/ILSVRC2012_val_00023074.JPEG
imagenet,n01494475,n01494475/ILSVRC2012_val_00023986.JPEG
imagenet,n01494475,n01494475/ILSVRC2012_val_00024015.JPEG
imagenet,n01494475,n01494475/ILSVRC2012_val_00025627.JPEG
imagenet,n01494475,n01494475/ILSVRC2012_val_00026490.JPEG
imagenet,n01494475,n01494475/ILSVRC2012_val_00027113.JPEG
imagenet,n01494475,n01494475/ILSVRC2012_val_00027160.JPEG
imagenet,n01494475,n01494475/ILSVRC2012_val_00027283.JPEG
imagenet,n01494475,n01494475/ILSVRC2012_val_00028084.JPEG
imagenet,n01494475,n01494475/ILSVRC2012_val_00029886.JPEG
imagenet,n01494475,n01494475/ILSVRC2012_val_00031169.JPEG
imagenet,n01494475,n01494475/ILSVRC2012_val_00031424.JPEG
imagenet,n01494475,n01494475/ILSVRC2012_val_00034115.JPEG
imagenet,n01494475,n01494475/ILSVRC2012_val_00034178.JPEG
imagenet,n01494475,n01494475/ILSVRC2012_val_00035367.JPEG
imagenet,n01494475,n01494475/ILSVRC2012_val_00036479.JPEG
imagenet,n01494475,n01494475/ILSVRC2012_val_00037705.JPEG
imagenet,n01494475,n01494475/ILSVRC2012_val_00039588.JPEG
imagenet,n01494475,n01494475/ILSVRC2012_val_00040843.JPEG
imagenet,n01494475,n01494475/ILSVRC2012_val_00041400.JPEG
imagenet,n01494475,n01494475/ILSVRC2012_val_00044788.JPEG
imagenet,n01494475,n01494475/ILSVRC2012_val_00045133.JPEG
imagenet,n01494475,n01494475/ILSVRC2012_val_00045580.JPEG
imagenet,n01494475,n01494475/ILSVRC2012_val_00045925.JPEG
imagenet,n01494475,n01494475/ILSVRC2012_val_00047320.JPEG
imagenet,n01494475,n01494475/ILSVRC2012_val_00047431.JPEG
imagenet,n01494475,n01494475/ILSVRC2012_val_00048576.JPEG
imagenet,n01494475,n01494475/ILSVRC2012_val_00049166.JPEG
imagenet,n01498041,n01498041/ILSVRC2012_val_00001935.JPEG
imagenet,n01498041,n01498041/ILSVRC2012_val_00002284.JPEG
imagenet,n01498041,n01498041/ILSVRC2012_val_00002480.JPEG
imagenet,n01498041,n01498041/ILSVRC2012_val_00003518.JPEG
imagenet,n01498041,n01498041/ILSVRC2012_val_00004873.JPEG
imagenet,n01498041,n01498041/ILSVRC2012_val_00005642.JPEG
imagenet,n01498041,n01498041/ILSVRC2012_val_00006402.JPEG
imagenet,n01498041,n01498041/ILSVRC2012_val_00008952.JPEG
imagenet,n01498041,n01498041/ILSVRC2012_val_00009734.JPEG
imagenet,n01498041,n01498041/ILSVRC2012_val_00012259.JPEG
imagenet,n01498041,n01498041/ILSVRC2012_val_00013655.JPEG
imagenet,n01498041,n01498041/ILSVRC2012_val_00014771.JPEG
imagenet,n01498041,n01498041/ILSVRC2012_val_00015045.JPEG
imagenet,n01498041,n01498041/ILSVRC2012_val_00015373.JPEG
imagenet,n01498041,n01498041/ILSVRC2012_val_00021793.JPEG
imagenet,n01498041,n01498041/ILSVRC2012_val_00023239.JPEG
imagenet,n01498041,n01498041/ILSVRC2012_val_00024204.JPEG
imagenet,n01498041,n01498041/ILSVRC2012_val_00024719.JPEG
imagenet,n01498041,n01498041/ILSVRC2012_val_00025051.JPEG
imagenet,n01498041,n01498041/ILSVRC2012_val_00026908.JPEG
imagenet,n01498041,n01498041/ILSVRC2012_val_00027005.JPEG
imagenet,n01498041,n01498041/ILSVRC2012_val_00027415.JPEG
imagenet,n01498041,n01498041/ILSVRC2012_val_00028450.JPEG
imagenet,n01498041,n01498041/ILSVRC2012_val_00029169.JPEG
imagenet,n01498041,n01498041/ILSVRC2012_val_00030380.JPEG
imagenet,n01498041,n01498041/ILSVRC2012_val_00030470.JPEG
imagenet,n01498041,n01498041/ILSVRC2012_val_00032394.JPEG
imagenet,n01498041,n01498041/ILSVRC2012_val_00032441.JPEG
imagenet,n01498041,n01498041/ILSVRC2012_val_00033337.JPEG
imagenet,n01498041,n01498041/ILSVRC2012_val_00033942.JPEG
imagenet,n01498041,n01498041/ILSVRC2012_val_00036118.JPEG
imagenet,n01498041,n01498041/ILSVRC2012_val_00036157.JPEG
imagenet,n01498041,n01498041/ILSVRC2012_val_00037740.JPEG
imagenet,n01498041,n01498041/ILSVRC2012_val_00037753.JPEG
imagenet,n01498041,n01498041/ILSVRC2012_val_00037798.JPEG
imagenet,n01498041,n01498041/ILSVRC2012_val_00038215.JPEG
imagenet,n01498041,n01498041/ILSVRC2012_val_00038935.JPEG
imagenet,n01498041,n01498041/ILSVRC2012_val_00039308.JPEG
imagenet,n01498041,n01498041/ILSVRC2012_val_00039525.JPEG
imagenet,n01498041,n01498041/ILSVRC2012_val_00040342.JPEG
imagenet,n01498041,n01498041/ILSVRC2012_val_00041872.JPEG
imagenet,n01498041,n01498041/ILSVRC2012_val_00042175.JPEG
imagenet,n01498041,n01498041/ILSVRC2012_val_00042385.JPEG
imagenet,n01498041,n01498041/ILSVRC2012_val_00042534.JPEG
imagenet,n01498041,n01498041/ILSVRC2012_val_00042547.JPEG
imagenet,n01498041,n01498041/ILSVRC2012_val_00043229.JPEG
imagenet,n01498041,n01498041/ILSVRC2012_val_00043323.JPEG
imagenet,n01498041,n01498041/ILSVRC2012_val_00043702.JPEG
imagenet,n01498041,n01498041/ILSVRC2012_val_00046497.JPEG
imagenet,n01498041,n01498041/ILSVRC2012_val_00049253.JPEG
imagenet,n01514859,n01514859/ILSVRC2012_val_00001114.JPEG
imagenet,n01514859,n01514859/ILSVRC2012_val_00001368.JPEG
imagenet,n01514859,n01514859/ILSVRC2012_val_00001906.JPEG
imagenet,n01514859,n01514859/ILSVRC2012_val_00002372.JPEG
imagenet,n01514859,n01514859/ILSVRC2012_val_00004183.JPEG
imagenet,n01514859,n01514859/ILSVRC2012_val_00004315.JPEG
imagenet,n01514859,n01514859/ILSVRC2012_val_00005535.JPEG
imagenet,n01514859,n01514859/ILSVRC2012_val_00006195.JPEG
imagenet,n01514859,n01514859/ILSVRC2012_val_00007530.JPEG
imagenet,n01514859,n01514859/ILSVRC2012_val_00007729.JPEG
imagenet,n01514859,n01514859/ILSVRC2012_val_00008125.JPEG
imagenet,n01514859,n01514859/ILSVRC2012_val_00009615.JPEG
imagenet,n01514859,n01514859/ILSVRC2012_val_00010162.JPEG
imagenet,n01514859,n01514859/ILSVRC2012_val_00011171.JPEG
imagenet,n01514859,n01514859/ILSVRC2012_val_00012528.JPEG
imagenet,n01514859,n01514859/ILSVRC2012_val_00014180.JPEG
imagenet,n01514859,n01514859/ILSVRC2012_val_00014879.JPEG
imagenet,n01514859,n01514859/ILSVRC2012_val_00014917.JPEG
imagenet,n01514859,n01514859/ILSVRC2012_val_00021430.JPEG
imagenet,n01514859,n01514859/ILSVRC2012_val_00022644.JPEG
imagenet,n01514859,n01514859/ILSVRC2012_val_00025324.JPEG
imagenet,n01514859,n01514859/ILSVRC2012_val_00026271.JPEG
imagenet,n01514859,n01514859/ILSVRC2012_val_00026508.JPEG
imagenet,n01514859,n01514859/ILSVRC2012_val_00027762.JPEG
imagenet,n01514859,n01514859/ILSVRC2012_val_00028107.JPEG
imagenet,n01514859,n01514859/ILSVRC2012_val_00029619.JPEG
imagenet,n01514859,n01514859/ILSVRC2012_val_00031481.JPEG
imagenet,n01514859,n01514859/ILSVRC2012_val_00032162.JPEG
imagenet,n01514859,n01514859/ILSVRC2012_val_00032169.JPEG
imagenet,n01514859,n01514859/ILSVRC2012_val_00032310.JPEG
imagenet,n01514859,n01514859/ILSVRC2012_val_00032930.JPEG
imagenet,n01514859,n01514859/ILSVRC2012_val_00033538.JPEG
imagenet,n01514859,n01514859/ILSVRC2012_val_00035141.JPEG
imagenet,n01514859,n01514859/ILSVRC2012_val_00037013.JPEG
imagenet,n01514859,n01514859/ILSVRC2012_val_00037719.JPEG
imagenet,n01514859,n01514859/ILSVRC2012_val_00039067.JPEG
imagenet,n01514859,n01514859/ILSVRC2012_val_00039943.JPEG
imagenet,n01514859,n01514859/ILSVRC2012_val_00040038.JPEG
imagenet,n01514859,n01514859/ILSVRC2012_val_00041168.JPEG
imagenet,n01514859,n01514859/ILSVRC2012_val_00041334.JPEG
imagenet,n01514859,n01514859/ILSVRC2012_val_00041852.JPEG
imagenet,n01514859,n01514859/ILSVRC2012_val_00042135.JPEG
imagenet,n01514859,n01514859/ILSVRC2012_val_00042568.JPEG
imagenet,n01514859,n01514859/ILSVRC2012_val_00044276.JPEG
imagenet,n01514859,n01514859/ILSVRC2012_val_00045547.JPEG
imagenet,n01514859,n01514859/ILSVRC2012_val_00045551.JPEG
imagenet,n01514859,n01514859/ILSVRC2012_val_00047753.JPEG
imagenet,n01514859,n01514859/ILSVRC2012_val_00048049.JPEG
imagenet,n01514859,n01514859/ILSVRC2012_val_00048242.JPEG
imagenet,n01514859,n01514859/ILSVRC2012_val_00049833.JPEG
imagenet,n01518878,n01518878/ILSVRC2012_val_00001031.JPEG
imagenet,n01518878,n01518878/ILSVRC2012_val_00001398.JPEG
imagenet,n01518878,n01518878/ILSVRC2012_val_00003297.JPEG
imagenet,n01518878,n01518878/ILSVRC2012_val_00004756.JPEG
imagenet,n01518878,n01518878/ILSVRC2012_val_00004983.JPEG
imagenet,n01518878,n01518878/ILSVRC2012_val_00005427.JPEG
imagenet,n01518878,n01518878/ILSVRC2012_val_00008176.JPEG
imagenet,n01518878,n01518878/ILSVRC2012_val_00008294.JPEG
imagenet,n01518878,n01518878/ILSVRC2012_val_00008898.JPEG
imagenet,n01518878,n01518878/ILSVRC2012_val_00010594.JPEG
imagenet,n01518878,n01518878/ILSVRC2012_val_00010763.JPEG
imagenet,n01518878,n01518878/ILSVRC2012_val_00013321.JPEG
imagenet,n01518878,n01518878/ILSVRC2012_val_00014328.JPEG
imagenet,n01518878,n01518878/ILSVRC2012_val_00015266.JPEG
imagenet,n01518878,n01518878/ILSVRC2012_val_00015706.JPEG
imagenet,n01518878,n01518878/ILSVRC2012_val_00017839.JPEG
imagenet,n01518878,n01518878/ILSVRC2012_val_00019184.JPEG
imagenet,n01518878,n01518878/ILSVRC2012_val_00023214.JPEG
imagenet,n01518878,n01518878/ILSVRC2012_val_00023607.JPEG
imagenet,n01518878,n01518878/ILSVRC2012_val_00023778.JPEG
imagenet,n01518878,n01518878/ILSVRC2012_val_00024268.JPEG
imagenet,n01518878,n01518878/ILSVRC2012_val_00024800.JPEG
imagenet,n01518878,n01518878/ILSVRC2012_val_00028978.JPEG
imagenet,n01518878,n01518878/ILSVRC2012_val_00030699.JPEG
imagenet,n01518878,n01518878/ILSVRC2012_val_00031239.JPEG
imagenet,n01518878,n01518878/ILSVRC2012_val_00031913.JPEG
imagenet,n01518878,n01518878/ILSVRC2012_val_00032849.JPEG
imagenet,n01518878,n01518878/ILSVRC2012_val_00033181.JPEG
imagenet,n01518878,n01518878/ILSVRC2012_val_00034316.JPEG
imagenet,n01518878,n01518878/ILSVRC2012_val_00035123.JPEG
imagenet,n01518878,n01518878/ILSVRC2012_val_00035785.JPEG
imagenet,n01518878,n01518878/ILSVRC2012_val_00036105.JPEG
imagenet,n01518878,n01518878/ILSVRC2012_val_00036749.JPEG
imagenet,n01518878,n01518878/ILSVRC2012_val_00037698.JPEG
imagenet,n01518878,n01518878/ILSVRC2012_val_00037941.JPEG
imagenet,n01518878,n01518878/ILSVRC2012_val_00038156.JPEG
imagenet,n01518878,n01518878/ILSVRC2012_val_00039355.JPEG
imagenet,n01518878,n01518878/ILSVRC2012_val_00041114.JPEG
imagenet,n01518878,n01518878/ILSVRC2012_val_00041977.JPEG
imagenet,n01518878,n01518878/ILSVRC2012_val_00042926.JPEG
imagenet,n01518878,n01518878/ILSVRC2012_val_00043764.JPEG
imagenet,n01518878,n01518878/ILSVRC2012_val_00044483.JPEG
imagenet,n01518878,n01518878/ILSVRC2012_val_00044624.JPEG
imagenet,n01518878,n01518878/ILSVRC2012_val_00044975.JPEG
imagenet,n01518878,n01518878/ILSVRC2012_val_00045402.JPEG
imagenet,n01518878,n01518878/ILSVRC2012_val_00046260.JPEG
imagenet,n01518878,n01518878/ILSVRC2012_val_00046654.JPEG
imagenet,n01518878,n01518878/ILSVRC2012_val_00047400.JPEG
imagenet,n01518878,n01518878/ILSVRC2012_val_00048600.JPEG
imagenet,n01518878,n01518878/ILSVRC2012_val_00049090.JPEG
imagenet,n01531178,n01531178/ILSVRC2012_val_00000570.JPEG
imagenet,n01531178,n01531178/ILSVRC2012_val_00001274.JPEG
imagenet,n01531178,n01531178/ILSVRC2012_val_00002668.JPEG
imagenet,n01531178,n01531178/ILSVRC2012_val_00003548.JPEG
imagenet,n01531178,n01531178/ILSVRC2012_val_00003816.JPEG
imagenet,n01531178,n01531178/ILSVRC2012_val_00004243.JPEG
imagenet,n01531178,n01531178/ILSVRC2012_val_00004893.JPEG
imagenet,n01531178,n01531178/ILSVRC2012_val_00005287.JPEG
imagenet,n01531178,n01531178/ILSVRC2012_val_00005567.JPEG
imagenet,n01531178,n01531178/ILSVRC2012_val_00009831.JPEG
imagenet,n01531178,n01531178/ILSVRC2012_val_00010409.JPEG
imagenet,n01531178,n01531178/ILSVRC2012_val_00013270.JPEG
imagenet,n01531178,n01531178/ILSVRC2012_val_00013407.JPEG
imagenet,n01531178,n01531178/ILSVRC2012_val_00013902.JPEG
imagenet,n01531178,n01531178/ILSVRC2012_val_00013998.JPEG
imagenet,n01531178,n01531178/ILSVRC2012_val_00015431.JPEG
imagenet,n01531178,n01531178/ILSVRC2012_val_00015863.JPEG
imagenet,n01531178,n01531178/ILSVRC2012_val_00015903.JPEG
imagenet,n01531178,n01531178/ILSVRC2012_val_00016252.JPEG
imagenet,n01531178,n01531178/ILSVRC2012_val_00016538.JPEG
imagenet,n01531178,n01531178/ILSVRC2012_val_00017391.JPEG
imagenet,n01531178,n01531178/ILSVRC2012_val_00019236.JPEG
imagenet,n01531178,n01531178/ILSVRC2012_val_00019744.JPEG
imagenet,n01531178,n01531178/ILSVRC2012_val_00024256.JPEG
imagenet,n01531178,n01531178/ILSVRC2012_val_00025151.JPEG
imagenet,n01531178,n01531178/ILSVRC2012_val_00025507.JPEG
imagenet,n01531178,n01531178/ILSVRC2012_val_00025535.JPEG
imagenet,n01531178,n01531178/ILSVRC2012_val_00025888.JPEG
imagenet,n01531178,n01531178/ILSVRC2012_val_00026279.JPEG
imagenet,n01531178,n01531178/ILSVRC2012_val_00028063.JPEG
imagenet,n01531178,n01531178/ILSVRC2012_val_00029581.JPEG
imagenet,n01531178,n01531178/ILSVRC2012_val_00029740.JPEG
imagenet,n01531178,n01531178/ILSVRC2012_val_00030071.JPEG
imagenet,n01531178,n01531178/ILSVRC2012_val_00030320.JPEG
imagenet,n01531178,n01531178/ILSVRC2012_val_00031086.JPEG
imagenet,n01531178,n01531178/ILSVRC2012_val_00031630.JPEG
imagenet,n01531178,n01531178/ILSVRC2012_val_00032154.JPEG
imagenet,n01531178,n01531178/ILSVRC2012_val_00032359.JPEG
imagenet,n01531178,n01531178/ILSVRC2012_val_00032710.JPEG
imagenet,n01531178,n01531178/ILSVRC2012_val_00032855.JPEG
imagenet,n01531178,n01531178/ILSVRC2012_val_00032993.JPEG
imagenet,n01531178,n01531178/ILSVRC2012_val_00034250.JPEG
imagenet,n01531178,n01531178/ILSVRC2012_val_00035254.JPEG
imagenet,n01531178,n01531178/ILSVRC2012_val_00035833.JPEG
imagenet,n01531178,n01531178/ILSVRC2012_val_00037611.JPEG
imagenet,n01531178,n01531178/ILSVRC2012_val_00041836.JPEG
imagenet,n01531178,n01531178/ILSVRC2012_val_00042032.JPEG
imagenet,n01531178,n01531178/ILSVRC2012_val_00044706.JPEG
imagenet,n01531178,n01531178/ILSVRC2012_val_00047029.JPEG
imagenet,n01531178,n01531178/ILSVRC2012_val_00048710.JPEG
imagenet,n01534433,n01534433/ILSVRC2012_val_00000247.JPEG
imagenet,n01534433,n01534433/ILSVRC2012_val_00000713.JPEG
imagenet,n01534433,n01534433/ILSVRC2012_val_00001915.JPEG
imagenet,n01534433,n01534433/ILSVRC2012_val_00003116.JPEG
imagenet,n01534433,n01534433/ILSVRC2012_val_00003878.JPEG
imagenet,n01534433,n01534433/ILSVRC2012_val_00003903.JPEG
imagenet,n01534433,n01534433/ILSVRC2012_val_00004245.JPEG
imagenet,n01534433,n01534433/ILSVRC2012_val_00004577.JPEG
imagenet,n01534433,n01534433/ILSVRC2012_val_00006326.JPEG
imagenet,n01534433,n01534433/ILSVRC2012_val_00007853.JPEG
imagenet,n01534433,n01534433/ILSVRC2012_val_00007872.JPEG
imagenet,n01534433,n01534433/ILSVRC2012_val_00009351.JPEG
imagenet,n01534433,n01534433/ILSVRC2012_val_00010456.JPEG
imagenet,n01534433,n01534433/ILSVRC2012_val_00011178.JPEG
imagenet,n01534433,n01534433/ILSVRC2012_val_00011841.JPEG
imagenet,n01534433,n01534433/ILSVRC2012_val_00011915.JPEG
imagenet,n01534433,n01534433/ILSVRC2012_val_00012058.JPEG
imagenet,n01534433,n01534433/ILSVRC2012_val_00013277.JPEG
imagenet,n01534433,n01534433/ILSVRC2012_val_00013504.JPEG
imagenet,n01534433,n01534433/ILSVRC2012_val_00013945.JPEG
imagenet,n01534433,n01534433/ILSVRC2012_val_00014108.JPEG
imagenet,n01534433,n01534433/ILSVRC2012_val_00014139.JPEG
imagenet,n01534433,n01534433/ILSVRC2012_val_00015216.JPEG
imagenet,n01534433,n01534433/ILSVRC2012_val_00015410.JPEG
imagenet,n01534433,n01534433/ILSVRC2012_val_00015416.JPEG
imagenet,n01534433,n01534433/ILSVRC2012_val_00016677.JPEG
imagenet,n01534433,n01534433/ILSVRC2012_val_00017384.JPEG
imagenet,n01534433,n01534433/ILSVRC2012_val_00017712.JPEG
imagenet,n01534433,n01534433/ILSVRC2012_val_00017970.JPEG
imagenet,n01534433,n01534433/ILSVRC2012_val_00021650.JPEG
imagenet,n01534433,n01534433/ILSVRC2012_val_00023125.JPEG
imagenet,n01534433,n01534433/ILSVRC2012_val_00023850.JPEG
imagenet,n01534433,n01534433/ILSVRC2012_val_00024884.JPEG
imagenet,n01534433,n01534433/ILSVRC2012_val_00026687.JPEG
imagenet,n01534433,n01534433/ILSVRC2012_val_00027831.JPEG
imagenet,n01534433,n01534433/ILSVRC2012_val_00029999.JPEG
imagenet,n01534433,n01534433/ILSVRC2012_val_00030544.JPEG
imagenet,n01534433,n01534433/ILSVRC2012_val_00030657.JPEG
imagenet,n01534433,n01534433/ILSVRC2012_val_00030911.JPEG
imagenet,n01534433,n01534433/ILSVRC2012_val_00032025.JPEG
imagenet,n01534433,n01534433/ILSVRC2012_val_00035389.JPEG
imagenet,n01534433,n01534433/ILSVRC2012_val_00036008.JPEG
imagenet,n01534433,n01534433/ILSVRC2012_val_00036042.JPEG
imagenet,n01534433,n01534433/ILSVRC2012_val_00037239.JPEG
imagenet,n01534433,n01534433/ILSVRC2012_val_00038794.JPEG
imagenet,n01534433,n01534433/ILSVRC2012_val_00039801.JPEG
imagenet,n01534433,n01534433/ILSVRC2012_val_00040606.JPEG
imagenet,n01534433,n01534433/ILSVRC2012_val_00045480.JPEG
imagenet,n01534433,n01534433/ILSVRC2012_val_00046797.JPEG
imagenet,n01534433,n01534433/ILSVRC2012_val_00047333.JPEG
imagenet,n01614925,n01614925/ILSVRC2012_val_00000128.JPEG
imagenet,n01614925,n01614925/ILSVRC2012_val_00002031.JPEG
imagenet,n01614925,n01614925/ILSVRC2012_val_00003330.JPEG
imagenet,n01614925,n01614925/ILSVRC2012_val_00006334.JPEG
imagenet,n01614925,n01614925/ILSVRC2012_val_00006571.JPEG
imagenet,n01614925,n01614925/ILSVRC2012_val_00007712.JPEG
imagenet,n01614925,n01614925/ILSVRC2012_val_00008151.JPEG
imagenet,n01614925,n01614925/ILSVRC2012_val_00008481.JPEG
imagenet,n01614925,n01614925/ILSVRC2012_val_00010889.JPEG
imagenet,n01614925,n01614925/ILSVRC2012_val_00013265.JPEG
imagenet,n01614925,n01614925/ILSVRC2012_val_00013702.JPEG
imagenet,n01614925,n01614925/ILSVRC2012_val_00014007.JPEG
imagenet,n01614925,n01614925/ILSVRC2012_val_00014082.JPEG
imagenet,n01614925,n01614925/ILSVRC2012_val_00014192.JPEG
imagenet,n01614925,n01614925/ILSVRC2012_val_00015516.JPEG
imagenet,n01614925,n01614925/ILSVRC2012_val_00017994.JPEG
imagenet,n01614925,n01614925/ILSVRC2012_val_00020052.JPEG
imagenet,n01614925,n01614925/ILSVRC2012_val_00021015.JPEG
imagenet,n01614925,n01614925/ILSVRC2012_val_00021104.JPEG
imagenet,n01614925,n01614925/ILSVRC2012_val_00022597.JPEG
imagenet,n01614925,n01614925/ILSVRC2012_val_00026050.JPEG
imagenet,n01614925,n01614925/ILSVRC2012_val_00026614.JPEG
imagenet,n01614925,n01614925/ILSVRC2012_val_00026707.JPEG
imagenet,n01614925,n01614925/ILSVRC2012_val_00027079.JPEG
imagenet,n01614925,n01614925/ILSVRC2012_val_00027196.JPEG
imagenet,n01614925,n01614925/ILSVRC2012_val_00027570.JPEG
imagenet,n01614925,n01614925/ILSVRC2012_val_00031465.JPEG
imagenet,n01614925,n01614925/ILSVRC2012_val_00032320.JPEG
imagenet,n01614925,n01614925/ILSVRC2012_val_00033435.JPEG
imagenet,n01614925,n01614925/ILSVRC2012_val_00034168.JPEG
imagenet,n01614925,n01614925/ILSVRC2012_val_00037795.JPEG
imagenet,n01614925,n01614925/ILSVRC2012_val_00038636.JPEG
imagenet,n01614925,n01614925/ILSVRC2012_val_00038804.JPEG
imagenet,n01614925,n01614925/ILSVRC2012_val_00039605.JPEG
imagenet,n01614925,n01614925/ILSVRC2012_val_00039859.JPEG
imagenet,n01614925,n01614925/ILSVRC2012_val_00040158.JPEG
imagenet,n01614925,n01614925/ILSVRC2012_val_00040242.JPEG
imagenet,n01614925,n01614925/ILSVRC2012_val_00040404.JPEG
imagenet,n01614925,n01614925/ILSVRC2012_val_00040474.JPEG
imagenet,n01614925,n01614925/ILSVRC2012_val_00040608.JPEG
imagenet,n01614925,n01614925/ILSVRC2012_val_00040970.JPEG
imagenet,n01614925,n01614925/ILSVRC2012_val_00042380.JPEG
imagenet,n01614925,n01614925/ILSVRC2012_val_00043779.JPEG
imagenet,n01614925,n01614925/ILSVRC2012_val_00044921.JPEG
imagenet,n01614925,n01614925/ILSVRC2012_val_00045612.JPEG
imagenet,n01614925,n01614925/ILSVRC2012_val_00046564.JPEG
imagenet,n01614925,n01614925/ILSVRC2012_val_00046632.JPEG
imagenet,n01614925,n01614925/ILSVRC2012_val_00048960.JPEG
imagenet,n01614925,n01614925/ILSVRC2012_val_00049531.JPEG
imagenet,n01614925,n01614925/ILSVRC2012_val_00049899.JPEG
imagenet,n01616318,n01616318/ILSVRC2012_val_00000018.JPEG
imagenet,n01616318,n01616318/ILSVRC2012_val_00000025.JPEG
imagenet,n01616318,n01616318/ILSVRC2012_val_00000916.JPEG
imagenet,n01616318,n01616318/ILSVRC2012_val_00001391.JPEG
imagenet,n01616318,n01616318/ILSVRC2012_val_00002168.JPEG
imagenet,n01616318,n01616318/ILSVRC2012_val_00002387.JPEG
imagenet,n01616318,n01616318/ILSVRC2012_val_00004554.JPEG
imagenet,n01616318,n01616318/ILSVRC2012_val_00006213.JPEG
imagenet,n01616318,n01616318/ILSVRC2012_val_00006250.JPEG
imagenet,n01616318,n01616318/ILSVRC2012_val_00008819.JPEG
imagenet,n01616318,n01616318/ILSVRC2012_val_00009100.JPEG
imagenet,n01616318,n01616318/ILSVRC2012_val_00009119.JPEG
imagenet,n01616318,n01616318/ILSVRC2012_val_00011317.JPEG
imagenet,n01616318,n01616318/ILSVRC2012_val_00012178.JPEG
imagenet,n01616318,n01616318/ILSVRC2012_val_00012615.JPEG
imagenet,n01616318,n01616318/ILSVRC2012_val_00014220.JPEG
imagenet,n01616318,n01616318/ILSVRC2012_val_00015769.JPEG
imagenet,n01616318,n01616318/ILSVRC2012_val_00018092.JPEG
imagenet,n01616318,n01616318/ILSVRC2012_val_00019868.JPEG
imagenet,n01616318,n01616318/ILSVRC2012_val_00020743.JPEG
imagenet,n01616318,n01616318/ILSVRC2012_val_00022088.JPEG
imagenet,n01616318,n01616318/ILSVRC2012_val_00022165.JPEG
imagenet,n01616318,n01616318/ILSVRC2012_val_00023247.JPEG
imagenet,n01616318,n01616318/ILSVRC2012_val_00024514.JPEG
imagenet,n01616318,n01616318/ILSVRC2012_val_00026604.JPEG
imagenet,n01616318,n01616318/ILSVRC2012_val_00027588.JPEG
imagenet,n01616318,n01616318/ILSVRC2012_val_00027870.JPEG
imagenet,n01616318,n01616318/ILSVRC2012_val_00030090.JPEG
imagenet,n01616318,n01616318/ILSVRC2012_val_00030515.JPEG
imagenet,n01616318,n01616318/ILSVRC2012_val_00030618.JPEG
imagenet,n01616318,n01616318/ILSVRC2012_val_00031653.JPEG
imagenet,n01616318,n01616318/ILSVRC2012_val_00032389.JPEG
imagenet,n01616318,n01616318/ILSVRC2012_val_00032832.JPEG
imagenet,n01616318,n01616318/ILSVRC2012_val_00032889.JPEG
imagenet,n01616318,n01616318/ILSVRC2012_val_00035953.JPEG
imagenet,n01616318,n01616318/ILSVRC2012_val_00036388.JPEG
imagenet,n01616318,n01616318/ILSVRC2012_val_00036620.JPEG
imagenet,n01616318,n01616318/ILSVRC2012_val_00037071.JPEG
imagenet,n01616318,n01616318/ILSVRC2012_val_00037127.JPEG
imagenet,n01616318,n01616318/ILSVRC2012_val_00037259.JPEG
imagenet,n01616318,n01616318/ILSVRC2012_val_00040117.JPEG
imagenet,n01616318,n01616318/ILSVRC2012_val_00040205.JPEG
imagenet,n01616318,n01616318/ILSVRC2012_val_00040425.JPEG
imagenet,n01616318,n01616318/ILSVRC2012_val_00040614.JPEG
imagenet,n01616318,n01616318/ILSVRC2012_val_00042410.JPEG
imagenet,n01616318,n01616318/ILSVRC2012_val_00042788.JPEG
imagenet,n01616318,n01616318/ILSVRC2012_val_00043801.JPEG
imagenet,n01616318,n01616318/ILSVRC2012_val_00044797.JPEG
imagenet,n01616318,n01616318/ILSVRC2012_val_00045589.JPEG
imagenet,n01616318,n01616318/ILSVRC2012_val_00047350.JPEG
imagenet,n01630670,n01630670/ILSVRC2012_val_00000498.JPEG
imagenet,n01630670,n01630670/ILSVRC2012_val_00002774.JPEG
imagenet,n01630670,n01630670/ILSVRC2012_val_00003189.JPEG
imagenet,n01630670,n01630670/ILSVRC2012_val_00003702.JPEG
imagenet,n01630670,n01630670/ILSVRC2012_val_00005698.JPEG
imagenet,n01630670,n01630670/ILSVRC2012_val_00005868.JPEG
imagenet,n01630670,n01630670/ILSVRC2012_val_00006331.JPEG
imagenet,n01630670,n01630670/ILSVRC2012_val_00006582.JPEG
imagenet,n01630670,n01630670/ILSVRC2012_val_00006844.JPEG
imagenet,n01630670,n01630670/ILSVRC2012_val_00007257.JPEG
imagenet,n01630670,n01630670/ILSVRC2012_val_00007288.JPEG
imagenet,n01630670,n01630670/ILSVRC2012_val_00007528.JPEG
imagenet,n01630670,n01630670/ILSVRC2012_val_00007561.JPEG
imagenet,n01630670,n01630670/ILSVRC2012_val_00007904.JPEG
imagenet,n01630670,n01630670/ILSVRC2012_val_00008249.JPEG
imagenet,n01630670,n01630670/ILSVRC2012_val_00009000.JPEG
imagenet,n01630670,n01630670/ILSVRC2012_val_00009670.JPEG
imagenet,n01630670,n01630670/ILSVRC2012_val_00011650.JPEG
imagenet,n01630670,n01630670/ILSVRC2012_val_00015274.JPEG
imagenet,n01630670,n01630670/ILSVRC2012_val_00016183.JPEG
imagenet,n01630670,n01630670/ILSVRC2012_val_00016422.JPEG
imagenet,n01630670,n01630670/ILSVRC2012_val_00016695.JPEG
imagenet,n01630670,n01630670/ILSVRC2012_val_00019780.JPEG
imagenet,n01630670,n01630670/ILSVRC2012_val_00020393.JPEG
imagenet,n01630670,n01630670/ILSVRC2012_val_00020696.JPEG
imagenet,n01630670,n01630670/ILSVRC2012_val_00021017.JPEG
imagenet,n01630670,n01630670/ILSVRC2012_val_00021083.JPEG
imagenet,n01630670,n01630670/ILSVRC2012_val_00023488.JPEG
imagenet,n01630670,n01630670/ILSVRC2012_val_00023932.JPEG
imagenet,n01630670,n01630670/ILSVRC2012_val_00026773.JPEG
imagenet,n01630670,n01630670/ILSVRC2012_val_00027269.JPEG
imagenet,n01630670,n01630670/ILSVRC2012_val_00029511.JPEG
imagenet,n01630670,n01630670/ILSVRC2012_val_00029854.JPEG
imagenet,n01630670,n01630670/ILSVRC2012_val_00031919.JPEG
imagenet,n01630670,n01630670/ILSVRC2012_val_00032171.JPEG
imagenet,n01630670,n01630670/ILSVRC2012_val_00032864.JPEG
imagenet,n01630670,n01630670/ILSVRC2012_val_00033261.JPEG
imagenet,n01630670,n01630670/ILSVRC2012_val_00034124.JPEG
imagenet,n01630670,n01630670/ILSVRC2012_val_00038449.JPEG
imagenet,n01630670,n01630670/ILSVRC2012_val_00038742.JPEG
imagenet,n01630670,n01630670/ILSVRC2012_val_00040174.JPEG
imagenet,n01630670,n01630670/ILSVRC2012_val_00043049.JPEG
imagenet,n01630670,n01630670/ILSVRC2012_val_00045101.JPEG
imagenet,n01630670,n01630670/ILSVRC2012_val_00045451.JPEG
imagenet,n01630670,n01630670/ILSVRC2012_val_00046430.JPEG
imagenet,n01630670,n01630670/ILSVRC2012_val_00047713.JPEG
imagenet,n01630670,n01630670/ILSVRC2012_val_00048046.JPEG
imagenet,n01630670,n01630670/ILSVRC2012_val_00048295.JPEG
imagenet,n01630670,n01630670/ILSVRC2012_val_00049350.JPEG
imagenet,n01630670,n01630670/ILSVRC2012_val_00049997.JPEG
imagenet,n01632777,n01632777/ILSVRC2012_val_00000052.JPEG
imagenet,n01632777,n01632777/ILSVRC2012_val_00001138.JPEG
imagenet,n01632777,n01632777/ILSVRC2012_val_00002524.JPEG
imagenet,n01632777,n01632777/ILSVRC2012_val_00003860.JPEG
imagenet,n01632777,n01632777/ILSVRC2012_val_00004084.JPEG
imagenet,n01632777,n01632777/ILSVRC2012_val_00005172.JPEG
imagenet,n01632777,n01632777/ILSVRC2012_val_00006579.JPEG
imagenet,n01632777,n01632777/ILSVRC2012_val_00006694.JPEG
imagenet,n01632777,n01632777/ILSVRC2012_val_00007486.JPEG
imagenet,n01632777,n01632777/ILSVRC2012_val_00008686.JPEG
imagenet,n01632777,n01632777/ILSVRC2012_val_00009946.JPEG
imagenet,n01632777,n01632777/ILSVRC2012_val_00011474.JPEG
imagenet,n01632777,n01632777/ILSVRC2012_val_00013940.JPEG
imagenet,n01632777,n01632777/ILSVRC2012_val_00016441.JPEG
imagenet,n01632777,n01632777/ILSVRC2012_val_00016514.JPEG
imagenet,n01632777,n01632777/ILSVRC2012_val_00017228.JPEG
imagenet,n01632777,n01632777/ILSVRC2012_val_00017274.JPEG
imagenet,n01632777,n01632777/ILSVRC2012_val_00017372.JPEG
imagenet,n01632777,n01632777/ILSVRC2012_val_00017899.JPEG
imagenet,n01632777,n01632777/ILSVRC2012_val_00019710.JPEG
imagenet,n01632777,n01632777/ILSVRC2012_val_00020430.JPEG
imagenet,n01632777,n01632777/ILSVRC2012_val_00020772.JPEG
imagenet,n01632777,n01632777/ILSVRC2012_val_00022113.JPEG
imagenet,n01632777,n01632777/ILSVRC2012_val_00022771.JPEG
imagenet,n01632777,n01632777/ILSVRC2012_val_00022925.JPEG
imagenet,n01632777,n01632777/ILSVRC2012_val_00025348.JPEG
imagenet,n01632777,n01632777/ILSVRC2012_val_00025438.JPEG
imagenet,n01632777,n01632777/ILSVRC2012_val_00027929.JPEG
imagenet,n01632777,n01632777/ILSVRC2012_val_00029500.JPEG
imagenet,n01632777,n01632777/ILSVRC2012_val_00031235.JPEG
imagenet,n01632777,n01632777/ILSVRC2012_val_00031386.JPEG
imagenet,n01632777,n01632777/ILSVRC2012_val_00033412.JPEG
imagenet,n01632777,n01632777/ILSVRC2012_val_00034583.JPEG
imagenet,n01632777,n01632777/ILSVRC2012_val_00035529.JPEG
imagenet,n01632777,n01632777/ILSVRC2012_val_00035654.JPEG
imagenet,n01632777,n01632777/ILSVRC2012_val_00036495.JPEG
imagenet,n01632777,n01632777/ILSVRC2012_val_00037046.JPEG
imagenet,n01632777,n01632777/ILSVRC2012_val_00039922.JPEG
imagenet,n01632777,n01632777/ILSVRC2012_val_00040769.JPEG
imagenet,n01632777,n01632777/ILSVRC2012_val_00040894.JPEG
imagenet,n01632777,n01632777/ILSVRC2012_val_00041298.JPEG
imagenet,n01632777,n01632777/ILSVRC2012_val_00042302.JPEG
imagenet,n01632777,n01632777/ILSVRC2012_val_00044504.JPEG
imagenet,n01632777,n01632777/ILSVRC2012_val_00044893.JPEG
imagenet,n01632777,n01632777/ILSVRC2012_val_00045553.JPEG
imagenet,n01632777,n01632777/ILSVRC2012_val_00045656.JPEG
imagenet,n01632777,n01632777/ILSVRC2012_val_00045924.JPEG
imagenet,n01632777,n01632777/ILSVRC2012_val_00046976.JPEG
imagenet,n01632777,n01632777/ILSVRC2012_val_00047938.JPEG
imagenet,n01632777,n01632777/ILSVRC2012_val_00048148.JPEG
imagenet,n01644373,n01644373/ILSVRC2012_val_00000944.JPEG
imagenet,n01644373,n01644373/ILSVRC2012_val_00001739.JPEG
imagenet,n01644373,n01644373/ILSVRC2012_val_00003621.JPEG
imagenet,n01644373,n01644373/ILSVRC2012_val_00003846.JPEG
imagenet,n01644373,n01644373/ILSVRC2012_val_00003985.JPEG
imagenet,n01644373,n01644373/ILSVRC2012_val_00006987.JPEG
imagenet,n01644373,n01644373/ILSVRC2012_val_00007398.JPEG
imagenet,n01644373,n01644373/ILSVRC2012_val_00007574.JPEG
imagenet,n01644373,n01644373/ILSVRC2012_val_00007977.JPEG
imagenet,n01644373,n01644373/ILSVRC2012_val_00012248.JPEG
imagenet,n01644373,n01644373/ILSVRC2012_val_00012428.JPEG
imagenet,n01644373,n01644373/ILSVRC2012_val_00013201.JPEG
imagenet,n01644373,n01644373/ILSVRC2012_val_00015245.JPEG
imagenet,n01644373,n01644373/ILSVRC2012_val_00016177.JPEG
imagenet,n01644373,n01644373/ILSVRC2012_val_00017138.JPEG
imagenet,n01644373,n01644373/ILSVRC2012_val_00017505.JPEG
imagenet,n01644373,n01644373/ILSVRC2012_val_00017882.JPEG
imagenet,n01644373,n01644373/ILSVRC2012_val_00017989.JPEG
imagenet,n01644373,n01644373/ILSVRC2012_val_00020059.JPEG
imagenet,n01644373,n01644373/ILSVRC2012_val_00020321.JPEG
imagenet,n01644373,n01644373/ILSVRC2012_val_00020943.JPEG
imagenet,n01644373,n01644373/ILSVRC2012_val_00022660.JPEG
imagenet,n01644373,n01644373/ILSVRC2012_val_00023855.JPEG
imagenet,n01644373,n01644373/ILSVRC2012_val_00025717.JPEG
imagenet,n01644373,n01644373/ILSVRC2012_val_00027451.JPEG
imagenet,n01644373,n01644373/ILSVRC2012_val_00028225.JPEG
imagenet,n01644373,n01644373/ILSVRC2012_val_00030352.JPEG
imagenet,n01644373,n01644373/ILSVRC2012_val_00031598.JPEG
imagenet,n01644373,n01644373/ILSVRC2012_val_00032104.JPEG
imagenet,n01644373,n01644373/ILSVRC2012_val_00032917.JPEG
imagenet,n01644373,n01644373/ILSVRC2012_val_00033084.JPEG
imagenet,n01644373,n01644373/ILSVRC2012_val_00033702.JPEG
imagenet,n01644373,n01644373/ILSVRC2012_val_00033838.JPEG
imagenet,n01644373,n01644373/ILSVRC2012_val_00034290.JPEG
imagenet,n01644373,n01644373/ILSVRC2012_val_00034542.JPEG
imagenet,n01644373,n01644373/ILSVRC2012_val_00036065.JPEG
imagenet,n01644373,n01644373/ILSVRC2012_val_00036066.JPEG
imagenet,n01644373,n01644373/ILSVRC2012_val_00036293.JPEG
imagenet,n01644373,n01644373/ILSVRC2012_val_00036850.JPEG
imagenet,n01644373,n01644373/ILSVRC2012_val_00036915.JPEG
imagenet,n01644373,n01644373/ILSVRC2012_val_00038959.JPEG
imagenet,n01644373,n01644373/ILSVRC2012_val_00041279.JPEG
imagenet,n01644373,n01644373/ILSVRC2012_val_00042832.JPEG
imagenet,n01644373,n01644373/ILSVRC2012_val_00043191.JPEG
imagenet,n01644373,n01644373/ILSVRC2012_val_00043303.JPEG
imagenet,n01644373,n01644373/ILSVRC2012_val_00043369.JPEG
imagenet,n01644373,n01644373/ILSVRC2012_val_00043860.JPEG
imagenet,n01644373,n01644373/ILSVRC2012_val_00044855.JPEG
imagenet,n01644373,n01644373/ILSVRC2012_val_00048482.JPEG
imagenet,n01644373,n01644373/ILSVRC2012_val_00048995.JPEG
imagenet,n01677366,n01677366/ILSVRC2012_val_00000153.JPEG
imagenet,n01677366,n01677366/ILSVRC2012_val_00000471.JPEG
imagenet,n01677366,n01677366/ILSVRC2012_val_00000523.JPEG
imagenet,n01677366,n01677366/ILSVRC2012_val_00001802.JPEG
imagenet,n01677366,n01677366/ILSVRC2012_val_00001950.JPEG
imagenet,n01677366,n01677366/ILSVRC2012_val_00003319.JPEG
imagenet,n01677366,n01677366/ILSVRC2012_val_00004201.JPEG
imagenet,n01677366,n01677366/ILSVRC2012_val_00004622.JPEG
imagenet,n01677366,n01677366/ILSVRC2012_val_00005407.JPEG
imagenet,n01677366,n01677366/ILSVRC2012_val_00006717.JPEG
imagenet,n01677366,n01677366/ILSVRC2012_val_00007896.JPEG
imagenet,n01677366,n01677366/ILSVRC2012_val_00009050.JPEG
imagenet,n01677366,n01677366/ILSVRC2012_val_00010171.JPEG
imagenet,n01677366,n01677366/ILSVRC2012_val_00011320.JPEG
imagenet,n01677366,n01677366/ILSVRC2012_val_00011517.JPEG
imagenet,n01677366,n01677366/ILSVRC2012_val_00012156.JPEG
imagenet,n01677366,n01677366/ILSVRC2012_val_00014317.JPEG
imagenet,n01677366,n01677366/ILSVRC2012_val_00016304.JPEG
imagenet,n01677366,n01677366/ILSVRC2012_val_00017948.JPEG
imagenet,n01677366,n01677366/ILSVRC2012_val_00018450.JPEG
imagenet,n01677366,n01677366/ILSVRC2012_val_00018848.JPEG
imagenet,n01677366,n01677366/ILSVRC2012_val_00022257.JPEG
imagenet,n01677366,n01677366/ILSVRC2012_val_00023146.JPEG
imagenet,n01677366,n01677366/ILSVRC2012_val_00023555.JPEG
imagenet,n01677366,n01677366/ILSVRC2012_val_00024801.JPEG
imagenet,n01677366,n01677366/ILSVRC2012_val_00026265.JPEG
imagenet,n01677366,n01677366/ILSVRC2012_val_00027206.JPEG
imagenet,n01677366,n01677366/ILSVRC2012_val_00027750.JPEG
imagenet,n01677366,n01677366/ILSVRC2012_val_00028198.JPEG
imagenet,n01677366,n01677366/ILSVRC2012_val_00028571.JPEG
imagenet,n01677366,n01677366/ILSVRC2012_val_00028764.JPEG
imagenet,n01677366,n01677366/ILSVRC2012_val_00028795.JPEG
imagenet,n01677366,n01677366/ILSVRC2012_val_00031564.JPEG
imagenet,n01677366,n01677366/ILSVRC2012_val_00032513.JPEG
imagenet,n01677366,n01677366/ILSVRC2012_val_00033058.JPEG
imagenet,n01677366,n01677366/ILSVRC2012_val_00033396.JPEG
imagenet,n01677366,n01677366/ILSVRC2012_val_00033698.JPEG
imagenet,n01677366,n01677366/ILSVRC2012_val_00033961.JPEG
imagenet,n01677366,n01677366/ILSVRC2012_val_00035281.JPEG
imagenet,n01677366,n01677366/ILSVRC2012_val_00040532.JPEG
imagenet,n01677366,n01677366/ILSVRC2012_val_00041096.JPEG
imagenet,n01677366,n01677366/ILSVRC2012_val_00041172.JPEG
imagenet,n01677366,n01677366/ILSVRC2012_val_00042698.JPEG
imagenet,n01677366,n01677366/ILSVRC2012_val_00043012.JPEG
imagenet,n01677366,n01677366/ILSVRC2012_val_00044659.JPEG
imagenet,n01677366,n01677366/ILSVRC2012_val_00046346.JPEG
imagenet,n01677366,n01677366/ILSVRC2012_val_00046407.JPEG
imagenet,n01677366,n01677366/ILSVRC2012_val_00046740.JPEG
imagenet,n01677366,n01677366/ILSVRC2012_val_00047184.JPEG
imagenet,n01677366,n01677366/ILSVRC2012_val_00048467.JPEG
imagenet,n01694178,n01694178/ILSVRC2012_val_00001375.JPEG
imagenet,n01694178,n01694178/ILSVRC2012_val_00001623.JPEG
imagenet,n01694178,n01694178/ILSVRC2012_val_00001939.JPEG
imagenet,n01694178,n01694178/ILSVRC2012_val_00002077.JPEG
imagenet,n01694178,n01694178/ILSVRC2012_val_00003070.JPEG
imagenet,n01694178,n01694178/ILSVRC2012_val_00003560.JPEG
imagenet,n01694178,n01694178/ILSVRC2012_val_00004555.JPEG
imagenet,n01694178,n01694178/ILSVRC2012_val_00005078.JPEG
imagenet,n01694178,n01694178/ILSVRC2012_val_00006244.JPEG
imagenet,n01694178,n01694178/ILSVRC2012_val_00007227.JPEG
imagenet,n01694178,n01694178/ILSVRC2012_val_00007701.JPEG
imagenet,n01694178,n01694178/ILSVRC2012_val_00008570.JPEG
imagenet,n01694178,n01694178/ILSVRC2012_val_00008668.JPEG
imagenet,n01694178,n01694178/ILSVRC2012_val_00011262.JPEG
imagenet,n01694178,n01694178/ILSVRC2012_val_00012819.JPEG
imagenet,n01694178,n01694178/ILSVRC2012_val_00015667.JPEG
imagenet,n01694178,n01694178/ILSVRC2012_val_00015831.JPEG
imagenet,n01694178,n01694178/ILSVRC2012_val_00017254.JPEG
imagenet,n01694178,n01694178/ILSVRC2012_val_00017490.JPEG
imagenet,n01694178,n01694178/ILSVRC2012_val_00017680.JPEG
imagenet,n01694178,n01694178/ILSVRC2012_val_00017926.JPEG
imagenet,n01694178,n01694178/ILSVRC2012_val_00018834.JPEG
imagenet,n01694178,n01694178/ILSVRC2012_val_00020044.JPEG
imagenet,n01694178,n01694178/ILSVRC2012_val_00020585.JPEG
imagenet,n01694178,n01694178/ILSVRC2012_val_00021092.JPEG
imagenet,n01694178,n01694178/ILSVRC2012_val_00022997.JPEG
imagenet,n01694178,n01694178/ILSVRC2012_val_00023707.JPEG
imagenet,n01694178,n01694178/ILSVRC2012_val_00025018.JPEG
imagenet,n01694178,n01694178/ILSVRC2012_val_00025511.JPEG
imagenet,n01694178,n01694178/ILSVRC2012_val_00028441.JPEG
imagenet,n01694178,n01694178/ILSVRC2012_val_00029225.JPEG
imagenet,n01694178,n01694178/ILSVRC2012_val_00030035.JPEG
imagenet,n01694178,n01694178/ILSVRC2012_val_00030990.JPEG
imagenet,n01694178,n01694178/ILSVRC2012_val_00031967.JPEG
imagenet,n01694178,n01694178/ILSVRC2012_val_00032267.JPEG
imagenet,n01694178,n01694178/ILSVRC2012_val_00032934.JPEG
imagenet,n01694178,n01694178/ILSVRC2012_val_00034600.JPEG
imagenet,n01694178,n01694178/ILSVRC2012_val_00034666.JPEG
imagenet,n01694178,n01694178/ILSVRC2012_val_00037261.JPEG
imagenet,n01694178,n01694178/ILSVRC2012_val_00038162.JPEG
imagenet,n01694178,n01694178/ILSVRC2012_val_00038375.JPEG
imagenet,n01694178,n01694178/ILSVRC2012_val_00038478.JPEG
imagenet,n01694178,n01694178/ILSVRC2012_val_00039106.JPEG
imagenet,n01694178,n01694178/ILSVRC2012_val_00039479.JPEG
imagenet,n01694178,n01694178/ILSVRC2012_val_00040104.JPEG
imagenet,n01694178,n01694178/ILSVRC2012_val_00043043.JPEG
imagenet,n01694178,n01694178/ILSVRC2012_val_00046085.JPEG
imagenet,n01694178,n01694178/ILSVRC2012_val_00046882.JPEG
imagenet,n01694178,n01694178/ILSVRC2012_val_00047203.JPEG
imagenet,n01694178,n01694178/ILSVRC2012_val_00048675.JPEG
imagenet,n01748264,n01748264/ILSVRC2012_val_00003143.JPEG
imagenet,n01748264,n01748264/ILSVRC2012_val_00003928.JPEG
imagenet,n01748264,n01748264/ILSVRC2012_val_00005033.JPEG
imagenet,n01748264,n01748264/ILSVRC2012_val_00006426.JPEG
imagenet,n01748264,n01748264/ILSVRC2012_val_00006800.JPEG
imagenet,n01748264,n01748264/ILSVRC2012_val_00010194.JPEG
imagenet,n01748264,n01748264/ILSVRC2012_val_00012109.JPEG
imagenet,n01748264,n01748264/ILSVRC2012_val_00013245.JPEG
imagenet,n01748264,n01748264/ILSVRC2012_val_00013725.JPEG
imagenet,n01748264,n01748264/ILSVRC2012_val_00013858.JPEG
imagenet,n01748264,n01748264/ILSVRC2012_val_00014181.JPEG
imagenet,n01748264,n01748264/ILSVRC2012_val_00014457.JPEG
imagenet,n01748264,n01748264/ILSVRC2012_val_00014598.JPEG
imagenet,n01748264,n01748264/ILSVRC2012_val_00014620.JPEG
imagenet,n01748264,n01748264/ILSVRC2012_val_00015596.JPEG
imagenet,n01748264,n01748264/ILSVRC2012_val_00015801.JPEG
imagenet,n01748264,n01748264/ILSVRC2012_val_00017753.JPEG
imagenet,n01748264,n01748264/ILSVRC2012_val_00020161.JPEG
imagenet,n01748264,n01748264/ILSVRC2012_val_00021130.JPEG
imagenet,n01748264,n01748264/ILSVRC2012_val_00021215.JPEG
imagenet,n01748264,n01748264/ILSVRC2012_val_00021680.JPEG
imagenet,n01748264,n01748264/ILSVRC2012_val_00022408.JPEG
imagenet,n01748264,n01748264/ILSVRC2012_val_00022819.JPEG
imagenet,n01748264,n01748264/ILSVRC2012_val_00022956.JPEG
imagenet,n01748264,n01748264/ILSVRC2012_val_00023373.JPEG
imagenet,n01748264,n01748264/ILSVRC2012_val_00024541.JPEG
imagenet,n01748264,n01748264/ILSVRC2012_val_00024969.JPEG
imagenet,n01748264,n01748264/ILSVRC2012_val_00025738.JPEG
imagenet,n01748264,n01748264/ILSVRC2012_val_00027824.JPEG
imagenet,n01748264,n01748264/ILSVRC2012_val_00028813.JPEG
imagenet,n01748264,n01748264/ILSVRC2012_val_00029130.JPEG
imagenet,n01748264,n01748264/ILSVRC2012_val_00030303.JPEG
imagenet,n01748264,n01748264/ILSVRC2012_val_00030306.JPEG
imagenet,n01748264,n01748264/ILSVRC2012_val_00031569.JPEG
imagenet,n01748264,n01748264/ILSVRC2012_val_00034174.JPEG
imagenet,n01748264,n01748264/ILSVRC2012_val_00035472.JPEG
imagenet,n01748264,n01748264/ILSVRC2012_val_00035736.JPEG
imagenet,n01748264,n01748264/ILSVRC2012_val_00035976.JPEG
imagenet,n01748264,n01748264/ILSVRC2012_val_00036217.JPEG
imagenet,n01748264,n01748264/ILSVRC2012_val_00038480.JPEG
imagenet,n01748264,n01748264/ILSVRC2012_val_00038671.JPEG
imagenet,n01748264,n01748264/ILSVRC2012_val_00041216.JPEG
imagenet,n01748264,n01748264/ILSVRC2012_val_00042109.JPEG
imagenet,n01748264,n01748264/ILSVRC2012_val_00042111.JPEG
imagenet,n01748264,n01748264/ILSVRC2012_val_00045019.JPEG
imagenet,n01748264,n01748264/ILSVRC2012_val_00045953.JPEG
imagenet,n01748264,n01748264/ILSVRC2012_val_00046018.JPEG
imagenet,n01748264,n01748264/ILSVRC2012_val_00046944.JPEG
imagenet,n01748264,n01748264/ILSVRC2012_val_00049448.JPEG
imagenet,n01748264,n01748264/ILSVRC2012_val_00049823.JPEG
imagenet,n01770393,n01770393/ILSVRC2012_val_00001007.JPEG
imagenet,n01770393,n01770393/ILSVRC2012_val_00001887.JPEG
imagenet,n01770393,n01770393/ILSVRC2012_val_00003023.JPEG
imagenet,n01770393,n01770393/ILSVRC2012_val_00005821.JPEG
imagenet,n01770393,n01770393/ILSVRC2012_val_00007925.JPEG
imagenet,n01770393,n01770393/ILSVRC2012_val_00009232.JPEG
imagenet,n01770393,n01770393/ILSVRC2012_val_00010152.JPEG
imagenet,n01770393,n01770393/ILSVRC2012_val_00011236.JPEG
imagenet,n01770393,n01770393/ILSVRC2012_val_00011287.JPEG
imagenet,n01770393,n01770393/ILSVRC2012_val_00012429.JPEG
imagenet,n01770393,n01770393/ILSVRC2012_val_00014120.JPEG
imagenet,n01770393,n01770393/ILSVRC2012_val_00014126.JPEG
imagenet,n01770393,n01770393/ILSVRC2012_val_00015757.JPEG
imagenet,n01770393,n01770393/ILSVRC2012_val_00015957.JPEG
imagenet,n01770393,n01770393/ILSVRC2012_val_00016030.JPEG
imagenet,n01770393,n01770393/ILSVRC2012_val_00018807.JPEG
imagenet,n01770393,n01770393/ILSVRC2012_val_00020507.JPEG
imagenet,n01770393,n01770393/ILSVRC2012_val_00022157.JPEG
imagenet,n01770393,n01770393/ILSVRC2012_val_00022360.JPEG
imagenet,n01770393,n01770393/ILSVRC2012_val_00024597.JPEG
imagenet,n01770393,n01770393/ILSVRC2012_val_00027026.JPEG
imagenet,n01770393,n01770393/ILSVRC2012_val_00027224.JPEG
imagenet,n01770393,n01770393/ILSVRC2012_val_00027361.JPEG
imagenet,n01770393,n01770393/ILSVRC2012_val_00027439.JPEG
imagenet,n01770393,n01770393/ILSVRC2012_val_00027767.JPEG
imagenet,n01770393,n01770393/ILSVRC2012_val_00027788.JPEG
imagenet,n01770393,n01770393/ILSVRC2012_val_00028434.JPEG
imagenet,n01770393,n01770393/ILSVRC2012_val_00028814.JPEG
imagenet,n01770393,n01770393/ILSVRC2012_val_00029177.JPEG
imagenet,n01770393,n01770393/ILSVRC2012_val_00030311.JPEG
imagenet,n01770393,n01770393/ILSVRC2012_val_00031020.JPEG
imagenet,n01770393,n01770393/ILSVRC2012_val_00031540.JPEG
imagenet,n01770393,n01770393/ILSVRC2012_val_00031684.JPEG
imagenet,n01770393,n01770393/ILSVRC2012_val_00031977.JPEG
imagenet,n01770393,n01770393/ILSVRC2012_val_00032266.JPEG
imagenet,n01770393,n01770393/ILSVRC2012_val_00032471.JPEG
imagenet,n01770393,n01770393/ILSVRC2012_val_00032644.JPEG
imagenet,n01770393,n01770393/ILSVRC2012_val_00032992.JPEG
imagenet,n01770393,n01770393/ILSVRC2012_val_00033658.JPEG
imagenet,n01770393,n01770393/ILSVRC2012_val_00035005.JPEG
imagenet,n01770393,n01770393/ILSVRC2012_val_00042047.JPEG
imagenet,n01770393,n01770393/ILSVRC2012_val_00042281.JPEG
imagenet,n01770393,n01770393/ILSVRC2012_val_00043159.JPEG
imagenet,n01770393,n01770393/ILSVRC2012_val_00043197.JPEG
imagenet,n01770393,n01770393/ILSVRC2012_val_00043348.JPEG
imagenet,n01770393,n01770393/ILSVRC2012_val_00043619.JPEG
imagenet,n01770393,n01770393/ILSVRC2012_val_00046299.JPEG
imagenet,n01770393,n01770393/ILSVRC2012_val_00047434.JPEG
imagenet,n01770393,n01770393/ILSVRC2012_val_00047609.JPEG
imagenet,n01770393,n01770393/ILSVRC2012_val_00048800.JPEG
imagenet,n01774750,n01774750/ILSVRC2012_val_00000396.JPEG
imagenet,n01774750,n01774750/ILSVRC2012_val_00000934.JPEG
imagenet,n01774750,n01774750/ILSVRC2012_val_00001460.JPEG
imagenet,n01774750,n01774750/ILSVRC2012_val_00002855.JPEG
imagenet,n01774750,n01774750/ILSVRC2012_val_00003320.JPEG
imagenet,n01774750,n01774750/ILSVRC2012_val_00003838.JPEG
imagenet,n01774750,n01774750/ILSVRC2012_val_00005208.JPEG
imagenet,n01774750,n01774750/ILSVRC2012_val_00005326.JPEG
imagenet,n01774750,n01774750/ILSVRC2012_val_00006549.JPEG
imagenet,n01774750,n01774750/ILSVRC2012_val_00007601.JPEG
imagenet,n01774750,n01774750/ILSVRC2012_val_00007951.JPEG
imagenet,n01774750,n01774750/ILSVRC2012_val_00009462.JPEG
imagenet,n01774750,n01774750/ILSVRC2012_val_00010503.JPEG
imagenet,n01774750,n01774750/ILSVRC2012_val_00011712.JPEG
imagenet,n01774750,n01774750/ILSVRC2012_val_00014302.JPEG
imagenet,n01774750,n01774750/ILSVRC2012_val_00015579.JPEG
imagenet,n01774750,n01774750/ILSVRC2012_val_00015999.JPEG
imagenet,n01774750,n01774750/ILSVRC2012_val_00017541.JPEG
imagenet,n01774750,n01774750/ILSVRC2012_val_00018169.JPEG
imagenet,n01774750,n01774750/ILSVRC2012_val_00023425.JPEG
imagenet,n01774750,n01774750/ILSVRC2012_val_00024109.JPEG
imagenet,n01774750,n01774750/ILSVRC2012_val_00026492.JPEG
imagenet,n01774750,n01774750/ILSVRC2012_val_00028317.JPEG
imagenet,n01774750,n01774750/ILSVRC2012_val_00028614.JPEG
imagenet,n01774750,n01774750/ILSVRC2012_val_00029048.JPEG
imagenet,n01774750,n01774750/ILSVRC2012_val_00029147.JPEG
imagenet,n01774750,n01774750/ILSVRC2012_val_00030405.JPEG
imagenet,n01774750,n01774750/ILSVRC2012_val_00032091.JPEG
imagenet,n01774750,n01774750/ILSVRC2012_val_00032440.JPEG
imagenet,n01774750,n01774750/ILSVRC2012_val_00033930.JPEG
imagenet,n01774750,n01774750/ILSVRC2012_val_00034373.JPEG
imagenet,n01774750,n01774750/ILSVRC2012_val_00034406.JPEG
imagenet,n01774750,n01774750/ILSVRC2012_val_00035080.JPEG
imagenet,n01774750,n01774750/ILSVRC2012_val_00035994.JPEG
imagenet,n01774750,n01774750/ILSVRC2012_val_00036506.JPEG
imagenet,n01774750,n01774750/ILSVRC2012_val_00037576.JPEG
imagenet,n01774750,n01774750/ILSVRC2012_val_00037717.JPEG
imagenet,n01774750,n01774750/ILSVRC2012_val_00039241.JPEG
imagenet,n01774750,n01774750/ILSVRC2012_val_00040775.JPEG
imagenet,n01774750,n01774750/ILSVRC2012_val_00041311.JPEG
imagenet,n01774750,n01774750/ILSVRC2012_val_00042346.JPEG
imagenet,n01774750,n01774750/ILSVRC2012_val_00042831.JPEG
imagenet,n01774750,n01774750/ILSVRC2012_val_00043172.JPEG
imagenet,n01774750,n01774750/ILSVRC2012_val_00044170.JPEG
imagenet,n01774750,n01774750/ILSVRC2012_val_00045733.JPEG
imagenet,n01774750,n01774750/ILSVRC2012_val_00047574.JPEG
imagenet,n01774750,n01774750/ILSVRC2012_val_00047854.JPEG
imagenet,n01774750,n01774750/ILSVRC2012_val_00048306.JPEG
imagenet,n01774750,n01774750/ILSVRC2012_val_00048505.JPEG
imagenet,n01774750,n01774750/ILSVRC2012_val_00049466.JPEG
imagenet,n01784675,n01784675/ILSVRC2012_val_00003981.JPEG
imagenet,n01784675,n01784675/ILSVRC2012_val_00004136.JPEG
imagenet,n01784675,n01784675/ILSVRC2012_val_00004841.JPEG
imagenet,n01784675,n01784675/ILSVRC2012_val_00005072.JPEG
imagenet,n01784675,n01784675/ILSVRC2012_val_00005536.JPEG
imagenet,n01784675,n01784675/ILSVRC2012_val_00009716.JPEG
imagenet,n01784675,n01784675/ILSVRC2012_val_00010906.JPEG
imagenet,n01784675,n01784675/ILSVRC2012_val_00011629.JPEG
imagenet,n01784675,n01784675/ILSVRC2012_val_00011704.JPEG
imagenet,n01784675,n01784675/ILSVRC2012_val_00011861.JPEG
imagenet,n01784675,n01784675/ILSVRC2012_val_00013388.JPEG
imagenet,n01784675,n01784675/ILSVRC2012_val_00014417.JPEG
imagenet,n01784675,n01784675/ILSVRC2012_val_00014858.JPEG
imagenet,n01784675,n01784675/ILSVRC2012_val_00014978.JPEG
imagenet,n01784675,n01784675/ILSVRC2012_val_00015641.JPEG
imagenet,n01784675,n01784675/ILSVRC2012_val_00016866.JPEG
imagenet,n01784675,n01784675/ILSVRC2012_val_00016872.JPEG
imagenet,n01784675,n01784675/ILSVRC2012_val_00017806.JPEG
imagenet,n01784675,n01784675/ILSVRC2012_val_00018119.JPEG
imagenet,n01784675,n01784675/ILSVRC2012_val_00019211.JPEG
imagenet,n01784675,n01784675/ILSVRC2012_val_00020046.JPEG
imagenet,n01784675,n01784675/ILSVRC2012_val_00020456.JPEG
imagenet,n01784675,n01784675/ILSVRC2012_val_00020950.JPEG
imagenet,n01784675,n01784675/ILSVRC2012_val_00021705.JPEG
imagenet,n01784675,n01784675/ILSVRC2012_val_00022081.JPEG
imagenet,n01784675,n01784675/ILSVRC2012_val_00023052.JPEG
imagenet,n01784675,n01784675/ILSVRC2012_val_00023431.JPEG
imagenet,n01784675,n01784675/ILSVRC2012_val_00023476.JPEG
imagenet,n01784675,n01784675/ILSVRC2012_val_00025287.JPEG
imagenet,n01784675,n01784675/ILSVRC2012_val_00027076.JPEG
imagenet,n01784675,n01784675/ILSVRC2012_val_00028449.JPEG
imagenet,n01784675,n01784675/ILSVRC2012_val_00028689.JPEG
imagenet,n01784675,n01784675/ILSVRC2012_val_00030825.JPEG
imagenet,n01784675,n01784675/ILSVRC2012_val_00032970.JPEG
imagenet,n01784675,n01784675/ILSVRC2012_val_00033423.JPEG
imagenet,n01784675,n01784675/ILSVRC2012_val_00034289.JPEG
imagenet,n01784675,n01784675/ILSVRC2012_val_00035667.JPEG
imagenet,n01784675,n01784675/ILSVRC2012_val_00036077.JPEG
imagenet,n01784675,n01784675/ILSVRC2012_val_00038504.JPEG
imagenet,n01784675,n01784675/ILSVRC2012_val_00038833.JPEG
imagenet,n01784675,n01784675/ILSVRC2012_val_00039488.JPEG
imagenet,n01784675,n01784675/ILSVRC2012_val_00039704.JPEG
imagenet,n01784675,n01784675/ILSVRC2012_val_00040763.JPEG
imagenet,n01784675,n01784675/ILSVRC2012_val_00042932.JPEG
imagenet,n01784675,n01784675/ILSVRC2012_val_00044649.JPEG
imagenet,n01784675,n01784675/ILSVRC2012_val_00046006.JPEG
imagenet,n01784675,n01784675/ILSVRC2012_val_00046086.JPEG
imagenet,n01784675,n01784675/ILSVRC2012_val_00047031.JPEG
imagenet,n01784675,n01784675/ILSVRC2012_val_00047329.JPEG
imagenet,n01784675,n01784675/ILSVRC2012_val_00047338.JPEG
imagenet,n01806143,n01806143/ILSVRC2012_val_00001146.JPEG
imagenet,n01806143,n01806143/ILSVRC2012_val_00002177.JPEG
imagenet,n01806143,n01806143/ILSVRC2012_val_00002383.JPEG
imagenet,n01806143,n01806143/ILSVRC2012_val_00003588.JPEG
imagenet,n01806143,n01806143/ILSVRC2012_val_00005599.JPEG
imagenet,n01806143,n01806143/ILSVRC2012_val_00005751.JPEG
imagenet,n01806143,n01806143/ILSVRC2012_val_00008186.JPEG
imagenet,n01806143,n01806143/ILSVRC2012_val_00008245.JPEG
imagenet,n01806143,n01806143/ILSVRC2012_val_00011943.JPEG
imagenet,n01806143,n01806143/ILSVRC2012_val_00012122.JPEG
imagenet,n01806143,n01806143/ILSVRC2012_val_00013378.JPEG
imagenet,n01806143,n01806143/ILSVRC2012_val_00014023.JPEG
imagenet,n01806143,n01806143/ILSVRC2012_val_00014890.JPEG
imagenet,n01806143,n01806143/ILSVRC2012_val_00017068.JPEG
imagenet,n01806143,n01806143/ILSVRC2012_val_00020915.JPEG
imagenet,n01806143,n01806143/ILSVRC2012_val_00021345.JPEG
imagenet,n01806143,n01806143/ILSVRC2012_val_00022422.JPEG
imagenet,n01806143,n01806143/ILSVRC2012_val_00022767.JPEG
imagenet,n01806143,n01806143/ILSVRC2012_val_00023973.JPEG
imagenet,n01806143,n01806143/ILSVRC2012_val_00024040.JPEG
imagenet,n01806143,n01806143/ILSVRC2012_val_00024438.JPEG
imagenet,n01806143,n01806143/ILSVRC2012_val_00025543.JPEG
imagenet,n01806143,n01806143/ILSVRC2012_val_00027047.JPEG
imagenet,n01806143,n01806143/ILSVRC2012_val_00028159.JPEG
imagenet,n01806143,n01806143/ILSVRC2012_val_00028208.JPEG
imagenet,n01806143,n01806143/ILSVRC2012_val_00028548.JPEG
imagenet,n01806143,n01806143/ILSVRC2012_val_00028656.JPEG
imagenet,n01806143,n01806143/ILSVRC2012_val_00030028.JPEG
imagenet,n01806143,n01806143/ILSVRC2012_val_00032072.JPEG
imagenet,n01806143,n01806143/ILSVRC2012_val_00033059.JPEG
imagenet,n01806143,n01806143/ILSVRC2012_val_00033147.JPEG
imagenet,n01806143,n01806143/ILSVRC2012_val_00035287.JPEG
imagenet,n01806143,n01806143/ILSVRC2012_val_00035974.JPEG
imagenet,n01806143,n01806143/ILSVRC2012_val_00037524.JPEG
imagenet,n01806143,n01806143/ILSVRC2012_val_00037892.JPEG
imagenet,n01806143,n01806143/ILSVRC2012_val_00038324.JPEG
imagenet,n01806143,n01806143/ILSVRC2012_val_00039299.JPEG
imagenet,n01806143,n01806143/ILSVRC2012_val_00040701.JPEG
imagenet,n01806143,n01806143/ILSVRC2012_val_00040811.JPEG
imagenet,n01806143,n01806143/ILSVRC2012_val_00041845.JPEG
imagenet,n01806143,n01806143/ILSVRC2012_val_00041983.JPEG
imagenet,n01806143,n01806143/ILSVRC2012_val_00042998.JPEG
imagenet,n01806143,n01806143/ILSVRC2012_val_00043483.JPEG
imagenet,n01806143,n01806143/ILSVRC2012_val_00043808.JPEG
imagenet,n01806143,n01806143/ILSVRC2012_val_00044216.JPEG
imagenet,n01806143,n01806143/ILSVRC2012_val_00046380.JPEG
imagenet,n01806143,n01806143/ILSVRC2012_val_00046958.JPEG
imagenet,n01806143,n01806143/ILSVRC2012_val_00048700.JPEG
imagenet,n01806143,n01806143/ILSVRC2012_val_00049584.JPEG
imagenet,n01806143,n01806143/ILSVRC2012_val_00049665.JPEG
imagenet,n01820546,n01820546/ILSVRC2012_val_00001749.JPEG
imagenet,n01820546,n01820546/ILSVRC2012_val_00003884.JPEG
imagenet,n01820546,n01820546/ILSVRC2012_val_00005800.JPEG
imagenet,n01820546,n01820546/ILSVRC2012_val_00005925.JPEG
imagenet,n01820546,n01820546/ILSVRC2012_val_00006715.JPEG
imagenet,n01820546,n01820546/ILSVRC2012_val_00007778.JPEG
imagenet,n01820546,n01820546/ILSVRC2012_val_00010258.JPEG
imagenet,n01820546,n01820546/ILSVRC2012_val_00011190.JPEG
imagenet,n01820546,n01820546/ILSVRC2012_val_00012190.JPEG
imagenet,n01820546,n01820546/ILSVRC2012_val_00012314.JPEG
imagenet,n01820546,n01820546/ILSVRC2012_val_00013739.JPEG
imagenet,n01820546,n01820546/ILSVRC2012_val_00015713.JPEG
imagenet,n01820546,n01820546/ILSVRC2012_val_00017939.JPEG
imagenet,n01820546,n01820546/ILSVRC2012_val_00018036.JPEG
imagenet,n01820546,n01820546/ILSVRC2012_val_00018195.JPEG
imagenet,n01820546,n01820546/ILSVRC2012_val_00019716.JPEG
imagenet,n01820546,n01820546/ILSVRC2012_val_00020109.JPEG
imagenet,n01820546,n01820546/ILSVRC2012_val_00020552.JPEG
imagenet,n01820546,n01820546/ILSVRC2012_val_00020744.JPEG
imagenet,n01820546,n01820546/ILSVRC2012_val_00021278.JPEG
imagenet,n01820546,n01820546/ILSVRC2012_val_00022148.JPEG
imagenet,n01820546,n01820546/ILSVRC2012_val_00023844.JPEG
imagenet,n01820546,n01820546/ILSVRC2012_val_00024121.JPEG
imagenet,n01820546,n01820546/ILSVRC2012_val_00024467.JPEG
imagenet,n01820546,n01820546/ILSVRC2012_val_00025979.JPEG
imagenet,n01820546,n01820546/ILSVRC2012_val_00026084.JPEG
imagenet,n01820546,n01820546/ILSVRC2012_val_00026488.JPEG
imagenet,n01820546,n01820546/ILSVRC2012_val_00027008.JPEG
imagenet,n01820546,n01820546/ILSVRC2012_val_00028522.JPEG
imagenet,n01820546,n01820546/ILSVRC2012_val_00028570.JPEG
imagenet,n01820546,n01820546/ILSVRC2012_val_00029654.JPEG
imagenet,n01820546,n01820546/ILSVRC2012_val_00030391.JPEG
imagenet,n01820546,n01820546/ILSVRC2012_val_00033340.JPEG
imagenet,n01820546,n01820546/ILSVRC2012_val_00034784.JPEG
imagenet,n01820546,n01820546/ILSVRC2012_val_00036652.JPEG
imagenet,n01820546,n01820546/ILSVRC2012_val_00037145.JPEG
imagenet,n01820546,n01820546/ILSVRC2012_val_00037672.JPEG
imagenet,n01820546,n01820546/ILSVRC2012_val_00038426.JPEG
imagenet,n01820546,n01820546/ILSVRC2012_val_00038664.JPEG
imagenet,n01820546,n01820546/ILSVRC2012_val_00042679.JPEG
imagenet,n01820546,n01820546/ILSVRC2012_val_00043415.JPEG
imagenet,n01820546,n01820546/ILSVRC2012_val_00043649.JPEG
imagenet,n01820546,n01820546/ILSVRC2012_val_00044082.JPEG
imagenet,n01820546,n01820546/ILSVRC2012_val_00044440.JPEG
imagenet,n01820546,n01820546/ILSVRC2012_val_00045007.JPEG
imagenet,n01820546,n01820546/ILSVRC2012_val_00045263.JPEG
imagenet,n01820546,n01820546/ILSVRC2012_val_00045836.JPEG
imagenet,n01820546,n01820546/ILSVRC2012_val_00046356.JPEG
imagenet,n01820546,n01820546/ILSVRC2012_val_00047491.JPEG
imagenet,n01820546,n01820546/ILSVRC2012_val_00047497.JPEG
imagenet,n01833805,n01833805/ILSVRC2012_val_00002974.JPEG
imagenet,n01833805,n01833805/ILSVRC2012_val_00003064.JPEG
imagenet,n01833805,n01833805/ILSVRC2012_val_00003259.JPEG
imagenet,n01833805,n01833805/ILSVRC2012_val_00004234.JPEG
imagenet,n01833805,n01833805/ILSVRC2012_val_00005150.JPEG
imagenet,n01833805,n01833805/ILSVRC2012_val_00005779.JPEG
imagenet,n01833805,n01833805/ILSVRC2012_val_00005873.JPEG
imagenet,n01833805,n01833805/ILSVRC2012_val_00007390.JPEG
imagenet,n01833805,n01833805/ILSVRC2012_val_00010570.JPEG
imagenet,n01833805,n01833805/ILSVRC2012_val_00011894.JPEG
imagenet,n01833805,n01833805/ILSVRC2012_val_00013085.JPEG
imagenet,n01833805,n01833805/ILSVRC2012_val_00013434.JPEG
imagenet,n01833805,n01833805/ILSVRC2012_val_00013610.JPEG
imagenet,n01833805,n01833805/ILSVRC2012_val_00015665.JPEG
imagenet,n01833805,n01833805/ILSVRC2012_val_00015854.JPEG
imagenet,n01833805,n01833805/ILSVRC2012_val_00016325.JPEG
imagenet,n01833805,n01833805/ILSVRC2012_val_00016623.JPEG
imagenet,n01833805,n01833805/ILSVRC2012_val_00016746.JPEG
imagenet,n01833805,n01833805/ILSVRC2012_val_00017251.JPEG
imagenet,n01833805,n01833805/ILSVRC2012_val_00020443.JPEG
imagenet,n01833805,n01833805/ILSVRC2012_val_00021281.JPEG
imagenet,n01833805,n01833805/ILSVRC2012_val_00023796.JPEG
imagenet,n01833805,n01833805/ILSVRC2012_val_00024336.JPEG
imagenet,n01833805,n01833805/ILSVRC2012_val_00025449.JPEG
imagenet,n01833805,n01833805/ILSVRC2012_val_00025928.JPEG
imagenet,n01833805,n01833805/ILSVRC2012_val_00026090.JPEG
imagenet,n01833805,n01833805/ILSVRC2012_val_00027986.JPEG
imagenet,n01833805,n01833805/ILSVRC2012_val_00028801.JPEG
imagenet,n01833805,n01833805/ILSVRC2012_val_00029356.JPEG
imagenet,n01833805,n01833805/ILSVRC2012_val_00029571.JPEG
imagenet,n01833805,n01833805/ILSVRC2012_val_00030278.JPEG
imagenet,n01833805,n01833805/ILSVRC2012_val_00030431.JPEG
imagenet,n01833805,n01833805/ILSVRC2012_val_00032159.JPEG
imagenet,n01833805,n01833805/ILSVRC2012_val_00032985.JPEG
imagenet,n01833805,n01833805/ILSVRC2012_val_00033186.JPEG
imagenet,n01833805,n01833805/ILSVRC2012_val_00033829.JPEG
imagenet,n01833805,n01833805/ILSVRC2012_val_00035726.JPEG
imagenet,n01833805,n01833805/ILSVRC2012_val_00037002.JPEG
imagenet,n01833805,n01833805/ILSVRC2012_val_00037397.JPEG
imagenet,n01833805,n01833805/ILSVRC2012_val_00037471.JPEG
imagenet,n01833805,n01833805/ILSVRC2012_val_00038443.JPEG
imagenet,n01833805,n01833805/ILSVRC2012_val_00038563.JPEG
imagenet,n01833805,n01833805/ILSVRC2012_val_00041200.JPEG
imagenet,n01833805,n01833805/ILSVRC2012_val_00041498.JPEG
imagenet,n01833805,n01833805/ILSVRC2012_val_00043465.JPEG
imagenet,n01833805,n01833805/ILSVRC2012_val_00044011.JPEG
imagenet,n01833805,n01833805/ILSVRC2012_val_00048347.JPEG
imagenet,n01833805,n01833805/ILSVRC2012_val_00048749.JPEG
imagenet,n01833805,n01833805/ILSVRC2012_val_00048838.JPEG
imagenet,n01833805,n01833805/ILSVRC2012_val_00049966.JPEG
imagenet,n01843383,n01843383/ILSVRC2012_val_00000952.JPEG
imagenet,n01843383,n01843383/ILSVRC2012_val_00001158.JPEG
imagenet,n01843383,n01843383/ILSVRC2012_val_00003271.JPEG
imagenet,n01843383,n01843383/ILSVRC2012_val_00005901.JPEG
imagenet,n01843383,n01843383/ILSVRC2012_val_00006460.JPEG
imagenet,n01843383,n01843383/ILSVRC2012_val_00008549.JPEG
imagenet,n01843383,n01843383/ILSVRC2012_val_00009145.JPEG
imagenet,n01843383,n01843383/ILSVRC2012_val_00009974.JPEG
imagenet,n01843383,n01843383/ILSVRC2012_val_00011011.JPEG
imagenet,n01843383,n01843383/ILSVRC2012_val_00011375.JPEG
imagenet,n01843383,n01843383/ILSVRC2012_val_00012601.JPEG
imagenet,n01843383,n01843383/ILSVRC2012_val_00014068.JPEG
imagenet,n01843383,n01843383/ILSVRC2012_val_00015298.JPEG
imagenet,n01843383,n01843383/ILSVRC2012_val_00015673.JPEG
imagenet,n01843383,n01843383/ILSVRC2012_val_00018463.JPEG
imagenet,n01843383,n01843383/ILSVRC2012_val_00018780.JPEG
imagenet,n01843383,n01843383/ILSVRC2012_val_00019884.JPEG
imagenet,n01843383,n01843383/ILSVRC2012_val_00020749.JPEG
imagenet,n01843383,n01843383/ILSVRC2012_val_00020909.JPEG
imagenet,n01843383,n01843383/ILSVRC2012_val_00023371.JPEG
imagenet,n01843383,n01843383/ILSVRC2012_val_00023390.JPEG
imagenet,n01843383,n01843383/ILSVRC2012_val_00024063.JPEG
imagenet,n01843383,n01843383/ILSVRC2012_val_00024423.JPEG
imagenet,n01843383,n01843383/ILSVRC2012_val_00024525.JPEG
imagenet,n01843383,n01843383/ILSVRC2012_val_00024848.JPEG
imagenet,n01843383,n01843383/ILSVRC2012_val_00025371.JPEG
imagenet,n01843383,n01843383/ILSVRC2012_val_00025631.JPEG
imagenet,n01843383,n01843383/ILSVRC2012_val_00025785.JPEG
imagenet,n01843383,n01843383/ILSVRC2012_val_00027602.JPEG
imagenet,n01843383,n01843383/ILSVRC2012_val_00029589.JPEG
imagenet,n01843383,n01843383/ILSVRC2012_val_00029948.JPEG
imagenet,n01843383,n01843383/ILSVRC2012_val_00030000.JPEG
imagenet,n01843383,n01843383/ILSVRC2012_val_00030629.JPEG
imagenet,n01843383,n01843383/ILSVRC2012_val_00030702.JPEG
imagenet,n01843383,n01843383/ILSVRC2012_val_00031298.JPEG
imagenet,n01843383,n01843383/ILSVRC2012_val_00032122.JPEG
imagenet,n01843383,n01843383/ILSVRC2012_val_00032158.JPEG
imagenet,n01843383,n01843383/ILSVRC2012_val_00032492.JPEG
imagenet,n01843383,n01843383/ILSVRC2012_val_00034194.JPEG
imagenet,n01843383,n01843383/ILSVRC2012_val_00035274.JPEG
imagenet,n01843383,n01843383/ILSVRC2012_val_00036354.JPEG
imagenet,n01843383,n01843383/ILSVRC2012_val_00037244.JPEG
imagenet,n01843383,n01843383/ILSVRC2012_val_00038685.JPEG
imagenet,n01843383,n01843383/ILSVRC2012_val_00040051.JPEG
imagenet,n01843383,n01843383/ILSVRC2012_val_00043509.JPEG
imagenet,n01843383,n01843383/ILSVRC2012_val_00046438.JPEG
imagenet,n01843383,n01843383/ILSVRC2012_val_00046755.JPEG
imagenet,n01843383,n01843383/ILSVRC2012_val_00048203.JPEG
imagenet,n01843383,n01843383/ILSVRC2012_val_00049093.JPEG
imagenet,n01843383,n01843383/ILSVRC2012_val_00049553.JPEG
imagenet,n01847000,n01847000/ILSVRC2012_val_00000415.JPEG
imagenet,n01847000,n01847000/ILSVRC2012_val_00000744.JPEG
imagenet,n01847000,n01847000/ILSVRC2012_val_00001357.JPEG
imagenet,n01847000,n01847000/ILSVRC2012_val_00003828.JPEG
imagenet,n01847000,n01847000/ILSVRC2012_val_00003957.JPEG
imagenet,n01847000,n01847000/ILSVRC2012_val_00006399.JPEG
imagenet,n01847000,n01847000/ILSVRC2012_val_00010388.JPEG
imagenet,n01847000,n01847000/ILSVRC2012_val_00011584.JPEG
imagenet,n01847000,n01847000/ILSVRC2012_val_00011778.JPEG
imagenet,n01847000,n01847000/ILSVRC2012_val_00012721.JPEG
imagenet,n01847000,n01847000/ILSVRC2012_val_00014416.JPEG
imagenet,n01847000,n01847000/ILSVRC2012_val_00015291.JPEG
imagenet,n01847000,n01847000/ILSVRC2012_val_00016631.JPEG
imagenet,n01847000,n01847000/ILSVRC2012_val_00017887.JPEG
imagenet,n01847000,n01847000/ILSVRC2012_val_00018128.JPEG
imagenet,n01847000,n01847000/ILSVRC2012_val_00019313.JPEG
imagenet,n01847000,n01847000/ILSVRC2012_val_00021372.JPEG
imagenet,n01847000,n01847000/ILSVRC2012_val_00022364.JPEG
imagenet,n01847000,n01847000/ILSVRC2012_val_00023780.JPEG
imagenet,n01847000,n01847000/ILSVRC2012_val_00026811.JPEG
imagenet,n01847000,n01847000/ILSVRC2012_val_00027434.JPEG
imagenet,n01847000,n01847000/ILSVRC2012_val_00027737.JPEG
imagenet,n01847000,n01847000/ILSVRC2012_val_00029022.JPEG
imagenet,n01847000,n01847000/ILSVRC2012_val_00029070.JPEG
imagenet,n01847000,n01847000/ILSVRC2012_val_00029245.JPEG
imagenet,n01847000,n01847000/ILSVRC2012_val_00030448.JPEG
imagenet,n01847000,n01847000/ILSVRC2012_val_00030568.JPEG
imagenet,n01847000,n01847000/ILSVRC2012_val_00031434.JPEG
imagenet,n01847000,n01847000/ILSVRC2012_val_00032362.JPEG
imagenet,n01847000,n01847000/ILSVRC2012_val_00032503.JPEG
imagenet,n01847000,n01847000/ILSVRC2012_val_00033783.JPEG
imagenet,n01847000,n01847000/ILSVRC2012_val_00035054.JPEG
imagenet,n01847000,n01847000/ILSVRC2012_val_00036040.JPEG
imagenet,n01847000,n01847000/ILSVRC2012_val_00036169.JPEG
imagenet,n01847000,n01847000/ILSVRC2012_val_00036972.JPEG
imagenet,n01847000,n01847000/ILSVRC2012_val_00038505.JPEG
imagenet,n01847000,n01847000/ILSVRC2012_val_00040846.JPEG
imagenet,n01847000,n01847000/ILSVRC2012_val_00040849.JPEG
imagenet,n01847000,n01847000/ILSVRC2012_val_00040897.JPEG
imagenet,n01847000,n01847000/ILSVRC2012_val_00041838.JPEG
imagenet,n01847000,n01847000/ILSVRC2012_val_00043195.JPEG
imagenet,n01847000,n01847000/ILSVRC2012_val_00043484.JPEG
imagenet,n01847000,n01847000/ILSVRC2012_val_00045692.JPEG
imagenet,n01847000,n01847000/ILSVRC2012_val_00045837.JPEG
imagenet,n01847000,n01847000/ILSVRC2012_val_00046903.JPEG
imagenet,n01847000,n01847000/ILSVRC2012_val_00046978.JPEG
imagenet,n01847000,n01847000/ILSVRC2012_val_00047009.JPEG
imagenet,n01847000,n01847000/ILSVRC2012_val_00047833.JPEG
imagenet,n01847000,n01847000/ILSVRC2012_val_00048252.JPEG
imagenet,n01847000,n01847000/ILSVRC2012_val_00049416.JPEG
imagenet,n01855672,n01855672/ILSVRC2012_val_00000547.JPEG
imagenet,n01855672,n01855672/ILSVRC2012_val_00002997.JPEG
imagenet,n01855672,n01855672/ILSVRC2012_val_00003364.JPEG
imagenet,n01855672,n01855672/ILSVRC2012_val_00004226.JPEG
imagenet,n01855672,n01855672/ILSVRC2012_val_00004235.JPEG
imagenet,n01855672,n01855672/ILSVRC2012_val_00006626.JPEG
imagenet,n01855672,n01855672/ILSVRC2012_val_00008834.JPEG
imagenet,n01855672,n01855672/ILSVRC2012_val_00009610.JPEG
imagenet,n01855672,n01855672/ILSVRC2012_val_00009841.JPEG
imagenet,n01855672,n01855672/ILSVRC2012_val_00012089.JPEG
imagenet,n01855672,n01855672/ILSVRC2012_val_00013794.JPEG
imagenet,n01855672,n01855672/ILSVRC2012_val_00015675.JPEG
imagenet,n01855672,n01855672/ILSVRC2012_val_00016195.JPEG
imagenet,n01855672,n01855672/ILSVRC2012_val_00016490.JPEG
imagenet,n01855672,n01855672/ILSVRC2012_val_00016580.JPEG
imagenet,n01855672,n01855672/ILSVRC2012_val_00018602.JPEG
imagenet,n01855672,n01855672/ILSVRC2012_val_00019429.JPEG
imagenet,n01855672,n01855672/ILSVRC2012_val_00020179.JPEG
imagenet,n01855672,n01855672/ILSVRC2012_val_00021351.JPEG
imagenet,n01855672,n01855672/ILSVRC2012_val_00021858.JPEG
imagenet,n01855672,n01855672/ILSVRC2012_val_00023709.JPEG
imagenet,n01855672,n01855672/ILSVRC2012_val_00025256.JPEG
imagenet,n01855672,n01855672/ILSVRC2012_val_00025667.JPEG
imagenet,n01855672,n01855672/ILSVRC2012_val_00025924.JPEG
imagenet,n01855672,n01855672/ILSVRC2012_val_00026155.JPEG
imagenet,n01855672,n01855672/ILSVRC2012_val_00028438.JPEG
imagenet,n01855672,n01855672/ILSVRC2012_val_00029226.JPEG
imagenet,n01855672,n01855672/ILSVRC2012_val_00029351.JPEG
imagenet,n01855672,n01855672/ILSVRC2012_val_00029698.JPEG
imagenet,n01855672,n01855672/ILSVRC2012_val_00029785.JPEG
imagenet,n01855672,n01855672/ILSVRC2012_val_00030245.JPEG
imagenet,n01855672,n01855672/ILSVRC2012_val_00032295.JPEG
imagenet,n01855672,n01855672/ILSVRC2012_val_00032879.JPEG
imagenet,n01855672,n01855672/ILSVRC2012_val_00033076.JPEG
imagenet,n01855672,n01855672/ILSVRC2012_val_00033257.JPEG
imagenet,n01855672,n01855672/ILSVRC2012_val_00033945.JPEG
imagenet,n01855672,n01855672/ILSVRC2012_val_00035183.JPEG
imagenet,n01855672,n01855672/ILSVRC2012_val_00036423.JPEG
imagenet,n01855672,n01855672/ILSVRC2012_val_00036968.JPEG
imagenet,n01855672,n01855672/ILSVRC2012_val_00036969.JPEG
imagenet,n01855672,n01855672/ILSVRC2012_val_00042541.JPEG
imagenet,n01855672,n01855672/ILSVRC2012_val_00043173.JPEG
imagenet,n01855672,n01855672/ILSVRC2012_val_00043927.JPEG
imagenet,n01855672,n01855672/ILSVRC2012_val_00043968.JPEG
imagenet,n01855672,n01855672/ILSVRC2012_val_00045520.JPEG
imagenet,n01855672,n01855672/ILSVRC2012_val_00045728.JPEG
imagenet,n01855672,n01855672/ILSVRC2012_val_00047025.JPEG
imagenet,n01855672,n01855672/ILSVRC2012_val_00047073.JPEG
imagenet,n01855672,n01855672/ILSVRC2012_val_00047108.JPEG
imagenet,n01855672,n01855672/ILSVRC2012_val_00049352.JPEG
imagenet,n01860187,n01860187/ILSVRC2012_val_00000466.JPEG
imagenet,n01860187,n01860187/ILSVRC2012_val_00001044.JPEG
imagenet,n01860187,n01860187/ILSVRC2012_val_00001732.JPEG
imagenet,n01860187,n01860187/ILSVRC2012_val_00001867.JPEG
imagenet,n01860187,n01860187/ILSVRC2012_val_00003775.JPEG
imagenet,n01860187,n01860187/ILSVRC2012_val_00004627.JPEG
imagenet,n01860187,n01860187/ILSVRC2012_val_00006049.JPEG
imagenet,n01860187,n01860187/ILSVRC2012_val_00006562.JPEG
imagenet,n01860187,n01860187/ILSVRC2012_val_00007343.JPEG
imagenet,n01860187,n01860187/ILSVRC2012_val_00007423.JPEG
imagenet,n01860187,n01860187/ILSVRC2012_val_00007700.JPEG
imagenet,n01860187,n01860187/ILSVRC2012_val_00009752.JPEG
imagenet,n01860187,n01860187/ILSVRC2012_val_00009998.JPEG
imagenet,n01860187,n01860187/ILSVRC2012_val_00010035.JPEG
imagenet,n01860187,n01860187/ILSVRC2012_val_00013564.JPEG
imagenet,n01860187,n01860187/ILSVRC2012_val_00014707.JPEG
imagenet,n01860187,n01860187/ILSVRC2012_val_00015899.JPEG
imagenet,n01860187,n01860187/ILSVRC2012_val_00016852.JPEG
imagenet,n01860187,n01860187/ILSVRC2012_val_00017207.JPEG
imagenet,n01860187,n01860187/ILSVRC2012_val_00017280.JPEG
imagenet,n01860187,n01860187/ILSVRC2012_val_00017441.JPEG
imagenet,n01860187,n01860187/ILSVRC2012_val_00017931.JPEG
imagenet,n01860187,n01860187/ILSVRC2012_val_00019022.JPEG
imagenet,n01860187,n01860187/ILSVRC2012_val_00021594.JPEG
imagenet,n01860187,n01860187/ILSVRC2012_val_00022070.JPEG
imagenet,n01860187,n01860187/ILSVRC2012_val_00025764.JPEG
imagenet,n01860187,n01860187/ILSVRC2012_val_00027816.JPEG
imagenet,n01860187,n01860187/ILSVRC2012_val_00028395.JPEG
imagenet,n01860187,n01860187/ILSVRC2012_val_00029298.JPEG
imagenet,n01860187,n01860187/ILSVRC2012_val_00030887.JPEG
imagenet,n01860187,n01860187/ILSVRC2012_val_00031342.JPEG
imagenet,n01860187,n01860187/ILSVRC2012_val_00032982.JPEG
imagenet,n01860187,n01860187/ILSVRC2012_val_00033045.JPEG
imagenet,n01860187,n01860187/ILSVRC2012_val_00033604.JPEG
imagenet,n01860187,n01860187/ILSVRC2012_val_00033733.JPEG
imagenet,n01860187,n01860187/ILSVRC2012_val_00033823.JPEG
imagenet,n01860187,n01860187/ILSVRC2012_val_00034984.JPEG
imagenet,n01860187,n01860187/ILSVRC2012_val_00035499.JPEG
imagenet,n01860187,n01860187/ILSVRC2012_val_00038126.JPEG
imagenet,n01860187,n01860187/ILSVRC2012_val_00039426.JPEG
imagenet,n01860187,n01860187/ILSVRC2012_val_00040025.JPEG
imagenet,n01860187,n01860187/ILSVRC2012_val_00042128.JPEG
imagenet,n01860187,n01860187/ILSVRC2012_val_00042480.JPEG
imagenet,n01860187,n01860187/ILSVRC2012_val_00044422.JPEG
imagenet,n01860187,n01860187/ILSVRC2012_val_00044515.JPEG
imagenet,n01860187,n01860187/ILSVRC2012_val_00044933.JPEG
imagenet,n01860187,n01860187/ILSVRC2012_val_00045505.JPEG
imagenet,n01860187,n01860187/ILSVRC2012_val_00047317.JPEG
imagenet,n01860187,n01860187/ILSVRC2012_val_00048039.JPEG
imagenet,n01860187,n01860187/ILSVRC2012_val_00049937.JPEG
imagenet,n01882714,n01882714/ILSVRC2012_val_00000970.JPEG
imagenet,n01882714,n01882714/ILSVRC2012_val_00002560.JPEG
imagenet,n01882714,n01882714/ILSVRC2012_val_00002811.JPEG
imagenet,n01882714,n01882714/ILSVRC2012_val_00002978.JPEG
imagenet,n01882714,n01882714/ILSVRC2012_val_00003097.JPEG
imagenet,n01882714,n01882714/ILSVRC2012_val_00003254.JPEG
imagenet,n01882714,n01882714/ILSVRC2012_val_00003551.JPEG
imagenet,n01882714,n01882714/ILSVRC2012_val_00005734.JPEG
imagenet,n01882714,n01882714/ILSVRC2012_val_00006289.JPEG
imagenet,n01882714,n01882714/ILSVRC2012_val_00006455.JPEG
imagenet,n01882714,n01882714/ILSVRC2012_val_00007389.JPEG
imagenet,n01882714,n01882714/ILSVRC2012_val_00007923.JPEG
imagenet,n01882714,n01882714/ILSVRC2012_val_00008498.JPEG
imagenet,n01882714,n01882714/ILSVRC2012_val_00010137.JPEG
imagenet,n01882714,n01882714/ILSVRC2012_val_00010248.JPEG
imagenet,n01882714,n01882714/ILSVRC2012_val_00012271.JPEG
imagenet,n01882714,n01882714/ILSVRC2012_val_00014284.JPEG
imagenet,n01882714,n01882714/ILSVRC2012_val_00015072.JPEG
imagenet,n01882714,n01882714/ILSVRC2012_val_00016764.JPEG
imagenet,n01882714,n01882714/ILSVRC2012_val_00016952.JPEG
imagenet,n01882714,n01882714/ILSVRC2012_val_00018026.JPEG
imagenet,n01882714,n01882714/ILSVRC2012_val_00019996.JPEG
imagenet,n01882714,n01882714/ILSVRC2012_val_00020062.JPEG
imagenet,n01882714,n01882714/ILSVRC2012_val_00020599.JPEG
imagenet,n01882714,n01882714/ILSVRC2012_val_00023031.JPEG
imagenet,n01882714,n01882714/ILSVRC2012_val_00024378.JPEG
imagenet,n01882714,n01882714/ILSVRC2012_val_00026297.JPEG
imagenet,n01882714,n01882714/ILSVRC2012_val_00027599.JPEG
imagenet,n01882714,n01882714/ILSVRC2012_val_00028424.JPEG
imagenet,n01882714,n01882714/ILSVRC2012_val_00028909.JPEG
imagenet,n01882714,n01882714/ILSVRC2012_val_00031046.JPEG
imagenet,n01882714,n01882714/ILSVRC2012_val_00032146.JPEG
imagenet,n01882714,n01882714/ILSVRC2012_val_00032978.JPEG
imagenet,n01882714,n01882714/ILSVRC2012_val_00034332.JPEG
imagenet,n01882714,n01882714/ILSVRC2012_val_00035140.JPEG
imagenet,n01882714,n01882714/ILSVRC2012_val_00036778.JPEG
imagenet,n01882714,n01882714/ILSVRC2012_val_00036967.JPEG
imagenet,n01882714,n01882714/ILSVRC2012_val_00037358.JPEG
imagenet,n01882714,n01882714/ILSVRC2012_val_00039152.JPEG
imagenet,n01882714,n01882714/ILSVRC2012_val_00039946.JPEG
imagenet,n01882714,n01882714/ILSVRC2012_val_00040233.JPEG
imagenet,n01882714,n01882714/ILSVRC2012_val_00042550.JPEG
imagenet,n01882714,n01882714/ILSVRC2012_val_00042930.JPEG
imagenet,n01882714,n01882714/ILSVRC2012_val_00044287.JPEG
imagenet,n01882714,n01882714/ILSVRC2012_val_00045070.JPEG
imagenet,n01882714,n01882714/ILSVRC2012_val_00046073.JPEG
imagenet,n01882714,n01882714/ILSVRC2012_val_00046155.JPEG
imagenet,n01882714,n01882714/ILSVRC2012_val_00047292.JPEG
imagenet,n01882714,n01882714/ILSVRC2012_val_00047899.JPEG
imagenet,n01882714,n01882714/ILSVRC2012_val_00049217.JPEG
imagenet,n01910747,n01910747/ILSVRC2012_val_00000063.JPEG
imagenet,n01910747,n01910747/ILSVRC2012_val_00000386.JPEG
imagenet,n01910747,n01910747/ILSVRC2012_val_00003359.JPEG
imagenet,n01910747,n01910747/ILSVRC2012_val_00003419.JPEG
imagenet,n01910747,n01910747/ILSVRC2012_val_00003955.JPEG
imagenet,n01910747,n01910747/ILSVRC2012_val_00004175.JPEG
imagenet,n01910747,n01910747/ILSVRC2012_val_00007157.JPEG
imagenet,n01910747,n01910747/ILSVRC2012_val_00007283.JPEG
imagenet,n01910747,n01910747/ILSVRC2012_val_00007434.JPEG
imagenet,n01910747,n01910747/ILSVRC2012_val_00009993.JPEG
imagenet,n01910747,n01910747/ILSVRC2012_val_00010869.JPEG
imagenet,n01910747,n01910747/ILSVRC2012_val_00010919.JPEG
imagenet,n01910747,n01910747/ILSVRC2012_val_00011383.JPEG
imagenet,n01910747,n01910747/ILSVRC2012_val_00011860.JPEG
imagenet,n01910747,n01910747/ILSVRC2012_val_00012499.JPEG
imagenet,n01910747,n01910747/ILSVRC2012_val_00012777.JPEG
imagenet,n01910747,n01910747/ILSVRC2012_val_00013781.JPEG
imagenet,n01910747,n01910747/ILSVRC2012_val_00013875.JPEG
imagenet,n01910747,n01910747/ILSVRC2012_val_00014265.JPEG
imagenet,n01910747,n01910747/ILSVRC2012_val_00014456.JPEG
imagenet,n01910747,n01910747/ILSVRC2012_val_00015039.JPEG
imagenet,n01910747,n01910747/ILSVRC2012_val_00015443.JPEG
imagenet,n01910747,n01910747/ILSVRC2012_val_00016200.JPEG
imagenet,n01910747,n01910747/ILSVRC2012_val_00018613.JPEG
imagenet,n01910747,n01910747/ILSVRC2012_val_00018952.JPEG
imagenet,n01910747,n01910747/ILSVRC2012_val_00021867.JPEG
imagenet,n01910747,n01910747/ILSVRC2012_val_00026530.JPEG
imagenet,n01910747,n01910747/ILSVRC2012_val_00027271.JPEG
imagenet,n01910747,n01910747/ILSVRC2012_val_00027727.JPEG
imagenet,n01910747,n01910747/ILSVRC2012_val_00027969.JPEG
imagenet,n01910747,n01910747/ILSVRC2012_val_00028644.JPEG
imagenet,n01910747,n01910747/ILSVRC2012_val_00030389.JPEG
imagenet,n01910747,n01910747/ILSVRC2012_val_00033320.JPEG
imagenet,n01910747,n01910747/ILSVRC2012_val_00033586.JPEG
imagenet,n01910747,n01910747/ILSVRC2012_val_00034232.JPEG
imagenet,n01910747,n01910747/ILSVRC2012_val_00034716.JPEG
imagenet,n01910747,n01910747/ILSVRC2012_val_00035728.JPEG
imagenet,n01910747,n01910747/ILSVRC2012_val_00035964.JPEG
imagenet,n01910747,n01910747/ILSVRC2012_val_00037518.JPEG
imagenet,n01910747,n01910747/ILSVRC2012_val_00038400.JPEG
imagenet,n01910747,n01910747/ILSVRC2012_val_00039314.JPEG
imagenet,n01910747,n01910747/ILSVRC2012_val_00041401.JPEG
imagenet,n01910747,n01910747/ILSVRC2012_val_00042004.JPEG
imagenet,n01910747,n01910747/ILSVRC2012_val_00042928.JPEG
imagenet,n01910747,n01910747/ILSVRC2012_val_00044127.JPEG
imagenet,n01910747,n01910747/ILSVRC2012_val_00046918.JPEG
imagenet,n01910747,n01910747/ILSVRC2012_val_00047328.JPEG
imagenet,n01910747,n01910747/ILSVRC2012_val_00047432.JPEG
imagenet,n01910747,n01910747/ILSVRC2012_val_00048269.JPEG
imagenet,n01910747,n01910747/ILSVRC2012_val_00049020.JPEG
imagenet,n01944390,n01944390/ILSVRC2012_val_00001268.JPEG
imagenet,n01944390,n01944390/ILSVRC2012_val_00001959.JPEG
imagenet,n01944390,n01944390/ILSVRC2012_val_00002602.JPEG
imagenet,n01944390,n01944390/ILSVRC2012_val_00002763.JPEG
imagenet,n01944390,n01944390/ILSVRC2012_val_00003604.JPEG
imagenet,n01944390,n01944390/ILSVRC2012_val_00003625.JPEG
imagenet,n01944390,n01944390/ILSVRC2012_val_00006860.JPEG
imagenet,n01944390,n01944390/ILSVRC2012_val_00007377.JPEG
imagenet,n01944390,n01944390/ILSVRC2012_val_00007479.JPEG
imagenet,n01944390,n01944390/ILSVRC2012_val_00008002.JPEG
imagenet,n01944390,n01944390/ILSVRC2012_val_00008747.JPEG
imagenet,n01944390,n01944390/ILSVRC2012_val_00008789.JPEG
imagenet,n01944390,n01944390/ILSVRC2012_val_00009202.JPEG
imagenet,n01944390,n01944390/ILSVRC2012_val_00009654.JPEG
imagenet,n01944390,n01944390/ILSVRC2012_val_00010312.JPEG
imagenet,n01944390,n01944390/ILSVRC2012_val_00010996.JPEG
imagenet,n01944390,n01944390/ILSVRC2012_val_00012117.JPEG
imagenet,n01944390,n01944390/ILSVRC2012_val_00012418.JPEG
imagenet,n01944390,n01944390/ILSVRC2012_val_00013379.JPEG
imagenet,n01944390,n01944390/ILSVRC2012_val_00013503.JPEG
imagenet,n01944390,n01944390/ILSVRC2012_val_00017431.JPEG
imagenet,n01944390,n01944390/ILSVRC2012_val_00018951.JPEG
imagenet,n01944390,n01944390/ILSVRC2012_val_00019782.JPEG
imagenet,n01944390,n01944390/ILSVRC2012_val_00019895.JPEG
imagenet,n01944390,n01944390/ILSVRC2012_val_00022381.JPEG
imagenet,n01944390,n01944390/ILSVRC2012_val_00022758.JPEG
imagenet,n01944390,n01944390/ILSVRC2012_val_00023206.JPEG
imagenet,n01944390,n01944390/ILSVRC2012_val_00023958.JPEG
imagenet,n01944390,n01944390/ILSVRC2012_val_00024410.JPEG
imagenet,n01944390,n01944390/ILSVRC2012_val_00025411.JPEG
imagenet,n01944390,n01944390/ILSVRC2012_val_00025566.JPEG
imagenet,n01944390,n01944390/ILSVRC2012_val_00025722.JPEG
imagenet,n01944390,n01944390/ILSVRC2012_val_00025725.JPEG
imagenet,n01944390,n01944390/ILSVRC2012_val_00025840.JPEG
imagenet,n01944390,n01944390/ILSVRC2012_val_00030012.JPEG
imagenet,n01944390,n01944390/ILSVRC2012_val_00030395.JPEG
imagenet,n01944390,n01944390/ILSVRC2012_val_00034957.JPEG
imagenet,n01944390,n01944390/ILSVRC2012_val_00036200.JPEG
imagenet,n01944390,n01944390/ILSVRC2012_val_00036494.JPEG
imagenet,n01944390,n01944390/ILSVRC2012_val_00038059.JPEG
imagenet,n01944390,n01944390/ILSVRC2012_val_00039434.JPEG
imagenet,n01944390,n01944390/ILSVRC2012_val_00040123.JPEG
imagenet,n01944390,n01944390/ILSVRC2012_val_00040504.JPEG
imagenet,n01944390,n01944390/ILSVRC2012_val_00045031.JPEG
imagenet,n01944390,n01944390/ILSVRC2012_val_00045945.JPEG
imagenet,n01944390,n01944390/ILSVRC2012_val_00046248.JPEG
imagenet,n01944390,n01944390/ILSVRC2012_val_00046551.JPEG
imagenet,n01944390,n01944390/ILSVRC2012_val_00046883.JPEG
imagenet,n01944390,n01944390/ILSVRC2012_val_00047412.JPEG
imagenet,n01944390,n01944390/ILSVRC2012_val_00049410.JPEG
imagenet,n01983481,n01983481/ILSVRC2012_val_00000111.JPEG
imagenet,n01983481,n01983481/ILSVRC2012_val_00001531.JPEG
imagenet,n01983481,n01983481/ILSVRC2012_val_00002502.JPEG
imagenet,n01983481,n01983481/ILSVRC2012_val_00002515.JPEG
imagenet,n01983481,n01983481/ILSVRC2012_val_00003434.JPEG
imagenet,n01983481,n01983481/ILSVRC2012_val_00005641.JPEG
imagenet,n01983481,n01983481/ILSVRC2012_val_00006179.JPEG
imagenet,n01983481,n01983481/ILSVRC2012_val_00006727.JPEG
imagenet,n01983481,n01983481/ILSVRC2012_val_00007995.JPEG
imagenet,n01983481,n01983481/ILSVRC2012_val_00009251.JPEG
imagenet,n01983481,n01983481/ILSVRC2012_val_00012183.JPEG
imagenet,n01983481,n01983481/ILSVRC2012_val_00013789.JPEG
imagenet,n01983481,n01983481/ILSVRC2012_val_00015749.JPEG
imagenet,n01983481,n01983481/ILSVRC2012_val_00016493.JPEG
imagenet,n01983481,n01983481/ILSVRC2012_val_00016947.JPEG
imagenet,n01983481,n01983481/ILSVRC2012_val_00017039.JPEG
imagenet,n01983481,n01983481/ILSVRC2012_val_00017889.JPEG
imagenet,n01983481,n01983481/ILSVRC2012_val_00019856.JPEG
imagenet,n01983481,n01983481/ILSVRC2012_val_00020280.JPEG
imagenet,n01983481,n01983481/ILSVRC2012_val_00020795.JPEG
imagenet,n01983481,n01983481/ILSVRC2012_val_00024727.JPEG
imagenet,n01983481,n01983481/ILSVRC2012_val_00025879.JPEG
imagenet,n01983481,n01983481/ILSVRC2012_val_00026193.JPEG
imagenet,n01983481,n01983481/ILSVRC2012_val_00028475.JPEG
imagenet,n01983481,n01983481/ILSVRC2012_val_00028657.JPEG
imagenet,n01983481,n01983481/ILSVRC2012_val_00029287.JPEG
imagenet,n01983481,n01983481/ILSVRC2012_val_00029434.JPEG
imagenet,n01983481,n01983481/ILSVRC2012_val_00030811.JPEG
imagenet,n01983481,n01983481/ILSVRC2012_val_00032029.JPEG
imagenet,n01983481,n01983481/ILSVRC2012_val_00032378.JPEG
imagenet,n01983481,n01983481/ILSVRC2012_val_00032614.JPEG
imagenet,n01983481,n01983481/ILSVRC2012_val_00033104.JPEG
imagenet,n01983481,n01983481/ILSVRC2012_val_00034402.JPEG
imagenet,n01983481,n01983481/ILSVRC2012_val_00035178.JPEG
imagenet,n01983481,n01983481/ILSVRC2012_val_00036833.JPEG
imagenet,n01983481,n01983481/ILSVRC2012_val_00036970.JPEG
imagenet,n01983481,n01983481/ILSVRC2012_val_00037229.JPEG
imagenet,n01983481,n01983481/ILSVRC2012_val_00037880.JPEG
imagenet,n01983481,n01983481/ILSVRC2012_val_00038154.JPEG
imagenet,n01983481,n01983481/ILSVRC2012_val_00038454.JPEG
imagenet,n01983481,n01983481/ILSVRC2012_val_00039303.JPEG
imagenet,n01983481,n01983481/ILSVRC2012_val_00040887.JPEG
imagenet,n01983481,n01983481/ILSVRC2012_val_00045926.JPEG
imagenet,n01983481,n01983481/ILSVRC2012_val_00046433.JPEG
imagenet,n01983481,n01983481/ILSVRC2012_val_00046526.JPEG
imagenet,n01983481,n01983481/ILSVRC2012_val_00046975.JPEG
imagenet,n01983481,n01983481/ILSVRC2012_val_00047059.JPEG
imagenet,n01983481,n01983481/ILSVRC2012_val_00048277.JPEG
imagenet,n01983481,n01983481/ILSVRC2012_val_00048837.JPEG
imagenet,n01983481,n01983481/ILSVRC2012_val_00048921.JPEG
imagenet,n01986214,n01986214/ILSVRC2012_val_00000231.JPEG
imagenet,n01986214,n01986214/ILSVRC2012_val_00000245.JPEG
imagenet,n01986214,n01986214/ILSVRC2012_val_00003257.JPEG
imagenet,n01986214,n01986214/ILSVRC2012_val_00003357.JPEG
imagenet,n01986214,n01986214/ILSVRC2012_val_00003636.JPEG
imagenet,n01986214,n01986214/ILSVRC2012_val_00003859.JPEG
imagenet,n01986214,n01986214/ILSVRC2012_val_00004444.JPEG
imagenet,n01986214,n01986214/ILSVRC2012_val_00005125.JPEG
imagenet,n01986214,n01986214/ILSVRC2012_val_00005268.JPEG
imagenet,n01986214,n01986214/ILSVRC2012_val_00005582.JPEG
imagenet,n01986214,n01986214/ILSVRC2012_val_00006591.JPEG
imagenet,n01986214,n01986214/ILSVRC2012_val_00007757.JPEG
imagenet,n01986214,n01986214/ILSVRC2012_val_00009485.JPEG
imagenet,n01986214,n01986214/ILSVRC2012_val_00010039.JPEG
imagenet,n01986214,n01986214/ILSVRC2012_val_00012143.JPEG
imagenet,n01986214,n01986214/ILSVRC2012_val_00014751.JPEG
imagenet,n01986214,n01986214/ILSVRC2012_val_00014759.JPEG
imagenet,n01986214,n01986214/ILSVRC2012_val_00016568.JPEG
imagenet,n01986214,n01986214/ILSVRC2012_val_00017555.JPEG
imagenet,n01986214,n01986214/ILSVRC2012_val_00019512.JPEG
imagenet,n01986214,n01986214/ILSVRC2012_val_00020664.JPEG
imagenet,n01986214,n01986214/ILSVRC2012_val_00020968.JPEG
imagenet,n01986214,n01986214/ILSVRC2012_val_00021819.JPEG
imagenet,n01986214,n01986214/ILSVRC2012_val_00023951.JPEG
imagenet,n01986214,n01986214/ILSVRC2012_val_00024894.JPEG
imagenet,n01986214,n01986214/ILSVRC2012_val_00025381.JPEG
imagenet,n01986214,n01986214/ILSVRC2012_val_00025585.JPEG
imagenet,n01986214,n01986214/ILSVRC2012_val_00026326.JPEG
imagenet,n01986214,n01986214/ILSVRC2012_val_00027404.JPEG
imagenet,n01986214,n01986214/ILSVRC2012_val_00028653.JPEG
imagenet,n01986214,n01986214/ILSVRC2012_val_00029243.JPEG
imagenet,n01986214,n01986214/ILSVRC2012_val_00031408.JPEG
imagenet,n01986214,n01986214/ILSVRC2012_val_00031943.JPEG
imagenet,n01986214,n01986214/ILSVRC2012_val_00031992.JPEG
imagenet,n01986214,n01986214/ILSVRC2012_val_00032372.JPEG
imagenet,n01986214,n01986214/ILSVRC2012_val_00033105.JPEG
imagenet,n01986214,n01986214/ILSVRC2012_val_00033379.JPEG
imagenet,n01986214,n01986214/ILSVRC2012_val_00033876.JPEG
imagenet,n01986214,n01986214/ILSVRC2012_val_00034774.JPEG
imagenet,n01986214,n01986214/ILSVRC2012_val_00036320.JPEG
imagenet,n01986214,n01986214/ILSVRC2012_val_00037144.JPEG
imagenet,n01986214,n01986214/ILSVRC2012_val_00037765.JPEG
imagenet,n01986214,n01986214/ILSVRC2012_val_00039682.JPEG
imagenet,n01986214,n01986214/ILSVRC2012_val_00040059.JPEG
imagenet,n01986214,n01986214/ILSVRC2012_val_00040913.JPEG
imagenet,n01986214,n01986214/ILSVRC2012_val_00041366.JPEG
imagenet,n01986214,n01986214/ILSVRC2012_val_00045463.JPEG
imagenet,n01986214,n01986214/ILSVRC2012_val_00046344.JPEG
imagenet,n01986214,n01986214/ILSVRC2012_val_00046606.JPEG
imagenet,n01986214,n01986214/ILSVRC2012_val_00049221.JPEG
imagenet,n02007558,n02007558/ILSVRC2012_val_00000356.JPEG
imagenet,n02007558,n02007558/ILSVRC2012_val_00000939.JPEG
imagenet,n02007558,n02007558/ILSVRC2012_val_00004730.JPEG
imagenet,n02007558,n02007558/ILSVRC2012_val_00005601.JPEG
imagenet,n02007558,n02007558/ILSVRC2012_val_00006696.JPEG
imagenet,n02007558,n02007558/ILSVRC2012_val_00007128.JPEG
imagenet,n02007558,n02007558/ILSVRC2012_val_00008032.JPEG
imagenet,n02007558,n02007558/ILSVRC2012_val_00008887.JPEG
imagenet,n02007558,n02007558/ILSVRC2012_val_00009988.JPEG
imagenet,n02007558,n02007558/ILSVRC2012_val_00011918.JPEG
imagenet,n02007558,n02007558/ILSVRC2012_val_00014770.JPEG
imagenet,n02007558,n02007558/ILSVRC2012_val_00014883.JPEG
imagenet,n02007558,n02007558/ILSVRC2012_val_00016016.JPEG
imagenet,n02007558,n02007558/ILSVRC2012_val_00017796.JPEG
imagenet,n02007558,n02007558/ILSVRC2012_val_00017930.JPEG
imagenet,n02007558,n02007558/ILSVRC2012_val_00018511.JPEG
imagenet,n02007558,n02007558/ILSVRC2012_val_00019951.JPEG
imagenet,n02007558,n02007558/ILSVRC2012_val_00021574.JPEG
imagenet,n02007558,n02007558/ILSVRC2012_val_00022313.JPEG
imagenet,n02007558,n02007558/ILSVRC2012_val_00022414.JPEG
imagenet,n02007558,n02007558/ILSVRC2012_val_00023502.JPEG
imagenet,n02007558,n02007558/ILSVRC2012_val_00023866.JPEG
imagenet,n02007558,n02007558/ILSVRC2012_val_00024551.JPEG
imagenet,n02007558,n02007558/ILSVRC2012_val_00026082.JPEG
imagenet,n02007558,n02007558/ILSVRC2012_val_00026248.JPEG
imagenet,n02007558,n02007558/ILSVRC2012_val_00027871.JPEG
imagenet,n02007558,n02007558/ILSVRC2012_val_00028622.JPEG
imagenet,n02007558,n02007558/ILSVRC2012_val_00029718.JPEG
imagenet,n02007558,n02007558/ILSVRC2012_val_00029724.JPEG
imagenet,n02007558,n02007558/ILSVRC2012_val_00030095.JPEG
imagenet,n02007558,n02007558/ILSVRC2012_val_00031931.JPEG
imagenet,n02007558,n02007558/ILSVRC2012_val_00034548.JPEG
imagenet,n02007558,n02007558/ILSVRC2012_val_00035984.JPEG
imagenet,n02007558,n02007558/ILSVRC2012_val_00036302.JPEG
imagenet,n02007558,n02007558/ILSVRC2012_val_00036500.JPEG
imagenet,n02007558,n02007558/ILSVRC2012_val_00037486.JPEG
imagenet,n02007558,n02007558/ILSVRC2012_val_00037831.JPEG
imagenet,n02007558,n02007558/ILSVRC2012_val_00037990.JPEG
imagenet,n02007558,n02007558/ILSVRC2012_val_00038600.JPEG
imagenet,n02007558,n02007558/ILSVRC2012_val_00039372.JPEG
imagenet,n02007558,n02007558/ILSVRC2012_val_00039514.JPEG
imagenet,n02007558,n02007558/ILSVRC2012_val_00040826.JPEG
imagenet,n02007558,n02007558/ILSVRC2012_val_00040971.JPEG
imagenet,n02007558,n02007558/ILSVRC2012_val_00041083.JPEG
imagenet,n02007558,n02007558/ILSVRC2012_val_00042000.JPEG
imagenet,n02007558,n02007558/ILSVRC2012_val_00045784.JPEG
imagenet,n02007558,n02007558/ILSVRC2012_val_00047041.JPEG
imagenet,n02007558,n02007558/ILSVRC2012_val_00047052.JPEG
imagenet,n02007558,n02007558/ILSVRC2012_val_00048239.JPEG
imagenet,n02007558,n02007558/ILSVRC2012_val_00049783.JPEG
imagenet,n02009912,n02009912/ILSVRC2012_val_00001067.JPEG
imagenet,n02009912,n02009912/ILSVRC2012_val_00001871.JPEG
imagenet,n02009912,n02009912/ILSVRC2012_val_00001891.JPEG
imagenet,n02009912,n02009912/ILSVRC2012_val_00005314.JPEG
imagenet,n02009912,n02009912/ILSVRC2012_val_00005474.JPEG
imagenet,n02009912,n02009912/ILSVRC2012_val_00006761.JPEG
imagenet,n02009912,n02009912/ILSVRC2012_val_00007470.JPEG
imagenet,n02009912,n02009912/ILSVRC2012_val_00008035.JPEG
imagenet,n02009912,n02009912/ILSVRC2012_val_00009393.JPEG
imagenet,n02009912,n02009912/ILSVRC2012_val_00010056.JPEG
imagenet,n02009912,n02009912/ILSVRC2012_val_00010422.JPEG
imagenet,n02009912,n02009912/ILSVRC2012_val_00011369.JPEG
imagenet,n02009912,n02009912/ILSVRC2012_val_00013589.JPEG
imagenet,n02009912,n02009912/ILSVRC2012_val_00014361.JPEG
imagenet,n02009912,n02009912/ILSVRC2012_val_00015455.JPEG
imagenet,n02009912,n02009912/ILSVRC2012_val_00015550.JPEG
imagenet,n02009912,n02009912/ILSVRC2012_val_00017874.JPEG
imagenet,n02009912,n02009912/ILSVRC2012_val_00018615.JPEG
imagenet,n02009912,n02009912/ILSVRC2012_val_00019019.JPEG
imagenet,n02009912,n02009912/ILSVRC2012_val_00020875.JPEG
imagenet,n02009912,n02009912/ILSVRC2012_val_00021875.JPEG
imagenet,n02009912,n02009912/ILSVRC2012_val_00022373.JPEG
imagenet,n02009912,n02009912/ILSVRC2012_val_00022591.JPEG
imagenet,n02009912,n02009912/ILSVRC2012_val_00023400.JPEG
imagenet,n02009912,n02009912/ILSVRC2012_val_00024166.JPEG
imagenet,n02009912,n02009912/ILSVRC2012_val_00025793.JPEG
imagenet,n02009912,n02009912/ILSVRC2012_val_00026861.JPEG
imagenet,n02009912,n02009912/ILSVRC2012_val_00028849.JPEG
imagenet,n02009912,n02009912/ILSVRC2012_val_00029402.JPEG
imagenet,n02009912,n02009912/ILSVRC2012_val_00030401.JPEG
imagenet,n02009912,n02009912/ILSVRC2012_val_00031170.JPEG
imagenet,n02009912,n02009912/ILSVRC2012_val_00031290.JPEG
imagenet,n02009912,n02009912/ILSVRC2012_val_00032469.JPEG
imagenet,n02009912,n02009912/ILSVRC2012_val_00032830.JPEG
imagenet,n02009912,n02009912/ILSVRC2012_val_00034611.JPEG
imagenet,n02009912,n02009912/ILSVRC2012_val_00034776.JPEG
imagenet,n02009912,n02009912/ILSVRC2012_val_00035026.JPEG
imagenet,n02009912,n02009912/ILSVRC2012_val_00035490.JPEG
imagenet,n02009912,n02009912/ILSVRC2012_val_00035584.JPEG
imagenet,n02009912,n02009912/ILSVRC2012_val_00037714.JPEG
imagenet,n02009912,n02009912/ILSVRC2012_val_00038793.JPEG
imagenet,n02009912,n02009912/ILSVRC2012_val_00040244.JPEG
imagenet,n02009912,n02009912/ILSVRC2012_val_00040555.JPEG
imagenet,n02009912,n02009912/ILSVRC2012_val_00043076.JPEG
imagenet,n02009912,n02009912/ILSVRC2012_val_00043475.JPEG
imagenet,n02009912,n02009912/ILSVRC2012_val_00046932.JPEG
imagenet,n02009912,n02009912/ILSVRC2012_val_00048053.JPEG
imagenet,n02009912,n02009912/ILSVRC2012_val_00048877.JPEG
imagenet,n02009912,n02009912/ILSVRC2012_val_00049151.JPEG
imagenet,n02009912,n02009912/ILSVRC2012_val_00049286.JPEG
imagenet,n02051845,n02051845/ILSVRC2012_val_00003147.JPEG
imagenet,n02051845,n02051845/ILSVRC2012_val_00003153.JPEG
imagenet,n02051845,n02051845/ILSVRC2012_val_00003493.JPEG
imagenet,n02051845,n02051845/ILSVRC2012_val_00005363.JPEG
imagenet,n02051845,n02051845/ILSVRC2012_val_00006087.JPEG
imagenet,n02051845,n02051845/ILSVRC2012_val_00006383.JPEG
imagenet,n02051845,n02051845/ILSVRC2012_val_00010136.JPEG
imagenet,n02051845,n02051845/ILSVRC2012_val_00011642.JPEG
imagenet,n02051845,n02051845/ILSVRC2012_val_00014223.JPEG
imagenet,n02051845,n02051845/ILSVRC2012_val_00014594.JPEG
imagenet,n02051845,n02051845/ILSVRC2012_val_00015292.JPEG
imagenet,n02051845,n02051845/ILSVRC2012_val_00015716.JPEG
imagenet,n02051845,n02051845/ILSVRC2012_val_00017172.JPEG
imagenet,n02051845,n02051845/ILSVRC2012_val_00018656.JPEG
imagenet,n02051845,n02051845/ILSVRC2012_val_00018800.JPEG
imagenet,n02051845,n02051845/ILSVRC2012_val_00019198.JPEG
imagenet,n02051845,n02051845/ILSVRC2012_val_00019969.JPEG
imagenet,n02051845,n02051845/ILSVRC2012_val_00020148.JPEG
imagenet,n02051845,n02051845/ILSVRC2012_val_00020326.JPEG
imagenet,n02051845,n02051845/ILSVRC2012_val_00021063.JPEG
imagenet,n02051845,n02051845/ILSVRC2012_val_00021509.JPEG
imagenet,n02051845,n02051845/ILSVRC2012_val_00021677.JPEG
imagenet,n02051845,n02051845/ILSVRC2012_val_00021709.JPEG
imagenet,n02051845,n02051845/ILSVRC2012_val_00022335.JPEG
imagenet,n02051845,n02051845/ILSVRC2012_val_00024180.JPEG
imagenet,n02051845,n02051845/ILSVRC2012_val_00025528.JPEG
imagenet,n02051845,n02051845/ILSVRC2012_val_00026711.JPEG
imagenet,n02051845,n02051845/ILSVRC2012_val_00027363.JPEG
imagenet,n02051845,n02051845/ILSVRC2012_val_00030044.JPEG
imagenet,n02051845,n02051845/ILSVRC2012_val_00032780.JPEG
imagenet,n02051845,n02051845/ILSVRC2012_val_00032890.JPEG
imagenet,n02051845,n02051845/ILSVRC2012_val_00033256.JPEG
imagenet,n02051845,n02051845/ILSVRC2012_val_00035810.JPEG
imagenet,n02051845,n02051845/ILSVRC2012_val_00036344.JPEG
imagenet,n02051845,n02051845/ILSVRC2012_val_00036745.JPEG
imagenet,n02051845,n02051845/ILSVRC2012_val_00038118.JPEG
imagenet,n02051845,n02051845/ILSVRC2012_val_00038863.JPEG
imagenet,n02051845,n02051845/ILSVRC2012_val_00038981.JPEG
imagenet,n02051845,n02051845/ILSVRC2012_val_00039706.JPEG
imagenet,n02051845,n02051845/ILSVRC2012_val_00041469.JPEG
imagenet,n02051845,n02051845/ILSVRC2012_val_00041754.JPEG
imagenet,n02051845,n02051845/ILSVRC2012_val_00043470.JPEG
imagenet,n02051845,n02051845/ILSVRC2012_val_00043668.JPEG
imagenet,n02051845,n02051845/ILSVRC2012_val_00043841.JPEG
imagenet,n02051845,n02051845/ILSVRC2012_val_00045543.JPEG
imagenet,n02051845,n02051845/ILSVRC2012_val_00047047.JPEG
imagenet,n02051845,n02051845/ILSVRC2012_val_00047669.JPEG
imagenet,n02051845,n02051845/ILSVRC2012_val_00048346.JPEG
imagenet,n02051845,n02051845/ILSVRC2012_val_00048644.JPEG
imagenet,n02051845,n02051845/ILSVRC2012_val_00048664.JPEG
imagenet,n02056570,n02056570/ILSVRC2012_val_00001056.JPEG
imagenet,n02056570,n02056570/ILSVRC2012_val_00002352.JPEG
imagenet,n02056570,n02056570/ILSVRC2012_val_00004780.JPEG
imagenet,n02056570,n02056570/ILSVRC2012_val_00004805.JPEG
imagenet,n02056570,n02056570/ILSVRC2012_val_00007988.JPEG
imagenet,n02056570,n02056570/ILSVRC2012_val_00008009.JPEG
imagenet,n02056570,n02056570/ILSVRC2012_val_00008279.JPEG
imagenet,n02056570,n02056570/ILSVRC2012_val_00009115.JPEG
imagenet,n02056570,n02056570/ILSVRC2012_val_00009643.JPEG
imagenet,n02056570,n02056570/ILSVRC2012_val_00010355.JPEG
imagenet,n02056570,n02056570/ILSVRC2012_val_00011062.JPEG
imagenet,n02056570,n02056570/ILSVRC2012_val_00011100.JPEG
imagenet,n02056570,n02056570/ILSVRC2012_val_00012523.JPEG
imagenet,n02056570,n02056570/ILSVRC2012_val_00013402.JPEG
imagenet,n02056570,n02056570/ILSVRC2012_val_00015660.JPEG
imagenet,n02056570,n02056570/ILSVRC2012_val_00015933.JPEG
imagenet,n02056570,n02056570/ILSVRC2012_val_00016262.JPEG
imagenet,n02056570,n02056570/ILSVRC2012_val_00017573.JPEG
imagenet,n02056570,n02056570/ILSVRC2012_val_00017789.JPEG
imagenet,n02056570,n02056570/ILSVRC2012_val_00018681.JPEG
imagenet,n02056570,n02056570/ILSVRC2012_val_00020888.JPEG
imagenet,n02056570,n02056570/ILSVRC2012_val_00021330.JPEG
imagenet,n02056570,n02056570/ILSVRC2012_val_00022233.JPEG
imagenet,n02056570,n02056570/ILSVRC2012_val_00022735.JPEG
imagenet,n02056570,n02056570/ILSVRC2012_val_00023617.JPEG
imagenet,n02056570,n02056570/ILSVRC2012_val_00024504.JPEG
imagenet,n02056570,n02056570/ILSVRC2012_val_00024571.JPEG
imagenet,n02056570,n02056570/ILSVRC2012_val_00025468.JPEG
imagenet,n02056570,n02056570/ILSVRC2012_val_00026504.JPEG
imagenet,n02056570,n02056570/ILSVRC2012_val_00026749.JPEG
imagenet,n02056570,n02056570/ILSVRC2012_val_00026807.JPEG
imagenet,n02056570,n02056570/ILSVRC2012_val_00027559.JPEG
imagenet,n02056570,n02056570/ILSVRC2012_val_00028670.JPEG
imagenet,n02056570,n02056570/ILSVRC2012_val_00029565.JPEG
imagenet,n02056570,n02056570/ILSVRC2012_val_00029710.JPEG
imagenet,n02056570,n02056570/ILSVRC2012_val_00035982.JPEG
imagenet,n02056570,n02056570/ILSVRC2012_val_00036314.JPEG
imagenet,n02056570,n02056570/ILSVRC2012_val_00037825.JPEG
imagenet,n02056570,n02056570/ILSVRC2012_val_00039171.JPEG
imagenet,n02056570,n02056570/ILSVRC2012_val_00039797.JPEG
imagenet,n02056570,n02056570/ILSVRC2012_val_00040303.JPEG
imagenet,n02056570,n02056570/ILSVRC2012_val_00042878.JPEG
imagenet,n02056570,n02056570/ILSVRC2012_val_00043717.JPEG
imagenet,n02056570,n02056570/ILSVRC2012_val_00043795.JPEG
imagenet,n02056570,n02056570/ILSVRC2012_val_00044119.JPEG
imagenet,n02056570,n02056570/ILSVRC2012_val_00045742.JPEG
imagenet,n02056570,n02056570/ILSVRC2012_val_00046850.JPEG
imagenet,n02056570,n02056570/ILSVRC2012_val_00046966.JPEG
imagenet,n02056570,n02056570/ILSVRC2012_val_00047685.JPEG
imagenet,n02056570,n02056570/ILSVRC2012_val_00048024.JPEG
imagenet,n02066245,n02066245/ILSVRC2012_val_00000016.JPEG
imagenet,n02066245,n02066245/ILSVRC2012_val_00000496.JPEG
imagenet,n02066245,n02066245/ILSVRC2012_val_00000609.JPEG
imagenet,n02066245,n02066245/ILSVRC2012_val_00001271.JPEG
imagenet,n02066245,n02066245/ILSVRC2012_val_00001490.JPEG
imagenet,n02066245,n02066245/ILSVRC2012_val_00002678.JPEG
imagenet,n02066245,n02066245/ILSVRC2012_val_00003822.JPEG
imagenet,n02066245,n02066245/ILSVRC2012_val_00004105.JPEG
imagenet,n02066245,n02066245/ILSVRC2012_val_00004755.JPEG
imagenet,n02066245,n02066245/ILSVRC2012_val_00005322.JPEG
imagenet,n02066245,n02066245/ILSVRC2012_val_00007399.JPEG
imagenet,n02066245,n02066245/ILSVRC2012_val_00008684.JPEG
imagenet,n02066245,n02066245/ILSVRC2012_val_00008771.JPEG
imagenet,n02066245,n02066245/ILSVRC2012_val_00009440.JPEG
imagenet,n02066245,n02066245/ILSVRC2012_val_00011468.JPEG
imagenet,n02066245,n02066245/ILSVRC2012_val_00011596.JPEG
imagenet,n02066245,n02066245/ILSVRC2012_val_00012511.JPEG
imagenet,n02066245,n02066245/ILSVRC2012_val_00013025.JPEG
imagenet,n02066245,n02066245/ILSVRC2012_val_00015203.JPEG
imagenet,n02066245,n02066245/ILSVRC2012_val_00016771.JPEG
imagenet,n02066245,n02066245/ILSVRC2012_val_00017716.JPEG
imagenet,n02066245,n02066245/ILSVRC2012_val_00018438.JPEG
imagenet,n02066245,n02066245/ILSVRC2012_val_00018500.JPEG
imagenet,n02066245,n02066245/ILSVRC2012_val_00018578.JPEG
imagenet,n02066245,n02066245/ILSVRC2012_val_00019629.JPEG
imagenet,n02066245,n02066245/ILSVRC2012_val_00020123.JPEG
imagenet,n02066245,n02066245/ILSVRC2012_val_00020707.JPEG
imagenet,n02066245,n02066245/ILSVRC2012_val_00022105.JPEG
imagenet,n02066245,n02066245/ILSVRC2012_val_00022756.JPEG
imagenet,n02066245,n02066245/ILSVRC2012_val_00022773.JPEG
imagenet,n02066245,n02066245/ILSVRC2012_val_00023319.JPEG
imagenet,n02066245,n02066245/ILSVRC2012_val_00025825.JPEG
imagenet,n02066245,n02066245/ILSVRC2012_val_00025891.JPEG
imagenet,n02066245,n02066245/ILSVRC2012_val_00028770.JPEG
imagenet,n02066245,n02066245/ILSVRC2012_val_00029505.JPEG
imagenet,n02066245,n02066245/ILSVRC2012_val_00031226.JPEG
imagenet,n02066245,n02066245/ILSVRC2012_val_00033405.JPEG
imagenet,n02066245,n02066245/ILSVRC2012_val_00033901.JPEG
imagenet,n02066245,n02066245/ILSVRC2012_val_00034218.JPEG
imagenet,n02066245,n02066245/ILSVRC2012_val_00034425.JPEG
imagenet,n02066245,n02066245/ILSVRC2012_val_00035700.JPEG
imagenet,n02066245,n02066245/ILSVRC2012_val_00037778.JPEG
imagenet,n02066245,n02066245/ILSVRC2012_val_00037913.JPEG
imagenet,n02066245,n02066245/ILSVRC2012_val_00038153.JPEG
imagenet,n02066245,n02066245/ILSVRC2012_val_00039684.JPEG
imagenet,n02066245,n02066245/ILSVRC2012_val_00041029.JPEG
imagenet,n02066245,n02066245/ILSVRC2012_val_00042153.JPEG
imagenet,n02066245,n02066245/ILSVRC2012_val_00045222.JPEG
imagenet,n02066245,n02066245/ILSVRC2012_val_00047167.JPEG
imagenet,n02066245,n02066245/ILSVRC2012_val_00048116.JPEG
imagenet,n02071294,n02071294/ILSVRC2012_val_00000545.JPEG
imagenet,n02071294,n02071294/ILSVRC2012_val_00002166.JPEG
imagenet,n02071294,n02071294/ILSVRC2012_val_00003275.JPEG
imagenet,n02071294,n02071294/ILSVRC2012_val_00005154.JPEG
imagenet,n02071294,n02071294/ILSVRC2012_val_00005597.JPEG
imagenet,n02071294,n02071294/ILSVRC2012_val_00006253.JPEG
imagenet,n02071294,n02071294/ILSVRC2012_val_00007184.JPEG
imagenet,n02071294,n02071294/ILSVRC2012_val_00007404.JPEG
imagenet,n02071294,n02071294/ILSVRC2012_val_00009667.JPEG
imagenet,n02071294,n02071294/ILSVRC2012_val_00010966.JPEG
imagenet,n02071294,n02071294/ILSVRC2012_val_00012530.JPEG
imagenet,n02071294,n02071294/ILSVRC2012_val_00012977.JPEG
imagenet,n02071294,n02071294/ILSVRC2012_val_00013283.JPEG
imagenet,n02071294,n02071294/ILSVRC2012_val_00014159.JPEG
imagenet,n02071294,n02071294/ILSVRC2012_val_00014819.JPEG
imagenet,n02071294,n02071294/ILSVRC2012_val_00015145.JPEG
imagenet,n02071294,n02071294/ILSVRC2012_val_00015725.JPEG
imagenet,n02071294,n02071294/ILSVRC2012_val_00015842.JPEG
imagenet,n02071294,n02071294/ILSVRC2012_val_00016628.JPEG
imagenet,n02071294,n02071294/ILSVRC2012_val_00019118.JPEG
imagenet,n02071294,n02071294/ILSVRC2012_val_00023090.JPEG
imagenet,n02071294,n02071294/ILSVRC2012_val_00023208.JPEG
imagenet,n02071294,n02071294/ILSVRC2012_val_00024324.JPEG
imagenet,n02071294,n02071294/ILSVRC2012_val_00024749.JPEG
imagenet,n02071294,n02071294/ILSVRC2012_val_00025069.JPEG
imagenet,n02071294,n02071294/ILSVRC2012_val_00026225.JPEG
imagenet,n02071294,n02071294/ILSVRC2012_val_00026936.JPEG
imagenet,n02071294,n02071294/ILSVRC2012_val_00028299.JPEG
imagenet,n02071294,n02071294/ILSVRC2012_val_00028941.JPEG
imagenet,n02071294,n02071294/ILSVRC2012_val_00029128.JPEG
imagenet,n02071294,n02071294/ILSVRC2012_val_00030883.JPEG
imagenet,n02071294,n02071294/ILSVRC2012_val_00030956.JPEG
imagenet,n02071294,n02071294/ILSVRC2012_val_00033122.JPEG
imagenet,n02071294,n02071294/ILSVRC2012_val_00033565.JPEG
imagenet,n02071294,n02071294/ILSVRC2012_val_00034766.JPEG
imagenet,n02071294,n02071294/ILSVRC2012_val_00035115.JPEG
imagenet,n02071294,n02071294/ILSVRC2012_val_00035828.JPEG
imagenet,n02071294,n02071294/ILSVRC2012_val_00038995.JPEG
imagenet,n02071294,n02071294/ILSVRC2012_val_00039369.JPEG
imagenet,n02071294,n02071294/ILSVRC2012_val_00039524.JPEG
imagenet,n02071294,n02071294/ILSVRC2012_val_00040408.JPEG
imagenet,n02071294,n02071294/ILSVRC2012_val_00041225.JPEG
imagenet,n02071294,n02071294/ILSVRC2012_val_00042590.JPEG
imagenet,n02071294,n02071294/ILSVRC2012_val_00044061.JPEG
imagenet,n02071294,n02071294/ILSVRC2012_val_00044130.JPEG
imagenet,n02071294,n02071294/ILSVRC2012_val_00046988.JPEG
imagenet,n02071294,n02071294/ILSVRC2012_val_00047523.JPEG
imagenet,n02071294,n02071294/ILSVRC2012_val_00048794.JPEG
imagenet,n02071294,n02071294/ILSVRC2012_val_00048861.JPEG
imagenet,n02071294,n02071294/ILSVRC2012_val_00049801.JPEG
imagenet,n02077923,n02077923/ILSVRC2012_val_00000033.JPEG
imagenet,n02077923,n02077923/ILSVRC2012_val_00001472.JPEG
imagenet,n02077923,n02077923/ILSVRC2012_val_00002504.JPEG
imagenet,n02077923,n02077923/ILSVRC2012_val_00003149.JPEG
imagenet,n02077923,n02077923/ILSVRC2012_val_00003335.JPEG
imagenet,n02077923,n02077923/ILSVRC2012_val_00003574.JPEG
imagenet,n02077923,n02077923/ILSVRC2012_val_00004302.JPEG
imagenet,n02077923,n02077923/ILSVRC2012_val_00005360.JPEG
imagenet,n02077923,n02077923/ILSVRC2012_val_00007193.JPEG
imagenet,n02077923,n02077923/ILSVRC2012_val_00011255.JPEG
imagenet,n02077923,n02077923/ILSVRC2012_val_00012176.JPEG
imagenet,n02077923,n02077923/ILSVRC2012_val_00012330.JPEG
imagenet,n02077923,n02077923/ILSVRC2012_val_00013004.JPEG
imagenet,n02077923,n02077923/ILSVRC2012_val_00013809.JPEG
imagenet,n02077923,n02077923/ILSVRC2012_val_00015925.JPEG
imagenet,n02077923,n02077923/ILSVRC2012_val_00017786.JPEG
imagenet,n02077923,n02077923/ILSVRC2012_val_00020975.JPEG
imagenet,n02077923,n02077923/ILSVRC2012_val_00021764.JPEG
imagenet,n02077923,n02077923/ILSVRC2012_val_00022358.JPEG
imagenet,n02077923,n02077923/ILSVRC2012_val_00022732.JPEG
imagenet,n02077923,n02077923/ILSVRC2012_val_00023070.JPEG
imagenet,n02077923,n02077923/ILSVRC2012_val_00023081.JPEG
imagenet,n02077923,n02077923/ILSVRC2012_val_00025926.JPEG
imagenet,n02077923,n02077923/ILSVRC2012_val_00026125.JPEG
imagenet,n02077923,n02077923/ILSVRC2012_val_00026339.JPEG
imagenet,n02077923,n02077923/ILSVRC2012_val_00026593.JPEG
imagenet,n02077923,n02077923/ILSVRC2012_val_00027024.JPEG
imagenet,n02077923,n02077923/ILSVRC2012_val_00027457.JPEG
imagenet,n02077923,n02077923/ILSVRC2012_val_00027866.JPEG
imagenet,n02077923,n02077923/ILSVRC2012_val_00029409.JPEG
imagenet,n02077923,n02077923/ILSVRC2012_val_00029634.JPEG
imagenet,n02077923,n02077923/ILSVRC2012_val_00030365.JPEG
imagenet,n02077923,n02077923/ILSVRC2012_val_00030675.JPEG
imagenet,n02077923,n02077923/ILSVRC2012_val_00032166.JPEG
imagenet,n02077923,n02077923/ILSVRC2012_val_00032540.JPEG
imagenet,n02077923,n02077923/ILSVRC2012_val_00032816.JPEG
imagenet,n02077923,n02077923/ILSVRC2012_val_00033000.JPEG
imagenet,n02077923,n02077923/ILSVRC2012_val_00038217.JPEG
imagenet,n02077923,n02077923/ILSVRC2012_val_00038371.JPEG
imagenet,n02077923,n02077923/ILSVRC2012_val_00038726.JPEG
imagenet,n02077923,n02077923/ILSVRC2012_val_00039641.JPEG
imagenet,n02077923,n02077923/ILSVRC2012_val_00041773.JPEG
imagenet,n02077923,n02077923/ILSVRC2012_val_00043231.JPEG
imagenet,n02077923,n02077923/ILSVRC2012_val_00043549.JPEG
imagenet,n02077923,n02077923/ILSVRC2012_val_00044328.JPEG
imagenet,n02077923,n02077923/ILSVRC2012_val_00045435.JPEG
imagenet,n02077923,n02077923/ILSVRC2012_val_00046758.JPEG
imagenet,n02077923,n02077923/ILSVRC2012_val_00046767.JPEG
imagenet,n02077923,n02077923/ILSVRC2012_val_00047983.JPEG
imagenet,n02077923,n02077923/ILSVRC2012_val_00048240.JPEG
imagenet,n02085620,n02085620/ILSVRC2012_val_00001049.JPEG
imagenet,n02085620,n02085620/ILSVRC2012_val_00002917.JPEG
imagenet,n02085620,n02085620/ILSVRC2012_val_00002921.JPEG
imagenet,n02085620,n02085620/ILSVRC2012_val_00006079.JPEG
imagenet,n02085620,n02085620/ILSVRC2012_val_00006892.JPEG
imagenet,n02085620,n02085620/ILSVRC2012_val_00011555.JPEG
imagenet,n02085620,n02085620/ILSVRC2012_val_00011639.JPEG
imagenet,n02085620,n02085620/ILSVRC2012_val_00011728.JPEG
imagenet,n02085620,n02085620/ILSVRC2012_val_00011900.JPEG
imagenet,n02085620,n02085620/ILSVRC2012_val_00012035.JPEG
imagenet,n02085620,n02085620/ILSVRC2012_val_00013195.JPEG
imagenet,n02085620,n02085620/ILSVRC2012_val_00014409.JPEG
imagenet,n02085620,n02085620/ILSVRC2012_val_00016688.JPEG
imagenet,n02085620,n02085620/ILSVRC2012_val_00016757.JPEG
imagenet,n02085620,n02085620/ILSVRC2012_val_00017702.JPEG
imagenet,n02085620,n02085620/ILSVRC2012_val_00018882.JPEG
imagenet,n02085620,n02085620/ILSVRC2012_val_00019402.JPEG
imagenet,n02085620,n02085620/ILSVRC2012_val_00020016.JPEG
imagenet,n02085620,n02085620/ILSVRC2012_val_00021266.JPEG
imagenet,n02085620,n02085620/ILSVRC2012_val_00022609.JPEG
imagenet,n02085620,n02085620/ILSVRC2012_val_00023234.JPEG
imagenet,n02085620,n02085620/ILSVRC2012_val_00023749.JPEG
imagenet,n02085620,n02085620/ILSVRC2012_val_00023886.JPEG
imagenet,n02085620,n02085620/ILSVRC2012_val_00024126.JPEG
imagenet,n02085620,n02085620/ILSVRC2012_val_00024590.JPEG
imagenet,n02085620,n02085620/ILSVRC2012_val_00026910.JPEG
imagenet,n02085620,n02085620/ILSVRC2012_val_00027452.JPEG
imagenet,n02085620,n02085620/ILSVRC2012_val_00028943.JPEG
imagenet,n02085620,n02085620/ILSVRC2012_val_00029289.JPEG
imagenet,n02085620,n02085620/ILSVRC2012_val_00029450.JPEG
imagenet,n02085620,n02085620/ILSVRC2012_val_00030519.JPEG
imagenet,n02085620,n02085620/ILSVRC2012_val_00031154.JPEG
imagenet,n02085620,n02085620/ILSVRC2012_val_00031597.JPEG
imagenet,n02085620,n02085620/ILSVRC2012_val_00031634.JPEG
imagenet,n02085620,n02085620/ILSVRC2012_val_00034782.JPEG
imagenet,n02085620,n02085620/ILSVRC2012_val_00036150.JPEG
imagenet,n02085620,n02085620/ILSVRC2012_val_00037791.JPEG
imagenet,n02085620,n02085620/ILSVRC2012_val_00038157.JPEG
imagenet,n02085620,n02085620/ILSVRC2012_val_00039188.JPEG
imagenet,n02085620,n02085620/ILSVRC2012_val_00039439.JPEG
imagenet,n02085620,n02085620/ILSVRC2012_val_00040731.JPEG
imagenet,n02085620,n02085620/ILSVRC2012_val_00040732.JPEG
imagenet,n02085620,n02085620/ILSVRC2012_val_00041000.JPEG
imagenet,n02085620,n02085620/ILSVRC2012_val_00041205.JPEG
imagenet,n02085620,n02085620/ILSVRC2012_val_00041642.JPEG
imagenet,n02085620,n02085620/ILSVRC2012_val_00041819.JPEG
imagenet,n02085620,n02085620/ILSVRC2012_val_00043872.JPEG
imagenet,n02085620,n02085620/ILSVRC2012_val_00045358.JPEG
imagenet,n02085620,n02085620/ILSVRC2012_val_00046450.JPEG
imagenet,n02085620,n02085620/ILSVRC2012_val_00049159.JPEG
imagenet,n02086240,n02086240/ILSVRC2012_val_00000907.JPEG
imagenet,n02086240,n02086240/ILSVRC2012_val_00001244.JPEG
imagenet,n02086240,n02086240/ILSVRC2012_val_00001393.JPEG
imagenet,n02086240,n02086240/ILSVRC2012_val_00002701.JPEG
imagenet,n02086240,n02086240/ILSVRC2012_val_00002769.JPEG
imagenet,n02086240,n02086240/ILSVRC2012_val_00003841.JPEG
imagenet,n02086240,n02086240/ILSVRC2012_val_00004049.JPEG
imagenet,n02086240,n02086240/ILSVRC2012_val_00004081.JPEG
imagenet,n02086240,n02086240/ILSVRC2012_val_00004359.JPEG
imagenet,n02086240,n02086240/ILSVRC2012_val_00004557.JPEG
imagenet,n02086240,n02086240/ILSVRC2012_val_00005898.JPEG
imagenet,n02086240,n02086240/ILSVRC2012_val_00007958.JPEG
imagenet,n02086240,n02086240/ILSVRC2012_val_00008206.JPEG
imagenet,n02086240,n02086240/ILSVRC2012_val_00010550.JPEG
imagenet,n02086240,n02086240/ILSVRC2012_val_00010805.JPEG
imagenet,n02086240,n02086240/ILSVRC2012_val_00011754.JPEG
imagenet,n02086240,n02086240/ILSVRC2012_val_00011869.JPEG
imagenet,n02086240,n02086240/ILSVRC2012_val_00012394.JPEG
imagenet,n02086240,n02086240/ILSVRC2012_val_00014050.JPEG
imagenet,n02086240,n02086240/ILSVRC2012_val_00014174.JPEG
imagenet,n02086240,n02086240/ILSVRC2012_val_00015738.JPEG
imagenet,n02086240,n02086240/ILSVRC2012_val_00017268.JPEG
imagenet,n02086240,n02086240/ILSVRC2012_val_00018392.JPEG
imagenet,n02086240,n02086240/ILSVRC2012_val_00020379.JPEG
imagenet,n02086240,n02086240/ILSVRC2012_val_00021998.JPEG
imagenet,n02086240,n02086240/ILSVRC2012_val_00022091.JPEG
imagenet,n02086240,n02086240/ILSVRC2012_val_00022799.JPEG
imagenet,n02086240,n02086240/ILSVRC2012_val_00023653.JPEG
imagenet,n02086240,n02086240/ILSVRC2012_val_00024776.JPEG
imagenet,n02086240,n02086240/ILSVRC2012_val_00026070.JPEG
imagenet,n02086240,n02086240/ILSVRC2012_val_00026421.JPEG
imagenet,n02086240,n02086240/ILSVRC2012_val_00026911.JPEG
imagenet,n02086240,n02086240/ILSVRC2012_val_00027703.JPEG
imagenet,n02086240,n02086240/ILSVRC2012_val_00029700.JPEG
imagenet,n02086240,n02086240/ILSVRC2012_val_00031191.JPEG
imagenet,n02086240,n02086240/ILSVRC2012_val_00031419.JPEG
imagenet,n02086240,n02086240/ILSVRC2012_val_00033199.JPEG
imagenet,n02086240,n02086240/ILSVRC2012_val_00035293.JPEG
imagenet,n02086240,n02086240/ILSVRC2012_val_00036602.JPEG
imagenet,n02086240,n02086240/ILSVRC2012_val_00036888.JPEG
imagenet,n02086240,n02086240/ILSVRC2012_val_00038882.JPEG
imagenet,n02086240,n02086240/ILSVRC2012_val_00040043.JPEG
imagenet,n02086240,n02086240/ILSVRC2012_val_00040864.JPEG
imagenet,n02086240,n02086240/ILSVRC2012_val_00042523.JPEG
imagenet,n02086240,n02086240/ILSVRC2012_val_00042556.JPEG
imagenet,n02086240,n02086240/ILSVRC2012_val_00044224.JPEG
imagenet,n02086240,n02086240/ILSVRC2012_val_00044661.JPEG
imagenet,n02086240,n02086240/ILSVRC2012_val_00045970.JPEG
imagenet,n02086240,n02086240/ILSVRC2012_val_00047457.JPEG
imagenet,n02086240,n02086240/ILSVRC2012_val_00049405.JPEG
imagenet,n02088094,n02088094/ILSVRC2012_val_00000082.JPEG
imagenet,n02088094,n02088094/ILSVRC2012_val_00000424.JPEG
imagenet,n02088094,n02088094/ILSVRC2012_val_00005507.JPEG
imagenet,n02088094,n02088094/ILSVRC2012_val_00006143.JPEG
imagenet,n02088094,n02088094/ILSVRC2012_val_00006271.JPEG
imagenet,n02088094,n02088094/ILSVRC2012_val_00006698.JPEG
imagenet,n02088094,n02088094/ILSVRC2012_val_00006799.JPEG
imagenet,n02088094,n02088094/ILSVRC2012_val_00009139.JPEG
imagenet,n02088094,n02088094/ILSVRC2012_val_00009294.JPEG
imagenet,n02088094,n02088094/ILSVRC2012_val_00010902.JPEG
imagenet,n02088094,n02088094/ILSVRC2012_val_00010933.JPEG
imagenet,n02088094,n02088094/ILSVRC2012_val_00013800.JPEG
imagenet,n02088094,n02088094/ILSVRC2012_val_00014386.JPEG
imagenet,n02088094,n02088094/ILSVRC2012_val_00015249.JPEG
imagenet,n02088094,n02088094/ILSVRC2012_val_00015990.JPEG
imagenet,n02088094,n02088094/ILSVRC2012_val_00016722.JPEG
imagenet,n02088094,n02088094/ILSVRC2012_val_00017043.JPEG
imagenet,n02088094,n02088094/ILSVRC2012_val_00017625.JPEG
imagenet,n02088094,n02088094/ILSVRC2012_val_00021532.JPEG
imagenet,n02088094,n02088094/ILSVRC2012_val_00027757.JPEG
imagenet,n02088094,n02088094/ILSVRC2012_val_00029056.JPEG
imagenet,n02088094,n02088094/ILSVRC2012_val_00029140.JPEG
imagenet,n02088094,n02088094/ILSVRC2012_val_00029191.JPEG
imagenet,n02088094,n02088094/ILSVRC2012_val_00029232.JPEG
imagenet,n02088094,n02088094/ILSVRC2012_val_00029861.JPEG
imagenet,n02088094,n02088094/ILSVRC2012_val_00029899.JPEG
imagenet,n02088094,n02088094/ILSVRC2012_val_00030323.JPEG
imagenet,n02088094,n02088094/ILSVRC2012_val_00031345.JPEG
imagenet,n02088094,n02088094/ILSVRC2012_val_00031439.JPEG
imagenet,n02088094,n02088094/ILSVRC2012_val_00032668.JPEG
imagenet,n02088094,n02088094/ILSVRC2012_val_00035315.JPEG
imagenet,n02088094,n02088094/ILSVRC2012_val_00036395.JPEG
imagenet,n02088094,n02088094/ILSVRC2012_val_00036881.JPEG
imagenet,n02088094,n02088094/ILSVRC2012_val_00040105.JPEG
imagenet,n02088094,n02088094/ILSVRC2012_val_00040396.JPEG
imagenet,n02088094,n02088094/ILSVRC2012_val_00042097.JPEG
imagenet,n02088094,n02088094/ILSVRC2012_val_00042972.JPEG
imagenet,n02088094,n02088094/ILSVRC2012_val_00043627.JPEG
imagenet,n02088094,n02088094/ILSVRC2012_val_00043825.JPEG
imagenet,n02088094,n02088094/ILSVRC2012_val_00043993.JPEG
imagenet,n02088094,n02088094/ILSVRC2012_val_00044215.JPEG
imagenet,n02088094,n02088094/ILSVRC2012_val_00044644.JPEG
imagenet,n02088094,n02088094/ILSVRC2012_val_00045229.JPEG
imagenet,n02088094,n02088094/ILSVRC2012_val_00046785.JPEG
imagenet,n02088094,n02088094/ILSVRC2012_val_00046996.JPEG
imagenet,n02088094,n02088094/ILSVRC2012_val_00047004.JPEG
imagenet,n02088094,n02088094/ILSVRC2012_val_00048915.JPEG
imagenet,n02088094,n02088094/ILSVRC2012_val_00049756.JPEG
imagenet,n02088094,n02088094/ILSVRC2012_val_00049878.JPEG
imagenet,n02088094,n02088094/ILSVRC2012_val_00049894.JPEG
imagenet,n02088238,n02088238/ILSVRC2012_val_00000838.JPEG
imagenet,n02088238,n02088238/ILSVRC2012_val_00000992.JPEG
imagenet,n02088238,n02088238/ILSVRC2012_val_00002111.JPEG
imagenet,n02088238,n02088238/ILSVRC2012_val_00003922.JPEG
imagenet,n02088238,n02088238/ILSVRC2012_val_00004403.JPEG
imagenet,n02088238,n02088238/ILSVRC2012_val_00008311.JPEG
imagenet,n02088238,n02088238/ILSVRC2012_val_00008552.JPEG
imagenet,n02088238,n02088238/ILSVRC2012_val_00011191.JPEG
imagenet,n02088238,n02088238/ILSVRC2012_val_00011434.JPEG
imagenet,n02088238,n02088238/ILSVRC2012_val_00013260.JPEG
imagenet,n02088238,n02088238/ILSVRC2012_val_00014024.JPEG
imagenet,n02088238,n02088238/ILSVRC2012_val_00014030.JPEG
imagenet,n02088238,n02088238/ILSVRC2012_val_00014234.JPEG
imagenet,n02088238,n02088238/ILSVRC2012_val_00014887.JPEG
imagenet,n02088238,n02088238/ILSVRC2012_val_00015217.JPEG
imagenet,n02088238,n02088238/ILSVRC2012_val_00015405.JPEG
imagenet,n02088238,n02088238/ILSVRC2012_val_00017892.JPEG
imagenet,n02088238,n02088238/ILSVRC2012_val_00017935.JPEG
imagenet,n02088238,n02088238/ILSVRC2012_val_00019581.JPEG
imagenet,n02088238,n02088238/ILSVRC2012_val_00020460.JPEG
imagenet,n02088238,n02088238/ILSVRC2012_val_00020468.JPEG
imagenet,n02088238,n02088238/ILSVRC2012_val_00020535.JPEG
imagenet,n02088238,n02088238/ILSVRC2012_val_00020930.JPEG
imagenet,n02088238,n02088238/ILSVRC2012_val_00023250.JPEG
imagenet,n02088238,n02088238/ILSVRC2012_val_00023939.JPEG
imagenet,n02088238,n02088238/ILSVRC2012_val_00023968.JPEG
imagenet,n02088238,n02088238/ILSVRC2012_val_00024258.JPEG
imagenet,n02088238,n02088238/ILSVRC2012_val_00024881.JPEG
imagenet,n02088238,n02088238/ILSVRC2012_val_00025539.JPEG
imagenet,n02088238,n02088238/ILSVRC2012_val_00026622.JPEG
imagenet,n02088238,n02088238/ILSVRC2012_val_00027114.JPEG
imagenet,n02088238,n02088238/ILSVRC2012_val_00027939.JPEG
imagenet,n02088238,n02088238/ILSVRC2012_val_00029477.JPEG
imagenet,n02088238,n02088238/ILSVRC2012_val_00030429.JPEG
imagenet,n02088238,n02088238/ILSVRC2012_val_00033003.JPEG
imagenet,n02088238,n02088238/ILSVRC2012_val_00034260.JPEG
imagenet,n02088238,n02088238/ILSVRC2012_val_00034571.JPEG
imagenet,n02088238,n02088238/ILSVRC2012_val_00035117.JPEG
imagenet,n02088238,n02088238/ILSVRC2012_val_00036343.JPEG
imagenet,n02088238,n02088238/ILSVRC2012_val_00037804.JPEG
imagenet,n02088238,n02088238/ILSVRC2012_val_00039242.JPEG
imagenet,n02088238,n02088238/ILSVRC2012_val_00039556.JPEG
imagenet,n02088238,n02088238/ILSVRC2012_val_00040131.JPEG
imagenet,n02088238,n02088238/ILSVRC2012_val_00040185.JPEG
imagenet,n02088238,n02088238/ILSVRC2012_val_00040585.JPEG
imagenet,n02088238,n02088238/ILSVRC2012_val_00041894.JPEG
imagenet,n02088238,n02088238/ILSVRC2012_val_00046072.JPEG
imagenet,n02088238,n02088238/ILSVRC2012_val_00047981.JPEG
imagenet,n02088238,n02088238/ILSVRC2012_val_00049819.JPEG
imagenet,n02088238,n02088238/ILSVRC2012_val_00049931.JPEG
imagenet,n02088364,n02088364/ILSVRC2012_val_00000599.JPEG
imagenet,n02088364,n02088364/ILSVRC2012_val_00002079.JPEG
imagenet,n02088364,n02088364/ILSVRC2012_val_00005291.JPEG
imagenet,n02088364,n02088364/ILSVRC2012_val_00005922.JPEG
imagenet,n02088364,n02088364/ILSVRC2012_val_00008435.JPEG
imagenet,n02088364,n02088364/ILSVRC2012_val_00008675.JPEG
imagenet,n02088364,n02088364/ILSVRC2012_val_00009542.JPEG
imagenet,n02088364,n02088364/ILSVRC2012_val_00009664.JPEG
imagenet,n02088364,n02088364/ILSVRC2012_val_00010420.JPEG
imagenet,n02088364,n02088364/ILSVRC2012_val_00011384.JPEG
imagenet,n02088364,n02088364/ILSVRC2012_val_00011719.JPEG
imagenet,n02088364,n02088364/ILSVRC2012_val_00012235.JPEG
imagenet,n02088364,n02088364/ILSVRC2012_val_00013381.JPEG
imagenet,n02088364,n02088364/ILSVRC2012_val_00016656.JPEG
imagenet,n02088364,n02088364/ILSVRC2012_val_00017873.JPEG
imagenet,n02088364,n02088364/ILSVRC2012_val_00018480.JPEG
imagenet,n02088364,n02088364/ILSVRC2012_val_00018916.JPEG
imagenet,n02088364,n02088364/ILSVRC2012_val_00019187.JPEG
imagenet,n02088364,n02088364/ILSVRC2012_val_00019283.JPEG
imagenet,n02088364,n02088364/ILSVRC2012_val_00020553.JPEG
imagenet,n02088364,n02088364/ILSVRC2012_val_00020762.JPEG
imagenet,n02088364,n02088364/ILSVRC2012_val_00023357.JPEG
imagenet,n02088364,n02088364/ILSVRC2012_val_00025393.JPEG
imagenet,n02088364,n02088364/ILSVRC2012_val_00025613.JPEG
imagenet,n02088364,n02088364/ILSVRC2012_val_00027347.JPEG
imagenet,n02088364,n02088364/ILSVRC2012_val_00027804.JPEG
imagenet,n02088364,n02088364/ILSVRC2012_val_00027989.JPEG
imagenet,n02088364,n02088364/ILSVRC2012_val_00028001.JPEG
imagenet,n02088364,n02088364/ILSVRC2012_val_00028602.JPEG
imagenet,n02088364,n02088364/ILSVRC2012_val_00029932.JPEG
imagenet,n02088364,n02088364/ILSVRC2012_val_00030567.JPEG
imagenet,n02088364,n02088364/ILSVRC2012_val_00031220.JPEG
imagenet,n02088364,n02088364/ILSVRC2012_val_00032527.JPEG
imagenet,n02088364,n02088364/ILSVRC2012_val_00032594.JPEG
imagenet,n02088364,n02088364/ILSVRC2012_val_00034041.JPEG
imagenet,n02088364,n02088364/ILSVRC2012_val_00034275.JPEG
imagenet,n02088364,n02088364/ILSVRC2012_val_00035320.JPEG
imagenet,n02088364,n02088364/ILSVRC2012_val_00035414.JPEG
imagenet,n02088364,n02088364/ILSVRC2012_val_00036340.JPEG
imagenet,n02088364,n02088364/ILSVRC2012_val_00037353.JPEG
imagenet,n02088364,n02088364/ILSVRC2012_val_00039659.JPEG
imagenet,n02088364,n02088364/ILSVRC2012_val_00042258.JPEG
imagenet,n02088364,n02088364/ILSVRC2012_val_00042531.JPEG
imagenet,n02088364,n02088364/ILSVRC2012_val_00044978.JPEG
imagenet,n02088364,n02088364/ILSVRC2012_val_00047125.JPEG
imagenet,n02088364,n02088364/ILSVRC2012_val_00047309.JPEG
imagenet,n02088364,n02088364/ILSVRC2012_val_00048167.JPEG
imagenet,n02088364,n02088364/ILSVRC2012_val_00048273.JPEG
imagenet,n02088364,n02088364/ILSVRC2012_val_00049354.JPEG
imagenet,n02088364,n02088364/ILSVRC2012_val_00049604.JPEG
imagenet,n02088466,n02088466/ILSVRC2012_val_00000141.JPEG
imagenet,n02088466,n02088466/ILSVRC2012_val_00000884.JPEG
imagenet,n02088466,n02088466/ILSVRC2012_val_00000909.JPEG
imagenet,n02088466,n02088466/ILSVRC2012_val_00002503.JPEG
imagenet,n02088466,n02088466/ILSVRC2012_val_00003954.JPEG
imagenet,n02088466,n02088466/ILSVRC2012_val_00006895.JPEG
imagenet,n02088466,n02088466/ILSVRC2012_val_00007178.JPEG
imagenet,n02088466,n02088466/ILSVRC2012_val_00008375.JPEG
imagenet,n02088466,n02088466/ILSVRC2012_val_00008460.JPEG
imagenet,n02088466,n02088466/ILSVRC2012_val_00009963.JPEG
imagenet,n02088466,n02088466/ILSVRC2012_val_00010842.JPEG
imagenet,n02088466,n02088466/ILSVRC2012_val_00013080.JPEG
imagenet,n02088466,n02088466/ILSVRC2012_val_00013651.JPEG
imagenet,n02088466,n02088466/ILSVRC2012_val_00014580.JPEG
imagenet,n02088466,n02088466/ILSVRC2012_val_00014631.JPEG
imagenet,n02088466,n02088466/ILSVRC2012_val_00014867.JPEG
imagenet,n02088466,n02088466/ILSVRC2012_val_00015244.JPEG
imagenet,n02088466,n02088466/ILSVRC2012_val_00017226.JPEG
imagenet,n02088466,n02088466/ILSVRC2012_val_00017511.JPEG
imagenet,n02088466,n02088466/ILSVRC2012_val_00018835.JPEG
imagenet,n02088466,n02088466/ILSVRC2012_val_00019241.JPEG
imagenet,n02088466,n02088466/ILSVRC2012_val_00020047.JPEG
imagenet,n02088466,n02088466/ILSVRC2012_val_00020717.JPEG
imagenet,n02088466,n02088466/ILSVRC2012_val_00020740.JPEG
imagenet,n02088466,n02088466/ILSVRC2012_val_00021915.JPEG
imagenet,n02088466,n02088466/ILSVRC2012_val_00023811.JPEG
imagenet,n02088466,n02088466/ILSVRC2012_val_00024046.JPEG
imagenet,n02088466,n02088466/ILSVRC2012_val_00024090.JPEG
imagenet,n02088466,n02088466/ILSVRC2012_val_00024505.JPEG
imagenet,n02088466,n02088466/ILSVRC2012_val_00025718.JPEG
imagenet,n02088466,n02088466/ILSVRC2012_val_00028118.JPEG
imagenet,n02088466,n02088466/ILSVRC2012_val_00028716.JPEG
imagenet,n02088466,n02088466/ILSVRC2012_val_00029326.JPEG
imagenet,n02088466,n02088466/ILSVRC2012_val_00031603.JPEG
imagenet,n02088466,n02088466/ILSVRC2012_val_00032365.JPEG
imagenet,n02088466,n02088466/ILSVRC2012_val_00034356.JPEG
imagenet,n02088466,n02088466/ILSVRC2012_val_00036523.JPEG
imagenet,n02088466,n02088466/ILSVRC2012_val_00038054.JPEG
imagenet,n02088466,n02088466/ILSVRC2012_val_00038477.JPEG
imagenet,n02088466,n02088466/ILSVRC2012_val_00039540.JPEG
imagenet,n02088466,n02088466/ILSVRC2012_val_00039741.JPEG
imagenet,n02088466,n02088466/ILSVRC2012_val_00039900.JPEG
imagenet,n02088466,n02088466/ILSVRC2012_val_00040708.JPEG
imagenet,n02088466,n02088466/ILSVRC2012_val_00042692.JPEG
imagenet,n02088466,n02088466/ILSVRC2012_val_00043153.JPEG
imagenet,n02088466,n02088466/ILSVRC2012_val_00044554.JPEG
imagenet,n02088466,n02088466/ILSVRC2012_val_00044605.JPEG
imagenet,n02088466,n02088466/ILSVRC2012_val_00044716.JPEG
imagenet,n02088466,n02088466/ILSVRC2012_val_00046691.JPEG
imagenet,n02088466,n02088466/ILSVRC2012_val_00049762.JPEG
imagenet,n02091032,n02091032/ILSVRC2012_val_00001825.JPEG
imagenet,n02091032,n02091032/ILSVRC2012_val_00002024.JPEG
imagenet,n02091032,n02091032/ILSVRC2012_val_00002239.JPEG
imagenet,n02091032,n02091032/ILSVRC2012_val_00002325.JPEG
imagenet,n02091032,n02091032/ILSVRC2012_val_00004231.JPEG
imagenet,n02091032,n02091032/ILSVRC2012_val_00005059.JPEG
imagenet,n02091032,n02091032/ILSVRC2012_val_00005471.JPEG
imagenet,n02091032,n02091032/ILSVRC2012_val_00006054.JPEG
imagenet,n02091032,n02091032/ILSVRC2012_val_00006261.JPEG
imagenet,n02091032,n02091032/ILSVRC2012_val_00007371.JPEG
imagenet,n02091032,n02091032/ILSVRC2012_val_00008997.JPEG
imagenet,n02091032,n02091032/ILSVRC2012_val_00010302.JPEG
imagenet,n02091032,n02091032/ILSVRC2012_val_00011356.JPEG
imagenet,n02091032,n02091032/ILSVRC2012_val_00012416.JPEG
imagenet,n02091032,n02091032/ILSVRC2012_val_00014653.JPEG
imagenet,n02091032,n02091032/ILSVRC2012_val_00017147.JPEG
imagenet,n02091032,n02091032/ILSVRC2012_val_00018326.JPEG
imagenet,n02091032,n02091032/ILSVRC2012_val_00018767.JPEG
imagenet,n02091032,n02091032/ILSVRC2012_val_00019087.JPEG
imagenet,n02091032,n02091032/ILSVRC2012_val_00019216.JPEG
imagenet,n02091032,n02091032/ILSVRC2012_val_00019488.JPEG
imagenet,n02091032,n02091032/ILSVRC2012_val_00019545.JPEG
imagenet,n02091032,n02091032/ILSVRC2012_val_00019743.JPEG
imagenet,n02091032,n02091032/ILSVRC2012_val_00020613.JPEG
imagenet,n02091032,n02091032/ILSVRC2012_val_00021543.JPEG
imagenet,n02091032,n02091032/ILSVRC2012_val_00022684.JPEG
imagenet,n02091032,n02091032/ILSVRC2012_val_00023949.JPEG
imagenet,n02091032,n02091032/ILSVRC2012_val_00026310.JPEG
imagenet,n02091032,n02091032/ILSVRC2012_val_00027077.JPEG
imagenet,n02091032,n02091032/ILSVRC2012_val_00029591.JPEG
imagenet,n02091032,n02091032/ILSVRC2012_val_00031302.JPEG
imagenet,n02091032,n02091032/ILSVRC2012_val_00031868.JPEG
imagenet,n02091032,n02091032/ILSVRC2012_val_00032493.JPEG
imagenet,n02091032,n02091032/ILSVRC2012_val_00033015.JPEG
imagenet,n02091032,n02091032/ILSVRC2012_val_00034184.JPEG
imagenet,n02091032,n02091032/ILSVRC2012_val_00035423.JPEG
imagenet,n02091032,n02091032/ILSVRC2012_val_00038196.JPEG
imagenet,n02091032,n02091032/ILSVRC2012_val_00038438.JPEG
imagenet,n02091032,n02091032/ILSVRC2012_val_00039048.JPEG
imagenet,n02091032,n02091032/ILSVRC2012_val_00039851.JPEG
imagenet,n02091032,n02091032/ILSVRC2012_val_00042099.JPEG
imagenet,n02091032,n02091032/ILSVRC2012_val_00042240.JPEG
imagenet,n02091032,n02091032/ILSVRC2012_val_00042781.JPEG
imagenet,n02091032,n02091032/ILSVRC2012_val_00043917.JPEG
imagenet,n02091032,n02091032/ILSVRC2012_val_00045382.JPEG
imagenet,n02091032,n02091032/ILSVRC2012_val_00046154.JPEG
imagenet,n02091032,n02091032/ILSVRC2012_val_00046583.JPEG
imagenet,n02091032,n02091032/ILSVRC2012_val_00046897.JPEG
imagenet,n02091032,n02091032/ILSVRC2012_val_00049193.JPEG
imagenet,n02091032,n02091032/ILSVRC2012_val_00049324.JPEG
imagenet,n02091134,n02091134/ILSVRC2012_val_00001846.JPEG
imagenet,n02091134,n02091134/ILSVRC2012_val_00002648.JPEG
imagenet,n02091134,n02091134/ILSVRC2012_val_00002869.JPEG
imagenet,n02091134,n02091134/ILSVRC2012_val_00003597.JPEG
imagenet,n02091134,n02091134/ILSVRC2012_val_00004378.JPEG
imagenet,n02091134,n02091134/ILSVRC2012_val_00004407.JPEG
imagenet,n02091134,n02091134/ILSVRC2012_val_00004823.JPEG
imagenet,n02091134,n02091134/ILSVRC2012_val_00004956.JPEG
imagenet,n02091134,n02091134/ILSVRC2012_val_00007445.JPEG
imagenet,n02091134,n02091134/ILSVRC2012_val_00007933.JPEG
imagenet,n02091134,n02091134/ILSVRC2012_val_00012262.JPEG
imagenet,n02091134,n02091134/ILSVRC2012_val_00012492.JPEG
imagenet,n02091134,n02091134/ILSVRC2012_val_00012644.JPEG
imagenet,n02091134,n02091134/ILSVRC2012_val_00012888.JPEG
imagenet,n02091134,n02091134/ILSVRC2012_val_00012906.JPEG
imagenet,n02091134,n02091134/ILSVRC2012_val_00015562.JPEG
imagenet,n02091134,n02091134/ILSVRC2012_val_00016886.JPEG
imagenet,n02091134,n02091134/ILSVRC2012_val_00017287.JPEG
imagenet,n02091134,n02091134/ILSVRC2012_val_00017871.JPEG
imagenet,n02091134,n02091134/ILSVRC2012_val_00018035.JPEG
imagenet,n02091134,n02091134/ILSVRC2012_val_00019115.JPEG
imagenet,n02091134,n02091134/ILSVRC2012_val_00019771.JPEG
imagenet,n02091134,n02091134/ILSVRC2012_val_00019922.JPEG
imagenet,n02091134,n02091134/ILSVRC2012_val_00022753.JPEG
imagenet,n02091134,n02091134/ILSVRC2012_val_00023235.JPEG
imagenet,n02091134,n02091134/ILSVRC2012_val_00023285.JPEG
imagenet,n02091134,n02091134/ILSVRC2012_val_00023697.JPEG
imagenet,n02091134,n02091134/ILSVRC2012_val_00023877.JPEG
imagenet,n02091134,n02091134/ILSVRC2012_val_00025787.JPEG
imagenet,n02091134,n02091134/ILSVRC2012_val_00028379.JPEG
imagenet,n02091134,n02091134/ILSVRC2012_val_00029407.JPEG
imagenet,n02091134,n02091134/ILSVRC2012_val_00031544.JPEG
imagenet,n02091134,n02091134/ILSVRC2012_val_00032398.JPEG
imagenet,n02091134,n02091134/ILSVRC2012_val_00033267.JPEG
imagenet,n02091134,n02091134/ILSVRC2012_val_00034906.JPEG
imagenet,n02091134,n02091134/ILSVRC2012_val_00035403.JPEG
imagenet,n02091134,n02091134/ILSVRC2012_val_00035997.JPEG
imagenet,n02091134,n02091134/ILSVRC2012_val_00036700.JPEG
imagenet,n02091134,n02091134/ILSVRC2012_val_00036765.JPEG
imagenet,n02091134,n02091134/ILSVRC2012_val_00037101.JPEG
imagenet,n02091134,n02091134/ILSVRC2012_val_00039233.JPEG
imagenet,n02091134,n02091134/ILSVRC2012_val_00041224.JPEG
imagenet,n02091134,n02091134/ILSVRC2012_val_00042414.JPEG
imagenet,n02091134,n02091134/ILSVRC2012_val_00043009.JPEG
imagenet,n02091134,n02091134/ILSVRC2012_val_00043147.JPEG
imagenet,n02091134,n02091134/ILSVRC2012_val_00043370.JPEG
imagenet,n02091134,n02091134/ILSVRC2012_val_00044908.JPEG
imagenet,n02091134,n02091134/ILSVRC2012_val_00045708.JPEG
imagenet,n02091134,n02091134/ILSVRC2012_val_00047492.JPEG
imagenet,n02091134,n02091134/ILSVRC2012_val_00049778.JPEG
imagenet,n02092339,n02092339/ILSVRC2012_val_00001385.JPEG
imagenet,n02092339,n02092339/ILSVRC2012_val_00001425.JPEG
imagenet,n02092339,n02092339/ILSVRC2012_val_00001485.JPEG
imagenet,n02092339,n02092339/ILSVRC2012_val_00001486.JPEG
imagenet,n02092339,n02092339/ILSVRC2012_val_00002847.JPEG
imagenet,n02092339,n02092339/ILSVRC2012_val_00004974.JPEG
imagenet,n02092339,n02092339/ILSVRC2012_val_00006676.JPEG
imagenet,n02092339,n02092339/ILSVRC2012_val_00009858.JPEG
imagenet,n02092339,n02092339/ILSVRC2012_val_00010015.JPEG
imagenet,n02092339,n02092339/ILSVRC2012_val_00010294.JPEG
imagenet,n02092339,n02092339/ILSVRC2012_val_00010657.JPEG
imagenet,n02092339,n02092339/ILSVRC2012_val_00011391.JPEG
imagenet,n02092339,n02092339/ILSVRC2012_val_00014605.JPEG
imagenet,n02092339,n02092339/ILSVRC2012_val_00015798.JPEG
imagenet,n02092339,n02092339/ILSVRC2012_val_00015848.JPEG
imagenet,n02092339,n02092339/ILSVRC2012_val_00017966.JPEG
imagenet,n02092339,n02092339/ILSVRC2012_val_00018536.JPEG
imagenet,n02092339,n02092339/ILSVRC2012_val_00019259.JPEG
imagenet,n02092339,n02092339/ILSVRC2012_val_00020010.JPEG
imagenet,n02092339,n02092339/ILSVRC2012_val_00021315.JPEG
imagenet,n02092339,n02092339/ILSVRC2012_val_00021668.JPEG
imagenet,n02092339,n02092339/ILSVRC2012_val_00022824.JPEG
imagenet,n02092339,n02092339/ILSVRC2012_val_00023005.JPEG
imagenet,n02092339,n02092339/ILSVRC2012_val_00024470.JPEG
imagenet,n02092339,n02092339/ILSVRC2012_val_00024567.JPEG
imagenet,n02092339,n02092339/ILSVRC2012_val_00025015.JPEG
imagenet,n02092339,n02092339/ILSVRC2012_val_00025680.JPEG
imagenet,n02092339,n02092339/ILSVRC2012_val_00025711.JPEG
imagenet,n02092339,n02092339/ILSVRC2012_val_00026387.JPEG
imagenet,n02092339,n02092339/ILSVRC2012_val_00030285.JPEG
imagenet,n02092339,n02092339/ILSVRC2012_val_00030591.JPEG
imagenet,n02092339,n02092339/ILSVRC2012_val_00030648.JPEG
imagenet,n02092339,n02092339/ILSVRC2012_val_00031532.JPEG
imagenet,n02092339,n02092339/ILSVRC2012_val_00032957.JPEG
imagenet,n02092339,n02092339/ILSVRC2012_val_00034796.JPEG
imagenet,n02092339,n02092339/ILSVRC2012_val_00038143.JPEG
imagenet,n02092339,n02092339/ILSVRC2012_val_00040419.JPEG
imagenet,n02092339,n02092339/ILSVRC2012_val_00040809.JPEG
imagenet,n02092339,n02092339/ILSVRC2012_val_00040872.JPEG
imagenet,n02092339,n02092339/ILSVRC2012_val_00042745.JPEG
imagenet,n02092339,n02092339/ILSVRC2012_val_00044137.JPEG
imagenet,n02092339,n02092339/ILSVRC2012_val_00044611.JPEG
imagenet,n02092339,n02092339/ILSVRC2012_val_00044897.JPEG
imagenet,n02092339,n02092339/ILSVRC2012_val_00046536.JPEG
imagenet,n02092339,n02092339/ILSVRC2012_val_00046957.JPEG
imagenet,n02092339,n02092339/ILSVRC2012_val_00047244.JPEG
imagenet,n02092339,n02092339/ILSVRC2012_val_00047414.JPEG
imagenet,n02092339,n02092339/ILSVRC2012_val_00047584.JPEG
imagenet,n02092339,n02092339/ILSVRC2012_val_00049196.JPEG
imagenet,n02092339,n02092339/ILSVRC2012_val_00049374.JPEG
imagenet,n02094433,n02094433/ILSVRC2012_val_00000696.JPEG
imagenet,n02094433,n02094433/ILSVRC2012_val_00000949.JPEG
imagenet,n02094433,n02094433/ILSVRC2012_val_00001597.JPEG
imagenet,n02094433,n02094433/ILSVRC2012_val_00005942.JPEG
imagenet,n02094433,n02094433/ILSVRC2012_val_00006083.JPEG
imagenet,n02094433,n02094433/ILSVRC2012_val_00008324.JPEG
imagenet,n02094433,n02094433/ILSVRC2012_val_00008374.JPEG
imagenet,n02094433,n02094433/ILSVRC2012_val_00008956.JPEG
imagenet,n02094433,n02094433/ILSVRC2012_val_00009244.JPEG
imagenet,n02094433,n02094433/ILSVRC2012_val_00010584.JPEG
imagenet,n02094433,n02094433/ILSVRC2012_val_00011893.JPEG
imagenet,n02094433,n02094433/ILSVRC2012_val_00012611.JPEG
imagenet,n02094433,n02094433/ILSVRC2012_val_00012791.JPEG
imagenet,n02094433,n02094433/ILSVRC2012_val_00015703.JPEG
imagenet,n02094433,n02094433/ILSVRC2012_val_00016973.JPEG
imagenet,n02094433,n02094433/ILSVRC2012_val_00017328.JPEG
imagenet,n02094433,n02094433/ILSVRC2012_val_00017964.JPEG
imagenet,n02094433,n02094433/ILSVRC2012_val_00018550.JPEG
imagenet,n02094433,n02094433/ILSVRC2012_val_00019702.JPEG
imagenet,n02094433,n02094433/ILSVRC2012_val_00020628.JPEG
imagenet,n02094433,n02094433/ILSVRC2012_val_00021892.JPEG
imagenet,n02094433,n02094433/ILSVRC2012_val_00024206.JPEG
imagenet,n02094433,n02094433/ILSVRC2012_val_00024241.JPEG
imagenet,n02094433,n02094433/ILSVRC2012_val_00025821.JPEG
imagenet,n02094433,n02094433/ILSVRC2012_val_00027485.JPEG
imagenet,n02094433,n02094433/ILSVRC2012_val_00027517.JPEG
imagenet,n02094433,n02094433/ILSVRC2012_val_00028993.JPEG
imagenet,n02094433,n02094433/ILSVRC2012_val_00029023.JPEG
imagenet,n02094433,n02094433/ILSVRC2012_val_00029506.JPEG
imagenet,n02094433,n02094433/ILSVRC2012_val_00032240.JPEG
imagenet,n02094433,n02094433/ILSVRC2012_val_00034009.JPEG
imagenet,n02094433,n02094433/ILSVRC2012_val_00034082.JPEG
imagenet,n02094433,n02094433/ILSVRC2012_val_00035705.JPEG
imagenet,n02094433,n02094433/ILSVRC2012_val_00035939.JPEG
imagenet,n02094433,n02094433/ILSVRC2012_val_00036254.JPEG
imagenet,n02094433,n02094433/ILSVRC2012_val_00037529.JPEG
imagenet,n02094433,n02094433/ILSVRC2012_val_00037838.JPEG
imagenet,n02094433,n02094433/ILSVRC2012_val_00038552.JPEG
imagenet,n02094433,n02094433/ILSVRC2012_val_00039256.JPEG
imagenet,n02094433,n02094433/ILSVRC2012_val_00040036.JPEG
imagenet,n02094433,n02094433/ILSVRC2012_val_00040298.JPEG
imagenet,n02094433,n02094433/ILSVRC2012_val_00040968.JPEG
imagenet,n02094433,n02094433/ILSVRC2012_val_00043233.JPEG
imagenet,n02094433,n02094433/ILSVRC2012_val_00043583.JPEG
imagenet,n02094433,n02094433/ILSVRC2012_val_00044200.JPEG
imagenet,n02094433,n02094433/ILSVRC2012_val_00045790.JPEG
imagenet,n02094433,n02094433/ILSVRC2012_val_00045818.JPEG
imagenet,n02094433,n02094433/ILSVRC2012_val_00046717.JPEG
imagenet,n02094433,n02094433/ILSVRC2012_val_00047648.JPEG
imagenet,n02094433,n02094433/ILSVRC2012_val_00047976.JPEG
imagenet,n02096585,n02096585/ILSVRC2012_val_00000350.JPEG
imagenet,n02096585,n02096585/ILSVRC2012_val_00001297.JPEG
imagenet,n02096585,n02096585/ILSVRC2012_val_00002406.JPEG
imagenet,n02096585,n02096585/ILSVRC2012_val_00003354.JPEG
imagenet,n02096585,n02096585/ILSVRC2012_val_00003774.JPEG
imagenet,n02096585,n02096585/ILSVRC2012_val_00004674.JPEG
imagenet,n02096585,n02096585/ILSVRC2012_val_00004770.JPEG
imagenet,n02096585,n02096585/ILSVRC2012_val_00004941.JPEG
imagenet,n02096585,n02096585/ILSVRC2012_val_00005457.JPEG
imagenet,n02096585,n02096585/ILSVRC2012_val_00006314.JPEG
imagenet,n02096585,n02096585/ILSVRC2012_val_00009634.JPEG
imagenet,n02096585,n02096585/ILSVRC2012_val_00009712.JPEG
imagenet,n02096585,n02096585/ILSVRC2012_val_00010290.JPEG
imagenet,n02096585,n02096585/ILSVRC2012_val_00010449.JPEG
imagenet,n02096585,n02096585/ILSVRC2012_val_00011673.JPEG
imagenet,n02096585,n02096585/ILSVRC2012_val_00012196.JPEG
imagenet,n02096585,n02096585/ILSVRC2012_val_00014081.JPEG
imagenet,n02096585,n02096585/ILSVRC2012_val_00014651.JPEG
imagenet,n02096585,n02096585/ILSVRC2012_val_00014729.JPEG
imagenet,n02096585,n02096585/ILSVRC2012_val_00015204.JPEG
imagenet,n02096585,n02096585/ILSVRC2012_val_00015705.JPEG
imagenet,n02096585,n02096585/ILSVRC2012_val_00015723.JPEG
imagenet,n02096585,n02096585/ILSVRC2012_val_00015759.JPEG
imagenet,n02096585,n02096585/ILSVRC2012_val_00016902.JPEG
imagenet,n02096585,n02096585/ILSVRC2012_val_00017052.JPEG
imagenet,n02096585,n02096585/ILSVRC2012_val_00021638.JPEG
imagenet,n02096585,n02096585/ILSVRC2012_val_00021914.JPEG
imagenet,n02096585,n02096585/ILSVRC2012_val_00022848.JPEG
imagenet,n02096585,n02096585/ILSVRC2012_val_00025424.JPEG
imagenet,n02096585,n02096585/ILSVRC2012_val_00025498.JPEG
imagenet,n02096585,n02096585/ILSVRC2012_val_00028307.JPEG
imagenet,n02096585,n02096585/ILSVRC2012_val_00030228.JPEG
imagenet,n02096585,n02096585/ILSVRC2012_val_00033268.JPEG
imagenet,n02096585,n02096585/ILSVRC2012_val_00033295.JPEG
imagenet,n02096585,n02096585/ILSVRC2012_val_00034209.JPEG
imagenet,n02096585,n02096585/ILSVRC2012_val_00034691.JPEG
imagenet,n02096585,n02096585/ILSVRC2012_val_00035182.JPEG
imagenet,n02096585,n02096585/ILSVRC2012_val_00036478.JPEG
imagenet,n02096585,n02096585/ILSVRC2012_val_00037256.JPEG
imagenet,n02096585,n02096585/ILSVRC2012_val_00038912.JPEG
imagenet,n02096585,n02096585/ILSVRC2012_val_00039397.JPEG
imagenet,n02096585,n02096585/ILSVRC2012_val_00039408.JPEG
imagenet,n02096585,n02096585/ILSVRC2012_val_00039852.JPEG
imagenet,n02096585,n02096585/ILSVRC2012_val_00039926.JPEG
imagenet,n02096585,n02096585/ILSVRC2012_val_00043564.JPEG
imagenet,n02096585,n02096585/ILSVRC2012_val_00044773.JPEG
imagenet,n02096585,n02096585/ILSVRC2012_val_00045047.JPEG
imagenet,n02096585,n02096585/ILSVRC2012_val_00046398.JPEG
imagenet,n02096585,n02096585/ILSVRC2012_val_00047991.JPEG
imagenet,n02096585,n02096585/ILSVRC2012_val_00048157.JPEG
imagenet,n02097298,n02097298/ILSVRC2012_val_00000411.JPEG
imagenet,n02097298,n02097298/ILSVRC2012_val_00000440.JPEG
imagenet,n02097298,n02097298/ILSVRC2012_val_00001445.JPEG
imagenet,n02097298,n02097298/ILSVRC2012_val_00002313.JPEG
imagenet,n02097298,n02097298/ILSVRC2012_val_00003232.JPEG
imagenet,n02097298,n02097298/ILSVRC2012_val_00003584.JPEG
imagenet,n02097298,n02097298/ILSVRC2012_val_00004549.JPEG
imagenet,n02097298,n02097298/ILSVRC2012_val_00007388.JPEG
imagenet,n02097298,n02097298/ILSVRC2012_val_00007546.JPEG
imagenet,n02097298,n02097298/ILSVRC2012_val_00009256.JPEG
imagenet,n02097298,n02097298/ILSVRC2012_val_00010169.JPEG
imagenet,n02097298,n02097298/ILSVRC2012_val_00011138.JPEG
imagenet,n02097298,n02097298/ILSVRC2012_val_00012181.JPEG
imagenet,n02097298,n02097298/ILSVRC2012_val_00012364.JPEG
imagenet,n02097298,n02097298/ILSVRC2012_val_00012695.JPEG
imagenet,n02097298,n02097298/ILSVRC2012_val_00012881.JPEG
imagenet,n02097298,n02097298/ILSVRC2012_val_00013243.JPEG
imagenet,n02097298,n02097298/ILSVRC2012_val_00013424.JPEG
imagenet,n02097298,n02097298/ILSVRC2012_val_00014283.JPEG
imagenet,n02097298,n02097298/ILSVRC2012_val_00014441.JPEG
imagenet,n02097298,n02097298/ILSVRC2012_val_00015164.JPEG
imagenet,n02097298,n02097298/ILSVRC2012_val_00015774.JPEG
imagenet,n02097298,n02097298/ILSVRC2012_val_00017057.JPEG
imagenet,n02097298,n02097298/ILSVRC2012_val_00017537.JPEG
imagenet,n02097298,n02097298/ILSVRC2012_val_00018804.JPEG
imagenet,n02097298,n02097298/ILSVRC2012_val_00018973.JPEG
imagenet,n02097298,n02097298/ILSVRC2012_val_00018988.JPEG
imagenet,n02097298,n02097298/ILSVRC2012_val_00019057.JPEG
imagenet,n02097298,n02097298/ILSVRC2012_val_00022388.JPEG
imagenet,n02097298,n02097298/ILSVRC2012_val_00022922.JPEG
imagenet,n02097298,n02097298/ILSVRC2012_val_00023055.JPEG
imagenet,n02097298,n02097298/ILSVRC2012_val_00024756.JPEG
imagenet,n02097298,n02097298/ILSVRC2012_val_00025649.JPEG
imagenet,n02097298,n02097298/ILSVRC2012_val_00027162.JPEG
imagenet,n02097298,n02097298/ILSVRC2012_val_00027601.JPEG
imagenet,n02097298,n02097298/ILSVRC2012_val_00028300.JPEG
imagenet,n02097298,n02097298/ILSVRC2012_val_00028500.JPEG
imagenet,n02097298,n02097298/ILSVRC2012_val_00028766.JPEG
imagenet,n02097298,n02097298/ILSVRC2012_val_00029657.JPEG
imagenet,n02097298,n02097298/ILSVRC2012_val_00031084.JPEG
imagenet,n02097298,n02097298/ILSVRC2012_val_00031395.JPEG
imagenet,n02097298,n02097298/ILSVRC2012_val_00032291.JPEG
imagenet,n02097298,n02097298/ILSVRC2012_val_00043974.JPEG
imagenet,n02097298,n02097298/ILSVRC2012_val_00044429.JPEG
imagenet,n02097298,n02097298/ILSVRC2012_val_00046712.JPEG
imagenet,n02097298,n02097298/ILSVRC2012_val_00047572.JPEG
imagenet,n02097298,n02097298/ILSVRC2012_val_00047649.JPEG
imagenet,n02097298,n02097298/ILSVRC2012_val_00048361.JPEG
imagenet,n02097298,n02097298/ILSVRC2012_val_00048527.JPEG
imagenet,n02097298,n02097298/ILSVRC2012_val_00049757.JPEG
imagenet,n02098286,n02098286/ILSVRC2012_val_00002784.JPEG
imagenet,n02098286,n02098286/ILSVRC2012_val_00003276.JPEG
imagenet,n02098286,n02098286/ILSVRC2012_val_00006667.JPEG
imagenet,n02098286,n02098286/ILSVRC2012_val_00006848.JPEG
imagenet,n02098286,n02098286/ILSVRC2012_val_00007746.JPEG
imagenet,n02098286,n02098286/ILSVRC2012_val_00008945.JPEG
imagenet,n02098286,n02098286/ILSVRC2012_val_00010524.JPEG
imagenet,n02098286,n02098286/ILSVRC2012_val_00013050.JPEG
imagenet,n02098286,n02098286/ILSVRC2012_val_00013573.JPEG
imagenet,n02098286,n02098286/ILSVRC2012_val_00014962.JPEG
imagenet,n02098286,n02098286/ILSVRC2012_val_00015415.JPEG
imagenet,n02098286,n02098286/ILSVRC2012_val_00016552.JPEG
imagenet,n02098286,n02098286/ILSVRC2012_val_00018069.JPEG
imagenet,n02098286,n02098286/ILSVRC2012_val_00018703.JPEG
imagenet,n02098286,n02098286/ILSVRC2012_val_00020651.JPEG
imagenet,n02098286,n02098286/ILSVRC2012_val_00024476.JPEG
imagenet,n02098286,n02098286/ILSVRC2012_val_00024637.JPEG
imagenet,n02098286,n02098286/ILSVRC2012_val_00024935.JPEG
imagenet,n02098286,n02098286/ILSVRC2012_val_00025645.JPEG
imagenet,n02098286,n02098286/ILSVRC2012_val_00027017.JPEG
imagenet,n02098286,n02098286/ILSVRC2012_val_00028368.JPEG
imagenet,n02098286,n02098286/ILSVRC2012_val_00028799.JPEG
imagenet,n02098286,n02098286/ILSVRC2012_val_00028892.JPEG
imagenet,n02098286,n02098286/ILSVRC2012_val_00028945.JPEG
imagenet,n02098286,n02098286/ILSVRC2012_val_00029760.JPEG
imagenet,n02098286,n02098286/ILSVRC2012_val_00030138.JPEG
imagenet,n02098286,n02098286/ILSVRC2012_val_00030961.JPEG
imagenet,n02098286,n02098286/ILSVRC2012_val_00031054.JPEG
imagenet,n02098286,n02098286/ILSVRC2012_val_00032194.JPEG
imagenet,n02098286,n02098286/ILSVRC2012_val_00033033.JPEG
imagenet,n02098286,n02098286/ILSVRC2012_val_00034576.JPEG
imagenet,n02098286,n02098286/ILSVRC2012_val_00035333.JPEG
imagenet,n02098286,n02098286/ILSVRC2012_val_00035944.JPEG
imagenet,n02098286,n02098286/ILSVRC2012_val_00036498.JPEG
imagenet,n02098286,n02098286/ILSVRC2012_val_00038253.JPEG
imagenet,n02098286,n02098286/ILSVRC2012_val_00038999.JPEG
imagenet,n02098286,n02098286/ILSVRC2012_val_00039699.JPEG
imagenet,n02098286,n02098286/ILSVRC2012_val_00040114.JPEG
imagenet,n02098286,n02098286/ILSVRC2012_val_00041157.JPEG
imagenet,n02098286,n02098286/ILSVRC2012_val_00041358.JPEG
imagenet,n02098286,n02098286/ILSVRC2012_val_00041578.JPEG
imagenet,n02098286,n02098286/ILSVRC2012_val_00043038.JPEG
imagenet,n02098286,n02098286/ILSVRC2012_val_00043827.JPEG
imagenet,n02098286,n02098286/ILSVRC2012_val_00044593.JPEG
imagenet,n02098286,n02098286/ILSVRC2012_val_00044696.JPEG
imagenet,n02098286,n02098286/ILSVRC2012_val_00044776.JPEG
imagenet,n02098286,n02098286/ILSVRC2012_val_00045035.JPEG
imagenet,n02098286,n02098286/ILSVRC2012_val_00045584.JPEG
imagenet,n02098286,n02098286/ILSVRC2012_val_00047721.JPEG
imagenet,n02098286,n02098286/ILSVRC2012_val_00048420.JPEG
imagenet,n02099601,n02099601/ILSVRC2012_val_00001112.JPEG
imagenet,n02099601,n02099601/ILSVRC2012_val_00001123.JPEG
imagenet,n02099601,n02099601/ILSVRC2012_val_00001191.JPEG
imagenet,n02099601,n02099601/ILSVRC2012_val_00005068.JPEG
imagenet,n02099601,n02099601/ILSVRC2012_val_00005697.JPEG
imagenet,n02099601,n02099601/ILSVRC2012_val_00006046.JPEG
imagenet,n02099601,n02099601/ILSVRC2012_val_00006981.JPEG
imagenet,n02099601,n02099601/ILSVRC2012_val_00007629.JPEG
imagenet,n02099601,n02099601/ILSVRC2012_val_00008338.JPEG
imagenet,n02099601,n02099601/ILSVRC2012_val_00008772.JPEG
imagenet,n02099601,n02099601/ILSVRC2012_val_00009836.JPEG
imagenet,n02099601,n02099601/ILSVRC2012_val_00010298.JPEG
imagenet,n02099601,n02099601/ILSVRC2012_val_00011373.JPEG
imagenet,n02099601,n02099601/ILSVRC2012_val_00012100.JPEG
imagenet,n02099601,n02099601/ILSVRC2012_val_00012954.JPEG
imagenet,n02099601,n02099601/ILSVRC2012_val_00013611.JPEG
imagenet,n02099601,n02099601/ILSVRC2012_val_00014489.JPEG
imagenet,n02099601,n02099601/ILSVRC2012_val_00017672.JPEG
imagenet,n02099601,n02099601/ILSVRC2012_val_00019212.JPEG
imagenet,n02099601,n02099601/ILSVRC2012_val_00019590.JPEG
imagenet,n02099601,n02099601/ILSVRC2012_val_00020224.JPEG
imagenet,n02099601,n02099601/ILSVRC2012_val_00020367.JPEG
imagenet,n02099601,n02099601/ILSVRC2012_val_00020868.JPEG
imagenet,n02099601,n02099601/ILSVRC2012_val_00021654.JPEG
imagenet,n02099601,n02099601/ILSVRC2012_val_00023159.JPEG
imagenet,n02099601,n02099601/ILSVRC2012_val_00023435.JPEG
imagenet,n02099601,n02099601/ILSVRC2012_val_00026887.JPEG
imagenet,n02099601,n02099601/ILSVRC2012_val_00027830.JPEG
imagenet,n02099601,n02099601/ILSVRC2012_val_00027833.JPEG
imagenet,n02099601,n02099601/ILSVRC2012_val_00028411.JPEG
imagenet,n02099601,n02099601/ILSVRC2012_val_00028617.JPEG
imagenet,n02099601,n02099601/ILSVRC2012_val_00028946.JPEG
imagenet,n02099601,n02099601/ILSVRC2012_val_00029751.JPEG
imagenet,n02099601,n02099601/ILSVRC2012_val_00030385.JPEG
imagenet,n02099601,n02099601/ILSVRC2012_val_00030637.JPEG
imagenet,n02099601,n02099601/ILSVRC2012_val_00030710.JPEG
imagenet,n02099601,n02099601/ILSVRC2012_val_00031425.JPEG
imagenet,n02099601,n02099601/ILSVRC2012_val_00031731.JPEG
imagenet,n02099601,n02099601/ILSVRC2012_val_00031917.JPEG
imagenet,n02099601,n02099601/ILSVRC2012_val_00033790.JPEG
imagenet,n02099601,n02099601/ILSVRC2012_val_00034237.JPEG
imagenet,n02099601,n02099601/ILSVRC2012_val_00034584.JPEG
imagenet,n02099601,n02099601/ILSVRC2012_val_00035252.JPEG
imagenet,n02099601,n02099601/ILSVRC2012_val_00037455.JPEG
imagenet,n02099601,n02099601/ILSVRC2012_val_00038781.JPEG
imagenet,n02099601,n02099601/ILSVRC2012_val_00039993.JPEG
imagenet,n02099601,n02099601/ILSVRC2012_val_00043013.JPEG
imagenet,n02099601,n02099601/ILSVRC2012_val_00046220.JPEG
imagenet,n02099601,n02099601/ILSVRC2012_val_00047737.JPEG
imagenet,n02099601,n02099601/ILSVRC2012_val_00049855.JPEG
imagenet,n02099712,n02099712/ILSVRC2012_val_00000375.JPEG
imagenet,n02099712,n02099712/ILSVRC2012_val_00002485.JPEG
imagenet,n02099712,n02099712/ILSVRC2012_val_00003726.JPEG
imagenet,n02099712,n02099712/ILSVRC2012_val_00004225.JPEG
imagenet,n02099712,n02099712/ILSVRC2012_val_00006473.JPEG
imagenet,n02099712,n02099712/ILSVRC2012_val_00007330.JPEG
imagenet,n02099712,n02099712/ILSVRC2012_val_00007963.JPEG
imagenet,n02099712,n02099712/ILSVRC2012_val_00008346.JPEG
imagenet,n02099712,n02099712/ILSVRC2012_val_00009812.JPEG
imagenet,n02099712,n02099712/ILSVRC2012_val_00009895.JPEG
imagenet,n02099712,n02099712/ILSVRC2012_val_00009984.JPEG
imagenet,n02099712,n02099712/ILSVRC2012_val_00010314.JPEG
imagenet,n02099712,n02099712/ILSVRC2012_val_00010490.JPEG
imagenet,n02099712,n02099712/ILSVRC2012_val_00011507.JPEG
imagenet,n02099712,n02099712/ILSVRC2012_val_00011807.JPEG
imagenet,n02099712,n02099712/ILSVRC2012_val_00012170.JPEG
imagenet,n02099712,n02099712/ILSVRC2012_val_00012566.JPEG
imagenet,n02099712,n02099712/ILSVRC2012_val_00014270.JPEG
imagenet,n02099712,n02099712/ILSVRC2012_val_00015189.JPEG
imagenet,n02099712,n02099712/ILSVRC2012_val_00016148.JPEG
imagenet,n02099712,n02099712/ILSVRC2012_val_00018947.JPEG
imagenet,n02099712,n02099712/ILSVRC2012_val_00019169.JPEG
imagenet,n02099712,n02099712/ILSVRC2012_val_00021183.JPEG
imagenet,n02099712,n02099712/ILSVRC2012_val_00022606.JPEG
imagenet,n02099712,n02099712/ILSVRC2012_val_00022670.JPEG
imagenet,n02099712,n02099712/ILSVRC2012_val_00023471.JPEG
imagenet,n02099712,n02099712/ILSVRC2012_val_00025991.JPEG
imagenet,n02099712,n02099712/ILSVRC2012_val_00026852.JPEG
imagenet,n02099712,n02099712/ILSVRC2012_val_00027373.JPEG
imagenet,n02099712,n02099712/ILSVRC2012_val_00027534.JPEG
imagenet,n02099712,n02099712/ILSVRC2012_val_00030939.JPEG
imagenet,n02099712,n02099712/ILSVRC2012_val_00031451.JPEG
imagenet,n02099712,n02099712/ILSVRC2012_val_00033820.JPEG
imagenet,n02099712,n02099712/ILSVRC2012_val_00035360.JPEG
imagenet,n02099712,n02099712/ILSVRC2012_val_00035794.JPEG
imagenet,n02099712,n02099712/ILSVRC2012_val_00038361.JPEG
imagenet,n02099712,n02099712/ILSVRC2012_val_00039893.JPEG
imagenet,n02099712,n02099712/ILSVRC2012_val_00040210.JPEG
imagenet,n02099712,n02099712/ILSVRC2012_val_00041878.JPEG
imagenet,n02099712,n02099712/ILSVRC2012_val_00043072.JPEG
imagenet,n02099712,n02099712/ILSVRC2012_val_00043089.JPEG
imagenet,n02099712,n02099712/ILSVRC2012_val_00043591.JPEG
imagenet,n02099712,n02099712/ILSVRC2012_val_00044639.JPEG
imagenet,n02099712,n02099712/ILSVRC2012_val_00044701.JPEG
imagenet,n02099712,n02099712/ILSVRC2012_val_00045151.JPEG
imagenet,n02099712,n02099712/ILSVRC2012_val_00045253.JPEG
imagenet,n02099712,n02099712/ILSVRC2012_val_00046817.JPEG
imagenet,n02099712,n02099712/ILSVRC2012_val_00048301.JPEG
imagenet,n02099712,n02099712/ILSVRC2012_val_00049672.JPEG
imagenet,n02099712,n02099712/ILSVRC2012_val_00049959.JPEG
imagenet,n02102318,n02102318/ILSVRC2012_val_00000524.JPEG
imagenet,n02102318,n02102318/ILSVRC2012_val_00001663.JPEG
imagenet,n02102318,n02102318/ILSVRC2012_val_00002097.JPEG
imagenet,n02102318,n02102318/ILSVRC2012_val_00003530.JPEG
imagenet,n02102318,n02102318/ILSVRC2012_val_00003729.JPEG
imagenet,n02102318,n02102318/ILSVRC2012_val_00004995.JPEG
imagenet,n02102318,n02102318/ILSVRC2012_val_00007164.JPEG
imagenet,n02102318,n02102318/ILSVRC2012_val_00008119.JPEG
imagenet,n02102318,n02102318/ILSVRC2012_val_00012155.JPEG
imagenet,n02102318,n02102318/ILSVRC2012_val_00012326.JPEG
imagenet,n02102318,n02102318/ILSVRC2012_val_00013682.JPEG
imagenet,n02102318,n02102318/ILSVRC2012_val_00014573.JPEG
imagenet,n02102318,n02102318/ILSVRC2012_val_00015183.JPEG
imagenet,n02102318,n02102318/ILSVRC2012_val_00015303.JPEG
imagenet,n02102318,n02102318/ILSVRC2012_val_00016093.JPEG
imagenet,n02102318,n02102318/ILSVRC2012_val_00016445.JPEG
imagenet,n02102318,n02102318/ILSVRC2012_val_00017104.JPEG
imagenet,n02102318,n02102318/ILSVRC2012_val_00017713.JPEG
imagenet,n02102318,n02102318/ILSVRC2012_val_00017742.JPEG
imagenet,n02102318,n02102318/ILSVRC2012_val_00018596.JPEG
imagenet,n02102318,n02102318/ILSVRC2012_val_00019914.JPEG
imagenet,n02102318,n02102318/ILSVRC2012_val_00020250.JPEG
imagenet,n02102318,n02102318/ILSVRC2012_val_00020593.JPEG
imagenet,n02102318,n02102318/ILSVRC2012_val_00022324.JPEG
imagenet,n02102318,n02102318/ILSVRC2012_val_00023133.JPEG
imagenet,n02102318,n02102318/ILSVRC2012_val_00023859.JPEG
imagenet,n02102318,n02102318/ILSVRC2012_val_00024691.JPEG
imagenet,n02102318,n02102318/ILSVRC2012_val_00026152.JPEG
imagenet,n02102318,n02102318/ILSVRC2012_val_00026356.JPEG
imagenet,n02102318,n02102318/ILSVRC2012_val_00026540.JPEG
imagenet,n02102318,n02102318/ILSVRC2012_val_00027963.JPEG
imagenet,n02102318,n02102318/ILSVRC2012_val_00028292.JPEG
imagenet,n02102318,n02102318/ILSVRC2012_val_00028661.JPEG
imagenet,n02102318,n02102318/ILSVRC2012_val_00030798.JPEG
imagenet,n02102318,n02102318/ILSVRC2012_val_00032410.JPEG
imagenet,n02102318,n02102318/ILSVRC2012_val_00034219.JPEG
imagenet,n02102318,n02102318/ILSVRC2012_val_00034933.JPEG
imagenet,n02102318,n02102318/ILSVRC2012_val_00034948.JPEG
imagenet,n02102318,n02102318/ILSVRC2012_val_00040040.JPEG
imagenet,n02102318,n02102318/ILSVRC2012_val_00040400.JPEG
imagenet,n02102318,n02102318/ILSVRC2012_val_00040898.JPEG
imagenet,n02102318,n02102318/ILSVRC2012_val_00041928.JPEG
imagenet,n02102318,n02102318/ILSVRC2012_val_00044730.JPEG
imagenet,n02102318,n02102318/ILSVRC2012_val_00044890.JPEG
imagenet,n02102318,n02102318/ILSVRC2012_val_00045085.JPEG
imagenet,n02102318,n02102318/ILSVRC2012_val_00045753.JPEG
imagenet,n02102318,n02102318/ILSVRC2012_val_00045827.JPEG
imagenet,n02102318,n02102318/ILSVRC2012_val_00046143.JPEG
imagenet,n02102318,n02102318/ILSVRC2012_val_00048469.JPEG
imagenet,n02102318,n02102318/ILSVRC2012_val_00049326.JPEG
imagenet,n02106030,n02106030/ILSVRC2012_val_00003480.JPEG
imagenet,n02106030,n02106030/ILSVRC2012_val_00003862.JPEG
imagenet,n02106030,n02106030/ILSVRC2012_val_00004711.JPEG
imagenet,n02106030,n02106030/ILSVRC2012_val_00006330.JPEG
imagenet,n02106030,n02106030/ILSVRC2012_val_00007355.JPEG
imagenet,n02106030,n02106030/ILSVRC2012_val_00007682.JPEG
imagenet,n02106030,n02106030/ILSVRC2012_val_00009055.JPEG
imagenet,n02106030,n02106030/ILSVRC2012_val_00011698.JPEG
imagenet,n02106030,n02106030/ILSVRC2012_val_00012037.JPEG
imagenet,n02106030,n02106030/ILSVRC2012_val_00014086.JPEG
imagenet,n02106030,n02106030/ILSVRC2012_val_00014295.JPEG
imagenet,n02106030,n02106030/ILSVRC2012_val_00014342.JPEG
imagenet,n02106030,n02106030/ILSVRC2012_val_00015294.JPEG
imagenet,n02106030,n02106030/ILSVRC2012_val_00016572.JPEG
imagenet,n02106030,n02106030/ILSVRC2012_val_00018046.JPEG
imagenet,n02106030,n02106030/ILSVRC2012_val_00018126.JPEG
imagenet,n02106030,n02106030/ILSVRC2012_val_00019134.JPEG
imagenet,n02106030,n02106030/ILSVRC2012_val_00019517.JPEG
imagenet,n02106030,n02106030/ILSVRC2012_val_00019767.JPEG
imagenet,n02106030,n02106030/ILSVRC2012_val_00020196.JPEG
imagenet,n02106030,n02106030/ILSVRC2012_val_00021226.JPEG
imagenet,n02106030,n02106030/ILSVRC2012_val_00022645.JPEG
imagenet,n02106030,n02106030/ILSVRC2012_val_00023666.JPEG
imagenet,n02106030,n02106030/ILSVRC2012_val_00023702.JPEG
imagenet,n02106030,n02106030/ILSVRC2012_val_00023788.JPEG
imagenet,n02106030,n02106030/ILSVRC2012_val_00024292.JPEG
imagenet,n02106030,n02106030/ILSVRC2012_val_00027164.JPEG
imagenet,n02106030,n02106030/ILSVRC2012_val_00027165.JPEG
imagenet,n02106030,n02106030/ILSVRC2012_val_00027522.JPEG
imagenet,n02106030,n02106030/ILSVRC2012_val_00027583.JPEG
imagenet,n02106030,n02106030/ILSVRC2012_val_00031799.JPEG
imagenet,n02106030,n02106030/ILSVRC2012_val_00033642.JPEG
imagenet,n02106030,n02106030/ILSVRC2012_val_00035592.JPEG
imagenet,n02106030,n02106030/ILSVRC2012_val_00036097.JPEG
imagenet,n02106030,n02106030/ILSVRC2012_val_00036360.JPEG
imagenet,n02106030,n02106030/ILSVRC2012_val_00036371.JPEG
imagenet,n02106030,n02106030/ILSVRC2012_val_00036543.JPEG
imagenet,n02106030,n02106030/ILSVRC2012_val_00037075.JPEG
imagenet,n02106030,n02106030/ILSVRC2012_val_00037428.JPEG
imagenet,n02106030,n02106030/ILSVRC2012_val_00038745.JPEG
imagenet,n02106030,n02106030/ILSVRC2012_val_00038789.JPEG
imagenet,n02106030,n02106030/ILSVRC2012_val_00039035.JPEG
imagenet,n02106030,n02106030/ILSVRC2012_val_00039142.JPEG
imagenet,n02106030,n02106030/ILSVRC2012_val_00039761.JPEG
imagenet,n02106030,n02106030/ILSVRC2012_val_00040015.JPEG
imagenet,n02106030,n02106030/ILSVRC2012_val_00041176.JPEG
imagenet,n02106030,n02106030/ILSVRC2012_val_00041929.JPEG
imagenet,n02106030,n02106030/ILSVRC2012_val_00046531.JPEG
imagenet,n02106030,n02106030/ILSVRC2012_val_00046974.JPEG
imagenet,n02106030,n02106030/ILSVRC2012_val_00049725.JPEG
imagenet,n02106166,n02106166/ILSVRC2012_val_00000672.JPEG
imagenet,n02106166,n02106166/ILSVRC2012_val_00001900.JPEG
imagenet,n02106166,n02106166/ILSVRC2012_val_00003303.JPEG
imagenet,n02106166,n02106166/ILSVRC2012_val_00003734.JPEG
imagenet,n02106166,n02106166/ILSVRC2012_val_00004766.JPEG
imagenet,n02106166,n02106166/ILSVRC2012_val_00005395.JPEG
imagenet,n02106166,n02106166/ILSVRC2012_val_00006338.JPEG
imagenet,n02106166,n02106166/ILSVRC2012_val_00007632.JPEG
imagenet,n02106166,n02106166/ILSVRC2012_val_00007837.JPEG
imagenet,n02106166,n02106166/ILSVRC2012_val_00007897.JPEG
imagenet,n02106166,n02106166/ILSVRC2012_val_00008138.JPEG
imagenet,n02106166,n02106166/ILSVRC2012_val_00009862.JPEG
imagenet,n02106166,n02106166/ILSVRC2012_val_00011205.JPEG
imagenet,n02106166,n02106166/ILSVRC2012_val_00011457.JPEG
imagenet,n02106166,n02106166/ILSVRC2012_val_00011701.JPEG
imagenet,n02106166,n02106166/ILSVRC2012_val_00013583.JPEG
imagenet,n02106166,n02106166/ILSVRC2012_val_00014471.JPEG
imagenet,n02106166,n02106166/ILSVRC2012_val_00014506.JPEG
imagenet,n02106166,n02106166/ILSVRC2012_val_00016263.JPEG
imagenet,n02106166,n02106166/ILSVRC2012_val_00017551.JPEG
imagenet,n02106166,n02106166/ILSVRC2012_val_00018080.JPEG
imagenet,n02106166,n02106166/ILSVRC2012_val_00020986.JPEG
imagenet,n02106166,n02106166/ILSVRC2012_val_00021489.JPEG
imagenet,n02106166,n02106166/ILSVRC2012_val_00026245.JPEG
imagenet,n02106166,n02106166/ILSVRC2012_val_00026278.JPEG
imagenet,n02106166,n02106166/ILSVRC2012_val_00026448.JPEG
imagenet,n02106166,n02106166/ILSVRC2012_val_00028674.JPEG
imagenet,n02106166,n02106166/ILSVRC2012_val_00029436.JPEG
imagenet,n02106166,n02106166/ILSVRC2012_val_00031093.JPEG
imagenet,n02106166,n02106166/ILSVRC2012_val_00031198.JPEG
imagenet,n02106166,n02106166/ILSVRC2012_val_00032336.JPEG
imagenet,n02106166,n02106166/ILSVRC2012_val_00033155.JPEG
imagenet,n02106166,n02106166/ILSVRC2012_val_00033192.JPEG
imagenet,n02106166,n02106166/ILSVRC2012_val_00034069.JPEG
imagenet,n02106166,n02106166/ILSVRC2012_val_00034821.JPEG
imagenet,n02106166,n02106166/ILSVRC2012_val_00035510.JPEG
imagenet,n02106166,n02106166/ILSVRC2012_val_00035632.JPEG
imagenet,n02106166,n02106166/ILSVRC2012_val_00036445.JPEG
imagenet,n02106166,n02106166/ILSVRC2012_val_00037534.JPEG
imagenet,n02106166,n02106166/ILSVRC2012_val_00040450.JPEG
imagenet,n02106166,n02106166/ILSVRC2012_val_00043367.JPEG
imagenet,n02106166,n02106166/ILSVRC2012_val_00044548.JPEG
imagenet,n02106166,n02106166/ILSVRC2012_val_00045261.JPEG
imagenet,n02106166,n02106166/ILSVRC2012_val_00045454.JPEG
imagenet,n02106166,n02106166/ILSVRC2012_val_00045537.JPEG
imagenet,n02106166,n02106166/ILSVRC2012_val_00046446.JPEG
imagenet,n02106166,n02106166/ILSVRC2012_val_00046867.JPEG
imagenet,n02106166,n02106166/ILSVRC2012_val_00048578.JPEG
imagenet,n02106166,n02106166/ILSVRC2012_val_00049942.JPEG
imagenet,n02106166,n02106166/ILSVRC2012_val_00049998.JPEG
imagenet,n02106550,n02106550/ILSVRC2012_val_00003623.JPEG
imagenet,n02106550,n02106550/ILSVRC2012_val_00005351.JPEG
imagenet,n02106550,n02106550/ILSVRC2012_val_00010059.JPEG
imagenet,n02106550,n02106550/ILSVRC2012_val_00010228.JPEG
imagenet,n02106550,n02106550/ILSVRC2012_val_00010620.JPEG
imagenet,n02106550,n02106550/ILSVRC2012_val_00012085.JPEG
imagenet,n02106550,n02106550/ILSVRC2012_val_00012856.JPEG
imagenet,n02106550,n02106550/ILSVRC2012_val_00013447.JPEG
imagenet,n02106550,n02106550/ILSVRC2012_val_00013926.JPEG
imagenet,n02106550,n02106550/ILSVRC2012_val_00014315.JPEG
imagenet,n02106550,n02106550/ILSVRC2012_val_00014320.JPEG
imagenet,n02106550,n02106550/ILSVRC2012_val_00015160.JPEG
imagenet,n02106550,n02106550/ILSVRC2012_val_00015333.JPEG
imagenet,n02106550,n02106550/ILSVRC2012_val_00016919.JPEG
imagenet,n02106550,n02106550/ILSVRC2012_val_00017940.JPEG
imagenet,n02106550,n02106550/ILSVRC2012_val_00018357.JPEG
imagenet,n02106550,n02106550/ILSVRC2012_val_00018972.JPEG
imagenet,n02106550,n02106550/ILSVRC2012_val_00019107.JPEG
imagenet,n02106550,n02106550/ILSVRC2012_val_00019353.JPEG
imagenet,n02106550,n02106550/ILSVRC2012_val_00019518.JPEG
imagenet,n02106550,n02106550/ILSVRC2012_val_00022664.JPEG
imagenet,n02106550,n02106550/ILSVRC2012_val_00025059.JPEG
imagenet,n02106550,n02106550/ILSVRC2012_val_00026005.JPEG
imagenet,n02106550,n02106550/ILSVRC2012_val_00026214.JPEG
imagenet,n02106550,n02106550/ILSVRC2012_val_00026388.JPEG
imagenet,n02106550,n02106550/ILSVRC2012_val_00027482.JPEG
imagenet,n02106550,n02106550/ILSVRC2012_val_00028736.JPEG
imagenet,n02106550,n02106550/ILSVRC2012_val_00032554.JPEG
imagenet,n02106550,n02106550/ILSVRC2012_val_00032785.JPEG
imagenet,n02106550,n02106550/ILSVRC2012_val_00033334.JPEG
imagenet,n02106550,n02106550/ILSVRC2012_val_00034298.JPEG
imagenet,n02106550,n02106550/ILSVRC2012_val_00034429.JPEG
imagenet,n02106550,n02106550/ILSVRC2012_val_00034771.JPEG
imagenet,n02106550,n02106550/ILSVRC2012_val_00035656.JPEG
imagenet,n02106550,n02106550/ILSVRC2012_val_00036110.JPEG
imagenet,n02106550,n02106550/ILSVRC2012_val_00036964.JPEG
imagenet,n02106550,n02106550/ILSVRC2012_val_00037152.JPEG
imagenet,n02106550,n02106550/ILSVRC2012_val_00038205.JPEG
imagenet,n02106550,n02106550/ILSVRC2012_val_00039164.JPEG
imagenet,n02106550,n02106550/ILSVRC2012_val_00039235.JPEG
imagenet,n02106550,n02106550/ILSVRC2012_val_00041700.JPEG
imagenet,n02106550,n02106550/ILSVRC2012_val_00043222.JPEG
imagenet,n02106550,n02106550/ILSVRC2012_val_00045096.JPEG
imagenet,n02106550,n02106550/ILSVRC2012_val_00045446.JPEG
imagenet,n02106550,n02106550/ILSVRC2012_val_00045548.JPEG
imagenet,n02106550,n02106550/ILSVRC2012_val_00047499.JPEG
imagenet,n02106550,n02106550/ILSVRC2012_val_00047977.JPEG
imagenet,n02106550,n02106550/ILSVRC2012_val_00048922.JPEG
imagenet,n02106550,n02106550/ILSVRC2012_val_00049344.JPEG
imagenet,n02106550,n02106550/ILSVRC2012_val_00049351.JPEG
imagenet,n02106662,n02106662/ILSVRC2012_val_00000946.JPEG
imagenet,n02106662,n02106662/ILSVRC2012_val_00001684.JPEG
imagenet,n02106662,n02106662/ILSVRC2012_val_00002012.JPEG
imagenet,n02106662,n02106662/ILSVRC2012_val_00004396.JPEG
imagenet,n02106662,n02106662/ILSVRC2012_val_00004538.JPEG
imagenet,n02106662,n02106662/ILSVRC2012_val_00004563.JPEG
imagenet,n02106662,n02106662/ILSVRC2012_val_00005662.JPEG
imagenet,n02106662,n02106662/ILSVRC2012_val_00007740.JPEG
imagenet,n02106662,n02106662/ILSVRC2012_val_00007922.JPEG
imagenet,n02106662,n02106662/ILSVRC2012_val_00009534.JPEG
imagenet,n02106662,n02106662/ILSVRC2012_val_00010109.JPEG
imagenet,n02106662,n02106662/ILSVRC2012_val_00011593.JPEG
imagenet,n02106662,n02106662/ILSVRC2012_val_00011757.JPEG
imagenet,n02106662,n02106662/ILSVRC2012_val_00012203.JPEG
imagenet,n02106662,n02106662/ILSVRC2012_val_00012924.JPEG
imagenet,n02106662,n02106662/ILSVRC2012_val_00012960.JPEG
imagenet,n02106662,n02106662/ILSVRC2012_val_00013053.JPEG
imagenet,n02106662,n02106662/ILSVRC2012_val_00013467.JPEG
imagenet,n02106662,n02106662/ILSVRC2012_val_00013963.JPEG
imagenet,n02106662,n02106662/ILSVRC2012_val_00014360.JPEG
imagenet,n02106662,n02106662/ILSVRC2012_val_00018107.JPEG
imagenet,n02106662,n02106662/ILSVRC2012_val_00019267.JPEG
imagenet,n02106662,n02106662/ILSVRC2012_val_00021704.JPEG
imagenet,n02106662,n02106662/ILSVRC2012_val_00022142.JPEG
imagenet,n02106662,n02106662/ILSVRC2012_val_00022209.JPEG
imagenet,n02106662,n02106662/ILSVRC2012_val_00022976.JPEG
imagenet,n02106662,n02106662/ILSVRC2012_val_00024896.JPEG
imagenet,n02106662,n02106662/ILSVRC2012_val_00026629.JPEG
imagenet,n02106662,n02106662/ILSVRC2012_val_00027763.JPEG
imagenet,n02106662,n02106662/ILSVRC2012_val_00028009.JPEG
imagenet,n02106662,n02106662/ILSVRC2012_val_00028884.JPEG
imagenet,n02106662,n02106662/ILSVRC2012_val_00029831.JPEG
imagenet,n02106662,n02106662/ILSVRC2012_val_00030773.JPEG
imagenet,n02106662,n02106662/ILSVRC2012_val_00030828.JPEG
imagenet,n02106662,n02106662/ILSVRC2012_val_00031135.JPEG
imagenet,n02106662,n02106662/ILSVRC2012_val_00031612.JPEG
imagenet,n02106662,n02106662/ILSVRC2012_val_00031718.JPEG
imagenet,n02106662,n02106662/ILSVRC2012_val_00031857.JPEG
imagenet,n02106662,n02106662/ILSVRC2012_val_00032995.JPEG
imagenet,n02106662,n02106662/ILSVRC2012_val_00033519.JPEG
imagenet,n02106662,n02106662/ILSVRC2012_val_00034224.JPEG
imagenet,n02106662,n02106662/ILSVRC2012_val_00038218.JPEG
imagenet,n02106662,n02106662/ILSVRC2012_val_00042561.JPEG
imagenet,n02106662,n02106662/ILSVRC2012_val_00043054.JPEG
imagenet,n02106662,n02106662/ILSVRC2012_val_00045005.JPEG
imagenet,n02106662,n02106662/ILSVRC2012_val_00045684.JPEG
imagenet,n02106662,n02106662/ILSVRC2012_val_00046761.JPEG
imagenet,n02106662,n02106662/ILSVRC2012_val_00046902.JPEG
imagenet,n02106662,n02106662/ILSVRC2012_val_00048403.JPEG
imagenet,n02106662,n02106662/ILSVRC2012_val_00049175.JPEG
imagenet,n02108089,n02108089/ILSVRC2012_val_00000635.JPEG
imagenet,n02108089,n02108089/ILSVRC2012_val_00003522.JPEG
imagenet,n02108089,n02108089/ILSVRC2012_val_00004449.JPEG
imagenet,n02108089,n02108089/ILSVRC2012_val_00005263.JPEG
imagenet,n02108089,n02108089/ILSVRC2012_val_00005495.JPEG
imagenet,n02108089,n02108089/ILSVRC2012_val_00007001.JPEG
imagenet,n02108089,n02108089/ILSVRC2012_val_00007295.JPEG
imagenet,n02108089,n02108089/ILSVRC2012_val_00008337.JPEG
imagenet,n02108089,n02108089/ILSVRC2012_val_00009189.JPEG
imagenet,n02108089,n02108089/ILSVRC2012_val_00009553.JPEG
imagenet,n02108089,n02108089/ILSVRC2012_val_00010648.JPEG
imagenet,n02108089,n02108089/ILSVRC2012_val_00011921.JPEG
imagenet,n02108089,n02108089/ILSVRC2012_val_00013419.JPEG
imagenet,n02108089,n02108089/ILSVRC2012_val_00013856.JPEG
imagenet,n02108089,n02108089/ILSVRC2012_val_00014721.JPEG
imagenet,n02108089,n02108089/ILSVRC2012_val_00015355.JPEG
imagenet,n02108089,n02108089/ILSVRC2012_val_00016299.JPEG
imagenet,n02108089,n02108089/ILSVRC2012_val_00016416.JPEG
imagenet,n02108089,n02108089/ILSVRC2012_val_00016857.JPEG
imagenet,n02108089,n02108089/ILSVRC2012_val_00017434.JPEG
imagenet,n02108089,n02108089/ILSVRC2012_val_00017602.JPEG
imagenet,n02108089,n02108089/ILSVRC2012_val_00018604.JPEG
imagenet,n02108089,n02108089/ILSVRC2012_val_00018899.JPEG
imagenet,n02108089,n02108089/ILSVRC2012_val_00020841.JPEG
imagenet,n02108089,n02108089/ILSVRC2012_val_00022458.JPEG
imagenet,n02108089,n02108089/ILSVRC2012_val_00023231.JPEG
imagenet,n02108089,n02108089/ILSVRC2012_val_00024675.JPEG
imagenet,n02108089,n02108089/ILSVRC2012_val_00025897.JPEG
imagenet,n02108089,n02108089/ILSVRC2012_val_00026882.JPEG
imagenet,n02108089,n02108089/ILSVRC2012_val_00027128.JPEG
imagenet,n02108089,n02108089/ILSVRC2012_val_00028572.JPEG
imagenet,n02108089,n02108089/ILSVRC2012_val_00029255.JPEG
imagenet,n02108089,n02108089/ILSVRC2012_val_00029970.JPEG
imagenet,n02108089,n02108089/ILSVRC2012_val_00031203.JPEG
imagenet,n02108089,n02108089/ILSVRC2012_val_00031314.JPEG
imagenet,n02108089,n02108089/ILSVRC2012_val_00031818.JPEG
imagenet,n02108089,n02108089/ILSVRC2012_val_00032406.JPEG
imagenet,n02108089,n02108089/ILSVRC2012_val_00034922.JPEG
imagenet,n02108089,n02108089/ILSVRC2012_val_00035275.JPEG
imagenet,n02108089,n02108089/ILSVRC2012_val_00037916.JPEG
imagenet,n02108089,n02108089/ILSVRC2012_val_00038626.JPEG
imagenet,n02108089,n02108089/ILSVRC2012_val_00039448.JPEG
imagenet,n02108089,n02108089/ILSVRC2012_val_00041677.JPEG
imagenet,n02108089,n02108089/ILSVRC2012_val_00043232.JPEG
imagenet,n02108089,n02108089/ILSVRC2012_val_00043791.JPEG
imagenet,n02108089,n02108089/ILSVRC2012_val_00044308.JPEG
imagenet,n02108089,n02108089/ILSVRC2012_val_00045933.JPEG
imagenet,n02108089,n02108089/ILSVRC2012_val_00046048.JPEG
imagenet,n02108089,n02108089/ILSVRC2012_val_00049040.JPEG
imagenet,n02108089,n02108089/ILSVRC2012_val_00049570.JPEG
imagenet,n02108915,n02108915/ILSVRC2012_val_00001313.JPEG
imagenet,n02108915,n02108915/ILSVRC2012_val_00002780.JPEG
imagenet,n02108915,n02108915/ILSVRC2012_val_00003855.JPEG
imagenet,n02108915,n02108915/ILSVRC2012_val_00003938.JPEG
imagenet,n02108915,n02108915/ILSVRC2012_val_00005126.JPEG
imagenet,n02108915,n02108915/ILSVRC2012_val_00005327.JPEG
imagenet,n02108915,n02108915/ILSVRC2012_val_00005677.JPEG
imagenet,n02108915,n02108915/ILSVRC2012_val_00007318.JPEG
imagenet,n02108915,n02108915/ILSVRC2012_val_00008194.JPEG
imagenet,n02108915,n02108915/ILSVRC2012_val_00008627.JPEG
imagenet,n02108915,n02108915/ILSVRC2012_val_00009585.JPEG
imagenet,n02108915,n02108915/ILSVRC2012_val_00010491.JPEG
imagenet,n02108915,n02108915/ILSVRC2012_val_00011718.JPEG
imagenet,n02108915,n02108915/ILSVRC2012_val_00013155.JPEG
imagenet,n02108915,n02108915/ILSVRC2012_val_00013748.JPEG
imagenet,n02108915,n02108915/ILSVRC2012_val_00014115.JPEG
imagenet,n02108915,n02108915/ILSVRC2012_val_00015098.JPEG
imagenet,n02108915,n02108915/ILSVRC2012_val_00015808.JPEG
imagenet,n02108915,n02108915/ILSVRC2012_val_00017762.JPEG
imagenet,n02108915,n02108915/ILSVRC2012_val_00017968.JPEG
imagenet,n02108915,n02108915/ILSVRC2012_val_00018792.JPEG
imagenet,n02108915,n02108915/ILSVRC2012_val_00020761.JPEG
imagenet,n02108915,n02108915/ILSVRC2012_val_00021224.JPEG
imagenet,n02108915,n02108915/ILSVRC2012_val_00022050.JPEG
imagenet,n02108915,n02108915/ILSVRC2012_val_00022996.JPEG
imagenet,n02108915,n02108915/ILSVRC2012_val_00023526.JPEG
imagenet,n02108915,n02108915/ILSVRC2012_val_00024389.JPEG
imagenet,n02108915,n02108915/ILSVRC2012_val_00026283.JPEG
imagenet,n02108915,n02108915/ILSVRC2012_val_00026558.JPEG
imagenet,n02108915,n02108915/ILSVRC2012_val_00026582.JPEG
imagenet,n02108915,n02108915/ILSVRC2012_val_00026918.JPEG
imagenet,n02108915,n02108915/ILSVRC2012_val_00026976.JPEG
imagenet,n02108915,n02108915/ILSVRC2012_val_00027220.JPEG
imagenet,n02108915,n02108915/ILSVRC2012_val_00027433.JPEG
imagenet,n02108915,n02108915/ILSVRC2012_val_00027678.JPEG
imagenet,n02108915,n02108915/ILSVRC2012_val_00032262.JPEG
imagenet,n02108915,n02108915/ILSVRC2012_val_00032658.JPEG
imagenet,n02108915,n02108915/ILSVRC2012_val_00034420.JPEG
imagenet,n02108915,n02108915/ILSVRC2012_val_00036932.JPEG
imagenet,n02108915,n02108915/ILSVRC2012_val_00037117.JPEG
imagenet,n02108915,n02108915/ILSVRC2012_val_00039471.JPEG
imagenet,n02108915,n02108915/ILSVRC2012_val_00040645.JPEG
imagenet,n02108915,n02108915/ILSVRC2012_val_00040947.JPEG
imagenet,n02108915,n02108915/ILSVRC2012_val_00041524.JPEG
imagenet,n02108915,n02108915/ILSVRC2012_val_00041623.JPEG
imagenet,n02108915,n02108915/ILSVRC2012_val_00047762.JPEG
imagenet,n02108915,n02108915/ILSVRC2012_val_00047896.JPEG
imagenet,n02108915,n02108915/ILSVRC2012_val_00048120.JPEG
imagenet,n02108915,n02108915/ILSVRC2012_val_00049730.JPEG
imagenet,n02108915,n02108915/ILSVRC2012_val_00049895.JPEG
imagenet,n02109525,n02109525/ILSVRC2012_val_00001937.JPEG
imagenet,n02109525,n02109525/ILSVRC2012_val_00002319.JPEG
imagenet,n02109525,n02109525/ILSVRC2012_val_00002609.JPEG
imagenet,n02109525,n02109525/ILSVRC2012_val_00002706.JPEG
imagenet,n02109525,n02109525/ILSVRC2012_val_00003390.JPEG
imagenet,n02109525,n02109525/ILSVRC2012_val_00004366.JPEG
imagenet,n02109525,n02109525/ILSVRC2012_val_00006849.JPEG
imagenet,n02109525,n02109525/ILSVRC2012_val_00007073.JPEG
imagenet,n02109525,n02109525/ILSVRC2012_val_00007813.JPEG
imagenet,n02109525,n02109525/ILSVRC2012_val_00009774.JPEG
imagenet,n02109525,n02109525/ILSVRC2012_val_00010183.JPEG
imagenet,n02109525,n02109525/ILSVRC2012_val_00010245.JPEG
imagenet,n02109525,n02109525/ILSVRC2012_val_00010859.JPEG
imagenet,n02109525,n02109525/ILSVRC2012_val_00011784.JPEG
imagenet,n02109525,n02109525/ILSVRC2012_val_00013885.JPEG
imagenet,n02109525,n02109525/ILSVRC2012_val_00016862.JPEG
imagenet,n02109525,n02109525/ILSVRC2012_val_00019165.JPEG
imagenet,n02109525,n02109525/ILSVRC2012_val_00021963.JPEG
imagenet,n02109525,n02109525/ILSVRC2012_val_00022633.JPEG
imagenet,n02109525,n02109525/ILSVRC2012_val_00024222.JPEG
imagenet,n02109525,n02109525/ILSVRC2012_val_00025620.JPEG
imagenet,n02109525,n02109525/ILSVRC2012_val_00026467.JPEG
imagenet,n02109525,n02109525/ILSVRC2012_val_00027277.JPEG
imagenet,n02109525,n02109525/ILSVRC2012_val_00028010.JPEG
imagenet,n02109525,n02109525/ILSVRC2012_val_00028786.JPEG
imagenet,n02109525,n02109525/ILSVRC2012_val_00030327.JPEG
imagenet,n02109525,n02109525/ILSVRC2012_val_00030882.JPEG
imagenet,n02109525,n02109525/ILSVRC2012_val_00033703.JPEG
imagenet,n02109525,n02109525/ILSVRC2012_val_00034007.JPEG
imagenet,n02109525,n02109525/ILSVRC2012_val_00034025.JPEG
imagenet,n02109525,n02109525/ILSVRC2012_val_00034243.JPEG
imagenet,n02109525,n02109525/ILSVRC2012_val_00035820.JPEG
imagenet,n02109525,n02109525/ILSVRC2012_val_00036240.JPEG
imagenet,n02109525,n02109525/ILSVRC2012_val_00037970.JPEG
imagenet,n02109525,n02109525/ILSVRC2012_val_00039594.JPEG
imagenet,n02109525,n02109525/ILSVRC2012_val_00040092.JPEG
imagenet,n02109525,n02109525/ILSVRC2012_val_00041049.JPEG
imagenet,n02109525,n02109525/ILSVRC2012_val_00041748.JPEG
imagenet,n02109525,n02109525/ILSVRC2012_val_00042090.JPEG
imagenet,n02109525,n02109525/ILSVRC2012_val_00042657.JPEG
imagenet,n02109525,n02109525/ILSVRC2012_val_00042853.JPEG
imagenet,n02109525,n02109525/ILSVRC2012_val_00042860.JPEG
imagenet,n02109525,n02109525/ILSVRC2012_val_00043281.JPEG
imagenet,n02109525,n02109525/ILSVRC2012_val_00043282.JPEG
imagenet,n02109525,n02109525/ILSVRC2012_val_00045060.JPEG
imagenet,n02109525,n02109525/ILSVRC2012_val_00047275.JPEG
imagenet,n02109525,n02109525/ILSVRC2012_val_00048400.JPEG
imagenet,n02109525,n02109525/ILSVRC2012_val_00048842.JPEG
imagenet,n02109525,n02109525/ILSVRC2012_val_00048980.JPEG
imagenet,n02109525,n02109525/ILSVRC2012_val_00049356.JPEG
imagenet,n02110185,n02110185/ILSVRC2012_val_00000269.JPEG
imagenet,n02110185,n02110185/ILSVRC2012_val_00000993.JPEG
imagenet,n02110185,n02110185/ILSVRC2012_val_00001314.JPEG
imagenet,n02110185,n02110185/ILSVRC2012_val_00002283.JPEG
imagenet,n02110185,n02110185/ILSVRC2012_val_00004192.JPEG
imagenet,n02110185,n02110185/ILSVRC2012_val_00004967.JPEG
imagenet,n02110185,n02110185/ILSVRC2012_val_00005064.JPEG
imagenet,n02110185,n02110185/ILSVRC2012_val_00006539.JPEG
imagenet,n02110185,n02110185/ILSVRC2012_val_00006584.JPEG
imagenet,n02110185,n02110185/ILSVRC2012_val_00007218.JPEG
imagenet,n02110185,n02110185/ILSVRC2012_val_00007501.JPEG
imagenet,n02110185,n02110185/ILSVRC2012_val_00007512.JPEG
imagenet,n02110185,n02110185/ILSVRC2012_val_00008197.JPEG
imagenet,n02110185,n02110185/ILSVRC2012_val_00012604.JPEG
imagenet,n02110185,n02110185/ILSVRC2012_val_00013150.JPEG
imagenet,n02110185,n02110185/ILSVRC2012_val_00013828.JPEG
imagenet,n02110185,n02110185/ILSVRC2012_val_00014542.JPEG
imagenet,n02110185,n02110185/ILSVRC2012_val_00015251.JPEG
imagenet,n02110185,n02110185/ILSVRC2012_val_00016669.JPEG
imagenet,n02110185,n02110185/ILSVRC2012_val_00019826.JPEG
imagenet,n02110185,n02110185/ILSVRC2012_val_00020169.JPEG
imagenet,n02110185,n02110185/ILSVRC2012_val_00020432.JPEG
imagenet,n02110185,n02110185/ILSVRC2012_val_00021736.JPEG
imagenet,n02110185,n02110185/ILSVRC2012_val_00022762.JPEG
imagenet,n02110185,n02110185/ILSVRC2012_val_00022851.JPEG
imagenet,n02110185,n02110185/ILSVRC2012_val_00023437.JPEG
imagenet,n02110185,n02110185/ILSVRC2012_val_00023615.JPEG
imagenet,n02110185,n02110185/ILSVRC2012_val_00023659.JPEG
imagenet,n02110185,n02110185/ILSVRC2012_val_00024432.JPEG
imagenet,n02110185,n02110185/ILSVRC2012_val_00024669.JPEG
imagenet,n02110185,n02110185/ILSVRC2012_val_00026086.JPEG
imagenet,n02110185,n02110185/ILSVRC2012_val_00026678.JPEG
imagenet,n02110185,n02110185/ILSVRC2012_val_00030708.JPEG
imagenet,n02110185,n02110185/ILSVRC2012_val_00031687.JPEG
imagenet,n02110185,n02110185/ILSVRC2012_val_00033039.JPEG
imagenet,n02110185,n02110185/ILSVRC2012_val_00034263.JPEG
imagenet,n02110185,n02110185/ILSVRC2012_val_00036248.JPEG
imagenet,n02110185,n02110185/ILSVRC2012_val_00039812.JPEG
imagenet,n02110185,n02110185/ILSVRC2012_val_00040200.JPEG
imagenet,n02110185,n02110185/ILSVRC2012_val_00041189.JPEG
imagenet,n02110185,n02110185/ILSVRC2012_val_00041649.JPEG
imagenet,n02110185,n02110185/ILSVRC2012_val_00041840.JPEG
imagenet,n02110185,n02110185/ILSVRC2012_val_00042601.JPEG
imagenet,n02110185,n02110185/ILSVRC2012_val_00043643.JPEG
imagenet,n02110185,n02110185/ILSVRC2012_val_00044104.JPEG
imagenet,n02110185,n02110185/ILSVRC2012_val_00044573.JPEG
imagenet,n02110185,n02110185/ILSVRC2012_val_00046687.JPEG
imagenet,n02110185,n02110185/ILSVRC2012_val_00047342.JPEG
imagenet,n02110185,n02110185/ILSVRC2012_val_00048830.JPEG
imagenet,n02110185,n02110185/ILSVRC2012_val_00049291.JPEG
imagenet,n02110341,n02110341/ILSVRC2012_val_00001702.JPEG
imagenet,n02110341,n02110341/ILSVRC2012_val_00001898.JPEG
imagenet,n02110341,n02110341/ILSVRC2012_val_00002216.JPEG
imagenet,n02110341,n02110341/ILSVRC2012_val_00002481.JPEG
imagenet,n02110341,n02110341/ILSVRC2012_val_00003355.JPEG
imagenet,n02110341,n02110341/ILSVRC2012_val_00004634.JPEG
imagenet,n02110341,n02110341/ILSVRC2012_val_00006097.JPEG
imagenet,n02110341,n02110341/ILSVRC2012_val_00006273.JPEG
imagenet,n02110341,n02110341/ILSVRC2012_val_00008992.JPEG
imagenet,n02110341,n02110341/ILSVRC2012_val_00009602.JPEG
imagenet,n02110341,n02110341/ILSVRC2012_val_00010202.JPEG
imagenet,n02110341,n02110341/ILSVRC2012_val_00010311.JPEG
imagenet,n02110341,n02110341/ILSVRC2012_val_00013848.JPEG
imagenet,n02110341,n02110341/ILSVRC2012_val_00013861.JPEG
imagenet,n02110341,n02110341/ILSVRC2012_val_00014430.JPEG
imagenet,n02110341,n02110341/ILSVRC2012_val_00016430.JPEG
imagenet,n02110341,n02110341/ILSVRC2012_val_00016990.JPEG
imagenet,n02110341,n02110341/ILSVRC2012_val_00018815.JPEG
imagenet,n02110341,n02110341/ILSVRC2012_val_00019824.JPEG
imagenet,n02110341,n02110341/ILSVRC2012_val_00020015.JPEG
imagenet,n02110341,n02110341/ILSVRC2012_val_00020023.JPEG
imagenet,n02110341,n02110341/ILSVRC2012_val_00021176.JPEG
imagenet,n02110341,n02110341/ILSVRC2012_val_00021493.JPEG
imagenet,n02110341,n02110341/ILSVRC2012_val_00022581.JPEG
imagenet,n02110341,n02110341/ILSVRC2012_val_00023620.JPEG
imagenet,n02110341,n02110341/ILSVRC2012_val_00023913.JPEG
imagenet,n02110341,n02110341/ILSVRC2012_val_00024784.JPEG
imagenet,n02110341,n02110341/ILSVRC2012_val_00025851.JPEG
imagenet,n02110341,n02110341/ILSVRC2012_val_00025903.JPEG
imagenet,n02110341,n02110341/ILSVRC2012_val_00027840.JPEG
imagenet,n02110341,n02110341/ILSVRC2012_val_00028175.JPEG
imagenet,n02110341,n02110341/ILSVRC2012_val_00030165.JPEG
imagenet,n02110341,n02110341/ILSVRC2012_val_00030476.JPEG
imagenet,n02110341,n02110341/ILSVRC2012_val_00031688.JPEG
imagenet,n02110341,n02110341/ILSVRC2012_val_00032904.JPEG
imagenet,n02110341,n02110341/ILSVRC2012_val_00033418.JPEG
imagenet,n02110341,n02110341/ILSVRC2012_val_00034465.JPEG
imagenet,n02110341,n02110341/ILSVRC2012_val_00036389.JPEG
imagenet,n02110341,n02110341/ILSVRC2012_val_00040598.JPEG
imagenet,n02110341,n02110341/ILSVRC2012_val_00041081.JPEG
imagenet,n02110341,n02110341/ILSVRC2012_val_00042611.JPEG
imagenet,n02110341,n02110341/ILSVRC2012_val_00045768.JPEG
imagenet,n02110341,n02110341/ILSVRC2012_val_00045937.JPEG
imagenet,n02110341,n02110341/ILSVRC2012_val_00047631.JPEG
imagenet,n02110341,n02110341/ILSVRC2012_val_00048236.JPEG
imagenet,n02110341,n02110341/ILSVRC2012_val_00048427.JPEG
imagenet,n02110341,n02110341/ILSVRC2012_val_00048591.JPEG
imagenet,n02110341,n02110341/ILSVRC2012_val_00048779.JPEG
imagenet,n02110341,n02110341/ILSVRC2012_val_00049511.JPEG
imagenet,n02110341,n02110341/ILSVRC2012_val_00049881.JPEG
imagenet,n02110958,n02110958/ILSVRC2012_val_00000220.JPEG
imagenet,n02110958,n02110958/ILSVRC2012_val_00000333.JPEG
imagenet,n02110958,n02110958/ILSVRC2012_val_00001009.JPEG
imagenet,n02110958,n02110958/ILSVRC2012_val_00001397.JPEG
imagenet,n02110958,n02110958/ILSVRC2012_val_00001646.JPEG
imagenet,n02110958,n02110958/ILSVRC2012_val_00005017.JPEG
imagenet,n02110958,n02110958/ILSVRC2012_val_00007928.JPEG
imagenet,n02110958,n02110958/ILSVRC2012_val_00008585.JPEG
imagenet,n02110958,n02110958/ILSVRC2012_val_00010846.JPEG
imagenet,n02110958,n02110958/ILSVRC2012_val_00011023.JPEG
imagenet,n02110958,n02110958/ILSVRC2012_val_00011495.JPEG
imagenet,n02110958,n02110958/ILSVRC2012_val_00013278.JPEG
imagenet,n02110958,n02110958/ILSVRC2012_val_00013622.JPEG
imagenet,n02110958,n02110958/ILSVRC2012_val_00013653.JPEG
imagenet,n02110958,n02110958/ILSVRC2012_val_00013670.JPEG
imagenet,n02110958,n02110958/ILSVRC2012_val_00013869.JPEG
imagenet,n02110958,n02110958/ILSVRC2012_val_00014500.JPEG
imagenet,n02110958,n02110958/ILSVRC2012_val_00015395.JPEG
imagenet,n02110958,n02110958/ILSVRC2012_val_00015419.JPEG
imagenet,n02110958,n02110958/ILSVRC2012_val_00015786.JPEG
imagenet,n02110958,n02110958/ILSVRC2012_val_00017188.JPEG
imagenet,n02110958,n02110958/ILSVRC2012_val_00017938.JPEG
imagenet,n02110958,n02110958/ILSVRC2012_val_00017965.JPEG
imagenet,n02110958,n02110958/ILSVRC2012_val_00019464.JPEG
imagenet,n02110958,n02110958/ILSVRC2012_val_00023543.JPEG
imagenet,n02110958,n02110958/ILSVRC2012_val_00024240.JPEG
imagenet,n02110958,n02110958/ILSVRC2012_val_00024249.JPEG
imagenet,n02110958,n02110958/ILSVRC2012_val_00024642.JPEG
imagenet,n02110958,n02110958/ILSVRC2012_val_00025501.JPEG
imagenet,n02110958,n02110958/ILSVRC2012_val_00028408.JPEG
imagenet,n02110958,n02110958/ILSVRC2012_val_00028895.JPEG
imagenet,n02110958,n02110958/ILSVRC2012_val_00029246.JPEG
imagenet,n02110958,n02110958/ILSVRC2012_val_00030603.JPEG
imagenet,n02110958,n02110958/ILSVRC2012_val_00030606.JPEG
imagenet,n02110958,n02110958/ILSVRC2012_val_00030877.JPEG
imagenet,n02110958,n02110958/ILSVRC2012_val_00031219.JPEG
imagenet,n02110958,n02110958/ILSVRC2012_val_00032117.JPEG
imagenet,n02110958,n02110958/ILSVRC2012_val_00033673.JPEG
imagenet,n02110958,n02110958/ILSVRC2012_val_00034267.JPEG
imagenet,n02110958,n02110958/ILSVRC2012_val_00034628.JPEG
imagenet,n02110958,n02110958/ILSVRC2012_val_00036072.JPEG
imagenet,n02110958,n02110958/ILSVRC2012_val_00038637.JPEG
imagenet,n02110958,n02110958/ILSVRC2012_val_00039291.JPEG
imagenet,n02110958,n02110958/ILSVRC2012_val_00042286.JPEG
imagenet,n02110958,n02110958/ILSVRC2012_val_00042922.JPEG
imagenet,n02110958,n02110958/ILSVRC2012_val_00043817.JPEG
imagenet,n02110958,n02110958/ILSVRC2012_val_00045204.JPEG
imagenet,n02110958,n02110958/ILSVRC2012_val_00046804.JPEG
imagenet,n02110958,n02110958/ILSVRC2012_val_00047017.JPEG
imagenet,n02110958,n02110958/ILSVRC2012_val_00047583.JPEG
imagenet,n02112018,n02112018/ILSVRC2012_val_00000057.JPEG
imagenet,n02112018,n02112018/ILSVRC2012_val_00001065.JPEG
imagenet,n02112018,n02112018/ILSVRC2012_val_00001198.JPEG
imagenet,n02112018,n02112018/ILSVRC2012_val_00002958.JPEG
imagenet,n02112018,n02112018/ILSVRC2012_val_00003583.JPEG
imagenet,n02112018,n02112018/ILSVRC2012_val_00005073.JPEG
imagenet,n02112018,n02112018/ILSVRC2012_val_00005481.JPEG
imagenet,n02112018,n02112018/ILSVRC2012_val_00005658.JPEG
imagenet,n02112018,n02112018/ILSVRC2012_val_00009775.JPEG
imagenet,n02112018,n02112018/ILSVRC2012_val_00010373.JPEG
imagenet,n02112018,n02112018/ILSVRC2012_val_00010697.JPEG
imagenet,n02112018,n02112018/ILSVRC2012_val_00011837.JPEG
imagenet,n02112018,n02112018/ILSVRC2012_val_00012717.JPEG
imagenet,n02112018,n02112018/ILSVRC2012_val_00014710.JPEG
imagenet,n02112018,n02112018/ILSVRC2012_val_00018688.JPEG
imagenet,n02112018,n02112018/ILSVRC2012_val_00019415.JPEG
imagenet,n02112018,n02112018/ILSVRC2012_val_00019822.JPEG
imagenet,n02112018,n02112018/ILSVRC2012_val_00019876.JPEG
imagenet,n02112018,n02112018/ILSVRC2012_val_00020488.JPEG
imagenet,n02112018,n02112018/ILSVRC2012_val_00021540.JPEG
imagenet,n02112018,n02112018/ILSVRC2012_val_00022376.JPEG
imagenet,n02112018,n02112018/ILSVRC2012_val_00023731.JPEG
imagenet,n02112018,n02112018/ILSVRC2012_val_00023801.JPEG
imagenet,n02112018,n02112018/ILSVRC2012_val_00024277.JPEG
imagenet,n02112018,n02112018/ILSVRC2012_val_00025388.JPEG
imagenet,n02112018,n02112018/ILSVRC2012_val_00025608.JPEG
imagenet,n02112018,n02112018/ILSVRC2012_val_00025677.JPEG
imagenet,n02112018,n02112018/ILSVRC2012_val_00025886.JPEG
imagenet,n02112018,n02112018/ILSVRC2012_val_00026051.JPEG
imagenet,n02112018,n02112018/ILSVRC2012_val_00027360.JPEG
imagenet,n02112018,n02112018/ILSVRC2012_val_00033626.JPEG
imagenet,n02112018,n02112018/ILSVRC2012_val_00034667.JPEG
imagenet,n02112018,n02112018/ILSVRC2012_val_00034828.JPEG
imagenet,n02112018,n02112018/ILSVRC2012_val_00037885.JPEG
imagenet,n02112018,n02112018/ILSVRC2012_val_00038201.JPEG
imagenet,n02112018,n02112018/ILSVRC2012_val_00038989.JPEG
imagenet,n02112018,n02112018/ILSVRC2012_val_00039585.JPEG
imagenet,n02112018,n02112018/ILSVRC2012_val_00039662.JPEG
imagenet,n02112018,n02112018/ILSVRC2012_val_00039719.JPEG
imagenet,n02112018,n02112018/ILSVRC2012_val_00039951.JPEG
imagenet,n02112018,n02112018/ILSVRC2012_val_00040463.JPEG
imagenet,n02112018,n02112018/ILSVRC2012_val_00042213.JPEG
imagenet,n02112018,n02112018/ILSVRC2012_val_00042565.JPEG
imagenet,n02112018,n02112018/ILSVRC2012_val_00043141.JPEG
imagenet,n02112018,n02112018/ILSVRC2012_val_00044585.JPEG
imagenet,n02112018,n02112018/ILSVRC2012_val_00045249.JPEG
imagenet,n02112018,n02112018/ILSVRC2012_val_00045514.JPEG
imagenet,n02112018,n02112018/ILSVRC2012_val_00045946.JPEG
imagenet,n02112018,n02112018/ILSVRC2012_val_00047289.JPEG
imagenet,n02112018,n02112018/ILSVRC2012_val_00049811.JPEG
imagenet,n02112137,n02112137/ILSVRC2012_val_00000355.JPEG
imagenet,n02112137,n02112137/ILSVRC2012_val_00000536.JPEG
imagenet,n02112137,n02112137/ILSVRC2012_val_00001152.JPEG
imagenet,n02112137,n02112137/ILSVRC2012_val_00003696.JPEG
imagenet,n02112137,n02112137/ILSVRC2012_val_00005910.JPEG
imagenet,n02112137,n02112137/ILSVRC2012_val_00006416.JPEG
imagenet,n02112137,n02112137/ILSVRC2012_val_00006537.JPEG
imagenet,n02112137,n02112137/ILSVRC2012_val_00006664.JPEG
imagenet,n02112137,n02112137/ILSVRC2012_val_00007654.JPEG
imagenet,n02112137,n02112137/ILSVRC2012_val_00008957.JPEG
imagenet,n02112137,n02112137/ILSVRC2012_val_00009909.JPEG
imagenet,n02112137,n02112137/ILSVRC2012_val_00010943.JPEG
imagenet,n02112137,n02112137/ILSVRC2012_val_00011296.JPEG
imagenet,n02112137,n02112137/ILSVRC2012_val_00014403.JPEG
imagenet,n02112137,n02112137/ILSVRC2012_val_00014452.JPEG
imagenet,n02112137,n02112137/ILSVRC2012_val_00015350.JPEG
imagenet,n02112137,n02112137/ILSVRC2012_val_00015920.JPEG
imagenet,n02112137,n02112137/ILSVRC2012_val_00017265.JPEG
imagenet,n02112137,n02112137/ILSVRC2012_val_00018898.JPEG
imagenet,n02112137,n02112137/ILSVRC2012_val_00020518.JPEG
imagenet,n02112137,n02112137/ILSVRC2012_val_00020626.JPEG
imagenet,n02112137,n02112137/ILSVRC2012_val_00020686.JPEG
imagenet,n02112137,n02112137/ILSVRC2012_val_00020728.JPEG
imagenet,n02112137,n02112137/ILSVRC2012_val_00021272.JPEG
imagenet,n02112137,n02112137/ILSVRC2012_val_00021526.JPEG
imagenet,n02112137,n02112137/ILSVRC2012_val_00022725.JPEG
imagenet,n02112137,n02112137/ILSVRC2012_val_00022867.JPEG
imagenet,n02112137,n02112137/ILSVRC2012_val_00024051.JPEG
imagenet,n02112137,n02112137/ILSVRC2012_val_00024588.JPEG
imagenet,n02112137,n02112137/ILSVRC2012_val_00026730.JPEG
imagenet,n02112137,n02112137/ILSVRC2012_val_00028420.JPEG
imagenet,n02112137,n02112137/ILSVRC2012_val_00028497.JPEG
imagenet,n02112137,n02112137/ILSVRC2012_val_00028855.JPEG
imagenet,n02112137,n02112137/ILSVRC2012_val_00028936.JPEG
imagenet,n02112137,n02112137/ILSVRC2012_val_00029673.JPEG
imagenet,n02112137,n02112137/ILSVRC2012_val_00030595.JPEG
imagenet,n02112137,n02112137/ILSVRC2012_val_00033027.JPEG
imagenet,n02112137,n02112137/ILSVRC2012_val_00033250.JPEG
imagenet,n02112137,n02112137/ILSVRC2012_val_00033672.JPEG
imagenet,n02112137,n02112137/ILSVRC2012_val_00034735.JPEG
imagenet,n02112137,n02112137/ILSVRC2012_val_00035436.JPEG
imagenet,n02112137,n02112137/ILSVRC2012_val_00040572.JPEG
imagenet,n02112137,n02112137/ILSVRC2012_val_00042095.JPEG
imagenet,n02112137,n02112137/ILSVRC2012_val_00042148.JPEG
imagenet,n02112137,n02112137/ILSVRC2012_val_00042887.JPEG
imagenet,n02112137,n02112137/ILSVRC2012_val_00043426.JPEG
imagenet,n02112137,n02112137/ILSVRC2012_val_00043838.JPEG
imagenet,n02112137,n02112137/ILSVRC2012_val_00045687.JPEG
imagenet,n02112137,n02112137/ILSVRC2012_val_00045838.JPEG
imagenet,n02112137,n02112137/ILSVRC2012_val_00046142.JPEG
imagenet,n02113023,n02113023/ILSVRC2012_val_00001096.JPEG
imagenet,n02113023,n02113023/ILSVRC2012_val_00001768.JPEG
imagenet,n02113023,n02113023/ILSVRC2012_val_00002484.JPEG
imagenet,n02113023,n02113023/ILSVRC2012_val_00003711.JPEG
imagenet,n02113023,n02113023/ILSVRC2012_val_00004129.JPEG
imagenet,n02113023,n02113023/ILSVRC2012_val_00005198.JPEG
imagenet,n02113023,n02113023/ILSVRC2012_val_00005300.JPEG
imagenet,n02113023,n02113023/ILSVRC2012_val_00005746.JPEG
imagenet,n02113023,n02113023/ILSVRC2012_val_00005886.JPEG
imagenet,n02113023,n02113023/ILSVRC2012_val_00006484.JPEG
imagenet,n02113023,n02113023/ILSVRC2012_val_00007634.JPEG
imagenet,n02113023,n02113023/ILSVRC2012_val_00009452.JPEG
imagenet,n02113023,n02113023/ILSVRC2012_val_00009618.JPEG
imagenet,n02113023,n02113023/ILSVRC2012_val_00010244.JPEG
imagenet,n02113023,n02113023/ILSVRC2012_val_00011368.JPEG
imagenet,n02113023,n02113023/ILSVRC2012_val_00011556.JPEG
imagenet,n02113023,n02113023/ILSVRC2012_val_00012060.JPEG
imagenet,n02113023,n02113023/ILSVRC2012_val_00013105.JPEG
imagenet,n02113023,n02113023/ILSVRC2012_val_00014560.JPEG
imagenet,n02113023,n02113023/ILSVRC2012_val_00017199.JPEG
imagenet,n02113023,n02113023/ILSVRC2012_val_00018722.JPEG
imagenet,n02113023,n02113023/ILSVRC2012_val_00021908.JPEG
imagenet,n02113023,n02113023/ILSVRC2012_val_00022453.JPEG
imagenet,n02113023,n02113023/ILSVRC2012_val_00022953.JPEG
imagenet,n02113023,n02113023/ILSVRC2012_val_00023546.JPEG
imagenet,n02113023,n02113023/ILSVRC2012_val_00024145.JPEG
imagenet,n02113023,n02113023/ILSVRC2012_val_00026944.JPEG
imagenet,n02113023,n02113023/ILSVRC2012_val_00027856.JPEG
imagenet,n02113023,n02113023/ILSVRC2012_val_00031121.JPEG
imagenet,n02113023,n02113023/ILSVRC2012_val_00031145.JPEG
imagenet,n02113023,n02113023/ILSVRC2012_val_00032854.JPEG
imagenet,n02113023,n02113023/ILSVRC2012_val_00033737.JPEG
imagenet,n02113023,n02113023/ILSVRC2012_val_00034277.JPEG
imagenet,n02113023,n02113023/ILSVRC2012_val_00034619.JPEG
imagenet,n02113023,n02113023/ILSVRC2012_val_00034928.JPEG
imagenet,n02113023,n02113023/ILSVRC2012_val_00035161.JPEG
imagenet,n02113023,n02113023/ILSVRC2012_val_00036894.JPEG
imagenet,n02113023,n02113023/ILSVRC2012_val_00038075.JPEG
imagenet,n02113023,n02113023/ILSVRC2012_val_00041098.JPEG
imagenet,n02113023,n02113023/ILSVRC2012_val_00042294.JPEG
imagenet,n02113023,n02113023/ILSVRC2012_val_00042776.JPEG
imagenet,n02113023,n02113023/ILSVRC2012_val_00044237.JPEG
imagenet,n02113023,n02113023/ILSVRC2012_val_00044435.JPEG
imagenet,n02113023,n02113023/ILSVRC2012_val_00045068.JPEG
imagenet,n02113023,n02113023/ILSVRC2012_val_00045340.JPEG
imagenet,n02113023,n02113023/ILSVRC2012_val_00045593.JPEG
imagenet,n02113023,n02113023/ILSVRC2012_val_00045747.JPEG
imagenet,n02113023,n02113023/ILSVRC2012_val_00047654.JPEG
imagenet,n02113023,n02113023/ILSVRC2012_val_00048501.JPEG
imagenet,n02113023,n02113023/ILSVRC2012_val_00049215.JPEG
imagenet,n02113624,n02113624/ILSVRC2012_val_00000147.JPEG
imagenet,n02113624,n02113624/ILSVRC2012_val_00000425.JPEG
imagenet,n02113624,n02113624/ILSVRC2012_val_00001448.JPEG
imagenet,n02113624,n02113624/ILSVRC2012_val_00003179.JPEG
imagenet,n02113624,n02113624/ILSVRC2012_val_00003698.JPEG
imagenet,n02113624,n02113624/ILSVRC2012_val_00004852.JPEG
imagenet,n02113624,n02113624/ILSVRC2012_val_00005820.JPEG
imagenet,n02113624,n02113624/ILSVRC2012_val_00006209.JPEG
imagenet,n02113624,n02113624/ILSVRC2012_val_00006887.JPEG
imagenet,n02113624,n02113624/ILSVRC2012_val_00009933.JPEG
imagenet,n02113624,n02113624/ILSVRC2012_val_00010612.JPEG
imagenet,n02113624,n02113624/ILSVRC2012_val_00011511.JPEG
imagenet,n02113624,n02113624/ILSVRC2012_val_00012039.JPEG
imagenet,n02113624,n02113624/ILSVRC2012_val_00012610.JPEG
imagenet,n02113624,n02113624/ILSVRC2012_val_00012904.JPEG
imagenet,n02113624,n02113624/ILSVRC2012_val_00013506.JPEG
imagenet,n02113624,n02113624/ILSVRC2012_val_00013862.JPEG
imagenet,n02113624,n02113624/ILSVRC2012_val_00014957.JPEG
imagenet,n02113624,n02113624/ILSVRC2012_val_00015576.JPEG
imagenet,n02113624,n02113624/ILSVRC2012_val_00016130.JPEG
imagenet,n02113624,n02113624/ILSVRC2012_val_00016805.JPEG
imagenet,n02113624,n02113624/ILSVRC2012_val_00018755.JPEG
imagenet,n02113624,n02113624/ILSVRC2012_val_00020054.JPEG
imagenet,n02113624,n02113624/ILSVRC2012_val_00020474.JPEG
imagenet,n02113624,n02113624/ILSVRC2012_val_00020793.JPEG
imagenet,n02113624,n02113624/ILSVRC2012_val_00021690.JPEG
imagenet,n02113624,n02113624/ILSVRC2012_val_00022911.JPEG
imagenet,n02113624,n02113624/ILSVRC2012_val_00023198.JPEG
imagenet,n02113624,n02113624/ILSVRC2012_val_00023516.JPEG
imagenet,n02113624,n02113624/ILSVRC2012_val_00027140.JPEG
imagenet,n02113624,n02113624/ILSVRC2012_val_00027962.JPEG
imagenet,n02113624,n02113624/ILSVRC2012_val_00029115.JPEG
imagenet,n02113624,n02113624/ILSVRC2012_val_00031006.JPEG
imagenet,n02113624,n02113624/ILSVRC2012_val_00031224.JPEG
imagenet,n02113624,n02113624/ILSVRC2012_val_00033017.JPEG
imagenet,n02113624,n02113624/ILSVRC2012_val_00034297.JPEG
imagenet,n02113624,n02113624/ILSVRC2012_val_00035459.JPEG
imagenet,n02113624,n02113624/ILSVRC2012_val_00036458.JPEG
imagenet,n02113624,n02113624/ILSVRC2012_val_00036490.JPEG
imagenet,n02113624,n02113624/ILSVRC2012_val_00037250.JPEG
imagenet,n02113624,n02113624/ILSVRC2012_val_00037437.JPEG
imagenet,n02113624,n02113624/ILSVRC2012_val_00037634.JPEG
imagenet,n02113624,n02113624/ILSVRC2012_val_00039376.JPEG
imagenet,n02113624,n02113624/ILSVRC2012_val_00044258.JPEG
imagenet,n02113624,n02113624/ILSVRC2012_val_00044709.JPEG
imagenet,n02113624,n02113624/ILSVRC2012_val_00044727.JPEG
imagenet,n02113624,n02113624/ILSVRC2012_val_00045956.JPEG
imagenet,n02113624,n02113624/ILSVRC2012_val_00046483.JPEG
imagenet,n02113624,n02113624/ILSVRC2012_val_00046823.JPEG
imagenet,n02113624,n02113624/ILSVRC2012_val_00047862.JPEG
imagenet,n02113799,n02113799/ILSVRC2012_val_00000399.JPEG
imagenet,n02113799,n02113799/ILSVRC2012_val_00000800.JPEG
imagenet,n02113799,n02113799/ILSVRC2012_val_00004278.JPEG
imagenet,n02113799,n02113799/ILSVRC2012_val_00005238.JPEG
imagenet,n02113799,n02113799/ILSVRC2012_val_00005936.JPEG
imagenet,n02113799,n02113799/ILSVRC2012_val_00006652.JPEG
imagenet,n02113799,n02113799/ILSVRC2012_val_00007866.JPEG
imagenet,n02113799,n02113799/ILSVRC2012_val_00007931.JPEG
imagenet,n02113799,n02113799/ILSVRC2012_val_00009523.JPEG
imagenet,n02113799,n02113799/ILSVRC2012_val_00010688.JPEG
imagenet,n02113799,n02113799/ILSVRC2012_val_00012255.JPEG
imagenet,n02113799,n02113799/ILSVRC2012_val_00013083.JPEG
imagenet,n02113799,n02113799/ILSVRC2012_val_00014975.JPEG
imagenet,n02113799,n02113799/ILSVRC2012_val_00016697.JPEG
imagenet,n02113799,n02113799/ILSVRC2012_val_00017569.JPEG
imagenet,n02113799,n02113799/ILSVRC2012_val_00018491.JPEG
imagenet,n02113799,n02113799/ILSVRC2012_val_00018934.JPEG
imagenet,n02113799,n02113799/ILSVRC2012_val_00018971.JPEG
imagenet,n02113799,n02113799/ILSVRC2012_val_00021171.JPEG
imagenet,n02113799,n02113799/ILSVRC2012_val_00021801.JPEG
imagenet,n02113799,n02113799/ILSVRC2012_val_00022629.JPEG
imagenet,n02113799,n02113799/ILSVRC2012_val_00022881.JPEG
imagenet,n02113799,n02113799/ILSVRC2012_val_00024272.JPEG
imagenet,n02113799,n02113799/ILSVRC2012_val_00025065.JPEG
imagenet,n02113799,n02113799/ILSVRC2012_val_00026130.JPEG
imagenet,n02113799,n02113799/ILSVRC2012_val_00026858.JPEG
imagenet,n02113799,n02113799/ILSVRC2012_val_00027366.JPEG
imagenet,n02113799,n02113799/ILSVRC2012_val_00027990.JPEG
imagenet,n02113799,n02113799/ILSVRC2012_val_00029775.JPEG
imagenet,n02113799,n02113799/ILSVRC2012_val_00029984.JPEG
imagenet,n02113799,n02113799/ILSVRC2012_val_00032938.JPEG
imagenet,n02113799,n02113799/ILSVRC2012_val_00033897.JPEG
imagenet,n02113799,n02113799/ILSVRC2012_val_00034090.JPEG
imagenet,n02113799,n02113799/ILSVRC2012_val_00034908.JPEG
imagenet,n02113799,n02113799/ILSVRC2012_val_00036842.JPEG
imagenet,n02113799,n02113799/ILSVRC2012_val_00038194.JPEG
imagenet,n02113799,n02113799/ILSVRC2012_val_00038393.JPEG
imagenet,n02113799,n02113799/ILSVRC2012_val_00039393.JPEG
imagenet,n02113799,n02113799/ILSVRC2012_val_00040088.JPEG
imagenet,n02113799,n02113799/ILSVRC2012_val_00040742.JPEG
imagenet,n02113799,n02113799/ILSVRC2012_val_00043599.JPEG
imagenet,n02113799,n02113799/ILSVRC2012_val_00043688.JPEG
imagenet,n02113799,n02113799/ILSVRC2012_val_00045292.JPEG
imagenet,n02113799,n02113799/ILSVRC2012_val_00045485.JPEG
imagenet,n02113799,n02113799/ILSVRC2012_val_00045628.JPEG
imagenet,n02113799,n02113799/ILSVRC2012_val_00047026.JPEG
imagenet,n02113799,n02113799/ILSVRC2012_val_00047597.JPEG
imagenet,n02113799,n02113799/ILSVRC2012_val_00047699.JPEG
imagenet,n02113799,n02113799/ILSVRC2012_val_00048311.JPEG
imagenet,n02113799,n02113799/ILSVRC2012_val_00048625.JPEG
imagenet,n02114367,n02114367/ILSVRC2012_val_00000530.JPEG
imagenet,n02114367,n02114367/ILSVRC2012_val_00000912.JPEG
imagenet,n02114367,n02114367/ILSVRC2012_val_00001172.JPEG
imagenet,n02114367,n02114367/ILSVRC2012_val_00001469.JPEG
imagenet,n02114367,n02114367/ILSVRC2012_val_00002259.JPEG
imagenet,n02114367,n02114367/ILSVRC2012_val_00006666.JPEG
imagenet,n02114367,n02114367/ILSVRC2012_val_00009604.JPEG
imagenet,n02114367,n02114367/ILSVRC2012_val_00011188.JPEG
imagenet,n02114367,n02114367/ILSVRC2012_val_00011463.JPEG
imagenet,n02114367,n02114367/ILSVRC2012_val_00012840.JPEG
imagenet,n02114367,n02114367/ILSVRC2012_val_00013412.JPEG
imagenet,n02114367,n02114367/ILSVRC2012_val_00013479.JPEG
imagenet,n02114367,n02114367/ILSVRC2012_val_00014508.JPEG
imagenet,n02114367,n02114367/ILSVRC2012_val_00014734.JPEG
imagenet,n02114367,n02114367/ILSVRC2012_val_00015030.JPEG
imagenet,n02114367,n02114367/ILSVRC2012_val_00015465.JPEG
imagenet,n02114367,n02114367/ILSVRC2012_val_00015625.JPEG
imagenet,n02114367,n02114367/ILSVRC2012_val_00016281.JPEG
imagenet,n02114367,n02114367/ILSVRC2012_val_00017311.JPEG
imagenet,n02114367,n02114367/ILSVRC2012_val_00017773.JPEG
imagenet,n02114367,n02114367/ILSVRC2012_val_00017809.JPEG
imagenet,n02114367,n02114367/ILSVRC2012_val_00018311.JPEG
imagenet,n02114367,n02114367/ILSVRC2012_val_00018872.JPEG
imagenet,n02114367,n02114367/ILSVRC2012_val_00022055.JPEG
imagenet,n02114367,n02114367/ILSVRC2012_val_00024863.JPEG
imagenet,n02114367,n02114367/ILSVRC2012_val_00027497.JPEG
imagenet,n02114367,n02114367/ILSVRC2012_val_00027951.JPEG
imagenet,n02114367,n02114367/ILSVRC2012_val_00028990.JPEG
imagenet,n02114367,n02114367/ILSVRC2012_val_00029659.JPEG
imagenet,n02114367,n02114367/ILSVRC2012_val_00029769.JPEG
imagenet,n02114367,n02114367/ILSVRC2012_val_00031414.JPEG
imagenet,n02114367,n02114367/ILSVRC2012_val_00032568.JPEG
imagenet,n02114367,n02114367/ILSVRC2012_val_00032749.JPEG
imagenet,n02114367,n02114367/ILSVRC2012_val_00033884.JPEG
imagenet,n02114367,n02114367/ILSVRC2012_val_00037118.JPEG
imagenet,n02114367,n02114367/ILSVRC2012_val_00037630.JPEG
imagenet,n02114367,n02114367/ILSVRC2012_val_00038239.JPEG
imagenet,n02114367,n02114367/ILSVRC2012_val_00039885.JPEG
imagenet,n02114367,n02114367/ILSVRC2012_val_00041601.JPEG
imagenet,n02114367,n02114367/ILSVRC2012_val_00041991.JPEG
imagenet,n02114367,n02114367/ILSVRC2012_val_00042413.JPEG
imagenet,n02114367,n02114367/ILSVRC2012_val_00042434.JPEG
imagenet,n02114367,n02114367/ILSVRC2012_val_00042816.JPEG
imagenet,n02114367,n02114367/ILSVRC2012_val_00043363.JPEG
imagenet,n02114367,n02114367/ILSVRC2012_val_00044765.JPEG
imagenet,n02114367,n02114367/ILSVRC2012_val_00045453.JPEG
imagenet,n02114367,n02114367/ILSVRC2012_val_00046989.JPEG
imagenet,n02114367,n02114367/ILSVRC2012_val_00047435.JPEG
imagenet,n02114367,n02114367/ILSVRC2012_val_00047767.JPEG
imagenet,n02114367,n02114367/ILSVRC2012_val_00049296.JPEG
imagenet,n02117135,n02117135/ILSVRC2012_val_00000133.JPEG
imagenet,n02117135,n02117135/ILSVRC2012_val_00000983.JPEG
imagenet,n02117135,n02117135/ILSVRC2012_val_00003038.JPEG
imagenet,n02117135,n02117135/ILSVRC2012_val_00003550.JPEG
imagenet,n02117135,n02117135/ILSVRC2012_val_00004940.JPEG
imagenet,n02117135,n02117135/ILSVRC2012_val_00005473.JPEG
imagenet,n02117135,n02117135/ILSVRC2012_val_00006431.JPEG
imagenet,n02117135,n02117135/ILSVRC2012_val_00006604.JPEG
imagenet,n02117135,n02117135/ILSVRC2012_val_00008947.JPEG
imagenet,n02117135,n02117135/ILSVRC2012_val_00009354.JPEG
imagenet,n02117135,n02117135/ILSVRC2012_val_00011000.JPEG
imagenet,n02117135,n02117135/ILSVRC2012_val_00012833.JPEG
imagenet,n02117135,n02117135/ILSVRC2012_val_00013034.JPEG
imagenet,n02117135,n02117135/ILSVRC2012_val_00016830.JPEG
imagenet,n02117135,n02117135/ILSVRC2012_val_00019942.JPEG
imagenet,n02117135,n02117135/ILSVRC2012_val_00020325.JPEG
imagenet,n02117135,n02117135/ILSVRC2012_val_00021035.JPEG
imagenet,n02117135,n02117135/ILSVRC2012_val_00022947.JPEG
imagenet,n02117135,n02117135/ILSVRC2012_val_00023004.JPEG
imagenet,n02117135,n02117135/ILSVRC2012_val_00023307.JPEG
imagenet,n02117135,n02117135/ILSVRC2012_val_00024786.JPEG
imagenet,n02117135,n02117135/ILSVRC2012_val_00025662.JPEG
imagenet,n02117135,n02117135/ILSVRC2012_val_00026516.JPEG
imagenet,n02117135,n02117135/ILSVRC2012_val_00027765.JPEG
imagenet,n02117135,n02117135/ILSVRC2012_val_00028857.JPEG
imagenet,n02117135,n02117135/ILSVRC2012_val_00029059.JPEG
imagenet,n02117135,n02117135/ILSVRC2012_val_00029308.JPEG
imagenet,n02117135,n02117135/ILSVRC2012_val_00029816.JPEG
imagenet,n02117135,n02117135/ILSVRC2012_val_00030115.JPEG
imagenet,n02117135,n02117135/ILSVRC2012_val_00030724.JPEG
imagenet,n02117135,n02117135/ILSVRC2012_val_00031041.JPEG
imagenet,n02117135,n02117135/ILSVRC2012_val_00031792.JPEG
imagenet,n02117135,n02117135/ILSVRC2012_val_00034379.JPEG
imagenet,n02117135,n02117135/ILSVRC2012_val_00035727.JPEG
imagenet,n02117135,n02117135/ILSVRC2012_val_00035999.JPEG
imagenet,n02117135,n02117135/ILSVRC2012_val_00037216.JPEG
imagenet,n02117135,n02117135/ILSVRC2012_val_00037265.JPEG
imagenet,n02117135,n02117135/ILSVRC2012_val_00039085.JPEG
imagenet,n02117135,n02117135/ILSVRC2012_val_00039990.JPEG
imagenet,n02117135,n02117135/ILSVRC2012_val_00040327.JPEG
imagenet,n02117135,n02117135/ILSVRC2012_val_00040615.JPEG
imagenet,n02117135,n02117135/ILSVRC2012_val_00041142.JPEG
imagenet,n02117135,n02117135/ILSVRC2012_val_00042684.JPEG
imagenet,n02117135,n02117135/ILSVRC2012_val_00043079.JPEG
imagenet,n02117135,n02117135/ILSVRC2012_val_00043660.JPEG
imagenet,n02117135,n02117135/ILSVRC2012_val_00044364.JPEG
imagenet,n02117135,n02117135/ILSVRC2012_val_00044496.JPEG
imagenet,n02117135,n02117135/ILSVRC2012_val_00048181.JPEG
imagenet,n02117135,n02117135/ILSVRC2012_val_00048499.JPEG
imagenet,n02117135,n02117135/ILSVRC2012_val_00049629.JPEG
imagenet,n02119022,n02119022/ILSVRC2012_val_00000157.JPEG
imagenet,n02119022,n02119022/ILSVRC2012_val_00000517.JPEG
imagenet,n02119022,n02119022/ILSVRC2012_val_00003449.JPEG
imagenet,n02119022,n02119022/ILSVRC2012_val_00003974.JPEG
imagenet,n02119022,n02119022/ILSVRC2012_val_00004141.JPEG
imagenet,n02119022,n02119022/ILSVRC2012_val_00004643.JPEG
imagenet,n02119022,n02119022/ILSVRC2012_val_00005979.JPEG
imagenet,n02119022,n02119022/ILSVRC2012_val_00006668.JPEG
imagenet,n02119022,n02119022/ILSVRC2012_val_00006818.JPEG
imagenet,n02119022,n02119022/ILSVRC2012_val_00008113.JPEG
imagenet,n02119022,n02119022/ILSVRC2012_val_00008938.JPEG
imagenet,n02119022,n02119022/ILSVRC2012_val_00009066.JPEG
imagenet,n02119022,n02119022/ILSVRC2012_val_00010297.JPEG
imagenet,n02119022,n02119022/ILSVRC2012_val_00010552.JPEG
imagenet,n02119022,n02119022/ILSVRC2012_val_00011084.JPEG
imagenet,n02119022,n02119022/ILSVRC2012_val_00012749.JPEG
imagenet,n02119022,n02119022/ILSVRC2012_val_00012978.JPEG
imagenet,n02119022,n02119022/ILSVRC2012_val_00014133.JPEG
imagenet,n02119022,n02119022/ILSVRC2012_val_00014798.JPEG
imagenet,n02119022,n02119022/ILSVRC2012_val_00016471.JPEG
imagenet,n02119022,n02119022/ILSVRC2012_val_00018381.JPEG
imagenet,n02119022,n02119022/ILSVRC2012_val_00020225.JPEG
imagenet,n02119022,n02119022/ILSVRC2012_val_00020790.JPEG
imagenet,n02119022,n02119022/ILSVRC2012_val_00025140.JPEG
imagenet,n02119022,n02119022/ILSVRC2012_val_00025207.JPEG
imagenet,n02119022,n02119022/ILSVRC2012_val_00026288.JPEG
imagenet,n02119022,n02119022/ILSVRC2012_val_00027828.JPEG
imagenet,n02119022,n02119022/ILSVRC2012_val_00029361.JPEG
imagenet,n02119022,n02119022/ILSVRC2012_val_00029562.JPEG
imagenet,n02119022,n02119022/ILSVRC2012_val_00029735.JPEG
imagenet,n02119022,n02119022/ILSVRC2012_val_00031297.JPEG
imagenet,n02119022,n02119022/ILSVRC2012_val_00031470.JPEG
imagenet,n02119022,n02119022/ILSVRC2012_val_00032508.JPEG
imagenet,n02119022,n02119022/ILSVRC2012_val_00032623.JPEG
imagenet,n02119022,n02119022/ILSVRC2012_val_00033177.JPEG
imagenet,n02119022,n02119022/ILSVRC2012_val_00033641.JPEG
imagenet,n02119022,n02119022/ILSVRC2012_val_00034084.JPEG
imagenet,n02119022,n02119022/ILSVRC2012_val_00035165.JPEG
imagenet,n02119022,n02119022/ILSVRC2012_val_00036547.JPEG
imagenet,n02119022,n02119022/ILSVRC2012_val_00037080.JPEG
imagenet,n02119022,n02119022/ILSVRC2012_val_00039745.JPEG
imagenet,n02119022,n02119022/ILSVRC2012_val_00041499.JPEG
imagenet,n02119022,n02119022/ILSVRC2012_val_00045465.JPEG
imagenet,n02119022,n02119022/ILSVRC2012_val_00045601.JPEG
imagenet,n02119022,n02119022/ILSVRC2012_val_00046388.JPEG
imagenet,n02119022,n02119022/ILSVRC2012_val_00047690.JPEG
imagenet,n02119022,n02119022/ILSVRC2012_val_00049262.JPEG
imagenet,n02119022,n02119022/ILSVRC2012_val_00049298.JPEG
imagenet,n02119022,n02119022/ILSVRC2012_val_00049886.JPEG
imagenet,n02119022,n02119022/ILSVRC2012_val_00049984.JPEG
imagenet,n02123045,n02123045/ILSVRC2012_val_00001341.JPEG
imagenet,n02123045,n02123045/ILSVRC2012_val_00002823.JPEG
imagenet,n02123045,n02123045/ILSVRC2012_val_00004422.JPEG
imagenet,n02123045,n02123045/ILSVRC2012_val_00004902.JPEG
imagenet,n02123045,n02123045/ILSVRC2012_val_00005358.JPEG
imagenet,n02123045,n02123045/ILSVRC2012_val_00007006.JPEG
imagenet,n02123045,n02123045/ILSVRC2012_val_00008876.JPEG
imagenet,n02123045,n02123045/ILSVRC2012_val_00009921.JPEG
imagenet,n02123045,n02123045/ILSVRC2012_val_00010711.JPEG
imagenet,n02123045,n02123045/ILSVRC2012_val_00011015.JPEG
imagenet,n02123045,n02123045/ILSVRC2012_val_00011142.JPEG
imagenet,n02123045,n02123045/ILSVRC2012_val_00012377.JPEG
imagenet,n02123045,n02123045/ILSVRC2012_val_00012551.JPEG
imagenet,n02123045,n02123045/ILSVRC2012_val_00012975.JPEG
imagenet,n02123045,n02123045/ILSVRC2012_val_00013494.JPEG
imagenet,n02123045,n02123045/ILSVRC2012_val_00013673.JPEG
imagenet,n02123045,n02123045/ILSVRC2012_val_00013684.JPEG
imagenet,n02123045,n02123045/ILSVRC2012_val_00016240.JPEG
imagenet,n02123045,n02123045/ILSVRC2012_val_00016389.JPEG
imagenet,n02123045,n02123045/ILSVRC2012_val_00016483.JPEG
imagenet,n02123045,n02123045/ILSVRC2012_val_00020136.JPEG
imagenet,n02123045,n02123045/ILSVRC2012_val_00022080.JPEG
imagenet,n02123045,n02123045/ILSVRC2012_val_00022853.JPEG
imagenet,n02123045,n02123045/ILSVRC2012_val_00023779.JPEG
imagenet,n02123045,n02123045/ILSVRC2012_val_00025650.JPEG
imagenet,n02123045,n02123045/ILSVRC2012_val_00025876.JPEG
imagenet,n02123045,n02123045/ILSVRC2012_val_00027013.JPEG
imagenet,n02123045,n02123045/ILSVRC2012_val_00027695.JPEG
imagenet,n02123045,n02123045/ILSVRC2012_val_00028829.JPEG
imagenet,n02123045,n02123045/ILSVRC2012_val_00030052.JPEG
imagenet,n02123045,n02123045/ILSVRC2012_val_00030706.JPEG
imagenet,n02123045,n02123045/ILSVRC2012_val_00033420.JPEG
imagenet,n02123045,n02123045/ILSVRC2012_val_00033490.JPEG
imagenet,n02123045,n02123045/ILSVRC2012_val_00033837.JPEG
imagenet,n02123045,n02123045/ILSVRC2012_val_00034676.JPEG
imagenet,n02123045,n02123045/ILSVRC2012_val_00035163.JPEG
imagenet,n02123045,n02123045/ILSVRC2012_val_00036661.JPEG
imagenet,n02123045,n02123045/ILSVRC2012_val_00038661.JPEG
imagenet,n02123045,n02123045/ILSVRC2012_val_00038672.JPEG
imagenet,n02123045,n02123045/ILSVRC2012_val_00039084.JPEG
imagenet,n02123045,n02123045/ILSVRC2012_val_00039877.JPEG
imagenet,n02123045,n02123045/ILSVRC2012_val_00040238.JPEG
imagenet,n02123045,n02123045/ILSVRC2012_val_00040251.JPEG
imagenet,n02123045,n02123045/ILSVRC2012_val_00040745.JPEG
imagenet,n02123045,n02123045/ILSVRC2012_val_00041570.JPEG
imagenet,n02123045,n02123045/ILSVRC2012_val_00043014.JPEG
imagenet,n02123045,n02123045/ILSVRC2012_val_00044027.JPEG
imagenet,n02123045,n02123045/ILSVRC2012_val_00045239.JPEG
imagenet,n02123045,n02123045/ILSVRC2012_val_00047455.JPEG
imagenet,n02123045,n02123045/ILSVRC2012_val_00047911.JPEG
imagenet,n02128385,n02128385/ILSVRC2012_val_00000600.JPEG
imagenet,n02128385,n02128385/ILSVRC2012_val_00000650.JPEG
imagenet,n02128385,n02128385/ILSVRC2012_val_00003839.JPEG
imagenet,n02128385,n02128385/ILSVRC2012_val_00005603.JPEG
imagenet,n02128385,n02128385/ILSVRC2012_val_00006155.JPEG
imagenet,n02128385,n02128385/ILSVRC2012_val_00006619.JPEG
imagenet,n02128385,n02128385/ILSVRC2012_val_00008295.JPEG
imagenet,n02128385,n02128385/ILSVRC2012_val_00009158.JPEG
imagenet,n02128385,n02128385/ILSVRC2012_val_00009418.JPEG
imagenet,n02128385,n02128385/ILSVRC2012_val_00012399.JPEG
imagenet,n02128385,n02128385/ILSVRC2012_val_00012818.JPEG
imagenet,n02128385,n02128385/ILSVRC2012_val_00013002.JPEG
imagenet,n02128385,n02128385/ILSVRC2012_val_00015785.JPEG
imagenet,n02128385,n02128385/ILSVRC2012_val_00018358.JPEG
imagenet,n02128385,n02128385/ILSVRC2012_val_00019439.JPEG
imagenet,n02128385,n02128385/ILSVRC2012_val_00019655.JPEG
imagenet,n02128385,n02128385/ILSVRC2012_val_00019753.JPEG
imagenet,n02128385,n02128385/ILSVRC2012_val_00021066.JPEG
imagenet,n02128385,n02128385/ILSVRC2012_val_00021212.JPEG
imagenet,n02128385,n02128385/ILSVRC2012_val_00021538.JPEG
imagenet,n02128385,n02128385/ILSVRC2012_val_00024214.JPEG
imagenet,n02128385,n02128385/ILSVRC2012_val_00024219.JPEG
imagenet,n02128385,n02128385/ILSVRC2012_val_00025569.JPEG
imagenet,n02128385,n02128385/ILSVRC2012_val_00025688.JPEG
imagenet,n02128385,n02128385/ILSVRC2012_val_00026060.JPEG
imagenet,n02128385,n02128385/ILSVRC2012_val_00027464.JPEG
imagenet,n02128385,n02128385/ILSVRC2012_val_00029212.JPEG
imagenet,n02128385,n02128385/ILSVRC2012_val_00029939.JPEG
imagenet,n02128385,n02128385/ILSVRC2012_val_00030737.JPEG
imagenet,n02128385,n02128385/ILSVRC2012_val_00031056.JPEG
imagenet,n02128385,n02128385/ILSVRC2012_val_00032718.JPEG
imagenet,n02128385,n02128385/ILSVRC2012_val_00032869.JPEG
imagenet,n02128385,n02128385/ILSVRC2012_val_00035368.JPEG
imagenet,n02128385,n02128385/ILSVRC2012_val_00036527.JPEG
imagenet,n02128385,n02128385/ILSVRC2012_val_00036533.JPEG
imagenet,n02128385,n02128385/ILSVRC2012_val_00037032.JPEG
imagenet,n02128385,n02128385/ILSVRC2012_val_00037779.JPEG
imagenet,n02128385,n02128385/ILSVRC2012_val_00037850.JPEG
imagenet,n02128385,n02128385/ILSVRC2012_val_00038812.JPEG
imagenet,n02128385,n02128385/ILSVRC2012_val_00040100.JPEG
imagenet,n02128385,n02128385/ILSVRC2012_val_00040955.JPEG
imagenet,n02128385,n02128385/ILSVRC2012_val_00041521.JPEG
imagenet,n02128385,n02128385/ILSVRC2012_val_00042868.JPEG
imagenet,n02128385,n02128385/ILSVRC2012_val_00043117.JPEG
imagenet,n02128385,n02128385/ILSVRC2012_val_00043350.JPEG
imagenet,n02128385,n02128385/ILSVRC2012_val_00044343.JPEG
imagenet,n02128385,n02128385/ILSVRC2012_val_00045139.JPEG
imagenet,n02128385,n02128385/ILSVRC2012_val_00046032.JPEG
imagenet,n02128385,n02128385/ILSVRC2012_val_00048233.JPEG
imagenet,n02128385,n02128385/ILSVRC2012_val_00049471.JPEG
imagenet,n02128757,n02128757/ILSVRC2012_val_00000186.JPEG
imagenet,n02128757,n02128757/ILSVRC2012_val_00000233.JPEG
imagenet,n02128757,n02128757/ILSVRC2012_val_00001352.JPEG
imagenet,n02128757,n02128757/ILSVRC2012_val_00002557.JPEG
imagenet,n02128757,n02128757/ILSVRC2012_val_00002572.JPEG
imagenet,n02128757,n02128757/ILSVRC2012_val_00002646.JPEG
imagenet,n02128757,n02128757/ILSVRC2012_val_00004135.JPEG
imagenet,n02128757,n02128757/ILSVRC2012_val_00005164.JPEG
imagenet,n02128757,n02128757/ILSVRC2012_val_00005277.JPEG
imagenet,n02128757,n02128757/ILSVRC2012_val_00005628.JPEG
imagenet,n02128757,n02128757/ILSVRC2012_val_00005917.JPEG
imagenet,n02128757,n02128757/ILSVRC2012_val_00006556.JPEG
imagenet,n02128757,n02128757/ILSVRC2012_val_00007140.JPEG
imagenet,n02128757,n02128757/ILSVRC2012_val_00007548.JPEG
imagenet,n02128757,n02128757/ILSVRC2012_val_00009922.JPEG
imagenet,n02128757,n02128757/ILSVRC2012_val_00010472.JPEG
imagenet,n02128757,n02128757/ILSVRC2012_val_00012079.JPEG
imagenet,n02128757,n02128757/ILSVRC2012_val_00012404.JPEG
imagenet,n02128757,n02128757/ILSVRC2012_val_00013141.JPEG
imagenet,n02128757,n02128757/ILSVRC2012_val_00016720.JPEG
imagenet,n02128757,n02128757/ILSVRC2012_val_00019738.JPEG
imagenet,n02128757,n02128757/ILSVRC2012_val_00019816.JPEG
imagenet,n02128757,n02128757/ILSVRC2012_val_00019978.JPEG
imagenet,n02128757,n02128757/ILSVRC2012_val_00022170.JPEG
imagenet,n02128757,n02128757/ILSVRC2012_val_00023086.JPEG
imagenet,n02128757,n02128757/ILSVRC2012_val_00024910.JPEG
imagenet,n02128757,n02128757/ILSVRC2012_val_00026325.JPEG
imagenet,n02128757,n02128757/ILSVRC2012_val_00026982.JPEG
imagenet,n02128757,n02128757/ILSVRC2012_val_00029508.JPEG
imagenet,n02128757,n02128757/ILSVRC2012_val_00032285.JPEG
imagenet,n02128757,n02128757/ILSVRC2012_val_00032712.JPEG
imagenet,n02128757,n02128757/ILSVRC2012_val_00032794.JPEG
imagenet,n02128757,n02128757/ILSVRC2012_val_00033369.JPEG
imagenet,n02128757,n02128757/ILSVRC2012_val_00033934.JPEG
imagenet,n02128757,n02128757/ILSVRC2012_val_00035192.JPEG
imagenet,n02128757,n02128757/ILSVRC2012_val_00035332.JPEG
imagenet,n02128757,n02128757/ILSVRC2012_val_00035868.JPEG
imagenet,n02128757,n02128757/ILSVRC2012_val_00036401.JPEG
imagenet,n02128757,n02128757/ILSVRC2012_val_00036474.JPEG
imagenet,n02128757,n02128757/ILSVRC2012_val_00036622.JPEG
imagenet,n02128757,n02128757/ILSVRC2012_val_00040632.JPEG
imagenet,n02128757,n02128757/ILSVRC2012_val_00040972.JPEG
imagenet,n02128757,n02128757/ILSVRC2012_val_00041476.JPEG
imagenet,n02128757,n02128757/ILSVRC2012_val_00042484.JPEG
imagenet,n02128757,n02128757/ILSVRC2012_val_00045279.JPEG
imagenet,n02128757,n02128757/ILSVRC2012_val_00045606.JPEG
imagenet,n02128757,n02128757/ILSVRC2012_val_00046555.JPEG
imagenet,n02128757,n02128757/ILSVRC2012_val_00048394.JPEG
imagenet,n02128757,n02128757/ILSVRC2012_val_00048717.JPEG
imagenet,n02128757,n02128757/ILSVRC2012_val_00049389.JPEG
imagenet,n02129165,n02129165/ILSVRC2012_val_00001359.JPEG
imagenet,n02129165,n02129165/ILSVRC2012_val_00002640.JPEG
imagenet,n02129165,n02129165/ILSVRC2012_val_00003788.JPEG
imagenet,n02129165,n02129165/ILSVRC2012_val_00005410.JPEG
imagenet,n02129165,n02129165/ILSVRC2012_val_00006345.JPEG
imagenet,n02129165,n02129165/ILSVRC2012_val_00006778.JPEG
imagenet,n02129165,n02129165/ILSVRC2012_val_00007646.JPEG
imagenet,n02129165,n02129165/ILSVRC2012_val_00008167.JPEG
imagenet,n02129165,n02129165/ILSVRC2012_val_00008553.JPEG
imagenet,n02129165,n02129165/ILSVRC2012_val_00009124.JPEG
imagenet,n02129165,n02129165/ILSVRC2012_val_00011018.JPEG
imagenet,n02129165,n02129165/ILSVRC2012_val_00011645.JPEG
imagenet,n02129165,n02129165/ILSVRC2012_val_00011713.JPEG
imagenet,n02129165,n02129165/ILSVRC2012_val_00012343.JPEG
imagenet,n02129165,n02129165/ILSVRC2012_val_00012353.JPEG
imagenet,n02129165,n02129165/ILSVRC2012_val_00012423.JPEG
imagenet,n02129165,n02129165/ILSVRC2012_val_00014657.JPEG
imagenet,n02129165,n02129165/ILSVRC2012_val_00014967.JPEG
imagenet,n02129165,n02129165/ILSVRC2012_val_00015547.JPEG
imagenet,n02129165,n02129165/ILSVRC2012_val_00016765.JPEG
imagenet,n02129165,n02129165/ILSVRC2012_val_00019456.JPEG
imagenet,n02129165,n02129165/ILSVRC2012_val_00020119.JPEG
imagenet,n02129165,n02129165/ILSVRC2012_val_00023212.JPEG
imagenet,n02129165,n02129165/ILSVRC2012_val_00024234.JPEG
imagenet,n02129165,n02129165/ILSVRC2012_val_00024902.JPEG
imagenet,n02129165,n02129165/ILSVRC2012_val_00026545.JPEG
imagenet,n02129165,n02129165/ILSVRC2012_val_00026880.JPEG
imagenet,n02129165,n02129165/ILSVRC2012_val_00027413.JPEG
imagenet,n02129165,n02129165/ILSVRC2012_val_00029001.JPEG
imagenet,n02129165,n02129165/ILSVRC2012_val_00029424.JPEG
imagenet,n02129165,n02129165/ILSVRC2012_val_00030269.JPEG
imagenet,n02129165,n02129165/ILSVRC2012_val_00030502.JPEG
imagenet,n02129165,n02129165/ILSVRC2012_val_00030575.JPEG
imagenet,n02129165,n02129165/ILSVRC2012_val_00031111.JPEG
imagenet,n02129165,n02129165/ILSVRC2012_val_00033659.JPEG
imagenet,n02129165,n02129165/ILSVRC2012_val_00034589.JPEG
imagenet,n02129165,n02129165/ILSVRC2012_val_00034811.JPEG
imagenet,n02129165,n02129165/ILSVRC2012_val_00036117.JPEG
imagenet,n02129165,n02129165/ILSVRC2012_val_00038186.JPEG
imagenet,n02129165,n02129165/ILSVRC2012_val_00039833.JPEG
imagenet,n02129165,n02129165/ILSVRC2012_val_00040607.JPEG
imagenet,n02129165,n02129165/ILSVRC2012_val_00040627.JPEG
imagenet,n02129165,n02129165/ILSVRC2012_val_00040647.JPEG
imagenet,n02129165,n02129165/ILSVRC2012_val_00041380.JPEG
imagenet,n02129165,n02129165/ILSVRC2012_val_00044195.JPEG
imagenet,n02129165,n02129165/ILSVRC2012_val_00045668.JPEG
imagenet,n02129165,n02129165/ILSVRC2012_val_00047193.JPEG
imagenet,n02129165,n02129165/ILSVRC2012_val_00048502.JPEG
imagenet,n02129165,n02129165/ILSVRC2012_val_00049018.JPEG
imagenet,n02129165,n02129165/ILSVRC2012_val_00049477.JPEG
imagenet,n02129604,n02129604/ILSVRC2012_val_00000303.JPEG
imagenet,n02129604,n02129604/ILSVRC2012_val_00001988.JPEG
imagenet,n02129604,n02129604/ILSVRC2012_val_00002601.JPEG
imagenet,n02129604,n02129604/ILSVRC2012_val_00003963.JPEG
imagenet,n02129604,n02129604/ILSVRC2012_val_00005323.JPEG
imagenet,n02129604,n02129604/ILSVRC2012_val_00008676.JPEG
imagenet,n02129604,n02129604/ILSVRC2012_val_00011590.JPEG
imagenet,n02129604,n02129604/ILSVRC2012_val_00011736.JPEG
imagenet,n02129604,n02129604/ILSVRC2012_val_00013239.JPEG
imagenet,n02129604,n02129604/ILSVRC2012_val_00015313.JPEG
imagenet,n02129604,n02129604/ILSVRC2012_val_00015897.JPEG
imagenet,n02129604,n02129604/ILSVRC2012_val_00016518.JPEG
imagenet,n02129604,n02129604/ILSVRC2012_val_00016587.JPEG
imagenet,n02129604,n02129604/ILSVRC2012_val_00017765.JPEG
imagenet,n02129604,n02129604/ILSVRC2012_val_00018241.JPEG
imagenet,n02129604,n02129604/ILSVRC2012_val_00018437.JPEG
imagenet,n02129604,n02129604/ILSVRC2012_val_00021043.JPEG
imagenet,n02129604,n02129604/ILSVRC2012_val_00022411.JPEG
imagenet,n02129604,n02129604/ILSVRC2012_val_00023810.JPEG
imagenet,n02129604,n02129604/ILSVRC2012_val_00024050.JPEG
imagenet,n02129604,n02129604/ILSVRC2012_val_00025213.JPEG
imagenet,n02129604,n02129604/ILSVRC2012_val_00027576.JPEG
imagenet,n02129604,n02129604/ILSVRC2012_val_00029267.JPEG
imagenet,n02129604,n02129604/ILSVRC2012_val_00029335.JPEG
imagenet,n02129604,n02129604/ILSVRC2012_val_00029635.JPEG
imagenet,n02129604,n02129604/ILSVRC2012_val_00029685.JPEG
imagenet,n02129604,n02129604/ILSVRC2012_val_00030651.JPEG
imagenet,n02129604,n02129604/ILSVRC2012_val_00031017.JPEG
imagenet,n02129604,n02129604/ILSVRC2012_val_00031492.JPEG
imagenet,n02129604,n02129604/ILSVRC2012_val_00032038.JPEG
imagenet,n02129604,n02129604/ILSVRC2012_val_00032925.JPEG
imagenet,n02129604,n02129604/ILSVRC2012_val_00033542.JPEG
imagenet,n02129604,n02129604/ILSVRC2012_val_00034256.JPEG
imagenet,n02129604,n02129604/ILSVRC2012_val_00034321.JPEG
imagenet,n02129604,n02129604/ILSVRC2012_val_00034686.JPEG
imagenet,n02129604,n02129604/ILSVRC2012_val_00035494.JPEG
imagenet,n02129604,n02129604/ILSVRC2012_val_00036718.JPEG
imagenet,n02129604,n02129604/ILSVRC2012_val_00036868.JPEG
imagenet,n02129604,n02129604/ILSVRC2012_val_00038124.JPEG
imagenet,n02129604,n02129604/ILSVRC2012_val_00038673.JPEG
imagenet,n02129604,n02129604/ILSVRC2012_val_00038924.JPEG
imagenet,n02129604,n02129604/ILSVRC2012_val_00039169.JPEG
imagenet,n02129604,n02129604/ILSVRC2012_val_00040630.JPEG
imagenet,n02129604,n02129604/ILSVRC2012_val_00042617.JPEG
imagenet,n02129604,n02129604/ILSVRC2012_val_00045709.JPEG
imagenet,n02129604,n02129604/ILSVRC2012_val_00047614.JPEG
imagenet,n02129604,n02129604/ILSVRC2012_val_00048186.JPEG
imagenet,n02129604,n02129604/ILSVRC2012_val_00048375.JPEG
imagenet,n02129604,n02129604/ILSVRC2012_val_00048380.JPEG
imagenet,n02129604,n02129604/ILSVRC2012_val_00049631.JPEG
imagenet,n02130308,n02130308/ILSVRC2012_val_00000348.JPEG
imagenet,n02130308,n02130308/ILSVRC2012_val_00001060.JPEG
imagenet,n02130308,n02130308/ILSVRC2012_val_00002718.JPEG
imagenet,n02130308,n02130308/ILSVRC2012_val_00003773.JPEG
imagenet,n02130308,n02130308/ILSVRC2012_val_00005006.JPEG
imagenet,n02130308,n02130308/ILSVRC2012_val_00006239.JPEG
imagenet,n02130308,n02130308/ILSVRC2012_val_00006341.JPEG
imagenet,n02130308,n02130308/ILSVRC2012_val_00007031.JPEG
imagenet,n02130308,n02130308/ILSVRC2012_val_00007606.JPEG
imagenet,n02130308,n02130308/ILSVRC2012_val_00008094.JPEG
imagenet,n02130308,n02130308/ILSVRC2012_val_00009133.JPEG
imagenet,n02130308,n02130308/ILSVRC2012_val_00013129.JPEG
imagenet,n02130308,n02130308/ILSVRC2012_val_00013656.JPEG
imagenet,n02130308,n02130308/ILSVRC2012_val_00014974.JPEG
imagenet,n02130308,n02130308/ILSVRC2012_val_00017208.JPEG
imagenet,n02130308,n02130308/ILSVRC2012_val_00017732.JPEG
imagenet,n02130308,n02130308/ILSVRC2012_val_00018205.JPEG
imagenet,n02130308,n02130308/ILSVRC2012_val_00018233.JPEG
imagenet,n02130308,n02130308/ILSVRC2012_val_00018743.JPEG
imagenet,n02130308,n02130308/ILSVRC2012_val_00018812.JPEG
imagenet,n02130308,n02130308/ILSVRC2012_val_00019433.JPEG
imagenet,n02130308,n02130308/ILSVRC2012_val_00020305.JPEG
imagenet,n02130308,n02130308/ILSVRC2012_val_00021006.JPEG
imagenet,n02130308,n02130308/ILSVRC2012_val_00021920.JPEG
imagenet,n02130308,n02130308/ILSVRC2012_val_00022161.JPEG
imagenet,n02130308,n02130308/ILSVRC2012_val_00022327.JPEG
imagenet,n02130308,n02130308/ILSVRC2012_val_00023909.JPEG
imagenet,n02130308,n02130308/ILSVRC2012_val_00025336.JPEG
imagenet,n02130308,n02130308/ILSVRC2012_val_00026943.JPEG
imagenet,n02130308,n02130308/ILSVRC2012_val_00029216.JPEG
imagenet,n02130308,n02130308/ILSVRC2012_val_00030969.JPEG
imagenet,n02130308,n02130308/ILSVRC2012_val_00031348.JPEG
imagenet,n02130308,n02130308/ILSVRC2012_val_00033042.JPEG
imagenet,n02130308,n02130308/ILSVRC2012_val_00033338.JPEG
imagenet,n02130308,n02130308/ILSVRC2012_val_00033687.JPEG
imagenet,n02130308,n02130308/ILSVRC2012_val_00033907.JPEG
imagenet,n02130308,n02130308/ILSVRC2012_val_00033988.JPEG
imagenet,n02130308,n02130308/ILSVRC2012_val_00035388.JPEG
imagenet,n02130308,n02130308/ILSVRC2012_val_00037412.JPEG
imagenet,n02130308,n02130308/ILSVRC2012_val_00038707.JPEG
imagenet,n02130308,n02130308/ILSVRC2012_val_00039217.JPEG
imagenet,n02130308,n02130308/ILSVRC2012_val_00039516.JPEG
imagenet,n02130308,n02130308/ILSVRC2012_val_00040323.JPEG
imagenet,n02130308,n02130308/ILSVRC2012_val_00040790.JPEG
imagenet,n02130308,n02130308/ILSVRC2012_val_00041296.JPEG
imagenet,n02130308,n02130308/ILSVRC2012_val_00041415.JPEG
imagenet,n02130308,n02130308/ILSVRC2012_val_00041645.JPEG
imagenet,n02130308,n02130308/ILSVRC2012_val_00041740.JPEG
imagenet,n02130308,n02130308/ILSVRC2012_val_00044463.JPEG
imagenet,n02130308,n02130308/ILSVRC2012_val_00047021.JPEG
imagenet,n02134084,n02134084/ILSVRC2012_val_00001498.JPEG
imagenet,n02134084,n02134084/ILSVRC2012_val_00002105.JPEG
imagenet,n02134084,n02134084/ILSVRC2012_val_00002578.JPEG
imagenet,n02134084,n02134084/ILSVRC2012_val_00005369.JPEG
imagenet,n02134084,n02134084/ILSVRC2012_val_00005470.JPEG
imagenet,n02134084,n02134084/ILSVRC2012_val_00007578.JPEG
imagenet,n02134084,n02134084/ILSVRC2012_val_00007713.JPEG
imagenet,n02134084,n02134084/ILSVRC2012_val_00010742.JPEG
imagenet,n02134084,n02134084/ILSVRC2012_val_00010745.JPEG
imagenet,n02134084,n02134084/ILSVRC2012_val_00012893.JPEG
imagenet,n02134084,n02134084/ILSVRC2012_val_00012997.JPEG
imagenet,n02134084,n02134084/ILSVRC2012_val_00016340.JPEG
imagenet,n02134084,n02134084/ILSVRC2012_val_00016459.JPEG
imagenet,n02134084,n02134084/ILSVRC2012_val_00017605.JPEG
imagenet,n02134084,n02134084/ILSVRC2012_val_00019930.JPEG
imagenet,n02134084,n02134084/ILSVRC2012_val_00020332.JPEG
imagenet,n02134084,n02134084/ILSVRC2012_val_00020386.JPEG
imagenet,n02134084,n02134084/ILSVRC2012_val_00020441.JPEG
imagenet,n02134084,n02134084/ILSVRC2012_val_00020806.JPEG
imagenet,n02134084,n02134084/ILSVRC2012_val_00021883.JPEG
imagenet,n02134084,n02134084/ILSVRC2012_val_00021889.JPEG
imagenet,n02134084,n02134084/ILSVRC2012_val_00021962.JPEG
imagenet,n02134084,n02134084/ILSVRC2012_val_00027089.JPEG
imagenet,n02134084,n02134084/ILSVRC2012_val_00027913.JPEG
imagenet,n02134084,n02134084/ILSVRC2012_val_00028222.JPEG
imagenet,n02134084,n02134084/ILSVRC2012_val_00028938.JPEG
imagenet,n02134084,n02134084/ILSVRC2012_val_00029624.JPEG
imagenet,n02134084,n02134084/ILSVRC2012_val_00030136.JPEG
imagenet,n02134084,n02134084/ILSVRC2012_val_00030485.JPEG
imagenet,n02134084,n02134084/ILSVRC2012_val_00030704.JPEG
imagenet,n02134084,n02134084/ILSVRC2012_val_00031877.JPEG
imagenet,n02134084,n02134084/ILSVRC2012_val_00036763.JPEG
imagenet,n02134084,n02134084/ILSVRC2012_val_00037133.JPEG
imagenet,n02134084,n02134084/ILSVRC2012_val_00037253.JPEG
imagenet,n02134084,n02134084/ILSVRC2012_val_00038291.JPEG
imagenet,n02134084,n02134084/ILSVRC2012_val_00038821.JPEG
imagenet,n02134084,n02134084/ILSVRC2012_val_00040753.JPEG
imagenet,n02134084,n02134084/ILSVRC2012_val_00040871.JPEG
imagenet,n02134084,n02134084/ILSVRC2012_val_00041156.JPEG
imagenet,n02134084,n02134084/ILSVRC2012_val_00042273.JPEG
imagenet,n02134084,n02134084/ILSVRC2012_val_00042320.JPEG
imagenet,n02134084,n02134084/ILSVRC2012_val_00042687.JPEG
imagenet,n02134084,n02134084/ILSVRC2012_val_00044126.JPEG
imagenet,n02134084,n02134084/ILSVRC2012_val_00044402.JPEG
imagenet,n02134084,n02134084/ILSVRC2012_val_00044610.JPEG
imagenet,n02134084,n02134084/ILSVRC2012_val_00047020.JPEG
imagenet,n02134084,n02134084/ILSVRC2012_val_00047527.JPEG
imagenet,n02134084,n02134084/ILSVRC2012_val_00048086.JPEG
imagenet,n02134084,n02134084/ILSVRC2012_val_00048105.JPEG
imagenet,n02134084,n02134084/ILSVRC2012_val_00048940.JPEG
imagenet,n02138441,n02138441/ILSVRC2012_val_00000779.JPEG
imagenet,n02138441,n02138441/ILSVRC2012_val_00001742.JPEG
imagenet,n02138441,n02138441/ILSVRC2012_val_00002132.JPEG
imagenet,n02138441,n02138441/ILSVRC2012_val_00003982.JPEG
imagenet,n02138441,n02138441/ILSVRC2012_val_00004864.JPEG
imagenet,n02138441,n02138441/ILSVRC2012_val_00005695.JPEG
imagenet,n02138441,n02138441/ILSVRC2012_val_00006356.JPEG
imagenet,n02138441,n02138441/ILSVRC2012_val_00007702.JPEG
imagenet,n02138441,n02138441/ILSVRC2012_val_00008046.JPEG
imagenet,n02138441,n02138441/ILSVRC2012_val_00012478.JPEG
imagenet,n02138441,n02138441/ILSVRC2012_val_00013532.JPEG
imagenet,n02138441,n02138441/ILSVRC2012_val_00016283.JPEG
imagenet,n02138441,n02138441/ILSVRC2012_val_00016368.JPEG
imagenet,n02138441,n02138441/ILSVRC2012_val_00016694.JPEG
imagenet,n02138441,n02138441/ILSVRC2012_val_00017408.JPEG
imagenet,n02138441,n02138441/ILSVRC2012_val_00017410.JPEG
imagenet,n02138441,n02138441/ILSVRC2012_val_00021855.JPEG
imagenet,n02138441,n02138441/ILSVRC2012_val_00023299.JPEG
imagenet,n02138441,n02138441/ILSVRC2012_val_00024122.JPEG
imagenet,n02138441,n02138441/ILSVRC2012_val_00024371.JPEG
imagenet,n02138441,n02138441/ILSVRC2012_val_00024406.JPEG
imagenet,n02138441,n02138441/ILSVRC2012_val_00024744.JPEG
imagenet,n02138441,n02138441/ILSVRC2012_val_00025454.JPEG
imagenet,n02138441,n02138441/ILSVRC2012_val_00026239.JPEG
imagenet,n02138441,n02138441/ILSVRC2012_val_00026404.JPEG
imagenet,n02138441,n02138441/ILSVRC2012_val_00026450.JPEG
imagenet,n02138441,n02138441/ILSVRC2012_val_00028655.JPEG
imagenet,n02138441,n02138441/ILSVRC2012_val_00028836.JPEG
imagenet,n02138441,n02138441/ILSVRC2012_val_00029590.JPEG
imagenet,n02138441,n02138441/ILSVRC2012_val_00032687.JPEG
imagenet,n02138441,n02138441/ILSVRC2012_val_00032737.JPEG
imagenet,n02138441,n02138441/ILSVRC2012_val_00032885.JPEG
imagenet,n02138441,n02138441/ILSVRC2012_val_00033142.JPEG
imagenet,n02138441,n02138441/ILSVRC2012_val_00033234.JPEG
imagenet,n02138441,n02138441/ILSVRC2012_val_00034460.JPEG
imagenet,n02138441,n02138441/ILSVRC2012_val_00035330.JPEG
imagenet,n02138441,n02138441/ILSVRC2012_val_00037627.JPEG
imagenet,n02138441,n02138441/ILSVRC2012_val_00037731.JPEG
imagenet,n02138441,n02138441/ILSVRC2012_val_00038452.JPEG
imagenet,n02138441,n02138441/ILSVRC2012_val_00039182.JPEG
imagenet,n02138441,n02138441/ILSVRC2012_val_00039283.JPEG
imagenet,n02138441,n02138441/ILSVRC2012_val_00040642.JPEG
imagenet,n02138441,n02138441/ILSVRC2012_val_00041174.JPEG
imagenet,n02138441,n02138441/ILSVRC2012_val_00043148.JPEG
imagenet,n02138441,n02138441/ILSVRC2012_val_00046136.JPEG
imagenet,n02138441,n02138441/ILSVRC2012_val_00046692.JPEG
imagenet,n02138441,n02138441/ILSVRC2012_val_00046893.JPEG
imagenet,n02138441,n02138441/ILSVRC2012_val_00047118.JPEG
imagenet,n02138441,n02138441/ILSVRC2012_val_00048077.JPEG
imagenet,n02138441,n02138441/ILSVRC2012_val_00049426.JPEG
imagenet,n02165456,n02165456/ILSVRC2012_val_00000625.JPEG
imagenet,n02165456,n02165456/ILSVRC2012_val_00005343.JPEG
imagenet,n02165456,n02165456/ILSVRC2012_val_00005858.JPEG
imagenet,n02165456,n02165456/ILSVRC2012_val_00006966.JPEG
imagenet,n02165456,n02165456/ILSVRC2012_val_00007365.JPEG
imagenet,n02165456,n02165456/ILSVRC2012_val_00009918.JPEG
imagenet,n02165456,n02165456/ILSVRC2012_val_00011966.JPEG
imagenet,n02165456,n02165456/ILSVRC2012_val_00013832.JPEG
imagenet,n02165456,n02165456/ILSVRC2012_val_00015975.JPEG
imagenet,n02165456,n02165456/ILSVRC2012_val_00016683.JPEG
imagenet,n02165456,n02165456/ILSVRC2012_val_00017130.JPEG
imagenet,n02165456,n02165456/ILSVRC2012_val_00017398.JPEG
imagenet,n02165456,n02165456/ILSVRC2012_val_00017406.JPEG
imagenet,n02165456,n02165456/ILSVRC2012_val_00017635.JPEG
imagenet,n02165456,n02165456/ILSVRC2012_val_00018102.JPEG
imagenet,n02165456,n02165456/ILSVRC2012_val_00018142.JPEG
imagenet,n02165456,n02165456/ILSVRC2012_val_00018332.JPEG
imagenet,n02165456,n02165456/ILSVRC2012_val_00019029.JPEG
imagenet,n02165456,n02165456/ILSVRC2012_val_00019299.JPEG
imagenet,n02165456,n02165456/ILSVRC2012_val_00021152.JPEG
imagenet,n02165456,n02165456/ILSVRC2012_val_00021935.JPEG
imagenet,n02165456,n02165456/ILSVRC2012_val_00023650.JPEG
imagenet,n02165456,n02165456/ILSVRC2012_val_00024507.JPEG
imagenet,n02165456,n02165456/ILSVRC2012_val_00024572.JPEG
imagenet,n02165456,n02165456/ILSVRC2012_val_00025218.JPEG
imagenet,n02165456,n02165456/ILSVRC2012_val_00027557.JPEG
imagenet,n02165456,n02165456/ILSVRC2012_val_00027586.JPEG
imagenet,n02165456,n02165456/ILSVRC2012_val_00027954.JPEG
imagenet,n02165456,n02165456/ILSVRC2012_val_00029086.JPEG
imagenet,n02165456,n02165456/ILSVRC2012_val_00029943.JPEG
imagenet,n02165456,n02165456/ILSVRC2012_val_00030697.JPEG
imagenet,n02165456,n02165456/ILSVRC2012_val_00030921.JPEG
imagenet,n02165456,n02165456/ILSVRC2012_val_00031140.JPEG
imagenet,n02165456,n02165456/ILSVRC2012_val_00031147.JPEG
imagenet,n02165456,n02165456/ILSVRC2012_val_00031903.JPEG
imagenet,n02165456,n02165456/ILSVRC2012_val_00034497.JPEG
imagenet,n02165456,n02165456/ILSVRC2012_val_00035067.JPEG
imagenet,n02165456,n02165456/ILSVRC2012_val_00035497.JPEG
imagenet,n02165456,n02165456/ILSVRC2012_val_00035694.JPEG
imagenet,n02165456,n02165456/ILSVRC2012_val_00036005.JPEG
imagenet,n02165456,n02165456/ILSVRC2012_val_00036251.JPEG
imagenet,n02165456,n02165456/ILSVRC2012_val_00036486.JPEG
imagenet,n02165456,n02165456/ILSVRC2012_val_00038463.JPEG
imagenet,n02165456,n02165456/ILSVRC2012_val_00038697.JPEG
imagenet,n02165456,n02165456/ILSVRC2012_val_00038773.JPEG
imagenet,n02165456,n02165456/ILSVRC2012_val_00039712.JPEG
imagenet,n02165456,n02165456/ILSVRC2012_val_00040156.JPEG
imagenet,n02165456,n02165456/ILSVRC2012_val_00043854.JPEG
imagenet,n02165456,n02165456/ILSVRC2012_val_00045549.JPEG
imagenet,n02165456,n02165456/ILSVRC2012_val_00046856.JPEG
imagenet,n02190166,n02190166/ILSVRC2012_val_00001763.JPEG
imagenet,n02190166,n02190166/ILSVRC2012_val_00002127.JPEG
imagenet,n02190166,n02190166/ILSVRC2012_val_00002396.JPEG
imagenet,n02190166,n02190166/ILSVRC2012_val_00003656.JPEG
imagenet,n02190166,n02190166/ILSVRC2012_val_00004132.JPEG
imagenet,n02190166,n02190166/ILSVRC2012_val_00005894.JPEG
imagenet,n02190166,n02190166/ILSVRC2012_val_00007082.JPEG
imagenet,n02190166,n02190166/ILSVRC2012_val_00007143.JPEG
imagenet,n02190166,n02190166/ILSVRC2012_val_00008038.JPEG
imagenet,n02190166,n02190166/ILSVRC2012_val_00008826.JPEG
imagenet,n02190166,n02190166/ILSVRC2012_val_00008941.JPEG
imagenet,n02190166,n02190166/ILSVRC2012_val_00011393.JPEG
imagenet,n02190166,n02190166/ILSVRC2012_val_00014356.JPEG
imagenet,n02190166,n02190166/ILSVRC2012_val_00014639.JPEG
imagenet,n02190166,n02190166/ILSVRC2012_val_00016181.JPEG
imagenet,n02190166,n02190166/ILSVRC2012_val_00016823.JPEG
imagenet,n02190166,n02190166/ILSVRC2012_val_00018149.JPEG
imagenet,n02190166,n02190166/ILSVRC2012_val_00018375.JPEG
imagenet,n02190166,n02190166/ILSVRC2012_val_00019460.JPEG
imagenet,n02190166,n02190166/ILSVRC2012_val_00019569.JPEG
imagenet,n02190166,n02190166/ILSVRC2012_val_00020056.JPEG
imagenet,n02190166,n02190166/ILSVRC2012_val_00020286.JPEG
imagenet,n02190166,n02190166/ILSVRC2012_val_00020331.JPEG
imagenet,n02190166,n02190166/ILSVRC2012_val_00020635.JPEG
imagenet,n02190166,n02190166/ILSVRC2012_val_00021808.JPEG
imagenet,n02190166,n02190166/ILSVRC2012_val_00022437.JPEG
imagenet,n02190166,n02190166/ILSVRC2012_val_00022772.JPEG
imagenet,n02190166,n02190166/ILSVRC2012_val_00024555.JPEG
imagenet,n02190166,n02190166/ILSVRC2012_val_00026620.JPEG
imagenet,n02190166,n02190166/ILSVRC2012_val_00029062.JPEG
imagenet,n02190166,n02190166/ILSVRC2012_val_00030902.JPEG
imagenet,n02190166,n02190166/ILSVRC2012_val_00031033.JPEG
imagenet,n02190166,n02190166/ILSVRC2012_val_00033359.JPEG
imagenet,n02190166,n02190166/ILSVRC2012_val_00033705.JPEG
imagenet,n02190166,n02190166/ILSVRC2012_val_00034895.JPEG
imagenet,n02190166,n02190166/ILSVRC2012_val_00035262.JPEG
imagenet,n02190166,n02190166/ILSVRC2012_val_00036434.JPEG
imagenet,n02190166,n02190166/ILSVRC2012_val_00036693.JPEG
imagenet,n02190166,n02190166/ILSVRC2012_val_00038035.JPEG
imagenet,n02190166,n02190166/ILSVRC2012_val_00038170.JPEG
imagenet,n02190166,n02190166/ILSVRC2012_val_00038774.JPEG
imagenet,n02190166,n02190166/ILSVRC2012_val_00039130.JPEG
imagenet,n02190166,n02190166/ILSVRC2012_val_00039189.JPEG
imagenet,n02190166,n02190166/ILSVRC2012_val_00039673.JPEG
imagenet,n02190166,n02190166/ILSVRC2012_val_00040161.JPEG
imagenet,n02190166,n02190166/ILSVRC2012_val_00040278.JPEG
imagenet,n02190166,n02190166/ILSVRC2012_val_00040397.JPEG
imagenet,n02190166,n02190166/ILSVRC2012_val_00043104.JPEG
imagenet,n02190166,n02190166/ILSVRC2012_val_00045438.JPEG
imagenet,n02190166,n02190166/ILSVRC2012_val_00045542.JPEG
imagenet,n02206856,n02206856/ILSVRC2012_val_00001876.JPEG
imagenet,n02206856,n02206856/ILSVRC2012_val_00002566.JPEG
imagenet,n02206856,n02206856/ILSVRC2012_val_00003030.JPEG
imagenet,n02206856,n02206856/ILSVRC2012_val_00005559.JPEG
imagenet,n02206856,n02206856/ILSVRC2012_val_00005930.JPEG
imagenet,n02206856,n02206856/ILSVRC2012_val_00006501.JPEG
imagenet,n02206856,n02206856/ILSVRC2012_val_00011167.JPEG
imagenet,n02206856,n02206856/ILSVRC2012_val_00011867.JPEG
imagenet,n02206856,n02206856/ILSVRC2012_val_00012294.JPEG
imagenet,n02206856,n02206856/ILSVRC2012_val_00014008.JPEG
imagenet,n02206856,n02206856/ILSVRC2012_val_00014390.JPEG
imagenet,n02206856,n02206856/ILSVRC2012_val_00015172.JPEG
imagenet,n02206856,n02206856/ILSVRC2012_val_00015727.JPEG
imagenet,n02206856,n02206856/ILSVRC2012_val_00015983.JPEG
imagenet,n02206856,n02206856/ILSVRC2012_val_00016467.JPEG
imagenet,n02206856,n02206856/ILSVRC2012_val_00016575.JPEG
imagenet,n02206856,n02206856/ILSVRC2012_val_00017073.JPEG
imagenet,n02206856,n02206856/ILSVRC2012_val_00017418.JPEG
imagenet,n02206856,n02206856/ILSVRC2012_val_00017875.JPEG
imagenet,n02206856,n02206856/ILSVRC2012_val_00018271.JPEG
imagenet,n02206856,n02206856/ILSVRC2012_val_00020564.JPEG
imagenet,n02206856,n02206856/ILSVRC2012_val_00020657.JPEG
imagenet,n02206856,n02206856/ILSVRC2012_val_00022919.JPEG
imagenet,n02206856,n02206856/ILSVRC2012_val_00022948.JPEG
imagenet,n02206856,n02206856/ILSVRC2012_val_00024483.JPEG
imagenet,n02206856,n02206856/ILSVRC2012_val_00024531.JPEG
imagenet,n02206856,n02206856/ILSVRC2012_val_00025807.JPEG
imagenet,n02206856,n02206856/ILSVRC2012_val_00028248.JPEG
imagenet,n02206856,n02206856/ILSVRC2012_val_00028469.JPEG
imagenet,n02206856,n02206856/ILSVRC2012_val_00029759.JPEG
imagenet,n02206856,n02206856/ILSVRC2012_val_00030537.JPEG
imagenet,n02206856,n02206856/ILSVRC2012_val_00032624.JPEG
imagenet,n02206856,n02206856/ILSVRC2012_val_00034923.JPEG
imagenet,n02206856,n02206856/ILSVRC2012_val_00035503.JPEG
imagenet,n02206856,n02206856/ILSVRC2012_val_00035838.JPEG
imagenet,n02206856,n02206856/ILSVRC2012_val_00036958.JPEG
imagenet,n02206856,n02206856/ILSVRC2012_val_00037491.JPEG
imagenet,n02206856,n02206856/ILSVRC2012_val_00038129.JPEG
imagenet,n02206856,n02206856/ILSVRC2012_val_00039252.JPEG
imagenet,n02206856,n02206856/ILSVRC2012_val_00042015.JPEG
imagenet,n02206856,n02206856/ILSVRC2012_val_00042433.JPEG
imagenet,n02206856,n02206856/ILSVRC2012_val_00042624.JPEG
imagenet,n02206856,n02206856/ILSVRC2012_val_00042965.JPEG
imagenet,n02206856,n02206856/ILSVRC2012_val_00043768.JPEG
imagenet,n02206856,n02206856/ILSVRC2012_val_00044010.JPEG
imagenet,n02206856,n02206856/ILSVRC2012_val_00045227.JPEG
imagenet,n02206856,n02206856/ILSVRC2012_val_00047075.JPEG
imagenet,n02206856,n02206856/ILSVRC2012_val_00047352.JPEG
imagenet,n02206856,n02206856/ILSVRC2012_val_00047552.JPEG
imagenet,n02206856,n02206856/ILSVRC2012_val_00049624.JPEG
imagenet,n02219486,n02219486/ILSVRC2012_val_00000407.JPEG
imagenet,n02219486,n02219486/ILSVRC2012_val_00001502.JPEG
imagenet,n02219486,n02219486/ILSVRC2012_val_00002451.JPEG
imagenet,n02219486,n02219486/ILSVRC2012_val_00003814.JPEG
imagenet,n02219486,n02219486/ILSVRC2012_val_00009332.JPEG
imagenet,n02219486,n02219486/ILSVRC2012_val_00009635.JPEG
imagenet,n02219486,n02219486/ILSVRC2012_val_00009720.JPEG
imagenet,n02219486,n02219486/ILSVRC2012_val_00010231.JPEG
imagenet,n02219486,n02219486/ILSVRC2012_val_00011617.JPEG
imagenet,n02219486,n02219486/ILSVRC2012_val_00011669.JPEG
imagenet,n02219486,n02219486/ILSVRC2012_val_00012102.JPEG
imagenet,n02219486,n02219486/ILSVRC2012_val_00014966.JPEG
imagenet,n02219486,n02219486/ILSVRC2012_val_00015860.JPEG
imagenet,n02219486,n02219486/ILSVRC2012_val_00018877.JPEG
imagenet,n02219486,n02219486/ILSVRC2012_val_00020792.JPEG
imagenet,n02219486,n02219486/ILSVRC2012_val_00021157.JPEG
imagenet,n02219486,n02219486/ILSVRC2012_val_00021597.JPEG
imagenet,n02219486,n02219486/ILSVRC2012_val_00021864.JPEG
imagenet,n02219486,n02219486/ILSVRC2012_val_00022160.JPEG
imagenet,n02219486,n02219486/ILSVRC2012_val_00022915.JPEG
imagenet,n02219486,n02219486/ILSVRC2012_val_00023798.JPEG
imagenet,n02219486,n02219486/ILSVRC2012_val_00025252.JPEG
imagenet,n02219486,n02219486/ILSVRC2012_val_00028343.JPEG
imagenet,n02219486,n02219486/ILSVRC2012_val_00029109.JPEG
imagenet,n02219486,n02219486/ILSVRC2012_val_00029660.JPEG
imagenet,n02219486,n02219486/ILSVRC2012_val_00029818.JPEG
imagenet,n02219486,n02219486/ILSVRC2012_val_00030054.JPEG
imagenet,n02219486,n02219486/ILSVRC2012_val_00031237.JPEG
imagenet,n02219486,n02219486/ILSVRC2012_val_00031267.JPEG
imagenet,n02219486,n02219486/ILSVRC2012_val_00031820.JPEG
imagenet,n02219486,n02219486/ILSVRC2012_val_00032504.JPEG
imagenet,n02219486,n02219486/ILSVRC2012_val_00032551.JPEG
imagenet,n02219486,n02219486/ILSVRC2012_val_00033632.JPEG
imagenet,n02219486,n02219486/ILSVRC2012_val_00034370.JPEG
imagenet,n02219486,n02219486/ILSVRC2012_val_00034921.JPEG
imagenet,n02219486,n02219486/ILSVRC2012_val_00035087.JPEG
imagenet,n02219486,n02219486/ILSVRC2012_val_00036555.JPEG
imagenet,n02219486,n02219486/ILSVRC2012_val_00037198.JPEG
imagenet,n02219486,n02219486/ILSVRC2012_val_00038010.JPEG
imagenet,n02219486,n02219486/ILSVRC2012_val_00038182.JPEG
imagenet,n02219486,n02219486/ILSVRC2012_val_00040778.JPEG
imagenet,n02219486,n02219486/ILSVRC2012_val_00040944.JPEG
imagenet,n02219486,n02219486/ILSVRC2012_val_00042076.JPEG
imagenet,n02219486,n02219486/ILSVRC2012_val_00043616.JPEG
imagenet,n02219486,n02219486/ILSVRC2012_val_00044296.JPEG
imagenet,n02219486,n02219486/ILSVRC2012_val_00044990.JPEG
imagenet,n02219486,n02219486/ILSVRC2012_val_00045673.JPEG
imagenet,n02219486,n02219486/ILSVRC2012_val_00046083.JPEG
imagenet,n02219486,n02219486/ILSVRC2012_val_00049042.JPEG
imagenet,n02219486,n02219486/ILSVRC2012_val_00049152.JPEG
imagenet,n02226429,n02226429/ILSVRC2012_val_00000125.JPEG
imagenet,n02226429,n02226429/ILSVRC2012_val_00000972.JPEG
imagenet,n02226429,n02226429/ILSVRC2012_val_00002904.JPEG
imagenet,n02226429,n02226429/ILSVRC2012_val_00005775.JPEG
imagenet,n02226429,n02226429/ILSVRC2012_val_00006915.JPEG
imagenet,n02226429,n02226429/ILSVRC2012_val_00007152.JPEG
imagenet,n02226429,n02226429/ILSVRC2012_val_00007529.JPEG
imagenet,n02226429,n02226429/ILSVRC2012_val_00007589.JPEG
imagenet,n02226429,n02226429/ILSVRC2012_val_00007696.JPEG
imagenet,n02226429,n02226429/ILSVRC2012_val_00009090.JPEG
imagenet,n02226429,n02226429/ILSVRC2012_val_00010494.JPEG
imagenet,n02226429,n02226429/ILSVRC2012_val_00013924.JPEG
imagenet,n02226429,n02226429/ILSVRC2012_val_00017299.JPEG
imagenet,n02226429,n02226429/ILSVRC2012_val_00019820.JPEG
imagenet,n02226429,n02226429/ILSVRC2012_val_00020551.JPEG
imagenet,n02226429,n02226429/ILSVRC2012_val_00020985.JPEG
imagenet,n02226429,n02226429/ILSVRC2012_val_00022361.JPEG
imagenet,n02226429,n02226429/ILSVRC2012_val_00022737.JPEG
imagenet,n02226429,n02226429/ILSVRC2012_val_00023570.JPEG
imagenet,n02226429,n02226429/ILSVRC2012_val_00023689.JPEG
imagenet,n02226429,n02226429/ILSVRC2012_val_00024755.JPEG
imagenet,n02226429,n02226429/ILSVRC2012_val_00025061.JPEG
imagenet,n02226429,n02226429/ILSVRC2012_val_00026081.JPEG
imagenet,n02226429,n02226429/ILSVRC2012_val_00026349.JPEG
imagenet,n02226429,n02226429/ILSVRC2012_val_00027558.JPEG
imagenet,n02226429,n02226429/ILSVRC2012_val_00028492.JPEG
imagenet,n02226429,n02226429/ILSVRC2012_val_00030474.JPEG
imagenet,n02226429,n02226429/ILSVRC2012_val_00031573.JPEG
imagenet,n02226429,n02226429/ILSVRC2012_val_00032265.JPEG
imagenet,n02226429,n02226429/ILSVRC2012_val_00032352.JPEG
imagenet,n02226429,n02226429/ILSVRC2012_val_00032533.JPEG
imagenet,n02226429,n02226429/ILSVRC2012_val_00032705.JPEG
imagenet,n02226429,n02226429/ILSVRC2012_val_00033360.JPEG
imagenet,n02226429,n02226429/ILSVRC2012_val_00037042.JPEG
imagenet,n02226429,n02226429/ILSVRC2012_val_00037090.JPEG
imagenet,n02226429,n02226429/ILSVRC2012_val_00037893.JPEG
imagenet,n02226429,n02226429/ILSVRC2012_val_00038662.JPEG
imagenet,n02226429,n02226429/ILSVRC2012_val_00039032.JPEG
imagenet,n02226429,n02226429/ILSVRC2012_val_00040980.JPEG
imagenet,n02226429,n02226429/ILSVRC2012_val_00042223.JPEG
imagenet,n02226429,n02226429/ILSVRC2012_val_00042342.JPEG
imagenet,n02226429,n02226429/ILSVRC2012_val_00042700.JPEG
imagenet,n02226429,n02226429/ILSVRC2012_val_00042841.JPEG
imagenet,n02226429,n02226429/ILSVRC2012_val_00043022.JPEG
imagenet,n02226429,n02226429/ILSVRC2012_val_00044404.JPEG
imagenet,n02226429,n02226429/ILSVRC2012_val_00045770.JPEG
imagenet,n02226429,n02226429/ILSVRC2012_val_00045775.JPEG
imagenet,n02226429,n02226429/ILSVRC2012_val_00046054.JPEG
imagenet,n02226429,n02226429/ILSVRC2012_val_00047043.JPEG
imagenet,n02226429,n02226429/ILSVRC2012_val_00047260.JPEG
imagenet,n02233338,n02233338/ILSVRC2012_val_00001082.JPEG
imagenet,n02233338,n02233338/ILSVRC2012_val_00001884.JPEG
imagenet,n02233338,n02233338/ILSVRC2012_val_00002007.JPEG
imagenet,n02233338,n02233338/ILSVRC2012_val_00004177.JPEG
imagenet,n02233338,n02233338/ILSVRC2012_val_00004210.JPEG
imagenet,n02233338,n02233338/ILSVRC2012_val_00007863.JPEG
imagenet,n02233338,n02233338/ILSVRC2012_val_00007891.JPEG
imagenet,n02233338,n02233338/ILSVRC2012_val_00009321.JPEG
imagenet,n02233338,n02233338/ILSVRC2012_val_00010774.JPEG
imagenet,n02233338,n02233338/ILSVRC2012_val_00010888.JPEG
imagenet,n02233338,n02233338/ILSVRC2012_val_00012774.JPEG
imagenet,n02233338,n02233338/ILSVRC2012_val_00013951.JPEG
imagenet,n02233338,n02233338/ILSVRC2012_val_00015470.JPEG
imagenet,n02233338,n02233338/ILSVRC2012_val_00016160.JPEG
imagenet,n02233338,n02233338/ILSVRC2012_val_00016777.JPEG
imagenet,n02233338,n02233338/ILSVRC2012_val_00017845.JPEG
imagenet,n02233338,n02233338/ILSVRC2012_val_00019245.JPEG
imagenet,n02233338,n02233338/ILSVRC2012_val_00019524.JPEG
imagenet,n02233338,n02233338/ILSVRC2012_val_00019592.JPEG
imagenet,n02233338,n02233338/ILSVRC2012_val_00020454.JPEG
imagenet,n02233338,n02233338/ILSVRC2012_val_00021514.JPEG
imagenet,n02233338,n02233338/ILSVRC2012_val_00021755.JPEG
imagenet,n02233338,n02233338/ILSVRC2012_val_00022227.JPEG
imagenet,n02233338,n02233338/ILSVRC2012_val_00022332.JPEG
imagenet,n02233338,n02233338/ILSVRC2012_val_00022874.JPEG
imagenet,n02233338,n02233338/ILSVRC2012_val_00024082.JPEG
imagenet,n02233338,n02233338/ILSVRC2012_val_00024192.JPEG
imagenet,n02233338,n02233338/ILSVRC2012_val_00024767.JPEG
imagenet,n02233338,n02233338/ILSVRC2012_val_00025580.JPEG
imagenet,n02233338,n02233338/ILSVRC2012_val_00030466.JPEG
imagenet,n02233338,n02233338/ILSVRC2012_val_00031479.JPEG
imagenet,n02233338,n02233338/ILSVRC2012_val_00031638.JPEG
imagenet,n02233338,n02233338/ILSVRC2012_val_00032443.JPEG
imagenet,n02233338,n02233338/ILSVRC2012_val_00033184.JPEG
imagenet,n02233338,n02233338/ILSVRC2012_val_00033524.JPEG
imagenet,n02233338,n02233338/ILSVRC2012_val_00033788.JPEG
imagenet,n02233338,n02233338/ILSVRC2012_val_00036832.JPEG
imagenet,n02233338,n02233338/ILSVRC2012_val_00036880.JPEG
imagenet,n02233338,n02233338/ILSVRC2012_val_00037636.JPEG
imagenet,n02233338,n02233338/ILSVRC2012_val_00037993.JPEG
imagenet,n02233338,n02233338/ILSVRC2012_val_00038142.JPEG
imagenet,n02233338,n02233338/ILSVRC2012_val_00038519.JPEG
imagenet,n02233338,n02233338/ILSVRC2012_val_00039550.JPEG
imagenet,n02233338,n02233338/ILSVRC2012_val_00039843.JPEG
imagenet,n02233338,n02233338/ILSVRC2012_val_00040914.JPEG
imagenet,n02233338,n02233338/ILSVRC2012_val_00042811.JPEG
imagenet,n02233338,n02233338/ILSVRC2012_val_00042897.JPEG
imagenet,n02233338,n02233338/ILSVRC2012_val_00044491.JPEG
imagenet,n02233338,n02233338/ILSVRC2012_val_00044619.JPEG
imagenet,n02233338,n02233338/ILSVRC2012_val_00047533.JPEG
imagenet,n02236044,n02236044/ILSVRC2012_val_00000772.JPEG
imagenet,n02236044,n02236044/ILSVRC2012_val_00001948.JPEG
imagenet,n02236044,n02236044/ILSVRC2012_val_00002415.JPEG
imagenet,n02236044,n02236044/ILSVRC2012_val_00002844.JPEG
imagenet,n02236044,n02236044/ILSVRC2012_val_00004091.JPEG
imagenet,n02236044,n02236044/ILSVRC2012_val_00004255.JPEG
imagenet,n02236044,n02236044/ILSVRC2012_val_00005089.JPEG
imagenet,n02236044,n02236044/ILSVRC2012_val_00007130.JPEG
imagenet,n02236044,n02236044/ILSVRC2012_val_00008697.JPEG
imagenet,n02236044,n02236044/ILSVRC2012_val_00009445.JPEG
imagenet,n02236044,n02236044/ILSVRC2012_val_00010653.JPEG
imagenet,n02236044,n02236044/ILSVRC2012_val_00011079.JPEG
imagenet,n02236044,n02236044/ILSVRC2012_val_00011932.JPEG
imagenet,n02236044,n02236044/ILSVRC2012_val_00012127.JPEG
imagenet,n02236044,n02236044/ILSVRC2012_val_00012268.JPEG
imagenet,n02236044,n02236044/ILSVRC2012_val_00013395.JPEG
imagenet,n02236044,n02236044/ILSVRC2012_val_00015745.JPEG
imagenet,n02236044,n02236044/ILSVRC2012_val_00015818.JPEG
imagenet,n02236044,n02236044/ILSVRC2012_val_00016634.JPEG
imagenet,n02236044,n02236044/ILSVRC2012_val_00017115.JPEG
imagenet,n02236044,n02236044/ILSVRC2012_val_00018257.JPEG
imagenet,n02236044,n02236044/ILSVRC2012_val_00019527.JPEG
imagenet,n02236044,n02236044/ILSVRC2012_val_00020360.JPEG
imagenet,n02236044,n02236044/ILSVRC2012_val_00021072.JPEG
imagenet,n02236044,n02236044/ILSVRC2012_val_00021366.JPEG
imagenet,n02236044,n02236044/ILSVRC2012_val_00021918.JPEG
imagenet,n02236044,n02236044/ILSVRC2012_val_00023230.JPEG
imagenet,n02236044,n02236044/ILSVRC2012_val_00023258.JPEG
imagenet,n02236044,n02236044/ILSVRC2012_val_00023826.JPEG
imagenet,n02236044,n02236044/ILSVRC2012_val_00025089.JPEG
imagenet,n02236044,n02236044/ILSVRC2012_val_00026181.JPEG
imagenet,n02236044,n02236044/ILSVRC2012_val_00026885.JPEG
imagenet,n02236044,n02236044/ILSVRC2012_val_00027153.JPEG
imagenet,n02236044,n02236044/ILSVRC2012_val_00029524.JPEG
imagenet,n02236044,n02236044/ILSVRC2012_val_00031050.JPEG
imagenet,n02236044,n02236044/ILSVRC2012_val_00031168.JPEG
imagenet,n02236044,n02236044/ILSVRC2012_val_00034245.JPEG
imagenet,n02236044,n02236044/ILSVRC2012_val_00034722.JPEG
imagenet,n02236044,n02236044/ILSVRC2012_val_00034775.JPEG
imagenet,n02236044,n02236044/ILSVRC2012_val_00035199.JPEG
imagenet,n02236044,n02236044/ILSVRC2012_val_00035261.JPEG
imagenet,n02236044,n02236044/ILSVRC2012_val_00035713.JPEG
imagenet,n02236044,n02236044/ILSVRC2012_val_00037773.JPEG
imagenet,n02236044,n02236044/ILSVRC2012_val_00041766.JPEG
imagenet,n02236044,n02236044/ILSVRC2012_val_00041950.JPEG
imagenet,n02236044,n02236044/ILSVRC2012_val_00042186.JPEG
imagenet,n02236044,n02236044/ILSVRC2012_val_00042438.JPEG
imagenet,n02236044,n02236044/ILSVRC2012_val_00043266.JPEG
imagenet,n02236044,n02236044/ILSVRC2012_val_00046716.JPEG
imagenet,n02236044,n02236044/ILSVRC2012_val_00047877.JPEG
imagenet,n02268443,n02268443/ILSVRC2012_val_00000418.JPEG
imagenet,n02268443,n02268443/ILSVRC2012_val_00001238.JPEG
imagenet,n02268443,n02268443/ILSVRC2012_val_00001752.JPEG
imagenet,n02268443,n02268443/ILSVRC2012_val_00002225.JPEG
imagenet,n02268443,n02268443/ILSVRC2012_val_00005158.JPEG
imagenet,n02268443,n02268443/ILSVRC2012_val_00006760.JPEG
imagenet,n02268443,n02268443/ILSVRC2012_val_00007425.JPEG
imagenet,n02268443,n02268443/ILSVRC2012_val_00008001.JPEG
imagenet,n02268443,n02268443/ILSVRC2012_val_00010150.JPEG
imagenet,n02268443,n02268443/ILSVRC2012_val_00010925.JPEG
imagenet,n02268443,n02268443/ILSVRC2012_val_00013994.JPEG
imagenet,n02268443,n02268443/ILSVRC2012_val_00014483.JPEG
imagenet,n02268443,n02268443/ILSVRC2012_val_00016664.JPEG
imagenet,n02268443,n02268443/ILSVRC2012_val_00016926.JPEG
imagenet,n02268443,n02268443/ILSVRC2012_val_00017556.JPEG
imagenet,n02268443,n02268443/ILSVRC2012_val_00018415.JPEG
imagenet,n02268443,n02268443/ILSVRC2012_val_00021739.JPEG
imagenet,n02268443,n02268443/ILSVRC2012_val_00022215.JPEG
imagenet,n02268443,n02268443/ILSVRC2012_val_00024612.JPEG
imagenet,n02268443,n02268443/ILSVRC2012_val_00024816.JPEG
imagenet,n02268443,n02268443/ILSVRC2012_val_00024823.JPEG
imagenet,n02268443,n02268443/ILSVRC2012_val_00025968.JPEG
imagenet,n02268443,n02268443/ILSVRC2012_val_00026557.JPEG
imagenet,n02268443,n02268443/ILSVRC2012_val_00028381.JPEG
imagenet,n02268443,n02268443/ILSVRC2012_val_00030535.JPEG
imagenet,n02268443,n02268443/ILSVRC2012_val_00031167.JPEG
imagenet,n02268443,n02268443/ILSVRC2012_val_00034192.JPEG
imagenet,n02268443,n02268443/ILSVRC2012_val_00035582.JPEG
imagenet,n02268443,n02268443/ILSVRC2012_val_00035932.JPEG
imagenet,n02268443,n02268443/ILSVRC2012_val_00036578.JPEG
imagenet,n02268443,n02268443/ILSVRC2012_val_00036761.JPEG
imagenet,n02268443,n02268443/ILSVRC2012_val_00037832.JPEG
imagenet,n02268443,n02268443/ILSVRC2012_val_00037958.JPEG
imagenet,n02268443,n02268443/ILSVRC2012_val_00041084.JPEG
imagenet,n02268443,n02268443/ILSVRC2012_val_00042405.JPEG
imagenet,n02268443,n02268443/ILSVRC2012_val_00043136.JPEG
imagenet,n02268443,n02268443/ILSVRC2012_val_00043294.JPEG
imagenet,n02268443,n02268443/ILSVRC2012_val_00043424.JPEG
imagenet,n02268443,n02268443/ILSVRC2012_val_00044158.JPEG
imagenet,n02268443,n02268443/ILSVRC2012_val_00044603.JPEG
imagenet,n02268443,n02268443/ILSVRC2012_val_00044892.JPEG
imagenet,n02268443,n02268443/ILSVRC2012_val_00045703.JPEG
imagenet,n02268443,n02268443/ILSVRC2012_val_00046231.JPEG
imagenet,n02268443,n02268443/ILSVRC2012_val_00046425.JPEG
imagenet,n02268443,n02268443/ILSVRC2012_val_00047870.JPEG
imagenet,n02268443,n02268443/ILSVRC2012_val_00048401.JPEG
imagenet,n02268443,n02268443/ILSVRC2012_val_00048743.JPEG
imagenet,n02268443,n02268443/ILSVRC2012_val_00048895.JPEG
imagenet,n02268443,n02268443/ILSVRC2012_val_00049085.JPEG
imagenet,n02268443,n02268443/ILSVRC2012_val_00049201.JPEG
imagenet,n02279972,n02279972/ILSVRC2012_val_00001290.JPEG
imagenet,n02279972,n02279972/ILSVRC2012_val_00001717.JPEG
imagenet,n02279972,n02279972/ILSVRC2012_val_00002935.JPEG
imagenet,n02279972,n02279972/ILSVRC2012_val_00005137.JPEG
imagenet,n02279972,n02279972/ILSVRC2012_val_00005614.JPEG
imagenet,n02279972,n02279972/ILSVRC2012_val_00005952.JPEG
imagenet,n02279972,n02279972/ILSVRC2012_val_00006608.JPEG
imagenet,n02279972,n02279972/ILSVRC2012_val_00007583.JPEG
imagenet,n02279972,n02279972/ILSVRC2012_val_00011143.JPEG
imagenet,n02279972,n02279972/ILSVRC2012_val_00011374.JPEG
imagenet,n02279972,n02279972/ILSVRC2012_val_00011515.JPEG
imagenet,n02279972,n02279972/ILSVRC2012_val_00011564.JPEG
imagenet,n02279972,n02279972/ILSVRC2012_val_00012137.JPEG
imagenet,n02279972,n02279972/ILSVRC2012_val_00012557.JPEG
imagenet,n02279972,n02279972/ILSVRC2012_val_00014310.JPEG
imagenet,n02279972,n02279972/ILSVRC2012_val_00014827.JPEG
imagenet,n02279972,n02279972/ILSVRC2012_val_00015737.JPEG
imagenet,n02279972,n02279972/ILSVRC2012_val_00017836.JPEG
imagenet,n02279972,n02279972/ILSVRC2012_val_00019145.JPEG
imagenet,n02279972,n02279972/ILSVRC2012_val_00019714.JPEG
imagenet,n02279972,n02279972/ILSVRC2012_val_00019869.JPEG
imagenet,n02279972,n02279972/ILSVRC2012_val_00020458.JPEG
imagenet,n02279972,n02279972/ILSVRC2012_val_00022757.JPEG
imagenet,n02279972,n02279972/ILSVRC2012_val_00023054.JPEG
imagenet,n02279972,n02279972/ILSVRC2012_val_00023084.JPEG
imagenet,n02279972,n02279972/ILSVRC2012_val_00023111.JPEG
imagenet,n02279972,n02279972/ILSVRC2012_val_00024165.JPEG
imagenet,n02279972,n02279972/ILSVRC2012_val_00024527.JPEG
imagenet,n02279972,n02279972/ILSVRC2012_val_00025875.JPEG
imagenet,n02279972,n02279972/ILSVRC2012_val_00026906.JPEG
imagenet,n02279972,n02279972/ILSVRC2012_val_00028241.JPEG
imagenet,n02279972,n02279972/ILSVRC2012_val_00029192.JPEG
imagenet,n02279972,n02279972/ILSVRC2012_val_00033695.JPEG
imagenet,n02279972,n02279972/ILSVRC2012_val_00033925.JPEG
imagenet,n02279972,n02279972/ILSVRC2012_val_00034478.JPEG
imagenet,n02279972,n02279972/ILSVRC2012_val_00034926.JPEG
imagenet,n02279972,n02279972/ILSVRC2012_val_00035113.JPEG
imagenet,n02279972,n02279972/ILSVRC2012_val_00036259.JPEG
imagenet,n02279972,n02279972/ILSVRC2012_val_00037418.JPEG
imagenet,n02279972,n02279972/ILSVRC2012_val_00040814.JPEG
imagenet,n02279972,n02279972/ILSVRC2012_val_00041804.JPEG
imagenet,n02279972,n02279972/ILSVRC2012_val_00043292.JPEG
imagenet,n02279972,n02279972/ILSVRC2012_val_00046253.JPEG
imagenet,n02279972,n02279972/ILSVRC2012_val_00046412.JPEG
imagenet,n02279972,n02279972/ILSVRC2012_val_00046963.JPEG
imagenet,n02279972,n02279972/ILSVRC2012_val_00047039.JPEG
imagenet,n02279972,n02279972/ILSVRC2012_val_00047456.JPEG
imagenet,n02279972,n02279972/ILSVRC2012_val_00047733.JPEG
imagenet,n02279972,n02279972/ILSVRC2012_val_00049418.JPEG
imagenet,n02279972,n02279972/ILSVRC2012_val_00049460.JPEG
imagenet,n02317335,n02317335/ILSVRC2012_val_00001161.JPEG
imagenet,n02317335,n02317335/ILSVRC2012_val_00001499.JPEG
imagenet,n02317335,n02317335/ILSVRC2012_val_00001740.JPEG
imagenet,n02317335,n02317335/ILSVRC2012_val_00001748.JPEG
imagenet,n02317335,n02317335/ILSVRC2012_val_00003537.JPEG
imagenet,n02317335,n02317335/ILSVRC2012_val_00003995.JPEG
imagenet,n02317335,n02317335/ILSVRC2012_val_00004153.JPEG
imagenet,n02317335,n02317335/ILSVRC2012_val_00004810.JPEG
imagenet,n02317335,n02317335/ILSVRC2012_val_00005011.JPEG
imagenet,n02317335,n02317335/ILSVRC2012_val_00007244.JPEG
imagenet,n02317335,n02317335/ILSVRC2012_val_00007644.JPEG
imagenet,n02317335,n02317335/ILSVRC2012_val_00010430.JPEG
imagenet,n02317335,n02317335/ILSVRC2012_val_00010703.JPEG
imagenet,n02317335,n02317335/ILSVRC2012_val_00011730.JPEG
imagenet,n02317335,n02317335/ILSVRC2012_val_00012640.JPEG
imagenet,n02317335,n02317335/ILSVRC2012_val_00014059.JPEG
imagenet,n02317335,n02317335/ILSVRC2012_val_00014590.JPEG
imagenet,n02317335,n02317335/ILSVRC2012_val_00014948.JPEG
imagenet,n02317335,n02317335/ILSVRC2012_val_00015004.JPEG
imagenet,n02317335,n02317335/ILSVRC2012_val_00016273.JPEG
imagenet,n02317335,n02317335/ILSVRC2012_val_00017129.JPEG
imagenet,n02317335,n02317335/ILSVRC2012_val_00017888.JPEG
imagenet,n02317335,n02317335/ILSVRC2012_val_00018447.JPEG
imagenet,n02317335,n02317335/ILSVRC2012_val_00018772.JPEG
imagenet,n02317335,n02317335/ILSVRC2012_val_00021742.JPEG
imagenet,n02317335,n02317335/ILSVRC2012_val_00021973.JPEG
imagenet,n02317335,n02317335/ILSVRC2012_val_00022804.JPEG
imagenet,n02317335,n02317335/ILSVRC2012_val_00023403.JPEG
imagenet,n02317335,n02317335/ILSVRC2012_val_00024247.JPEG
imagenet,n02317335,n02317335/ILSVRC2012_val_00025161.JPEG
imagenet,n02317335,n02317335/ILSVRC2012_val_00026260.JPEG
imagenet,n02317335,n02317335/ILSVRC2012_val_00027582.JPEG
imagenet,n02317335,n02317335/ILSVRC2012_val_00027930.JPEG
imagenet,n02317335,n02317335/ILSVRC2012_val_00029527.JPEG
imagenet,n02317335,n02317335/ILSVRC2012_val_00030782.JPEG
imagenet,n02317335,n02317335/ILSVRC2012_val_00032690.JPEG
imagenet,n02317335,n02317335/ILSVRC2012_val_00032937.JPEG
imagenet,n02317335,n02317335/ILSVRC2012_val_00035040.JPEG
imagenet,n02317335,n02317335/ILSVRC2012_val_00042188.JPEG
imagenet,n02317335,n02317335/ILSVRC2012_val_00042968.JPEG
imagenet,n02317335,n02317335/ILSVRC2012_val_00043732.JPEG
imagenet,n02317335,n02317335/ILSVRC2012_val_00043929.JPEG
imagenet,n02317335,n02317335/ILSVRC2012_val_00044117.JPEG
imagenet,n02317335,n02317335/ILSVRC2012_val_00045028.JPEG
imagenet,n02317335,n02317335/ILSVRC2012_val_00045998.JPEG
imagenet,n02317335,n02317335/ILSVRC2012_val_00046544.JPEG
imagenet,n02317335,n02317335/ILSVRC2012_val_00048358.JPEG
imagenet,n02317335,n02317335/ILSVRC2012_val_00048546.JPEG
imagenet,n02317335,n02317335/ILSVRC2012_val_00049508.JPEG
imagenet,n02317335,n02317335/ILSVRC2012_val_00049576.JPEG
imagenet,n02325366,n02325366/ILSVRC2012_val_00000097.JPEG
imagenet,n02325366,n02325366/ILSVRC2012_val_00000685.JPEG
imagenet,n02325366,n02325366/ILSVRC2012_val_00000937.JPEG
imagenet,n02325366,n02325366/ILSVRC2012_val_00001670.JPEG
imagenet,n02325366,n02325366/ILSVRC2012_val_00002029.JPEG
imagenet,n02325366,n02325366/ILSVRC2012_val_00002473.JPEG
imagenet,n02325366,n02325366/ILSVRC2012_val_00004300.JPEG
imagenet,n02325366,n02325366/ILSVRC2012_val_00005259.JPEG
imagenet,n02325366,n02325366/ILSVRC2012_val_00005636.JPEG
imagenet,n02325366,n02325366/ILSVRC2012_val_00006108.JPEG
imagenet,n02325366,n02325366/ILSVRC2012_val_00010064.JPEG
imagenet,n02325366,n02325366/ILSVRC2012_val_00010923.JPEG
imagenet,n02325366,n02325366/ILSVRC2012_val_00011502.JPEG
imagenet,n02325366,n02325366/ILSVRC2012_val_00012698.JPEG
imagenet,n02325366,n02325366/ILSVRC2012_val_00013125.JPEG
imagenet,n02325366,n02325366/ILSVRC2012_val_00013352.JPEG
imagenet,n02325366,n02325366/ILSVRC2012_val_00014071.JPEG
imagenet,n02325366,n02325366/ILSVRC2012_val_00014688.JPEG
imagenet,n02325366,n02325366/ILSVRC2012_val_00014788.JPEG
imagenet,n02325366,n02325366/ILSVRC2012_val_00017270.JPEG
imagenet,n02325366,n02325366/ILSVRC2012_val_00017565.JPEG
imagenet,n02325366,n02325366/ILSVRC2012_val_00017619.JPEG
imagenet,n02325366,n02325366/ILSVRC2012_val_00019651.JPEG
imagenet,n02325366,n02325366/ILSVRC2012_val_00020084.JPEG
imagenet,n02325366,n02325366/ILSVRC2012_val_00020415.JPEG
imagenet,n02325366,n02325366/ILSVRC2012_val_00020917.JPEG
imagenet,n02325366,n02325366/ILSVRC2012_val_00021667.JPEG
imagenet,n02325366,n02325366/ILSVRC2012_val_00021928.JPEG
imagenet,n02325366,n02325366/ILSVRC2012_val_00024646.JPEG
imagenet,n02325366,n02325366/ILSVRC2012_val_00024659.JPEG
imagenet,n02325366,n02325366/ILSVRC2012_val_00024858.JPEG
imagenet,n02325366,n02325366/ILSVRC2012_val_00025889.JPEG
imagenet,n02325366,n02325366/ILSVRC2012_val_00026361.JPEG
imagenet,n02325366,n02325366/ILSVRC2012_val_00026482.JPEG
imagenet,n02325366,n02325366/ILSVRC2012_val_00027435.JPEG
imagenet,n02325366,n02325366/ILSVRC2012_val_00029387.JPEG
imagenet,n02325366,n02325366/ILSVRC2012_val_00029810.JPEG
imagenet,n02325366,n02325366/ILSVRC2012_val_00033548.JPEG
imagenet,n02325366,n02325366/ILSVRC2012_val_00033989.JPEG
imagenet,n02325366,n02325366/ILSVRC2012_val_00034860.JPEG
imagenet,n02325366,n02325366/ILSVRC2012_val_00035244.JPEG
imagenet,n02325366,n02325366/ILSVRC2012_val_00040227.JPEG
imagenet,n02325366,n02325366/ILSVRC2012_val_00040884.JPEG
imagenet,n02325366,n02325366/ILSVRC2012_val_00041378.JPEG
imagenet,n02325366,n02325366/ILSVRC2012_val_00041387.JPEG
imagenet,n02325366,n02325366/ILSVRC2012_val_00041946.JPEG
imagenet,n02325366,n02325366/ILSVRC2012_val_00042110.JPEG
imagenet,n02325366,n02325366/ILSVRC2012_val_00044412.JPEG
imagenet,n02325366,n02325366/ILSVRC2012_val_00049274.JPEG
imagenet,n02325366,n02325366/ILSVRC2012_val_00049739.JPEG
imagenet,n02346627,n02346627/ILSVRC2012_val_00000007.JPEG
imagenet,n02346627,n02346627/ILSVRC2012_val_00000021.JPEG
imagenet,n02346627,n02346627/ILSVRC2012_val_00001241.JPEG
imagenet,n02346627,n02346627/ILSVRC2012_val_00003579.JPEG
imagenet,n02346627,n02346627/ILSVRC2012_val_00004861.JPEG
imagenet,n02346627,n02346627/ILSVRC2012_val_00004986.JPEG
imagenet,n02346627,n02346627/ILSVRC2012_val_00005243.JPEG
imagenet,n02346627,n02346627/ILSVRC2012_val_00005716.JPEG
imagenet,n02346627,n02346627/ILSVRC2012_val_00005852.JPEG
imagenet,n02346627,n02346627/ILSVRC2012_val_00007251.JPEG
imagenet,n02346627,n02346627/ILSVRC2012_val_00008208.JPEG
imagenet,n02346627,n02346627/ILSVRC2012_val_00010410.JPEG
imagenet,n02346627,n02346627/ILSVRC2012_val_00012165.JPEG
imagenet,n02346627,n02346627/ILSVRC2012_val_00012406.JPEG
imagenet,n02346627,n02346627/ILSVRC2012_val_00012414.JPEG
imagenet,n02346627,n02346627/ILSVRC2012_val_00013237.JPEG
imagenet,n02346627,n02346627/ILSVRC2012_val_00015985.JPEG
imagenet,n02346627,n02346627/ILSVRC2012_val_00016015.JPEG
imagenet,n02346627,n02346627/ILSVRC2012_val_00016953.JPEG
imagenet,n02346627,n02346627/ILSVRC2012_val_00017315.JPEG
imagenet,n02346627,n02346627/ILSVRC2012_val_00019746.JPEG
imagenet,n02346627,n02346627/ILSVRC2012_val_00019800.JPEG
imagenet,n02346627,n02346627/ILSVRC2012_val_00021587.JPEG
imagenet,n02346627,n02346627/ILSVRC2012_val_00022951.JPEG
imagenet,n02346627,n02346627/ILSVRC2012_val_00024325.JPEG
imagenet,n02346627,n02346627/ILSVRC2012_val_00025333.JPEG
imagenet,n02346627,n02346627/ILSVRC2012_val_00025637.JPEG
imagenet,n02346627,n02346627/ILSVRC2012_val_00027802.JPEG
imagenet,n02346627,n02346627/ILSVRC2012_val_00027925.JPEG
imagenet,n02346627,n02346627/ILSVRC2012_val_00031089.JPEG
imagenet,n02346627,n02346627/ILSVRC2012_val_00031706.JPEG
imagenet,n02346627,n02346627/ILSVRC2012_val_00033368.JPEG
imagenet,n02346627,n02346627/ILSVRC2012_val_00034246.JPEG
imagenet,n02346627,n02346627/ILSVRC2012_val_00036853.JPEG
imagenet,n02346627,n02346627/ILSVRC2012_val_00037361.JPEG
imagenet,n02346627,n02346627/ILSVRC2012_val_00037557.JPEG
imagenet,n02346627,n02346627/ILSVRC2012_val_00038065.JPEG
imagenet,n02346627,n02346627/ILSVRC2012_val_00039685.JPEG
imagenet,n02346627,n02346627/ILSVRC2012_val_00040165.JPEG
imagenet,n02346627,n02346627/ILSVRC2012_val_00041439.JPEG
imagenet,n02346627,n02346627/ILSVRC2012_val_00041510.JPEG
imagenet,n02346627,n02346627/ILSVRC2012_val_00043963.JPEG
imagenet,n02346627,n02346627/ILSVRC2012_val_00044340.JPEG
imagenet,n02346627,n02346627/ILSVRC2012_val_00044646.JPEG
imagenet,n02346627,n02346627/ILSVRC2012_val_00045275.JPEG
imagenet,n02346627,n02346627/ILSVRC2012_val_00047267.JPEG
imagenet,n02346627,n02346627/ILSVRC2012_val_00047422.JPEG
imagenet,n02346627,n02346627/ILSVRC2012_val_00048070.JPEG
imagenet,n02346627,n02346627/ILSVRC2012_val_00049030.JPEG
imagenet,n02346627,n02346627/ILSVRC2012_val_00049176.JPEG
imagenet,n02356798,n02356798/ILSVRC2012_val_00000502.JPEG
imagenet,n02356798,n02356798/ILSVRC2012_val_00001003.JPEG
imagenet,n02356798,n02356798/ILSVRC2012_val_00001237.JPEG
imagenet,n02356798,n02356798/ILSVRC2012_val_00005344.JPEG
imagenet,n02356798,n02356798/ILSVRC2012_val_00005551.JPEG
imagenet,n02356798,n02356798/ILSVRC2012_val_00006392.JPEG
imagenet,n02356798,n02356798/ILSVRC2012_val_00006700.JPEG
imagenet,n02356798,n02356798/ILSVRC2012_val_00007315.JPEG
imagenet,n02356798,n02356798/ILSVRC2012_val_00007457.JPEG
imagenet,n02356798,n02356798/ILSVRC2012_val_00009363.JPEG
imagenet,n02356798,n02356798/ILSVRC2012_val_00009581.JPEG
imagenet,n02356798,n02356798/ILSVRC2012_val_00010476.JPEG
imagenet,n02356798,n02356798/ILSVRC2012_val_00013919.JPEG
imagenet,n02356798,n02356798/ILSVRC2012_val_00014331.JPEG
imagenet,n02356798,n02356798/ILSVRC2012_val_00016105.JPEG
imagenet,n02356798,n02356798/ILSVRC2012_val_00016497.JPEG
imagenet,n02356798,n02356798/ILSVRC2012_val_00016733.JPEG
imagenet,n02356798,n02356798/ILSVRC2012_val_00019533.JPEG
imagenet,n02356798,n02356798/ILSVRC2012_val_00020198.JPEG
imagenet,n02356798,n02356798/ILSVRC2012_val_00023383.JPEG
imagenet,n02356798,n02356798/ILSVRC2012_val_00024584.JPEG
imagenet,n02356798,n02356798/ILSVRC2012_val_00025734.JPEG
imagenet,n02356798,n02356798/ILSVRC2012_val_00027471.JPEG
imagenet,n02356798,n02356798/ILSVRC2012_val_00028178.JPEG
imagenet,n02356798,n02356798/ILSVRC2012_val_00029719.JPEG
imagenet,n02356798,n02356798/ILSVRC2012_val_00030458.JPEG
imagenet,n02356798,n02356798/ILSVRC2012_val_00033103.JPEG
imagenet,n02356798,n02356798/ILSVRC2012_val_00034812.JPEG
imagenet,n02356798,n02356798/ILSVRC2012_val_00035136.JPEG
imagenet,n02356798,n02356798/ILSVRC2012_val_00035501.JPEG
imagenet,n02356798,n02356798/ILSVRC2012_val_00036257.JPEG
imagenet,n02356798,n02356798/ILSVRC2012_val_00036710.JPEG
imagenet,n02356798,n02356798/ILSVRC2012_val_00037743.JPEG
imagenet,n02356798,n02356798/ILSVRC2012_val_00038414.JPEG
imagenet,n02356798,n02356798/ILSVRC2012_val_00038622.JPEG
imagenet,n02356798,n02356798/ILSVRC2012_val_00038993.JPEG
imagenet,n02356798,n02356798/ILSVRC2012_val_00041520.JPEG
imagenet,n02356798,n02356798/ILSVRC2012_val_00042187.JPEG
imagenet,n02356798,n02356798/ILSVRC2012_val_00042334.JPEG
imagenet,n02356798,n02356798/ILSVRC2012_val_00042981.JPEG
imagenet,n02356798,n02356798/ILSVRC2012_val_00043512.JPEG
imagenet,n02356798,n02356798/ILSVRC2012_val_00045433.JPEG
imagenet,n02356798,n02356798/ILSVRC2012_val_00046102.JPEG
imagenet,n02356798,n02356798/ILSVRC2012_val_00047262.JPEG
imagenet,n02356798,n02356798/ILSVRC2012_val_00048669.JPEG
imagenet,n02356798,n02356798/ILSVRC2012_val_00048792.JPEG
imagenet,n02356798,n02356798/ILSVRC2012_val_00049024.JPEG
imagenet,n02356798,n02356798/ILSVRC2012_val_00049288.JPEG
imagenet,n02356798,n02356798/ILSVRC2012_val_00049770.JPEG
imagenet,n02356798,n02356798/ILSVRC2012_val_00049865.JPEG
imagenet,n02363005,n02363005/ILSVRC2012_val_00003202.JPEG
imagenet,n02363005,n02363005/ILSVRC2012_val_00003248.JPEG
imagenet,n02363005,n02363005/ILSVRC2012_val_00003292.JPEG
imagenet,n02363005,n02363005/ILSVRC2012_val_00004479.JPEG
imagenet,n02363005,n02363005/ILSVRC2012_val_00004875.JPEG
imagenet,n02363005,n02363005/ILSVRC2012_val_00005020.JPEG
imagenet,n02363005,n02363005/ILSVRC2012_val_00007796.JPEG
imagenet,n02363005,n02363005/ILSVRC2012_val_00008157.JPEG
imagenet,n02363005,n02363005/ILSVRC2012_val_00009075.JPEG
imagenet,n02363005,n02363005/ILSVRC2012_val_00009081.JPEG
imagenet,n02363005,n02363005/ILSVRC2012_val_00012209.JPEG
imagenet,n02363005,n02363005/ILSVRC2012_val_00012580.JPEG
imagenet,n02363005,n02363005/ILSVRC2012_val_00012619.JPEG
imagenet,n02363005,n02363005/ILSVRC2012_val_00012735.JPEG
imagenet,n02363005,n02363005/ILSVRC2012_val_00014389.JPEG
imagenet,n02363005,n02363005/ILSVRC2012_val_00015977.JPEG
imagenet,n02363005,n02363005/ILSVRC2012_val_00016120.JPEG
imagenet,n02363005,n02363005/ILSVRC2012_val_00017230.JPEG
imagenet,n02363005,n02363005/ILSVRC2012_val_00017339.JPEG
imagenet,n02363005,n02363005/ILSVRC2012_val_00017417.JPEG
imagenet,n02363005,n02363005/ILSVRC2012_val_00017953.JPEG
imagenet,n02363005,n02363005/ILSVRC2012_val_00018422.JPEG
imagenet,n02363005,n02363005/ILSVRC2012_val_00019617.JPEG
imagenet,n02363005,n02363005/ILSVRC2012_val_00019646.JPEG
imagenet,n02363005,n02363005/ILSVRC2012_val_00021586.JPEG
imagenet,n02363005,n02363005/ILSVRC2012_val_00022067.JPEG
imagenet,n02363005,n02363005/ILSVRC2012_val_00023296.JPEG
imagenet,n02363005,n02363005/ILSVRC2012_val_00024409.JPEG
imagenet,n02363005,n02363005/ILSVRC2012_val_00025114.JPEG
imagenet,n02363005,n02363005/ILSVRC2012_val_00025500.JPEG
imagenet,n02363005,n02363005/ILSVRC2012_val_00026915.JPEG
imagenet,n02363005,n02363005/ILSVRC2012_val_00026970.JPEG
imagenet,n02363005,n02363005/ILSVRC2012_val_00027523.JPEG
imagenet,n02363005,n02363005/ILSVRC2012_val_00027591.JPEG
imagenet,n02363005,n02363005/ILSVRC2012_val_00028074.JPEG
imagenet,n02363005,n02363005/ILSVRC2012_val_00028341.JPEG
imagenet,n02363005,n02363005/ILSVRC2012_val_00028493.JPEG
imagenet,n02363005,n02363005/ILSVRC2012_val_00028839.JPEG
imagenet,n02363005,n02363005/ILSVRC2012_val_00029016.JPEG
imagenet,n02363005,n02363005/ILSVRC2012_val_00029941.JPEG
imagenet,n02363005,n02363005/ILSVRC2012_val_00032413.JPEG
imagenet,n02363005,n02363005/ILSVRC2012_val_00032416.JPEG
imagenet,n02363005,n02363005/ILSVRC2012_val_00033361.JPEG
imagenet,n02363005,n02363005/ILSVRC2012_val_00035029.JPEG
imagenet,n02363005,n02363005/ILSVRC2012_val_00035537.JPEG
imagenet,n02363005,n02363005/ILSVRC2012_val_00036380.JPEG
imagenet,n02363005,n02363005/ILSVRC2012_val_00037704.JPEG
imagenet,n02363005,n02363005/ILSVRC2012_val_00038631.JPEG
imagenet,n02363005,n02363005/ILSVRC2012_val_00040322.JPEG
imagenet,n02363005,n02363005/ILSVRC2012_val_00043893.JPEG
imagenet,n02364673,n02364673/ILSVRC2012_val_00000565.JPEG
imagenet,n02364673,n02364673/ILSVRC2012_val_00000642.JPEG
imagenet,n02364673,n02364673/ILSVRC2012_val_00003035.JPEG
imagenet,n02364673,n02364673/ILSVRC2012_val_00003675.JPEG
imagenet,n02364673,n02364673/ILSVRC2012_val_00004030.JPEG
imagenet,n02364673,n02364673/ILSVRC2012_val_00005591.JPEG
imagenet,n02364673,n02364673/ILSVRC2012_val_00006125.JPEG
imagenet,n02364673,n02364673/ILSVRC2012_val_00006291.JPEG
imagenet,n02364673,n02364673/ILSVRC2012_val_00006354.JPEG
imagenet,n02364673,n02364673/ILSVRC2012_val_00006685.JPEG
imagenet,n02364673,n02364673/ILSVRC2012_val_00008071.JPEG
imagenet,n02364673,n02364673/ILSVRC2012_val_00009233.JPEG
imagenet,n02364673,n02364673/ILSVRC2012_val_00010589.JPEG
imagenet,n02364673,n02364673/ILSVRC2012_val_00012892.JPEG
imagenet,n02364673,n02364673/ILSVRC2012_val_00013167.JPEG
imagenet,n02364673,n02364673/ILSVRC2012_val_00014881.JPEG
imagenet,n02364673,n02364673/ILSVRC2012_val_00016612.JPEG
imagenet,n02364673,n02364673/ILSVRC2012_val_00018359.JPEG
imagenet,n02364673,n02364673/ILSVRC2012_val_00019362.JPEG
imagenet,n02364673,n02364673/ILSVRC2012_val_00019642.JPEG
imagenet,n02364673,n02364673/ILSVRC2012_val_00020498.JPEG
imagenet,n02364673,n02364673/ILSVRC2012_val_00022152.JPEG
imagenet,n02364673,n02364673/ILSVRC2012_val_00022509.JPEG
imagenet,n02364673,n02364673/ILSVRC2012_val_00024745.JPEG
imagenet,n02364673,n02364673/ILSVRC2012_val_00025263.JPEG
imagenet,n02364673,n02364673/ILSVRC2012_val_00027337.JPEG
imagenet,n02364673,n02364673/ILSVRC2012_val_00027661.JPEG
imagenet,n02364673,n02364673/ILSVRC2012_val_00027956.JPEG
imagenet,n02364673,n02364673/ILSVRC2012_val_00028625.JPEG
imagenet,n02364673,n02364673/ILSVRC2012_val_00029982.JPEG
imagenet,n02364673,n02364673/ILSVRC2012_val_00034233.JPEG
imagenet,n02364673,n02364673/ILSVRC2012_val_00034572.JPEG
imagenet,n02364673,n02364673/ILSVRC2012_val_00035452.JPEG
imagenet,n02364673,n02364673/ILSVRC2012_val_00035921.JPEG
imagenet,n02364673,n02364673/ILSVRC2012_val_00038303.JPEG
imagenet,n02364673,n02364673/ILSVRC2012_val_00039733.JPEG
imagenet,n02364673,n02364673/ILSVRC2012_val_00040870.JPEG
imagenet,n02364673,n02364673/ILSVRC2012_val_00041458.JPEG
imagenet,n02364673,n02364673/ILSVRC2012_val_00042033.JPEG
imagenet,n02364673,n02364673/ILSVRC2012_val_00042112.JPEG
imagenet,n02364673,n02364673/ILSVRC2012_val_00043664.JPEG
imagenet,n02364673,n02364673/ILSVRC2012_val_00044948.JPEG
imagenet,n02364673,n02364673/ILSVRC2012_val_00045289.JPEG
imagenet,n02364673,n02364673/ILSVRC2012_val_00045479.JPEG
imagenet,n02364673,n02364673/ILSVRC2012_val_00045507.JPEG
imagenet,n02364673,n02364673/ILSVRC2012_val_00045928.JPEG
imagenet,n02364673,n02364673/ILSVRC2012_val_00046562.JPEG
imagenet,n02364673,n02364673/ILSVRC2012_val_00046951.JPEG
imagenet,n02364673,n02364673/ILSVRC2012_val_00048259.JPEG
imagenet,n02364673,n02364673/ILSVRC2012_val_00048560.JPEG
imagenet,n02391049,n02391049/ILSVRC2012_val_00002070.JPEG
imagenet,n02391049,n02391049/ILSVRC2012_val_00002483.JPEG
imagenet,n02391049,n02391049/ILSVRC2012_val_00002789.JPEG
imagenet,n02391049,n02391049/ILSVRC2012_val_00002996.JPEG
imagenet,n02391049,n02391049/ILSVRC2012_val_00004267.JPEG
imagenet,n02391049,n02391049/ILSVRC2012_val_00005604.JPEG
imagenet,n02391049,n02391049/ILSVRC2012_val_00006129.JPEG
imagenet,n02391049,n02391049/ILSVRC2012_val_00009159.JPEG
imagenet,n02391049,n02391049/ILSVRC2012_val_00009633.JPEG
imagenet,n02391049,n02391049/ILSVRC2012_val_00009948.JPEG
imagenet,n02391049,n02391049/ILSVRC2012_val_00012340.JPEG
imagenet,n02391049,n02391049/ILSVRC2012_val_00012498.JPEG
imagenet,n02391049,n02391049/ILSVRC2012_val_00012974.JPEG
imagenet,n02391049,n02391049/ILSVRC2012_val_00014584.JPEG
imagenet,n02391049,n02391049/ILSVRC2012_val_00015124.JPEG
imagenet,n02391049,n02391049/ILSVRC2012_val_00015166.JPEG
imagenet,n02391049,n02391049/ILSVRC2012_val_00017212.JPEG
imagenet,n02391049,n02391049/ILSVRC2012_val_00018423.JPEG
imagenet,n02391049,n02391049/ILSVRC2012_val_00019146.JPEG
imagenet,n02391049,n02391049/ILSVRC2012_val_00023129.JPEG
imagenet,n02391049,n02391049/ILSVRC2012_val_00023210.JPEG
imagenet,n02391049,n02391049/ILSVRC2012_val_00024008.JPEG
imagenet,n02391049,n02391049/ILSVRC2012_val_00024175.JPEG
imagenet,n02391049,n02391049/ILSVRC2012_val_00025344.JPEG
imagenet,n02391049,n02391049/ILSVRC2012_val_00026458.JPEG
imagenet,n02391049,n02391049/ILSVRC2012_val_00026486.JPEG
imagenet,n02391049,n02391049/ILSVRC2012_val_00027429.JPEG
imagenet,n02391049,n02391049/ILSVRC2012_val_00027836.JPEG
imagenet,n02391049,n02391049/ILSVRC2012_val_00028480.JPEG
imagenet,n02391049,n02391049/ILSVRC2012_val_00028634.JPEG
imagenet,n02391049,n02391049/ILSVRC2012_val_00029124.JPEG
imagenet,n02391049,n02391049/ILSVRC2012_val_00030688.JPEG
imagenet,n02391049,n02391049/ILSVRC2012_val_00032022.JPEG
imagenet,n02391049,n02391049/ILSVRC2012_val_00033660.JPEG
imagenet,n02391049,n02391049/ILSVRC2012_val_00034575.JPEG
imagenet,n02391049,n02391049/ILSVRC2012_val_00035101.JPEG
imagenet,n02391049,n02391049/ILSVRC2012_val_00035356.JPEG
imagenet,n02391049,n02391049/ILSVRC2012_val_00035763.JPEG
imagenet,n02391049,n02391049/ILSVRC2012_val_00036934.JPEG
imagenet,n02391049,n02391049/ILSVRC2012_val_00037130.JPEG
imagenet,n02391049,n02391049/ILSVRC2012_val_00037475.JPEG
imagenet,n02391049,n02391049/ILSVRC2012_val_00037886.JPEG
imagenet,n02391049,n02391049/ILSVRC2012_val_00038914.JPEG
imagenet,n02391049,n02391049/ILSVRC2012_val_00041989.JPEG
imagenet,n02391049,n02391049/ILSVRC2012_val_00042330.JPEG
imagenet,n02391049,n02391049/ILSVRC2012_val_00043714.JPEG
imagenet,n02391049,n02391049/ILSVRC2012_val_00043935.JPEG
imagenet,n02391049,n02391049/ILSVRC2012_val_00045135.JPEG
imagenet,n02391049,n02391049/ILSVRC2012_val_00047305.JPEG
imagenet,n02391049,n02391049/ILSVRC2012_val_00048670.JPEG
imagenet,n02395406,n02395406/ILSVRC2012_val_00000478.JPEG
imagenet,n02395406,n02395406/ILSVRC2012_val_00000661.JPEG
imagenet,n02395406,n02395406/ILSVRC2012_val_00003973.JPEG
imagenet,n02395406,n02395406/ILSVRC2012_val_00005151.JPEG
imagenet,n02395406,n02395406/ILSVRC2012_val_00007278.JPEG
imagenet,n02395406,n02395406/ILSVRC2012_val_00007609.JPEG
imagenet,n02395406,n02395406/ILSVRC2012_val_00008257.JPEG
imagenet,n02395406,n02395406/ILSVRC2012_val_00010899.JPEG
imagenet,n02395406,n02395406/ILSVRC2012_val_00011163.JPEG
imagenet,n02395406,n02395406/ILSVRC2012_val_00011856.JPEG
imagenet,n02395406,n02395406/ILSVRC2012_val_00011892.JPEG
imagenet,n02395406,n02395406/ILSVRC2012_val_00012335.JPEG
imagenet,n02395406,n02395406/ILSVRC2012_val_00013411.JPEG
imagenet,n02395406,n02395406/ILSVRC2012_val_00013666.JPEG
imagenet,n02395406,n02395406/ILSVRC2012_val_00014171.JPEG
imagenet,n02395406,n02395406/ILSVRC2012_val_00015456.JPEG
imagenet,n02395406,n02395406/ILSVRC2012_val_00016806.JPEG
imagenet,n02395406,n02395406/ILSVRC2012_val_00017374.JPEG
imagenet,n02395406,n02395406/ILSVRC2012_val_00018004.JPEG
imagenet,n02395406,n02395406/ILSVRC2012_val_00018776.JPEG
imagenet,n02395406,n02395406/ILSVRC2012_val_00019657.JPEG
imagenet,n02395406,n02395406/ILSVRC2012_val_00020095.JPEG
imagenet,n02395406,n02395406/ILSVRC2012_val_00020439.JPEG
imagenet,n02395406,n02395406/ILSVRC2012_val_00021327.JPEG
imagenet,n02395406,n02395406/ILSVRC2012_val_00022018.JPEG
imagenet,n02395406,n02395406/ILSVRC2012_val_00022191.JPEG
imagenet,n02395406,n02395406/ILSVRC2012_val_00023351.JPEG
imagenet,n02395406,n02395406/ILSVRC2012_val_00023420.JPEG
imagenet,n02395406,n02395406/ILSVRC2012_val_00024546.JPEG
imagenet,n02395406,n02395406/ILSVRC2012_val_00026374.JPEG
imagenet,n02395406,n02395406/ILSVRC2012_val_00026390.JPEG
imagenet,n02395406,n02395406/ILSVRC2012_val_00027056.JPEG
imagenet,n02395406,n02395406/ILSVRC2012_val_00029309.JPEG
imagenet,n02395406,n02395406/ILSVRC2012_val_00029653.JPEG
imagenet,n02395406,n02395406/ILSVRC2012_val_00029786.JPEG
imagenet,n02395406,n02395406/ILSVRC2012_val_00030014.JPEG
imagenet,n02395406,n02395406/ILSVRC2012_val_00030806.JPEG
imagenet,n02395406,n02395406/ILSVRC2012_val_00031236.JPEG
imagenet,n02395406,n02395406/ILSVRC2012_val_00031491.JPEG
imagenet,n02395406,n02395406/ILSVRC2012_val_00032734.JPEG
imagenet,n02395406,n02395406/ILSVRC2012_val_00032867.JPEG
imagenet,n02395406,n02395406/ILSVRC2012_val_00033668.JPEG
imagenet,n02395406,n02395406/ILSVRC2012_val_00034418.JPEG
imagenet,n02395406,n02395406/ILSVRC2012_val_00036996.JPEG
imagenet,n02395406,n02395406/ILSVRC2012_val_00039055.JPEG
imagenet,n02395406,n02395406/ILSVRC2012_val_00045459.JPEG
imagenet,n02395406,n02395406/ILSVRC2012_val_00046042.JPEG
imagenet,n02395406,n02395406/ILSVRC2012_val_00046395.JPEG
imagenet,n02395406,n02395406/ILSVRC2012_val_00047280.JPEG
imagenet,n02395406,n02395406/ILSVRC2012_val_00048187.JPEG
imagenet,n02398521,n02398521/ILSVRC2012_val_00001066.JPEG
imagenet,n02398521,n02398521/ILSVRC2012_val_00001473.JPEG
imagenet,n02398521,n02398521/ILSVRC2012_val_00001979.JPEG
imagenet,n02398521,n02398521/ILSVRC2012_val_00003302.JPEG
imagenet,n02398521,n02398521/ILSVRC2012_val_00006013.JPEG
imagenet,n02398521,n02398521/ILSVRC2012_val_00006991.JPEG
imagenet,n02398521,n02398521/ILSVRC2012_val_00009136.JPEG
imagenet,n02398521,n02398521/ILSVRC2012_val_00009331.JPEG
imagenet,n02398521,n02398521/ILSVRC2012_val_00010123.JPEG
imagenet,n02398521,n02398521/ILSVRC2012_val_00012118.JPEG
imagenet,n02398521,n02398521/ILSVRC2012_val_00013465.JPEG
imagenet,n02398521,n02398521/ILSVRC2012_val_00014340.JPEG
imagenet,n02398521,n02398521/ILSVRC2012_val_00014656.JPEG
imagenet,n02398521,n02398521/ILSVRC2012_val_00015452.JPEG
imagenet,n02398521,n02398521/ILSVRC2012_val_00016253.JPEG
imagenet,n02398521,n02398521/ILSVRC2012_val_00016426.JPEG
imagenet,n02398521,n02398521/ILSVRC2012_val_00018354.JPEG
imagenet,n02398521,n02398521/ILSVRC2012_val_00019139.JPEG
imagenet,n02398521,n02398521/ILSVRC2012_val_00019345.JPEG
imagenet,n02398521,n02398521/ILSVRC2012_val_00022573.JPEG
imagenet,n02398521,n02398521/ILSVRC2012_val_00023663.JPEG
imagenet,n02398521,n02398521/ILSVRC2012_val_00023744.JPEG
imagenet,n02398521,n02398521/ILSVRC2012_val_00024115.JPEG
imagenet,n02398521,n02398521/ILSVRC2012_val_00024656.JPEG
imagenet,n02398521,n02398521/ILSVRC2012_val_00025996.JPEG
imagenet,n02398521,n02398521/ILSVRC2012_val_00026103.JPEG
imagenet,n02398521,n02398521/ILSVRC2012_val_00027472.JPEG
imagenet,n02398521,n02398521/ILSVRC2012_val_00027933.JPEG
imagenet,n02398521,n02398521/ILSVRC2012_val_00027980.JPEG
imagenet,n02398521,n02398521/ILSVRC2012_val_00028825.JPEG
imagenet,n02398521,n02398521/ILSVRC2012_val_00028867.JPEG
imagenet,n02398521,n02398521/ILSVRC2012_val_00030665.JPEG
imagenet,n02398521,n02398521/ILSVRC2012_val_00031293.JPEG
imagenet,n02398521,n02398521/ILSVRC2012_val_00032449.JPEG
imagenet,n02398521,n02398521/ILSVRC2012_val_00033265.JPEG
imagenet,n02398521,n02398521/ILSVRC2012_val_00034570.JPEG
imagenet,n02398521,n02398521/ILSVRC2012_val_00035386.JPEG
imagenet,n02398521,n02398521/ILSVRC2012_val_00035697.JPEG
imagenet,n02398521,n02398521/ILSVRC2012_val_00035707.JPEG
imagenet,n02398521,n02398521/ILSVRC2012_val_00036081.JPEG
imagenet,n02398521,n02398521/ILSVRC2012_val_00038173.JPEG
imagenet,n02398521,n02398521/ILSVRC2012_val_00038714.JPEG
imagenet,n02398521,n02398521/ILSVRC2012_val_00038747.JPEG
imagenet,n02398521,n02398521/ILSVRC2012_val_00038791.JPEG
imagenet,n02398521,n02398521/ILSVRC2012_val_00039400.JPEG
imagenet,n02398521,n02398521/ILSVRC2012_val_00041243.JPEG
imagenet,n02398521,n02398521/ILSVRC2012_val_00041708.JPEG
imagenet,n02398521,n02398521/ILSVRC2012_val_00041835.JPEG
imagenet,n02398521,n02398521/ILSVRC2012_val_00043907.JPEG
imagenet,n02398521,n02398521/ILSVRC2012_val_00045847.JPEG
imagenet,n02410509,n02410509/ILSVRC2012_val_00002433.JPEG
imagenet,n02410509,n02410509/ILSVRC2012_val_00002669.JPEG
imagenet,n02410509,n02410509/ILSVRC2012_val_00004508.JPEG
imagenet,n02410509,n02410509/ILSVRC2012_val_00006576.JPEG
imagenet,n02410509,n02410509/ILSVRC2012_val_00007597.JPEG
imagenet,n02410509,n02410509/ILSVRC2012_val_00008629.JPEG
imagenet,n02410509,n02410509/ILSVRC2012_val_00008943.JPEG
imagenet,n02410509,n02410509/ILSVRC2012_val_00009221.JPEG
imagenet,n02410509,n02410509/ILSVRC2012_val_00009956.JPEG
imagenet,n02410509,n02410509/ILSVRC2012_val_00014395.JPEG
imagenet,n02410509,n02410509/ILSVRC2012_val_00014539.JPEG
imagenet,n02410509,n02410509/ILSVRC2012_val_00014800.JPEG
imagenet,n02410509,n02410509/ILSVRC2012_val_00016437.JPEG
imagenet,n02410509,n02410509/ILSVRC2012_val_00018032.JPEG
imagenet,n02410509,n02410509/ILSVRC2012_val_00018349.JPEG
imagenet,n02410509,n02410509/ILSVRC2012_val_00020346.JPEG
imagenet,n02410509,n02410509/ILSVRC2012_val_00021781.JPEG
imagenet,n02410509,n02410509/ILSVRC2012_val_00022568.JPEG
imagenet,n02410509,n02410509/ILSVRC2012_val_00023312.JPEG
imagenet,n02410509,n02410509/ILSVRC2012_val_00024594.JPEG
imagenet,n02410509,n02410509/ILSVRC2012_val_00027460.JPEG
imagenet,n02410509,n02410509/ILSVRC2012_val_00028496.JPEG
imagenet,n02410509,n02410509/ILSVRC2012_val_00028745.JPEG
imagenet,n02410509,n02410509/ILSVRC2012_val_00030959.JPEG
imagenet,n02410509,n02410509/ILSVRC2012_val_00032942.JPEG
imagenet,n02410509,n02410509/ILSVRC2012_val_00033952.JPEG
imagenet,n02410509,n02410509/ILSVRC2012_val_00033998.JPEG
imagenet,n02410509,n02410509/ILSVRC2012_val_00034061.JPEG
imagenet,n02410509,n02410509/ILSVRC2012_val_00035245.JPEG
imagenet,n02410509,n02410509/ILSVRC2012_val_00035618.JPEG
imagenet,n02410509,n02410509/ILSVRC2012_val_00035778.JPEG
imagenet,n02410509,n02410509/ILSVRC2012_val_00036666.JPEG
imagenet,n02410509,n02410509/ILSVRC2012_val_00037054.JPEG
imagenet,n02410509,n02410509/ILSVRC2012_val_00039117.JPEG
imagenet,n02410509,n02410509/ILSVRC2012_val_00039568.JPEG
imagenet,n02410509,n02410509/ILSVRC2012_val_00039846.JPEG
imagenet,n02410509,n02410509/ILSVRC2012_val_00040273.JPEG
imagenet,n02410509,n02410509/ILSVRC2012_val_00040338.JPEG
imagenet,n02410509,n02410509/ILSVRC2012_val_00040511.JPEG
imagenet,n02410509,n02410509/ILSVRC2012_val_00040808.JPEG
imagenet,n02410509,n02410509/ILSVRC2012_val_00041565.JPEG
imagenet,n02410509,n02410509/ILSVRC2012_val_00042893.JPEG
imagenet,n02410509,n02410509/ILSVRC2012_val_00043684.JPEG
imagenet,n02410509,n02410509/ILSVRC2012_val_00044165.JPEG
imagenet,n02410509,n02410509/ILSVRC2012_val_00044556.JPEG
imagenet,n02410509,n02410509/ILSVRC2012_val_00046658.JPEG
imagenet,n02410509,n02410509/ILSVRC2012_val_00048448.JPEG
imagenet,n02410509,n02410509/ILSVRC2012_val_00048511.JPEG
imagenet,n02410509,n02410509/ILSVRC2012_val_00049202.JPEG
imagenet,n02410509,n02410509/ILSVRC2012_val_00049958.JPEG
imagenet,n02423022,n02423022/ILSVRC2012_val_00003125.JPEG
imagenet,n02423022,n02423022/ILSVRC2012_val_00003163.JPEG
imagenet,n02423022,n02423022/ILSVRC2012_val_00003655.JPEG
imagenet,n02423022,n02423022/ILSVRC2012_val_00003958.JPEG
imagenet,n02423022,n02423022/ILSVRC2012_val_00004880.JPEG
imagenet,n02423022,n02423022/ILSVRC2012_val_00007265.JPEG
imagenet,n02423022,n02423022/ILSVRC2012_val_00008084.JPEG
imagenet,n02423022,n02423022/ILSVRC2012_val_00009267.JPEG
imagenet,n02423022,n02423022/ILSVRC2012_val_00012135.JPEG
imagenet,n02423022,n02423022/ILSVRC2012_val_00013170.JPEG
imagenet,n02423022,n02423022/ILSVRC2012_val_00013417.JPEG
imagenet,n02423022,n02423022/ILSVRC2012_val_00013750.JPEG
imagenet,n02423022,n02423022/ILSVRC2012_val_00016223.JPEG
imagenet,n02423022,n02423022/ILSVRC2012_val_00018436.JPEG
imagenet,n02423022,n02423022/ILSVRC2012_val_00019066.JPEG
imagenet,n02423022,n02423022/ILSVRC2012_val_00019079.JPEG
imagenet,n02423022,n02423022/ILSVRC2012_val_00019917.JPEG
imagenet,n02423022,n02423022/ILSVRC2012_val_00020949.JPEG
imagenet,n02423022,n02423022/ILSVRC2012_val_00021151.JPEG
imagenet,n02423022,n02423022/ILSVRC2012_val_00021549.JPEG
imagenet,n02423022,n02423022/ILSVRC2012_val_00021795.JPEG
imagenet,n02423022,n02423022/ILSVRC2012_val_00023708.JPEG
imagenet,n02423022,n02423022/ILSVRC2012_val_00023933.JPEG
imagenet,n02423022,n02423022/ILSVRC2012_val_00023976.JPEG
imagenet,n02423022,n02423022/ILSVRC2012_val_00024266.JPEG
imagenet,n02423022,n02423022/ILSVRC2012_val_00025678.JPEG
imagenet,n02423022,n02423022/ILSVRC2012_val_00028130.JPEG
imagenet,n02423022,n02423022/ILSVRC2012_val_00028513.JPEG
imagenet,n02423022,n02423022/ILSVRC2012_val_00029599.JPEG
imagenet,n02423022,n02423022/ILSVRC2012_val_00029641.JPEG
imagenet,n02423022,n02423022/ILSVRC2012_val_00029872.JPEG
imagenet,n02423022,n02423022/ILSVRC2012_val_00030609.JPEG
imagenet,n02423022,n02423022/ILSVRC2012_val_00030844.JPEG
imagenet,n02423022,n02423022/ILSVRC2012_val_00031339.JPEG
imagenet,n02423022,n02423022/ILSVRC2012_val_00033252.JPEG
imagenet,n02423022,n02423022/ILSVRC2012_val_00034438.JPEG
imagenet,n02423022,n02423022/ILSVRC2012_val_00035003.JPEG
imagenet,n02423022,n02423022/ILSVRC2012_val_00035456.JPEG
imagenet,n02423022,n02423022/ILSVRC2012_val_00035559.JPEG
imagenet,n02423022,n02423022/ILSVRC2012_val_00036577.JPEG
imagenet,n02423022,n02423022/ILSVRC2012_val_00039366.JPEG
imagenet,n02423022,n02423022/ILSVRC2012_val_00041491.JPEG
imagenet,n02423022,n02423022/ILSVRC2012_val_00042716.JPEG
imagenet,n02423022,n02423022/ILSVRC2012_val_00044005.JPEG
imagenet,n02423022,n02423022/ILSVRC2012_val_00044567.JPEG
imagenet,n02423022,n02423022/ILSVRC2012_val_00044771.JPEG
imagenet,n02423022,n02423022/ILSVRC2012_val_00046413.JPEG
imagenet,n02423022,n02423022/ILSVRC2012_val_00047308.JPEG
imagenet,n02423022,n02423022/ILSVRC2012_val_00047318.JPEG
imagenet,n02423022,n02423022/ILSVRC2012_val_00048342.JPEG
imagenet_r,n01443537,n01443537/art_0.jpg
imagenet_r,n01443537,n01443537/art_1.jpg
imagenet_r,n01443537,n01443537/art_10.jpg
imagenet_r,n01443537,n01443537/art_11.jpg
imagenet_r,n01443537,n01443537/art_12.jpg
imagenet_r,n01443537,n01443537/art_2.jpg
imagenet_r,n01443537,n01443537/art_3.jpg
imagenet_r,n01443537,n01443537/art_4.jpg
imagenet_r,n01443537,n01443537/art_5.jpg
imagenet_r,n01443537,n01443537/art_6.jpg
imagenet_r,n01443537,n01443537/art_7.jpg
imagenet_r,n01443537,n01443537/art_8.jpg
imagenet_r,n01443537,n01443537/art_9.jpg
imagenet_r,n01443537,n01443537/cartoon_0.jpg
imagenet_r,n01443537,n01443537/cartoon_1.jpg
imagenet_r,n01443537,n01443537/cartoon_10.jpg
imagenet_r,n01443537,n01443537/cartoon_11.jpg
imagenet_r,n01443537,n01443537/cartoon_12.jpg
imagenet_r,n01443537,n01443537/cartoon_13.jpg
imagenet_r,n01443537,n01443537/cartoon_14.jpg
imagenet_r,n01443537,n01443537/cartoon_15.jpg
imagenet_r,n01443537,n01443537/cartoon_16.jpg
imagenet_r,n01443537,n01443537/cartoon_17.jpg
imagenet_r,n01443537,n01443537/cartoon_18.jpg
imagenet_r,n01443537,n01443537/cartoon_19.jpg
imagenet_r,n01443537,n01443537/cartoon_2.jpg
imagenet_r,n01443537,n01443537/cartoon_20.jpg
imagenet_r,n01443537,n01443537/cartoon_21.jpg
imagenet_r,n01443537,n01443537/cartoon_22.jpg
imagenet_r,n01443537,n01443537/cartoon_23.jpg
imagenet_r,n01443537,n01443537/cartoon_24.jpg
imagenet_r,n01443537,n01443537/cartoon_25.jpg
imagenet_r,n01443537,n01443537/cartoon_26.jpg
imagenet_r,n01443537,n01443537/cartoon_27.jpg
imagenet_r,n01443537,n01443537/cartoon_28.jpg
imagenet_r,n01443537,n01443537/cartoon_29.jpg
imagenet_r,n01443537,n01443537/cartoon_3.jpg
imagenet_r,n01443537,n01443537/cartoon_30.jpg
imagenet_r,n01443537,n01443537/cartoon_31.jpg
imagenet_r,n01443537,n01443537/cartoon_32.jpg
imagenet_r,n01443537,n01443537/cartoon_33.jpg
imagenet_r,n01443537,n01443537/cartoon_34.jpg
imagenet_r,n01443537,n01443537/cartoon_35.jpg
imagenet_r,n01443537,n01443537/cartoon_36.jpg
imagenet_r,n01443537,n01443537/cartoon_37.jpg
imagenet_r,n01443537,n01443537/cartoon_38.jpg
imagenet_r,n01443537,n01443537/cartoon_39.jpg
imagenet_r,n01443537,n01443537/cartoon_4.jpg
imagenet_r,n01443537,n01443537/cartoon_40.jpg
imagenet_r,n01443537,n01443537/cartoon_41.jpg
imagenet_r,n01484850,n01484850/art_0.jpg
imagenet_r,n01484850,n01484850/art_1.jpg
imagenet_r,n01484850,n01484850/art_10.jpg
imagenet_r,n01484850,n01484850/art_11.jpg
imagenet_r,n01484850,n01484850/art_12.jpg
imagenet_r,n01484850,n01484850/art_13.jpg
imagenet_r,n01484850,n01484850/art_14.jpg
imagenet_r,n01484850,n01484850/art_15.jpg
imagenet_r,n01484850,n01484850/art_16.jpg
imagenet_r,n01484850,n01484850/art_17.jpg
imagenet_r,n01484850,n01484850/art_2.jpg
imagenet_r,n01484850,n01484850/art_3.jpg
imagenet_r,n01484850,n01484850/art_4.jpg
imagenet_r,n01484850,n01484850/art_5.jpg
imagenet_r,n01484850,n01484850/art_6.jpg
imagenet_r,n01484850,n01484850/art_7.jpg
imagenet_r,n01484850,n01484850/art_8.jpg
imagenet_r,n01484850,n01484850/art_9.jpg
imagenet_r,n01484850,n01484850/cartoon_0.jpg
imagenet_r,n01484850,n01484850/cartoon_1.jpg
imagenet_r,n01484850,n01484850/cartoon_10.jpg
imagenet_r,n01484850,n01484850/cartoon_11.jpg
imagenet_r,n01484850,n01484850/cartoon_12.jpg
imagenet_r,n01484850,n01484850/cartoon_13.jpg
imagenet_r,n01484850,n01484850/cartoon_14.jpg
imagenet_r,n01484850,n01484850/cartoon_15.jpg
imagenet_r,n01484850,n01484850/cartoon_16.jpg
imagenet_r,n01484850,n01484850/cartoon_2.jpg
imagenet_r,n01484850,n01484850/cartoon_3.jpg
imagenet_r,n01484850,n01484850/cartoon_4.jpg
imagenet_r,n01484850,n01484850/cartoon_5.jpg
imagenet_r,n01484850,n01484850/cartoon_6.jpg
imagenet_r,n01484850,n01484850/cartoon_7.jpg
imagenet_r,n01484850,n01484850/cartoon_8.jpg
imagenet_r,n01484850,n01484850/cartoon_9.jpg
imagenet_r,n01484850,n01484850/deviantart_0.jpg
imagenet_r,n01484850,n01484850/deviantart_1.jpg
imagenet_r,n01484850,n01484850/deviantart_10.jpg
imagenet_r,n01484850,n01484850/deviantart_11.jpg
imagenet_r,n01484850,n01484850/deviantart_12.jpg
imagenet_r,n01484850,n01484850/deviantart_13.jpg
imagenet_r,n01484850,n01484850/deviantart_14.jpg
imagenet_r,n01484850,n01484850/deviantart_15.jpg
imagenet_r,n01484850,n01484850/deviantart_16.jpg
imagenet_r,n01484850,n01484850/deviantart_17.jpg
imagenet_r,n01484850,n01484850/deviantart_18.jpg
imagenet_r,n01484850,n01484850/deviantart_19.jpg
imagenet_r,n01484850,n01484850/deviantart_2.jpg
imagenet_r,n01484850,n01484850/deviantart_20.jpg
imagenet_r,n01484850,n01484850/deviantart_21.jpg
imagenet_r,n01494475,n01494475/cartoon_0.jpg
imagenet_r,n01494475,n01494475/deviantart_0.jpg
imagenet_r,n01494475,n01494475/deviantart_1.jpg
imagenet_r,n01494475,n01494475/deviantart_10.jpg
imagenet_r,n01494475,n01494475/deviantart_2.jpg
imagenet_r,n01494475,n01494475/deviantart_3.jpg
imagenet_r,n01494475,n01494475/deviantart_4.jpg
imagenet_r,n01494475,n01494475/deviantart_5.jpg
imagenet_r,n01494475,n01494475/deviantart_6.jpg
imagenet_r,n01494475,n01494475/deviantart_7.jpg
imagenet_r,n01494475,n01494475/deviantart_8.jpg
imagenet_r,n01494475,n01494475/deviantart_9.jpg
imagenet_r,n01494475,n01494475/misc_0.jpg
imagenet_r,n01494475,n01494475/misc_1.jpg
imagenet_r,n01494475,n01494475/misc_10.jpg
imagenet_r,n01494475,n01494475/misc_100.jpg
imagenet_r,n01494475,n01494475/misc_101.jpg
imagenet_r,n01494475,n01494475/misc_102.jpg
imagenet_r,n01494475,n01494475/misc_103.jpg
imagenet_r,n01494475,n01494475/misc_104.jpg
imagenet_r,n01494475,n01494475/misc_105.jpg
imagenet_r,n01494475,n01494475/misc_106.jpg
imagenet_r,n01494475,n01494475/misc_107.jpg
imagenet_r,n01494475,n01494475/misc_108.jpg
imagenet_r,n01494475,n01494475/misc_109.jpg
imagenet_r,n01494475,n01494475/misc_11.jpg
imagenet_r,n01494475,n01494475/misc_110.jpg
imagenet_r,n01494475,n01494475/misc_111.jpg
imagenet_r,n01494475,n01494475/misc_112.jpg
imagenet_r,n01494475,n01494475/misc_113.jpg
imagenet_r,n01494475,n01494475/misc_114.jpg
imagenet_r,n01494475,n01494475/misc_115.jpg
imagenet_r,n01494475,n01494475/misc_116.jpg
imagenet_r,n01494475,n01494475/misc_117.jpg
imagenet_r,n01494475,n01494475/misc_118.jpg
imagenet_r,n01494475,n01494475/misc_119.jpg
imagenet_r,n01494475,n01494475/misc_12.jpg
imagenet_r,n01494475,n01494475/misc_120.jpg
imagenet_r,n01494475,n01494475/misc_121.jpg
imagenet_r,n01494475,n01494475/misc_122.jpg
imagenet_r,n01494475,n01494475/misc_123.jpg
imagenet_r,n01494475,n01494475/misc_124.jpg
imagenet_r,n01494475,n01494475/misc_125.jpg
imagenet_r,n01494475,n01494475/misc_126.jpg
imagenet_r,n01494475,n01494475/misc_127.jpg
imagenet_r,n01494475,n01494475/misc_128.jpg
imagenet_r,n01494475,n01494475/misc_129.jpg
imagenet_r,n01494475,n01494475/misc_13.jpg
imagenet_r,n01494475,n01494475/misc_130.jpg
imagenet_r,n01494475,n01494475/misc_131.jpg
imagenet_r,n01498041,n01498041/art_0.jpg
imagenet_r,n01498041,n01498041/art_1.jpg
imagenet_r,n01498041,n01498041/art_2.jpg
imagenet_r,n01498041,n01498041/art_3.jpg
imagenet_r,n01498041,n01498041/art_4.jpg
imagenet_r,n01498041,n01498041/cartoon_0.jpg
imagenet_r,n01498041,n01498041/cartoon_1.jpg
imagenet_r,n01498041,n01498041/cartoon_10.jpg
imagenet_r,n01498041,n01498041/cartoon_11.jpg
imagenet_r,n01498041,n01498041/cartoon_12.jpg
imagenet_r,n01498041,n01498041/cartoon_13.jpg
imagenet_r,n01498041,n01498041/cartoon_14.jpg
imagenet_r,n01498041,n01498041/cartoon_15.jpg
imagenet_r,n01498041,n01498041/cartoon_16.jpg
imagenet_r,n01498041,n01498041/cartoon_17.jpg
imagenet_r,n01498041,n01498041/cartoon_18.jpg
imagenet_r,n01498041,n01498041/cartoon_2.jpg
imagenet_r,n01498041,n01498041/cartoon_3.jpg
imagenet_r,n01498041,n01498041/cartoon_4.jpg
imagenet_r,n01498041,n01498041/cartoon_5.jpg
imagenet_r,n01498041,n01498041/cartoon_6.jpg
imagenet_r,n01498041,n01498041/cartoon_7.jpg
imagenet_r,n01498041,n01498041/cartoon_8.jpg
imagenet_r,n01498041,n01498041/cartoon_9.jpg
imagenet_r,n01498041,n01498041/deviantart_0.jpg
imagenet_r,n01498041,n01498041/deviantart_1.jpg
imagenet_r,n01498041,n01498041/deviantart_2.jpg
imagenet_r,n01498041,n01498041/deviantart_3.jpg
imagenet_r,n01498041,n01498041/deviantart_4.jpg
imagenet_r,n01498041,n01498041/deviantart_5.jpg
imagenet_r,n01498041,n01498041/deviantart_6.jpg
imagenet_r,n01498041,n01498041/deviantart_7.jpg
imagenet_r,n01498041,n01498041/deviantart_8.jpg
imagenet_r,n01498041,n01498041/graphic_0.jpg
imagenet_r,n01498041,n01498041/graphic_1.jpg
imagenet_r,n01498041,n01498041/misc_0.jpg
imagenet_r,n01498041,n01498041/misc_1.jpg
imagenet_r,n01498041,n01498041/misc_2.jpg
imagenet_r,n01498041,n01498041/misc_3.jpg
imagenet_r,n01498041,n01498041/misc_4.jpg
imagenet_r,n01498041,n01498041/origami_0.jpg
imagenet_r,n01498041,n01498041/origami_1.jpg
imagenet_r,n01498041,n01498041/origami_2.jpg
imagenet_r,n01498041,n01498041/origami_3.jpg
imagenet_r,n01498041,n01498041/origami_4.jpg
imagenet_r,n01498041,n01498041/painting_0.jpg
imagenet_r,n01498041,n01498041/painting_1.jpg
imagenet_r,n01498041,n01498041/painting_2.jpg
imagenet_r,n01498041,n01498041/painting_3.jpg
imagenet_r,n01498041,n01498041/painting_4.jpg
imagenet_r,n01514859,n01514859/art_0.jpg
imagenet_r,n01514859,n01514859/art_1.jpg
imagenet_r,n01514859,n01514859/art_2.jpg
imagenet_r,n01514859,n01514859/art_3.jpg
imagenet_r,n01514859,n01514859/art_4.jpg
imagenet_r,n01514859,n01514859/art_5.jpg
imagenet_r,n01514859,n01514859/art_6.jpg
imagenet_r,n01514859,n01514859/art_7.jpg
imagenet_r,n01514859,n01514859/art_8.jpg
imagenet_r,n01514859,n01514859/cartoon_0.jpg
imagenet_r,n01514859,n01514859/cartoon_1.jpg
imagenet_r,n01514859,n01514859/cartoon_10.jpg
imagenet_r,n01514859,n01514859/cartoon_11.jpg
imagenet_r,n01514859,n01514859/cartoon_12.jpg
imagenet_r,n01514859,n01514859/cartoon_13.jpg
imagenet_r,n01514859,n01514859/cartoon_14.jpg
imagenet_r,n01514859,n01514859/cartoon_15.jpg
imagenet_r,n01514859,n01514859/cartoon_16.jpg
imagenet_r,n01514859,n01514859/cartoon_17.jpg
imagenet_r,n01514859,n01514859/cartoon_18.jpg
imagenet_r,n01514859,n01514859/cartoon_19.jpg
imagenet_r,n01514859,n01514859/cartoon_2.jpg
imagenet_r,n01514859,n01514859/cartoon_20.jpg
imagenet_r,n01514859,n01514859/cartoon_21.jpg
imagenet_r,n01514859,n01514859/cartoon_22.jpg
imagenet_r,n01514859,n01514859/cartoon_23.jpg
imagenet_r,n01514859,n01514859/cartoon_24.jpg
imagenet_r,n01514859,n01514859/cartoon_25.jpg
imagenet_r,n01514859,n01514859/cartoon_26.jpg
imagenet_r,n01514859,n01514859/cartoon_27.jpg
imagenet_r,n01514859,n01514859/cartoon_28.jpg
imagenet_r,n01514859,n01514859/cartoon_29.jpg
imagenet_r,n01514859,n01514859/cartoon_3.jpg
imagenet_r,n01514859,n01514859/cartoon_30.jpg
imagenet_r,n01514859,n01514859/cartoon_31.jpg
imagenet_r,n01514859,n01514859/cartoon_32.jpg
imagenet_r,n01514859,n01514859/cartoon_33.jpg
imagenet_r,n01514859,n01514859/cartoon_34.jpg
imagenet_r,n01514859,n01514859/cartoon_35.jpg
imagenet_r,n01514859,n01514859/cartoon_36.jpg
imagenet_r,n01514859,n01514859/cartoon_37.jpg
imagenet_r,n01514859,n01514859/cartoon_38.jpg
imagenet_r,n01514859,n01514859/cartoon_4.jpg
imagenet_r,n01514859,n01514859/cartoon_5.jpg
imagenet_r,n01514859,n01514859/cartoon_6.jpg
imagenet_r,n01514859,n01514859/cartoon_7.jpg
imagenet_r,n01514859,n01514859/cartoon_8.jpg
imagenet_r,n01514859,n01514859/cartoon_9.jpg
imagenet_r,n01514859,n01514859/deviantart_0.jpg
imagenet_r,n01514859,n01514859/deviantart_1.jpg
imagenet_r,n01518878,n01518878/art_0.jpg
imagenet_r,n01518878,n01518878/art_1.jpg
imagenet_r,n01518878,n01518878/art_2.jpg
imagenet_r,n01518878,n01518878/art_3.jpg
imagenet_r,n01518878,n01518878/art_4.jpg
imagenet_r,n01518878,n01518878/art_5.jpg
imagenet_r,n01518878,n01518878/art_6.jpg
imagenet_r,n01518878,n01518878/art_7.jpg
imagenet_r,n01518878,n01518878/art_8.jpg
imagenet_r,n01518878,n01518878/cartoon_0.jpg
imagenet_r,n01518878,n01518878/cartoon_1.jpg
imagenet_r,n01518878,n01518878/cartoon_10.jpg
imagenet_r,n01518878,n01518878/cartoon_11.jpg
imagenet_r,n01518878,n01518878/cartoon_12.jpg
imagenet_r,n01518878,n01518878/cartoon_13.jpg
imagenet_r,n01518878,n01518878/cartoon_14.jpg
imagenet_r,n01518878,n01518878/cartoon_15.jpg
imagenet_r,n01518878,n01518878/cartoon_16.jpg
imagenet_r,n01518878,n01518878/cartoon_17.jpg
imagenet_r,n01518878,n01518878/cartoon_18.jpg
imagenet_r,n01518878,n01518878/cartoon_19.jpg
imagenet_r,n01518878,n01518878/cartoon_2.jpg
imagenet_r,n01518878,n01518878/cartoon_20.jpg
imagenet_r,n01518878,n01518878/cartoon_21.jpg
imagenet_r,n01518878,n01518878/cartoon_22.jpg
imagenet_r,n01518878,n01518878/cartoon_23.jpg
imagenet_r,n01518878,n01518878/cartoon_24.jpg
imagenet_r,n01518878,n01518878/cartoon_25.jpg
imagenet_r,n01518878,n01518878/cartoon_26.jpg
imagenet_r,n01518878,n01518878/cartoon_27.jpg
imagenet_r,n01518878,n01518878/cartoon_28.jpg
imagenet_r,n01518878,n01518878/cartoon_29.jpg
imagenet_r,n01518878,n01518878/cartoon_3.jpg
imagenet_r,n01518878,n01518878/cartoon_30.jpg
imagenet_r,n01518878,n01518878/cartoon_31.jpg
imagenet_r,n01518878,n01518878/cartoon_32.jpg
imagenet_r,n01518878,n01518878/cartoon_33.jpg
imagenet_r,n01518878,n01518878/cartoon_34.jpg
imagenet_r,n01518878,n01518878/cartoon_35.jpg
imagenet_r,n01518878,n01518878/cartoon_36.jpg
imagenet_r,n01518878,n01518878/cartoon_37.jpg
imagenet_r,n01518878,n01518878/cartoon_38.jpg
imagenet_r,n01518878,n01518878/cartoon_39.jpg
imagenet_r,n01518878,n01518878/cartoon_4.jpg
imagenet_r,n01518878,n01518878/cartoon_40.jpg
imagenet_r,n01518878,n01518878/cartoon_41.jpg
imagenet_r,n01518878,n01518878/cartoon_42.jpg
imagenet_r,n01518878,n01518878/cartoon_43.jpg
imagenet_r,n01518878,n01518878/cartoon_44.jpg
imagenet_r,n01518878,n01518878/cartoon_45.jpg
imagenet_r,n01531178,n01531178/art_0.jpg
imagenet_r,n01531178,n01531178/art_1.jpg
imagenet_r,n01531178,n01531178/art_10.jpg
imagenet_r,n01531178,n01531178/art_11.jpg
imagenet_r,n01531178,n01531178/art_12.jpg
imagenet_r,n01531178,n01531178/art_13.jpg
imagenet_r,n01531178,n01531178/art_14.jpg
imagenet_r,n01531178,n01531178/art_15.jpg
imagenet_r,n01531178,n01531178/art_16.jpg
imagenet_r,n01531178,n01531178/art_17.jpg
imagenet_r,n01531178,n01531178/art_18.jpg
imagenet_r,n01531178,n01531178/art_19.jpg
imagenet_r,n01531178,n01531178/art_2.jpg
imagenet_r,n01531178,n01531178/art_20.jpg
imagenet_r,n01531178,n01531178/art_21.jpg
imagenet_r,n01531178,n01531178/art_22.jpg
imagenet_r,n01531178,n01531178/art_23.jpg
imagenet_r,n01531178,n01531178/art_24.jpg
imagenet_r,n01531178,n01531178/art_25.jpg
imagenet_r,n01531178,n01531178/art_26.jpg
imagenet_r,n01531178,n01531178/art_27.jpg
imagenet_r,n01531178,n01531178/art_28.jpg
imagenet_r,n01531178,n01531178/art_29.jpg
imagenet_r,n01531178,n01531178/art_3.jpg
imagenet_r,n01531178,n01531178/art_30.jpg
imagenet_r,n01531178,n01531178/art_31.jpg
imagenet_r,n01531178,n01531178/art_32.jpg
imagenet_r,n01531178,n01531178/art_4.jpg
imagenet_r,n01531178,n01531178/art_5.jpg
imagenet_r,n01531178,n01531178/art_6.jpg
imagenet_r,n01531178,n01531178/art_7.jpg
imagenet_r,n01531178,n01531178/art_8.jpg
imagenet_r,n01531178,n01531178/art_9.jpg
imagenet_r,n01531178,n01531178/cartoon_0.jpg
imagenet_r,n01531178,n01531178/cartoon_1.jpg
imagenet_r,n01531178,n01531178/cartoon_10.jpg
imagenet_r,n01531178,n01531178/cartoon_11.jpg
imagenet_r,n01531178,n01531178/cartoon_12.jpg
imagenet_r,n01531178,n01531178/cartoon_13.jpg
imagenet_r,n01531178,n01531178/cartoon_14.jpg
imagenet_r,n01531178,n01531178/cartoon_15.jpg
imagenet_r,n01531178,n01531178/cartoon_16.jpg
imagenet_r,n01531178,n01531178/cartoon_17.jpg
imagenet_r,n01531178,n01531178/cartoon_18.jpg
imagenet_r,n01531178,n01531178/cartoon_19.jpg
imagenet_r,n01531178,n01531178/cartoon_2.jpg
imagenet_r,n01531178,n01531178/cartoon_20.jpg
imagenet_r,n01531178,n01531178/cartoon_21.jpg
imagenet_r,n01531178,n01531178/cartoon_22.jpg
imagenet_r,n01531178,n01531178/cartoon_23.jpg
imagenet_r,n01534433,n01534433/art_0.jpg
imagenet_r,n01534433,n01534433/art_1.jpg
imagenet_r,n01534433,n01534433/art_2.jpg
imagenet_r,n01534433,n01534433/art_3.jpg
imagenet_r,n01534433,n01534433/art_4.jpg
imagenet_r,n01534433,n01534433/art_5.jpg
imagenet_r,n01534433,n01534433/cartoon_0.jpg
imagenet_r,n01534433,n01534433/deviantart_0.jpg
imagenet_r,n01534433,n01534433/deviantart_1.jpg
imagenet_r,n01534433,n01534433/embroidery_0.jpg
imagenet_r,n01534433,n01534433/embroidery_1.jpg
imagenet_r,n01534433,n01534433/painting_0.jpg
imagenet_r,n01534433,n01534433/painting_1.jpg
imagenet_r,n01534433,n01534433/painting_10.jpg
imagenet_r,n01534433,n01534433/painting_11.jpg
imagenet_r,n01534433,n01534433/painting_12.jpg
imagenet_r,n01534433,n01534433/painting_13.jpg
imagenet_r,n01534433,n01534433/painting_14.jpg
imagenet_r,n01534433,n01534433/painting_15.jpg
imagenet_r,n01534433,n01534433/painting_16.jpg
imagenet_r,n01534433,n01534433/painting_2.jpg
imagenet_r,n01534433,n01534433/painting_3.jpg
imagenet_r,n01534433,n01534433/painting_4.jpg
imagenet_r,n01534433,n01534433/painting_5.jpg
imagenet_r,n01534433,n01534433/painting_6.jpg
imagenet_r,n01534433,n01534433/painting_7.jpg
imagenet_r,n01534433,n01534433/painting_8.jpg
imagenet_r,n01534433,n01534433/painting_9.jpg
imagenet_r,n01534433,n01534433/sketch_0.jpg
imagenet_r,n01534433,n01534433/sketch_1.jpg
imagenet_r,n01534433,n01534433/sketch_10.jpg
imagenet_r,n01534433,n01534433/sketch_11.jpg
imagenet_r,n01534433,n01534433/sketch_12.jpg
imagenet_r,n01534433,n01534433/sketch_13.jpg
imagenet_r,n01534433,n01534433/sketch_14.jpg
imagenet_r,n01534433,n01534433/sketch_15.jpg
imagenet_r,n01534433,n01534433/sketch_16.jpg
imagenet_r,n01534433,n01534433/sketch_17.jpg
imagenet_r,n01534433,n01534433/sketch_18.jpg
imagenet_r,n01534433,n01534433/sketch_19.jpg
imagenet_r,n01534433,n01534433/sketch_2.jpg
imagenet_r,n01534433,n01534433/sketch_20.jpg
imagenet_r,n01534433,n01534433/sketch_21.jpg
imagenet_r,n01534433,n01534433/sketch_22.jpg
imagenet_r,n01534433,n01534433/sketch_23.jpg
imagenet_r,n01534433,n01534433/sketch_3.jpg
imagenet_r,n01534433,n01534433/sketch_4.jpg
imagenet_r,n01534433,n01534433/sketch_5.jpg
imagenet_r,n01534433,n01534433/sketch_6.jpg
imagenet_r,n01534433,n01534433/sketch_7.jpg
imagenet_r,n01614925,n01614925/art_0.jpg
imagenet_r,n01614925,n01614925/art_1.jpg
imagenet_r,n01614925,n01614925/art_10.jpg
imagenet_r,n01614925,n01614925/art_11.jpg
imagenet_r,n01614925,n01614925/art_2.jpg
imagenet_r,n01614925,n01614925/art_3.jpg
imagenet_r,n01614925,n01614925/art_4.jpg
imagenet_r,n01614925,n01614925/art_5.jpg
imagenet_r,n01614925,n01614925/art_6.jpg
imagenet_r,n01614925,n01614925/art_7.jpg
imagenet_r,n01614925,n01614925/art_8.jpg
imagenet_r,n01614925,n01614925/art_9.jpg
imagenet_r,n01614925,n01614925/cartoon_0.jpg
imagenet_r,n01614925,n01614925/cartoon_1.jpg
imagenet_r,n01614925,n01614925/cartoon_10.jpg
imagenet_r,n01614925,n01614925/cartoon_11.jpg
imagenet_r,n01614925,n01614925/cartoon_12.jpg
imagenet_r,n01614925,n01614925/cartoon_13.jpg
imagenet_r,n01614925,n01614925/cartoon_14.jpg
imagenet_r,n01614925,n01614925/cartoon_15.jpg
imagenet_r,n01614925,n01614925/cartoon_16.jpg
imagenet_r,n01614925,n01614925/cartoon_17.jpg
imagenet_r,n01614925,n01614925/cartoon_18.jpg
imagenet_r,n01614925,n01614925/cartoon_19.jpg
imagenet_r,n01614925,n01614925/cartoon_2.jpg
imagenet_r,n01614925,n01614925/cartoon_20.jpg
imagenet_r,n01614925,n01614925/cartoon_21.jpg
imagenet_r,n01614925,n01614925/cartoon_22.jpg
imagenet_r,n01614925,n01614925/cartoon_23.jpg
imagenet_r,n01614925,n01614925/cartoon_3.jpg
imagenet_r,n01614925,n01614925/cartoon_4.jpg
imagenet_r,n01614925,n01614925/cartoon_5.jpg
imagenet_r,n01614925,n01614925/cartoon_6.jpg
imagenet_r,n01614925,n01614925/cartoon_7.jpg
imagenet_r,n01614925,n01614925/cartoon_8.jpg
imagenet_r,n01614925,n01614925/cartoon_9.jpg
imagenet_r,n01614925,n01614925/deviantart_0.jpg
imagenet_r,n01614925,n01614925/deviantart_1.jpg
imagenet_r,n01614925,n01614925/deviantart_10.jpg
imagenet_r,n01614925,n01614925/deviantart_11.jpg
imagenet_r,n01614925,n01614925/deviantart_12.jpg
imagenet_r,n01614925,n01614925/deviantart_13.jpg
imagenet_r,n01614925,n01614925/deviantart_14.jpg
imagenet_r,n01614925,n01614925/deviantart_15.jpg
imagenet_r,n01614925,n01614925/deviantart_16.jpg
imagenet_r,n01614925,n01614925/deviantart_17.jpg
imagenet_r,n01614925,n01614925/deviantart_18.jpg
imagenet_r,n01614925,n01614925/deviantart_19.jpg
imagenet_r,n01614925,n01614925/deviantart_2.jpg
imagenet_r,n01614925,n01614925/deviantart_20.jpg
imagenet_r,n01616318,n01616318/art_0.jpg
imagenet_r,n01616318,n01616318/art_1.jpg
imagenet_r,n01616318,n01616318/cartoon_0.jpg
imagenet_r,n01616318,n01616318/cartoon_1.jpg
imagenet_r,n01616318,n01616318/cartoon_10.jpg
imagenet_r,n01616318,n01616318/cartoon_11.jpg
imagenet_r,n01616318,n01616318/cartoon_12.jpg
imagenet_r,n01616318,n01616318/cartoon_13.jpg
imagenet_r,n01616318,n01616318/cartoon_14.jpg
imagenet_r,n01616318,n01616318/cartoon_15.jpg
imagenet_r,n01616318,n01616318/cartoon_16.jpg
imagenet_r,n01616318,n01616318/cartoon_17.jpg
imagenet_r,n01616318,n01616318/cartoon_18.jpg
imagenet_r,n01616318,n01616318/cartoon_19.jpg
imagenet_r,n01616318,n01616318/cartoon_2.jpg
imagenet_r,n01616318,n01616318/cartoon_20.jpg
imagenet_r,n01616318,n01616318/cartoon_21.jpg
imagenet_r,n01616318,n01616318/cartoon_22.jpg
imagenet_r,n01616318,n01616318/cartoon_23.jpg
imagenet_r,n01616318,n01616318/cartoon_24.jpg
imagenet_r,n01616318,n01616318/cartoon_25.jpg
imagenet_r,n01616318,n01616318/cartoon_26.jpg
imagenet_r,n01616318,n01616318/cartoon_27.jpg
imagenet_r,n01616318,n01616318/cartoon_28.jpg
imagenet_r,n01616318,n01616318/cartoon_29.jpg
imagenet_r,n01616318,n01616318/cartoon_3.jpg
imagenet_r,n01616318,n01616318/cartoon_4.jpg
imagenet_r,n01616318,n01616318/cartoon_5.jpg
imagenet_r,n01616318,n01616318/cartoon_6.jpg
imagenet_r,n01616318,n01616318/cartoon_7.jpg
imagenet_r,n01616318,n01616318/cartoon_8.jpg
imagenet_r,n01616318,n01616318/cartoon_9.jpg
imagenet_r,n01616318,n01616318/deviantart_0.jpg
imagenet_r,n01616318,n01616318/deviantart_1.jpg
imagenet_r,n01616318,n01616318/deviantart_10.jpg
imagenet_r,n01616318,n01616318/deviantart_11.jpg
imagenet_r,n01616318,n01616318/deviantart_12.jpg
imagenet_r,n01616318,n01616318/deviantart_13.jpg
imagenet_r,n01616318,n01616318/deviantart_14.jpg
imagenet_r,n01616318,n01616318/deviantart_15.jpg
imagenet_r,n01616318,n01616318/deviantart_16.jpg
imagenet_r,n01616318,n01616318/deviantart_17.jpg
imagenet_r,n01616318,n01616318/deviantart_18.jpg
imagenet_r,n01616318,n01616318/deviantart_19.jpg
imagenet_r,n01616318,n01616318/deviantart_2.jpg
imagenet_r,n01616318,n01616318/deviantart_20.jpg
imagenet_r,n01616318,n01616318/deviantart_21.jpg
imagenet_r,n01616318,n01616318/deviantart_22.jpg
imagenet_r,n01616318,n01616318/deviantart_23.jpg
imagenet_r,n01616318,n01616318/deviantart_24.jpg
imagenet_r,n01630670,n01630670/art_0.jpg
imagenet_r,n01630670,n01630670/art_1.jpg
imagenet_r,n01630670,n01630670/art_2.jpg
imagenet_r,n01630670,n01630670/art_3.jpg
imagenet_r,n01630670,n01630670/art_4.jpg
imagenet_r,n01630670,n01630670/art_5.jpg
imagenet_r,n01630670,n01630670/art_6.jpg
imagenet_r,n01630670,n01630670/art_7.jpg
imagenet_r,n01630670,n01630670/art_8.jpg
imagenet_r,n01630670,n01630670/cartoon_0.jpg
imagenet_r,n01630670,n01630670/cartoon_1.jpg
imagenet_r,n01630670,n01630670/cartoon_10.jpg
imagenet_r,n01630670,n01630670/cartoon_11.jpg
imagenet_r,n01630670,n01630670/cartoon_12.jpg
imagenet_r,n01630670,n01630670/cartoon_13.jpg
imagenet_r,n01630670,n01630670/cartoon_14.jpg
imagenet_r,n01630670,n01630670/cartoon_2.jpg
imagenet_r,n01630670,n01630670/cartoon_3.jpg
imagenet_r,n01630670,n01630670/cartoon_4.jpg
imagenet_r,n01630670,n01630670/cartoon_5.jpg
imagenet_r,n01630670,n01630670/cartoon_6.jpg
imagenet_r,n01630670,n01630670/cartoon_7.jpg
imagenet_r,n01630670,n01630670/cartoon_8.jpg
imagenet_r,n01630670,n01630670/cartoon_9.jpg
imagenet_r,n01630670,n01630670/embroidery_0.jpg
imagenet_r,n01630670,n01630670/embroidery_1.jpg
imagenet_r,n01630670,n01630670/graffiti_0.jpg
imagenet_r,n01630670,n01630670/graphic_0.jpg
imagenet_r,n01630670,n01630670/graphic_1.jpg
imagenet_r,n01630670,n01630670/graphic_2.jpg
imagenet_r,n01630670,n01630670/misc_0.jpg
imagenet_r,n01630670,n01630670/misc_1.jpg
imagenet_r,n01630670,n01630670/misc_2.jpg
imagenet_r,n01630670,n01630670/misc_3.jpg
imagenet_r,n01630670,n01630670/misc_4.jpg
imagenet_r,n01630670,n01630670/misc_5.jpg
imagenet_r,n01630670,n01630670/origami_0.jpg
imagenet_r,n01630670,n01630670/origami_1.jpg
imagenet_r,n01630670,n01630670/origami_2.jpg
imagenet_r,n01630670,n01630670/origami_3.jpg
imagenet_r,n01630670,n01630670/painting_0.jpg
imagenet_r,n01630670,n01630670/painting_1.jpg
imagenet_r,n01630670,n01630670/painting_2.jpg
imagenet_r,n01630670,n01630670/painting_3.jpg
imagenet_r,n01630670,n01630670/painting_4.jpg
imagenet_r,n01630670,n01630670/painting_5.jpg
imagenet_r,n01630670,n01630670/painting_6.jpg
imagenet_r,n01630670,n01630670/painting_7.jpg
imagenet_r,n01630670,n01630670/sculpture_0.jpg
imagenet_r,n01630670,n01630670/sculpture_1.jpg
imagenet_r,n01632777,n01632777/art_0.jpg
imagenet_r,n01632777,n01632777/art_1.jpg
imagenet_r,n01632777,n01632777/art_10.jpg
imagenet_r,n01632777,n01632777/art_11.jpg
imagenet_r,n01632777,n01632777/art_12.jpg
imagenet_r,n01632777,n01632777/art_13.jpg
imagenet_r,n01632777,n01632777/art_14.jpg
imagenet_r,n01632777,n01632777/art_2.jpg
imagenet_r,n01632777,n01632777/art_3.jpg
imagenet_r,n01632777,n01632777/art_4.jpg
imagenet_r,n01632777,n01632777/art_5.jpg
imagenet_r,n01632777,n01632777/art_6.jpg
imagenet_r,n01632777,n01632777/art_7.jpg
imagenet_r,n01632777,n01632777/art_8.jpg
imagenet_r,n01632777,n01632777/art_9.jpg
imagenet_r,n01632777,n01632777/cartoon_0.jpg
imagenet_r,n01632777,n01632777/cartoon_1.jpg
imagenet_r,n01632777,n01632777/cartoon_10.jpg
imagenet_r,n01632777,n01632777/cartoon_11.jpg
imagenet_r,n01632777,n01632777/cartoon_12.jpg
imagenet_r,n01632777,n01632777/cartoon_13.jpg
imagenet_r,n01632777,n01632777/cartoon_14.jpg
imagenet_r,n01632777,n01632777/cartoon_15.jpg
imagenet_r,n01632777,n01632777/cartoon_16.jpg
imagenet_r,n01632777,n01632777/cartoon_17.jpg
imagenet_r,n01632777,n01632777/cartoon_18.jpg
imagenet_r,n01632777,n01632777/cartoon_19.jpg
imagenet_r,n01632777,n01632777/cartoon_2.jpg
imagenet_r,n01632777,n01632777/cartoon_20.jpg
imagenet_r,n01632777,n01632777/cartoon_21.jpg
imagenet_r,n01632777,n01632777/cartoon_22.jpg
imagenet_r,n01632777,n01632777/cartoon_23.jpg
imagenet_r,n01632777,n01632777/cartoon_24.jpg
imagenet_r,n01632777,n01632777/cartoon_25.jpg
imagenet_r,n01632777,n01632777/cartoon_26.jpg
imagenet_r,n01632777,n01632777/cartoon_27.jpg
imagenet_r,n01632777,n01632777/cartoon_28.jpg
imagenet_r,n01632777,n01632777/cartoon_29.jpg
imagenet_r,n01632777,n01632777/cartoon_3.jpg
imagenet_r,n01632777,n01632777/cartoon_30.jpg
imagenet_r,n01632777,n01632777/cartoon_31.jpg
imagenet_r,n01632777,n01632777/cartoon_32.jpg
imagenet_r,n01632777,n01632777/cartoon_33.jpg
imagenet_r,n01632777,n01632777/cartoon_34.jpg
imagenet_r,n01632777,n01632777/cartoon_4.jpg
imagenet_r,n01632777,n01632777/cartoon_5.jpg
imagenet_r,n01632777,n01632777/cartoon_6.jpg
imagenet_r,n01632777,n01632777/cartoon_7.jpg
imagenet_r,n01632777,n01632777/cartoon_8.jpg
imagenet_r,n01632777,n01632777/cartoon_9.jpg
imagenet_r,n01644373,n01644373/art_0.jpg
imagenet_r,n01644373,n01644373/art_1.jpg
imagenet_r,n01644373,n01644373/art_10.jpg
imagenet_r,n01644373,n01644373/art_11.jpg
imagenet_r,n01644373,n01644373/art_12.jpg
imagenet_r,n01644373,n01644373/art_13.jpg
imagenet_r,n01644373,n01644373/art_2.jpg
imagenet_r,n01644373,n01644373/art_3.jpg
imagenet_r,n01644373,n01644373/art_4.jpg
imagenet_r,n01644373,n01644373/art_5.jpg
imagenet_r,n01644373,n01644373/art_6.jpg
imagenet_r,n01644373,n01644373/art_7.jpg
imagenet_r,n01644373,n01644373/art_8.jpg
imagenet_r,n01644373,n01644373/art_9.jpg
imagenet_r,n01644373,n01644373/cartoon_0.jpg
imagenet_r,n01644373,n01644373/cartoon_1.jpg
imagenet_r,n01644373,n01644373/cartoon_10.jpg
imagenet_r,n01644373,n01644373/cartoon_11.jpg
imagenet_r,n01644373,n01644373/cartoon_12.jpg
imagenet_r,n01644373,n01644373/cartoon_13.jpg
imagenet_r,n01644373,n01644373/cartoon_14.jpg
imagenet_r,n01644373,n01644373/cartoon_15.jpg
imagenet_r,n01644373,n01644373/cartoon_16.jpg
imagenet_r,n01644373,n01644373/cartoon_17.jpg
imagenet_r,n01644373,n01644373/cartoon_18.jpg
imagenet_r,n01644373,n01644373/cartoon_19.jpg
imagenet_r,n01644373,n01644373/cartoon_2.jpg
imagenet_r,n01644373,n01644373/cartoon_20.jpg
imagenet_r,n01644373,n01644373/cartoon_21.jpg
imagenet_r,n01644373,n01644373/cartoon_22.jpg
imagenet_r,n01644373,n01644373/cartoon_23.jpg
imagenet_r,n01644373,n01644373/cartoon_24.jpg
imagenet_r,n01644373,n01644373/cartoon_3.jpg
imagenet_r,n01644373,n01644373/cartoon_4.jpg
imagenet_r,n01644373,n01644373/cartoon_5.jpg
imagenet_r,n01644373,n01644373/cartoon_6.jpg
imagenet_r,n01644373,n01644373/cartoon_7.jpg
imagenet_r,n01644373,n01644373/cartoon_8.jpg
imagenet_r,n01644373,n01644373/cartoon_9.jpg
imagenet_r,n01644373,n01644373/deviantart_0.jpg
imagenet_r,n01644373,n01644373/deviantart_1.jpg
imagenet_r,n01644373,n01644373/deviantart_10.jpg
imagenet_r,n01644373,n01644373/deviantart_11.jpg
imagenet_r,n01644373,n01644373/deviantart_12.jpg
imagenet_r,n01644373,n01644373/deviantart_13.jpg
imagenet_r,n01644373,n01644373/deviantart_14.jpg
imagenet_r,n01644373,n01644373/deviantart_15.jpg
imagenet_r,n01644373,n01644373/deviantart_16.jpg
imagenet_r,n01644373,n01644373/deviantart_17.jpg
imagenet_r,n01644373,n01644373/deviantart_18.jpg
imagenet_r,n01677366,n01677366/deviantart_0.jpg
imagenet_r,n01677366,n01677366/deviantart_1.jpg
imagenet_r,n01677366,n01677366/deviantart_10.jpg
imagenet_r,n01677366,n01677366/deviantart_11.jpg
imagenet_r,n01677366,n01677366/deviantart_12.jpg
imagenet_r,n01677366,n01677366/deviantart_13.jpg
imagenet_r,n01677366,n01677366/deviantart_14.jpg
imagenet_r,n01677366,n01677366/deviantart_15.jpg
imagenet_r,n01677366,n01677366/deviantart_16.jpg
imagenet_r,n01677366,n01677366/deviantart_17.jpg
imagenet_r,n01677366,n01677366/deviantart_2.jpg
imagenet_r,n01677366,n01677366/deviantart_3.jpg
imagenet_r,n01677366,n01677366/deviantart_4.jpg
imagenet_r,n01677366,n01677366/deviantart_5.jpg
imagenet_r,n01677366,n01677366/deviantart_6.jpg
imagenet_r,n01677366,n01677366/deviantart_7.jpg
imagenet_r,n01677366,n01677366/deviantart_8.jpg
imagenet_r,n01677366,n01677366/deviantart_9.jpg
imagenet_r,n01677366,n01677366/misc_0.jpg
imagenet_r,n01677366,n01677366/misc_1.jpg
imagenet_r,n01677366,n01677366/misc_10.jpg
imagenet_r,n01677366,n01677366/misc_11.jpg
imagenet_r,n01677366,n01677366/misc_12.jpg
imagenet_r,n01677366,n01677366/misc_13.jpg
imagenet_r,n01677366,n01677366/misc_14.jpg
imagenet_r,n01677366,n01677366/misc_15.jpg
imagenet_r,n01677366,n01677366/misc_16.jpg
imagenet_r,n01677366,n01677366/misc_17.jpg
imagenet_r,n01677366,n01677366/misc_18.jpg
imagenet_r,n01677366,n01677366/misc_19.jpg
imagenet_r,n01677366,n01677366/misc_2.jpg
imagenet_r,n01677366,n01677366/misc_20.jpg
imagenet_r,n01677366,n01677366/misc_21.jpg
imagenet_r,n01677366,n01677366/misc_22.jpg
imagenet_r,n01677366,n01677366/misc_23.jpg
imagenet_r,n01677366,n01677366/misc_24.jpg
imagenet_r,n01677366,n01677366/misc_25.jpg
imagenet_r,n01677366,n01677366/misc_26.jpg
imagenet_r,n01677366,n01677366/misc_27.jpg
imagenet_r,n01677366,n01677366/misc_28.jpg
imagenet_r,n01677366,n01677366/misc_29.jpg
imagenet_r,n01677366,n01677366/misc_3.jpg
imagenet_r,n01677366,n01677366/misc_4.jpg
imagenet_r,n01677366,n01677366/misc_5.jpg
imagenet_r,n01677366,n01677366/misc_6.jpg
imagenet_r,n01677366,n01677366/misc_7.jpg
imagenet_r,n01677366,n01677366/misc_8.jpg
imagenet_r,n01677366,n01677366/misc_9.jpg
imagenet_r,n01677366,n01677366/sketch_0.jpg
imagenet_r,n01677366,n01677366/sketch_1.jpg
imagenet_r,n01694178,n01694178/art_0.jpg
imagenet_r,n01694178,n01694178/art_1.jpg
imagenet_r,n01694178,n01694178/art_10.jpg
imagenet_r,n01694178,n01694178/art_11.jpg
imagenet_r,n01694178,n01694178/art_12.jpg
imagenet_r,n01694178,n01694178/art_13.jpg
imagenet_r,n01694178,n01694178/art_14.jpg
imagenet_r,n01694178,n01694178/art_2.jpg
imagenet_r,n01694178,n01694178/art_3.jpg
imagenet_r,n01694178,n01694178/art_4.jpg
imagenet_r,n01694178,n01694178/art_5.jpg
imagenet_r,n01694178,n01694178/art_6.jpg
imagenet_r,n01694178,n01694178/art_7.jpg
imagenet_r,n01694178,n01694178/art_8.jpg
imagenet_r,n01694178,n01694178/art_9.jpg
imagenet_r,n01694178,n01694178/cartoon_0.jpg
imagenet_r,n01694178,n01694178/cartoon_1.jpg
imagenet_r,n01694178,n01694178/cartoon_10.jpg
imagenet_r,n01694178,n01694178/cartoon_11.jpg
imagenet_r,n01694178,n01694178/cartoon_12.jpg
imagenet_r,n01694178,n01694178/cartoon_13.jpg
imagenet_r,n01694178,n01694178/cartoon_14.jpg
imagenet_r,n01694178,n01694178/cartoon_15.jpg
imagenet_r,n01694178,n01694178/cartoon_16.jpg
imagenet_r,n01694178,n01694178/cartoon_17.jpg
imagenet_r,n01694178,n01694178/cartoon_18.jpg
imagenet_r,n01694178,n01694178/cartoon_19.jpg
imagenet_r,n01694178,n01694178/cartoon_2.jpg
imagenet_r,n01694178,n01694178/cartoon_20.jpg
imagenet_r,n01694178,n01694178/cartoon_21.jpg
imagenet_r,n01694178,n01694178/cartoon_22.jpg
imagenet_r,n01694178,n01694178/cartoon_3.jpg
imagenet_r,n01694178,n01694178/cartoon_4.jpg
imagenet_r,n01694178,n01694178/cartoon_5.jpg
imagenet_r,n01694178,n01694178/cartoon_6.jpg
imagenet_r,n01694178,n01694178/cartoon_7.jpg
imagenet_r,n01694178,n01694178/cartoon_8.jpg
imagenet_r,n01694178,n01694178/cartoon_9.jpg
imagenet_r,n01694178,n01694178/deviantart_0.jpg
imagenet_r,n01694178,n01694178/deviantart_1.jpg
imagenet_r,n01694178,n01694178/deviantart_10.jpg
imagenet_r,n01694178,n01694178/deviantart_2.jpg
imagenet_r,n01694178,n01694178/deviantart_3.jpg
imagenet_r,n01694178,n01694178/deviantart_4.jpg
imagenet_r,n01694178,n01694178/deviantart_5.jpg
imagenet_r,n01694178,n01694178/deviantart_6.jpg
imagenet_r,n01694178,n01694178/deviantart_7.jpg
imagenet_r,n01694178,n01694178/deviantart_8.jpg
imagenet_r,n01694178,n01694178/deviantart_9.jpg
imagenet_r,n01694178,n01694178/graffiti_0.jpg
imagenet_r,n01748264,n01748264/deviantart_0.jpg
imagenet_r,n01748264,n01748264/deviantart_1.jpg
imagenet_r,n01748264,n01748264/deviantart_10.jpg
imagenet_r,n01748264,n01748264/deviantart_11.jpg
imagenet_r,n01748264,n01748264/deviantart_12.jpg
imagenet_r,n01748264,n01748264/deviantart_2.jpg
imagenet_r,n01748264,n01748264/deviantart_3.jpg
imagenet_r,n01748264,n01748264/deviantart_4.jpg
imagenet_r,n01748264,n01748264/deviantart_5.jpg
imagenet_r,n01748264,n01748264/deviantart_6.jpg
imagenet_r,n01748264,n01748264/deviantart_7.jpg
imagenet_r,n01748264,n01748264/deviantart_8.jpg
imagenet_r,n01748264,n01748264/deviantart_9.jpg
imagenet_r,n01748264,n01748264/misc_0.jpg
imagenet_r,n01748264,n01748264/misc_1.jpg
imagenet_r,n01748264,n01748264/misc_10.jpg
imagenet_r,n01748264,n01748264/misc_11.jpg
imagenet_r,n01748264,n01748264/misc_12.jpg
imagenet_r,n01748264,n01748264/misc_13.jpg
imagenet_r,n01748264,n01748264/misc_14.jpg
imagenet_r,n01748264,n01748264/misc_15.jpg
imagenet_r,n01748264,n01748264/misc_16.jpg
imagenet_r,n01748264,n01748264/misc_17.jpg
imagenet_r,n01748264,n01748264/misc_18.jpg
imagenet_r,n01748264,n01748264/misc_19.jpg
imagenet_r,n01748264,n01748264/misc_2.jpg
imagenet_r,n01748264,n01748264/misc_20.jpg
imagenet_r,n01748264,n01748264/misc_21.jpg
imagenet_r,n01748264,n01748264/misc_22.jpg
imagenet_r,n01748264,n01748264/misc_23.jpg
imagenet_r,n01748264,n01748264/misc_3.jpg
imagenet_r,n01748264,n01748264/misc_4.jpg
imagenet_r,n01748264,n01748264/misc_5.jpg
imagenet_r,n01748264,n01748264/misc_6.jpg
imagenet_r,n01748264,n01748264/misc_7.jpg
imagenet_r,n01748264,n01748264/misc_8.jpg
imagenet_r,n01748264,n01748264/misc_9.jpg
imagenet_r,n01748264,n01748264/sketch_0.jpg
imagenet_r,n01748264,n01748264/sketch_1.jpg
imagenet_r,n01748264,n01748264/sketch_10.jpg
imagenet_r,n01748264,n01748264/sketch_11.jpg
imagenet_r,n01748264,n01748264/sketch_12.jpg
imagenet_r,n01748264,n01748264/sketch_13.jpg
imagenet_r,n01748264,n01748264/sketch_14.jpg
imagenet_r,n01748264,n01748264/sketch_15.jpg
imagenet_r,n01748264,n01748264/sketch_16.jpg
imagenet_r,n01748264,n01748264/sketch_17.jpg
imagenet_r,n01748264,n01748264/sketch_18.jpg
imagenet_r,n01748264,n01748264/sketch_19.jpg
imagenet_r,n01748264,n01748264/sketch_2.jpg
imagenet_r,n01770393,n01770393/art_0.jpg
imagenet_r,n01770393,n01770393/art_1.jpg
imagenet_r,n01770393,n01770393/art_2.jpg
imagenet_r,n01770393,n01770393/art_3.jpg
imagenet_r,n01770393,n01770393/art_4.jpg
imagenet_r,n01770393,n01770393/art_5.jpg
imagenet_r,n01770393,n01770393/cartoon_0.jpg
imagenet_r,n01770393,n01770393/cartoon_1.jpg
imagenet_r,n01770393,n01770393/cartoon_10.jpg
imagenet_r,n01770393,n01770393/cartoon_11.jpg
imagenet_r,n01770393,n01770393/cartoon_12.jpg
imagenet_r,n01770393,n01770393/cartoon_13.jpg
imagenet_r,n01770393,n01770393/cartoon_14.jpg
imagenet_r,n01770393,n01770393/cartoon_15.jpg
imagenet_r,n01770393,n01770393/cartoon_16.jpg
imagenet_r,n01770393,n01770393/cartoon_17.jpg
imagenet_r,n01770393,n01770393/cartoon_18.jpg
imagenet_r,n01770393,n01770393/cartoon_19.jpg
imagenet_r,n01770393,n01770393/cartoon_2.jpg
imagenet_r,n01770393,n01770393/cartoon_20.jpg
imagenet_r,n01770393,n01770393/cartoon_21.jpg
imagenet_r,n01770393,n01770393/cartoon_22.jpg
imagenet_r,n01770393,n01770393/cartoon_23.jpg
imagenet_r,n01770393,n01770393/cartoon_24.jpg
imagenet_r,n01770393,n01770393/cartoon_25.jpg
imagenet_r,n01770393,n01770393/cartoon_26.jpg
imagenet_r,n01770393,n01770393/cartoon_27.jpg
imagenet_r,n01770393,n01770393/cartoon_28.jpg
imagenet_r,n01770393,n01770393/cartoon_29.jpg
imagenet_r,n01770393,n01770393/cartoon_3.jpg
imagenet_r,n01770393,n01770393/cartoon_30.jpg
imagenet_r,n01770393,n01770393/cartoon_31.jpg
imagenet_r,n01770393,n01770393/cartoon_32.jpg
imagenet_r,n01770393,n01770393/cartoon_33.jpg
imagenet_r,n01770393,n01770393/cartoon_4.jpg
imagenet_r,n01770393,n01770393/cartoon_5.jpg
imagenet_r,n01770393,n01770393/cartoon_6.jpg
imagenet_r,n01770393,n01770393/cartoon_7.jpg
imagenet_r,n01770393,n01770393/cartoon_8.jpg
imagenet_r,n01770393,n01770393/cartoon_9.jpg
imagenet_r,n01770393,n01770393/deviantart_0.jpg
imagenet_r,n01770393,n01770393/deviantart_1.jpg
imagenet_r,n01770393,n01770393/deviantart_2.jpg
imagenet_r,n01770393,n01770393/deviantart_3.jpg
imagenet_r,n01770393,n01770393/deviantart_4.jpg
imagenet_r,n01770393,n01770393/embroidery_0.jpg
imagenet_r,n01770393,n01770393/embroidery_1.jpg
imagenet_r,n01770393,n01770393/graffiti_0.jpg
imagenet_r,n01770393,n01770393/graffiti_1.jpg
imagenet_r,n01770393,n01770393/graffiti_10.jpg
imagenet_r,n01774750,n01774750/art_0.jpg
imagenet_r,n01774750,n01774750/art_1.jpg
imagenet_r,n01774750,n01774750/art_2.jpg
imagenet_r,n01774750,n01774750/art_3.jpg
imagenet_r,n01774750,n01774750/art_4.jpg
imagenet_r,n01774750,n01774750/art_5.jpg
imagenet_r,n01774750,n01774750/art_6.jpg
imagenet_r,n01774750,n01774750/cartoon_0.jpg
imagenet_r,n01774750,n01774750/cartoon_1.jpg
imagenet_r,n01774750,n01774750/cartoon_10.jpg
imagenet_r,n01774750,n01774750/cartoon_11.jpg
imagenet_r,n01774750,n01774750/cartoon_12.jpg
imagenet_r,n01774750,n01774750/cartoon_13.jpg
imagenet_r,n01774750,n01774750/cartoon_14.jpg
imagenet_r,n01774750,n01774750/cartoon_15.jpg
imagenet_r,n01774750,n01774750/cartoon_2.jpg
imagenet_r,n01774750,n01774750/cartoon_3.jpg
imagenet_r,n01774750,n01774750/cartoon_4.jpg
imagenet_r,n01774750,n01774750/cartoon_5.jpg
imagenet_r,n01774750,n01774750/cartoon_6.jpg
imagenet_r,n01774750,n01774750/cartoon_7.jpg
imagenet_r,n01774750,n01774750/cartoon_8.jpg
imagenet_r,n01774750,n01774750/cartoon_9.jpg
imagenet_r,n01774750,n01774750/deviantart_0.jpg
imagenet_r,n01774750,n01774750/deviantart_1.jpg
imagenet_r,n01774750,n01774750/deviantart_10.jpg
imagenet_r,n01774750,n01774750/deviantart_11.jpg
imagenet_r,n01774750,n01774750/deviantart_12.jpg
imagenet_r,n01774750,n01774750/deviantart_13.jpg
imagenet_r,n01774750,n01774750/deviantart_14.jpg
imagenet_r,n01774750,n01774750/deviantart_15.jpg
imagenet_r,n01774750,n01774750/deviantart_16.jpg
imagenet_r,n01774750,n01774750/deviantart_2.jpg
imagenet_r,n01774750,n01774750/deviantart_3.jpg
imagenet_r,n01774750,n01774750/deviantart_4.jpg
imagenet_r,n01774750,n01774750/deviantart_5.jpg
imagenet_r,n01774750,n01774750/deviantart_6.jpg
imagenet_r,n01774750,n01774750/deviantart_7.jpg
imagenet_r,n01774750,n01774750/deviantart_8.jpg
imagenet_r,n01774750,n01774750/deviantart_9.jpg
imagenet_r,n01774750,n01774750/embroidery_0.jpg
imagenet_r,n01774750,n01774750/graffiti_0.jpg
imagenet_r,n01774750,n01774750/graffiti_1.jpg
imagenet_r,n01774750,n01774750/graffiti_2.jpg
imagenet_r,n01774750,n01774750/graphic_0.jpg
imagenet_r,n01774750,n01774750/misc_0.jpg
imagenet_r,n01774750,n01774750/misc_1.jpg
imagenet_r,n01774750,n01774750/misc_2.jpg
imagenet_r,n01774750,n01774750/misc_3.jpg
imagenet_r,n01774750,n01774750/misc_4.jpg
imagenet_r,n01784675,n01784675/art_0.jpg
imagenet_r,n01784675,n01784675/art_1.jpg
imagenet_r,n01784675,n01784675/art_2.jpg
imagenet_r,n01784675,n01784675/art_3.jpg
imagenet_r,n01784675,n01784675/art_4.jpg
imagenet_r,n01784675,n01784675/art_5.jpg
imagenet_r,n01784675,n01784675/cartoon_0.jpg
imagenet_r,n01784675,n01784675/cartoon_1.jpg
imagenet_r,n01784675,n01784675/cartoon_2.jpg
imagenet_r,n01784675,n01784675/cartoon_3.jpg
imagenet_r,n01784675,n01784675/cartoon_4.jpg
imagenet_r,n01784675,n01784675/cartoon_5.jpg
imagenet_r,n01784675,n01784675/cartoon_6.jpg
imagenet_r,n01784675,n01784675/cartoon_7.jpg
imagenet_r,n01784675,n01784675/cartoon_8.jpg
imagenet_r,n01784675,n01784675/deviantart_0.jpg
imagenet_r,n01784675,n01784675/deviantart_1.jpg
imagenet_r,n01784675,n01784675/deviantart_2.jpg
imagenet_r,n01784675,n01784675/deviantart_3.jpg
imagenet_r,n01784675,n01784675/deviantart_4.jpg
imagenet_r,n01784675,n01784675/graffiti_0.jpg
imagenet_r,n01784675,n01784675/graffiti_1.jpg
imagenet_r,n01784675,n01784675/graffiti_2.jpg
imagenet_r,n01784675,n01784675/graffiti_3.jpg
imagenet_r,n01784675,n01784675/graphic_0.jpg
imagenet_r,n01784675,n01784675/misc_0.jpg
imagenet_r,n01784675,n01784675/misc_1.jpg
imagenet_r,n01784675,n01784675/misc_2.jpg
imagenet_r,n01784675,n01784675/misc_3.jpg
imagenet_r,n01784675,n01784675/misc_4.jpg
imagenet_r,n01784675,n01784675/origami_0.jpg
imagenet_r,n01784675,n01784675/origami_1.jpg
imagenet_r,n01784675,n01784675/origami_10.jpg
imagenet_r,n01784675,n01784675/origami_11.jpg
imagenet_r,n01784675,n01784675/origami_12.jpg
imagenet_r,n01784675,n01784675/origami_13.jpg
imagenet_r,n01784675,n01784675/origami_2.jpg
imagenet_r,n01784675,n01784675/origami_3.jpg
imagenet_r,n01784675,n01784675/origami_4.jpg
imagenet_r,n01784675,n01784675/origami_5.jpg
imagenet_r,n01784675,n01784675/origami_6.jpg
imagenet_r,n01784675,n01784675/origami_7.jpg
imagenet_r,n01784675,n01784675/origami_8.jpg
imagenet_r,n01784675,n01784675/origami_9.jpg
imagenet_r,n01784675,n01784675/painting_0.jpg
imagenet_r,n01784675,n01784675/painting_1.jpg
imagenet_r,n01784675,n01784675/painting_2.jpg
imagenet_r,n01784675,n01784675/painting_3.jpg
imagenet_r,n01784675,n01784675/sculpture_0.jpg
imagenet_r,n01784675,n01784675/sculpture_1.jpg
imagenet_r,n01806143,n01806143/art_0.jpg
imagenet_r,n01806143,n01806143/art_1.jpg
imagenet_r,n01806143,n01806143/art_10.jpg
imagenet_r,n01806143,n01806143/art_2.jpg
imagenet_r,n01806143,n01806143/art_3.jpg
imagenet_r,n01806143,n01806143/art_4.jpg
imagenet_r,n01806143,n01806143/art_5.jpg
imagenet_r,n01806143,n01806143/art_6.jpg
imagenet_r,n01806143,n01806143/art_7.jpg
imagenet_r,n01806143,n01806143/art_8.jpg
imagenet_r,n01806143,n01806143/art_9.jpg
imagenet_r,n01806143,n01806143/cartoon_0.jpg
imagenet_r,n01806143,n01806143/cartoon_1.jpg
imagenet_r,n01806143,n01806143/cartoon_10.jpg
imagenet_r,n01806143,n01806143/cartoon_11.jpg
imagenet_r,n01806143,n01806143/cartoon_12.jpg
imagenet_r,n01806143,n01806143/cartoon_13.jpg
imagenet_r,n01806143,n01806143/cartoon_14.jpg
imagenet_r,n01806143,n01806143/cartoon_15.jpg
imagenet_r,n01806143,n01806143/cartoon_16.jpg
imagenet_r,n01806143,n01806143/cartoon_17.jpg
imagenet_r,n01806143,n01806143/cartoon_18.jpg
imagenet_r,n01806143,n01806143/cartoon_19.jpg
imagenet_r,n01806143,n01806143/cartoon_2.jpg
imagenet_r,n01806143,n01806143/cartoon_3.jpg
imagenet_r,n01806143,n01806143/cartoon_4.jpg
imagenet_r,n01806143,n01806143/cartoon_5.jpg
imagenet_r,n01806143,n01806143/cartoon_6.jpg
imagenet_r,n01806143,n01806143/cartoon_7.jpg
imagenet_r,n01806143,n01806143/cartoon_8.jpg
imagenet_r,n01806143,n01806143/cartoon_9.jpg
imagenet_r,n01806143,n01806143/deviantart_0.jpg
imagenet_r,n01806143,n01806143/deviantart_1.jpg
imagenet_r,n01806143,n01806143/deviantart_10.jpg
imagenet_r,n01806143,n01806143/deviantart_11.jpg
imagenet_r,n01806143,n01806143/deviantart_12.jpg
imagenet_r,n01806143,n01806143/deviantart_13.jpg
imagenet_r,n01806143,n01806143/deviantart_14.jpg
imagenet_r,n01806143,n01806143/deviantart_2.jpg
imagenet_r,n01806143,n01806143/deviantart_3.jpg
imagenet_r,n01806143,n01806143/deviantart_4.jpg
imagenet_r,n01806143,n01806143/deviantart_5.jpg
imagenet_r,n01806143,n01806143/deviantart_6.jpg
imagenet_r,n01806143,n01806143/deviantart_7.jpg
imagenet_r,n01806143,n01806143/deviantart_8.jpg
imagenet_r,n01806143,n01806143/deviantart_9.jpg
imagenet_r,n01806143,n01806143/embroidery_0.jpg
imagenet_r,n01806143,n01806143/embroidery_1.jpg
imagenet_r,n01806143,n01806143/embroidery_10.jpg
imagenet_r,n01806143,n01806143/embroidery_11.jpg
imagenet_r,n01820546,n01820546/art_0.jpg
imagenet_r,n01820546,n01820546/art_1.jpg
imagenet_r,n01820546,n01820546/art_10.jpg
imagenet_r,n01820546,n01820546/art_11.jpg
imagenet_r,n01820546,n01820546/art_12.jpg
imagenet_r,n01820546,n01820546/art_13.jpg
imagenet_r,n01820546,n01820546/art_14.jpg
imagenet_r,n01820546,n01820546/art_15.jpg
imagenet_r,n01820546,n01820546/art_16.jpg
imagenet_r,n01820546,n01820546/art_17.jpg
imagenet_r,n01820546,n01820546/art_18.jpg
imagenet_r,n01820546,n01820546/art_19.jpg
imagenet_r,n01820546,n01820546/art_2.jpg
imagenet_r,n01820546,n01820546/art_20.jpg
imagenet_r,n01820546,n01820546/art_21.jpg
imagenet_r,n01820546,n01820546/art_22.jpg
imagenet_r,n01820546,n01820546/art_23.jpg
imagenet_r,n01820546,n01820546/art_3.jpg
imagenet_r,n01820546,n01820546/art_4.jpg
imagenet_r,n01820546,n01820546/art_5.jpg
imagenet_r,n01820546,n01820546/art_6.jpg
imagenet_r,n01820546,n01820546/art_7.jpg
imagenet_r,n01820546,n01820546/art_8.jpg
imagenet_r,n01820546,n01820546/art_9.jpg
imagenet_r,n01820546,n01820546/cartoon_0.jpg
imagenet_r,n01820546,n01820546/cartoon_1.jpg
imagenet_r,n01820546,n01820546/cartoon_2.jpg
imagenet_r,n01820546,n01820546/cartoon_3.jpg
imagenet_r,n01820546,n01820546/deviantart_0.jpg
imagenet_r,n01820546,n01820546/deviantart_1.jpg
imagenet_r,n01820546,n01820546/deviantart_10.jpg
imagenet_r,n01820546,n01820546/deviantart_11.jpg
imagenet_r,n01820546,n01820546/deviantart_12.jpg
imagenet_r,n01820546,n01820546/deviantart_13.jpg
imagenet_r,n01820546,n01820546/deviantart_14.jpg
imagenet_r,n01820546,n01820546/deviantart_15.jpg
imagenet_r,n01820546,n01820546/deviantart_16.jpg
imagenet_r,n01820546,n01820546/deviantart_17.jpg
imagenet_r,n01820546,n01820546/deviantart_18.jpg
imagenet_r,n01820546,n01820546/deviantart_19.jpg
imagenet_r,n01820546,n01820546/deviantart_2.jpg
imagenet_r,n01820546,n01820546/deviantart_20.jpg
imagenet_r,n01820546,n01820546/deviantart_21.jpg
imagenet_r,n01820546,n01820546/deviantart_22.jpg
imagenet_r,n01820546,n01820546/deviantart_23.jpg
imagenet_r,n01820546,n01820546/deviantart_24.jpg
imagenet_r,n01820546,n01820546/deviantart_25.jpg
imagenet_r,n01820546,n01820546/deviantart_26.jpg
imagenet_r,n01820546,n01820546/deviantart_27.jpg
imagenet_r,n01820546,n01820546/deviantart_28.jpg
imagenet_r,n01833805,n01833805/art_0.jpg
imagenet_r,n01833805,n01833805/art_1.jpg
imagenet_r,n01833805,n01833805/art_10.jpg
imagenet_r,n01833805,n01833805/art_11.jpg
imagenet_r,n01833805,n01833805/art_12.jpg
imagenet_r,n01833805,n01833805/art_2.jpg
imagenet_r,n01833805,n01833805/art_3.jpg
imagenet_r,n01833805,n01833805/art_4.jpg
imagenet_r,n01833805,n01833805/art_5.jpg
imagenet_r,n01833805,n01833805/art_6.jpg
imagenet_r,n01833805,n01833805/art_7.jpg
imagenet_r,n01833805,n01833805/art_8.jpg
imagenet_r,n01833805,n01833805/art_9.jpg
imagenet_r,n01833805,n01833805/cartoon_0.jpg
imagenet_r,n01833805,n01833805/cartoon_1.jpg
imagenet_r,n01833805,n01833805/cartoon_10.jpg
imagenet_r,n01833805,n01833805/cartoon_11.jpg
imagenet_r,n01833805,n01833805/cartoon_12.jpg
imagenet_r,n01833805,n01833805/cartoon_13.jpg
imagenet_r,n01833805,n01833805/cartoon_14.jpg
imagenet_r,n01833805,n01833805/cartoon_15.jpg
imagenet_r,n01833805,n01833805/cartoon_16.jpg
imagenet_r,n01833805,n01833805/cartoon_17.jpg
imagenet_r,n01833805,n01833805/cartoon_18.jpg
imagenet_r,n01833805,n01833805/cartoon_19.jpg
imagenet_r,n01833805,n01833805/cartoon_2.jpg
imagenet_r,n01833805,n01833805/cartoon_20.jpg
imagenet_r,n01833805,n01833805/cartoon_21.jpg
imagenet_r,n01833805,n01833805/cartoon_22.jpg
imagenet_r,n01833805,n01833805/cartoon_23.jpg
imagenet_r,n01833805,n01833805/cartoon_24.jpg
imagenet_r,n01833805,n01833805/cartoon_25.jpg
imagenet_r,n01833805,n01833805/cartoon_26.jpg
imagenet_r,n01833805,n01833805/cartoon_27.jpg
imagenet_r,n01833805,n01833805/cartoon_3.jpg
imagenet_r,n01833805,n01833805/cartoon_4.jpg
imagenet_r,n01833805,n01833805/cartoon_5.jpg
imagenet_r,n01833805,n01833805/cartoon_6.jpg
imagenet_r,n01833805,n01833805/cartoon_7.jpg
imagenet_r,n01833805,n01833805/cartoon_8.jpg
imagenet_r,n01833805,n01833805/cartoon_9.jpg
imagenet_r,n01833805,n01833805/deviantart_0.jpg
imagenet_r,n01833805,n01833805/deviantart_1.jpg
imagenet_r,n01833805,n01833805/deviantart_10.jpg
imagenet_r,n01833805,n01833805/deviantart_11.jpg
imagenet_r,n01833805,n01833805/deviantart_12.jpg
imagenet_r,n01833805,n01833805/deviantart_13.jpg
imagenet_r,n01833805,n01833805/deviantart_14.jpg
imagenet_r,n01833805,n01833805/deviantart_2.jpg
imagenet_r,n01833805,n01833805/deviantart_3.jpg
imagenet_r,n01843383,n01843383/art_0.jpg
imagenet_r,n01843383,n01843383/art_1.jpg
imagenet_r,n01843383,n01843383/art_10.jpg
imagenet_r,n01843383,n01843383/art_11.jpg
imagenet_r,n01843383,n01843383/art_12.jpg
imagenet_r,n01843383,n01843383/art_13.jpg
imagenet_r,n01843383,n01843383/art_14.jpg
imagenet_r,n01843383,n01843383/art_15.jpg
imagenet_r,n01843383,n01843383/art_16.jpg
imagenet_r,n01843383,n01843383/art_17.jpg
imagenet_r,n01843383,n01843383/art_18.jpg
imagenet_r,n01843383,n01843383/art_19.jpg
imagenet_r,n01843383,n01843383/art_2.jpg
imagenet_r,n01843383,n01843383/art_20.jpg
imagenet_r,n01843383,n01843383/art_21.jpg
imagenet_r,n01843383,n01843383/art_22.jpg
imagenet_r,n01843383,n01843383/art_23.jpg
imagenet_r,n01843383,n01843383/art_24.jpg
imagenet_r,n01843383,n01843383/art_25.jpg
imagenet_r,n01843383,n01843383/art_26.jpg
imagenet_r,n01843383,n01843383/art_27.jpg
imagenet_r,n01843383,n01843383/art_28.jpg
imagenet_r,n01843383,n01843383/art_29.jpg
imagenet_r,n01843383,n01843383/art_3.jpg
imagenet_r,n01843383,n01843383/art_30.jpg
imagenet_r,n01843383,n01843383/art_31.jpg
imagenet_r,n01843383,n01843383/art_32.jpg
imagenet_r,n01843383,n01843383/art_33.jpg
imagenet_r,n01843383,n01843383/art_34.jpg
imagenet_r,n01843383,n01843383/art_35.jpg
imagenet_r,n01843383,n01843383/art_36.jpg
imagenet_r,n01843383,n01843383/art_4.jpg
imagenet_r,n01843383,n01843383/art_5.jpg
imagenet_r,n01843383,n01843383/art_6.jpg
imagenet_r,n01843383,n01843383/art_7.jpg
imagenet_r,n01843383,n01843383/art_8.jpg
imagenet_r,n01843383,n01843383/art_9.jpg
imagenet_r,n01843383,n01843383/cartoon_0.jpg
imagenet_r,n01843383,n01843383/cartoon_1.jpg
imagenet_r,n01843383,n01843383/cartoon_10.jpg
imagenet_r,n01843383,n01843383/cartoon_11.jpg
imagenet_r,n01843383,n01843383/cartoon_12.jpg
imagenet_r,n01843383,n01843383/cartoon_13.jpg
imagenet_r,n01843383,n01843383/cartoon_14.jpg
imagenet_r,n01843383,n01843383/cartoon_15.jpg
imagenet_r,n01843383,n01843383/cartoon_16.jpg
imagenet_r,n01843383,n01843383/cartoon_17.jpg
imagenet_r,n01843383,n01843383/cartoon_18.jpg
imagenet_r,n01843383,n01843383/cartoon_19.jpg
imagenet_r,n01843383,n01843383/cartoon_2.jpg
imagenet_r,n01847000,n01847000/art_0.jpg
imagenet_r,n01847000,n01847000/art_1.jpg
imagenet_r,n01847000,n01847000/art_2.jpg
imagenet_r,n01847000,n01847000/art_3.jpg
imagenet_r,n01847000,n01847000/art_4.jpg
imagenet_r,n01847000,n01847000/art_5.jpg
imagenet_r,n01847000,n01847000/cartoon_0.jpg
imagenet_r,n01847000,n01847000/cartoon_1.jpg
imagenet_r,n01847000,n01847000/cartoon_10.jpg
imagenet_r,n01847000,n01847000/cartoon_11.jpg
imagenet_r,n01847000,n01847000/cartoon_12.jpg
imagenet_r,n01847000,n01847000/cartoon_13.jpg
imagenet_r,n01847000,n01847000/cartoon_14.jpg
imagenet_r,n01847000,n01847000/cartoon_15.jpg
imagenet_r,n01847000,n01847000/cartoon_16.jpg
imagenet_r,n01847000,n01847000/cartoon_2.jpg
imagenet_r,n01847000,n01847000/cartoon_3.jpg
imagenet_r,n01847000,n01847000/cartoon_4.jpg
imagenet_r,n01847000,n01847000/cartoon_5.jpg
imagenet_r,n01847000,n01847000/cartoon_6.jpg
imagenet_r,n01847000,n01847000/cartoon_7.jpg
imagenet_r,n01847000,n01847000/cartoon_8.jpg
imagenet_r,n01847000,n01847000/cartoon_9.jpg
imagenet_r,n01847000,n01847000/deviantart_0.jpg
imagenet_r,n01847000,n01847000/deviantart_1.jpg
imagenet_r,n01847000,n01847000/deviantart_2.jpg
imagenet_r,n01847000,n01847000/deviantart_3.jpg
imagenet_r,n01847000,n01847000/embroidery_0.jpg
imagenet_r,n01847000,n01847000/embroidery_1.jpg
imagenet_r,n01847000,n01847000/embroidery_10.jpg
imagenet_r,n01847000,n01847000/embroidery_11.jpg
imagenet_r,n01847000,n01847000/embroidery_2.jpg
imagenet_r,n01847000,n01847000/embroidery_3.jpg
imagenet_r,n01847000,n01847000/embroidery_4.jpg
imagenet_r,n01847000,n01847000/embroidery_5.jpg
imagenet_r,n01847000,n01847000/embroidery_6.jpg
imagenet_r,n01847000,n01847000/embroidery_7.jpg
imagenet_r,n01847000,n01847000/embroidery_8.jpg
imagenet_r,n01847000,n01847000/embroidery_9.jpg
imagenet_r,n01847000,n01847000/graffiti_0.jpg
imagenet_r,n01847000,n01847000/graffiti_1.jpg
imagenet_r,n01847000,n01847000/graffiti_2.jpg
imagenet_r,n01847000,n01847000/graphic_0.jpg
imagenet_r,n01847000,n01847000/graphic_1.jpg
imagenet_r,n01847000,n01847000/graphic_2.jpg
imagenet_r,n01847000,n01847000/graphic_3.jpg
imagenet_r,n01847000,n01847000/graphic_4.jpg
imagenet_r,n01847000,n01847000/graphic_5.jpg
imagenet_r,n01847000,n01847000/misc_0.jpg
imagenet_r,n01847000,n01847000/misc_1.jpg
imagenet_r,n01855672,n01855672/art_0.jpg
imagenet_r,n01855672,n01855672/art_1.jpg
imagenet_r,n01855672,n01855672/art_2.jpg
imagenet_r,n01855672,n01855672/art_3.jpg
imagenet_r,n01855672,n01855672/art_4.jpg
imagenet_r,n01855672,n01855672/art_5.jpg
imagenet_r,n01855672,n01855672/art_6.jpg
imagenet_r,n01855672,n01855672/art_7.jpg
imagenet_r,n01855672,n01855672/art_8.jpg
imagenet_r,n01855672,n01855672/art_9.jpg
imagenet_r,n01855672,n01855672/cartoon_0.jpg
imagenet_r,n01855672,n01855672/cartoon_1.jpg
imagenet_r,n01855672,n01855672/cartoon_10.jpg
imagenet_r,n01855672,n01855672/cartoon_11.jpg
imagenet_r,n01855672,n01855672/cartoon_2.jpg
imagenet_r,n01855672,n01855672/cartoon_3.jpg
imagenet_r,n01855672,n01855672/cartoon_4.jpg
imagenet_r,n01855672,n01855672/cartoon_5.jpg
imagenet_r,n01855672,n01855672/cartoon_6.jpg
imagenet_r,n01855672,n01855672/cartoon_7.jpg
imagenet_r,n01855672,n01855672/cartoon_8.jpg
imagenet_r,n01855672,n01855672/cartoon_9.jpg
imagenet_r,n01855672,n01855672/deviantart_0.jpg
imagenet_r,n01855672,n01855672/deviantart_1.jpg
imagenet_r,n01855672,n01855672/deviantart_10.jpg
imagenet_r,n01855672,n01855672/deviantart_11.jpg
imagenet_r,n01855672,n01855672/deviantart_12.jpg
imagenet_r,n01855672,n01855672/deviantart_2.jpg
imagenet_r,n01855672,n01855672/deviantart_3.jpg
imagenet_r,n01855672,n01855672/deviantart_4.jpg
imagenet_r,n01855672,n01855672/deviantart_5.jpg
imagenet_r,n01855672,n01855672/deviantart_6.jpg
imagenet_r,n01855672,n01855672/deviantart_7.jpg
imagenet_r,n01855672,n01855672/deviantart_8.jpg
imagenet_r,n01855672,n01855672/deviantart_9.jpg
imagenet_r,n01855672,n01855672/embroidery_0.jpg
imagenet_r,n01855672,n01855672/graffiti_0.jpg
imagenet_r,n01855672,n01855672/graffiti_1.jpg
imagenet_r,n01855672,n01855672/graffiti_2.jpg
imagenet_r,n01855672,n01855672/graffiti_3.jpg
imagenet_r,n01855672,n01855672/graffiti_4.jpg
imagenet_r,n01855672,n01855672/graphic_0.jpg
imagenet_r,n01855672,n01855672/graphic_1.jpg
imagenet_r,n01855672,n01855672/misc_0.jpg
imagenet_r,n01855672,n01855672/misc_1.jpg
imagenet_r,n01855672,n01855672/misc_10.jpg
imagenet_r,n01855672,n01855672/misc_11.jpg
imagenet_r,n01855672,n01855672/misc_2.jpg
imagenet_r,n01855672,n01855672/misc_3.jpg
imagenet_r,n01855672,n01855672/misc_4.jpg
imagenet_r,n01860187,n01860187/art_0.jpg
imagenet_r,n01860187,n01860187/art_1.jpg
imagenet_r,n01860187,n01860187/cartoon_0.jpg
imagenet_r,n01860187,n01860187/cartoon_1.jpg
imagenet_r,n01860187,n01860187/cartoon_10.jpg
imagenet_r,n01860187,n01860187/cartoon_11.jpg
imagenet_r,n01860187,n01860187/cartoon_12.jpg
imagenet_r,n01860187,n01860187/cartoon_13.jpg
imagenet_r,n01860187,n01860187/cartoon_14.jpg
imagenet_r,n01860187,n01860187/cartoon_2.jpg
imagenet_r,n01860187,n01860187/cartoon_3.jpg
imagenet_r,n01860187,n01860187/cartoon_4.jpg
imagenet_r,n01860187,n01860187/cartoon_5.jpg
imagenet_r,n01860187,n01860187/cartoon_6.jpg
imagenet_r,n01860187,n01860187/cartoon_7.jpg
imagenet_r,n01860187,n01860187/cartoon_8.jpg
imagenet_r,n01860187,n01860187/cartoon_9.jpg
imagenet_r,n01860187,n01860187/deviantart_0.jpg
imagenet_r,n01860187,n01860187/embroidery_0.jpg
imagenet_r,n01860187,n01860187/embroidery_1.jpg
imagenet_r,n01860187,n01860187/embroidery_2.jpg
imagenet_r,n01860187,n01860187/embroidery_3.jpg
imagenet_r,n01860187,n01860187/graffiti_0.jpg
imagenet_r,n01860187,n01860187/graffiti_1.jpg
imagenet_r,n01860187,n01860187/graphic_0.jpg
imagenet_r,n01860187,n01860187/graphic_1.jpg
imagenet_r,n01860187,n01860187/graphic_2.jpg
imagenet_r,n01860187,n01860187/graphic_3.jpg
imagenet_r,n01860187,n01860187/misc_0.jpg
imagenet_r,n01860187,n01860187/misc_1.jpg
imagenet_r,n01860187,n01860187/misc_2.jpg
imagenet_r,n01860187,n01860187/misc_3.jpg
imagenet_r,n01860187,n01860187/misc_4.jpg
imagenet_r,n01860187,n01860187/origami_0.jpg
imagenet_r,n01860187,n01860187/origami_1.jpg
imagenet_r,n01860187,n01860187/origami_2.jpg
imagenet_r,n01860187,n01860187/origami_3.jpg
imagenet_r,n01860187,n01860187/origami_4.jpg
imagenet_r,n01860187,n01860187/origami_5.jpg
imagenet_r,n01860187,n01860187/origami_6.jpg
imagenet_r,n01860187,n01860187/origami_7.jpg
imagenet_r,n01860187,n01860187/painting_0.jpg
imagenet_r,n01860187,n01860187/painting_1.jpg
imagenet_r,n01860187,n01860187/painting_2.jpg
imagenet_r,n01860187,n01860187/painting_3.jpg
imagenet_r,n01860187,n01860187/sculpture_0.jpg
imagenet_r,n01860187,n01860187/sculpture_1.jpg
imagenet_r,n01860187,n01860187/sculpture_2.jpg
imagenet_r,n01860187,n01860187/sculpture_3.jpg
imagenet_r,n01860187,n01860187/sculpture_4.jpg
imagenet_r,n01882714,n01882714/art_0.jpg
imagenet_r,n01882714,n01882714/art_1.jpg
imagenet_r,n01882714,n01882714/art_10.jpg
imagenet_r,n01882714,n01882714/art_11.jpg
imagenet_r,n01882714,n01882714/art_12.jpg
imagenet_r,n01882714,n01882714/art_13.jpg
imagenet_r,n01882714,n01882714/art_14.jpg
imagenet_r,n01882714,n01882714/art_15.jpg
imagenet_r,n01882714,n01882714/art_16.jpg
imagenet_r,n01882714,n01882714/art_17.jpg
imagenet_r,n01882714,n01882714/art_2.jpg
imagenet_r,n01882714,n01882714/art_3.jpg
imagenet_r,n01882714,n01882714/art_4.jpg
imagenet_r,n01882714,n01882714/art_5.jpg
imagenet_r,n01882714,n01882714/art_6.jpg
imagenet_r,n01882714,n01882714/art_7.jpg
imagenet_r,n01882714,n01882714/art_8.jpg
imagenet_r,n01882714,n01882714/art_9.jpg
imagenet_r,n01882714,n01882714/cartoon_0.jpg
imagenet_r,n01882714,n01882714/cartoon_1.jpg
imagenet_r,n01882714,n01882714/cartoon_10.jpg
imagenet_r,n01882714,n01882714/cartoon_11.jpg
imagenet_r,n01882714,n01882714/cartoon_12.jpg
imagenet_r,n01882714,n01882714/cartoon_13.jpg
imagenet_r,n01882714,n01882714/cartoon_14.jpg
imagenet_r,n01882714,n01882714/cartoon_15.jpg
imagenet_r,n01882714,n01882714/cartoon_16.jpg
imagenet_r,n01882714,n01882714/cartoon_17.jpg
imagenet_r,n01882714,n01882714/cartoon_18.jpg
imagenet_r,n01882714,n01882714/cartoon_19.jpg
imagenet_r,n01882714,n01882714/cartoon_2.jpg
imagenet_r,n01882714,n01882714/cartoon_20.jpg
imagenet_r,n01882714,n01882714/cartoon_21.jpg
imagenet_r,n01882714,n01882714/cartoon_22.jpg
imagenet_r,n01882714,n01882714/cartoon_23.jpg
imagenet_r,n01882714,n01882714/cartoon_24.jpg
imagenet_r,n01882714,n01882714/cartoon_25.jpg
imagenet_r,n01882714,n01882714/cartoon_26.jpg
imagenet_r,n01882714,n01882714/cartoon_27.jpg
imagenet_r,n01882714,n01882714/cartoon_28.jpg
imagenet_r,n01882714,n01882714/cartoon_29.jpg
imagenet_r,n01882714,n01882714/cartoon_3.jpg
imagenet_r,n01882714,n01882714/cartoon_30.jpg
imagenet_r,n01882714,n01882714/cartoon_31.jpg
imagenet_r,n01882714,n01882714/cartoon_32.jpg
imagenet_r,n01882714,n01882714/cartoon_33.jpg
imagenet_r,n01882714,n01882714/cartoon_34.jpg
imagenet_r,n01882714,n01882714/cartoon_35.jpg
imagenet_r,n01882714,n01882714/cartoon_36.jpg
imagenet_r,n01882714,n01882714/cartoon_37.jpg
imagenet_r,n01910747,n01910747/art_0.jpg
imagenet_r,n01910747,n01910747/art_1.jpg
imagenet_r,n01910747,n01910747/art_2.jpg
imagenet_r,n01910747,n01910747/art_3.jpg
imagenet_r,n01910747,n01910747/art_4.jpg
imagenet_r,n01910747,n01910747/art_5.jpg
imagenet_r,n01910747,n01910747/art_6.jpg
imagenet_r,n01910747,n01910747/art_7.jpg
imagenet_r,n01910747,n01910747/art_8.jpg
imagenet_r,n01910747,n01910747/cartoon_0.jpg
imagenet_r,n01910747,n01910747/cartoon_1.jpg
imagenet_r,n01910747,n01910747/cartoon_10.jpg
imagenet_r,n01910747,n01910747/cartoon_11.jpg
imagenet_r,n01910747,n01910747/cartoon_12.jpg
imagenet_r,n01910747,n01910747/cartoon_13.jpg
imagenet_r,n01910747,n01910747/cartoon_14.jpg
imagenet_r,n01910747,n01910747/cartoon_15.jpg
imagenet_r,n01910747,n01910747/cartoon_16.jpg
imagenet_r,n01910747,n01910747/cartoon_17.jpg
imagenet_r,n01910747,n01910747/cartoon_18.jpg
imagenet_r,n01910747,n01910747/cartoon_19.jpg
imagenet_r,n01910747,n01910747/cartoon_2.jpg
imagenet_r,n01910747,n01910747/cartoon_20.jpg
imagenet_r,n01910747,n01910747/cartoon_21.jpg
imagenet_r,n01910747,n01910747/cartoon_22.jpg
imagenet_r,n01910747,n01910747/cartoon_23.jpg
imagenet_r,n01910747,n01910747/cartoon_24.jpg
imagenet_r,n01910747,n01910747/cartoon_25.jpg
imagenet_r,n01910747,n01910747/cartoon_26.jpg
imagenet_r,n01910747,n01910747/cartoon_27.jpg
imagenet_r,n01910747,n01910747/cartoon_28.jpg
imagenet_r,n01910747,n01910747/cartoon_29.jpg
imagenet_r,n01910747,n01910747/cartoon_3.jpg
imagenet_r,n01910747,n01910747/cartoon_30.jpg
imagenet_r,n01910747,n01910747/cartoon_31.jpg
imagenet_r,n01910747,n01910747/cartoon_32.jpg
imagenet_r,n01910747,n01910747/cartoon_33.jpg
imagenet_r,n01910747,n01910747/cartoon_4.jpg
imagenet_r,n01910747,n01910747/cartoon_5.jpg
imagenet_r,n01910747,n01910747/cartoon_6.jpg
imagenet_r,n01910747,n01910747/cartoon_7.jpg
imagenet_r,n01910747,n01910747/cartoon_8.jpg
imagenet_r,n01910747,n01910747/cartoon_9.jpg
imagenet_r,n01910747,n01910747/deviantart_0.jpg
imagenet_r,n01910747,n01910747/deviantart_1.jpg
imagenet_r,n01910747,n01910747/deviantart_10.jpg
imagenet_r,n01910747,n01910747/deviantart_11.jpg
imagenet_r,n01910747,n01910747/deviantart_12.jpg
imagenet_r,n01910747,n01910747/deviantart_13.jpg
imagenet_r,n01910747,n01910747/deviantart_14.jpg
imagenet_r,n01944390,n01944390/deviantart_0.jpg
imagenet_r,n01944390,n01944390/deviantart_1.jpg
imagenet_r,n01944390,n01944390/deviantart_10.jpg
imagenet_r,n01944390,n01944390/deviantart_11.jpg
imagenet_r,n01944390,n01944390/deviantart_12.jpg
imagenet_r,n01944390,n01944390/deviantart_13.jpg
imagenet_r,n01944390,n01944390/deviantart_14.jpg
imagenet_r,n01944390,n01944390/deviantart_15.jpg
imagenet_r,n01944390,n01944390/deviantart_2.jpg
imagenet_r,n01944390,n01944390/deviantart_3.jpg
imagenet_r,n01944390,n01944390/deviantart_4.jpg
imagenet_r,n01944390,n01944390/deviantart_5.jpg
imagenet_r,n01944390,n01944390/deviantart_6.jpg
imagenet_r,n01944390,n01944390/deviantart_7.jpg
imagenet_r,n01944390,n01944390/deviantart_8.jpg
imagenet_r,n01944390,n01944390/deviantart_9.jpg
imagenet_r,n01944390,n01944390/misc_0.jpg
imagenet_r,n01944390,n01944390/misc_1.jpg
imagenet_r,n01944390,n01944390/misc_10.jpg
imagenet_r,n01944390,n01944390/misc_100.jpg
imagenet_r,n01944390,n01944390/misc_101.jpg
imagenet_r,n01944390,n01944390/misc_102.jpg
imagenet_r,n01944390,n01944390/misc_103.jpg
imagenet_r,n01944390,n01944390/misc_104.jpg
imagenet_r,n01944390,n01944390/misc_105.jpg
imagenet_r,n01944390,n01944390/misc_106.jpg
imagenet_r,n01944390,n01944390/misc_107.jpg
imagenet_r,n01944390,n01944390/misc_108.jpg
imagenet_r,n01944390,n01944390/misc_109.jpg
imagenet_r,n01944390,n01944390/misc_11.jpg
imagenet_r,n01944390,n01944390/misc_110.jpg
imagenet_r,n01944390,n01944390/misc_111.jpg
imagenet_r,n01944390,n01944390/misc_112.jpg
imagenet_r,n01944390,n01944390/misc_113.jpg
imagenet_r,n01944390,n01944390/misc_114.jpg
imagenet_r,n01944390,n01944390/misc_115.jpg
imagenet_r,n01944390,n01944390/misc_116.jpg
imagenet_r,n01944390,n01944390/misc_117.jpg
imagenet_r,n01944390,n01944390/misc_118.jpg
imagenet_r,n01944390,n01944390/misc_119.jpg
imagenet_r,n01944390,n01944390/misc_12.jpg
imagenet_r,n01944390,n01944390/misc_120.jpg
imagenet_r,n01944390,n01944390/misc_121.jpg
imagenet_r,n01944390,n01944390/misc_122.jpg
imagenet_r,n01944390,n01944390/misc_123.jpg
imagenet_r,n01944390,n01944390/misc_124.jpg
imagenet_r,n01944390,n01944390/misc_125.jpg
imagenet_r,n01944390,n01944390/misc_126.jpg
imagenet_r,n01944390,n01944390/misc_127.jpg
imagenet_r,n01944390,n01944390/misc_128.jpg
imagenet_r,n01983481,n01983481/deviantart_0.jpg
imagenet_r,n01983481,n01983481/deviantart_1.jpg
imagenet_r,n01983481,n01983481/deviantart_2.jpg
imagenet_r,n01983481,n01983481/deviantart_3.jpg
imagenet_r,n01983481,n01983481/misc_0.jpg
imagenet_r,n01983481,n01983481/misc_1.jpg
imagenet_r,n01983481,n01983481/misc_10.jpg
imagenet_r,n01983481,n01983481/misc_11.jpg
imagenet_r,n01983481,n01983481/misc_12.jpg
imagenet_r,n01983481,n01983481/misc_13.jpg
imagenet_r,n01983481,n01983481/misc_14.jpg
imagenet_r,n01983481,n01983481/misc_15.jpg
imagenet_r,n01983481,n01983481/misc_16.jpg
imagenet_r,n01983481,n01983481/misc_17.jpg
imagenet_r,n01983481,n01983481/misc_18.jpg
imagenet_r,n01983481,n01983481/misc_19.jpg
imagenet_r,n01983481,n01983481/misc_2.jpg
imagenet_r,n01983481,n01983481/misc_20.jpg
imagenet_r,n01983481,n01983481/misc_21.jpg
imagenet_r,n01983481,n01983481/misc_22.jpg
imagenet_r,n01983481,n01983481/misc_23.jpg
imagenet_r,n01983481,n01983481/misc_24.jpg
imagenet_r,n01983481,n01983481/misc_25.jpg
imagenet_r,n01983481,n01983481/misc_26.jpg
imagenet_r,n01983481,n01983481/misc_27.jpg
imagenet_r,n01983481,n01983481/misc_28.jpg
imagenet_r,n01983481,n01983481/misc_29.jpg
imagenet_r,n01983481,n01983481/misc_3.jpg
imagenet_r,n01983481,n01983481/misc_30.jpg
imagenet_r,n01983481,n01983481/misc_31.jpg
imagenet_r,n01983481,n01983481/misc_32.jpg
imagenet_r,n01983481,n01983481/misc_33.jpg
imagenet_r,n01983481,n01983481/misc_34.jpg
imagenet_r,n01983481,n01983481/misc_35.jpg
imagenet_r,n01983481,n01983481/misc_36.jpg
imagenet_r,n01983481,n01983481/misc_37.jpg
imagenet_r,n01983481,n01983481/misc_38.jpg
imagenet_r,n01983481,n01983481/misc_39.jpg
imagenet_r,n01983481,n01983481/misc_4.jpg
imagenet_r,n01983481,n01983481/misc_40.jpg
imagenet_r,n01983481,n01983481/misc_41.jpg
imagenet_r,n01983481,n01983481/misc_42.jpg
imagenet_r,n01983481,n01983481/misc_43.jpg
imagenet_r,n01983481,n01983481/misc_44.jpg
imagenet_r,n01983481,n01983481/misc_45.jpg
imagenet_r,n01983481,n01983481/misc_46.jpg
imagenet_r,n01983481,n01983481/misc_47.jpg
imagenet_r,n01983481,n01983481/misc_48.jpg
imagenet_r,n01983481,n01983481/misc_49.jpg
imagenet_r,n01983481,n01983481/misc_5.jpg
imagenet_r,n01986214,n01986214/art_0.jpg
imagenet_r,n01986214,n01986214/art_1.jpg
imagenet_r,n01986214,n01986214/art_2.jpg
imagenet_r,n01986214,n01986214/art_3.jpg
imagenet_r,n01986214,n01986214/cartoon_0.jpg
imagenet_r,n01986214,n01986214/cartoon_1.jpg
imagenet_r,n01986214,n01986214/cartoon_10.jpg
imagenet_r,n01986214,n01986214/cartoon_11.jpg
imagenet_r,n01986214,n01986214/cartoon_12.jpg
imagenet_r,n01986214,n01986214/cartoon_13.jpg
imagenet_r,n01986214,n01986214/cartoon_14.jpg
imagenet_r,n01986214,n01986214/cartoon_15.jpg
imagenet_r,n01986214,n01986214/cartoon_16.jpg
imagenet_r,n01986214,n01986214/cartoon_17.jpg
imagenet_r,n01986214,n01986214/cartoon_18.jpg
imagenet_r,n01986214,n01986214/cartoon_19.jpg
imagenet_r,n01986214,n01986214/cartoon_2.jpg
imagenet_r,n01986214,n01986214/cartoon_20.jpg
imagenet_r,n01986214,n01986214/cartoon_21.jpg
imagenet_r,n01986214,n01986214/cartoon_22.jpg
imagenet_r,n01986214,n01986214/cartoon_23.jpg
imagenet_r,n01986214,n01986214/cartoon_24.jpg
imagenet_r,n01986214,n01986214/cartoon_25.jpg
imagenet_r,n01986214,n01986214/cartoon_26.jpg
imagenet_r,n01986214,n01986214/cartoon_27.jpg
imagenet_r,n01986214,n01986214/cartoon_28.jpg
imagenet_r,n01986214,n01986214/cartoon_29.jpg
imagenet_r,n01986214,n01986214/cartoon_3.jpg
imagenet_r,n01986214,n01986214/cartoon_4.jpg
imagenet_r,n01986214,n01986214/cartoon_5.jpg
imagenet_r,n01986214,n01986214/cartoon_6.jpg
imagenet_r,n01986214,n01986214/cartoon_7.jpg
imagenet_r,n01986214,n01986214/cartoon_8.jpg
imagenet_r,n01986214,n01986214/cartoon_9.jpg
imagenet_r,n01986214,n01986214/deviantart_0.jpg
imagenet_r,n01986214,n01986214/deviantart_1.jpg
imagenet_r,n01986214,n01986214/deviantart_10.jpg
imagenet_r,n01986214,n01986214/deviantart_11.jpg
imagenet_r,n01986214,n01986214/deviantart_12.jpg
imagenet_r,n01986214,n01986214/deviantart_13.jpg
imagenet_r,n01986214,n01986214/deviantart_14.jpg
imagenet_r,n01986214,n01986214/deviantart_15.jpg
imagenet_r,n01986214,n01986214/deviantart_16.jpg
imagenet_r,n01986214,n01986214/deviantart_17.jpg
imagenet_r,n01986214,n01986214/deviantart_18.jpg
imagenet_r,n01986214,n01986214/deviantart_19.jpg
imagenet_r,n01986214,n01986214/deviantart_2.jpg
imagenet_r,n01986214,n01986214/deviantart_3.jpg
imagenet_r,n01986214,n01986214/deviantart_4.jpg
imagenet_r,n01986214,n01986214/deviantart_5.jpg
imagenet_r,n02007558,n02007558/art_0.jpg
imagenet_r,n02007558,n02007558/art_1.jpg
imagenet_r,n02007558,n02007558/art_10.jpg
imagenet_r,n02007558,n02007558/art_11.jpg
imagenet_r,n02007558,n02007558/art_12.jpg
imagenet_r,n02007558,n02007558/art_13.jpg
imagenet_r,n02007558,n02007558/art_14.jpg
imagenet_r,n02007558,n02007558/art_15.jpg
imagenet_r,n02007558,n02007558/art_16.jpg
imagenet_r,n02007558,n02007558/art_17.jpg
imagenet_r,n02007558,n02007558/art_18.jpg
imagenet_r,n02007558,n02007558/art_19.jpg
imagenet_r,n02007558,n02007558/art_2.jpg
imagenet_r,n02007558,n02007558/art_20.jpg
imagenet_r,n02007558,n02007558/art_21.jpg
imagenet_r,n02007558,n02007558/art_22.jpg
imagenet_r,n02007558,n02007558/art_23.jpg
imagenet_r,n02007558,n02007558/art_24.jpg
imagenet_r,n02007558,n02007558/art_25.jpg
imagenet_r,n02007558,n02007558/art_26.jpg
imagenet_r,n02007558,n02007558/art_27.jpg
imagenet_r,n02007558,n02007558/art_28.jpg
imagenet_r,n02007558,n02007558/art_29.jpg
imagenet_r,n02007558,n02007558/art_3.jpg
imagenet_r,n02007558,n02007558/art_4.jpg
imagenet_r,n02007558,n02007558/art_5.jpg
imagenet_r,n02007558,n02007558/art_6.jpg
imagenet_r,n02007558,n02007558/art_7.jpg
imagenet_r,n02007558,n02007558/art_8.jpg
imagenet_r,n02007558,n02007558/art_9.jpg
imagenet_r,n02007558,n02007558/cartoon_0.jpg
imagenet_r,n02007558,n02007558/cartoon_1.jpg
imagenet_r,n02007558,n02007558/cartoon_10.jpg
imagenet_r,n02007558,n02007558/cartoon_11.jpg
imagenet_r,n02007558,n02007558/cartoon_12.jpg
imagenet_r,n02007558,n02007558/cartoon_13.jpg
imagenet_r,n02007558,n02007558/cartoon_14.jpg
imagenet_r,n02007558,n02007558/cartoon_15.jpg
imagenet_r,n02007558,n02007558/cartoon_16.jpg
imagenet_r,n02007558,n02007558/cartoon_17.jpg
imagenet_r,n02007558,n02007558/cartoon_18.jpg
imagenet_r,n02007558,n02007558/cartoon_19.jpg
imagenet_r,n02007558,n02007558/cartoon_2.jpg
imagenet_r,n02007558,n02007558/cartoon_20.jpg
imagenet_r,n02007558,n02007558/cartoon_21.jpg
imagenet_r,n02007558,n02007558/cartoon_22.jpg
imagenet_r,n02007558,n02007558/cartoon_23.jpg
imagenet_r,n02007558,n02007558/cartoon_24.jpg
imagenet_r,n02007558,n02007558/cartoon_25.jpg
imagenet_r,n02007558,n02007558/cartoon_26.jpg
imagenet_r,n02009912,n02009912/misc_0.jpg
imagenet_r,n02009912,n02009912/misc_1.jpg
imagenet_r,n02009912,n02009912/misc_10.jpg
imagenet_r,n02009912,n02009912/misc_11.jpg
imagenet_r,n02009912,n02009912/misc_12.jpg
imagenet_r,n02009912,n02009912/misc_13.jpg
imagenet_r,n02009912,n02009912/misc_14.jpg
imagenet_r,n02009912,n02009912/misc_15.jpg
imagenet_r,n02009912,n02009912/misc_16.jpg
imagenet_r,n02009912,n02009912/misc_17.jpg
imagenet_r,n02009912,n02009912/misc_18.jpg
imagenet_r,n02009912,n02009912/misc_19.jpg
imagenet_r,n02009912,n02009912/misc_2.jpg
imagenet_r,n02009912,n02009912/misc_20.jpg
imagenet_r,n02009912,n02009912/misc_21.jpg
imagenet_r,n02009912,n02009912/misc_22.jpg
imagenet_r,n02009912,n02009912/misc_23.jpg
imagenet_r,n02009912,n02009912/misc_24.jpg
imagenet_r,n02009912,n02009912/misc_25.jpg
imagenet_r,n02009912,n02009912/misc_26.jpg
imagenet_r,n02009912,n02009912/misc_27.jpg
imagenet_r,n02009912,n02009912/misc_28.jpg
imagenet_r,n02009912,n02009912/misc_29.jpg
imagenet_r,n02009912,n02009912/misc_3.jpg
imagenet_r,n02009912,n02009912/misc_30.jpg
imagenet_r,n02009912,n02009912/misc_31.jpg
imagenet_r,n02009912,n02009912/misc_32.jpg
imagenet_r,n02009912,n02009912/misc_33.jpg
imagenet_r,n02009912,n02009912/misc_34.jpg
imagenet_r,n02009912,n02009912/misc_35.jpg
imagenet_r,n02009912,n02009912/misc_36.jpg
imagenet_r,n02009912,n02009912/misc_37.jpg
imagenet_r,n02009912,n02009912/misc_38.jpg
imagenet_r,n02009912,n02009912/misc_39.jpg
imagenet_r,n02009912,n02009912/misc_4.jpg
imagenet_r,n02009912,n02009912/misc_40.jpg
imagenet_r,n02009912,n02009912/misc_41.jpg
imagenet_r,n02009912,n02009912/misc_42.jpg
imagenet_r,n02009912,n02009912/misc_43.jpg
imagenet_r,n02009912,n02009912/misc_44.jpg
imagenet_r,n02009912,n02009912/misc_45.jpg
imagenet_r,n02009912,n02009912/misc_46.jpg
imagenet_r,n02009912,n02009912/misc_47.jpg
imagenet_r,n02009912,n02009912/misc_48.jpg
imagenet_r,n02009912,n02009912/misc_49.jpg
imagenet_r,n02009912,n02009912/misc_5.jpg
imagenet_r,n02009912,n02009912/misc_50.jpg
imagenet_r,n02009912,n02009912/misc_51.jpg
imagenet_r,n02009912,n02009912/misc_52.jpg
imagenet_r,n02009912,n02009912/misc_53.jpg
imagenet_r,n02051845,n02051845/art_0.jpg
imagenet_r,n02051845,n02051845/art_1.jpg
imagenet_r,n02051845,n02051845/art_10.jpg
imagenet_r,n02051845,n02051845/art_11.jpg
imagenet_r,n02051845,n02051845/art_12.jpg
imagenet_r,n02051845,n02051845/art_13.jpg
imagenet_r,n02051845,n02051845/art_2.jpg
imagenet_r,n02051845,n02051845/art_3.jpg
imagenet_r,n02051845,n02051845/art_4.jpg
imagenet_r,n02051845,n02051845/art_5.jpg
imagenet_r,n02051845,n02051845/art_6.jpg
imagenet_r,n02051845,n02051845/art_7.jpg
imagenet_r,n02051845,n02051845/art_8.jpg
imagenet_r,n02051845,n02051845/art_9.jpg
imagenet_r,n02051845,n02051845/cartoon_0.jpg
imagenet_r,n02051845,n02051845/cartoon_1.jpg
imagenet_r,n02051845,n02051845/cartoon_10.jpg
imagenet_r,n02051845,n02051845/cartoon_11.jpg
imagenet_r,n02051845,n02051845/cartoon_12.jpg
imagenet_r,n02051845,n02051845/cartoon_13.jpg
imagenet_r,n02051845,n02051845/cartoon_14.jpg
imagenet_r,n02051845,n02051845/cartoon_2.jpg
imagenet_r,n02051845,n02051845/cartoon_3.jpg
imagenet_r,n02051845,n02051845/cartoon_4.jpg
imagenet_r,n02051845,n02051845/cartoon_5.jpg
imagenet_r,n02051845,n02051845/cartoon_6.jpg
imagenet_r,n02051845,n02051845/cartoon_7.jpg
imagenet_r,n02051845,n02051845/cartoon_8.jpg
imagenet_r,n02051845,n02051845/cartoon_9.jpg
imagenet_r,n02051845,n02051845/deviantart_0.jpg
imagenet_r,n02051845,n02051845/deviantart_1.jpg
imagenet_r,n02051845,n02051845/deviantart_10.jpg
imagenet_r,n02051845,n02051845/deviantart_11.jpg
imagenet_r,n02051845,n02051845/deviantart_12.jpg
imagenet_r,n02051845,n02051845/deviantart_13.jpg
imagenet_r,n02051845,n02051845/deviantart_14.jpg
imagenet_r,n02051845,n02051845/deviantart_15.jpg
imagenet_r,n02051845,n02051845/deviantart_16.jpg
imagenet_r,n02051845,n02051845/deviantart_17.jpg
imagenet_r,n02051845,n02051845/deviantart_18.jpg
imagenet_r,n02051845,n02051845/deviantart_19.jpg
imagenet_r,n02051845,n02051845/deviantart_2.jpg
imagenet_r,n02051845,n02051845/deviantart_20.jpg
imagenet_r,n02051845,n02051845/deviantart_21.jpg
imagenet_r,n02051845,n02051845/deviantart_22.jpg
imagenet_r,n02051845,n02051845/deviantart_23.jpg
imagenet_r,n02051845,n02051845/deviantart_24.jpg
imagenet_r,n02051845,n02051845/deviantart_3.jpg
imagenet_r,n02051845,n02051845/deviantart_4.jpg
imagenet_r,n02051845,n02051845/deviantart_5.jpg
imagenet_r,n02056570,n02056570/art_0.jpg
imagenet_r,n02056570,n02056570/art_1.jpg
imagenet_r,n02056570,n02056570/art_2.jpg
imagenet_r,n02056570,n02056570/art_3.jpg
imagenet_r,n02056570,n02056570/art_4.jpg
imagenet_r,n02056570,n02056570/art_5.jpg
imagenet_r,n02056570,n02056570/art_6.jpg
imagenet_r,n02056570,n02056570/cartoon_0.jpg
imagenet_r,n02056570,n02056570/cartoon_1.jpg
imagenet_r,n02056570,n02056570/cartoon_10.jpg
imagenet_r,n02056570,n02056570/cartoon_11.jpg
imagenet_r,n02056570,n02056570/cartoon_2.jpg
imagenet_r,n02056570,n02056570/cartoon_3.jpg
imagenet_r,n02056570,n02056570/cartoon_4.jpg
imagenet_r,n02056570,n02056570/cartoon_5.jpg
imagenet_r,n02056570,n02056570/cartoon_6.jpg
imagenet_r,n02056570,n02056570/cartoon_7.jpg
imagenet_r,n02056570,n02056570/cartoon_8.jpg
imagenet_r,n02056570,n02056570/cartoon_9.jpg
imagenet_r,n02056570,n02056570/deviantart_0.jpg
imagenet_r,n02056570,n02056570/deviantart_1.jpg
imagenet_r,n02056570,n02056570/deviantart_10.jpg
imagenet_r,n02056570,n02056570/deviantart_2.jpg
imagenet_r,n02056570,n02056570/deviantart_3.jpg
imagenet_r,n02056570,n02056570/deviantart_4.jpg
imagenet_r,n02056570,n02056570/deviantart_5.jpg
imagenet_r,n02056570,n02056570/deviantart_6.jpg
imagenet_r,n02056570,n02056570/deviantart_7.jpg
imagenet_r,n02056570,n02056570/deviantart_8.jpg
imagenet_r,n02056570,n02056570/deviantart_9.jpg
imagenet_r,n02056570,n02056570/embroidery_0.jpg
imagenet_r,n02056570,n02056570/graffiti_0.jpg
imagenet_r,n02056570,n02056570/graffiti_1.jpg
imagenet_r,n02056570,n02056570/graphic_0.jpg
imagenet_r,n02056570,n02056570/misc_0.jpg
imagenet_r,n02056570,n02056570/misc_1.jpg
imagenet_r,n02056570,n02056570/painting_0.jpg
imagenet_r,n02056570,n02056570/painting_1.jpg
imagenet_r,n02056570,n02056570/painting_2.jpg
imagenet_r,n02056570,n02056570/painting_3.jpg
imagenet_r,n02056570,n02056570/painting_4.jpg
imagenet_r,n02056570,n02056570/painting_5.jpg
imagenet_r,n02056570,n02056570/painting_6.jpg
imagenet_r,n02056570,n02056570/painting_7.jpg
imagenet_r,n02056570,n02056570/painting_8.jpg
imagenet_r,n02056570,n02056570/painting_9.jpg
imagenet_r,n02056570,n02056570/sketch_0.jpg
imagenet_r,n02056570,n02056570/sketch_1.jpg
imagenet_r,n02056570,n02056570/sketch_10.jpg
imagenet_r,n02056570,n02056570/sketch_11.jpg
imagenet_r,n02066245,n02066245/art_0.jpg
imagenet_r,n02066245,n02066245/art_1.jpg
imagenet_r,n02066245,n02066245/art_10.jpg
imagenet_r,n02066245,n02066245/art_11.jpg
imagenet_r,n02066245,n02066245/art_12.jpg
imagenet_r,n02066245,n02066245/art_13.jpg
imagenet_r,n02066245,n02066245/art_14.jpg
imagenet_r,n02066245,n02066245/art_2.jpg
imagenet_r,n02066245,n02066245/art_3.jpg
imagenet_r,n02066245,n02066245/art_4.jpg
imagenet_r,n02066245,n02066245/art_5.jpg
imagenet_r,n02066245,n02066245/art_6.jpg
imagenet_r,n02066245,n02066245/art_7.jpg
imagenet_r,n02066245,n02066245/art_8.jpg
imagenet_r,n02066245,n02066245/art_9.jpg
imagenet_r,n02066245,n02066245/cartoon_0.jpg
imagenet_r,n02066245,n02066245/cartoon_1.jpg
imagenet_r,n02066245,n02066245/cartoon_2.jpg
imagenet_r,n02066245,n02066245/cartoon_3.jpg
imagenet_r,n02066245,n02066245/embroidery_0.jpg
imagenet_r,n02066245,n02066245/graphic_0.jpg
imagenet_r,n02066245,n02066245/misc_0.jpg
imagenet_r,n02066245,n02066245/misc_1.jpg
imagenet_r,n02066245,n02066245/origami_0.jpg
imagenet_r,n02066245,n02066245/painting_0.jpg
imagenet_r,n02066245,n02066245/painting_1.jpg
imagenet_r,n02066245,n02066245/painting_10.jpg
imagenet_r,n02066245,n02066245/painting_11.jpg
imagenet_r,n02066245,n02066245/painting_12.jpg
imagenet_r,n02066245,n02066245/painting_13.jpg
imagenet_r,n02066245,n02066245/painting_2.jpg
imagenet_r,n02066245,n02066245/painting_3.jpg
imagenet_r,n02066245,n02066245/painting_4.jpg
imagenet_r,n02066245,n02066245/painting_5.jpg
imagenet_r,n02066245,n02066245/painting_6.jpg
imagenet_r,n02066245,n02066245/painting_7.jpg
imagenet_r,n02066245,n02066245/painting_8.jpg
imagenet_r,n02066245,n02066245/painting_9.jpg
imagenet_r,n02066245,n02066245/sculpture_0.jpg
imagenet_r,n02066245,n02066245/sculpture_1.jpg
imagenet_r,n02066245,n02066245/sculpture_2.jpg
imagenet_r,n02066245,n02066245/sculpture_3.jpg
imagenet_r,n02066245,n02066245/sculpture_4.jpg
imagenet_r,n02066245,n02066245/sculpture_5.jpg
imagenet_r,n02066245,n02066245/sculpture_6.jpg
imagenet_r,n02066245,n02066245/sculpture_7.jpg
imagenet_r,n02066245,n02066245/sketch_0.jpg
imagenet_r,n02066245,n02066245/sketch_1.jpg
imagenet_r,n02066245,n02066245/sketch_10.jpg
imagenet_r,n02066245,n02066245/sketch_11.jpg
imagenet_r,n02071294,n02071294/art_0.jpg
imagenet_r,n02071294,n02071294/art_1.jpg
imagenet_r,n02071294,n02071294/art_10.jpg
imagenet_r,n02071294,n02071294/art_11.jpg
imagenet_r,n02071294,n02071294/art_12.jpg
imagenet_r,n02071294,n02071294/art_13.jpg
imagenet_r,n02071294,n02071294/art_14.jpg
imagenet_r,n02071294,n02071294/art_15.jpg
imagenet_r,n02071294,n02071294/art_16.jpg
imagenet_r,n02071294,n02071294/art_2.jpg
imagenet_r,n02071294,n02071294/art_3.jpg
imagenet_r,n02071294,n02071294/art_4.jpg
imagenet_r,n02071294,n02071294/art_5.jpg
imagenet_r,n02071294,n02071294/art_6.jpg
imagenet_r,n02071294,n02071294/art_7.jpg
imagenet_r,n02071294,n02071294/art_8.jpg
imagenet_r,n02071294,n02071294/art_9.jpg
imagenet_r,n02071294,n02071294/cartoon_0.jpg
imagenet_r,n02071294,n02071294/cartoon_1.jpg
imagenet_r,n02071294,n02071294/cartoon_10.jpg
imagenet_r,n02071294,n02071294/cartoon_11.jpg
imagenet_r,n02071294,n02071294/cartoon_12.jpg
imagenet_r,n02071294,n02071294/cartoon_13.jpg
imagenet_r,n02071294,n02071294/cartoon_14.jpg
imagenet_r,n02071294,n02071294/cartoon_15.jpg
imagenet_r,n02071294,n02071294/cartoon_16.jpg
imagenet_r,n02071294,n02071294/cartoon_17.jpg
imagenet_r,n02071294,n02071294/cartoon_18.jpg
imagenet_r,n02071294,n02071294/cartoon_19.jpg
imagenet_r,n02071294,n02071294/cartoon_2.jpg
imagenet_r,n02071294,n02071294/cartoon_20.jpg
imagenet_r,n02071294,n02071294/cartoon_21.jpg
imagenet_r,n02071294,n02071294/cartoon_22.jpg
imagenet_r,n02071294,n02071294/cartoon_3.jpg
imagenet_r,n02071294,n02071294/cartoon_4.jpg
imagenet_r,n02071294,n02071294/cartoon_5.jpg
imagenet_r,n02071294,n02071294/cartoon_6.jpg
imagenet_r,n02071294,n02071294/cartoon_7.jpg
imagenet_r,n02071294,n02071294/cartoon_8.jpg
imagenet_r,n02071294,n02071294/cartoon_9.jpg
imagenet_r,n02071294,n02071294/deviantart_0.jpg
imagenet_r,n02071294,n02071294/deviantart_1.jpg
imagenet_r,n02071294,n02071294/deviantart_10.jpg
imagenet_r,n02071294,n02071294/deviantart_11.jpg
imagenet_r,n02071294,n02071294/deviantart_12.jpg
imagenet_r,n02071294,n02071294/deviantart_13.jpg
imagenet_r,n02071294,n02071294/deviantart_14.jpg
imagenet_r,n02071294,n02071294/deviantart_15.jpg
imagenet_r,n02071294,n02071294/deviantart_16.jpg
imagenet_r,n02071294,n02071294/deviantart_17.jpg
imagenet_r,n02077923,n02077923/cartoon_0.jpg
imagenet_r,n02077923,n02077923/cartoon_1.jpg
imagenet_r,n02077923,n02077923/cartoon_2.jpg
imagenet_r,n02077923,n02077923/cartoon_3.jpg
imagenet_r,n02077923,n02077923/misc_0.jpg
imagenet_r,n02077923,n02077923/misc_1.jpg
imagenet_r,n02077923,n02077923/misc_10.jpg
imagenet_r,n02077923,n02077923/misc_11.jpg
imagenet_r,n02077923,n02077923/misc_12.jpg
imagenet_r,n02077923,n02077923/misc_13.jpg
imagenet_r,n02077923,n02077923/misc_14.jpg
imagenet_r,n02077923,n02077923/misc_15.jpg
imagenet_r,n02077923,n02077923/misc_16.jpg
imagenet_r,n02077923,n02077923/misc_17.jpg
imagenet_r,n02077923,n02077923/misc_18.jpg
imagenet_r,n02077923,n02077923/misc_19.jpg
imagenet_r,n02077923,n02077923/misc_2.jpg
imagenet_r,n02077923,n02077923/misc_20.jpg
imagenet_r,n02077923,n02077923/misc_21.jpg
imagenet_r,n02077923,n02077923/misc_22.jpg
imagenet_r,n02077923,n02077923/misc_23.jpg
imagenet_r,n02077923,n02077923/misc_24.jpg
imagenet_r,n02077923,n02077923/misc_25.jpg
imagenet_r,n02077923,n02077923/misc_26.jpg
imagenet_r,n02077923,n02077923/misc_27.jpg
imagenet_r,n02077923,n02077923/misc_28.jpg
imagenet_r,n02077923,n02077923/misc_29.jpg
imagenet_r,n02077923,n02077923/misc_3.jpg
imagenet_r,n02077923,n02077923/misc_30.jpg
imagenet_r,n02077923,n02077923/misc_31.jpg
imagenet_r,n02077923,n02077923/misc_32.jpg
imagenet_r,n02077923,n02077923/misc_33.jpg
imagenet_r,n02077923,n02077923/misc_34.jpg
imagenet_r,n02077923,n02077923/misc_35.jpg
imagenet_r,n02077923,n02077923/misc_36.jpg
imagenet_r,n02077923,n02077923/misc_37.jpg
imagenet_r,n02077923,n02077923/misc_38.jpg
imagenet_r,n02077923,n02077923/misc_39.jpg
imagenet_r,n02077923,n02077923/misc_4.jpg
imagenet_r,n02077923,n02077923/misc_40.jpg
imagenet_r,n02077923,n02077923/misc_41.jpg
imagenet_r,n02077923,n02077923/misc_42.jpg
imagenet_r,n02077923,n02077923/misc_43.jpg
imagenet_r,n02077923,n02077923/misc_44.jpg
imagenet_r,n02077923,n02077923/misc_45.jpg
imagenet_r,n02077923,n02077923/misc_5.jpg
imagenet_r,n02077923,n02077923/misc_6.jpg
imagenet_r,n02077923,n02077923/misc_7.jpg
imagenet_r,n02077923,n02077923/misc_8.jpg
imagenet_r,n02077923,n02077923/misc_9.jpg
imagenet_r,n02085620,n02085620/misc_0.jpg
imagenet_r,n02085620,n02085620/misc_1.jpg
imagenet_r,n02085620,n02085620/misc_10.jpg
imagenet_r,n02085620,n02085620/misc_100.jpg
imagenet_r,n02085620,n02085620/misc_101.jpg
imagenet_r,n02085620,n02085620/misc_102.jpg
imagenet_r,n02085620,n02085620/misc_103.jpg
imagenet_r,n02085620,n02085620/misc_104.jpg
imagenet_r,n02085620,n02085620/misc_105.jpg
imagenet_r,n02085620,n02085620/misc_106.jpg
imagenet_r,n02085620,n02085620/misc_107.jpg
imagenet_r,n02085620,n02085620/misc_108.jpg
imagenet_r,n02085620,n02085620/misc_109.jpg
imagenet_r,n02085620,n02085620/misc_11.jpg
imagenet_r,n02085620,n02085620/misc_110.jpg
imagenet_r,n02085620,n02085620/misc_12.jpg
imagenet_r,n02085620,n02085620/misc_13.jpg
imagenet_r,n02085620,n02085620/misc_14.jpg
imagenet_r,n02085620,n02085620/misc_15.jpg
imagenet_r,n02085620,n02085620/misc_16.jpg
imagenet_r,n02085620,n02085620/misc_17.jpg
imagenet_r,n02085620,n02085620/misc_18.jpg
imagenet_r,n02085620,n02085620/misc_19.jpg
imagenet_r,n02085620,n02085620/misc_2.jpg
imagenet_r,n02085620,n02085620/misc_20.jpg
imagenet_r,n02085620,n02085620/misc_21.jpg
imagenet_r,n02085620,n02085620/misc_22.jpg
imagenet_r,n02085620,n02085620/misc_23.jpg
imagenet_r,n02085620,n02085620/misc_24.jpg
imagenet_r,n02085620,n02085620/misc_25.jpg
imagenet_r,n02085620,n02085620/misc_26.jpg
imagenet_r,n02085620,n02085620/misc_27.jpg
imagenet_r,n02085620,n02085620/misc_28.jpg
imagenet_r,n02085620,n02085620/misc_29.jpg
imagenet_r,n02085620,n02085620/misc_3.jpg
imagenet_r,n02085620,n02085620/misc_30.jpg
imagenet_r,n02085620,n02085620/misc_31.jpg
imagenet_r,n02085620,n02085620/misc_32.jpg
imagenet_r,n02085620,n02085620/misc_33.jpg
imagenet_r,n02085620,n02085620/misc_34.jpg
imagenet_r,n02085620,n02085620/misc_35.jpg
imagenet_r,n02085620,n02085620/misc_36.jpg
imagenet_r,n02085620,n02085620/misc_37.jpg
imagenet_r,n02085620,n02085620/misc_38.jpg
imagenet_r,n02085620,n02085620/misc_39.jpg
imagenet_r,n02085620,n02085620/misc_4.jpg
imagenet_r,n02085620,n02085620/misc_40.jpg
imagenet_r,n02085620,n02085620/misc_41.jpg
imagenet_r,n02085620,n02085620/misc_42.jpg
imagenet_r,n02085620,n02085620/misc_43.jpg
imagenet_r,n02086240,n02086240/misc_0.jpg
imagenet_r,n02086240,n02086240/misc_1.jpg
imagenet_r,n02086240,n02086240/misc_10.jpg
imagenet_r,n02086240,n02086240/misc_11.jpg
imagenet_r,n02086240,n02086240/misc_12.jpg
imagenet_r,n02086240,n02086240/misc_13.jpg
imagenet_r,n02086240,n02086240/misc_14.jpg
imagenet_r,n02086240,n02086240/misc_15.jpg
imagenet_r,n02086240,n02086240/misc_16.jpg
imagenet_r,n02086240,n02086240/misc_17.jpg
imagenet_r,n02086240,n02086240/misc_18.jpg
imagenet_r,n02086240,n02086240/misc_19.jpg
imagenet_r,n02086240,n02086240/misc_2.jpg
imagenet_r,n02086240,n02086240/misc_20.jpg
imagenet_r,n02086240,n02086240/misc_21.jpg
imagenet_r,n02086240,n02086240/misc_22.jpg
imagenet_r,n02086240,n02086240/misc_23.jpg
imagenet_r,n02086240,n02086240/misc_24.jpg
imagenet_r,n02086240,n02086240/misc_25.jpg
imagenet_r,n02086240,n02086240/misc_26.jpg
imagenet_r,n02086240,n02086240/misc_27.jpg
imagenet_r,n02086240,n02086240/misc_28.jpg
imagenet_r,n02086240,n02086240/misc_29.jpg
imagenet_r,n02086240,n02086240/misc_3.jpg
imagenet_r,n02086240,n02086240/misc_30.jpg
imagenet_r,n02086240,n02086240/misc_31.jpg
imagenet_r,n02086240,n02086240/misc_32.jpg
imagenet_r,n02086240,n02086240/misc_33.jpg
imagenet_r,n02086240,n02086240/misc_34.jpg
imagenet_r,n02086240,n02086240/misc_35.jpg
imagenet_r,n02086240,n02086240/misc_36.jpg
imagenet_r,n02086240,n02086240/misc_37.jpg
imagenet_r,n02086240,n02086240/misc_38.jpg
imagenet_r,n02086240,n02086240/misc_39.jpg
imagenet_r,n02086240,n02086240/misc_4.jpg
imagenet_r,n02086240,n02086240/misc_40.jpg
imagenet_r,n02086240,n02086240/misc_41.jpg
imagenet_r,n02086240,n02086240/misc_42.jpg
imagenet_r,n02086240,n02086240/misc_43.jpg
imagenet_r,n02086240,n02086240/misc_44.jpg
imagenet_r,n02086240,n02086240/misc_45.jpg
imagenet_r,n02086240,n02086240/misc_46.jpg
imagenet_r,n02086240,n02086240/misc_47.jpg
imagenet_r,n02086240,n02086240/misc_5.jpg
imagenet_r,n02086240,n02086240/misc_6.jpg
imagenet_r,n02086240,n02086240/misc_7.jpg
imagenet_r,n02086240,n02086240/misc_8.jpg
imagenet_r,n02086240,n02086240/misc_9.jpg
imagenet_r,n02086240,n02086240/sketch_0.jpg
imagenet_r,n02086240,n02086240/sketch_1.jpg
imagenet_r,n02088094,n02088094/misc_0.jpg
imagenet_r,n02088094,n02088094/misc_1.jpg
imagenet_r,n02088094,n02088094/misc_10.jpg
imagenet_r,n02088094,n02088094/misc_11.jpg
imagenet_r,n02088094,n02088094/misc_12.jpg
imagenet_r,n02088094,n02088094/misc_13.jpg
imagenet_r,n02088094,n02088094/misc_14.jpg
imagenet_r,n02088094,n02088094/misc_15.jpg
imagenet_r,n02088094,n02088094/misc_16.jpg
imagenet_r,n02088094,n02088094/misc_17.jpg
imagenet_r,n02088094,n02088094/misc_18.jpg
imagenet_r,n02088094,n02088094/misc_19.jpg
imagenet_r,n02088094,n02088094/misc_2.jpg
imagenet_r,n02088094,n02088094/misc_20.jpg
imagenet_r,n02088094,n02088094/misc_21.jpg
imagenet_r,n02088094,n02088094/misc_22.jpg
imagenet_r,n02088094,n02088094/misc_23.jpg
imagenet_r,n02088094,n02088094/misc_24.jpg
imagenet_r,n02088094,n02088094/misc_25.jpg
imagenet_r,n02088094,n02088094/misc_26.jpg
imagenet_r,n02088094,n02088094/misc_27.jpg
imagenet_r,n02088094,n02088094/misc_28.jpg
imagenet_r,n02088094,n02088094/misc_29.jpg
imagenet_r,n02088094,n02088094/misc_3.jpg
imagenet_r,n02088094,n02088094/misc_30.jpg
imagenet_r,n02088094,n02088094/misc_31.jpg
imagenet_r,n02088094,n02088094/misc_32.jpg
imagenet_r,n02088094,n02088094/misc_33.jpg
imagenet_r,n02088094,n02088094/misc_34.jpg
imagenet_r,n02088094,n02088094/misc_35.jpg
imagenet_r,n02088094,n02088094/misc_36.jpg
imagenet_r,n02088094,n02088094/misc_37.jpg
imagenet_r,n02088094,n02088094/misc_38.jpg
imagenet_r,n02088094,n02088094/misc_39.jpg
imagenet_r,n02088094,n02088094/misc_4.jpg
imagenet_r,n02088094,n02088094/misc_40.jpg
imagenet_r,n02088094,n02088094/misc_41.jpg
imagenet_r,n02088094,n02088094/misc_42.jpg
imagenet_r,n02088094,n02088094/misc_43.jpg
imagenet_r,n02088094,n02088094/misc_44.jpg
imagenet_r,n02088094,n02088094/misc_45.jpg
imagenet_r,n02088094,n02088094/misc_46.jpg
imagenet_r,n02088094,n02088094/misc_47.jpg
imagenet_r,n02088094,n02088094/misc_48.jpg
imagenet_r,n02088094,n02088094/misc_49.jpg
imagenet_r,n02088094,n02088094/misc_5.jpg
imagenet_r,n02088094,n02088094/misc_50.jpg
imagenet_r,n02088094,n02088094/misc_51.jpg
imagenet_r,n02088094,n02088094/misc_52.jpg
imagenet_r,n02088094,n02088094/misc_53.jpg
imagenet_r,n02088238,n02088238/misc_0.jpg
imagenet_r,n02088238,n02088238/misc_1.jpg
imagenet_r,n02088238,n02088238/misc_10.jpg
imagenet_r,n02088238,n02088238/misc_100.jpg
imagenet_r,n02088238,n02088238/misc_101.jpg
imagenet_r,n02088238,n02088238/misc_102.jpg
imagenet_r,n02088238,n02088238/misc_103.jpg
imagenet_r,n02088238,n02088238/misc_104.jpg
imagenet_r,n02088238,n02088238/misc_105.jpg
imagenet_r,n02088238,n02088238/misc_106.jpg
imagenet_r,n02088238,n02088238/misc_107.jpg
imagenet_r,n02088238,n02088238/misc_108.jpg
imagenet_r,n02088238,n02088238/misc_109.jpg
imagenet_r,n02088238,n02088238/misc_11.jpg
imagenet_r,n02088238,n02088238/misc_110.jpg
imagenet_r,n02088238,n02088238/misc_111.jpg
imagenet_r,n02088238,n02088238/misc_112.jpg
imagenet_r,n02088238,n02088238/misc_113.jpg
imagenet_r,n02088238,n02088238/misc_114.jpg
imagenet_r,n02088238,n02088238/misc_115.jpg
imagenet_r,n02088238,n02088238/misc_116.jpg
imagenet_r,n02088238,n02088238/misc_117.jpg
imagenet_r,n02088238,n02088238/misc_118.jpg
imagenet_r,n02088238,n02088238/misc_119.jpg
imagenet_r,n02088238,n02088238/misc_12.jpg
imagenet_r,n02088238,n02088238/misc_120.jpg
imagenet_r,n02088238,n02088238/misc_121.jpg
imagenet_r,n02088238,n02088238/misc_13.jpg
imagenet_r,n02088238,n02088238/misc_14.jpg
imagenet_r,n02088238,n02088238/misc_15.jpg
imagenet_r,n02088238,n02088238/misc_16.jpg
imagenet_r,n02088238,n02088238/misc_17.jpg
imagenet_r,n02088238,n02088238/misc_18.jpg
imagenet_r,n02088238,n02088238/misc_19.jpg
imagenet_r,n02088238,n02088238/misc_2.jpg
imagenet_r,n02088238,n02088238/misc_20.jpg
imagenet_r,n02088238,n02088238/misc_21.jpg
imagenet_r,n02088238,n02088238/misc_22.jpg
imagenet_r,n02088238,n02088238/misc_23.jpg
imagenet_r,n02088238,n02088238/misc_24.jpg
imagenet_r,n02088238,n02088238/misc_25.jpg
imagenet_r,n02088238,n02088238/misc_26.jpg
imagenet_r,n02088238,n02088238/misc_27.jpg
imagenet_r,n02088238,n02088238/misc_28.jpg
imagenet_r,n02088238,n02088238/misc_29.jpg
imagenet_r,n02088238,n02088238/misc_3.jpg
imagenet_r,n02088238,n02088238/misc_30.jpg
imagenet_r,n02088238,n02088238/misc_31.jpg
imagenet_r,n02088238,n02088238/misc_32.jpg
imagenet_r,n02088238,n02088238/misc_33.jpg
imagenet_r,n02088364,n02088364/misc_0.jpg
imagenet_r,n02088364,n02088364/misc_1.jpg
imagenet_r,n02088364,n02088364/misc_10.jpg
imagenet_r,n02088364,n02088364/misc_11.jpg
imagenet_r,n02088364,n02088364/misc_12.jpg
imagenet_r,n02088364,n02088364/misc_13.jpg
imagenet_r,n02088364,n02088364/misc_14.jpg
imagenet_r,n02088364,n02088364/misc_15.jpg
imagenet_r,n02088364,n02088364/misc_16.jpg
imagenet_r,n02088364,n02088364/misc_17.jpg
imagenet_r,n02088364,n02088364/misc_18.jpg
imagenet_r,n02088364,n02088364/misc_19.jpg
imagenet_r,n02088364,n02088364/misc_2.jpg
imagenet_r,n02088364,n02088364/misc_20.jpg
imagenet_r,n02088364,n02088364/misc_21.jpg
imagenet_r,n02088364,n02088364/misc_22.jpg
imagenet_r,n02088364,n02088364/misc_23.jpg
imagenet_r,n02088364,n02088364/misc_24.jpg
imagenet_r,n02088364,n02088364/misc_25.jpg
imagenet_r,n02088364,n02088364/misc_26.jpg
imagenet_r,n02088364,n02088364/misc_27.jpg
imagenet_r,n02088364,n02088364/misc_28.jpg
imagenet_r,n02088364,n02088364/misc_29.jpg
imagenet_r,n02088364,n02088364/misc_3.jpg
imagenet_r,n02088364,n02088364/misc_30.jpg
imagenet_r,n02088364,n02088364/misc_31.jpg
imagenet_r,n02088364,n02088364/misc_32.jpg
imagenet_r,n02088364,n02088364/misc_33.jpg
imagenet_r,n02088364,n02088364/misc_34.jpg
imagenet_r,n02088364,n02088364/misc_35.jpg
imagenet_r,n02088364,n02088364/misc_36.jpg
imagenet_r,n02088364,n02088364/misc_37.jpg
imagenet_r,n02088364,n02088364/misc_38.jpg
imagenet_r,n02088364,n02088364/misc_39.jpg
imagenet_r,n02088364,n02088364/misc_4.jpg
imagenet_r,n02088364,n02088364/misc_40.jpg
imagenet_r,n02088364,n02088364/misc_41.jpg
imagenet_r,n02088364,n02088364/misc_42.jpg
imagenet_r,n02088364,n02088364/misc_43.jpg
imagenet_r,n02088364,n02088364/misc_44.jpg
imagenet_r,n02088364,n02088364/misc_45.jpg
imagenet_r,n02088364,n02088364/misc_46.jpg
imagenet_r,n02088364,n02088364/misc_47.jpg
imagenet_r,n02088364,n02088364/misc_48.jpg
imagenet_r,n02088364,n02088364/misc_49.jpg
imagenet_r,n02088364,n02088364/misc_5.jpg
imagenet_r,n02088364,n02088364/misc_50.jpg
imagenet_r,n02088364,n02088364/misc_51.jpg
imagenet_r,n02088364,n02088364/misc_52.jpg
imagenet_r,n02088364,n02088364/misc_53.jpg
imagenet_r,n02088466,n02088466/misc_0.jpg
imagenet_r,n02088466,n02088466/misc_1.jpg
imagenet_r,n02088466,n02088466/misc_10.jpg
imagenet_r,n02088466,n02088466/misc_11.jpg
imagenet_r,n02088466,n02088466/misc_12.jpg
imagenet_r,n02088466,n02088466/misc_13.jpg
imagenet_r,n02088466,n02088466/misc_14.jpg
imagenet_r,n02088466,n02088466/misc_15.jpg
imagenet_r,n02088466,n02088466/misc_16.jpg
imagenet_r,n02088466,n02088466/misc_17.jpg
imagenet_r,n02088466,n02088466/misc_18.jpg
imagenet_r,n02088466,n02088466/misc_19.jpg
imagenet_r,n02088466,n02088466/misc_2.jpg
imagenet_r,n02088466,n02088466/misc_20.jpg
imagenet_r,n02088466,n02088466/misc_21.jpg
imagenet_r,n02088466,n02088466/misc_22.jpg
imagenet_r,n02088466,n02088466/misc_23.jpg
imagenet_r,n02088466,n02088466/misc_24.jpg
imagenet_r,n02088466,n02088466/misc_25.jpg
imagenet_r,n02088466,n02088466/misc_26.jpg
imagenet_r,n02088466,n02088466/misc_27.jpg
imagenet_r,n02088466,n02088466/misc_3.jpg
imagenet_r,n02088466,n02088466/misc_4.jpg
imagenet_r,n02088466,n02088466/misc_5.jpg
imagenet_r,n02088466,n02088466/misc_6.jpg
imagenet_r,n02088466,n02088466/misc_7.jpg
imagenet_r,n02088466,n02088466/misc_8.jpg
imagenet_r,n02088466,n02088466/misc_9.jpg
imagenet_r,n02088466,n02088466/sketch_0.jpg
imagenet_r,n02088466,n02088466/sketch_1.jpg
imagenet_r,n02088466,n02088466/sketch_10.jpg
imagenet_r,n02088466,n02088466/sketch_11.jpg
imagenet_r,n02088466,n02088466/sketch_12.jpg
imagenet_r,n02088466,n02088466/sketch_13.jpg
imagenet_r,n02088466,n02088466/sketch_14.jpg
imagenet_r,n02088466,n02088466/sketch_15.jpg
imagenet_r,n02088466,n02088466/sketch_16.jpg
imagenet_r,n02088466,n02088466/sketch_17.jpg
imagenet_r,n02088466,n02088466/sketch_18.jpg
imagenet_r,n02088466,n02088466/sketch_19.jpg
imagenet_r,n02088466,n02088466/sketch_2.jpg
imagenet_r,n02088466,n02088466/sketch_20.jpg
imagenet_r,n02088466,n02088466/sketch_21.jpg
imagenet_r,n02088466,n02088466/sketch_22.jpg
imagenet_r,n02088466,n02088466/sketch_23.jpg
imagenet_r,n02088466,n02088466/sketch_3.jpg
imagenet_r,n02088466,n02088466/sketch_4.jpg
imagenet_r,n02088466,n02088466/sketch_5.jpg
imagenet_r,n02088466,n02088466/sketch_6.jpg
imagenet_r,n02088466,n02088466/sketch_7.jpg
imagenet_r,n02091032,n02091032/misc_0.jpg
imagenet_r,n02091032,n02091032/misc_1.jpg
imagenet_r,n02091032,n02091032/misc_10.jpg
imagenet_r,n02091032,n02091032/misc_11.jpg
imagenet_r,n02091032,n02091032/misc_12.jpg
imagenet_r,n02091032,n02091032/misc_13.jpg
imagenet_r,n02091032,n02091032/misc_14.jpg
imagenet_r,n02091032,n02091032/misc_15.jpg
imagenet_r,n02091032,n02091032/misc_16.jpg
imagenet_r,n02091032,n02091032/misc_17.jpg
imagenet_r,n02091032,n02091032/misc_18.jpg
imagenet_r,n02091032,n02091032/misc_19.jpg
imagenet_r,n02091032,n02091032/misc_2.jpg
imagenet_r,n02091032,n02091032/misc_20.jpg
imagenet_r,n02091032,n02091032/misc_21.jpg
imagenet_r,n02091032,n02091032/misc_22.jpg
imagenet_r,n02091032,n02091032/misc_23.jpg
imagenet_r,n02091032,n02091032/misc_24.jpg
imagenet_r,n02091032,n02091032/misc_25.jpg
imagenet_r,n02091032,n02091032/misc_26.jpg
imagenet_r,n02091032,n02091032/misc_27.jpg
imagenet_r,n02091032,n02091032/misc_28.jpg
imagenet_r,n02091032,n02091032/misc_29.jpg
imagenet_r,n02091032,n02091032/misc_3.jpg
imagenet_r,n02091032,n02091032/misc_30.jpg
imagenet_r,n02091032,n02091032/misc_4.jpg
imagenet_r,n02091032,n02091032/misc_5.jpg
imagenet_r,n02091032,n02091032/misc_6.jpg
imagenet_r,n02091032,n02091032/misc_7.jpg
imagenet_r,n02091032,n02091032/misc_8.jpg
imagenet_r,n02091032,n02091032/misc_9.jpg
imagenet_r,n02091032,n02091032/sketch_0.jpg
imagenet_r,n02091032,n02091032/sketch_1.jpg
imagenet_r,n02091032,n02091032/sketch_10.jpg
imagenet_r,n02091032,n02091032/sketch_11.jpg
imagenet_r,n02091032,n02091032/sketch_12.jpg
imagenet_r,n02091032,n02091032/sketch_13.jpg
imagenet_r,n02091032,n02091032/sketch_14.jpg
imagenet_r,n02091032,n02091032/sketch_15.jpg
imagenet_r,n02091032,n02091032/sketch_16.jpg
imagenet_r,n02091032,n02091032/sketch_17.jpg
imagenet_r,n02091032,n02091032/sketch_18.jpg
imagenet_r,n02091032,n02091032/sketch_19.jpg
imagenet_r,n02091032,n02091032/sketch_2.jpg
imagenet_r,n02091032,n02091032/sketch_20.jpg
imagenet_r,n02091032,n02091032/sketch_21.jpg
imagenet_r,n02091032,n02091032/sketch_22.jpg
imagenet_r,n02091032,n02091032/sketch_23.jpg
imagenet_r,n02091032,n02091032/sketch_3.jpg
imagenet_r,n02091032,n02091032/sketch_4.jpg
imagenet_r,n02091134,n02091134/misc_0.jpg
imagenet_r,n02091134,n02091134/misc_1.jpg
imagenet_r,n02091134,n02091134/misc_10.jpg
imagenet_r,n02091134,n02091134/misc_11.jpg
imagenet_r,n02091134,n02091134/misc_12.jpg
imagenet_r,n02091134,n02091134/misc_13.jpg
imagenet_r,n02091134,n02091134/misc_14.jpg
imagenet_r,n02091134,n02091134/misc_15.jpg
imagenet_r,n02091134,n02091134/misc_16.jpg
imagenet_r,n02091134,n02091134/misc_17.jpg
imagenet_r,n02091134,n02091134/misc_18.jpg
imagenet_r,n02091134,n02091134/misc_19.jpg
imagenet_r,n02091134,n02091134/misc_2.jpg
imagenet_r,n02091134,n02091134/misc_20.jpg
imagenet_r,n02091134,n02091134/misc_21.jpg
imagenet_r,n02091134,n02091134/misc_22.jpg
imagenet_r,n02091134,n02091134/misc_23.jpg
imagenet_r,n02091134,n02091134/misc_24.jpg
imagenet_r,n02091134,n02091134/misc_25.jpg
imagenet_r,n02091134,n02091134/misc_26.jpg
imagenet_r,n02091134,n02091134/misc_27.jpg
imagenet_r,n02091134,n02091134/misc_28.jpg
imagenet_r,n02091134,n02091134/misc_29.jpg
imagenet_r,n02091134,n02091134/misc_3.jpg
imagenet_r,n02091134,n02091134/misc_30.jpg
imagenet_r,n02091134,n02091134/misc_31.jpg
imagenet_r,n02091134,n02091134/misc_32.jpg
imagenet_r,n02091134,n02091134/misc_33.jpg
imagenet_r,n02091134,n02091134/misc_34.jpg
imagenet_r,n02091134,n02091134/misc_35.jpg
imagenet_r,n02091134,n02091134/misc_36.jpg
imagenet_r,n02091134,n02091134/misc_37.jpg
imagenet_r,n02091134,n02091134/misc_38.jpg
imagenet_r,n02091134,n02091134/misc_39.jpg
imagenet_r,n02091134,n02091134/misc_4.jpg
imagenet_r,n02091134,n02091134/misc_40.jpg
imagenet_r,n02091134,n02091134/misc_41.jpg
imagenet_r,n02091134,n02091134/misc_42.jpg
imagenet_r,n02091134,n02091134/misc_43.jpg
imagenet_r,n02091134,n02091134/misc_44.jpg
imagenet_r,n02091134,n02091134/misc_45.jpg
imagenet_r,n02091134,n02091134/misc_46.jpg
imagenet_r,n02091134,n02091134/misc_47.jpg
imagenet_r,n02091134,n02091134/misc_48.jpg
imagenet_r,n02091134,n02091134/misc_49.jpg
imagenet_r,n02091134,n02091134/misc_5.jpg
imagenet_r,n02091134,n02091134/misc_50.jpg
imagenet_r,n02091134,n02091134/misc_51.jpg
imagenet_r,n02091134,n02091134/misc_52.jpg
imagenet_r,n02091134,n02091134/misc_53.jpg
imagenet_r,n02092339,n02092339/misc_0.jpg
imagenet_r,n02092339,n02092339/misc_1.jpg
imagenet_r,n02092339,n02092339/misc_10.jpg
imagenet_r,n02092339,n02092339/misc_11.jpg
imagenet_r,n02092339,n02092339/misc_12.jpg
imagenet_r,n02092339,n02092339/misc_13.jpg
imagenet_r,n02092339,n02092339/misc_14.jpg
imagenet_r,n02092339,n02092339/misc_15.jpg
imagenet_r,n02092339,n02092339/misc_16.jpg
imagenet_r,n02092339,n02092339/misc_17.jpg
imagenet_r,n02092339,n02092339/misc_18.jpg
imagenet_r,n02092339,n02092339/misc_19.jpg
imagenet_r,n02092339,n02092339/misc_2.jpg
imagenet_r,n02092339,n02092339/misc_20.jpg
imagenet_r,n02092339,n02092339/misc_21.jpg
imagenet_r,n02092339,n02092339/misc_22.jpg
imagenet_r,n02092339,n02092339/misc_23.jpg
imagenet_r,n02092339,n02092339/misc_24.jpg
imagenet_r,n02092339,n02092339/misc_25.jpg
imagenet_r,n02092339,n02092339/misc_26.jpg
imagenet_r,n02092339,n02092339/misc_27.jpg
imagenet_r,n02092339,n02092339/misc_28.jpg
imagenet_r,n02092339,n02092339/misc_29.jpg
imagenet_r,n02092339,n02092339/misc_3.jpg
imagenet_r,n02092339,n02092339/misc_30.jpg
imagenet_r,n02092339,n02092339/misc_31.jpg
imagenet_r,n02092339,n02092339/misc_32.jpg
imagenet_r,n02092339,n02092339/misc_33.jpg
imagenet_r,n02092339,n02092339/misc_34.jpg
imagenet_r,n02092339,n02092339/misc_35.jpg
imagenet_r,n02092339,n02092339/misc_36.jpg
imagenet_r,n02092339,n02092339/misc_37.jpg
imagenet_r,n02092339,n02092339/misc_38.jpg
imagenet_r,n02092339,n02092339/misc_39.jpg
imagenet_r,n02092339,n02092339/misc_4.jpg
imagenet_r,n02092339,n02092339/misc_40.jpg
imagenet_r,n02092339,n02092339/misc_41.jpg
imagenet_r,n02092339,n02092339/misc_42.jpg
imagenet_r,n02092339,n02092339/misc_43.jpg
imagenet_r,n02092339,n02092339/misc_44.jpg
imagenet_r,n02092339,n02092339/misc_45.jpg
imagenet_r,n02092339,n02092339/misc_46.jpg
imagenet_r,n02092339,n02092339/misc_47.jpg
imagenet_r,n02092339,n02092339/misc_48.jpg
imagenet_r,n02092339,n02092339/misc_49.jpg
imagenet_r,n02092339,n02092339/misc_5.jpg
imagenet_r,n02092339,n02092339/misc_50.jpg
imagenet_r,n02092339,n02092339/misc_6.jpg
imagenet_r,n02092339,n02092339/misc_7.jpg
imagenet_r,n02092339,n02092339/misc_8.jpg
imagenet_r,n02094433,n02094433/deviantart_0.jpg
imagenet_r,n02094433,n02094433/misc_0.jpg
imagenet_r,n02094433,n02094433/misc_1.jpg
imagenet_r,n02094433,n02094433/misc_10.jpg
imagenet_r,n02094433,n02094433/misc_11.jpg
imagenet_r,n02094433,n02094433/misc_12.jpg
imagenet_r,n02094433,n02094433/misc_13.jpg
imagenet_r,n02094433,n02094433/misc_14.jpg
imagenet_r,n02094433,n02094433/misc_15.jpg
imagenet_r,n02094433,n02094433/misc_16.jpg
imagenet_r,n02094433,n02094433/misc_17.jpg
imagenet_r,n02094433,n02094433/misc_18.jpg
imagenet_r,n02094433,n02094433/misc_19.jpg
imagenet_r,n02094433,n02094433/misc_2.jpg
imagenet_r,n02094433,n02094433/misc_20.jpg
imagenet_r,n02094433,n02094433/misc_21.jpg
imagenet_r,n02094433,n02094433/misc_22.jpg
imagenet_r,n02094433,n02094433/misc_23.jpg
imagenet_r,n02094433,n02094433/misc_24.jpg
imagenet_r,n02094433,n02094433/misc_25.jpg
imagenet_r,n02094433,n02094433/misc_26.jpg
imagenet_r,n02094433,n02094433/misc_27.jpg
imagenet_r,n02094433,n02094433/misc_28.jpg
imagenet_r,n02094433,n02094433/misc_29.jpg
imagenet_r,n02094433,n02094433/misc_3.jpg
imagenet_r,n02094433,n02094433/misc_30.jpg
imagenet_r,n02094433,n02094433/misc_31.jpg
imagenet_r,n02094433,n02094433/misc_32.jpg
imagenet_r,n02094433,n02094433/misc_33.jpg
imagenet_r,n02094433,n02094433/misc_34.jpg
imagenet_r,n02094433,n02094433/misc_35.jpg
imagenet_r,n02094433,n02094433/misc_36.jpg
imagenet_r,n02094433,n02094433/misc_37.jpg
imagenet_r,n02094433,n02094433/misc_38.jpg
imagenet_r,n02094433,n02094433/misc_39.jpg
imagenet_r,n02094433,n02094433/misc_4.jpg
imagenet_r,n02094433,n02094433/misc_40.jpg
imagenet_r,n02094433,n02094433/misc_41.jpg
imagenet_r,n02094433,n02094433/misc_42.jpg
imagenet_r,n02094433,n02094433/misc_43.jpg
imagenet_r,n02094433,n02094433/misc_44.jpg
imagenet_r,n02094433,n02094433/misc_45.jpg
imagenet_r,n02094433,n02094433/misc_46.jpg
imagenet_r,n02094433,n02094433/misc_47.jpg
imagenet_r,n02094433,n02094433/misc_48.jpg
imagenet_r,n02094433,n02094433/misc_49.jpg
imagenet_r,n02094433,n02094433/misc_5.jpg
imagenet_r,n02094433,n02094433/misc_50.jpg
imagenet_r,n02094433,n02094433/misc_51.jpg
imagenet_r,n02094433,n02094433/misc_52.jpg
imagenet_r,n02096585,n02096585/misc_0.jpg
imagenet_r,n02096585,n02096585/misc_1.jpg
imagenet_r,n02096585,n02096585/misc_10.jpg
imagenet_r,n02096585,n02096585/misc_100.jpg
imagenet_r,n02096585,n02096585/misc_101.jpg
imagenet_r,n02096585,n02096585/misc_102.jpg
imagenet_r,n02096585,n02096585/misc_103.jpg
imagenet_r,n02096585,n02096585/misc_104.jpg
imagenet_r,n02096585,n02096585/misc_105.jpg
imagenet_r,n02096585,n02096585/misc_106.jpg
imagenet_r,n02096585,n02096585/misc_107.jpg
imagenet_r,n02096585,n02096585/misc_108.jpg
imagenet_r,n02096585,n02096585/misc_109.jpg
imagenet_r,n02096585,n02096585/misc_11.jpg
imagenet_r,n02096585,n02096585/misc_110.jpg
imagenet_r,n02096585,n02096585/misc_111.jpg
imagenet_r,n02096585,n02096585/misc_112.jpg
imagenet_r,n02096585,n02096585/misc_113.jpg
imagenet_r,n02096585,n02096585/misc_114.jpg
imagenet_r,n02096585,n02096585/misc_115.jpg
imagenet_r,n02096585,n02096585/misc_116.jpg
imagenet_r,n02096585,n02096585/misc_117.jpg
imagenet_r,n02096585,n02096585/misc_118.jpg
imagenet_r,n02096585,n02096585/misc_119.jpg
imagenet_r,n02096585,n02096585/misc_12.jpg
imagenet_r,n02096585,n02096585/misc_120.jpg
imagenet_r,n02096585,n02096585/misc_121.jpg
imagenet_r,n02096585,n02096585/misc_122.jpg
imagenet_r,n02096585,n02096585/misc_123.jpg
imagenet_r,n02096585,n02096585/misc_124.jpg
imagenet_r,n02096585,n02096585/misc_125.jpg
imagenet_r,n02096585,n02096585/misc_126.jpg
imagenet_r,n02096585,n02096585/misc_127.jpg
imagenet_r,n02096585,n02096585/misc_128.jpg
imagenet_r,n02096585,n02096585/misc_129.jpg
imagenet_r,n02096585,n02096585/misc_13.jpg
imagenet_r,n02096585,n02096585/misc_130.jpg
imagenet_r,n02096585,n02096585/misc_131.jpg
imagenet_r,n02096585,n02096585/misc_132.jpg
imagenet_r,n02096585,n02096585/misc_133.jpg
imagenet_r,n02096585,n02096585/misc_134.jpg
imagenet_r,n02096585,n02096585/misc_135.jpg
imagenet_r,n02096585,n02096585/misc_136.jpg
imagenet_r,n02096585,n02096585/misc_137.jpg
imagenet_r,n02096585,n02096585/misc_138.jpg
imagenet_r,n02096585,n02096585/misc_139.jpg
imagenet_r,n02096585,n02096585/misc_14.jpg
imagenet_r,n02096585,n02096585/misc_140.jpg
imagenet_r,n02096585,n02096585/misc_141.jpg
imagenet_r,n02096585,n02096585/misc_142.jpg
imagenet_r,n02097298,n02097298/misc_0.jpg
imagenet_r,n02097298,n02097298/misc_1.jpg
imagenet_r,n02097298,n02097298/misc_10.jpg
imagenet_r,n02097298,n02097298/misc_11.jpg
imagenet_r,n02097298,n02097298/misc_12.jpg
imagenet_r,n02097298,n02097298/misc_13.jpg
imagenet_r,n02097298,n02097298/misc_14.jpg
imagenet_r,n02097298,n02097298/misc_15.jpg
imagenet_r,n02097298,n02097298/misc_16.jpg
imagenet_r,n02097298,n02097298/misc_17.jpg
imagenet_r,n02097298,n02097298/misc_18.jpg
imagenet_r,n02097298,n02097298/misc_19.jpg
imagenet_r,n02097298,n02097298/misc_2.jpg
imagenet_r,n02097298,n02097298/misc_20.jpg
imagenet_r,n02097298,n02097298/misc_21.jpg
imagenet_r,n02097298,n02097298/misc_22.jpg
imagenet_r,n02097298,n02097298/misc_23.jpg
imagenet_r,n02097298,n02097298/misc_24.jpg
imagenet_r,n02097298,n02097298/misc_25.jpg
imagenet_r,n02097298,n02097298/misc_26.jpg
imagenet_r,n02097298,n02097298/misc_27.jpg
imagenet_r,n02097298,n02097298/misc_28.jpg
imagenet_r,n02097298,n02097298/misc_29.jpg
imagenet_r,n02097298,n02097298/misc_3.jpg
imagenet_r,n02097298,n02097298/misc_30.jpg
imagenet_r,n02097298,n02097298/misc_31.jpg
imagenet_r,n02097298,n02097298/misc_32.jpg
imagenet_r,n02097298,n02097298/misc_33.jpg
imagenet_r,n02097298,n02097298/misc_34.jpg
imagenet_r,n02097298,n02097298/misc_35.jpg
imagenet_r,n02097298,n02097298/misc_36.jpg
imagenet_r,n02097298,n02097298/misc_37.jpg
imagenet_r,n02097298,n02097298/misc_38.jpg
imagenet_r,n02097298,n02097298/misc_39.jpg
imagenet_r,n02097298,n02097298/misc_4.jpg
imagenet_r,n02097298,n02097298/misc_40.jpg
imagenet_r,n02097298,n02097298/misc_41.jpg
imagenet_r,n02097298,n02097298/misc_42.jpg
imagenet_r,n02097298,n02097298/misc_43.jpg
imagenet_r,n02097298,n02097298/misc_44.jpg
imagenet_r,n02097298,n02097298/misc_45.jpg
imagenet_r,n02097298,n02097298/misc_46.jpg
imagenet_r,n02097298,n02097298/misc_47.jpg
imagenet_r,n02097298,n02097298/misc_48.jpg
imagenet_r,n02097298,n02097298/misc_49.jpg
imagenet_r,n02097298,n02097298/misc_5.jpg
imagenet_r,n02097298,n02097298/misc_50.jpg
imagenet_r,n02097298,n02097298/misc_51.jpg
imagenet_r,n02097298,n02097298/misc_52.jpg
imagenet_r,n02097298,n02097298/misc_53.jpg
imagenet_r,n02098286,n02098286/misc_0.jpg
imagenet_r,n02098286,n02098286/misc_1.jpg
imagenet_r,n02098286,n02098286/misc_10.jpg
imagenet_r,n02098286,n02098286/misc_11.jpg
imagenet_r,n02098286,n02098286/misc_12.jpg
imagenet_r,n02098286,n02098286/misc_13.jpg
imagenet_r,n02098286,n02098286/misc_14.jpg
imagenet_r,n02098286,n02098286/misc_15.jpg
imagenet_r,n02098286,n02098286/misc_16.jpg
imagenet_r,n02098286,n02098286/misc_17.jpg
imagenet_r,n02098286,n02098286/misc_18.jpg
imagenet_r,n02098286,n02098286/misc_19.jpg
imagenet_r,n02098286,n02098286/misc_2.jpg
imagenet_r,n02098286,n02098286/misc_20.jpg
imagenet_r,n02098286,n02098286/misc_21.jpg
imagenet_r,n02098286,n02098286/misc_22.jpg
imagenet_r,n02098286,n02098286/misc_23.jpg
imagenet_r,n02098286,n02098286/misc_24.jpg
imagenet_r,n02098286,n02098286/misc_25.jpg
imagenet_r,n02098286,n02098286/misc_26.jpg
imagenet_r,n02098286,n02098286/misc_27.jpg
imagenet_r,n02098286,n02098286/misc_28.jpg
imagenet_r,n02098286,n02098286/misc_29.jpg
imagenet_r,n02098286,n02098286/misc_3.jpg
imagenet_r,n02098286,n02098286/misc_30.jpg
imagenet_r,n02098286,n02098286/misc_31.jpg
imagenet_r,n02098286,n02098286/misc_32.jpg
imagenet_r,n02098286,n02098286/misc_33.jpg
imagenet_r,n02098286,n02098286/misc_34.jpg
imagenet_r,n02098286,n02098286/misc_35.jpg
imagenet_r,n02098286,n02098286/misc_36.jpg
imagenet_r,n02098286,n02098286/misc_37.jpg
imagenet_r,n02098286,n02098286/misc_38.jpg
imagenet_r,n02098286,n02098286/misc_39.jpg
imagenet_r,n02098286,n02098286/misc_4.jpg
imagenet_r,n02098286,n02098286/misc_40.jpg
imagenet_r,n02098286,n02098286/misc_41.jpg
imagenet_r,n02098286,n02098286/misc_42.jpg
imagenet_r,n02098286,n02098286/misc_43.jpg
imagenet_r,n02098286,n02098286/misc_44.jpg
imagenet_r,n02098286,n02098286/misc_45.jpg
imagenet_r,n02098286,n02098286/misc_46.jpg
imagenet_r,n02098286,n02098286/misc_47.jpg
imagenet_r,n02098286,n02098286/misc_48.jpg
imagenet_r,n02098286,n02098286/misc_49.jpg
imagenet_r,n02098286,n02098286/misc_5.jpg
imagenet_r,n02098286,n02098286/misc_6.jpg
imagenet_r,n02098286,n02098286/misc_7.jpg
imagenet_r,n02098286,n02098286/misc_8.jpg
imagenet_r,n02098286,n02098286/misc_9.jpg
imagenet_r,n02099601,n02099601/misc_0.jpg
imagenet_r,n02099601,n02099601/misc_1.jpg
imagenet_r,n02099601,n02099601/misc_10.jpg
imagenet_r,n02099601,n02099601/misc_100.jpg
imagenet_r,n02099601,n02099601/misc_101.jpg
imagenet_r,n02099601,n02099601/misc_102.jpg
imagenet_r,n02099601,n02099601/misc_103.jpg
imagenet_r,n02099601,n02099601/misc_104.jpg
imagenet_r,n02099601,n02099601/misc_105.jpg
imagenet_r,n02099601,n02099601/misc_106.jpg
imagenet_r,n02099601,n02099601/misc_107.jpg
imagenet_r,n02099601,n02099601/misc_108.jpg
imagenet_r,n02099601,n02099601/misc_11.jpg
imagenet_r,n02099601,n02099601/misc_12.jpg
imagenet_r,n02099601,n02099601/misc_13.jpg
imagenet_r,n02099601,n02099601/misc_14.jpg
imagenet_r,n02099601,n02099601/misc_15.jpg
imagenet_r,n02099601,n02099601/misc_16.jpg
imagenet_r,n02099601,n02099601/misc_17.jpg
imagenet_r,n02099601,n02099601/misc_18.jpg
imagenet_r,n02099601,n02099601/misc_19.jpg
imagenet_r,n02099601,n02099601/misc_2.jpg
imagenet_r,n02099601,n02099601/misc_20.jpg
imagenet_r,n02099601,n02099601/misc_21.jpg
imagenet_r,n02099601,n02099601/misc_22.jpg
imagenet_r,n02099601,n02099601/misc_23.jpg
imagenet_r,n02099601,n02099601/misc_24.jpg
imagenet_r,n02099601,n02099601/misc_25.jpg
imagenet_r,n02099601,n02099601/misc_26.jpg
imagenet_r,n02099601,n02099601/misc_27.jpg
imagenet_r,n02099601,n02099601/misc_28.jpg
imagenet_r,n02099601,n02099601/misc_29.jpg
imagenet_r,n02099601,n02099601/misc_3.jpg
imagenet_r,n02099601,n02099601/misc_30.jpg
imagenet_r,n02099601,n02099601/misc_31.jpg
imagenet_r,n02099601,n02099601/misc_32.jpg
imagenet_r,n02099601,n02099601/misc_33.jpg
imagenet_r,n02099601,n02099601/misc_34.jpg
imagenet_r,n02099601,n02099601/misc_35.jpg
imagenet_r,n02099601,n02099601/misc_36.jpg
imagenet_r,n02099601,n02099601/misc_37.jpg
imagenet_r,n02099601,n02099601/misc_38.jpg
imagenet_r,n02099601,n02099601/misc_39.jpg
imagenet_r,n02099601,n02099601/misc_4.jpg
imagenet_r,n02099601,n02099601/misc_40.jpg
imagenet_r,n02099601,n02099601/misc_41.jpg
imagenet_r,n02099601,n02099601/misc_42.jpg
imagenet_r,n02099601,n02099601/misc_43.jpg
imagenet_r,n02099601,n02099601/misc_44.jpg
imagenet_r,n02099601,n02099601/misc_45.jpg
imagenet_r,n02099712,n02099712/misc_0.jpg
imagenet_r,n02099712,n02099712/misc_1.jpg
imagenet_r,n02099712,n02099712/misc_10.jpg
imagenet_r,n02099712,n02099712/misc_11.jpg
imagenet_r,n02099712,n02099712/misc_12.jpg
imagenet_r,n02099712,n02099712/misc_13.jpg
imagenet_r,n02099712,n02099712/misc_14.jpg
imagenet_r,n02099712,n02099712/misc_15.jpg
imagenet_r,n02099712,n02099712/misc_16.jpg
imagenet_r,n02099712,n02099712/misc_17.jpg
imagenet_r,n02099712,n02099712/misc_18.jpg
imagenet_r,n02099712,n02099712/misc_19.jpg
imagenet_r,n02099712,n02099712/misc_2.jpg
imagenet_r,n02099712,n02099712/misc_20.jpg
imagenet_r,n02099712,n02099712/misc_21.jpg
imagenet_r,n02099712,n02099712/misc_22.jpg
imagenet_r,n02099712,n02099712/misc_23.jpg
imagenet_r,n02099712,n02099712/misc_24.jpg
imagenet_r,n02099712,n02099712/misc_25.jpg
imagenet_r,n02099712,n02099712/misc_26.jpg
imagenet_r,n02099712,n02099712/misc_27.jpg
imagenet_r,n02099712,n02099712/misc_28.jpg
imagenet_r,n02099712,n02099712/misc_29.jpg
imagenet_r,n02099712,n02099712/misc_3.jpg
imagenet_r,n02099712,n02099712/misc_30.jpg
imagenet_r,n02099712,n02099712/misc_31.jpg
imagenet_r,n02099712,n02099712/misc_32.jpg
imagenet_r,n02099712,n02099712/misc_33.jpg
imagenet_r,n02099712,n02099712/misc_34.jpg
imagenet_r,n02099712,n02099712/misc_35.jpg
imagenet_r,n02099712,n02099712/misc_36.jpg
imagenet_r,n02099712,n02099712/misc_37.jpg
imagenet_r,n02099712,n02099712/misc_38.jpg
imagenet_r,n02099712,n02099712/misc_39.jpg
imagenet_r,n02099712,n02099712/misc_4.jpg
imagenet_r,n02099712,n02099712/misc_40.jpg
imagenet_r,n02099712,n02099712/misc_41.jpg
imagenet_r,n02099712,n02099712/misc_42.jpg
imagenet_r,n02099712,n02099712/misc_43.jpg
imagenet_r,n02099712,n02099712/misc_44.jpg
imagenet_r,n02099712,n02099712/misc_45.jpg
imagenet_r,n02099712,n02099712/misc_46.jpg
imagenet_r,n02099712,n02099712/misc_47.jpg
imagenet_r,n02099712,n02099712/misc_48.jpg
imagenet_r,n02099712,n02099712/misc_49.jpg
imagenet_r,n02099712,n02099712/misc_5.jpg
imagenet_r,n02099712,n02099712/misc_50.jpg
imagenet_r,n02099712,n02099712/misc_6.jpg
imagenet_r,n02099712,n02099712/misc_7.jpg
imagenet_r,n02099712,n02099712/misc_8.jpg
imagenet_r,n02102318,n02102318/art_0.jpg
imagenet_r,n02102318,n02102318/art_1.jpg
imagenet_r,n02102318,n02102318/cartoon_0.jpg
imagenet_r,n02102318,n02102318/cartoon_1.jpg
imagenet_r,n02102318,n02102318/cartoon_2.jpg
imagenet_r,n02102318,n02102318/cartoon_3.jpg
imagenet_r,n02102318,n02102318/cartoon_4.jpg
imagenet_r,n02102318,n02102318/embroidery_0.jpg
imagenet_r,n02102318,n02102318/embroidery_1.jpg
imagenet_r,n02102318,n02102318/embroidery_2.jpg
imagenet_r,n02102318,n02102318/graphic_0.jpg
imagenet_r,n02102318,n02102318/graphic_1.jpg
imagenet_r,n02102318,n02102318/graphic_2.jpg
imagenet_r,n02102318,n02102318/misc_0.jpg
imagenet_r,n02102318,n02102318/misc_1.jpg
imagenet_r,n02102318,n02102318/misc_10.jpg
imagenet_r,n02102318,n02102318/misc_11.jpg
imagenet_r,n02102318,n02102318/misc_12.jpg
imagenet_r,n02102318,n02102318/misc_13.jpg
imagenet_r,n02102318,n02102318/misc_14.jpg
imagenet_r,n02102318,n02102318/misc_15.jpg
imagenet_r,n02102318,n02102318/misc_16.jpg
imagenet_r,n02102318,n02102318/misc_17.jpg
imagenet_r,n02102318,n02102318/misc_18.jpg
imagenet_r,n02102318,n02102318/misc_19.jpg
imagenet_r,n02102318,n02102318/misc_2.jpg
imagenet_r,n02102318,n02102318/misc_20.jpg
imagenet_r,n02102318,n02102318/misc_21.jpg
imagenet_r,n02102318,n02102318/misc_22.jpg
imagenet_r,n02102318,n02102318/misc_23.jpg
imagenet_r,n02102318,n02102318/misc_24.jpg
imagenet_r,n02102318,n02102318/misc_25.jpg
imagenet_r,n02102318,n02102318/misc_26.jpg
imagenet_r,n02102318,n02102318/misc_27.jpg
imagenet_r,n02102318,n02102318/misc_28.jpg
imagenet_r,n02102318,n02102318/misc_29.jpg
imagenet_r,n02102318,n02102318/misc_3.jpg
imagenet_r,n02102318,n02102318/misc_30.jpg
imagenet_r,n02102318,n02102318/misc_31.jpg
imagenet_r,n02102318,n02102318/misc_32.jpg
imagenet_r,n02102318,n02102318/misc_33.jpg
imagenet_r,n02102318,n02102318/misc_34.jpg
imagenet_r,n02102318,n02102318/misc_35.jpg
imagenet_r,n02102318,n02102318/misc_36.jpg
imagenet_r,n02102318,n02102318/misc_37.jpg
imagenet_r,n02102318,n02102318/misc_38.jpg
imagenet_r,n02102318,n02102318/misc_39.jpg
imagenet_r,n02102318,n02102318/misc_4.jpg
imagenet_r,n02102318,n02102318/misc_40.jpg
imagenet_r,n02102318,n02102318/misc_41.jpg
imagenet_r,n02106030,n02106030/art_0.jpg
imagenet_r,n02106030,n02106030/art_1.jpg
imagenet_r,n02106030,n02106030/art_10.jpg
imagenet_r,n02106030,n02106030/art_11.jpg
imagenet_r,n02106030,n02106030/art_12.jpg
imagenet_r,n02106030,n02106030/art_13.jpg
imagenet_r,n02106030,n02106030/art_14.jpg
imagenet_r,n02106030,n02106030/art_15.jpg
imagenet_r,n02106030,n02106030/art_2.jpg
imagenet_r,n02106030,n02106030/art_3.jpg
imagenet_r,n02106030,n02106030/art_4.jpg
imagenet_r,n02106030,n02106030/art_5.jpg
imagenet_r,n02106030,n02106030/art_6.jpg
imagenet_r,n02106030,n02106030/art_7.jpg
imagenet_r,n02106030,n02106030/art_8.jpg
imagenet_r,n02106030,n02106030/art_9.jpg
imagenet_r,n02106030,n02106030/cartoon_0.jpg
imagenet_r,n02106030,n02106030/cartoon_1.jpg
imagenet_r,n02106030,n02106030/cartoon_2.jpg
imagenet_r,n02106030,n02106030/cartoon_3.jpg
imagenet_r,n02106030,n02106030/cartoon_4.jpg
imagenet_r,n02106030,n02106030/cartoon_5.jpg
imagenet_r,n02106030,n02106030/cartoon_6.jpg
imagenet_r,n02106030,n02106030/cartoon_7.jpg
imagenet_r,n02106030,n02106030/cartoon_8.jpg
imagenet_r,n02106030,n02106030/embroidery_0.jpg
imagenet_r,n02106030,n02106030/graphic_0.jpg
imagenet_r,n02106030,n02106030/misc_0.jpg
imagenet_r,n02106030,n02106030/origami_0.jpg
imagenet_r,n02106030,n02106030/painting_0.jpg
imagenet_r,n02106030,n02106030/painting_1.jpg
imagenet_r,n02106030,n02106030/painting_10.jpg
imagenet_r,n02106030,n02106030/painting_11.jpg
imagenet_r,n02106030,n02106030/painting_12.jpg
imagenet_r,n02106030,n02106030/painting_13.jpg
imagenet_r,n02106030,n02106030/painting_14.jpg
imagenet_r,n02106030,n02106030/painting_15.jpg
imagenet_r,n02106030,n02106030/painting_16.jpg
imagenet_r,n02106030,n02106030/painting_17.jpg
imagenet_r,n02106030,n02106030/painting_18.jpg
imagenet_r,n02106030,n02106030/painting_19.jpg
imagenet_r,n02106030,n02106030/painting_2.jpg
imagenet_r,n02106030,n02106030/painting_20.jpg
imagenet_r,n02106030,n02106030/painting_21.jpg
imagenet_r,n02106030,n02106030/painting_22.jpg
imagenet_r,n02106030,n02106030/painting_3.jpg
imagenet_r,n02106030,n02106030/painting_4.jpg
imagenet_r,n02106030,n02106030/painting_5.jpg
imagenet_r,n02106030,n02106030/painting_6.jpg
imagenet_r,n02106030,n02106030/painting_7.jpg
imagenet_r,n02106166,n02106166/art_0.jpg
imagenet_r,n02106166,n02106166/art_1.jpg
imagenet_r,n02106166,n02106166/art_2.jpg
imagenet_r,n02106166,n02106166/art_3.jpg
imagenet_r,n02106166,n02106166/art_4.jpg
imagenet_r,n02106166,n02106166/art_5.jpg
imagenet_r,n02106166,n02106166/art_6.jpg
imagenet_r,n02106166,n02106166/art_7.jpg
imagenet_r,n02106166,n02106166/cartoon_0.jpg
imagenet_r,n02106166,n02106166/cartoon_1.jpg
imagenet_r,n02106166,n02106166/cartoon_10.jpg
imagenet_r,n02106166,n02106166/cartoon_2.jpg
imagenet_r,n02106166,n02106166/cartoon_3.jpg
imagenet_r,n02106166,n02106166/cartoon_4.jpg
imagenet_r,n02106166,n02106166/cartoon_5.jpg
imagenet_r,n02106166,n02106166/cartoon_6.jpg
imagenet_r,n02106166,n02106166/cartoon_7.jpg
imagenet_r,n02106166,n02106166/cartoon_8.jpg
imagenet_r,n02106166,n02106166/cartoon_9.jpg
imagenet_r,n02106166,n02106166/embroidery_0.jpg
imagenet_r,n02106166,n02106166/embroidery_1.jpg
imagenet_r,n02106166,n02106166/graffiti_0.jpg
imagenet_r,n02106166,n02106166/graphic_0.jpg
imagenet_r,n02106166,n02106166/misc_0.jpg
imagenet_r,n02106166,n02106166/misc_1.jpg
imagenet_r,n02106166,n02106166/misc_10.jpg
imagenet_r,n02106166,n02106166/misc_11.jpg
imagenet_r,n02106166,n02106166/misc_12.jpg
imagenet_r,n02106166,n02106166/misc_13.jpg
imagenet_r,n02106166,n02106166/misc_14.jpg
imagenet_r,n02106166,n02106166/misc_15.jpg
imagenet_r,n02106166,n02106166/misc_16.jpg
imagenet_r,n02106166,n02106166/misc_17.jpg
imagenet_r,n02106166,n02106166/misc_18.jpg
imagenet_r,n02106166,n02106166/misc_19.jpg
imagenet_r,n02106166,n02106166/misc_2.jpg
imagenet_r,n02106166,n02106166/misc_20.jpg
imagenet_r,n02106166,n02106166/misc_3.jpg
imagenet_r,n02106166,n02106166/misc_4.jpg
imagenet_r,n02106166,n02106166/misc_5.jpg
imagenet_r,n02106166,n02106166/misc_6.jpg
imagenet_r,n02106166,n02106166/misc_7.jpg
imagenet_r,n02106166,n02106166/misc_8.jpg
imagenet_r,n02106166,n02106166/misc_9.jpg
imagenet_r,n02106166,n02106166/painting_0.jpg
imagenet_r,n02106166,n02106166/painting_1.jpg
imagenet_r,n02106166,n02106166/painting_10.jpg
imagenet_r,n02106166,n02106166/painting_11.jpg
imagenet_r,n02106166,n02106166/painting_12.jpg
imagenet_r,n02106166,n02106166/painting_13.jpg
imagenet_r,n02106550,n02106550/misc_0.jpg
imagenet_r,n02106550,n02106550/misc_1.jpg
imagenet_r,n02106550,n02106550/misc_10.jpg
imagenet_r,n02106550,n02106550/misc_11.jpg
imagenet_r,n02106550,n02106550/misc_12.jpg
imagenet_r,n02106550,n02106550/misc_13.jpg
imagenet_r,n02106550,n02106550/misc_14.jpg
imagenet_r,n02106550,n02106550/misc_15.jpg
imagenet_r,n02106550,n02106550/misc_16.jpg
imagenet_r,n02106550,n02106550/misc_17.jpg
imagenet_r,n02106550,n02106550/misc_18.jpg
imagenet_r,n02106550,n02106550/misc_19.jpg
imagenet_r,n02106550,n02106550/misc_2.jpg
imagenet_r,n02106550,n02106550/misc_20.jpg
imagenet_r,n02106550,n02106550/misc_21.jpg
imagenet_r,n02106550,n02106550/misc_22.jpg
imagenet_r,n02106550,n02106550/misc_23.jpg
imagenet_r,n02106550,n02106550/misc_24.jpg
imagenet_r,n02106550,n02106550/misc_25.jpg
imagenet_r,n02106550,n02106550/misc_26.jpg
imagenet_r,n02106550,n02106550/misc_27.jpg
imagenet_r,n02106550,n02106550/misc_28.jpg
imagenet_r,n02106550,n02106550/misc_29.jpg
imagenet_r,n02106550,n02106550/misc_3.jpg
imagenet_r,n02106550,n02106550/misc_30.jpg
imagenet_r,n02106550,n02106550/misc_31.jpg
imagenet_r,n02106550,n02106550/misc_32.jpg
imagenet_r,n02106550,n02106550/misc_33.jpg
imagenet_r,n02106550,n02106550/misc_34.jpg
imagenet_r,n02106550,n02106550/misc_35.jpg
imagenet_r,n02106550,n02106550/misc_36.jpg
imagenet_r,n02106550,n02106550/misc_37.jpg
imagenet_r,n02106550,n02106550/misc_38.jpg
imagenet_r,n02106550,n02106550/misc_39.jpg
imagenet_r,n02106550,n02106550/misc_4.jpg
imagenet_r,n02106550,n02106550/misc_40.jpg
imagenet_r,n02106550,n02106550/misc_41.jpg
imagenet_r,n02106550,n02106550/misc_42.jpg
imagenet_r,n02106550,n02106550/misc_43.jpg
imagenet_r,n02106550,n02106550/misc_44.jpg
imagenet_r,n02106550,n02106550/misc_45.jpg
imagenet_r,n02106550,n02106550/misc_46.jpg
imagenet_r,n02106550,n02106550/misc_47.jpg
imagenet_r,n02106550,n02106550/misc_48.jpg
imagenet_r,n02106550,n02106550/misc_49.jpg
imagenet_r,n02106550,n02106550/misc_5.jpg
imagenet_r,n02106550,n02106550/misc_50.jpg
imagenet_r,n02106550,n02106550/misc_51.jpg
imagenet_r,n02106550,n02106550/misc_52.jpg
imagenet_r,n02106550,n02106550/misc_53.jpg
imagenet_r,n02106662,n02106662/misc_0.jpg
imagenet_r,n02106662,n02106662/misc_1.jpg
imagenet_r,n02106662,n02106662/misc_10.jpg
imagenet_r,n02106662,n02106662/misc_11.jpg
imagenet_r,n02106662,n02106662/misc_12.jpg
imagenet_r,n02106662,n02106662/misc_13.jpg
imagenet_r,n02106662,n02106662/misc_14.jpg
imagenet_r,n02106662,n02106662/misc_15.jpg
imagenet_r,n02106662,n02106662/misc_16.jpg
imagenet_r,n02106662,n02106662/misc_17.jpg
imagenet_r,n02106662,n02106662/misc_18.jpg
imagenet_r,n02106662,n02106662/misc_19.jpg
imagenet_r,n02106662,n02106662/misc_2.jpg
imagenet_r,n02106662,n02106662/misc_20.jpg
imagenet_r,n02106662,n02106662/misc_21.jpg
imagenet_r,n02106662,n02106662/misc_22.jpg
imagenet_r,n02106662,n02106662/misc_23.jpg
imagenet_r,n02106662,n02106662/misc_24.jpg
imagenet_r,n02106662,n02106662/misc_25.jpg
imagenet_r,n02106662,n02106662/misc_26.jpg
imagenet_r,n02106662,n02106662/misc_27.jpg
imagenet_r,n02106662,n02106662/misc_28.jpg
imagenet_r,n02106662,n02106662/misc_29.jpg
imagenet_r,n02106662,n02106662/misc_3.jpg
imagenet_r,n02106662,n02106662/misc_30.jpg
imagenet_r,n02106662,n02106662/misc_31.jpg
imagenet_r,n02106662,n02106662/misc_32.jpg
imagenet_r,n02106662,n02106662/misc_33.jpg
imagenet_r,n02106662,n02106662/misc_34.jpg
imagenet_r,n02106662,n02106662/misc_35.jpg
imagenet_r,n02106662,n02106662/misc_36.jpg
imagenet_r,n02106662,n02106662/misc_37.jpg
imagenet_r,n02106662,n02106662/misc_38.jpg
imagenet_r,n02106662,n02106662/misc_39.jpg
imagenet_r,n02106662,n02106662/misc_4.jpg
imagenet_r,n02106662,n02106662/misc_40.jpg
imagenet_r,n02106662,n02106662/misc_41.jpg
imagenet_r,n02106662,n02106662/misc_42.jpg
imagenet_r,n02106662,n02106662/misc_43.jpg
imagenet_r,n02106662,n02106662/misc_44.jpg
imagenet_r,n02106662,n02106662/misc_45.jpg
imagenet_r,n02106662,n02106662/misc_46.jpg
imagenet_r,n02106662,n02106662/misc_47.jpg
imagenet_r,n02106662,n02106662/misc_48.jpg
imagenet_r,n02106662,n02106662/misc_49.jpg
imagenet_r,n02106662,n02106662/misc_5.jpg
imagenet_r,n02106662,n02106662/misc_50.jpg
imagenet_r,n02106662,n02106662/misc_51.jpg
imagenet_r,n02106662,n02106662/misc_52.jpg
imagenet_r,n02106662,n02106662/misc_53.jpg
imagenet_r,n02108089,n02108089/misc_0.jpg
imagenet_r,n02108089,n02108089/misc_1.jpg
imagenet_r,n02108089,n02108089/misc_10.jpg
imagenet_r,n02108089,n02108089/misc_11.jpg
imagenet_r,n02108089,n02108089/misc_12.jpg
imagenet_r,n02108089,n02108089/misc_13.jpg
imagenet_r,n02108089,n02108089/misc_14.jpg
imagenet_r,n02108089,n02108089/misc_15.jpg
imagenet_r,n02108089,n02108089/misc_16.jpg
imagenet_r,n02108089,n02108089/misc_17.jpg
imagenet_r,n02108089,n02108089/misc_18.jpg
imagenet_r,n02108089,n02108089/misc_19.jpg
imagenet_r,n02108089,n02108089/misc_2.jpg
imagenet_r,n02108089,n02108089/misc_20.jpg
imagenet_r,n02108089,n02108089/misc_21.jpg
imagenet_r,n02108089,n02108089/misc_22.jpg
imagenet_r,n02108089,n02108089/misc_23.jpg
imagenet_r,n02108089,n02108089/misc_24.jpg
imagenet_r,n02108089,n02108089/misc_25.jpg
imagenet_r,n02108089,n02108089/misc_26.jpg
imagenet_r,n02108089,n02108089/misc_27.jpg
imagenet_r,n02108089,n02108089/misc_28.jpg
imagenet_r,n02108089,n02108089/misc_29.jpg
imagenet_r,n02108089,n02108089/misc_3.jpg
imagenet_r,n02108089,n02108089/misc_30.jpg
imagenet_r,n02108089,n02108089/misc_31.jpg
imagenet_r,n02108089,n02108089/misc_32.jpg
imagenet_r,n02108089,n02108089/misc_33.jpg
imagenet_r,n02108089,n02108089/misc_34.jpg
imagenet_r,n02108089,n02108089/misc_35.jpg
imagenet_r,n02108089,n02108089/misc_36.jpg
imagenet_r,n02108089,n02108089/misc_37.jpg
imagenet_r,n02108089,n02108089/misc_38.jpg
imagenet_r,n02108089,n02108089/misc_39.jpg
imagenet_r,n02108089,n02108089/misc_4.jpg
imagenet_r,n02108089,n02108089/misc_40.jpg
imagenet_r,n02108089,n02108089/misc_41.jpg
imagenet_r,n02108089,n02108089/misc_42.jpg
imagenet_r,n02108089,n02108089/misc_43.jpg
imagenet_r,n02108089,n02108089/misc_44.jpg
imagenet_r,n02108089,n02108089/misc_45.jpg
imagenet_r,n02108089,n02108089/misc_46.jpg
imagenet_r,n02108089,n02108089/misc_47.jpg
imagenet_r,n02108089,n02108089/misc_48.jpg
imagenet_r,n02108089,n02108089/misc_49.jpg
imagenet_r,n02108089,n02108089/misc_5.jpg
imagenet_r,n02108089,n02108089/misc_50.jpg
imagenet_r,n02108089,n02108089/misc_51.jpg
imagenet_r,n02108089,n02108089/misc_52.jpg
imagenet_r,n02108089,n02108089/misc_53.jpg
imagenet_r,n02108915,n02108915/misc_0.jpg
imagenet_r,n02108915,n02108915/misc_1.jpg
imagenet_r,n02108915,n02108915/misc_10.jpg
imagenet_r,n02108915,n02108915/misc_100.jpg
imagenet_r,n02108915,n02108915/misc_101.jpg
imagenet_r,n02108915,n02108915/misc_102.jpg
imagenet_r,n02108915,n02108915/misc_103.jpg
imagenet_r,n02108915,n02108915/misc_104.jpg
imagenet_r,n02108915,n02108915/misc_105.jpg
imagenet_r,n02108915,n02108915/misc_106.jpg
imagenet_r,n02108915,n02108915/misc_107.jpg
imagenet_r,n02108915,n02108915/misc_108.jpg
imagenet_r,n02108915,n02108915/misc_109.jpg
imagenet_r,n02108915,n02108915/misc_11.jpg
imagenet_r,n02108915,n02108915/misc_110.jpg
imagenet_r,n02108915,n02108915/misc_111.jpg
imagenet_r,n02108915,n02108915/misc_112.jpg
imagenet_r,n02108915,n02108915/misc_113.jpg
imagenet_r,n02108915,n02108915/misc_114.jpg
imagenet_r,n02108915,n02108915/misc_115.jpg
imagenet_r,n02108915,n02108915/misc_116.jpg
imagenet_r,n02108915,n02108915/misc_117.jpg
imagenet_r,n02108915,n02108915/misc_118.jpg
imagenet_r,n02108915,n02108915/misc_119.jpg
imagenet_r,n02108915,n02108915/misc_12.jpg
imagenet_r,n02108915,n02108915/misc_120.jpg
imagenet_r,n02108915,n02108915/misc_121.jpg
imagenet_r,n02108915,n02108915/misc_122.jpg
imagenet_r,n02108915,n02108915/misc_123.jpg
imagenet_r,n02108915,n02108915/misc_124.jpg
imagenet_r,n02108915,n02108915/misc_125.jpg
imagenet_r,n02108915,n02108915/misc_126.jpg
imagenet_r,n02108915,n02108915/misc_127.jpg
imagenet_r,n02108915,n02108915/misc_128.jpg
imagenet_r,n02108915,n02108915/misc_129.jpg
imagenet_r,n02108915,n02108915/misc_13.jpg
imagenet_r,n02108915,n02108915/misc_130.jpg
imagenet_r,n02108915,n02108915/misc_131.jpg
imagenet_r,n02108915,n02108915/misc_132.jpg
imagenet_r,n02108915,n02108915/misc_133.jpg
imagenet_r,n02108915,n02108915/misc_14.jpg
imagenet_r,n02108915,n02108915/misc_15.jpg
imagenet_r,n02108915,n02108915/misc_16.jpg
imagenet_r,n02108915,n02108915/misc_17.jpg
imagenet_r,n02108915,n02108915/misc_18.jpg
imagenet_r,n02108915,n02108915/misc_19.jpg
imagenet_r,n02108915,n02108915/misc_2.jpg
imagenet_r,n02108915,n02108915/misc_20.jpg
imagenet_r,n02108915,n02108915/misc_21.jpg
imagenet_r,n02108915,n02108915/misc_22.jpg
imagenet_r,n02109525,n02109525/misc_0.jpg
imagenet_r,n02109525,n02109525/misc_1.jpg
imagenet_r,n02109525,n02109525/misc_10.jpg
imagenet_r,n02109525,n02109525/misc_11.jpg
imagenet_r,n02109525,n02109525/misc_12.jpg
imagenet_r,n02109525,n02109525/misc_13.jpg
imagenet_r,n02109525,n02109525/misc_14.jpg
imagenet_r,n02109525,n02109525/misc_15.jpg
imagenet_r,n02109525,n02109525/misc_16.jpg
imagenet_r,n02109525,n02109525/misc_17.jpg
imagenet_r,n02109525,n02109525/misc_18.jpg
imagenet_r,n02109525,n02109525/misc_19.jpg
imagenet_r,n02109525,n02109525/misc_2.jpg
imagenet_r,n02109525,n02109525/misc_20.jpg
imagenet_r,n02109525,n02109525/misc_21.jpg
imagenet_r,n02109525,n02109525/misc_22.jpg
imagenet_r,n02109525,n02109525/misc_23.jpg
imagenet_r,n02109525,n02109525/misc_24.jpg
imagenet_r,n02109525,n02109525/misc_25.jpg
imagenet_r,n02109525,n02109525/misc_3.jpg
imagenet_r,n02109525,n02109525/misc_4.jpg
imagenet_r,n02109525,n02109525/misc_5.jpg
imagenet_r,n02109525,n02109525/misc_6.jpg
imagenet_r,n02109525,n02109525/misc_7.jpg
imagenet_r,n02109525,n02109525/misc_8.jpg
imagenet_r,n02109525,n02109525/misc_9.jpg
imagenet_r,n02109525,n02109525/sketch_0.jpg
imagenet_r,n02109525,n02109525/sketch_1.jpg
imagenet_r,n02109525,n02109525/sketch_10.jpg
imagenet_r,n02109525,n02109525/sketch_11.jpg
imagenet_r,n02109525,n02109525/sketch_12.jpg
imagenet_r,n02109525,n02109525/sketch_13.jpg
imagenet_r,n02109525,n02109525/sketch_14.jpg
imagenet_r,n02109525,n02109525/sketch_15.jpg
imagenet_r,n02109525,n02109525/sketch_16.jpg
imagenet_r,n02109525,n02109525/sketch_17.jpg
imagenet_r,n02109525,n02109525/sketch_18.jpg
imagenet_r,n02109525,n02109525/sketch_19.jpg
imagenet_r,n02109525,n02109525/sketch_2.jpg
imagenet_r,n02109525,n02109525/sketch_20.jpg
imagenet_r,n02109525,n02109525/sketch_21.jpg
imagenet_r,n02109525,n02109525/sketch_22.jpg
imagenet_r,n02109525,n02109525/sketch_23.jpg
imagenet_r,n02109525,n02109525/sketch_3.jpg
imagenet_r,n02109525,n02109525/sketch_4.jpg
imagenet_r,n02109525,n02109525/sketch_5.jpg
imagenet_r,n02109525,n02109525/sketch_6.jpg
imagenet_r,n02109525,n02109525/sketch_7.jpg
imagenet_r,n02109525,n02109525/sketch_8.jpg
imagenet_r,n02109525,n02109525/sketch_9.jpg
imagenet_r,n02110185,n02110185/art_0.jpg
imagenet_r,n02110185,n02110185/art_1.jpg
imagenet_r,n02110185,n02110185/art_2.jpg
imagenet_r,n02110185,n02110185/art_3.jpg
imagenet_r,n02110185,n02110185/art_4.jpg
imagenet_r,n02110185,n02110185/art_5.jpg
imagenet_r,n02110185,n02110185/art_6.jpg
imagenet_r,n02110185,n02110185/art_7.jpg
imagenet_r,n02110185,n02110185/art_8.jpg
imagenet_r,n02110185,n02110185/art_9.jpg
imagenet_r,n02110185,n02110185/cartoon_0.jpg
imagenet_r,n02110185,n02110185/cartoon_1.jpg
imagenet_r,n02110185,n02110185/cartoon_10.jpg
imagenet_r,n02110185,n02110185/cartoon_11.jpg
imagenet_r,n02110185,n02110185/cartoon_12.jpg
imagenet_r,n02110185,n02110185/cartoon_13.jpg
imagenet_r,n02110185,n02110185/cartoon_14.jpg
imagenet_r,n02110185,n02110185/cartoon_15.jpg
imagenet_r,n02110185,n02110185/cartoon_16.jpg
imagenet_r,n02110185,n02110185/cartoon_17.jpg
imagenet_r,n02110185,n02110185/cartoon_18.jpg
imagenet_r,n02110185,n02110185/cartoon_19.jpg
imagenet_r,n02110185,n02110185/cartoon_2.jpg
imagenet_r,n02110185,n02110185/cartoon_20.jpg
imagenet_r,n02110185,n02110185/cartoon_21.jpg
imagenet_r,n02110185,n02110185/cartoon_22.jpg
imagenet_r,n02110185,n02110185/cartoon_3.jpg
imagenet_r,n02110185,n02110185/cartoon_4.jpg
imagenet_r,n02110185,n02110185/cartoon_5.jpg
imagenet_r,n02110185,n02110185/cartoon_6.jpg
imagenet_r,n02110185,n02110185/cartoon_7.jpg
imagenet_r,n02110185,n02110185/cartoon_8.jpg
imagenet_r,n02110185,n02110185/cartoon_9.jpg
imagenet_r,n02110185,n02110185/graffiti_0.jpg
imagenet_r,n02110185,n02110185/graffiti_1.jpg
imagenet_r,n02110185,n02110185/graphic_0.jpg
imagenet_r,n02110185,n02110185/graphic_1.jpg
imagenet_r,n02110185,n02110185/graphic_2.jpg
imagenet_r,n02110185,n02110185/graphic_3.jpg
imagenet_r,n02110185,n02110185/graphic_4.jpg
imagenet_r,n02110185,n02110185/graphic_5.jpg
imagenet_r,n02110185,n02110185/graphic_6.jpg
imagenet_r,n02110185,n02110185/graphic_7.jpg
imagenet_r,n02110185,n02110185/graphic_8.jpg
imagenet_r,n02110185,n02110185/misc_0.jpg
imagenet_r,n02110185,n02110185/misc_1.jpg
imagenet_r,n02110185,n02110185/origami_0.jpg
imagenet_r,n02110185,n02110185/painting_0.jpg
imagenet_r,n02110185,n02110185/painting_1.jpg
imagenet_r,n02110185,n02110185/painting_10.jpg
imagenet_r,n02110341,n02110341/deviantart_0.jpg
imagenet_r,n02110341,n02110341/deviantart_1.jpg
imagenet_r,n02110341,n02110341/deviantart_10.jpg
imagenet_r,n02110341,n02110341/deviantart_11.jpg
imagenet_r,n02110341,n02110341/deviantart_12.jpg
imagenet_r,n02110341,n02110341/deviantart_13.jpg
imagenet_r,n02110341,n02110341/deviantart_14.jpg
imagenet_r,n02110341,n02110341/deviantart_15.jpg
imagenet_r,n02110341,n02110341/deviantart_16.jpg
imagenet_r,n02110341,n02110341/deviantart_17.jpg
imagenet_r,n02110341,n02110341/deviantart_18.jpg
imagenet_r,n02110341,n02110341/deviantart_19.jpg
imagenet_r,n02110341,n02110341/deviantart_2.jpg
imagenet_r,n02110341,n02110341/deviantart_20.jpg
imagenet_r,n02110341,n02110341/deviantart_3.jpg
imagenet_r,n02110341,n02110341/deviantart_4.jpg
imagenet_r,n02110341,n02110341/deviantart_5.jpg
imagenet_r,n02110341,n02110341/deviantart_6.jpg
imagenet_r,n02110341,n02110341/deviantart_7.jpg
imagenet_r,n02110341,n02110341/deviantart_8.jpg
imagenet_r,n02110341,n02110341/deviantart_9.jpg
imagenet_r,n02110341,n02110341/misc_0.jpg
imagenet_r,n02110341,n02110341/misc_1.jpg
imagenet_r,n02110341,n02110341/misc_10.jpg
imagenet_r,n02110341,n02110341/misc_100.jpg
imagenet_r,n02110341,n02110341/misc_101.jpg
imagenet_r,n02110341,n02110341/misc_102.jpg
imagenet_r,n02110341,n02110341/misc_103.jpg
imagenet_r,n02110341,n02110341/misc_104.jpg
imagenet_r,n02110341,n02110341/misc_105.jpg
imagenet_r,n02110341,n02110341/misc_106.jpg
imagenet_r,n02110341,n02110341/misc_107.jpg
imagenet_r,n02110341,n02110341/misc_108.jpg
imagenet_r,n02110341,n02110341/misc_109.jpg
imagenet_r,n02110341,n02110341/misc_11.jpg
imagenet_r,n02110341,n02110341/misc_110.jpg
imagenet_r,n02110341,n02110341/misc_111.jpg
imagenet_r,n02110341,n02110341/misc_112.jpg
imagenet_r,n02110341,n02110341/misc_113.jpg
imagenet_r,n02110341,n02110341/misc_114.jpg
imagenet_r,n02110341,n02110341/misc_115.jpg
imagenet_r,n02110341,n02110341/misc_116.jpg
imagenet_r,n02110341,n02110341/misc_117.jpg
imagenet_r,n02110341,n02110341/misc_118.jpg
imagenet_r,n02110341,n02110341/misc_119.jpg
imagenet_r,n02110341,n02110341/misc_12.jpg
imagenet_r,n02110341,n02110341/misc_120.jpg
imagenet_r,n02110341,n02110341/misc_121.jpg
imagenet_r,n02110341,n02110341/misc_122.jpg
imagenet_r,n02110341,n02110341/misc_123.jpg
imagenet_r,n02110958,n02110958/art_0.jpg
imagenet_r,n02110958,n02110958/art_1.jpg
imagenet_r,n02110958,n02110958/art_10.jpg
imagenet_r,n02110958,n02110958/art_11.jpg
imagenet_r,n02110958,n02110958/art_12.jpg
imagenet_r,n02110958,n02110958/art_13.jpg
imagenet_r,n02110958,n02110958/art_14.jpg
imagenet_r,n02110958,n02110958/art_15.jpg
imagenet_r,n02110958,n02110958/art_16.jpg
imagenet_r,n02110958,n02110958/art_17.jpg
imagenet_r,n02110958,n02110958/art_18.jpg
imagenet_r,n02110958,n02110958/art_19.jpg
imagenet_r,n02110958,n02110958/art_2.jpg
imagenet_r,n02110958,n02110958/art_20.jpg
imagenet_r,n02110958,n02110958/art_21.jpg
imagenet_r,n02110958,n02110958/art_22.jpg
imagenet_r,n02110958,n02110958/art_3.jpg
imagenet_r,n02110958,n02110958/art_4.jpg
imagenet_r,n02110958,n02110958/art_5.jpg
imagenet_r,n02110958,n02110958/art_6.jpg
imagenet_r,n02110958,n02110958/art_7.jpg
imagenet_r,n02110958,n02110958/art_8.jpg
imagenet_r,n02110958,n02110958/art_9.jpg
imagenet_r,n02110958,n02110958/cartoon_0.jpg
imagenet_r,n02110958,n02110958/cartoon_1.jpg
imagenet_r,n02110958,n02110958/cartoon_10.jpg
imagenet_r,n02110958,n02110958/cartoon_11.jpg
imagenet_r,n02110958,n02110958/cartoon_12.jpg
imagenet_r,n02110958,n02110958/cartoon_13.jpg
imagenet_r,n02110958,n02110958/cartoon_14.jpg
imagenet_r,n02110958,n02110958/cartoon_15.jpg
imagenet_r,n02110958,n02110958/cartoon_16.jpg
imagenet_r,n02110958,n02110958/cartoon_17.jpg
imagenet_r,n02110958,n02110958/cartoon_18.jpg
imagenet_r,n02110958,n02110958/cartoon_19.jpg
imagenet_r,n02110958,n02110958/cartoon_2.jpg
imagenet_r,n02110958,n02110958/cartoon_20.jpg
imagenet_r,n02110958,n02110958/cartoon_21.jpg
imagenet_r,n02110958,n02110958/cartoon_22.jpg
imagenet_r,n02110958,n02110958/cartoon_23.jpg
imagenet_r,n02110958,n02110958/cartoon_24.jpg
imagenet_r,n02110958,n02110958/cartoon_25.jpg
imagenet_r,n02110958,n02110958/cartoon_26.jpg
imagenet_r,n02110958,n02110958/cartoon_27.jpg
imagenet_r,n02110958,n02110958/cartoon_28.jpg
imagenet_r,n02110958,n02110958/cartoon_29.jpg
imagenet_r,n02110958,n02110958/cartoon_3.jpg
imagenet_r,n02110958,n02110958/cartoon_30.jpg
imagenet_r,n02110958,n02110958/cartoon_31.jpg
imagenet_r,n02110958,n02110958/cartoon_32.jpg
imagenet_r,n02112018,n02112018/misc_0.jpg
imagenet_r,n02112018,n02112018/misc_1.jpg
imagenet_r,n02112018,n02112018/misc_10.jpg
imagenet_r,n02112018,n02112018/misc_11.jpg
imagenet_r,n02112018,n02112018/misc_12.jpg
imagenet_r,n02112018,n02112018/misc_13.jpg
imagenet_r,n02112018,n02112018/misc_14.jpg
imagenet_r,n02112018,n02112018/misc_15.jpg
imagenet_r,n02112018,n02112018/misc_16.jpg
imagenet_r,n02112018,n02112018/misc_17.jpg
imagenet_r,n02112018,n02112018/misc_18.jpg
imagenet_r,n02112018,n02112018/misc_19.jpg
imagenet_r,n02112018,n02112018/misc_2.jpg
imagenet_r,n02112018,n02112018/misc_20.jpg
imagenet_r,n02112018,n02112018/misc_21.jpg
imagenet_r,n02112018,n02112018/misc_22.jpg
imagenet_r,n02112018,n02112018/misc_23.jpg
imagenet_r,n02112018,n02112018/misc_24.jpg
imagenet_r,n02112018,n02112018/misc_25.jpg
imagenet_r,n02112018,n02112018/misc_26.jpg
imagenet_r,n02112018,n02112018/misc_27.jpg
imagenet_r,n02112018,n02112018/misc_28.jpg
imagenet_r,n02112018,n02112018/misc_29.jpg
imagenet_r,n02112018,n02112018/misc_3.jpg
imagenet_r,n02112018,n02112018/misc_30.jpg
imagenet_r,n02112018,n02112018/misc_31.jpg
imagenet_r,n02112018,n02112018/misc_32.jpg
imagenet_r,n02112018,n02112018/misc_33.jpg
imagenet_r,n02112018,n02112018/misc_34.jpg
imagenet_r,n02112018,n02112018/misc_35.jpg
imagenet_r,n02112018,n02112018/misc_36.jpg
imagenet_r,n02112018,n02112018/misc_37.jpg
imagenet_r,n02112018,n02112018/misc_38.jpg
imagenet_r,n02112018,n02112018/misc_39.jpg
imagenet_r,n02112018,n02112018/misc_4.jpg
imagenet_r,n02112018,n02112018/misc_40.jpg
imagenet_r,n02112018,n02112018/misc_41.jpg
imagenet_r,n02112018,n02112018/misc_42.jpg
imagenet_r,n02112018,n02112018/misc_43.jpg
imagenet_r,n02112018,n02112018/misc_44.jpg
imagenet_r,n02112018,n02112018/misc_45.jpg
imagenet_r,n02112018,n02112018/misc_46.jpg
imagenet_r,n02112018,n02112018/misc_47.jpg
imagenet_r,n02112018,n02112018/misc_48.jpg
imagenet_r,n02112018,n02112018/misc_49.jpg
imagenet_r,n02112018,n02112018/misc_5.jpg
imagenet_r,n02112018,n02112018/misc_50.jpg
imagenet_r,n02112018,n02112018/misc_51.jpg
imagenet_r,n02112018,n02112018/misc_52.jpg
imagenet_r,n02112018,n02112018/misc_53.jpg
imagenet_r,n02112137,n02112137/misc_0.jpg
imagenet_r,n02112137,n02112137/misc_1.jpg
imagenet_r,n02112137,n02112137/misc_10.jpg
imagenet_r,n02112137,n02112137/misc_11.jpg
imagenet_r,n02112137,n02112137/misc_12.jpg
imagenet_r,n02112137,n02112137/misc_13.jpg
imagenet_r,n02112137,n02112137/misc_14.jpg
imagenet_r,n02112137,n02112137/misc_15.jpg
imagenet_r,n02112137,n02112137/misc_16.jpg
imagenet_r,n02112137,n02112137/misc_17.jpg
imagenet_r,n02112137,n02112137/misc_18.jpg
imagenet_r,n02112137,n02112137/misc_19.jpg
imagenet_r,n02112137,n02112137/misc_2.jpg
imagenet_r,n02112137,n02112137/misc_20.jpg
imagenet_r,n02112137,n02112137/misc_21.jpg
imagenet_r,n02112137,n02112137/misc_22.jpg
imagenet_r,n02112137,n02112137/misc_23.jpg
imagenet_r,n02112137,n02112137/misc_24.jpg
imagenet_r,n02112137,n02112137/misc_25.jpg
imagenet_r,n02112137,n02112137/misc_26.jpg
imagenet_r,n02112137,n02112137/misc_27.jpg
imagenet_r,n02112137,n02112137/misc_28.jpg
imagenet_r,n02112137,n02112137/misc_29.jpg
imagenet_r,n02112137,n02112137/misc_3.jpg
imagenet_r,n02112137,n02112137/misc_30.jpg
imagenet_r,n02112137,n02112137/misc_31.jpg
imagenet_r,n02112137,n02112137/misc_4.jpg
imagenet_r,n02112137,n02112137/misc_5.jpg
imagenet_r,n02112137,n02112137/misc_6.jpg
imagenet_r,n02112137,n02112137/misc_7.jpg
imagenet_r,n02112137,n02112137/misc_8.jpg
imagenet_r,n02112137,n02112137/misc_9.jpg
imagenet_r,n02112137,n02112137/sketch_0.jpg
imagenet_r,n02112137,n02112137/sketch_1.jpg
imagenet_r,n02112137,n02112137/sketch_10.jpg
imagenet_r,n02112137,n02112137/sketch_11.jpg
imagenet_r,n02112137,n02112137/sketch_12.jpg
imagenet_r,n02112137,n02112137/sketch_13.jpg
imagenet_r,n02112137,n02112137/sketch_14.jpg
imagenet_r,n02112137,n02112137/sketch_15.jpg
imagenet_r,n02112137,n02112137/sketch_16.jpg
imagenet_r,n02112137,n02112137/sketch_17.jpg
imagenet_r,n02112137,n02112137/sketch_18.jpg
imagenet_r,n02112137,n02112137/sketch_19.jpg
imagenet_r,n02112137,n02112137/sketch_2.jpg
imagenet_r,n02112137,n02112137/sketch_20.jpg
imagenet_r,n02112137,n02112137/sketch_21.jpg
imagenet_r,n02112137,n02112137/sketch_22.jpg
imagenet_r,n02112137,n02112137/sketch_23.jpg
imagenet_r,n02112137,n02112137/sketch_3.jpg
imagenet_r,n02113023,n02113023/misc_0.jpg
imagenet_r,n02113023,n02113023/misc_1.jpg
imagenet_r,n02113023,n02113023/misc_10.jpg
imagenet_r,n02113023,n02113023/misc_11.jpg
imagenet_r,n02113023,n02113023/misc_12.jpg
imagenet_r,n02113023,n02113023/misc_13.jpg
imagenet_r,n02113023,n02113023/misc_14.jpg
imagenet_r,n02113023,n02113023/misc_15.jpg
imagenet_r,n02113023,n02113023/misc_16.jpg
imagenet_r,n02113023,n02113023/misc_17.jpg
imagenet_r,n02113023,n02113023/misc_18.jpg
imagenet_r,n02113023,n02113023/misc_19.jpg
imagenet_r,n02113023,n02113023/misc_2.jpg
imagenet_r,n02113023,n02113023/misc_20.jpg
imagenet_r,n02113023,n02113023/misc_21.jpg
imagenet_r,n02113023,n02113023/misc_22.jpg
imagenet_r,n02113023,n02113023/misc_23.jpg
imagenet_r,n02113023,n02113023/misc_24.jpg
imagenet_r,n02113023,n02113023/misc_25.jpg
imagenet_r,n02113023,n02113023/misc_26.jpg
imagenet_r,n02113023,n02113023/misc_27.jpg
imagenet_r,n02113023,n02113023/misc_28.jpg
imagenet_r,n02113023,n02113023/misc_29.jpg
imagenet_r,n02113023,n02113023/misc_3.jpg
imagenet_r,n02113023,n02113023/misc_30.jpg
imagenet_r,n02113023,n02113023/misc_31.jpg
imagenet_r,n02113023,n02113023/misc_32.jpg
imagenet_r,n02113023,n02113023/misc_33.jpg
imagenet_r,n02113023,n02113023/misc_34.jpg
imagenet_r,n02113023,n02113023/misc_35.jpg
imagenet_r,n02113023,n02113023/misc_36.jpg
imagenet_r,n02113023,n02113023/misc_37.jpg
imagenet_r,n02113023,n02113023/misc_38.jpg
imagenet_r,n02113023,n02113023/misc_39.jpg
imagenet_r,n02113023,n02113023/misc_4.jpg
imagenet_r,n02113023,n02113023/misc_5.jpg
imagenet_r,n02113023,n02113023/misc_6.jpg
imagenet_r,n02113023,n02113023/misc_7.jpg
imagenet_r,n02113023,n02113023/misc_8.jpg
imagenet_r,n02113023,n02113023/misc_9.jpg
imagenet_r,n02113023,n02113023/sketch_0.jpg
imagenet_r,n02113023,n02113023/sketch_1.jpg
imagenet_r,n02113023,n02113023/sketch_10.jpg
imagenet_r,n02113023,n02113023/sketch_11.jpg
imagenet_r,n02113023,n02113023/sketch_12.jpg
imagenet_r,n02113023,n02113023/sketch_13.jpg
imagenet_r,n02113023,n02113023/sketch_14.jpg
imagenet_r,n02113023,n02113023/sketch_15.jpg
imagenet_r,n02113023,n02113023/sketch_16.jpg
imagenet_r,n02113023,n02113023/sketch_17.jpg
imagenet_r,n02113624,n02113624/misc_0.jpg
imagenet_r,n02113624,n02113624/misc_1.jpg
imagenet_r,n02113624,n02113624/misc_10.jpg
imagenet_r,n02113624,n02113624/misc_11.jpg
imagenet_r,n02113624,n02113624/misc_12.jpg
imagenet_r,n02113624,n02113624/misc_13.jpg
imagenet_r,n02113624,n02113624/misc_14.jpg
imagenet_r,n02113624,n02113624/misc_15.jpg
imagenet_r,n02113624,n02113624/misc_16.jpg
imagenet_r,n02113624,n02113624/misc_17.jpg
imagenet_r,n02113624,n02113624/misc_18.jpg
imagenet_r,n02113624,n02113624/misc_19.jpg
imagenet_r,n02113624,n02113624/misc_2.jpg
imagenet_r,n02113624,n02113624/misc_20.jpg
imagenet_r,n02113624,n02113624/misc_21.jpg
imagenet_r,n02113624,n02113624/misc_22.jpg
imagenet_r,n02113624,n02113624/misc_23.jpg
imagenet_r,n02113624,n02113624/misc_24.jpg
imagenet_r,n02113624,n02113624/misc_25.jpg
imagenet_r,n02113624,n02113624/misc_26.jpg
imagenet_r,n02113624,n02113624/misc_27.jpg
imagenet_r,n02113624,n02113624/misc_28.jpg
imagenet_r,n02113624,n02113624/misc_29.jpg
imagenet_r,n02113624,n02113624/misc_3.jpg
imagenet_r,n02113624,n02113624/misc_30.jpg
imagenet_r,n02113624,n02113624/misc_31.jpg
imagenet_r,n02113624,n02113624/misc_32.jpg
imagenet_r,n02113624,n02113624/misc_33.jpg
imagenet_r,n02113624,n02113624/misc_34.jpg
imagenet_r,n02113624,n02113624/misc_35.jpg
imagenet_r,n02113624,n02113624/misc_36.jpg
imagenet_r,n02113624,n02113624/misc_4.jpg
imagenet_r,n02113624,n02113624/misc_5.jpg
imagenet_r,n02113624,n02113624/misc_6.jpg
imagenet_r,n02113624,n02113624/misc_7.jpg
imagenet_r,n02113624,n02113624/misc_8.jpg
imagenet_r,n02113624,n02113624/misc_9.jpg
imagenet_r,n02113624,n02113624/sketch_0.jpg
imagenet_r,n02113624,n02113624/sketch_1.jpg
imagenet_r,n02113624,n02113624/sketch_10.jpg
imagenet_r,n02113624,n02113624/sketch_11.jpg
imagenet_r,n02113624,n02113624/sketch_12.jpg
imagenet_r,n02113624,n02113624/sketch_13.jpg
imagenet_r,n02113624,n02113624/sketch_14.jpg
imagenet_r,n02113624,n02113624/sketch_15.jpg
imagenet_r,n02113624,n02113624/sketch_16.jpg
imagenet_r,n02113624,n02113624/sketch_17.jpg
imagenet_r,n02113624,n02113624/sketch_18.jpg
imagenet_r,n02113624,n02113624/sketch_19.jpg
imagenet_r,n02113624,n02113624/sketch_2.jpg
imagenet_r,n02113799,n02113799/misc_0.jpg
imagenet_r,n02113799,n02113799/misc_1.jpg
imagenet_r,n02113799,n02113799/misc_10.jpg
imagenet_r,n02113799,n02113799/misc_11.jpg
imagenet_r,n02113799,n02113799/misc_12.jpg
imagenet_r,n02113799,n02113799/misc_13.jpg
imagenet_r,n02113799,n02113799/misc_14.jpg
imagenet_r,n02113799,n02113799/misc_15.jpg
imagenet_r,n02113799,n02113799/misc_16.jpg
imagenet_r,n02113799,n02113799/misc_17.jpg
imagenet_r,n02113799,n02113799/misc_18.jpg
imagenet_r,n02113799,n02113799/misc_19.jpg
imagenet_r,n02113799,n02113799/misc_2.jpg
imagenet_r,n02113799,n02113799/misc_20.jpg
imagenet_r,n02113799,n02113799/misc_21.jpg
imagenet_r,n02113799,n02113799/misc_22.jpg
imagenet_r,n02113799,n02113799/misc_23.jpg
imagenet_r,n02113799,n02113799/misc_24.jpg
imagenet_r,n02113799,n02113799/misc_25.jpg
imagenet_r,n02113799,n02113799/misc_26.jpg
imagenet_r,n02113799,n02113799/misc_27.jpg
imagenet_r,n02113799,n02113799/misc_28.jpg
imagenet_r,n02113799,n02113799/misc_29.jpg
imagenet_r,n02113799,n02113799/misc_3.jpg
imagenet_r,n02113799,n02113799/misc_30.jpg
imagenet_r,n02113799,n02113799/misc_31.jpg
imagenet_r,n02113799,n02113799/misc_32.jpg
imagenet_r,n02113799,n02113799/misc_33.jpg
imagenet_r,n02113799,n02113799/misc_34.jpg
imagenet_r,n02113799,n02113799/misc_35.jpg
imagenet_r,n02113799,n02113799/misc_36.jpg
imagenet_r,n02113799,n02113799/misc_4.jpg
imagenet_r,n02113799,n02113799/misc_5.jpg
imagenet_r,n02113799,n02113799/misc_6.jpg
imagenet_r,n02113799,n02113799/misc_7.jpg
imagenet_r,n02113799,n02113799/misc_8.jpg
imagenet_r,n02113799,n02113799/misc_9.jpg
imagenet_r,n02113799,n02113799/sketch_0.jpg
imagenet_r,n02113799,n02113799/sketch_1.jpg
imagenet_r,n02113799,n02113799/sketch_10.jpg
imagenet_r,n02113799,n02113799/sketch_11.jpg
imagenet_r,n02113799,n02113799/sketch_12.jpg
imagenet_r,n02113799,n02113799/sketch_13.jpg
imagenet_r,n02113799,n02113799/sketch_14.jpg
imagenet_r,n02113799,n02113799/sketch_15.jpg
imagenet_r,n02113799,n02113799/sketch_16.jpg
imagenet_r,n02113799,n02113799/sketch_17.jpg
imagenet_r,n02113799,n02113799/sketch_18.jpg
imagenet_r,n02113799,n02113799/sketch_19.jpg
imagenet_r,n02113799,n02113799/sketch_2.jpg
imagenet_r,n02114367,n02114367/misc_0.jpg
imagenet_r,n02114367,n02114367/misc_1.jpg
imagenet_r,n02114367,n02114367/misc_10.jpg
imagenet_r,n02114367,n02114367/misc_11.jpg
imagenet_r,n02114367,n02114367/misc_12.jpg
imagenet_r,n02114367,n02114367/misc_13.jpg
imagenet_r,n02114367,n02114367/misc_14.jpg
imagenet_r,n02114367,n02114367/misc_15.jpg
imagenet_r,n02114367,n02114367/misc_16.jpg
imagenet_r,n02114367,n02114367/misc_17.jpg
imagenet_r,n02114367,n02114367/misc_18.jpg
imagenet_r,n02114367,n02114367/misc_19.jpg
imagenet_r,n02114367,n02114367/misc_2.jpg
imagenet_r,n02114367,n02114367/misc_20.jpg
imagenet_r,n02114367,n02114367/misc_21.jpg
imagenet_r,n02114367,n02114367/misc_22.jpg
imagenet_r,n02114367,n02114367/misc_23.jpg
imagenet_r,n02114367,n02114367/misc_24.jpg
imagenet_r,n02114367,n02114367/misc_25.jpg
imagenet_r,n02114367,n02114367/misc_26.jpg
imagenet_r,n02114367,n02114367/misc_27.jpg
imagenet_r,n02114367,n02114367/misc_28.jpg
imagenet_r,n02114367,n02114367/misc_29.jpg
imagenet_r,n02114367,n02114367/misc_3.jpg
imagenet_r,n02114367,n02114367/misc_30.jpg
imagenet_r,n02114367,n02114367/misc_31.jpg
imagenet_r,n02114367,n02114367/misc_32.jpg
imagenet_r,n02114367,n02114367/misc_33.jpg
imagenet_r,n02114367,n02114367/misc_34.jpg
imagenet_r,n02114367,n02114367/misc_35.jpg
imagenet_r,n02114367,n02114367/misc_36.jpg
imagenet_r,n02114367,n02114367/misc_37.jpg
imagenet_r,n02114367,n02114367/misc_38.jpg
imagenet_r,n02114367,n02114367/misc_39.jpg
imagenet_r,n02114367,n02114367/misc_4.jpg
imagenet_r,n02114367,n02114367/misc_40.jpg
imagenet_r,n02114367,n02114367/misc_41.jpg
imagenet_r,n02114367,n02114367/misc_42.jpg
imagenet_r,n02114367,n02114367/misc_43.jpg
imagenet_r,n02114367,n02114367/misc_44.jpg
imagenet_r,n02114367,n02114367/misc_45.jpg
imagenet_r,n02114367,n02114367/misc_46.jpg
imagenet_r,n02114367,n02114367/misc_47.jpg
imagenet_r,n02114367,n02114367/misc_48.jpg
imagenet_r,n02114367,n02114367/misc_49.jpg
imagenet_r,n02114367,n02114367/misc_5.jpg
imagenet_r,n02114367,n02114367/misc_50.jpg
imagenet_r,n02114367,n02114367/misc_51.jpg
imagenet_r,n02114367,n02114367/misc_52.jpg
imagenet_r,n02114367,n02114367/misc_53.jpg
imagenet_r,n02117135,n02117135/art_0.jpg
imagenet_r,n02117135,n02117135/art_1.jpg
imagenet_r,n02117135,n02117135/art_10.jpg
imagenet_r,n02117135,n02117135/art_11.jpg
imagenet_r,n02117135,n02117135/art_12.jpg
imagenet_r,n02117135,n02117135/art_13.jpg
imagenet_r,n02117135,n02117135/art_14.jpg
imagenet_r,n02117135,n02117135/art_2.jpg
imagenet_r,n02117135,n02117135/art_3.jpg
imagenet_r,n02117135,n02117135/art_4.jpg
imagenet_r,n02117135,n02117135/art_5.jpg
imagenet_r,n02117135,n02117135/art_6.jpg
imagenet_r,n02117135,n02117135/art_7.jpg
imagenet_r,n02117135,n02117135/art_8.jpg
imagenet_r,n02117135,n02117135/art_9.jpg
imagenet_r,n02117135,n02117135/cartoon_0.jpg
imagenet_r,n02117135,n02117135/cartoon_1.jpg
imagenet_r,n02117135,n02117135/cartoon_10.jpg
imagenet_r,n02117135,n02117135/cartoon_11.jpg
imagenet_r,n02117135,n02117135/cartoon_12.jpg
imagenet_r,n02117135,n02117135/cartoon_13.jpg
imagenet_r,n02117135,n02117135/cartoon_2.jpg
imagenet_r,n02117135,n02117135/cartoon_3.jpg
imagenet_r,n02117135,n02117135/cartoon_4.jpg
imagenet_r,n02117135,n02117135/cartoon_5.jpg
imagenet_r,n02117135,n02117135/cartoon_6.jpg
imagenet_r,n02117135,n02117135/cartoon_7.jpg
imagenet_r,n02117135,n02117135/cartoon_8.jpg
imagenet_r,n02117135,n02117135/cartoon_9.jpg
imagenet_r,n02117135,n02117135/embroidery_0.jpg
imagenet_r,n02117135,n02117135/graffiti_0.jpg
imagenet_r,n02117135,n02117135/graffiti_1.jpg
imagenet_r,n02117135,n02117135/graffiti_2.jpg
imagenet_r,n02117135,n02117135/graffiti_3.jpg
imagenet_r,n02117135,n02117135/graffiti_4.jpg
imagenet_r,n02117135,n02117135/graffiti_5.jpg
imagenet_r,n02117135,n02117135/graffiti_6.jpg
imagenet_r,n02117135,n02117135/graffiti_7.jpg
imagenet_r,n02117135,n02117135/graffiti_8.jpg
imagenet_r,n02117135,n02117135/graphic_0.jpg
imagenet_r,n02117135,n02117135/graphic_1.jpg
imagenet_r,n02117135,n02117135/misc_0.jpg
imagenet_r,n02117135,n02117135/painting_0.jpg
imagenet_r,n02117135,n02117135/painting_1.jpg
imagenet_r,n02117135,n02117135/painting_10.jpg
imagenet_r,n02117135,n02117135/painting_11.jpg
imagenet_r,n02117135,n02117135/painting_12.jpg
imagenet_r,n02117135,n02117135/painting_13.jpg
imagenet_r,n02117135,n02117135/painting_14.jpg
imagenet_r,n02117135,n02117135/painting_2.jpg
imagenet_r,n02119022,n02119022/misc_0.jpg
imagenet_r,n02119022,n02119022/misc_1.jpg
imagenet_r,n02119022,n02119022/misc_10.jpg
imagenet_r,n02119022,n02119022/misc_100.jpg
imagenet_r,n02119022,n02119022/misc_101.jpg
imagenet_r,n02119022,n02119022/misc_102.jpg
imagenet_r,n02119022,n02119022/misc_103.jpg
imagenet_r,n02119022,n02119022/misc_104.jpg
imagenet_r,n02119022,n02119022/misc_105.jpg
imagenet_r,n02119022,n02119022/misc_106.jpg
imagenet_r,n02119022,n02119022/misc_107.jpg
imagenet_r,n02119022,n02119022/misc_108.jpg
imagenet_r,n02119022,n02119022/misc_109.jpg
imagenet_r,n02119022,n02119022/misc_11.jpg
imagenet_r,n02119022,n02119022/misc_110.jpg
imagenet_r,n02119022,n02119022/misc_111.jpg
imagenet_r,n02119022,n02119022/misc_112.jpg
imagenet_r,n02119022,n02119022/misc_113.jpg
imagenet_r,n02119022,n02119022/misc_114.jpg
imagenet_r,n02119022,n02119022/misc_115.jpg
imagenet_r,n02119022,n02119022/misc_116.jpg
imagenet_r,n02119022,n02119022/misc_117.jpg
imagenet_r,n02119022,n02119022/misc_118.jpg
imagenet_r,n02119022,n02119022/misc_119.jpg
imagenet_r,n02119022,n02119022/misc_12.jpg
imagenet_r,n02119022,n02119022/misc_120.jpg
imagenet_r,n02119022,n02119022/misc_121.jpg
imagenet_r,n02119022,n02119022/misc_122.jpg
imagenet_r,n02119022,n02119022/misc_123.jpg
imagenet_r,n02119022,n02119022/misc_124.jpg
imagenet_r,n02119022,n02119022/misc_125.jpg
imagenet_r,n02119022,n02119022/misc_126.jpg
imagenet_r,n02119022,n02119022/misc_127.jpg
imagenet_r,n02119022,n02119022/misc_128.jpg
imagenet_r,n02119022,n02119022/misc_129.jpg
imagenet_r,n02119022,n02119022/misc_13.jpg
imagenet_r,n02119022,n02119022/misc_130.jpg
imagenet_r,n02119022,n02119022/misc_131.jpg
imagenet_r,n02119022,n02119022/misc_132.jpg
imagenet_r,n02119022,n02119022/misc_133.jpg
imagenet_r,n02119022,n02119022/misc_134.jpg
imagenet_r,n02119022,n02119022/misc_135.jpg
imagenet_r,n02119022,n02119022/misc_136.jpg
imagenet_r,n02119022,n02119022/misc_137.jpg
imagenet_r,n02119022,n02119022/misc_138.jpg
imagenet_r,n02119022,n02119022/misc_139.jpg
imagenet_r,n02119022,n02119022/misc_14.jpg
imagenet_r,n02119022,n02119022/misc_140.jpg
imagenet_r,n02119022,n02119022/misc_141.jpg
imagenet_r,n02119022,n02119022/misc_142.jpg
imagenet_r,n02123045,n02123045/art_0.jpg
imagenet_r,n02123045,n02123045/art_1.jpg
imagenet_r,n02123045,n02123045/art_2.jpg
imagenet_r,n02123045,n02123045/art_3.jpg
imagenet_r,n02123045,n02123045/art_4.jpg
imagenet_r,n02123045,n02123045/art_5.jpg
imagenet_r,n02123045,n02123045/art_6.jpg
imagenet_r,n02123045,n02123045/art_7.jpg
imagenet_r,n02123045,n02123045/art_8.jpg
imagenet_r,n02123045,n02123045/art_9.jpg
imagenet_r,n02123045,n02123045/cartoon_0.jpg
imagenet_r,n02123045,n02123045/cartoon_1.jpg
imagenet_r,n02123045,n02123045/cartoon_10.jpg
imagenet_r,n02123045,n02123045/cartoon_11.jpg
imagenet_r,n02123045,n02123045/cartoon_12.jpg
imagenet_r,n02123045,n02123045/cartoon_13.jpg
imagenet_r,n02123045,n02123045/cartoon_14.jpg
imagenet_r,n02123045,n02123045/cartoon_15.jpg
imagenet_r,n02123045,n02123045/cartoon_16.jpg
imagenet_r,n02123045,n02123045/cartoon_17.jpg
imagenet_r,n02123045,n02123045/cartoon_18.jpg
imagenet_r,n02123045,n02123045/cartoon_19.jpg
imagenet_r,n02123045,n02123045/cartoon_2.jpg
imagenet_r,n02123045,n02123045/cartoon_20.jpg
imagenet_r,n02123045,n02123045/cartoon_21.jpg
imagenet_r,n02123045,n02123045/cartoon_22.jpg
imagenet_r,n02123045,n02123045/cartoon_23.jpg
imagenet_r,n02123045,n02123045/cartoon_24.jpg
imagenet_r,n02123045,n02123045/cartoon_25.jpg
imagenet_r,n02123045,n02123045/cartoon_26.jpg
imagenet_r,n02123045,n02123045/cartoon_27.jpg
imagenet_r,n02123045,n02123045/cartoon_28.jpg
imagenet_r,n02123045,n02123045/cartoon_29.jpg
imagenet_r,n02123045,n02123045/cartoon_3.jpg
imagenet_r,n02123045,n02123045/cartoon_4.jpg
imagenet_r,n02123045,n02123045/cartoon_5.jpg
imagenet_r,n02123045,n02123045/cartoon_6.jpg
imagenet_r,n02123045,n02123045/cartoon_7.jpg
imagenet_r,n02123045,n02123045/cartoon_8.jpg
imagenet_r,n02123045,n02123045/cartoon_9.jpg
imagenet_r,n02123045,n02123045/embroidery_0.jpg
imagenet_r,n02123045,n02123045/embroidery_1.jpg
imagenet_r,n02123045,n02123045/graffiti_0.jpg
imagenet_r,n02123045,n02123045/graffiti_1.jpg
imagenet_r,n02123045,n02123045/misc_0.jpg
imagenet_r,n02123045,n02123045/misc_1.jpg
imagenet_r,n02123045,n02123045/misc_2.jpg
imagenet_r,n02123045,n02123045/misc_3.jpg
imagenet_r,n02123045,n02123045/painting_0.jpg
imagenet_r,n02123045,n02123045/painting_1.jpg
imagenet_r,n02128385,n02128385/art_0.jpg
imagenet_r,n02128385,n02128385/art_1.jpg
imagenet_r,n02128385,n02128385/art_2.jpg
imagenet_r,n02128385,n02128385/cartoon_0.jpg
imagenet_r,n02128385,n02128385/cartoon_1.jpg
imagenet_r,n02128385,n02128385/cartoon_2.jpg
imagenet_r,n02128385,n02128385/cartoon_3.jpg
imagenet_r,n02128385,n02128385/cartoon_4.jpg
imagenet_r,n02128385,n02128385/embroidery_0.jpg
imagenet_r,n02128385,n02128385/embroidery_1.jpg
imagenet_r,n02128385,n02128385/embroidery_2.jpg
imagenet_r,n02128385,n02128385/graffiti_0.jpg
imagenet_r,n02128385,n02128385/graffiti_1.jpg
imagenet_r,n02128385,n02128385/graffiti_2.jpg
imagenet_r,n02128385,n02128385/misc_0.jpg
imagenet_r,n02128385,n02128385/misc_1.jpg
imagenet_r,n02128385,n02128385/misc_2.jpg
imagenet_r,n02128385,n02128385/origami_0.jpg
imagenet_r,n02128385,n02128385/painting_0.jpg
imagenet_r,n02128385,n02128385/painting_1.jpg
imagenet_r,n02128385,n02128385/painting_2.jpg
imagenet_r,n02128385,n02128385/painting_3.jpg
imagenet_r,n02128385,n02128385/painting_4.jpg
imagenet_r,n02128385,n02128385/painting_5.jpg
imagenet_r,n02128385,n02128385/painting_6.jpg
imagenet_r,n02128385,n02128385/painting_7.jpg
imagenet_r,n02128385,n02128385/painting_8.jpg
imagenet_r,n02128385,n02128385/sculpture_0.jpg
imagenet_r,n02128385,n02128385/sculpture_1.jpg
imagenet_r,n02128385,n02128385/sculpture_2.jpg
imagenet_r,n02128385,n02128385/sculpture_3.jpg
imagenet_r,n02128385,n02128385/sculpture_4.jpg
imagenet_r,n02128385,n02128385/sculpture_5.jpg
imagenet_r,n02128385,n02128385/sculpture_6.jpg
imagenet_r,n02128385,n02128385/sculpture_7.jpg
imagenet_r,n02128385,n02128385/sketch_0.jpg
imagenet_r,n02128385,n02128385/sketch_1.jpg
imagenet_r,n02128385,n02128385/sketch_2.jpg
imagenet_r,n02128385,n02128385/sketch_3.jpg
imagenet_r,n02128385,n02128385/sketch_4.jpg
imagenet_r,n02128385,n02128385/sketch_5.jpg
imagenet_r,n02128385,n02128385/sketch_6.jpg
imagenet_r,n02128385,n02128385/sketch_7.jpg
imagenet_r,n02128385,n02128385/tattoo_0.jpg
imagenet_r,n02128385,n02128385/tattoo_1.jpg
imagenet_r,n02128385,n02128385/toy_0.jpg
imagenet_r,n02128385,n02128385/toy_1.jpg
imagenet_r,n02128385,n02128385/toy_10.jpg
imagenet_r,n02128385,n02128385/toy_11.jpg
imagenet_r,n02128385,n02128385/toy_12.jpg
imagenet_r,n02128757,n02128757/art_0.jpg
imagenet_r,n02128757,n02128757/art_1.jpg
imagenet_r,n02128757,n02128757/art_10.jpg
imagenet_r,n02128757,n02128757/art_11.jpg
imagenet_r,n02128757,n02128757/art_12.jpg
imagenet_r,n02128757,n02128757/art_13.jpg
imagenet_r,n02128757,n02128757/art_14.jpg
imagenet_r,n02128757,n02128757/art_15.jpg
imagenet_r,n02128757,n02128757/art_16.jpg
imagenet_r,n02128757,n02128757/art_17.jpg
imagenet_r,n02128757,n02128757/art_18.jpg
imagenet_r,n02128757,n02128757/art_2.jpg
imagenet_r,n02128757,n02128757/art_3.jpg
imagenet_r,n02128757,n02128757/art_4.jpg
imagenet_r,n02128757,n02128757/art_5.jpg
imagenet_r,n02128757,n02128757/art_6.jpg
imagenet_r,n02128757,n02128757/art_7.jpg
imagenet_r,n02128757,n02128757/art_8.jpg
imagenet_r,n02128757,n02128757/art_9.jpg
imagenet_r,n02128757,n02128757/cartoon_0.jpg
imagenet_r,n02128757,n02128757/cartoon_1.jpg
imagenet_r,n02128757,n02128757/cartoon_10.jpg
imagenet_r,n02128757,n02128757/cartoon_11.jpg
imagenet_r,n02128757,n02128757/cartoon_12.jpg
imagenet_r,n02128757,n02128757/cartoon_13.jpg
imagenet_r,n02128757,n02128757/cartoon_14.jpg
imagenet_r,n02128757,n02128757/cartoon_15.jpg
imagenet_r,n02128757,n02128757/cartoon_16.jpg
imagenet_r,n02128757,n02128757/cartoon_17.jpg
imagenet_r,n02128757,n02128757/cartoon_18.jpg
imagenet_r,n02128757,n02128757/cartoon_19.jpg
imagenet_r,n02128757,n02128757/cartoon_2.jpg
imagenet_r,n02128757,n02128757/cartoon_20.jpg
imagenet_r,n02128757,n02128757/cartoon_3.jpg
imagenet_r,n02128757,n02128757/cartoon_4.jpg
imagenet_r,n02128757,n02128757/cartoon_5.jpg
imagenet_r,n02128757,n02128757/cartoon_6.jpg
imagenet_r,n02128757,n02128757/cartoon_7.jpg
imagenet_r,n02128757,n02128757/cartoon_8.jpg
imagenet_r,n02128757,n02128757/cartoon_9.jpg
imagenet_r,n02128757,n02128757/embroidery_0.jpg
imagenet_r,n02128757,n02128757/graffiti_0.jpg
imagenet_r,n02128757,n02128757/graffiti_1.jpg
imagenet_r,n02128757,n02128757/graphic_0.jpg
imagenet_r,n02128757,n02128757/misc_0.jpg
imagenet_r,n02128757,n02128757/misc_1.jpg
imagenet_r,n02128757,n02128757/misc_2.jpg
imagenet_r,n02128757,n02128757/misc_3.jpg
imagenet_r,n02128757,n02128757/painting_0.jpg
imagenet_r,n02128757,n02128757/painting_1.jpg
imagenet_r,n02129165,n02129165/art_0.jpg
imagenet_r,n02129165,n02129165/art_1.jpg
imagenet_r,n02129165,n02129165/art_2.jpg
imagenet_r,n02129165,n02129165/art_3.jpg
imagenet_r,n02129165,n02129165/art_4.jpg
imagenet_r,n02129165,n02129165/art_5.jpg
imagenet_r,n02129165,n02129165/cartoon_0.jpg
imagenet_r,n02129165,n02129165/cartoon_1.jpg
imagenet_r,n02129165,n02129165/cartoon_10.jpg
imagenet_r,n02129165,n02129165/cartoon_11.jpg
imagenet_r,n02129165,n02129165/cartoon_12.jpg
imagenet_r,n02129165,n02129165/cartoon_13.jpg
imagenet_r,n02129165,n02129165/cartoon_14.jpg
imagenet_r,n02129165,n02129165/cartoon_15.jpg
imagenet_r,n02129165,n02129165/cartoon_16.jpg
imagenet_r,n02129165,n02129165/cartoon_17.jpg
imagenet_r,n02129165,n02129165/cartoon_18.jpg
imagenet_r,n02129165,n02129165/cartoon_19.jpg
imagenet_r,n02129165,n02129165/cartoon_2.jpg
imagenet_r,n02129165,n02129165/cartoon_20.jpg
imagenet_r,n02129165,n02129165/cartoon_21.jpg
imagenet_r,n02129165,n02129165/cartoon_22.jpg
imagenet_r,n02129165,n02129165/cartoon_23.jpg
imagenet_r,n02129165,n02129165/cartoon_24.jpg
imagenet_r,n02129165,n02129165/cartoon_25.jpg
imagenet_r,n02129165,n02129165/cartoon_26.jpg
imagenet_r,n02129165,n02129165/cartoon_27.jpg
imagenet_r,n02129165,n02129165/cartoon_28.jpg
imagenet_r,n02129165,n02129165/cartoon_29.jpg
imagenet_r,n02129165,n02129165/cartoon_3.jpg
imagenet_r,n02129165,n02129165/cartoon_30.jpg
imagenet_r,n02129165,n02129165/cartoon_31.jpg
imagenet_r,n02129165,n02129165/cartoon_32.jpg
imagenet_r,n02129165,n02129165/cartoon_33.jpg
imagenet_r,n02129165,n02129165/cartoon_34.jpg
imagenet_r,n02129165,n02129165/cartoon_35.jpg
imagenet_r,n02129165,n02129165/cartoon_36.jpg
imagenet_r,n02129165,n02129165/cartoon_4.jpg
imagenet_r,n02129165,n02129165/cartoon_5.jpg
imagenet_r,n02129165,n02129165/cartoon_6.jpg
imagenet_r,n02129165,n02129165/cartoon_7.jpg
imagenet_r,n02129165,n02129165/cartoon_8.jpg
imagenet_r,n02129165,n02129165/cartoon_9.jpg
imagenet_r,n02129165,n02129165/deviantart_0.jpg
imagenet_r,n02129165,n02129165/deviantart_1.jpg
imagenet_r,n02129165,n02129165/deviantart_10.jpg
imagenet_r,n02129165,n02129165/deviantart_11.jpg
imagenet_r,n02129165,n02129165/deviantart_12.jpg
imagenet_r,n02129165,n02129165/deviantart_13.jpg
imagenet_r,n02129165,n02129165/deviantart_14.jpg
imagenet_r,n02129604,n02129604/art_0.jpg
imagenet_r,n02129604,n02129604/art_1.jpg
imagenet_r,n02129604,n02129604/art_2.jpg
imagenet_r,n02129604,n02129604/art_3.jpg
imagenet_r,n02129604,n02129604/art_4.jpg
imagenet_r,n02129604,n02129604/art_5.jpg
imagenet_r,n02129604,n02129604/art_6.jpg
imagenet_r,n02129604,n02129604/art_7.jpg
imagenet_r,n02129604,n02129604/cartoon_0.jpg
imagenet_r,n02129604,n02129604/cartoon_1.jpg
imagenet_r,n02129604,n02129604/cartoon_2.jpg
imagenet_r,n02129604,n02129604/cartoon_3.jpg
imagenet_r,n02129604,n02129604/cartoon_4.jpg
imagenet_r,n02129604,n02129604/cartoon_5.jpg
imagenet_r,n02129604,n02129604/cartoon_6.jpg
imagenet_r,n02129604,n02129604/cartoon_7.jpg
imagenet_r,n02129604,n02129604/deviantart_0.jpg
imagenet_r,n02129604,n02129604/deviantart_1.jpg
imagenet_r,n02129604,n02129604/deviantart_10.jpg
imagenet_r,n02129604,n02129604/deviantart_11.jpg
imagenet_r,n02129604,n02129604/deviantart_12.jpg
imagenet_r,n02129604,n02129604/deviantart_13.jpg
imagenet_r,n02129604,n02129604/deviantart_14.jpg
imagenet_r,n02129604,n02129604/deviantart_15.jpg
imagenet_r,n02129604,n02129604/deviantart_16.jpg
imagenet_r,n02129604,n02129604/deviantart_17.jpg
imagenet_r,n02129604,n02129604/deviantart_18.jpg
imagenet_r,n02129604,n02129604/deviantart_19.jpg
imagenet_r,n02129604,n02129604/deviantart_2.jpg
imagenet_r,n02129604,n02129604/deviantart_20.jpg
imagenet_r,n02129604,n02129604/deviantart_21.jpg
imagenet_r,n02129604,n02129604/deviantart_22.jpg
imagenet_r,n02129604,n02129604/deviantart_23.jpg
imagenet_r,n02129604,n02129604/deviantart_24.jpg
imagenet_r,n02129604,n02129604/deviantart_25.jpg
imagenet_r,n02129604,n02129604/deviantart_26.jpg
imagenet_r,n02129604,n02129604/deviantart_27.jpg
imagenet_r,n02129604,n02129604/deviantart_28.jpg
imagenet_r,n02129604,n02129604/deviantart_29.jpg
imagenet_r,n02129604,n02129604/deviantart_3.jpg
imagenet_r,n02129604,n02129604/deviantart_30.jpg
imagenet_r,n02129604,n02129604/deviantart_31.jpg
imagenet_r,n02129604,n02129604/deviantart_32.jpg
imagenet_r,n02129604,n02129604/deviantart_33.jpg
imagenet_r,n02129604,n02129604/deviantart_34.jpg
imagenet_r,n02129604,n02129604/deviantart_35.jpg
imagenet_r,n02129604,n02129604/deviantart_36.jpg
imagenet_r,n02129604,n02129604/deviantart_37.jpg
imagenet_r,n02129604,n02129604/deviantart_38.jpg
imagenet_r,n02129604,n02129604/deviantart_39.jpg
imagenet_r,n02130308,n02130308/art_0.jpg
imagenet_r,n02130308,n02130308/art_1.jpg
imagenet_r,n02130308,n02130308/art_10.jpg
imagenet_r,n02130308,n02130308/art_11.jpg
imagenet_r,n02130308,n02130308/art_12.jpg
imagenet_r,n02130308,n02130308/art_13.jpg
imagenet_r,n02130308,n02130308/art_14.jpg
imagenet_r,n02130308,n02130308/art_2.jpg
imagenet_r,n02130308,n02130308/art_3.jpg
imagenet_r,n02130308,n02130308/art_4.jpg
imagenet_r,n02130308,n02130308/art_5.jpg
imagenet_r,n02130308,n02130308/art_6.jpg
imagenet_r,n02130308,n02130308/art_7.jpg
imagenet_r,n02130308,n02130308/art_8.jpg
imagenet_r,n02130308,n02130308/art_9.jpg
imagenet_r,n02130308,n02130308/cartoon_0.jpg
imagenet_r,n02130308,n02130308/cartoon_1.jpg
imagenet_r,n02130308,n02130308/cartoon_10.jpg
imagenet_r,n02130308,n02130308/cartoon_11.jpg
imagenet_r,n02130308,n02130308/cartoon_12.jpg
imagenet_r,n02130308,n02130308/cartoon_13.jpg
imagenet_r,n02130308,n02130308/cartoon_14.jpg
imagenet_r,n02130308,n02130308/cartoon_15.jpg
imagenet_r,n02130308,n02130308/cartoon_16.jpg
imagenet_r,n02130308,n02130308/cartoon_17.jpg
imagenet_r,n02130308,n02130308/cartoon_18.jpg
imagenet_r,n02130308,n02130308/cartoon_19.jpg
imagenet_r,n02130308,n02130308/cartoon_2.jpg
imagenet_r,n02130308,n02130308/cartoon_20.jpg
imagenet_r,n02130308,n02130308/cartoon_21.jpg
imagenet_r,n02130308,n02130308/cartoon_22.jpg
imagenet_r,n02130308,n02130308/cartoon_23.jpg
imagenet_r,n02130308,n02130308/cartoon_24.jpg
imagenet_r,n02130308,n02130308/cartoon_25.jpg
imagenet_r,n02130308,n02130308/cartoon_3.jpg
imagenet_r,n02130308,n02130308/cartoon_4.jpg
imagenet_r,n02130308,n02130308/cartoon_5.jpg
imagenet_r,n02130308,n02130308/cartoon_6.jpg
imagenet_r,n02130308,n02130308/cartoon_7.jpg
imagenet_r,n02130308,n02130308/cartoon_8.jpg
imagenet_r,n02130308,n02130308/cartoon_9.jpg
imagenet_r,n02130308,n02130308/graffiti_0.jpg
imagenet_r,n02130308,n02130308/graffiti_1.jpg
imagenet_r,n02130308,n02130308/graffiti_2.jpg
imagenet_r,n02130308,n02130308/graffiti_3.jpg
imagenet_r,n02130308,n02130308/graffiti_4.jpg
imagenet_r,n02130308,n02130308/graffiti_5.jpg
imagenet_r,n02130308,n02130308/graffiti_6.jpg
imagenet_r,n02130308,n02130308/graffiti_7.jpg
imagenet_r,n02130308,n02130308/graffiti_8.jpg
imagenet_r,n02134084,n02134084/deviantart_0.jpg
imagenet_r,n02134084,n02134084/deviantart_1.jpg
imagenet_r,n02134084,n02134084/deviantart_10.jpg
imagenet_r,n02134084,n02134084/deviantart_11.jpg
imagenet_r,n02134084,n02134084/deviantart_12.jpg
imagenet_r,n02134084,n02134084/deviantart_13.jpg
imagenet_r,n02134084,n02134084/deviantart_14.jpg
imagenet_r,n02134084,n02134084/deviantart_15.jpg
imagenet_r,n02134084,n02134084/deviantart_16.jpg
imagenet_r,n02134084,n02134084/deviantart_17.jpg
imagenet_r,n02134084,n02134084/deviantart_2.jpg
imagenet_r,n02134084,n02134084/deviantart_3.jpg
imagenet_r,n02134084,n02134084/deviantart_4.jpg
imagenet_r,n02134084,n02134084/deviantart_5.jpg
imagenet_r,n02134084,n02134084/deviantart_6.jpg
imagenet_r,n02134084,n02134084/deviantart_7.jpg
imagenet_r,n02134084,n02134084/deviantart_8.jpg
imagenet_r,n02134084,n02134084/deviantart_9.jpg
imagenet_r,n02134084,n02134084/misc_0.jpg
imagenet_r,n02134084,n02134084/misc_1.jpg
imagenet_r,n02134084,n02134084/misc_10.jpg
imagenet_r,n02134084,n02134084/misc_100.jpg
imagenet_r,n02134084,n02134084/misc_101.jpg
imagenet_r,n02134084,n02134084/misc_102.jpg
imagenet_r,n02134084,n02134084/misc_103.jpg
imagenet_r,n02134084,n02134084/misc_104.jpg
imagenet_r,n02134084,n02134084/misc_105.jpg
imagenet_r,n02134084,n02134084/misc_106.jpg
imagenet_r,n02134084,n02134084/misc_107.jpg
imagenet_r,n02134084,n02134084/misc_108.jpg
imagenet_r,n02134084,n02134084/misc_109.jpg
imagenet_r,n02134084,n02134084/misc_11.jpg
imagenet_r,n02134084,n02134084/misc_110.jpg
imagenet_r,n02134084,n02134084/misc_111.jpg
imagenet_r,n02134084,n02134084/misc_112.jpg
imagenet_r,n02134084,n02134084/misc_113.jpg
imagenet_r,n02134084,n02134084/misc_114.jpg
imagenet_r,n02134084,n02134084/misc_115.jpg
imagenet_r,n02134084,n02134084/misc_116.jpg
imagenet_r,n02134084,n02134084/misc_117.jpg
imagenet_r,n02134084,n02134084/misc_118.jpg
imagenet_r,n02134084,n02134084/misc_119.jpg
imagenet_r,n02134084,n02134084/misc_12.jpg
imagenet_r,n02134084,n02134084/misc_120.jpg
imagenet_r,n02134084,n02134084/misc_121.jpg
imagenet_r,n02134084,n02134084/misc_122.jpg
imagenet_r,n02134084,n02134084/misc_123.jpg
imagenet_r,n02134084,n02134084/misc_124.jpg
imagenet_r,n02134084,n02134084/misc_125.jpg
imagenet_r,n02134084,n02134084/misc_126.jpg
imagenet_r,n02138441,n02138441/art_0.jpg
imagenet_r,n02138441,n02138441/art_1.jpg
imagenet_r,n02138441,n02138441/art_10.jpg
imagenet_r,n02138441,n02138441/art_11.jpg
imagenet_r,n02138441,n02138441/art_12.jpg
imagenet_r,n02138441,n02138441/art_13.jpg
imagenet_r,n02138441,n02138441/art_14.jpg
imagenet_r,n02138441,n02138441/art_15.jpg
imagenet_r,n02138441,n02138441/art_16.jpg
imagenet_r,n02138441,n02138441/art_17.jpg
imagenet_r,n02138441,n02138441/art_18.jpg
imagenet_r,n02138441,n02138441/art_19.jpg
imagenet_r,n02138441,n02138441/art_2.jpg
imagenet_r,n02138441,n02138441/art_20.jpg
imagenet_r,n02138441,n02138441/art_21.jpg
imagenet_r,n02138441,n02138441/art_22.jpg
imagenet_r,n02138441,n02138441/art_3.jpg
imagenet_r,n02138441,n02138441/art_4.jpg
imagenet_r,n02138441,n02138441/art_5.jpg
imagenet_r,n02138441,n02138441/art_6.jpg
imagenet_r,n02138441,n02138441/art_7.jpg
imagenet_r,n02138441,n02138441/art_8.jpg
imagenet_r,n02138441,n02138441/art_9.jpg
imagenet_r,n02138441,n02138441/cartoon_0.jpg
imagenet_r,n02138441,n02138441/cartoon_1.jpg
imagenet_r,n02138441,n02138441/cartoon_10.jpg
imagenet_r,n02138441,n02138441/cartoon_11.jpg
imagenet_r,n02138441,n02138441/cartoon_12.jpg
imagenet_r,n02138441,n02138441/cartoon_13.jpg
imagenet_r,n02138441,n02138441/cartoon_14.jpg
imagenet_r,n02138441,n02138441/cartoon_15.jpg
imagenet_r,n02138441,n02138441/cartoon_16.jpg
imagenet_r,n02138441,n02138441/cartoon_17.jpg
imagenet_r,n02138441,n02138441/cartoon_18.jpg
imagenet_r,n02138441,n02138441/cartoon_19.jpg
imagenet_r,n02138441,n02138441/cartoon_2.jpg
imagenet_r,n02138441,n02138441/cartoon_20.jpg
imagenet_r,n02138441,n02138441/cartoon_21.jpg
imagenet_r,n02138441,n02138441/cartoon_22.jpg
imagenet_r,n02138441,n02138441/cartoon_23.jpg
imagenet_r,n02138441,n02138441/cartoon_24.jpg
imagenet_r,n02138441,n02138441/cartoon_25.jpg
imagenet_r,n02138441,n02138441/cartoon_3.jpg
imagenet_r,n02138441,n02138441/cartoon_4.jpg
imagenet_r,n02138441,n02138441/cartoon_5.jpg
imagenet_r,n02138441,n02138441/cartoon_6.jpg
imagenet_r,n02138441,n02138441/cartoon_7.jpg
imagenet_r,n02138441,n02138441/cartoon_8.jpg
imagenet_r,n02138441,n02138441/cartoon_9.jpg
imagenet_r,n02138441,n02138441/graffiti_0.jpg
imagenet_r,n02165456,n02165456/art_0.jpg
imagenet_r,n02165456,n02165456/art_1.jpg
imagenet_r,n02165456,n02165456/art_10.jpg
imagenet_r,n02165456,n02165456/art_11.jpg
imagenet_r,n02165456,n02165456/art_12.jpg
imagenet_r,n02165456,n02165456/art_2.jpg
imagenet_r,n02165456,n02165456/art_3.jpg
imagenet_r,n02165456,n02165456/art_4.jpg
imagenet_r,n02165456,n02165456/art_5.jpg
imagenet_r,n02165456,n02165456/art_6.jpg
imagenet_r,n02165456,n02165456/art_7.jpg
imagenet_r,n02165456,n02165456/art_8.jpg
imagenet_r,n02165456,n02165456/art_9.jpg
imagenet_r,n02165456,n02165456/cartoon_0.jpg
imagenet_r,n02165456,n02165456/cartoon_1.jpg
imagenet_r,n02165456,n02165456/cartoon_10.jpg
imagenet_r,n02165456,n02165456/cartoon_11.jpg
imagenet_r,n02165456,n02165456/cartoon_12.jpg
imagenet_r,n02165456,n02165456/cartoon_13.jpg
imagenet_r,n02165456,n02165456/cartoon_14.jpg
imagenet_r,n02165456,n02165456/cartoon_15.jpg
imagenet_r,n02165456,n02165456/cartoon_16.jpg
imagenet_r,n02165456,n02165456/cartoon_17.jpg
imagenet_r,n02165456,n02165456/cartoon_18.jpg
imagenet_r,n02165456,n02165456/cartoon_19.jpg
imagenet_r,n02165456,n02165456/cartoon_2.jpg
imagenet_r,n02165456,n02165456/cartoon_20.jpg
imagenet_r,n02165456,n02165456/cartoon_21.jpg
imagenet_r,n02165456,n02165456/cartoon_22.jpg
imagenet_r,n02165456,n02165456/cartoon_3.jpg
imagenet_r,n02165456,n02165456/cartoon_4.jpg
imagenet_r,n02165456,n02165456/cartoon_5.jpg
imagenet_r,n02165456,n02165456/cartoon_6.jpg
imagenet_r,n02165456,n02165456/cartoon_7.jpg
imagenet_r,n02165456,n02165456/cartoon_8.jpg
imagenet_r,n02165456,n02165456/cartoon_9.jpg
imagenet_r,n02165456,n02165456/embroidery_0.jpg
imagenet_r,n02165456,n02165456/embroidery_1.jpg
imagenet_r,n02165456,n02165456/embroidery_2.jpg
imagenet_r,n02165456,n02165456/embroidery_3.jpg
imagenet_r,n02165456,n02165456/embroidery_4.jpg
imagenet_r,n02165456,n02165456/embroidery_5.jpg
imagenet_r,n02165456,n02165456/embroidery_6.jpg
imagenet_r,n02165456,n02165456/embroidery_7.jpg
imagenet_r,n02165456,n02165456/embroidery_8.jpg
imagenet_r,n02165456,n02165456/graffiti_0.jpg
imagenet_r,n02165456,n02165456/graffiti_1.jpg
imagenet_r,n02165456,n02165456/graffiti_2.jpg
imagenet_r,n02165456,n02165456/graffiti_3.jpg
imagenet_r,n02165456,n02165456/graffiti_4.jpg
imagenet_r,n02190166,n02190166/art_0.jpg
imagenet_r,n02190166,n02190166/cartoon_0.jpg
imagenet_r,n02190166,n02190166/cartoon_1.jpg
imagenet_r,n02190166,n02190166/cartoon_2.jpg
imagenet_r,n02190166,n02190166/cartoon_3.jpg
imagenet_r,n02190166,n02190166/cartoon_4.jpg
imagenet_r,n02190166,n02190166/cartoon_5.jpg
imagenet_r,n02190166,n02190166/cartoon_6.jpg
imagenet_r,n02190166,n02190166/embroidery_0.jpg
imagenet_r,n02190166,n02190166/embroidery_1.jpg
imagenet_r,n02190166,n02190166/graffiti_0.jpg
imagenet_r,n02190166,n02190166/graffiti_1.jpg
imagenet_r,n02190166,n02190166/graffiti_10.jpg
imagenet_r,n02190166,n02190166/graffiti_2.jpg
imagenet_r,n02190166,n02190166/graffiti_3.jpg
imagenet_r,n02190166,n02190166/graffiti_4.jpg
imagenet_r,n02190166,n02190166/graffiti_5.jpg
imagenet_r,n02190166,n02190166/graffiti_6.jpg
imagenet_r,n02190166,n02190166/graffiti_7.jpg
imagenet_r,n02190166,n02190166/graffiti_8.jpg
imagenet_r,n02190166,n02190166/graffiti_9.jpg
imagenet_r,n02190166,n02190166/graphic_0.jpg
imagenet_r,n02190166,n02190166/graphic_1.jpg
imagenet_r,n02190166,n02190166/misc_0.jpg
imagenet_r,n02190166,n02190166/misc_1.jpg
imagenet_r,n02190166,n02190166/origami_0.jpg
imagenet_r,n02190166,n02190166/origami_1.jpg
imagenet_r,n02190166,n02190166/origami_2.jpg
imagenet_r,n02190166,n02190166/painting_0.jpg
imagenet_r,n02190166,n02190166/painting_1.jpg
imagenet_r,n02190166,n02190166/painting_2.jpg
imagenet_r,n02190166,n02190166/painting_3.jpg
imagenet_r,n02190166,n02190166/sculpture_0.jpg
imagenet_r,n02190166,n02190166/sculpture_1.jpg
imagenet_r,n02190166,n02190166/sculpture_2.jpg
imagenet_r,n02190166,n02190166/sculpture_3.jpg
imagenet_r,n02190166,n02190166/sculpture_4.jpg
imagenet_r,n02190166,n02190166/sculpture_5.jpg
imagenet_r,n02190166,n02190166/sketch_0.jpg
imagenet_r,n02190166,n02190166/sketch_1.jpg
imagenet_r,n02190166,n02190166/sketch_10.jpg
imagenet_r,n02190166,n02190166/sketch_11.jpg
imagenet_r,n02190166,n02190166/sketch_12.jpg
imagenet_r,n02190166,n02190166/sketch_13.jpg
imagenet_r,n02190166,n02190166/sketch_14.jpg
imagenet_r,n02190166,n02190166/sketch_15.jpg
imagenet_r,n02190166,n02190166/sketch_16.jpg
imagenet_r,n02190166,n02190166/sketch_17.jpg
imagenet_r,n02190166,n02190166/sketch_18.jpg
imagenet_r,n02190166,n02190166/sketch_19.jpg
imagenet_r,n02206856,n02206856/art_0.jpg
imagenet_r,n02206856,n02206856/art_1.jpg
imagenet_r,n02206856,n02206856/art_10.jpg
imagenet_r,n02206856,n02206856/art_11.jpg
imagenet_r,n02206856,n02206856/art_12.jpg
imagenet_r,n02206856,n02206856/art_13.jpg
imagenet_r,n02206856,n02206856/art_14.jpg
imagenet_r,n02206856,n02206856/art_15.jpg
imagenet_r,n02206856,n02206856/art_16.jpg
imagenet_r,n02206856,n02206856/art_17.jpg
imagenet_r,n02206856,n02206856/art_18.jpg
imagenet_r,n02206856,n02206856/art_19.jpg
imagenet_r,n02206856,n02206856/art_2.jpg
imagenet_r,n02206856,n02206856/art_20.jpg
imagenet_r,n02206856,n02206856/art_21.jpg
imagenet_r,n02206856,n02206856/art_22.jpg
imagenet_r,n02206856,n02206856/art_23.jpg
imagenet_r,n02206856,n02206856/art_3.jpg
imagenet_r,n02206856,n02206856/art_4.jpg
imagenet_r,n02206856,n02206856/art_5.jpg
imagenet_r,n02206856,n02206856/art_6.jpg
imagenet_r,n02206856,n02206856/art_7.jpg
imagenet_r,n02206856,n02206856/art_8.jpg
imagenet_r,n02206856,n02206856/art_9.jpg
imagenet_r,n02206856,n02206856/cartoon_0.jpg
imagenet_r,n02206856,n02206856/cartoon_1.jpg
imagenet_r,n02206856,n02206856/cartoon_10.jpg
imagenet_r,n02206856,n02206856/cartoon_11.jpg
imagenet_r,n02206856,n02206856/cartoon_12.jpg
imagenet_r,n02206856,n02206856/cartoon_13.jpg
imagenet_r,n02206856,n02206856/cartoon_14.jpg
imagenet_r,n02206856,n02206856/cartoon_15.jpg
imagenet_r,n02206856,n02206856/cartoon_16.jpg
imagenet_r,n02206856,n02206856/cartoon_17.jpg
imagenet_r,n02206856,n02206856/cartoon_18.jpg
imagenet_r,n02206856,n02206856/cartoon_19.jpg
imagenet_r,n02206856,n02206856/cartoon_2.jpg
imagenet_r,n02206856,n02206856/cartoon_20.jpg
imagenet_r,n02206856,n02206856/cartoon_21.jpg
imagenet_r,n02206856,n02206856/cartoon_22.jpg
imagenet_r,n02206856,n02206856/cartoon_23.jpg
imagenet_r,n02206856,n02206856/cartoon_24.jpg
imagenet_r,n02206856,n02206856/cartoon_25.jpg
imagenet_r,n02206856,n02206856/cartoon_26.jpg
imagenet_r,n02206856,n02206856/cartoon_27.jpg
imagenet_r,n02206856,n02206856/cartoon_28.jpg
imagenet_r,n02206856,n02206856/cartoon_29.jpg
imagenet_r,n02206856,n02206856/cartoon_3.jpg
imagenet_r,n02206856,n02206856/cartoon_30.jpg
imagenet_r,n02206856,n02206856/cartoon_31.jpg
imagenet_r,n02219486,n02219486/art_0.jpg
imagenet_r,n02219486,n02219486/art_1.jpg
imagenet_r,n02219486,n02219486/art_2.jpg
imagenet_r,n02219486,n02219486/art_3.jpg
imagenet_r,n02219486,n02219486/art_4.jpg
imagenet_r,n02219486,n02219486/art_5.jpg
imagenet_r,n02219486,n02219486/art_6.jpg
imagenet_r,n02219486,n02219486/art_7.jpg
imagenet_r,n02219486,n02219486/art_8.jpg
imagenet_r,n02219486,n02219486/cartoon_0.jpg
imagenet_r,n02219486,n02219486/cartoon_1.jpg
imagenet_r,n02219486,n02219486/cartoon_2.jpg
imagenet_r,n02219486,n02219486/cartoon_3.jpg
imagenet_r,n02219486,n02219486/cartoon_4.jpg
imagenet_r,n02219486,n02219486/cartoon_5.jpg
imagenet_r,n02219486,n02219486/embroidery_0.jpg
imagenet_r,n02219486,n02219486/embroidery_1.jpg
imagenet_r,n02219486,n02219486/embroidery_10.jpg
imagenet_r,n02219486,n02219486/embroidery_2.jpg
imagenet_r,n02219486,n02219486/embroidery_3.jpg
imagenet_r,n02219486,n02219486/embroidery_4.jpg
imagenet_r,n02219486,n02219486/embroidery_5.jpg
imagenet_r,n02219486,n02219486/embroidery_6.jpg
imagenet_r,n02219486,n02219486/embroidery_7.jpg
imagenet_r,n02219486,n02219486/embroidery_8.jpg
imagenet_r,n02219486,n02219486/embroidery_9.jpg
imagenet_r,n02219486,n02219486/graffiti_0.jpg
imagenet_r,n02219486,n02219486/graffiti_1.jpg
imagenet_r,n02219486,n02219486/graffiti_10.jpg
imagenet_r,n02219486,n02219486/graffiti_11.jpg
imagenet_r,n02219486,n02219486/graffiti_12.jpg
imagenet_r,n02219486,n02219486/graffiti_13.jpg
imagenet_r,n02219486,n02219486/graffiti_14.jpg
imagenet_r,n02219486,n02219486/graffiti_15.jpg
imagenet_r,n02219486,n02219486/graffiti_16.jpg
imagenet_r,n02219486,n02219486/graffiti_2.jpg
imagenet_r,n02219486,n02219486/graffiti_3.jpg
imagenet_r,n02219486,n02219486/graffiti_4.jpg
imagenet_r,n02219486,n02219486/graffiti_5.jpg
imagenet_r,n02219486,n02219486/graffiti_6.jpg
imagenet_r,n02219486,n02219486/graffiti_7.jpg
imagenet_r,n02219486,n02219486/graffiti_8.jpg
imagenet_r,n02219486,n02219486/graffiti_9.jpg
imagenet_r,n02219486,n02219486/graphic_0.jpg
imagenet_r,n02219486,n02219486/graphic_1.jpg
imagenet_r,n02219486,n02219486/graphic_2.jpg
imagenet_r,n02219486,n02219486/graphic_3.jpg
imagenet_r,n02219486,n02219486/graphic_4.jpg
imagenet_r,n02219486,n02219486/misc_0.jpg
imagenet_r,n02219486,n02219486/misc_1.jpg
imagenet_r,n02226429,n02226429/art_0.jpg
imagenet_r,n02226429,n02226429/art_1.jpg
imagenet_r,n02226429,n02226429/art_10.jpg
imagenet_r,n02226429,n02226429/art_11.jpg
imagenet_r,n02226429,n02226429/art_12.jpg
imagenet_r,n02226429,n02226429/art_13.jpg
imagenet_r,n02226429,n02226429/art_14.jpg
imagenet_r,n02226429,n02226429/art_2.jpg
imagenet_r,n02226429,n02226429/art_3.jpg
imagenet_r,n02226429,n02226429/art_4.jpg
imagenet_r,n02226429,n02226429/art_5.jpg
imagenet_r,n02226429,n02226429/art_6.jpg
imagenet_r,n02226429,n02226429/art_7.jpg
imagenet_r,n02226429,n02226429/art_8.jpg
imagenet_r,n02226429,n02226429/art_9.jpg
imagenet_r,n02226429,n02226429/cartoon_0.jpg
imagenet_r,n02226429,n02226429/cartoon_1.jpg
imagenet_r,n02226429,n02226429/cartoon_10.jpg
imagenet_r,n02226429,n02226429/cartoon_11.jpg
imagenet_r,n02226429,n02226429/cartoon_12.jpg
imagenet_r,n02226429,n02226429/cartoon_13.jpg
imagenet_r,n02226429,n02226429/cartoon_14.jpg
imagenet_r,n02226429,n02226429/cartoon_15.jpg
imagenet_r,n02226429,n02226429/cartoon_16.jpg
imagenet_r,n02226429,n02226429/cartoon_2.jpg
imagenet_r,n02226429,n02226429/cartoon_3.jpg
imagenet_r,n02226429,n02226429/cartoon_4.jpg
imagenet_r,n02226429,n02226429/cartoon_5.jpg
imagenet_r,n02226429,n02226429/cartoon_6.jpg
imagenet_r,n02226429,n02226429/cartoon_7.jpg
imagenet_r,n02226429,n02226429/cartoon_8.jpg
imagenet_r,n02226429,n02226429/cartoon_9.jpg
imagenet_r,n02226429,n02226429/deviantart_0.jpg
imagenet_r,n02226429,n02226429/deviantart_1.jpg
imagenet_r,n02226429,n02226429/deviantart_2.jpg
imagenet_r,n02226429,n02226429/embroidery_0.jpg
imagenet_r,n02226429,n02226429/embroidery_1.jpg
imagenet_r,n02226429,n02226429/embroidery_2.jpg
imagenet_r,n02226429,n02226429/embroidery_3.jpg
imagenet_r,n02226429,n02226429/embroidery_4.jpg
imagenet_r,n02226429,n02226429/embroidery_5.jpg
imagenet_r,n02226429,n02226429/graffiti_0.jpg
imagenet_r,n02226429,n02226429/graffiti_1.jpg
imagenet_r,n02226429,n02226429/graffiti_2.jpg
imagenet_r,n02226429,n02226429/graffiti_3.jpg
imagenet_r,n02226429,n02226429/graffiti_4.jpg
imagenet_r,n02226429,n02226429/graffiti_5.jpg
imagenet_r,n02226429,n02226429/graffiti_6.jpg
imagenet_r,n02226429,n02226429/graffiti_7.jpg
imagenet_r,n02226429,n02226429/graphic_0.jpg
imagenet_r,n02233338,n02233338/deviantart_0.jpg
imagenet_r,n02233338,n02233338/deviantart_1.jpg
imagenet_r,n02233338,n02233338/deviantart_2.jpg
imagenet_r,n02233338,n02233338/deviantart_3.jpg
imagenet_r,n02233338,n02233338/misc_0.jpg
imagenet_r,n02233338,n02233338/misc_1.jpg
imagenet_r,n02233338,n02233338/misc_10.jpg
imagenet_r,n02233338,n02233338/misc_11.jpg
imagenet_r,n02233338,n02233338/misc_12.jpg
imagenet_r,n02233338,n02233338/misc_13.jpg
imagenet_r,n02233338,n02233338/misc_14.jpg
imagenet_r,n02233338,n02233338/misc_15.jpg
imagenet_r,n02233338,n02233338/misc_16.jpg
imagenet_r,n02233338,n02233338/misc_17.jpg
imagenet_r,n02233338,n02233338/misc_18.jpg
imagenet_r,n02233338,n02233338/misc_19.jpg
imagenet_r,n02233338,n02233338/misc_2.jpg
imagenet_r,n02233338,n02233338/misc_20.jpg
imagenet_r,n02233338,n02233338/misc_21.jpg
imagenet_r,n02233338,n02233338/misc_22.jpg
imagenet_r,n02233338,n02233338/misc_23.jpg
imagenet_r,n02233338,n02233338/misc_24.jpg
imagenet_r,n02233338,n02233338/misc_25.jpg
imagenet_r,n02233338,n02233338/misc_26.jpg
imagenet_r,n02233338,n02233338/misc_27.jpg
imagenet_r,n02233338,n02233338/misc_28.jpg
imagenet_r,n02233338,n02233338/misc_29.jpg
imagenet_r,n02233338,n02233338/misc_3.jpg
imagenet_r,n02233338,n02233338/misc_30.jpg
imagenet_r,n02233338,n02233338/misc_31.jpg
imagenet_r,n02233338,n02233338/misc_32.jpg
imagenet_r,n02233338,n02233338/misc_33.jpg
imagenet_r,n02233338,n02233338/misc_34.jpg
imagenet_r,n02233338,n02233338/misc_35.jpg
imagenet_r,n02233338,n02233338/misc_36.jpg
imagenet_r,n02233338,n02233338/misc_37.jpg
imagenet_r,n02233338,n02233338/misc_38.jpg
imagenet_r,n02233338,n02233338/misc_39.jpg
imagenet_r,n02233338,n02233338/misc_4.jpg
imagenet_r,n02233338,n02233338/misc_40.jpg
imagenet_r,n02233338,n02233338/misc_41.jpg
imagenet_r,n02233338,n02233338/misc_42.jpg
imagenet_r,n02233338,n02233338/misc_43.jpg
imagenet_r,n02233338,n02233338/misc_44.jpg
imagenet_r,n02233338,n02233338/misc_45.jpg
imagenet_r,n02233338,n02233338/misc_46.jpg
imagenet_r,n02233338,n02233338/misc_47.jpg
imagenet_r,n02233338,n02233338/misc_48.jpg
imagenet_r,n02233338,n02233338/misc_49.jpg
imagenet_r,n02233338,n02233338/misc_5.jpg
imagenet_r,n02236044,n02236044/art_0.jpg
imagenet_r,n02236044,n02236044/art_1.jpg
imagenet_r,n02236044,n02236044/art_10.jpg
imagenet_r,n02236044,n02236044/art_11.jpg
imagenet_r,n02236044,n02236044/art_12.jpg
imagenet_r,n02236044,n02236044/art_13.jpg
imagenet_r,n02236044,n02236044/art_14.jpg
imagenet_r,n02236044,n02236044/art_15.jpg
imagenet_r,n02236044,n02236044/art_16.jpg
imagenet_r,n02236044,n02236044/art_17.jpg
imagenet_r,n02236044,n02236044/art_2.jpg
imagenet_r,n02236044,n02236044/art_3.jpg
imagenet_r,n02236044,n02236044/art_4.jpg
imagenet_r,n02236044,n02236044/art_5.jpg
imagenet_r,n02236044,n02236044/art_6.jpg
imagenet_r,n02236044,n02236044/art_7.jpg
imagenet_r,n02236044,n02236044/art_8.jpg
imagenet_r,n02236044,n02236044/art_9.jpg
imagenet_r,n02236044,n02236044/cartoon_0.jpg
imagenet_r,n02236044,n02236044/cartoon_1.jpg
imagenet_r,n02236044,n02236044/cartoon_10.jpg
imagenet_r,n02236044,n02236044/cartoon_11.jpg
imagenet_r,n02236044,n02236044/cartoon_12.jpg
imagenet_r,n02236044,n02236044/cartoon_13.jpg
imagenet_r,n02236044,n02236044/cartoon_14.jpg
imagenet_r,n02236044,n02236044/cartoon_15.jpg
imagenet_r,n02236044,n02236044/cartoon_16.jpg
imagenet_r,n02236044,n02236044/cartoon_17.jpg
imagenet_r,n02236044,n02236044/cartoon_18.jpg
imagenet_r,n02236044,n02236044/cartoon_19.jpg
imagenet_r,n02236044,n02236044/cartoon_2.jpg
imagenet_r,n02236044,n02236044/cartoon_20.jpg
imagenet_r,n02236044,n02236044/cartoon_21.jpg
imagenet_r,n02236044,n02236044/cartoon_22.jpg
imagenet_r,n02236044,n02236044/cartoon_23.jpg
imagenet_r,n02236044,n02236044/cartoon_24.jpg
imagenet_r,n02236044,n02236044/cartoon_25.jpg
imagenet_r,n02236044,n02236044/cartoon_26.jpg
imagenet_r,n02236044,n02236044/cartoon_27.jpg
imagenet_r,n02236044,n02236044/cartoon_28.jpg
imagenet_r,n02236044,n02236044/cartoon_29.jpg
imagenet_r,n02236044,n02236044/cartoon_3.jpg
imagenet_r,n02236044,n02236044/cartoon_30.jpg
imagenet_r,n02236044,n02236044/cartoon_31.jpg
imagenet_r,n02236044,n02236044/cartoon_32.jpg
imagenet_r,n02236044,n02236044/cartoon_33.jpg
imagenet_r,n02236044,n02236044/cartoon_34.jpg
imagenet_r,n02236044,n02236044/cartoon_35.jpg
imagenet_r,n02236044,n02236044/cartoon_36.jpg
imagenet_r,n02236044,n02236044/cartoon_37.jpg
imagenet_r,n02268443,n02268443/art_0.jpg
imagenet_r,n02268443,n02268443/misc_0.jpg
imagenet_r,n02268443,n02268443/misc_1.jpg
imagenet_r,n02268443,n02268443/misc_10.jpg
imagenet_r,n02268443,n02268443/misc_100.jpg
imagenet_r,n02268443,n02268443/misc_101.jpg
imagenet_r,n02268443,n02268443/misc_102.jpg
imagenet_r,n02268443,n02268443/misc_103.jpg
imagenet_r,n02268443,n02268443/misc_104.jpg
imagenet_r,n02268443,n02268443/misc_105.jpg
imagenet_r,n02268443,n02268443/misc_106.jpg
imagenet_r,n02268443,n02268443/misc_107.jpg
imagenet_r,n02268443,n02268443/misc_108.jpg
imagenet_r,n02268443,n02268443/misc_109.jpg
imagenet_r,n02268443,n02268443/misc_11.jpg
imagenet_r,n02268443,n02268443/misc_110.jpg
imagenet_r,n02268443,n02268443/misc_111.jpg
imagenet_r,n02268443,n02268443/misc_112.jpg
imagenet_r,n02268443,n02268443/misc_113.jpg
imagenet_r,n02268443,n02268443/misc_114.jpg
imagenet_r,n02268443,n02268443/misc_115.jpg
imagenet_r,n02268443,n02268443/misc_116.jpg
imagenet_r,n02268443,n02268443/misc_117.jpg
imagenet_r,n02268443,n02268443/misc_118.jpg
imagenet_r,n02268443,n02268443/misc_119.jpg
imagenet_r,n02268443,n02268443/misc_12.jpg
imagenet_r,n02268443,n02268443/misc_120.jpg
imagenet_r,n02268443,n02268443/misc_121.jpg
imagenet_r,n02268443,n02268443/misc_122.jpg
imagenet_r,n02268443,n02268443/misc_123.jpg
imagenet_r,n02268443,n02268443/misc_124.jpg
imagenet_r,n02268443,n02268443/misc_125.jpg
imagenet_r,n02268443,n02268443/misc_126.jpg
imagenet_r,n02268443,n02268443/misc_127.jpg
imagenet_r,n02268443,n02268443/misc_128.jpg
imagenet_r,n02268443,n02268443/misc_129.jpg
imagenet_r,n02268443,n02268443/misc_13.jpg
imagenet_r,n02268443,n02268443/misc_130.jpg
imagenet_r,n02268443,n02268443/misc_131.jpg
imagenet_r,n02268443,n02268443/misc_132.jpg
imagenet_r,n02268443,n02268443/misc_133.jpg
imagenet_r,n02268443,n02268443/misc_134.jpg
imagenet_r,n02268443,n02268443/misc_135.jpg
imagenet_r,n02268443,n02268443/misc_136.jpg
imagenet_r,n02268443,n02268443/misc_137.jpg
imagenet_r,n02268443,n02268443/misc_138.jpg
imagenet_r,n02268443,n02268443/misc_139.jpg
imagenet_r,n02268443,n02268443/misc_14.jpg
imagenet_r,n02268443,n02268443/misc_140.jpg
imagenet_r,n02268443,n02268443/misc_141.jpg
imagenet_r,n02279972,n02279972/art_0.jpg
imagenet_r,n02279972,n02279972/art_1.jpg
imagenet_r,n02279972,n02279972/art_10.jpg
imagenet_r,n02279972,n02279972/art_11.jpg
imagenet_r,n02279972,n02279972/art_12.jpg
imagenet_r,n02279972,n02279972/art_13.jpg
imagenet_r,n02279972,n02279972/art_14.jpg
imagenet_r,n02279972,n02279972/art_15.jpg
imagenet_r,n02279972,n02279972/art_16.jpg
imagenet_r,n02279972,n02279972/art_17.jpg
imagenet_r,n02279972,n02279972/art_18.jpg
imagenet_r,n02279972,n02279972/art_19.jpg
imagenet_r,n02279972,n02279972/art_2.jpg
imagenet_r,n02279972,n02279972/art_20.jpg
imagenet_r,n02279972,n02279972/art_21.jpg
imagenet_r,n02279972,n02279972/art_22.jpg
imagenet_r,n02279972,n02279972/art_3.jpg
imagenet_r,n02279972,n02279972/art_4.jpg
imagenet_r,n02279972,n02279972/art_5.jpg
imagenet_r,n02279972,n02279972/art_6.jpg
imagenet_r,n02279972,n02279972/art_7.jpg
imagenet_r,n02279972,n02279972/art_8.jpg
imagenet_r,n02279972,n02279972/art_9.jpg
imagenet_r,n02279972,n02279972/cartoon_0.jpg
imagenet_r,n02279972,n02279972/cartoon_1.jpg
imagenet_r,n02279972,n02279972/cartoon_10.jpg
imagenet_r,n02279972,n02279972/cartoon_11.jpg
imagenet_r,n02279972,n02279972/cartoon_2.jpg
imagenet_r,n02279972,n02279972/cartoon_3.jpg
imagenet_r,n02279972,n02279972/cartoon_4.jpg
imagenet_r,n02279972,n02279972/cartoon_5.jpg
imagenet_r,n02279972,n02279972/cartoon_6.jpg
imagenet_r,n02279972,n02279972/cartoon_7.jpg
imagenet_r,n02279972,n02279972/cartoon_8.jpg
imagenet_r,n02279972,n02279972/cartoon_9.jpg
imagenet_r,n02279972,n02279972/embroidery_0.jpg
imagenet_r,n02279972,n02279972/embroidery_1.jpg
imagenet_r,n02279972,n02279972/embroidery_2.jpg
imagenet_r,n02279972,n02279972/embroidery_3.jpg
imagenet_r,n02279972,n02279972/embroidery_4.jpg
imagenet_r,n02279972,n02279972/embroidery_5.jpg
imagenet_r,n02279972,n02279972/embroidery_6.jpg
imagenet_r,n02279972,n02279972/graffiti_0.jpg
imagenet_r,n02279972,n02279972/graffiti_1.jpg
imagenet_r,n02279972,n02279972/graffiti_2.jpg
imagenet_r,n02279972,n02279972/graphic_0.jpg
imagenet_r,n02279972,n02279972/misc_0.jpg
imagenet_r,n02279972,n02279972/misc_1.jpg
imagenet_r,n02279972,n02279972/misc_2.jpg
imagenet_r,n02279972,n02279972/misc_3.jpg
imagenet_r,n02317335,n02317335/art_0.jpg
imagenet_r,n02317335,n02317335/art_1.jpg
imagenet_r,n02317335,n02317335/art_2.jpg
imagenet_r,n02317335,n02317335/art_3.jpg
imagenet_r,n02317335,n02317335/art_4.jpg
imagenet_r,n02317335,n02317335/art_5.jpg
imagenet_r,n02317335,n02317335/art_6.jpg
imagenet_r,n02317335,n02317335/cartoon_0.jpg
imagenet_r,n02317335,n02317335/cartoon_1.jpg
imagenet_r,n02317335,n02317335/cartoon_10.jpg
imagenet_r,n02317335,n02317335/cartoon_11.jpg
imagenet_r,n02317335,n02317335/cartoon_12.jpg
imagenet_r,n02317335,n02317335/cartoon_13.jpg
imagenet_r,n02317335,n02317335/cartoon_14.jpg
imagenet_r,n02317335,n02317335/cartoon_15.jpg
imagenet_r,n02317335,n02317335/cartoon_16.jpg
imagenet_r,n02317335,n02317335/cartoon_17.jpg
imagenet_r,n02317335,n02317335/cartoon_18.jpg
imagenet_r,n02317335,n02317335/cartoon_19.jpg
imagenet_r,n02317335,n02317335/cartoon_2.jpg
imagenet_r,n02317335,n02317335/cartoon_20.jpg
imagenet_r,n02317335,n02317335/cartoon_21.jpg
imagenet_r,n02317335,n02317335/cartoon_22.jpg
imagenet_r,n02317335,n02317335/cartoon_23.jpg
imagenet_r,n02317335,n02317335/cartoon_3.jpg
imagenet_r,n02317335,n02317335/cartoon_4.jpg
imagenet_r,n02317335,n02317335/cartoon_5.jpg
imagenet_r,n02317335,n02317335/cartoon_6.jpg
imagenet_r,n02317335,n02317335/cartoon_7.jpg
imagenet_r,n02317335,n02317335/cartoon_8.jpg
imagenet_r,n02317335,n02317335/cartoon_9.jpg
imagenet_r,n02317335,n02317335/embroidery_0.jpg
imagenet_r,n02317335,n02317335/embroidery_1.jpg
imagenet_r,n02317335,n02317335/embroidery_10.jpg
imagenet_r,n02317335,n02317335/embroidery_11.jpg
imagenet_r,n02317335,n02317335/embroidery_12.jpg
imagenet_r,n02317335,n02317335/embroidery_2.jpg
imagenet_r,n02317335,n02317335/embroidery_3.jpg
imagenet_r,n02317335,n02317335/embroidery_4.jpg
imagenet_r,n02317335,n02317335/embroidery_5.jpg
imagenet_r,n02317335,n02317335/embroidery_6.jpg
imagenet_r,n02317335,n02317335/embroidery_7.jpg
imagenet_r,n02317335,n02317335/embroidery_8.jpg
imagenet_r,n02317335,n02317335/embroidery_9.jpg
imagenet_r,n02317335,n02317335/graphic_0.jpg
imagenet_r,n02317335,n02317335/graphic_1.jpg
imagenet_r,n02317335,n02317335/graphic_2.jpg
imagenet_r,n02317335,n02317335/graphic_3.jpg
imagenet_r,n02317335,n02317335/misc_0.jpg
imagenet_r,n02317335,n02317335/misc_1.jpg
imagenet_r,n02325366,n02325366/misc_0.jpg
imagenet_r,n02325366,n02325366/misc_1.jpg
imagenet_r,n02325366,n02325366/misc_10.jpg
imagenet_r,n02325366,n02325366/misc_11.jpg
imagenet_r,n02325366,n02325366/misc_12.jpg
imagenet_r,n02325366,n02325366/misc_13.jpg
imagenet_r,n02325366,n02325366/misc_14.jpg
imagenet_r,n02325366,n02325366/misc_15.jpg
imagenet_r,n02325366,n02325366/misc_16.jpg
imagenet_r,n02325366,n02325366/misc_17.jpg
imagenet_r,n02325366,n02325366/misc_18.jpg
imagenet_r,n02325366,n02325366/misc_19.jpg
imagenet_r,n02325366,n02325366/misc_2.jpg
imagenet_r,n02325366,n02325366/misc_20.jpg
imagenet_r,n02325366,n02325366/misc_21.jpg
imagenet_r,n02325366,n02325366/misc_22.jpg
imagenet_r,n02325366,n02325366/misc_23.jpg
imagenet_r,n02325366,n02325366/misc_24.jpg
imagenet_r,n02325366,n02325366/misc_25.jpg
imagenet_r,n02325366,n02325366/misc_26.jpg
imagenet_r,n02325366,n02325366/misc_27.jpg
imagenet_r,n02325366,n02325366/misc_28.jpg
imagenet_r,n02325366,n02325366/misc_29.jpg
imagenet_r,n02325366,n02325366/misc_3.jpg
imagenet_r,n02325366,n02325366/misc_30.jpg
imagenet_r,n02325366,n02325366/misc_31.jpg
imagenet_r,n02325366,n02325366/misc_32.jpg
imagenet_r,n02325366,n02325366/misc_33.jpg
imagenet_r,n02325366,n02325366/misc_34.jpg
imagenet_r,n02325366,n02325366/misc_35.jpg
imagenet_r,n02325366,n02325366/misc_36.jpg
imagenet_r,n02325366,n02325366/misc_37.jpg
imagenet_r,n02325366,n02325366/misc_38.jpg
imagenet_r,n02325366,n02325366/misc_39.jpg
imagenet_r,n02325366,n02325366/misc_4.jpg
imagenet_r,n02325366,n02325366/misc_40.jpg
imagenet_r,n02325366,n02325366/misc_41.jpg
imagenet_r,n02325366,n02325366/misc_42.jpg
imagenet_r,n02325366,n02325366/misc_43.jpg
imagenet_r,n02325366,n02325366/misc_44.jpg
imagenet_r,n02325366,n02325366/misc_45.jpg
imagenet_r,n02325366,n02325366/misc_46.jpg
imagenet_r,n02325366,n02325366/misc_47.jpg
imagenet_r,n02325366,n02325366/misc_48.jpg
imagenet_r,n02325366,n02325366/misc_49.jpg
imagenet_r,n02325366,n02325366/misc_5.jpg
imagenet_r,n02325366,n02325366/misc_50.jpg
imagenet_r,n02325366,n02325366/misc_51.jpg
imagenet_r,n02325366,n02325366/misc_52.jpg
imagenet_r,n02325366,n02325366/misc_53.jpg
imagenet_r,n02346627,n02346627/art_0.jpg
imagenet_r,n02346627,n02346627/art_1.jpg
imagenet_r,n02346627,n02346627/art_2.jpg
imagenet_r,n02346627,n02346627/art_3.jpg
imagenet_r,n02346627,n02346627/art_4.jpg
imagenet_r,n02346627,n02346627/art_5.jpg
imagenet_r,n02346627,n02346627/art_6.jpg
imagenet_r,n02346627,n02346627/art_7.jpg
imagenet_r,n02346627,n02346627/art_8.jpg
imagenet_r,n02346627,n02346627/art_9.jpg
imagenet_r,n02346627,n02346627/cartoon_0.jpg
imagenet_r,n02346627,n02346627/cartoon_1.jpg
imagenet_r,n02346627,n02346627/cartoon_10.jpg
imagenet_r,n02346627,n02346627/cartoon_11.jpg
imagenet_r,n02346627,n02346627/cartoon_12.jpg
imagenet_r,n02346627,n02346627/cartoon_13.jpg
imagenet_r,n02346627,n02346627/cartoon_14.jpg
imagenet_r,n02346627,n02346627/cartoon_15.jpg
imagenet_r,n02346627,n02346627/cartoon_16.jpg
imagenet_r,n02346627,n02346627/cartoon_17.jpg
imagenet_r,n02346627,n02346627/cartoon_18.jpg
imagenet_r,n02346627,n02346627/cartoon_19.jpg
imagenet_r,n02346627,n02346627/cartoon_2.jpg
imagenet_r,n02346627,n02346627/cartoon_20.jpg
imagenet_r,n02346627,n02346627/cartoon_3.jpg
imagenet_r,n02346627,n02346627/cartoon_4.jpg
imagenet_r,n02346627,n02346627/cartoon_5.jpg
imagenet_r,n02346627,n02346627/cartoon_6.jpg
imagenet_r,n02346627,n02346627/cartoon_7.jpg
imagenet_r,n02346627,n02346627/cartoon_8.jpg
imagenet_r,n02346627,n02346627/cartoon_9.jpg
imagenet_r,n02346627,n02346627/embroidery_0.jpg
imagenet_r,n02346627,n02346627/embroidery_1.jpg
imagenet_r,n02346627,n02346627/embroidery_2.jpg
imagenet_r,n02346627,n02346627/graffiti_0.jpg
imagenet_r,n02346627,n02346627/graffiti_1.jpg
imagenet_r,n02346627,n02346627/misc_0.jpg
imagenet_r,n02346627,n02346627/misc_1.jpg
imagenet_r,n02346627,n02346627/misc_2.jpg
imagenet_r,n02346627,n02346627/misc_3.jpg
imagenet_r,n02346627,n02346627/painting_0.jpg
imagenet_r,n02346627,n02346627/painting_1.jpg
imagenet_r,n02346627,n02346627/painting_10.jpg
imagenet_r,n02346627,n02346627/painting_11.jpg
imagenet_r,n02346627,n02346627/painting_12.jpg
imagenet_r,n02346627,n02346627/painting_13.jpg
imagenet_r,n02346627,n02346627/painting_14.jpg
imagenet_r,n02346627,n02346627/painting_15.jpg
imagenet_r,n02346627,n02346627/painting_2.jpg
imagenet_r,n02346627,n02346627/painting_3.jpg
imagenet_r,n02356798,n02356798/art_0.jpg
imagenet_r,n02356798,n02356798/art_1.jpg
imagenet_r,n02356798,n02356798/art_2.jpg
imagenet_r,n02356798,n02356798/art_3.jpg
imagenet_r,n02356798,n02356798/cartoon_0.jpg
imagenet_r,n02356798,n02356798/cartoon_1.jpg
imagenet_r,n02356798,n02356798/cartoon_10.jpg
imagenet_r,n02356798,n02356798/cartoon_11.jpg
imagenet_r,n02356798,n02356798/cartoon_12.jpg
imagenet_r,n02356798,n02356798/cartoon_13.jpg
imagenet_r,n02356798,n02356798/cartoon_14.jpg
imagenet_r,n02356798,n02356798/cartoon_15.jpg
imagenet_r,n02356798,n02356798/cartoon_16.jpg
imagenet_r,n02356798,n02356798/cartoon_2.jpg
imagenet_r,n02356798,n02356798/cartoon_3.jpg
imagenet_r,n02356798,n02356798/cartoon_4.jpg
imagenet_r,n02356798,n02356798/cartoon_5.jpg
imagenet_r,n02356798,n02356798/cartoon_6.jpg
imagenet_r,n02356798,n02356798/cartoon_7.jpg
imagenet_r,n02356798,n02356798/cartoon_8.jpg
imagenet_r,n02356798,n02356798/cartoon_9.jpg
imagenet_r,n02356798,n02356798/deviantart_0.jpg
imagenet_r,n02356798,n02356798/embroidery_0.jpg
imagenet_r,n02356798,n02356798/embroidery_1.jpg
imagenet_r,n02356798,n02356798/graffiti_0.jpg
imagenet_r,n02356798,n02356798/graffiti_1.jpg
imagenet_r,n02356798,n02356798/misc_0.jpg
imagenet_r,n02356798,n02356798/misc_1.jpg
imagenet_r,n02356798,n02356798/origami_0.jpg
imagenet_r,n02356798,n02356798/painting_0.jpg
imagenet_r,n02356798,n02356798/painting_1.jpg
imagenet_r,n02356798,n02356798/painting_2.jpg
imagenet_r,n02356798,n02356798/painting_3.jpg
imagenet_r,n02356798,n02356798/painting_4.jpg
imagenet_r,n02356798,n02356798/sculpture_0.jpg
imagenet_r,n02356798,n02356798/sketch_0.jpg
imagenet_r,n02356798,n02356798/sketch_1.jpg
imagenet_r,n02356798,n02356798/sketch_10.jpg
imagenet_r,n02356798,n02356798/sketch_11.jpg
imagenet_r,n02356798,n02356798/sketch_12.jpg
imagenet_r,n02356798,n02356798/sketch_13.jpg
imagenet_r,n02356798,n02356798/sketch_14.jpg
imagenet_r,n02356798,n02356798/sketch_15.jpg
imagenet_r,n02356798,n02356798/sketch_16.jpg
imagenet_r,n02356798,n02356798/sketch_17.jpg
imagenet_r,n02356798,n02356798/sketch_18.jpg
imagenet_r,n02356798,n02356798/sketch_19.jpg
imagenet_r,n02356798,n02356798/sketch_2.jpg
imagenet_r,n02356798,n02356798/sketch_20.jpg
imagenet_r,n02356798,n02356798/sketch_21.jpg
imagenet_r,n02363005,n02363005/art_0.jpg
imagenet_r,n02363005,n02363005/art_1.jpg
imagenet_r,n02363005,n02363005/art_2.jpg
imagenet_r,n02363005,n02363005/art_3.jpg
imagenet_r,n02363005,n02363005/art_4.jpg
imagenet_r,n02363005,n02363005/art_5.jpg
imagenet_r,n02363005,n02363005/art_6.jpg
imagenet_r,n02363005,n02363005/art_7.jpg
imagenet_r,n02363005,n02363005/art_8.jpg
imagenet_r,n02363005,n02363005/cartoon_0.jpg
imagenet_r,n02363005,n02363005/cartoon_1.jpg
imagenet_r,n02363005,n02363005/cartoon_10.jpg
imagenet_r,n02363005,n02363005/cartoon_11.jpg
imagenet_r,n02363005,n02363005/cartoon_12.jpg
imagenet_r,n02363005,n02363005/cartoon_13.jpg
imagenet_r,n02363005,n02363005/cartoon_14.jpg
imagenet_r,n02363005,n02363005/cartoon_15.jpg
imagenet_r,n02363005,n02363005/cartoon_16.jpg
imagenet_r,n02363005,n02363005/cartoon_17.jpg
imagenet_r,n02363005,n02363005/cartoon_18.jpg
imagenet_r,n02363005,n02363005/cartoon_19.jpg
imagenet_r,n02363005,n02363005/cartoon_2.jpg
imagenet_r,n02363005,n02363005/cartoon_20.jpg
imagenet_r,n02363005,n02363005/cartoon_21.jpg
imagenet_r,n02363005,n02363005/cartoon_22.jpg
imagenet_r,n02363005,n02363005/cartoon_23.jpg
imagenet_r,n02363005,n02363005/cartoon_24.jpg
imagenet_r,n02363005,n02363005/cartoon_25.jpg
imagenet_r,n02363005,n02363005/cartoon_26.jpg
imagenet_r,n02363005,n02363005/cartoon_27.jpg
imagenet_r,n02363005,n02363005/cartoon_28.jpg
imagenet_r,n02363005,n02363005/cartoon_29.jpg
imagenet_r,n02363005,n02363005/cartoon_3.jpg
imagenet_r,n02363005,n02363005/cartoon_30.jpg
imagenet_r,n02363005,n02363005/cartoon_31.jpg
imagenet_r,n02363005,n02363005/cartoon_32.jpg
imagenet_r,n02363005,n02363005/cartoon_33.jpg
imagenet_r,n02363005,n02363005/cartoon_34.jpg
imagenet_r,n02363005,n02363005/cartoon_35.jpg
imagenet_r,n02363005,n02363005/cartoon_36.jpg
imagenet_r,n02363005,n02363005/cartoon_37.jpg
imagenet_r,n02363005,n02363005/cartoon_38.jpg
imagenet_r,n02363005,n02363005/cartoon_39.jpg
imagenet_r,n02363005,n02363005/cartoon_4.jpg
imagenet_r,n02363005,n02363005/cartoon_40.jpg
imagenet_r,n02363005,n02363005/cartoon_41.jpg
imagenet_r,n02363005,n02363005/cartoon_42.jpg
imagenet_r,n02363005,n02363005/cartoon_43.jpg
imagenet_r,n02363005,n02363005/cartoon_44.jpg
imagenet_r,n02363005,n02363005/cartoon_45.jpg
imagenet_r,n02364673,n02364673/art_0.jpg
imagenet_r,n02364673,n02364673/art_1.jpg
imagenet_r,n02364673,n02364673/art_10.jpg
imagenet_r,n02364673,n02364673/art_11.jpg
imagenet_r,n02364673,n02364673/art_12.jpg
imagenet_r,n02364673,n02364673/art_13.jpg
imagenet_r,n02364673,n02364673/art_14.jpg
imagenet_r,n02364673,n02364673/art_15.jpg
imagenet_r,n02364673,n02364673/art_16.jpg
imagenet_r,n02364673,n02364673/art_17.jpg
imagenet_r,n02364673,n02364673/art_18.jpg
imagenet_r,n02364673,n02364673/art_19.jpg
imagenet_r,n02364673,n02364673/art_2.jpg
imagenet_r,n02364673,n02364673/art_20.jpg
imagenet_r,n02364673,n02364673/art_21.jpg
imagenet_r,n02364673,n02364673/art_3.jpg
imagenet_r,n02364673,n02364673/art_4.jpg
imagenet_r,n02364673,n02364673/art_5.jpg
imagenet_r,n02364673,n02364673/art_6.jpg
imagenet_r,n02364673,n02364673/art_7.jpg
imagenet_r,n02364673,n02364673/art_8.jpg
imagenet_r,n02364673,n02364673/art_9.jpg
imagenet_r,n02364673,n02364673/cartoon_0.jpg
imagenet_r,n02364673,n02364673/cartoon_1.jpg
imagenet_r,n02364673,n02364673/cartoon_10.jpg
imagenet_r,n02364673,n02364673/cartoon_11.jpg
imagenet_r,n02364673,n02364673/cartoon_12.jpg
imagenet_r,n02364673,n02364673/cartoon_13.jpg
imagenet_r,n02364673,n02364673/cartoon_14.jpg
imagenet_r,n02364673,n02364673/cartoon_15.jpg
imagenet_r,n02364673,n02364673/cartoon_16.jpg
imagenet_r,n02364673,n02364673/cartoon_17.jpg
imagenet_r,n02364673,n02364673/cartoon_18.jpg
imagenet_r,n02364673,n02364673/cartoon_19.jpg
imagenet_r,n02364673,n02364673/cartoon_2.jpg
imagenet_r,n02364673,n02364673/cartoon_20.jpg
imagenet_r,n02364673,n02364673/cartoon_21.jpg
imagenet_r,n02364673,n02364673/cartoon_22.jpg
imagenet_r,n02364673,n02364673/cartoon_23.jpg
imagenet_r,n02364673,n02364673/cartoon_24.jpg
imagenet_r,n02364673,n02364673/cartoon_25.jpg
imagenet_r,n02364673,n02364673/cartoon_26.jpg
imagenet_r,n02364673,n02364673/cartoon_27.jpg
imagenet_r,n02364673,n02364673/cartoon_28.jpg
imagenet_r,n02364673,n02364673/cartoon_29.jpg
imagenet_r,n02364673,n02364673/cartoon_3.jpg
imagenet_r,n02364673,n02364673/cartoon_4.jpg
imagenet_r,n02364673,n02364673/cartoon_5.jpg
imagenet_r,n02364673,n02364673/cartoon_6.jpg
imagenet_r,n02364673,n02364673/cartoon_7.jpg
imagenet_r,n02391049,n02391049/deviantart_0.jpg
imagenet_r,n02391049,n02391049/deviantart_1.jpg
imagenet_r,n02391049,n02391049/deviantart_10.jpg
imagenet_r,n02391049,n02391049/deviantart_11.jpg
imagenet_r,n02391049,n02391049/deviantart_12.jpg
imagenet_r,n02391049,n02391049/deviantart_13.jpg
imagenet_r,n02391049,n02391049/deviantart_14.jpg
imagenet_r,n02391049,n02391049/deviantart_15.jpg
imagenet_r,n02391049,n02391049/deviantart_16.jpg
imagenet_r,n02391049,n02391049/deviantart_2.jpg
imagenet_r,n02391049,n02391049/deviantart_3.jpg
imagenet_r,n02391049,n02391049/deviantart_4.jpg
imagenet_r,n02391049,n02391049/deviantart_5.jpg
imagenet_r,n02391049,n02391049/deviantart_6.jpg
imagenet_r,n02391049,n02391049/deviantart_7.jpg
imagenet_r,n02391049,n02391049/deviantart_8.jpg
imagenet_r,n02391049,n02391049/deviantart_9.jpg
imagenet_r,n02391049,n02391049/misc_0.jpg
imagenet_r,n02391049,n02391049/misc_1.jpg
imagenet_r,n02391049,n02391049/misc_10.jpg
imagenet_r,n02391049,n02391049/misc_100.jpg
imagenet_r,n02391049,n02391049/misc_101.jpg
imagenet_r,n02391049,n02391049/misc_102.jpg
imagenet_r,n02391049,n02391049/misc_103.jpg
imagenet_r,n02391049,n02391049/misc_104.jpg
imagenet_r,n02391049,n02391049/misc_105.jpg
imagenet_r,n02391049,n02391049/misc_106.jpg
imagenet_r,n02391049,n02391049/misc_107.jpg
imagenet_r,n02391049,n02391049/misc_108.jpg
imagenet_r,n02391049,n02391049/misc_109.jpg
imagenet_r,n02391049,n02391049/misc_11.jpg
imagenet_r,n02391049,n02391049/misc_110.jpg
imagenet_r,n02391049,n02391049/misc_111.jpg
imagenet_r,n02391049,n02391049/misc_112.jpg
imagenet_r,n02391049,n02391049/misc_113.jpg
imagenet_r,n02391049,n02391049/misc_114.jpg
imagenet_r,n02391049,n02391049/misc_115.jpg
imagenet_r,n02391049,n02391049/misc_116.jpg
imagenet_r,n02391049,n02391049/misc_117.jpg
imagenet_r,n02391049,n02391049/misc_118.jpg
imagenet_r,n02391049,n02391049/misc_119.jpg
imagenet_r,n02391049,n02391049/misc_12.jpg
imagenet_r,n02391049,n02391049/misc_120.jpg
imagenet_r,n02391049,n02391049/misc_121.jpg
imagenet_r,n02391049,n02391049/misc_122.jpg
imagenet_r,n02391049,n02391049/misc_123.jpg
imagenet_r,n02391049,n02391049/misc_124.jpg
imagenet_r,n02391049,n02391049/misc_125.jpg
imagenet_r,n02391049,n02391049/misc_126.jpg
imagenet_r,n02391049,n02391049/misc_127.jpg
imagenet_r,n02395406,n02395406/art_0.jpg
imagenet_r,n02395406,n02395406/art_1.jpg
imagenet_r,n02395406,n02395406/art_10.jpg
imagenet_r,n02395406,n02395406/art_11.jpg
imagenet_r,n02395406,n02395406/art_12.jpg
imagenet_r,n02395406,n02395406/art_13.jpg
imagenet_r,n02395406,n02395406/art_14.jpg
imagenet_r,n02395406,n02395406/art_15.jpg
imagenet_r,n02395406,n02395406/art_16.jpg
imagenet_r,n02395406,n02395406/art_17.jpg
imagenet_r,n02395406,n02395406/art_18.jpg
imagenet_r,n02395406,n02395406/art_2.jpg
imagenet_r,n02395406,n02395406/art_3.jpg
imagenet_r,n02395406,n02395406/art_4.jpg
imagenet_r,n02395406,n02395406/art_5.jpg
imagenet_r,n02395406,n02395406/art_6.jpg
imagenet_r,n02395406,n02395406/art_7.jpg
imagenet_r,n02395406,n02395406/art_8.jpg
imagenet_r,n02395406,n02395406/art_9.jpg
imagenet_r,n02395406,n02395406/cartoon_0.jpg
imagenet_r,n02395406,n02395406/cartoon_1.jpg
imagenet_r,n02395406,n02395406/cartoon_10.jpg
imagenet_r,n02395406,n02395406/cartoon_11.jpg
imagenet_r,n02395406,n02395406/cartoon_12.jpg
imagenet_r,n02395406,n02395406/cartoon_13.jpg
imagenet_r,n02395406,n02395406/cartoon_14.jpg
imagenet_r,n02395406,n02395406/cartoon_15.jpg
imagenet_r,n02395406,n02395406/cartoon_16.jpg
imagenet_r,n02395406,n02395406/cartoon_17.jpg
imagenet_r,n02395406,n02395406/cartoon_18.jpg
imagenet_r,n02395406,n02395406/cartoon_19.jpg
imagenet_r,n02395406,n02395406/cartoon_2.jpg
imagenet_r,n02395406,n02395406/cartoon_20.jpg
imagenet_r,n02395406,n02395406/cartoon_21.jpg
imagenet_r,n02395406,n02395406/cartoon_22.jpg
imagenet_r,n02395406,n02395406/cartoon_23.jpg
imagenet_r,n02395406,n02395406/cartoon_24.jpg
imagenet_r,n02395406,n02395406/cartoon_25.jpg
imagenet_r,n02395406,n02395406/cartoon_26.jpg
imagenet_r,n02395406,n02395406/cartoon_27.jpg
imagenet_r,n02395406,n02395406/cartoon_28.jpg
imagenet_r,n02395406,n02395406/cartoon_29.jpg
imagenet_r,n02395406,n02395406/cartoon_3.jpg
imagenet_r,n02395406,n02395406/cartoon_30.jpg
imagenet_r,n02395406,n02395406/cartoon_31.jpg
imagenet_r,n02395406,n02395406/cartoon_32.jpg
imagenet_r,n02395406,n02395406/cartoon_33.jpg
imagenet_r,n02395406,n02395406/cartoon_34.jpg
imagenet_r,n02395406,n02395406/cartoon_35.jpg
imagenet_r,n02395406,n02395406/cartoon_36.jpg
imagenet_r,n02398521,n02398521/art_0.jpg
imagenet_r,n02398521,n02398521/art_1.jpg
imagenet_r,n02398521,n02398521/art_10.jpg
imagenet_r,n02398521,n02398521/art_11.jpg
imagenet_r,n02398521,n02398521/art_12.jpg
imagenet_r,n02398521,n02398521/art_13.jpg
imagenet_r,n02398521,n02398521/art_14.jpg
imagenet_r,n02398521,n02398521/art_15.jpg
imagenet_r,n02398521,n02398521/art_16.jpg
imagenet_r,n02398521,n02398521/art_17.jpg
imagenet_r,n02398521,n02398521/art_2.jpg
imagenet_r,n02398521,n02398521/art_3.jpg
imagenet_r,n02398521,n02398521/art_4.jpg
imagenet_r,n02398521,n02398521/art_5.jpg
imagenet_r,n02398521,n02398521/art_6.jpg
imagenet_r,n02398521,n02398521/art_7.jpg
imagenet_r,n02398521,n02398521/art_8.jpg
imagenet_r,n02398521,n02398521/art_9.jpg
imagenet_r,n02398521,n02398521/cartoon_0.jpg
imagenet_r,n02398521,n02398521/cartoon_1.jpg
imagenet_r,n02398521,n02398521/cartoon_10.jpg
imagenet_r,n02398521,n02398521/cartoon_11.jpg
imagenet_r,n02398521,n02398521/cartoon_12.jpg
imagenet_r,n02398521,n02398521/cartoon_13.jpg
imagenet_r,n02398521,n02398521/cartoon_14.jpg
imagenet_r,n02398521,n02398521/cartoon_15.jpg
imagenet_r,n02398521,n02398521/cartoon_16.jpg
imagenet_r,n02398521,n02398521/cartoon_17.jpg
imagenet_r,n02398521,n02398521/cartoon_18.jpg
imagenet_r,n02398521,n02398521/cartoon_19.jpg
imagenet_r,n02398521,n02398521/cartoon_2.jpg
imagenet_r,n02398521,n02398521/cartoon_20.jpg
imagenet_r,n02398521,n02398521/cartoon_21.jpg
imagenet_r,n02398521,n02398521/cartoon_22.jpg
imagenet_r,n02398521,n02398521/cartoon_23.jpg
imagenet_r,n02398521,n02398521/cartoon_24.jpg
imagenet_r,n02398521,n02398521/cartoon_25.jpg
imagenet_r,n02398521,n02398521/cartoon_26.jpg
imagenet_r,n02398521,n02398521/cartoon_27.jpg
imagenet_r,n02398521,n02398521/cartoon_28.jpg
imagenet_r,n02398521,n02398521/cartoon_29.jpg
imagenet_r,n02398521,n02398521/cartoon_3.jpg
imagenet_r,n02398521,n02398521/cartoon_30.jpg
imagenet_r,n02398521,n02398521/cartoon_4.jpg
imagenet_r,n02398521,n02398521/cartoon_5.jpg
imagenet_r,n02398521,n02398521/cartoon_6.jpg
imagenet_r,n02398521,n02398521/cartoon_7.jpg
imagenet_r,n02398521,n02398521/cartoon_8.jpg
imagenet_r,n02398521,n02398521/cartoon_9.jpg
imagenet_r,n02398521,n02398521/deviantart_0.jpg
imagenet_r,n02410509,n02410509/art_0.jpg
imagenet_r,n02410509,n02410509/art_1.jpg
imagenet_r,n02410509,n02410509/art_10.jpg
imagenet_r,n02410509,n02410509/art_11.jpg
imagenet_r,n02410509,n02410509/art_12.jpg
imagenet_r,n02410509,n02410509/art_13.jpg
imagenet_r,n02410509,n02410509/art_14.jpg
imagenet_r,n02410509,n02410509/art_15.jpg
imagenet_r,n02410509,n02410509/art_16.jpg
imagenet_r,n02410509,n02410509/art_17.jpg
imagenet_r,n02410509,n02410509/art_18.jpg
imagenet_r,n02410509,n02410509/art_19.jpg
imagenet_r,n02410509,n02410509/art_2.jpg
imagenet_r,n02410509,n02410509/art_20.jpg
imagenet_r,n02410509,n02410509/art_21.jpg
imagenet_r,n02410509,n02410509/art_3.jpg
imagenet_r,n02410509,n02410509/art_4.jpg
imagenet_r,n02410509,n02410509/art_5.jpg
imagenet_r,n02410509,n02410509/art_6.jpg
imagenet_r,n02410509,n02410509/art_7.jpg
imagenet_r,n02410509,n02410509/art_8.jpg
imagenet_r,n02410509,n02410509/art_9.jpg
imagenet_r,n02410509,n02410509/cartoon_0.jpg
imagenet_r,n02410509,n02410509/cartoon_1.jpg
imagenet_r,n02410509,n02410509/cartoon_10.jpg
imagenet_r,n02410509,n02410509/cartoon_11.jpg
imagenet_r,n02410509,n02410509/cartoon_12.jpg
imagenet_r,n02410509,n02410509/cartoon_13.jpg
imagenet_r,n02410509,n02410509/cartoon_14.jpg
imagenet_r,n02410509,n02410509/cartoon_15.jpg
imagenet_r,n02410509,n02410509/cartoon_16.jpg
imagenet_r,n02410509,n02410509/cartoon_17.jpg
imagenet_r,n02410509,n02410509/cartoon_18.jpg
imagenet_r,n02410509,n02410509/cartoon_19.jpg
imagenet_r,n02410509,n02410509/cartoon_2.jpg
imagenet_r,n02410509,n02410509/cartoon_20.jpg
imagenet_r,n02410509,n02410509/cartoon_21.jpg
imagenet_r,n02410509,n02410509/cartoon_22.jpg
imagenet_r,n02410509,n02410509/cartoon_23.jpg
imagenet_r,n02410509,n02410509/cartoon_24.jpg
imagenet_r,n02410509,n02410509/cartoon_25.jpg
imagenet_r,n02410509,n02410509/cartoon_26.jpg
imagenet_r,n02410509,n02410509/cartoon_27.jpg
imagenet_r,n02410509,n02410509/cartoon_28.jpg
imagenet_r,n02410509,n02410509/cartoon_29.jpg
imagenet_r,n02410509,n02410509/cartoon_3.jpg
imagenet_r,n02410509,n02410509/cartoon_30.jpg
imagenet_r,n02410509,n02410509/cartoon_31.jpg
imagenet_r,n02410509,n02410509/cartoon_32.jpg
imagenet_r,n02410509,n02410509/cartoon_33.jpg
imagenet_r,n02423022,n02423022/art_0.jpg
imagenet_r,n02423022,n02423022/art_1.jpg
imagenet_r,n02423022,n02423022/art_10.jpg
imagenet_r,n02423022,n02423022/art_11.jpg
imagenet_r,n02423022,n02423022/art_12.jpg
imagenet_r,n02423022,n02423022/art_13.jpg
imagenet_r,n02423022,n02423022/art_14.jpg
imagenet_r,n02423022,n02423022/art_15.jpg
imagenet_r,n02423022,n02423022/art_16.jpg
imagenet_r,n02423022,n02423022/art_17.jpg
imagenet_r,n02423022,n02423022/art_2.jpg
imagenet_r,n02423022,n02423022/art_3.jpg
imagenet_r,n02423022,n02423022/art_4.jpg
imagenet_r,n02423022,n02423022/art_5.jpg
imagenet_r,n02423022,n02423022/art_6.jpg
imagenet_r,n02423022,n02423022/art_7.jpg
imagenet_r,n02423022,n02423022/art_8.jpg
imagenet_r,n02423022,n02423022/art_9.jpg
imagenet_r,n02423022,n02423022/cartoon_0.jpg
imagenet_r,n02423022,n02423022/cartoon_1.jpg
imagenet_r,n02423022,n02423022/cartoon_10.jpg
imagenet_r,n02423022,n02423022/cartoon_11.jpg
imagenet_r,n02423022,n02423022/cartoon_12.jpg
imagenet_r,n02423022,n02423022/cartoon_13.jpg
imagenet_r,n02423022,n02423022/cartoon_14.jpg
imagenet_r,n02423022,n02423022/cartoon_15.jpg
imagenet_r,n02423022,n02423022/cartoon_16.jpg
imagenet_r,n02423022,n02423022/cartoon_17.jpg
imagenet_r,n02423022,n02423022/cartoon_18.jpg
imagenet_r,n02423022,n02423022/cartoon_19.jpg
imagenet_r,n02423022,n02423022/cartoon_2.jpg
imagenet_r,n02423022,n02423022/cartoon_20.jpg
imagenet_r,n02423022,n02423022/cartoon_21.jpg
imagenet_r,n02423022,n02423022/cartoon_22.jpg
imagenet_r,n02423022,n02423022/cartoon_23.jpg
imagenet_r,n02423022,n02423022/cartoon_24.jpg
imagenet_r,n02423022,n02423022/cartoon_25.jpg
imagenet_r,n02423022,n02423022/cartoon_26.jpg
imagenet_r,n02423022,n02423022/cartoon_27.jpg
imagenet_r,n02423022,n02423022/cartoon_28.jpg
imagenet_r,n02423022,n02423022/cartoon_29.jpg
imagenet_r,n02423022,n02423022/cartoon_3.jpg
imagenet_r,n02423022,n02423022/cartoon_30.jpg
imagenet_r,n02423022,n02423022/cartoon_4.jpg
imagenet_r,n02423022,n02423022/cartoon_5.jpg
imagenet_r,n02423022,n02423022/cartoon_6.jpg
imagenet_r,n02423022,n02423022/cartoon_7.jpg
imagenet_r,n02423022,n02423022/cartoon_8.jpg
imagenet_r,n02423022,n02423022/cartoon_9.jpg
imagenet_r,n02423022,n02423022/embroidery_0.jpg
