dataset,wnid,image
imagenet,n02437616,n02437616/ILSVRC2012_val_00000343.JPEG
imagenet,n02437616,n02437616/ILSVRC2012_val_00001050.JPEG
imagenet,n02437616,n02437616/ILSVRC2012_val_00001333.JPEG
imagenet,n02437616,n02437616/ILSVRC2012_val_00003654.JPEG
imagenet,n02437616,n02437616/ILSVRC2012_val_00004793.JPEG
imagenet,n02437616,n02437616/ILSVRC2012_val_00005960.JPEG
imagenet,n02437616,n02437616/ILSVRC2012_val_00009205.JPEG
imagenet,n02437616,n02437616/ILSVRC2012_val_00009719.JPEG
imagenet,n02437616,n02437616/ILSVRC2012_val_00010441.JPEG
imagenet,n02437616,n02437616/ILSVRC2012_val_00010862.JPEG
imagenet,n02437616,n02437616/ILSVRC2012_val_00014548.JPEG
imagenet,n02437616,n02437616/ILSVRC2012_val_00015482.JPEG
imagenet,n02437616,n02437616/ILSVRC2012_val_00016710.JPEG
imagenet,n02437616,n02437616/ILSVRC2012_val_00018238.JPEG
imagenet,n02437616,n02437616/ILSVRC2012_val_00018496.JPEG
imagenet,n02437616,n02437616/ILSVRC2012_val_00019044.JPEG
imagenet,n02437616,n02437616/ILSVRC2012_val_00019427.JPEG
imagenet,n02437616,n02437616/ILSVRC2012_val_00019696.JPEG
imagenet,n02437616,n02437616/ILSVRC2012_val_00020139.JPEG
imagenet,n02437616,n02437616/ILSVRC2012_val_00020158.JPEG
imagenet,n02437616,n02437616/ILSVRC2012_val_00021181.JPEG
imagenet,n02437616,n02437616/ILSVRC2012_val_00022237.JPEG
imagenet,n02437616,n02437616/ILSVRC2012_val_00024978.JPEG
imagenet,n02437616,n02437616/ILSVRC2012_val_00025221.JPEG
imagenet,n02437616,n02437616/ILSVRC2012_val_00026173.JPEG
imagenet,n02437616,n02437616/ILSVRC2012_val_00026223.JPEG
imagenet,n02437616,n02437616/ILSVRC2012_val_00026578.JPEG
imagenet,n02437616,n02437616/ILSVRC2012_val_00026926.JPEG
imagenet,n02437616,n02437616/ILSVRC2012_val_00029207.JPEG
imagenet,n02437616,n02437616/ILSVRC2012_val_00029566.JPEG
imagenet,n02437616,n02437616/ILSVRC2012_val_00030358.JPEG
imagenet,n02437616,n02437616/ILSVRC2012_val_00030488.JPEG
imagenet,n02437616,n02437616/ILSVRC2012_val_00030863.JPEG
imagenet,n02437616,n02437616/ILSVRC2012_val_00030927.JPEG
imagenet,n02437616,n02437616/ILSVRC2012_val_00030943.JPEG
imagenet,n02437616,n02437616/ILSVRC2012_val_00033984.JPEG
imagenet,n02437616,n02437616/ILSVRC2012_val_00035823.JPEG
imagenet,n02437616,n02437616/ILSVRC2012_val_00036473.JPEG
imagenet,n02437616,n02437616/ILSVRC2012_val_00037380.JPEG
imagenet,n02437616,n02437616/ILSVRC2012_val_00038163.JPEG
imagenet,n02437616,n02437616/ILSVRC2012_val_00038684.JPEG
imagenet,n02437616,n02437616/ILSVRC2012_val_00039936.JPEG
imagenet,n02437616,n02437616/ILSVRC2012_val_00041185.JPEG
imagenet,n02437616,n02437616/ILSVRC2012_val_00041905.JPEG
imagenet,n02437616,n02437616/ILSVRC2012_val_00044769.JPEG
imagenet,n02437616,n02437616/ILSVRC2012_val_00045049.JPEG
imagenet,n02437616,n02437616/ILSVRC2012_val_00046051.JPEG
imagenet,n02437616,n02437616/ILSVRC2012_val_00046841.JPEG
imagenet,n02437616,n02437616/ILSVRC2012_val_00047279.JPEG
imagenet,n02437616,n02437616/ILSVRC2012_val_00050000.JPEG
imagenet,n02445715,n02445715/ILSVRC2012_val_00000181.JPEG
imagenet,n02445715,n02445715/ILSVRC2012_val_00000273.JPEG
imagenet,n02445715,n02445715/ILSVRC2012_val_00000322.JPEG
imagenet,n02445715,n02445715/ILSVRC2012_val_00000446.JPEG
imagenet,n02445715,n02445715/ILSVRC2012_val_00000447.JPEG
imagenet,n02445715,n02445715/ILSVRC2012_val_00001721.JPEG
imagenet,n02445715,n02445715/ILSVRC2012_val_00003299.JPEG
imagenet,n02445715,n02445715/ILSVRC2012_val_00003766.JPEG
imagenet,n02445715,n02445715/ILSVRC2012_val_00004601.JPEG
imagenet,n02445715,n02445715/ILSVRC2012_val_00004808.JPEG
imagenet,n02445715,n02445715/ILSVRC2012_val_00005312.JPEG
imagenet,n02445715,n02445715/ILSVRC2012_val_00006283.JPEG
imagenet,n02445715,n02445715/ILSVRC2012_val_00008517.JPEG
imagenet,n02445715,n02445715/ILSVRC2012_val_00008722.JPEG
imagenet,n02445715,n02445715/ILSVRC2012_val_00009067.JPEG
imagenet,n02445715,n02445715/ILSVRC2012_val_00011219.JPEG
imagenet,n02445715,n02445715/ILSVRC2012_val_00012283.JPEG
imagenet,n02445715,n02445715/ILSVRC2012_val_00012662.JPEG
imagenet,n02445715,n02445715/ILSVRC2012_val_00014343.JPEG
imagenet,n02445715,n02445715/ILSVRC2012_val_00014391.JPEG
imagenet,n02445715,n02445715/ILSVRC2012_val_00015239.JPEG
imagenet,n02445715,n02445715/ILSVRC2012_val_00015459.JPEG
imagenet,n02445715,n02445715/ILSVRC2012_val_00015894.JPEG
imagenet,n02445715,n02445715/ILSVRC2012_val_00016741.JPEG
imagenet,n02445715,n02445715/ILSVRC2012_val_00017341.JPEG
imagenet,n02445715,n02445715/ILSVRC2012_val_00017860.JPEG
imagenet,n02445715,n02445715/ILSVRC2012_val_00021874.JPEG
imagenet,n02445715,n02445715/ILSVRC2012_val_00022864.JPEG
imagenet,n02445715,n02445715/ILSVRC2012_val_00023119.JPEG
imagenet,n02445715,n02445715/ILSVRC2012_val_00023656.JPEG
imagenet,n02445715,n02445715/ILSVRC2012_val_00026215.JPEG
imagenet,n02445715,n02445715/ILSVRC2012_val_00027295.JPEG
imagenet,n02445715,n02445715/ILSVRC2012_val_00028802.JPEG
imagenet,n02445715,n02445715/ILSVRC2012_val_00033947.JPEG
imagenet,n02445715,n02445715/ILSVRC2012_val_00034780.JPEG
imagenet,n02445715,n02445715/ILSVRC2012_val_00035314.JPEG
imagenet,n02445715,n02445715/ILSVRC2012_val_00036461.JPEG
imagenet,n02445715,n02445715/ILSVRC2012_val_00037139.JPEG
imagenet,n02445715,n02445715/ILSVRC2012_val_00038199.JPEG
imagenet,n02445715,n02445715/ILSVRC2012_val_00039135.JPEG
imagenet,n02445715,n02445715/ILSVRC2012_val_00040228.JPEG
imagenet,n02445715,n02445715/ILSVRC2012_val_00042428.JPEG
imagenet,n02445715,n02445715/ILSVRC2012_val_00042443.JPEG
imagenet,n02445715,n02445715/ILSVRC2012_val_00044511.JPEG
imagenet,n02445715,n02445715/ILSVRC2012_val_00044929.JPEG
imagenet,n02445715,n02445715/ILSVRC2012_val_00045193.JPEG
imagenet,n02445715,n02445715/ILSVRC2012_val_00047048.JPEG
imagenet,n02445715,n02445715/ILSVRC2012_val_00048581.JPEG
imagenet,n02445715,n02445715/ILSVRC2012_val_00049081.JPEG
imagenet,n02445715,n02445715/ILSVRC2012_val_00049976.JPEG
imagenet,n02447366,n02447366/ILSVRC2012_val_00000726.JPEG
imagenet,n02447366,n02447366/ILSVRC2012_val_00002903.JPEG
imagenet,n02447366,n02447366/ILSVRC2012_val_00003213.JPEG
imagenet,n02447366,n02447366/ILSVRC2012_val_00003383.JPEG
imagenet,n02447366,n02447366/ILSVRC2012_val_00004409.JPEG
imagenet,n02447366,n02447366/ILSVRC2012_val_00005155.JPEG
imagenet,n02447366,n02447366/ILSVRC2012_val_00006320.JPEG
imagenet,n02447366,n02447366/ILSVRC2012_val_00006734.JPEG
imagenet,n02447366,n02447366/ILSVRC2012_val_00007541.JPEG
imagenet,n02447366,n02447366/ILSVRC2012_val_00007728.JPEG
imagenet,n02447366,n02447366/ILSVRC2012_val_00008419.JPEG
imagenet,n02447366,n02447366/ILSVRC2012_val_00008562.JPEG
imagenet,n02447366,n02447366/ILSVRC2012_val_00009254.JPEG
imagenet,n02447366,n02447366/ILSVRC2012_val_00009878.JPEG
imagenet,n02447366,n02447366/ILSVRC2012_val_00012860.JPEG
imagenet,n02447366,n02447366/ILSVRC2012_val_00013425.JPEG
imagenet,n02447366,n02447366/ILSVRC2012_val_00017114.JPEG
imagenet,n02447366,n02447366/ILSVRC2012_val_00017517.JPEG
imagenet,n02447366,n02447366/ILSVRC2012_val_00018072.JPEG
imagenet,n02447366,n02447366/ILSVRC2012_val_00019336.JPEG
imagenet,n02447366,n02447366/ILSVRC2012_val_00020219.JPEG
imagenet,n02447366,n02447366/ILSVRC2012_val_00020668.JPEG
imagenet,n02447366,n02447366/ILSVRC2012_val_00020969.JPEG
imagenet,n02447366,n02447366/ILSVRC2012_val_00023566.JPEG
imagenet,n02447366,n02447366/ILSVRC2012_val_00023776.JPEG
imagenet,n02447366,n02447366/ILSVRC2012_val_00023870.JPEG
imagenet,n02447366,n02447366/ILSVRC2012_val_00025242.JPEG
imagenet,n02447366,n02447366/ILSVRC2012_val_00026422.JPEG
imagenet,n02447366,n02447366/ILSVRC2012_val_00028238.JPEG
imagenet,n02447366,n02447366/ILSVRC2012_val_00029690.JPEG
imagenet,n02447366,n02447366/ILSVRC2012_val_00029936.JPEG
imagenet,n02447366,n02447366/ILSVRC2012_val_00031436.JPEG
imagenet,n02447366,n02447366/ILSVRC2012_val_00031622.JPEG
imagenet,n02447366,n02447366/ILSVRC2012_val_00034872.JPEG
imagenet,n02447366,n02447366/ILSVRC2012_val_00035718.JPEG
imagenet,n02447366,n02447366/ILSVRC2012_val_00036141.JPEG
imagenet,n02447366,n02447366/ILSVRC2012_val_00036224.JPEG
imagenet,n02447366,n02447366/ILSVRC2012_val_00037650.JPEG
imagenet,n02447366,n02447366/ILSVRC2012_val_00037899.JPEG
imagenet,n02447366,n02447366/ILSVRC2012_val_00038889.JPEG
imagenet,n02447366,n02447366/ILSVRC2012_val_00038987.JPEG
imagenet,n02447366,n02447366/ILSVRC2012_val_00039103.JPEG
imagenet,n02447366,n02447366/ILSVRC2012_val_00039772.JPEG
imagenet,n02447366,n02447366/ILSVRC2012_val_00041647.JPEG
imagenet,n02447366,n02447366/ILSVRC2012_val_00042540.JPEG
imagenet,n02447366,n02447366/ILSVRC2012_val_00043025.JPEG
imagenet,n02447366,n02447366/ILSVRC2012_val_00043982.JPEG
imagenet,n02447366,n02447366/ILSVRC2012_val_00044044.JPEG
imagenet,n02447366,n02447366/ILSVRC2012_val_00044114.JPEG
imagenet,n02447366,n02447366/ILSVRC2012_val_00044728.JPEG
imagenet,n02480495,n02480495/ILSVRC2012_val_00001535.JPEG
imagenet,n02480495,n02480495/ILSVRC2012_val_00002862.JPEG
imagenet,n02480495,n02480495/ILSVRC2012_val_00002911.JPEG
imagenet,n02480495,n02480495/ILSVRC2012_val_00004003.JPEG
imagenet,n02480495,n02480495/ILSVRC2012_val_00005726.JPEG
imagenet,n02480495,n02480495/ILSVRC2012_val_00007506.JPEG
imagenet,n02480495,n02480495/ILSVRC2012_val_00008615.JPEG
imagenet,n02480495,n02480495/ILSVRC2012_val_00009381.JPEG
imagenet,n02480495,n02480495/ILSVRC2012_val_00009574.JPEG
imagenet,n02480495,n02480495/ILSVRC2012_val_00010212.JPEG
imagenet,n02480495,n02480495/ILSVRC2012_val_00010576.JPEG
imagenet,n02480495,n02480495/ILSVRC2012_val_00011425.JPEG
imagenet,n02480495,n02480495/ILSVRC2012_val_00011592.JPEG
imagenet,n02480495,n02480495/ILSVRC2012_val_00012167.JPEG
imagenet,n02480495,n02480495/ILSVRC2012_val_00012782.JPEG
imagenet,n02480495,n02480495/ILSVRC2012_val_00015704.JPEG
imagenet,n02480495,n02480495/ILSVRC2012_val_00015876.JPEG
imagenet,n02480495,n02480495/ILSVRC2012_val_00016196.JPEG
imagenet,n02480495,n02480495/ILSVRC2012_val_00016432.JPEG
imagenet,n02480495,n02480495/ILSVRC2012_val_00016559.JPEG
imagenet,n02480495,n02480495/ILSVRC2012_val_00017493.JPEG
imagenet,n02480495,n02480495/ILSVRC2012_val_00019448.JPEG
imagenet,n02480495,n02480495/ILSVRC2012_val_00020171.JPEG
imagenet,n02480495,n02480495/ILSVRC2012_val_00020525.JPEG
imagenet,n02480495,n02480495/ILSVRC2012_val_00021352.JPEG
imagenet,n02480495,n02480495/ILSVRC2012_val_00022223.JPEG
imagenet,n02480495,n02480495/ILSVRC2012_val_00023426.JPEG
imagenet,n02480495,n02480495/ILSVRC2012_val_00024622.JPEG
imagenet,n02480495,n02480495/ILSVRC2012_val_00024886.JPEG
imagenet,n02480495,n02480495/ILSVRC2012_val_00026499.JPEG
imagenet,n02480495,n02480495/ILSVRC2012_val_00028636.JPEG
imagenet,n02480495,n02480495/ILSVRC2012_val_00028784.JPEG
imagenet,n02480495,n02480495/ILSVRC2012_val_00031083.JPEG
imagenet,n02480495,n02480495/ILSVRC2012_val_00031880.JPEG
imagenet,n02480495,n02480495/ILSVRC2012_val_00032080.JPEG
imagenet,n02480495,n02480495/ILSVRC2012_val_00033650.JPEG
imagenet,n02480495,n02480495/ILSVRC2012_val_00033841.JPEG
imagenet,n02480495,n02480495/ILSVRC2012_val_00034740.JPEG
imagenet,n02480495,n02480495/ILSVRC2012_val_00035901.JPEG
imagenet,n02480495,n02480495/ILSVRC2012_val_00037212.JPEG
imagenet,n02480495,n02480495/ILSVRC2012_val_00037228.JPEG
imagenet,n02480495,n02480495/ILSVRC2012_val_00042045.JPEG
imagenet,n02480495,n02480495/ILSVRC2012_val_00045304.JPEG
imagenet,n02480495,n02480495/ILSVRC2012_val_00046846.JPEG
imagenet,n02480495,n02480495/ILSVRC2012_val_00047222.JPEG
imagenet,n02480495,n02480495/ILSVRC2012_val_00047956.JPEG
imagenet,n02480495,n02480495/ILSVRC2012_val_00048291.JPEG
imagenet,n02480495,n02480495/ILSVRC2012_val_00048294.JPEG
imagenet,n02480495,n02480495/ILSVRC2012_val_00049124.JPEG
imagenet,n02480495,n02480495/ILSVRC2012_val_00049377.JPEG
imagenet,n02480855,n02480855/ILSVRC2012_val_00000093.JPEG
imagenet,n02480855,n02480855/ILSVRC2012_val_00000242.JPEG
imagenet,n02480855,n02480855/ILSVRC2012_val_00002530.JPEG
imagenet,n02480855,n02480855/ILSVRC2012_val_00004173.JPEG
imagenet,n02480855,n02480855/ILSVRC2012_val_00004272.JPEG
imagenet,n02480855,n02480855/ILSVRC2012_val_00005565.JPEG
imagenet,n02480855,n02480855/ILSVRC2012_val_00005826.JPEG
imagenet,n02480855,n02480855/ILSVRC2012_val_00006141.JPEG
imagenet,n02480855,n02480855/ILSVRC2012_val_00006498.JPEG
imagenet,n02480855,n02480855/ILSVRC2012_val_00006541.JPEG
imagenet,n02480855,n02480855/ILSVRC2012_val_00006775.JPEG
imagenet,n02480855,n02480855/ILSVRC2012_val_00007588.JPEG
imagenet,n02480855,n02480855/ILSVRC2012_val_00009390.JPEG
imagenet,n02480855,n02480855/ILSVRC2012_val_00010853.JPEG
imagenet,n02480855,n02480855/ILSVRC2012_val_00011482.JPEG
imagenet,n02480855,n02480855/ILSVRC2012_val_00012496.JPEG
imagenet,n02480855,n02480855/ILSVRC2012_val_00014055.JPEG
imagenet,n02480855,n02480855/ILSVRC2012_val_00015064.JPEG
imagenet,n02480855,n02480855/ILSVRC2012_val_00015909.JPEG
imagenet,n02480855,n02480855/ILSVRC2012_val_00015928.JPEG
imagenet,n02480855,n02480855/ILSVRC2012_val_00016173.JPEG
imagenet,n02480855,n02480855/ILSVRC2012_val_00017200.JPEG
imagenet,n02480855,n02480855/ILSVRC2012_val_00020000.JPEG
imagenet,n02480855,n02480855/ILSVRC2012_val_00021361.JPEG
imagenet,n02480855,n02480855/ILSVRC2012_val_00021741.JPEG
imagenet,n02480855,n02480855/ILSVRC2012_val_00022791.JPEG
imagenet,n02480855,n02480855/ILSVRC2012_val_00023514.JPEG
imagenet,n02480855,n02480855/ILSVRC2012_val_00027670.JPEG
imagenet,n02480855,n02480855/ILSVRC2012_val_00028049.JPEG
imagenet,n02480855,n02480855/ILSVRC2012_val_00028177.JPEG
imagenet,n02480855,n02480855/ILSVRC2012_val_00028296.JPEG
imagenet,n02480855,n02480855/ILSVRC2012_val_00030729.JPEG
imagenet,n02480855,n02480855/ILSVRC2012_val_00032006.JPEG
imagenet,n02480855,n02480855/ILSVRC2012_val_00032223.JPEG
imagenet,n02480855,n02480855/ILSVRC2012_val_00032655.JPEG
imagenet,n02480855,n02480855/ILSVRC2012_val_00033298.JPEG
imagenet,n02480855,n02480855/ILSVRC2012_val_00035543.JPEG
imagenet,n02480855,n02480855/ILSVRC2012_val_00038024.JPEG
imagenet,n02480855,n02480855/ILSVRC2012_val_00040008.JPEG
imagenet,n02480855,n02480855/ILSVRC2012_val_00040216.JPEG
imagenet,n02480855,n02480855/ILSVRC2012_val_00040794.JPEG
imagenet,n02480855,n02480855/ILSVRC2012_val_00041155.JPEG
imagenet,n02480855,n02480855/ILSVRC2012_val_00041607.JPEG
imagenet,n02480855,n02480855/ILSVRC2012_val_00042024.JPEG
imagenet,n02480855,n02480855/ILSVRC2012_val_00042046.JPEG
imagenet,n02480855,n02480855/ILSVRC2012_val_00042839.JPEG
imagenet,n02480855,n02480855/ILSVRC2012_val_00044145.JPEG
imagenet,n02480855,n02480855/ILSVRC2012_val_00045156.JPEG
imagenet,n02480855,n02480855/ILSVRC2012_val_00047603.JPEG
imagenet,n02480855,n02480855/ILSVRC2012_val_00049323.JPEG
imagenet,n02481823,n02481823/ILSVRC2012_val_00000553.JPEG
imagenet,n02481823,n02481823/ILSVRC2012_val_00000788.JPEG
imagenet,n02481823,n02481823/ILSVRC2012_val_00000870.JPEG
imagenet,n02481823,n02481823/ILSVRC2012_val_00000974.JPEG
imagenet,n02481823,n02481823/ILSVRC2012_val_00001546.JPEG
imagenet,n02481823,n02481823/ILSVRC2012_val_00007604.JPEG
imagenet,n02481823,n02481823/ILSVRC2012_val_00007619.JPEG
imagenet,n02481823,n02481823/ILSVRC2012_val_00007639.JPEG
imagenet,n02481823,n02481823/ILSVRC2012_val_00008256.JPEG
imagenet,n02481823,n02481823/ILSVRC2012_val_00008330.JPEG
imagenet,n02481823,n02481823/ILSVRC2012_val_00008351.JPEG
imagenet,n02481823,n02481823/ILSVRC2012_val_00008889.JPEG
imagenet,n02481823,n02481823/ILSVRC2012_val_00011245.JPEG
imagenet,n02481823,n02481823/ILSVRC2012_val_00012253.JPEG
imagenet,n02481823,n02481823/ILSVRC2012_val_00012830.JPEG
imagenet,n02481823,n02481823/ILSVRC2012_val_00013943.JPEG
imagenet,n02481823,n02481823/ILSVRC2012_val_00015148.JPEG
imagenet,n02481823,n02481823/ILSVRC2012_val_00015432.JPEG
imagenet,n02481823,n02481823/ILSVRC2012_val_00019335.JPEG
imagenet,n02481823,n02481823/ILSVRC2012_val_00020642.JPEG
imagenet,n02481823,n02481823/ILSVRC2012_val_00020869.JPEG
imagenet,n02481823,n02481823/ILSVRC2012_val_00022194.JPEG
imagenet,n02481823,n02481823/ILSVRC2012_val_00023262.JPEG
imagenet,n02481823,n02481823/ILSVRC2012_val_00024600.JPEG
imagenet,n02481823,n02481823/ILSVRC2012_val_00024840.JPEG
imagenet,n02481823,n02481823/ILSVRC2012_val_00024921.JPEG
imagenet,n02481823,n02481823/ILSVRC2012_val_00027941.JPEG
imagenet,n02481823,n02481823/ILSVRC2012_val_00028562.JPEG
imagenet,n02481823,n02481823/ILSVRC2012_val_00029160.JPEG
imagenet,n02481823,n02481823/ILSVRC2012_val_00030426.JPEG
imagenet,n02481823,n02481823/ILSVRC2012_val_00031769.JPEG
imagenet,n02481823,n02481823/ILSVRC2012_val_00032684.JPEG
imagenet,n02481823,n02481823/ILSVRC2012_val_00033537.JPEG
imagenet,n02481823,n02481823/ILSVRC2012_val_00034215.JPEG
imagenet,n02481823,n02481823/ILSVRC2012_val_00036080.JPEG
imagenet,n02481823,n02481823/ILSVRC2012_val_00037790.JPEG
imagenet,n02481823,n02481823/ILSVRC2012_val_00038769.JPEG
imagenet,n02481823,n02481823/ILSVRC2012_val_00038816.JPEG
imagenet,n02481823,n02481823/ILSVRC2012_val_00038902.JPEG
imagenet,n02481823,n02481823/ILSVRC2012_val_00039545.JPEG
imagenet,n02481823,n02481823/ILSVRC2012_val_00042086.JPEG
imagenet,n02481823,n02481823/ILSVRC2012_val_00042946.JPEG
imagenet,n02481823,n02481823/ILSVRC2012_val_00044781.JPEG
imagenet,n02481823,n02481823/ILSVRC2012_val_00045826.JPEG
imagenet,n02481823,n02481823/ILSVRC2012_val_00046456.JPEG
imagenet,n02481823,n02481823/ILSVRC2012_val_00046703.JPEG
imagenet,n02481823,n02481823/ILSVRC2012_val_00046741.JPEG
imagenet,n02481823,n02481823/ILSVRC2012_val_00048741.JPEG
imagenet,n02481823,n02481823/ILSVRC2012_val_00049902.JPEG
imagenet,n02481823,n02481823/ILSVRC2012_val_00049985.JPEG
imagenet,n02483362,n02483362/ILSVRC2012_val_00003388.JPEG
imagenet,n02483362,n02483362/ILSVRC2012_val_00003712.JPEG
imagenet,n02483362,n02483362/ILSVRC2012_val_00004058.JPEG
imagenet,n02483362,n02483362/ILSVRC2012_val_00004753.JPEG
imagenet,n02483362,n02483362/ILSVRC2012_val_00006256.JPEG
imagenet,n02483362,n02483362/ILSVRC2012_val_00006447.JPEG
imagenet,n02483362,n02483362/ILSVRC2012_val_00006451.JPEG
imagenet,n02483362,n02483362/ILSVRC2012_val_00008017.JPEG
imagenet,n02483362,n02483362/ILSVRC2012_val_00009303.JPEG
imagenet,n02483362,n02483362/ILSVRC2012_val_00009519.JPEG
imagenet,n02483362,n02483362/ILSVRC2012_val_00009925.JPEG
imagenet,n02483362,n02483362/ILSVRC2012_val_00010482.JPEG
imagenet,n02483362,n02483362/ILSVRC2012_val_00011039.JPEG
imagenet,n02483362,n02483362/ILSVRC2012_val_00011281.JPEG
imagenet,n02483362,n02483362/ILSVRC2012_val_00011523.JPEG
imagenet,n02483362,n02483362/ILSVRC2012_val_00015010.JPEG
imagenet,n02483362,n02483362/ILSVRC2012_val_00016611.JPEG
imagenet,n02483362,n02483362/ILSVRC2012_val_00017266.JPEG
imagenet,n02483362,n02483362/ILSVRC2012_val_00018962.JPEG
imagenet,n02483362,n02483362/ILSVRC2012_val_00020301.JPEG
imagenet,n02483362,n02483362/ILSVRC2012_val_00020978.JPEG
imagenet,n02483362,n02483362/ILSVRC2012_val_00020997.JPEG
imagenet,n02483362,n02483362/ILSVRC2012_val_00023595.JPEG
imagenet,n02483362,n02483362/ILSVRC2012_val_00025031.JPEG
imagenet,n02483362,n02483362/ILSVRC2012_val_00025033.JPEG
imagenet,n02483362,n02483362/ILSVRC2012_val_00026222.JPEG
imagenet,n02483362,n02483362/ILSVRC2012_val_00027489.JPEG
imagenet,n02483362,n02483362/ILSVRC2012_val_00028219.JPEG
imagenet,n02483362,n02483362/ILSVRC2012_val_00029459.JPEG
imagenet,n02483362,n02483362/ILSVRC2012_val_00029465.JPEG
imagenet,n02483362,n02483362/ILSVRC2012_val_00029738.JPEG
imagenet,n02483362,n02483362/ILSVRC2012_val_00031929.JPEG
imagenet,n02483362,n02483362/ILSVRC2012_val_00032133.JPEG
imagenet,n02483362,n02483362/ILSVRC2012_val_00033513.JPEG
imagenet,n02483362,n02483362/ILSVRC2012_val_00033717.JPEG
imagenet,n02483362,n02483362/ILSVRC2012_val_00034271.JPEG
imagenet,n02483362,n02483362/ILSVRC2012_val_00035668.JPEG
imagenet,n02483362,n02483362/ILSVRC2012_val_00035799.JPEG
imagenet,n02483362,n02483362/ILSVRC2012_val_00035977.JPEG
imagenet,n02483362,n02483362/ILSVRC2012_val_00038037.JPEG
imagenet,n02483362,n02483362/ILSVRC2012_val_00040852.JPEG
imagenet,n02483362,n02483362/ILSVRC2012_val_00041756.JPEG
imagenet,n02483362,n02483362/ILSVRC2012_val_00042637.JPEG
imagenet,n02483362,n02483362/ILSVRC2012_val_00045321.JPEG
imagenet,n02483362,n02483362/ILSVRC2012_val_00046137.JPEG
imagenet,n02483362,n02483362/ILSVRC2012_val_00046486.JPEG
imagenet,n02483362,n02483362/ILSVRC2012_val_00046590.JPEG
imagenet,n02483362,n02483362/ILSVRC2012_val_00046783.JPEG
imagenet,n02483362,n02483362/ILSVRC2012_val_00048939.JPEG
imagenet,n02483362,n02483362/ILSVRC2012_val_00049019.JPEG
imagenet,n02486410,n02486410/ILSVRC2012_val_00000486.JPEG
imagenet,n02486410,n02486410/ILSVRC2012_val_00000945.JPEG
imagenet,n02486410,n02486410/ILSVRC2012_val_00001155.JPEG
imagenet,n02486410,n02486410/ILSVRC2012_val_00003454.JPEG
imagenet,n02486410,n02486410/ILSVRC2012_val_00004227.JPEG
imagenet,n02486410,n02486410/ILSVRC2012_val_00005813.JPEG
imagenet,n02486410,n02486410/ILSVRC2012_val_00007455.JPEG
imagenet,n02486410,n02486410/ILSVRC2012_val_00008014.JPEG
imagenet,n02486410,n02486410/ILSVRC2012_val_00008154.JPEG
imagenet,n02486410,n02486410/ILSVRC2012_val_00008484.JPEG
imagenet,n02486410,n02486410/ILSVRC2012_val_00008877.JPEG
imagenet,n02486410,n02486410/ILSVRC2012_val_00009799.JPEG
imagenet,n02486410,n02486410/ILSVRC2012_val_00013761.JPEG
imagenet,n02486410,n02486410/ILSVRC2012_val_00014339.JPEG
imagenet,n02486410,n02486410/ILSVRC2012_val_00015023.JPEG
imagenet,n02486410,n02486410/ILSVRC2012_val_00016257.JPEG
imagenet,n02486410,n02486410/ILSVRC2012_val_00016651.JPEG
imagenet,n02486410,n02486410/ILSVRC2012_val_00016706.JPEG
imagenet,n02486410,n02486410/ILSVRC2012_val_00017616.JPEG
imagenet,n02486410,n02486410/ILSVRC2012_val_00018328.JPEG
imagenet,n02486410,n02486410/ILSVRC2012_val_00018619.JPEG
imagenet,n02486410,n02486410/ILSVRC2012_val_00018747.JPEG
imagenet,n02486410,n02486410/ILSVRC2012_val_00019077.JPEG
imagenet,n02486410,n02486410/ILSVRC2012_val_00021248.JPEG
imagenet,n02486410,n02486410/ILSVRC2012_val_00021331.JPEG
imagenet,n02486410,n02486410/ILSVRC2012_val_00022565.JPEG
imagenet,n02486410,n02486410/ILSVRC2012_val_00025961.JPEG
imagenet,n02486410,n02486410/ILSVRC2012_val_00026043.JPEG
imagenet,n02486410,n02486410/ILSVRC2012_val_00030191.JPEG
imagenet,n02486410,n02486410/ILSVRC2012_val_00030727.JPEG
imagenet,n02486410,n02486410/ILSVRC2012_val_00031403.JPEG
imagenet,n02486410,n02486410/ILSVRC2012_val_00032273.JPEG
imagenet,n02486410,n02486410/ILSVRC2012_val_00032732.JPEG
imagenet,n02486410,n02486410/ILSVRC2012_val_00035204.JPEG
imagenet,n02486410,n02486410/ILSVRC2012_val_00035561.JPEG
imagenet,n02486410,n02486410/ILSVRC2012_val_00036238.JPEG
imagenet,n02486410,n02486410/ILSVRC2012_val_00036471.JPEG
imagenet,n02486410,n02486410/ILSVRC2012_val_00036528.JPEG
imagenet,n02486410,n02486410/ILSVRC2012_val_00039253.JPEG
imagenet,n02486410,n02486410/ILSVRC2012_val_00039925.JPEG
imagenet,n02486410,n02486410/ILSVRC2012_val_00041245.JPEG
imagenet,n02486410,n02486410/ILSVRC2012_val_00041749.JPEG
imagenet,n02486410,n02486410/ILSVRC2012_val_00042103.JPEG
imagenet,n02486410,n02486410/ILSVRC2012_val_00044305.JPEG
imagenet,n02486410,n02486410/ILSVRC2012_val_00045037.JPEG
imagenet,n02486410,n02486410/ILSVRC2012_val_00046291.JPEG
imagenet,n02486410,n02486410/ILSVRC2012_val_00046494.JPEG
imagenet,n02486410,n02486410/ILSVRC2012_val_00046666.JPEG
imagenet,n02486410,n02486410/ILSVRC2012_val_00049603.JPEG
imagenet,n02486410,n02486410/ILSVRC2012_val_00049974.JPEG
imagenet,n02510455,n02510455/ILSVRC2012_val_00000481.JPEG
imagenet,n02510455,n02510455/ILSVRC2012_val_00000657.JPEG
imagenet,n02510455,n02510455/ILSVRC2012_val_00005669.JPEG
imagenet,n02510455,n02510455/ILSVRC2012_val_00006012.JPEG
imagenet,n02510455,n02510455/ILSVRC2012_val_00006448.JPEG
imagenet,n02510455,n02510455/ILSVRC2012_val_00006543.JPEG
imagenet,n02510455,n02510455/ILSVRC2012_val_00007107.JPEG
imagenet,n02510455,n02510455/ILSVRC2012_val_00007767.JPEG
imagenet,n02510455,n02510455/ILSVRC2012_val_00007942.JPEG
imagenet,n02510455,n02510455/ILSVRC2012_val_00008673.JPEG
imagenet,n02510455,n02510455/ILSVRC2012_val_00009025.JPEG
imagenet,n02510455,n02510455/ILSVRC2012_val_00012542.JPEG
imagenet,n02510455,n02510455/ILSVRC2012_val_00012726.JPEG
imagenet,n02510455,n02510455/ILSVRC2012_val_00012855.JPEG
imagenet,n02510455,n02510455/ILSVRC2012_val_00014668.JPEG
imagenet,n02510455,n02510455/ILSVRC2012_val_00014901.JPEG
imagenet,n02510455,n02510455/ILSVRC2012_val_00015426.JPEG
imagenet,n02510455,n02510455/ILSVRC2012_val_00017598.JPEG
imagenet,n02510455,n02510455/ILSVRC2012_val_00021267.JPEG
imagenet,n02510455,n02510455/ILSVRC2012_val_00021336.JPEG
imagenet,n02510455,n02510455/ILSVRC2012_val_00021488.JPEG
imagenet,n02510455,n02510455/ILSVRC2012_val_00022314.JPEG
imagenet,n02510455,n02510455/ILSVRC2012_val_00022427.JPEG
imagenet,n02510455,n02510455/ILSVRC2012_val_00023272.JPEG
imagenet,n02510455,n02510455/ILSVRC2012_val_00025542.JPEG
imagenet,n02510455,n02510455/ILSVRC2012_val_00025586.JPEG
imagenet,n02510455,n02510455/ILSVRC2012_val_00026307.JPEG
imagenet,n02510455,n02510455/ILSVRC2012_val_00027242.JPEG
imagenet,n02510455,n02510455/ILSVRC2012_val_00027510.JPEG
imagenet,n02510455,n02510455/ILSVRC2012_val_00029121.JPEG
imagenet,n02510455,n02510455/ILSVRC2012_val_00029579.JPEG
imagenet,n02510455,n02510455/ILSVRC2012_val_00031095.JPEG
imagenet,n02510455,n02510455/ILSVRC2012_val_00031650.JPEG
imagenet,n02510455,n02510455/ILSVRC2012_val_00031896.JPEG
imagenet,n02510455,n02510455/ILSVRC2012_val_00032095.JPEG
imagenet,n02510455,n02510455/ILSVRC2012_val_00032206.JPEG
imagenet,n02510455,n02510455/ILSVRC2012_val_00034060.JPEG
imagenet,n02510455,n02510455/ILSVRC2012_val_00034442.JPEG
imagenet,n02510455,n02510455/ILSVRC2012_val_00034983.JPEG
imagenet,n02510455,n02510455/ILSVRC2012_val_00035397.JPEG
imagenet,n02510455,n02510455/ILSVRC2012_val_00038969.JPEG
imagenet,n02510455,n02510455/ILSVRC2012_val_00041143.JPEG
imagenet,n02510455,n02510455/ILSVRC2012_val_00042190.JPEG
imagenet,n02510455,n02510455/ILSVRC2012_val_00042615.JPEG
imagenet,n02510455,n02510455/ILSVRC2012_val_00042787.JPEG
imagenet,n02510455,n02510455/ILSVRC2012_val_00043447.JPEG
imagenet,n02510455,n02510455/ILSVRC2012_val_00044876.JPEG
imagenet,n02510455,n02510455/ILSVRC2012_val_00045697.JPEG
imagenet,n02510455,n02510455/ILSVRC2012_val_00047796.JPEG
imagenet,n02510455,n02510455/ILSVRC2012_val_00048200.JPEG
imagenet,n02526121,n02526121/ILSVRC2012_val_00000066.JPEG
imagenet,n02526121,n02526121/ILSVRC2012_val_00000316.JPEG
imagenet,n02526121,n02526121/ILSVRC2012_val_00000933.JPEG
imagenet,n02526121,n02526121/ILSVRC2012_val_00001595.JPEG
imagenet,n02526121,n02526121/ILSVRC2012_val_00001747.JPEG
imagenet,n02526121,n02526121/ILSVRC2012_val_00002381.JPEG
imagenet,n02526121,n02526121/ILSVRC2012_val_00005210.JPEG
imagenet,n02526121,n02526121/ILSVRC2012_val_00005884.JPEG
imagenet,n02526121,n02526121/ILSVRC2012_val_00009426.JPEG
imagenet,n02526121,n02526121/ILSVRC2012_val_00009459.JPEG
imagenet,n02526121,n02526121/ILSVRC2012_val_00010825.JPEG
imagenet,n02526121,n02526121/ILSVRC2012_val_00011544.JPEG
imagenet,n02526121,n02526121/ILSVRC2012_val_00012727.JPEG
imagenet,n02526121,n02526121/ILSVRC2012_val_00013596.JPEG
imagenet,n02526121,n02526121/ILSVRC2012_val_00013790.JPEG
imagenet,n02526121,n02526121/ILSVRC2012_val_00014258.JPEG
imagenet,n02526121,n02526121/ILSVRC2012_val_00015281.JPEG
imagenet,n02526121,n02526121/ILSVRC2012_val_00015692.JPEG
imagenet,n02526121,n02526121/ILSVRC2012_val_00015752.JPEG
imagenet,n02526121,n02526121/ILSVRC2012_val_00016239.JPEG
imagenet,n02526121,n02526121/ILSVRC2012_val_00016306.JPEG
imagenet,n02526121,n02526121/ILSVRC2012_val_00017924.JPEG
imagenet,n02526121,n02526121/ILSVRC2012_val_00019070.JPEG
imagenet,n02526121,n02526121/ILSVRC2012_val_00020757.JPEG
imagenet,n02526121,n02526121/ILSVRC2012_val_00023785.JPEG
imagenet,n02526121,n02526121/ILSVRC2012_val_00025800.JPEG
imagenet,n02526121,n02526121/ILSVRC2012_val_00028338.JPEG
imagenet,n02526121,n02526121/ILSVRC2012_val_00030260.JPEG
imagenet,n02526121,n02526121/ILSVRC2012_val_00032519.JPEG
imagenet,n02526121,n02526121/ILSVRC2012_val_00032579.JPEG
imagenet,n02526121,n02526121/ILSVRC2012_val_00032665.JPEG
imagenet,n02526121,n02526121/ILSVRC2012_val_00032840.JPEG
imagenet,n02526121,n02526121/ILSVRC2012_val_00033294.JPEG
imagenet,n02526121,n02526121/ILSVRC2012_val_00034488.JPEG
imagenet,n02526121,n02526121/ILSVRC2012_val_00036341.JPEG
imagenet,n02526121,n02526121/ILSVRC2012_val_00036535.JPEG
imagenet,n02526121,n02526121/ILSVRC2012_val_00036557.JPEG
imagenet,n02526121,n02526121/ILSVRC2012_val_00037146.JPEG
imagenet,n02526121,n02526121/ILSVRC2012_val_00037407.JPEG
imagenet,n02526121,n02526121/ILSVRC2012_val_00037558.JPEG
imagenet,n02526121,n02526121/ILSVRC2012_val_00040279.JPEG
imagenet,n02526121,n02526121/ILSVRC2012_val_00041211.JPEG
imagenet,n02526121,n02526121/ILSVRC2012_val_00041627.JPEG
imagenet,n02526121,n02526121/ILSVRC2012_val_00042020.JPEG
imagenet,n02526121,n02526121/ILSVRC2012_val_00042915.JPEG
imagenet,n02526121,n02526121/ILSVRC2012_val_00044395.JPEG
imagenet,n02526121,n02526121/ILSVRC2012_val_00044756.JPEG
imagenet,n02526121,n02526121/ILSVRC2012_val_00045132.JPEG
imagenet,n02526121,n02526121/ILSVRC2012_val_00045624.JPEG
imagenet,n02526121,n02526121/ILSVRC2012_val_00047288.JPEG
imagenet,n02607072,n02607072/ILSVRC2012_val_00001176.JPEG
imagenet,n02607072,n02607072/ILSVRC2012_val_00003033.JPEG
imagenet,n02607072,n02607072/ILSVRC2012_val_00004093.JPEG
imagenet,n02607072,n02607072/ILSVRC2012_val_00004672.JPEG
imagenet,n02607072,n02607072/ILSVRC2012_val_00005188.JPEG
imagenet,n02607072,n02607072/ILSVRC2012_val_00006366.JPEG
imagenet,n02607072,n02607072/ILSVRC2012_val_00007807.JPEG
imagenet,n02607072,n02607072/ILSVRC2012_val_00010076.JPEG
imagenet,n02607072,n02607072/ILSVRC2012_val_00010478.JPEG
imagenet,n02607072,n02607072/ILSVRC2012_val_00010738.JPEG
imagenet,n02607072,n02607072/ILSVRC2012_val_00011419.JPEG
imagenet,n02607072,n02607072/ILSVRC2012_val_00011637.JPEG
imagenet,n02607072,n02607072/ILSVRC2012_val_00013064.JPEG
imagenet,n02607072,n02607072/ILSVRC2012_val_00013121.JPEG
imagenet,n02607072,n02607072/ILSVRC2012_val_00013661.JPEG
imagenet,n02607072,n02607072/ILSVRC2012_val_00014443.JPEG
imagenet,n02607072,n02607072/ILSVRC2012_val_00015024.JPEG
imagenet,n02607072,n02607072/ILSVRC2012_val_00015222.JPEG
imagenet,n02607072,n02607072/ILSVRC2012_val_00016825.JPEG
imagenet,n02607072,n02607072/ILSVRC2012_val_00017683.JPEG
imagenet,n02607072,n02607072/ILSVRC2012_val_00018465.JPEG
imagenet,n02607072,n02607072/ILSVRC2012_val_00020558.JPEG
imagenet,n02607072,n02607072/ILSVRC2012_val_00021448.JPEG
imagenet,n02607072,n02607072/ILSVRC2012_val_00021505.JPEG
imagenet,n02607072,n02607072/ILSVRC2012_val_00021832.JPEG
imagenet,n02607072,n02607072/ILSVRC2012_val_00021890.JPEG
imagenet,n02607072,n02607072/ILSVRC2012_val_00021994.JPEG
imagenet,n02607072,n02607072/ILSVRC2012_val_00022749.JPEG
imagenet,n02607072,n02607072/ILSVRC2012_val_00022967.JPEG
imagenet,n02607072,n02607072/ILSVRC2012_val_00023406.JPEG
imagenet,n02607072,n02607072/ILSVRC2012_val_00023677.JPEG
imagenet,n02607072,n02607072/ILSVRC2012_val_00024315.JPEG
imagenet,n02607072,n02607072/ILSVRC2012_val_00025141.JPEG
imagenet,n02607072,n02607072/ILSVRC2012_val_00025226.JPEG
imagenet,n02607072,n02607072/ILSVRC2012_val_00027500.JPEG
imagenet,n02607072,n02607072/ILSVRC2012_val_00028937.JPEG
imagenet,n02607072,n02607072/ILSVRC2012_val_00030654.JPEG
imagenet,n02607072,n02607072/ILSVRC2012_val_00031305.JPEG
imagenet,n02607072,n02607072/ILSVRC2012_val_00034042.JPEG
imagenet,n02607072,n02607072/ILSVRC2012_val_00034225.JPEG
imagenet,n02607072,n02607072/ILSVRC2012_val_00036030.JPEG
imagenet,n02607072,n02607072/ILSVRC2012_val_00039839.JPEG
imagenet,n02607072,n02607072/ILSVRC2012_val_00040050.JPEG
imagenet,n02607072,n02607072/ILSVRC2012_val_00042058.JPEG
imagenet,n02607072,n02607072/ILSVRC2012_val_00042307.JPEG
imagenet,n02607072,n02607072/ILSVRC2012_val_00045825.JPEG
imagenet,n02607072,n02607072/ILSVRC2012_val_00047682.JPEG
imagenet,n02607072,n02607072/ILSVRC2012_val_00047999.JPEG
imagenet,n02607072,n02607072/ILSVRC2012_val_00049216.JPEG
imagenet,n02607072,n02607072/ILSVRC2012_val_00049443.JPEG
imagenet,n02655020,n02655020/ILSVRC2012_val_00000699.JPEG
imagenet,n02655020,n02655020/ILSVRC2012_val_00000918.JPEG
imagenet,n02655020,n02655020/ILSVRC2012_val_00001193.JPEG
imagenet,n02655020,n02655020/ILSVRC2012_val_00002401.JPEG
imagenet,n02655020,n02655020/ILSVRC2012_val_00005213.JPEG
imagenet,n02655020,n02655020/ILSVRC2012_val_00006080.JPEG
imagenet,n02655020,n02655020/ILSVRC2012_val_00007185.JPEG
imagenet,n02655020,n02655020/ILSVRC2012_val_00008184.JPEG
imagenet,n02655020,n02655020/ILSVRC2012_val_00008212.JPEG
imagenet,n02655020,n02655020/ILSVRC2012_val_00008373.JPEG
imagenet,n02655020,n02655020/ILSVRC2012_val_00008604.JPEG
imagenet,n02655020,n02655020/ILSVRC2012_val_00008730.JPEG
imagenet,n02655020,n02655020/ILSVRC2012_val_00009982.JPEG
imagenet,n02655020,n02655020/ILSVRC2012_val_00010683.JPEG
imagenet,n02655020,n02655020/ILSVRC2012_val_00011123.JPEG
imagenet,n02655020,n02655020/ILSVRC2012_val_00011321.JPEG
imagenet,n02655020,n02655020/ILSVRC2012_val_00012005.JPEG
imagenet,n02655020,n02655020/ILSVRC2012_val_00012138.JPEG
imagenet,n02655020,n02655020/ILSVRC2012_val_00013189.JPEG
imagenet,n02655020,n02655020/ILSVRC2012_val_00014195.JPEG
imagenet,n02655020,n02655020/ILSVRC2012_val_00017947.JPEG
imagenet,n02655020,n02655020/ILSVRC2012_val_00018606.JPEG
imagenet,n02655020,n02655020/ILSVRC2012_val_00018824.JPEG
imagenet,n02655020,n02655020/ILSVRC2012_val_00019369.JPEG
imagenet,n02655020,n02655020/ILSVRC2012_val_00019403.JPEG
imagenet,n02655020,n02655020/ILSVRC2012_val_00019539.JPEG
imagenet,n02655020,n02655020/ILSVRC2012_val_00020220.JPEG
imagenet,n02655020,n02655020/ILSVRC2012_val_00021476.JPEG
imagenet,n02655020,n02655020/ILSVRC2012_val_00023468.JPEG
imagenet,n02655020,n02655020/ILSVRC2012_val_00025174.JPEG
imagenet,n02655020,n02655020/ILSVRC2012_val_00025407.JPEG
imagenet,n02655020,n02655020/ILSVRC2012_val_00027264.JPEG
imagenet,n02655020,n02655020/ILSVRC2012_val_00028749.JPEG
imagenet,n02655020,n02655020/ILSVRC2012_val_00029587.JPEG
imagenet,n02655020,n02655020/ILSVRC2012_val_00029877.JPEG
imagenet,n02655020,n02655020/ILSVRC2012_val_00032907.JPEG
imagenet,n02655020,n02655020/ILSVRC2012_val_00033507.JPEG
imagenet,n02655020,n02655020/ILSVRC2012_val_00033584.JPEG
imagenet,n02655020,n02655020/ILSVRC2012_val_00034545.JPEG
imagenet,n02655020,n02655020/ILSVRC2012_val_00035415.JPEG
imagenet,n02655020,n02655020/ILSVRC2012_val_00036016.JPEG
imagenet,n02655020,n02655020/ILSVRC2012_val_00038928.JPEG
imagenet,n02655020,n02655020/ILSVRC2012_val_00041768.JPEG
imagenet,n02655020,n02655020/ILSVRC2012_val_00042896.JPEG
imagenet,n02655020,n02655020/ILSVRC2012_val_00043722.JPEG
imagenet,n02655020,n02655020/ILSVRC2012_val_00043777.JPEG
imagenet,n02655020,n02655020/ILSVRC2012_val_00044313.JPEG
imagenet,n02655020,n02655020/ILSVRC2012_val_00044946.JPEG
imagenet,n02655020,n02655020/ILSVRC2012_val_00045811.JPEG
imagenet,n02655020,n02655020/ILSVRC2012_val_00049696.JPEG
imagenet,n02672831,n02672831/ILSVRC2012_val_00000204.JPEG
imagenet,n02672831,n02672831/ILSVRC2012_val_00001317.JPEG
imagenet,n02672831,n02672831/ILSVRC2012_val_00001431.JPEG
imagenet,n02672831,n02672831/ILSVRC2012_val_00001769.JPEG
imagenet,n02672831,n02672831/ILSVRC2012_val_00002361.JPEG
imagenet,n02672831,n02672831/ILSVRC2012_val_00002408.JPEG
imagenet,n02672831,n02672831/ILSVRC2012_val_00003432.JPEG
imagenet,n02672831,n02672831/ILSVRC2012_val_00003980.JPEG
imagenet,n02672831,n02672831/ILSVRC2012_val_00004424.JPEG
imagenet,n02672831,n02672831/ILSVRC2012_val_00004656.JPEG
imagenet,n02672831,n02672831/ILSVRC2012_val_00004817.JPEG
imagenet,n02672831,n02672831/ILSVRC2012_val_00005924.JPEG
imagenet,n02672831,n02672831/ILSVRC2012_val_00006152.JPEG
imagenet,n02672831,n02672831/ILSVRC2012_val_00007271.JPEG
imagenet,n02672831,n02672831/ILSVRC2012_val_00007453.JPEG
imagenet,n02672831,n02672831/ILSVRC2012_val_00009350.JPEG
imagenet,n02672831,n02672831/ILSVRC2012_val_00009600.JPEG
imagenet,n02672831,n02672831/ILSVRC2012_val_00009773.JPEG
imagenet,n02672831,n02672831/ILSVRC2012_val_00013022.JPEG
imagenet,n02672831,n02672831/ILSVRC2012_val_00013625.JPEG
imagenet,n02672831,n02672831/ILSVRC2012_val_00013831.JPEG
imagenet,n02672831,n02672831/ILSVRC2012_val_00016925.JPEG
imagenet,n02672831,n02672831/ILSVRC2012_val_00018139.JPEG
imagenet,n02672831,n02672831/ILSVRC2012_val_00020900.JPEG
imagenet,n02672831,n02672831/ILSVRC2012_val_00021384.JPEG
imagenet,n02672831,n02672831/ILSVRC2012_val_00022519.JPEG
imagenet,n02672831,n02672831/ILSVRC2012_val_00025386.JPEG
imagenet,n02672831,n02672831/ILSVRC2012_val_00025574.JPEG
imagenet,n02672831,n02672831/ILSVRC2012_val_00026627.JPEG
imagenet,n02672831,n02672831/ILSVRC2012_val_00028037.JPEG
imagenet,n02672831,n02672831/ILSVRC2012_val_00028117.JPEG
imagenet,n02672831,n02672831/ILSVRC2012_val_00028627.JPEG
imagenet,n02672831,n02672831/ILSVRC2012_val_00028819.JPEG
imagenet,n02672831,n02672831/ILSVRC2012_val_00029963.JPEG
imagenet,n02672831,n02672831/ILSVRC2012_val_00030312.JPEG
imagenet,n02672831,n02672831/ILSVRC2012_val_00033209.JPEG
imagenet,n02672831,n02672831/ILSVRC2012_val_00033520.JPEG
imagenet,n02672831,n02672831/ILSVRC2012_val_00034116.JPEG
imagenet,n02672831,n02672831/ILSVRC2012_val_00034486.JPEG
imagenet,n02672831,n02672831/ILSVRC2012_val_00038395.JPEG
imagenet,n02672831,n02672831/ILSVRC2012_val_00040418.JPEG
imagenet,n02672831,n02672831/ILSVRC2012_val_00040830.JPEG
imagenet,n02672831,n02672831/ILSVRC2012_val_00042479.JPEG
imagenet,n02672831,n02672831/ILSVRC2012_val_00042605.JPEG
imagenet,n02672831,n02672831/ILSVRC2012_val_00043747.JPEG
imagenet,n02672831,n02672831/ILSVRC2012_val_00043981.JPEG
imagenet,n02672831,n02672831/ILSVRC2012_val_00044113.JPEG
imagenet,n02672831,n02672831/ILSVRC2012_val_00044448.JPEG
imagenet,n02672831,n02672831/ILSVRC2012_val_00046265.JPEG
imagenet,n02672831,n02672831/ILSVRC2012_val_00047423.JPEG
imagenet,n02701002,n02701002/ILSVRC2012_val_00001910.JPEG
imagenet,n02701002,n02701002/ILSVRC2012_val_00001916.JPEG
imagenet,n02701002,n02701002/ILSVRC2012_val_00003703.JPEG
imagenet,n02701002,n02701002/ILSVRC2012_val_00004496.JPEG
imagenet,n02701002,n02701002/ILSVRC2012_val_00007083.JPEG
imagenet,n02701002,n02701002/ILSVRC2012_val_00008039.JPEG
imagenet,n02701002,n02701002/ILSVRC2012_val_00011186.JPEG
imagenet,n02701002,n02701002/ILSVRC2012_val_00011417.JPEG
imagenet,n02701002,n02701002/ILSVRC2012_val_00013686.JPEG
imagenet,n02701002,n02701002/ILSVRC2012_val_00014110.JPEG
imagenet,n02701002,n02701002/ILSVRC2012_val_00014646.JPEG
imagenet,n02701002,n02701002/ILSVRC2012_val_00016090.JPEG
imagenet,n02701002,n02701002/ILSVRC2012_val_00017171.JPEG
imagenet,n02701002,n02701002/ILSVRC2012_val_00018395.JPEG
imagenet,n02701002,n02701002/ILSVRC2012_val_00018957.JPEG
imagenet,n02701002,n02701002/ILSVRC2012_val_00019837.JPEG
imagenet,n02701002,n02701002/ILSVRC2012_val_00020313.JPEG
imagenet,n02701002,n02701002/ILSVRC2012_val_00020319.JPEG
imagenet,n02701002,n02701002/ILSVRC2012_val_00020333.JPEG
imagenet,n02701002,n02701002/ILSVRC2012_val_00020754.JPEG
imagenet,n02701002,n02701002/ILSVRC2012_val_00020826.JPEG
imagenet,n02701002,n02701002/ILSVRC2012_val_00021146.JPEG
imagenet,n02701002,n02701002/ILSVRC2012_val_00021985.JPEG
imagenet,n02701002,n02701002/ILSVRC2012_val_00024296.JPEG
imagenet,n02701002,n02701002/ILSVRC2012_val_00024658.JPEG
imagenet,n02701002,n02701002/ILSVRC2012_val_00024948.JPEG
imagenet,n02701002,n02701002/ILSVRC2012_val_00025159.JPEG
imagenet,n02701002,n02701002/ILSVRC2012_val_00025443.JPEG
imagenet,n02701002,n02701002/ILSVRC2012_val_00025469.JPEG
imagenet,n02701002,n02701002/ILSVRC2012_val_00026354.JPEG
imagenet,n02701002,n02701002/ILSVRC2012_val_00028205.JPEG
imagenet,n02701002,n02701002/ILSVRC2012_val_00029222.JPEG
imagenet,n02701002,n02701002/ILSVRC2012_val_00029737.JPEG
imagenet,n02701002,n02701002/ILSVRC2012_val_00031635.JPEG
imagenet,n02701002,n02701002/ILSVRC2012_val_00032219.JPEG
imagenet,n02701002,n02701002/ILSVRC2012_val_00032293.JPEG
imagenet,n02701002,n02701002/ILSVRC2012_val_00032472.JPEG
imagenet,n02701002,n02701002/ILSVRC2012_val_00036369.JPEG
imagenet,n02701002,n02701002/ILSVRC2012_val_00038491.JPEG
imagenet,n02701002,n02701002/ILSVRC2012_val_00039523.JPEG
imagenet,n02701002,n02701002/ILSVRC2012_val_00041204.JPEG
imagenet,n02701002,n02701002/ILSVRC2012_val_00041942.JPEG
imagenet,n02701002,n02701002/ILSVRC2012_val_00042503.JPEG
imagenet,n02701002,n02701002/ILSVRC2012_val_00043593.JPEG
imagenet,n02701002,n02701002/ILSVRC2012_val_00044559.JPEG
imagenet,n02701002,n02701002/ILSVRC2012_val_00045969.JPEG
imagenet,n02701002,n02701002/ILSVRC2012_val_00046706.JPEG
imagenet,n02701002,n02701002/ILSVRC2012_val_00047635.JPEG
imagenet,n02701002,n02701002/ILSVRC2012_val_00049302.JPEG
imagenet,n02701002,n02701002/ILSVRC2012_val_00049889.JPEG
imagenet,n02749479,n02749479/ILSVRC2012_val_00000268.JPEG
imagenet,n02749479,n02749479/ILSVRC2012_val_00000790.JPEG
imagenet,n02749479,n02749479/ILSVRC2012_val_00001278.JPEG
imagenet,n02749479,n02749479/ILSVRC2012_val_00002269.JPEG
imagenet,n02749479,n02749479/ILSVRC2012_val_00002719.JPEG
imagenet,n02749479,n02749479/ILSVRC2012_val_00003684.JPEG
imagenet,n02749479,n02749479/ILSVRC2012_val_00007515.JPEG
imagenet,n02749479,n02749479/ILSVRC2012_val_00009850.JPEG
imagenet,n02749479,n02749479/ILSVRC2012_val_00011376.JPEG
imagenet,n02749479,n02749479/ILSVRC2012_val_00012081.JPEG
imagenet,n02749479,n02749479/ILSVRC2012_val_00012367.JPEG
imagenet,n02749479,n02749479/ILSVRC2012_val_00012413.JPEG
imagenet,n02749479,n02749479/ILSVRC2012_val_00012724.JPEG
imagenet,n02749479,n02749479/ILSVRC2012_val_00014056.JPEG
imagenet,n02749479,n02749479/ILSVRC2012_val_00016457.JPEG
imagenet,n02749479,n02749479/ILSVRC2012_val_00018057.JPEG
imagenet,n02749479,n02749479/ILSVRC2012_val_00018213.JPEG
imagenet,n02749479,n02749479/ILSVRC2012_val_00018390.JPEG
imagenet,n02749479,n02749479/ILSVRC2012_val_00018759.JPEG
imagenet,n02749479,n02749479/ILSVRC2012_val_00019363.JPEG
imagenet,n02749479,n02749479/ILSVRC2012_val_00019910.JPEG
imagenet,n02749479,n02749479/ILSVRC2012_val_00024794.JPEG
imagenet,n02749479,n02749479/ILSVRC2012_val_00027344.JPEG
imagenet,n02749479,n02749479/ILSVRC2012_val_00028527.JPEG
imagenet,n02749479,n02749479/ILSVRC2012_val_00029319.JPEG
imagenet,n02749479,n02749479/ILSVRC2012_val_00030192.JPEG
imagenet,n02749479,n02749479/ILSVRC2012_val_00031196.JPEG
imagenet,n02749479,n02749479/ILSVRC2012_val_00031231.JPEG
imagenet,n02749479,n02749479/ILSVRC2012_val_00033972.JPEG
imagenet,n02749479,n02749479/ILSVRC2012_val_00034057.JPEG
imagenet,n02749479,n02749479/ILSVRC2012_val_00035791.JPEG
imagenet,n02749479,n02749479/ILSVRC2012_val_00038445.JPEG
imagenet,n02749479,n02749479/ILSVRC2012_val_00038946.JPEG
imagenet,n02749479,n02749479/ILSVRC2012_val_00039278.JPEG
imagenet,n02749479,n02749479/ILSVRC2012_val_00039737.JPEG
imagenet,n02749479,n02749479/ILSVRC2012_val_00040343.JPEG
imagenet,n02749479,n02749479/ILSVRC2012_val_00040591.JPEG
imagenet,n02749479,n02749479/ILSVRC2012_val_00040754.JPEG
imagenet,n02749479,n02749479/ILSVRC2012_val_00040832.JPEG
imagenet,n02749479,n02749479/ILSVRC2012_val_00040844.JPEG
imagenet,n02749479,n02749479/ILSVRC2012_val_00041270.JPEG
imagenet,n02749479,n02749479/ILSVRC2012_val_00041685.JPEG
imagenet,n02749479,n02749479/ILSVRC2012_val_00042969.JPEG
imagenet,n02749479,n02749479/ILSVRC2012_val_00042983.JPEG
imagenet,n02749479,n02749479/ILSVRC2012_val_00043236.JPEG
imagenet,n02749479,n02749479/ILSVRC2012_val_00043386.JPEG
imagenet,n02749479,n02749479/ILSVRC2012_val_00044665.JPEG
imagenet,n02749479,n02749479/ILSVRC2012_val_00044979.JPEG
imagenet,n02749479,n02749479/ILSVRC2012_val_00049122.JPEG
imagenet,n02749479,n02749479/ILSVRC2012_val_00049123.JPEG
imagenet,n02769748,n02769748/ILSVRC2012_val_00000459.JPEG
imagenet,n02769748,n02769748/ILSVRC2012_val_00002174.JPEG
imagenet,n02769748,n02769748/ILSVRC2012_val_00002183.JPEG
imagenet,n02769748,n02769748/ILSVRC2012_val_00003680.JPEG
imagenet,n02769748,n02769748/ILSVRC2012_val_00005367.JPEG
imagenet,n02769748,n02769748/ILSVRC2012_val_00005892.JPEG
imagenet,n02769748,n02769748/ILSVRC2012_val_00006176.JPEG
imagenet,n02769748,n02769748/ILSVRC2012_val_00006379.JPEG
imagenet,n02769748,n02769748/ILSVRC2012_val_00007012.JPEG
imagenet,n02769748,n02769748/ILSVRC2012_val_00007341.JPEG
imagenet,n02769748,n02769748/ILSVRC2012_val_00007615.JPEG
imagenet,n02769748,n02769748/ILSVRC2012_val_00008482.JPEG
imagenet,n02769748,n02769748/ILSVRC2012_val_00008605.JPEG
imagenet,n02769748,n02769748/ILSVRC2012_val_00009722.JPEG
imagenet,n02769748,n02769748/ILSVRC2012_val_00010934.JPEG
imagenet,n02769748,n02769748/ILSVRC2012_val_00011134.JPEG
imagenet,n02769748,n02769748/ILSVRC2012_val_00011933.JPEG
imagenet,n02769748,n02769748/ILSVRC2012_val_00016010.JPEG
imagenet,n02769748,n02769748/ILSVRC2012_val_00016479.JPEG
imagenet,n02769748,n02769748/ILSVRC2012_val_00016935.JPEG
imagenet,n02769748,n02769748/ILSVRC2012_val_00017250.JPEG
imagenet,n02769748,n02769748/ILSVRC2012_val_00017761.JPEG
imagenet,n02769748,n02769748/ILSVRC2012_val_00018021.JPEG
imagenet,n02769748,n02769748/ILSVRC2012_val_00019321.JPEG
imagenet,n02769748,n02769748/ILSVRC2012_val_00022297.JPEG
imagenet,n02769748,n02769748/ILSVRC2012_val_00023651.JPEG
imagenet,n02769748,n02769748/ILSVRC2012_val_00025093.JPEG
imagenet,n02769748,n02769748/ILSVRC2012_val_00025286.JPEG
imagenet,n02769748,n02769748/ILSVRC2012_val_00026564.JPEG
imagenet,n02769748,n02769748/ILSVRC2012_val_00028578.JPEG
imagenet,n02769748,n02769748/ILSVRC2012_val_00029320.JPEG
imagenet,n02769748,n02769748/ILSVRC2012_val_00030346.JPEG
imagenet,n02769748,n02769748/ILSVRC2012_val_00031604.JPEG
imagenet,n02769748,n02769748/ILSVRC2012_val_00034048.JPEG
imagenet,n02769748,n02769748/ILSVRC2012_val_00034742.JPEG
imagenet,n02769748,n02769748/ILSVRC2012_val_00035248.JPEG
imagenet,n02769748,n02769748/ILSVRC2012_val_00036149.JPEG
imagenet,n02769748,n02769748/ILSVRC2012_val_00036510.JPEG
imagenet,n02769748,n02769748/ILSVRC2012_val_00036598.JPEG
imagenet,n02769748,n02769748/ILSVRC2012_val_00036840.JPEG
imagenet,n02769748,n02769748/ILSVRC2012_val_00036867.JPEG
imagenet,n02769748,n02769748/ILSVRC2012_val_00038953.JPEG
imagenet,n02769748,n02769748/ILSVRC2012_val_00041552.JPEG
imagenet,n02769748,n02769748/ILSVRC2012_val_00042327.JPEG
imagenet,n02769748,n02769748/ILSVRC2012_val_00042967.JPEG
imagenet,n02769748,n02769748/ILSVRC2012_val_00043513.JPEG
imagenet,n02769748,n02769748/ILSVRC2012_val_00043921.JPEG
imagenet,n02769748,n02769748/ILSVRC2012_val_00047517.JPEG
imagenet,n02769748,n02769748/ILSVRC2012_val_00048494.JPEG
imagenet,n02769748,n02769748/ILSVRC2012_val_00049070.JPEG
imagenet,n02793495,n02793495/ILSVRC2012_val_00000234.JPEG
imagenet,n02793495,n02793495/ILSVRC2012_val_00000693.JPEG
imagenet,n02793495,n02793495/ILSVRC2012_val_00003727.JPEG
imagenet,n02793495,n02793495/ILSVRC2012_val_00004575.JPEG
imagenet,n02793495,n02793495/ILSVRC2012_val_00009958.JPEG
imagenet,n02793495,n02793495/ILSVRC2012_val_00010548.JPEG
imagenet,n02793495,n02793495/ILSVRC2012_val_00010566.JPEG
imagenet,n02793495,n02793495/ILSVRC2012_val_00010809.JPEG
imagenet,n02793495,n02793495/ILSVRC2012_val_00011475.JPEG
imagenet,n02793495,n02793495/ILSVRC2012_val_00012419.JPEG
imagenet,n02793495,n02793495/ILSVRC2012_val_00012775.JPEG
imagenet,n02793495,n02793495/ILSVRC2012_val_00015008.JPEG
imagenet,n02793495,n02793495/ILSVRC2012_val_00015517.JPEG
imagenet,n02793495,n02793495/ILSVRC2012_val_00016366.JPEG
imagenet,n02793495,n02793495/ILSVRC2012_val_00016718.JPEG
imagenet,n02793495,n02793495/ILSVRC2012_val_00017347.JPEG
imagenet,n02793495,n02793495/ILSVRC2012_val_00017403.JPEG
imagenet,n02793495,n02793495/ILSVRC2012_val_00018261.JPEG
imagenet,n02793495,n02793495/ILSVRC2012_val_00018958.JPEG
imagenet,n02793495,n02793495/ILSVRC2012_val_00019730.JPEG
imagenet,n02793495,n02793495/ILSVRC2012_val_00020602.JPEG
imagenet,n02793495,n02793495/ILSVRC2012_val_00020925.JPEG
imagenet,n02793495,n02793495/ILSVRC2012_val_00020981.JPEG
imagenet,n02793495,n02793495/ILSVRC2012_val_00021442.JPEG
imagenet,n02793495,n02793495/ILSVRC2012_val_00024047.JPEG
imagenet,n02793495,n02793495/ILSVRC2012_val_00024135.JPEG
imagenet,n02793495,n02793495/ILSVRC2012_val_00024346.JPEG
imagenet,n02793495,n02793495/ILSVRC2012_val_00024561.JPEG
imagenet,n02793495,n02793495/ILSVRC2012_val_00027715.JPEG
imagenet,n02793495,n02793495/ILSVRC2012_val_00029901.JPEG
imagenet,n02793495,n02793495/ILSVRC2012_val_00030661.JPEG
imagenet,n02793495,n02793495/ILSVRC2012_val_00031477.JPEG
imagenet,n02793495,n02793495/ILSVRC2012_val_00032510.JPEG
imagenet,n02793495,n02793495/ILSVRC2012_val_00033448.JPEG
imagenet,n02793495,n02793495/ILSVRC2012_val_00035179.JPEG
imagenet,n02793495,n02793495/ILSVRC2012_val_00036736.JPEG
imagenet,n02793495,n02793495/ILSVRC2012_val_00037035.JPEG
imagenet,n02793495,n02793495/ILSVRC2012_val_00037067.JPEG
imagenet,n02793495,n02793495/ILSVRC2012_val_00037338.JPEG
imagenet,n02793495,n02793495/ILSVRC2012_val_00039818.JPEG
imagenet,n02793495,n02793495/ILSVRC2012_val_00040290.JPEG
imagenet,n02793495,n02793495/ILSVRC2012_val_00041650.JPEG
imagenet,n02793495,n02793495/ILSVRC2012_val_00043463.JPEG
imagenet,n02793495,n02793495/ILSVRC2012_val_00044065.JPEG
imagenet,n02793495,n02793495/ILSVRC2012_val_00044640.JPEG
imagenet,n02793495,n02793495/ILSVRC2012_val_00044751.JPEG
imagenet,n02793495,n02793495/ILSVRC2012_val_00046938.JPEG
imagenet,n02793495,n02793495/ILSVRC2012_val_00048871.JPEG
imagenet,n02793495,n02793495/ILSVRC2012_val_00049066.JPEG
imagenet,n02793495,n02793495/ILSVRC2012_val_00049694.JPEG
imagenet,n02797295,n02797295/ILSVRC2012_val_00002509.JPEG
imagenet,n02797295,n02797295/ILSVRC2012_val_00005347.JPEG
imagenet,n02797295,n02797295/ILSVRC2012_val_00007338.JPEG
imagenet,n02797295,n02797295/ILSVRC2012_val_00007717.JPEG
imagenet,n02797295,n02797295/ILSVRC2012_val_00007968.JPEG
imagenet,n02797295,n02797295/ILSVRC2012_val_00008359.JPEG
imagenet,n02797295,n02797295/ILSVRC2012_val_00009500.JPEG
imagenet,n02797295,n02797295/ILSVRC2012_val_00010045.JPEG
imagenet,n02797295,n02797295/ILSVRC2012_val_00013047.JPEG
imagenet,n02797295,n02797295/ILSVRC2012_val_00013526.JPEG
imagenet,n02797295,n02797295/ILSVRC2012_val_00015341.JPEG
imagenet,n02797295,n02797295/ILSVRC2012_val_00016353.JPEG
imagenet,n02797295,n02797295/ILSVRC2012_val_00016849.JPEG
imagenet,n02797295,n02797295/ILSVRC2012_val_00017307.JPEG
imagenet,n02797295,n02797295/ILSVRC2012_val_00017834.JPEG
imagenet,n02797295,n02797295/ILSVRC2012_val_00018522.JPEG
imagenet,n02797295,n02797295/ILSVRC2012_val_00019109.JPEG
imagenet,n02797295,n02797295/ILSVRC2012_val_00019182.JPEG
imagenet,n02797295,n02797295/ILSVRC2012_val_00019923.JPEG
imagenet,n02797295,n02797295/ILSVRC2012_val_00020027.JPEG
imagenet,n02797295,n02797295/ILSVRC2012_val_00020775.JPEG
imagenet,n02797295,n02797295/ILSVRC2012_val_00021614.JPEG
imagenet,n02797295,n02797295/ILSVRC2012_val_00022253.JPEG
imagenet,n02797295,n02797295/ILSVRC2012_val_00023355.JPEG
imagenet,n02797295,n02797295/ILSVRC2012_val_00023460.JPEG
imagenet,n02797295,n02797295/ILSVRC2012_val_00024802.JPEG
imagenet,n02797295,n02797295/ILSVRC2012_val_00025847.JPEG
imagenet,n02797295,n02797295/ILSVRC2012_val_00026437.JPEG
imagenet,n02797295,n02797295/ILSVRC2012_val_00031052.JPEG
imagenet,n02797295,n02797295/ILSVRC2012_val_00031124.JPEG
imagenet,n02797295,n02797295/ILSVRC2012_val_00031279.JPEG
imagenet,n02797295,n02797295/ILSVRC2012_val_00032004.JPEG
imagenet,n02797295,n02797295/ILSVRC2012_val_00032768.JPEG
imagenet,n02797295,n02797295/ILSVRC2012_val_00033975.JPEG
imagenet,n02797295,n02797295/ILSVRC2012_val_00034697.JPEG
imagenet,n02797295,n02797295/ILSVRC2012_val_00034874.JPEG
imagenet,n02797295,n02797295/ILSVRC2012_val_00035053.JPEG
imagenet,n02797295,n02797295/ILSVRC2012_val_00036073.JPEG
imagenet,n02797295,n02797295/ILSVRC2012_val_00037991.JPEG
imagenet,n02797295,n02797295/ILSVRC2012_val_00038103.JPEG
imagenet,n02797295,n02797295/ILSVRC2012_val_00039627.JPEG
imagenet,n02797295,n02797295/ILSVRC2012_val_00039735.JPEG
imagenet,n02797295,n02797295/ILSVRC2012_val_00042798.JPEG
imagenet,n02797295,n02797295/ILSVRC2012_val_00044612.JPEG
imagenet,n02797295,n02797295/ILSVRC2012_val_00045206.JPEG
imagenet,n02797295,n02797295/ILSVRC2012_val_00047092.JPEG
imagenet,n02797295,n02797295/ILSVRC2012_val_00048739.JPEG
imagenet,n02797295,n02797295/ILSVRC2012_val_00048916.JPEG
imagenet,n02797295,n02797295/ILSVRC2012_val_00049035.JPEG
imagenet,n02797295,n02797295/ILSVRC2012_val_00049734.JPEG
imagenet,n02802426,n02802426/ILSVRC2012_val_00001517.JPEG
imagenet,n02802426,n02802426/ILSVRC2012_val_00002376.JPEG
imagenet,n02802426,n02802426/ILSVRC2012_val_00002538.JPEG
imagenet,n02802426,n02802426/ILSVRC2012_val_00003037.JPEG
imagenet,n02802426,n02802426/ILSVRC2012_val_00003617.JPEG
imagenet,n02802426,n02802426/ILSVRC2012_val_00003674.JPEG
imagenet,n02802426,n02802426/ILSVRC2012_val_00003772.JPEG
imagenet,n02802426,n02802426/ILSVRC2012_val_00004993.JPEG
imagenet,n02802426,n02802426/ILSVRC2012_val_00005182.JPEG
imagenet,n02802426,n02802426/ILSVRC2012_val_00006081.JPEG
imagenet,n02802426,n02802426/ILSVRC2012_val_00006099.JPEG
imagenet,n02802426,n02802426/ILSVRC2012_val_00009072.JPEG
imagenet,n02802426,n02802426/ILSVRC2012_val_00010546.JPEG
imagenet,n02802426,n02802426/ILSVRC2012_val_00010909.JPEG
imagenet,n02802426,n02802426/ILSVRC2012_val_00012396.JPEG
imagenet,n02802426,n02802426/ILSVRC2012_val_00014210.JPEG
imagenet,n02802426,n02802426/ILSVRC2012_val_00014382.JPEG
imagenet,n02802426,n02802426/ILSVRC2012_val_00015397.JPEG
imagenet,n02802426,n02802426/ILSVRC2012_val_00017293.JPEG
imagenet,n02802426,n02802426/ILSVRC2012_val_00017397.JPEG
imagenet,n02802426,n02802426/ILSVRC2012_val_00018104.JPEG
imagenet,n02802426,n02802426/ILSVRC2012_val_00018519.JPEG
imagenet,n02802426,n02802426/ILSVRC2012_val_00018537.JPEG
imagenet,n02802426,n02802426/ILSVRC2012_val_00018856.JPEG
imagenet,n02802426,n02802426/ILSVRC2012_val_00022998.JPEG
imagenet,n02802426,n02802426/ILSVRC2012_val_00023152.JPEG
imagenet,n02802426,n02802426/ILSVRC2012_val_00025839.JPEG
imagenet,n02802426,n02802426/ILSVRC2012_val_00026413.JPEG
imagenet,n02802426,n02802426/ILSVRC2012_val_00030155.JPEG
imagenet,n02802426,n02802426/ILSVRC2012_val_00031705.JPEG
imagenet,n02802426,n02802426/ILSVRC2012_val_00031833.JPEG
imagenet,n02802426,n02802426/ILSVRC2012_val_00031911.JPEG
imagenet,n02802426,n02802426/ILSVRC2012_val_00032031.JPEG
imagenet,n02802426,n02802426/ILSVRC2012_val_00034170.JPEG
imagenet,n02802426,n02802426/ILSVRC2012_val_00034473.JPEG
imagenet,n02802426,n02802426/ILSVRC2012_val_00035401.JPEG
imagenet,n02802426,n02802426/ILSVRC2012_val_00036609.JPEG
imagenet,n02802426,n02802426/ILSVRC2012_val_00037508.JPEG
imagenet,n02802426,n02802426/ILSVRC2012_val_00038836.JPEG
imagenet,n02802426,n02802426/ILSVRC2012_val_00038899.JPEG
imagenet,n02802426,n02802426/ILSVRC2012_val_00040597.JPEG
imagenet,n02802426,n02802426/ILSVRC2012_val_00041724.JPEG
imagenet,n02802426,n02802426/ILSVRC2012_val_00042222.JPEG
imagenet,n02802426,n02802426/ILSVRC2012_val_00042313.JPEG
imagenet,n02802426,n02802426/ILSVRC2012_val_00044958.JPEG
imagenet,n02802426,n02802426/ILSVRC2012_val_00046810.JPEG
imagenet,n02802426,n02802426/ILSVRC2012_val_00047548.JPEG
imagenet,n02802426,n02802426/ILSVRC2012_val_00048284.JPEG
imagenet,n02802426,n02802426/ILSVRC2012_val_00049469.JPEG
imagenet,n02802426,n02802426/ILSVRC2012_val_00049986.JPEG
imagenet,n02808440,n02808440/ILSVRC2012_val_00002563.JPEG
imagenet,n02808440,n02808440/ILSVRC2012_val_00002638.JPEG
imagenet,n02808440,n02808440/ILSVRC2012_val_00003072.JPEG
imagenet,n02808440,n02808440/ILSVRC2012_val_00003400.JPEG
imagenet,n02808440,n02808440/ILSVRC2012_val_00003786.JPEG
imagenet,n02808440,n02808440/ILSVRC2012_val_00005080.JPEG
imagenet,n02808440,n02808440/ILSVRC2012_val_00005511.JPEG
imagenet,n02808440,n02808440/ILSVRC2012_val_00006019.JPEG
imagenet,n02808440,n02808440/ILSVRC2012_val_00006993.JPEG
imagenet,n02808440,n02808440/ILSVRC2012_val_00007187.JPEG
imagenet,n02808440,n02808440/ILSVRC2012_val_00011903.JPEG
imagenet,n02808440,n02808440/ILSVRC2012_val_00012591.JPEG
imagenet,n02808440,n02808440/ILSVRC2012_val_00012823.JPEG
imagenet,n02808440,n02808440/ILSVRC2012_val_00013344.JPEG
imagenet,n02808440,n02808440/ILSVRC2012_val_00013900.JPEG
imagenet,n02808440,n02808440/ILSVRC2012_val_00015881.JPEG
imagenet,n02808440,n02808440/ILSVRC2012_val_00015979.JPEG
imagenet,n02808440,n02808440/ILSVRC2012_val_00015996.JPEG
imagenet,n02808440,n02808440/ILSVRC2012_val_00016026.JPEG
imagenet,n02808440,n02808440/ILSVRC2012_val_00016365.JPEG
imagenet,n02808440,n02808440/ILSVRC2012_val_00017804.JPEG
imagenet,n02808440,n02808440/ILSVRC2012_val_00018670.JPEG
imagenet,n02808440,n02808440/ILSVRC2012_val_00019507.JPEG
imagenet,n02808440,n02808440/ILSVRC2012_val_00019565.JPEG
imagenet,n02808440,n02808440/ILSVRC2012_val_00020254.JPEG
imagenet,n02808440,n02808440/ILSVRC2012_val_00022086.JPEG
imagenet,n02808440,n02808440/ILSVRC2012_val_00024124.JPEG
imagenet,n02808440,n02808440/ILSVRC2012_val_00024200.JPEG
imagenet,n02808440,n02808440/ILSVRC2012_val_00024780.JPEG
imagenet,n02808440,n02808440/ILSVRC2012_val_00024866.JPEG
imagenet,n02808440,n02808440/ILSVRC2012_val_00025038.JPEG
imagenet,n02808440,n02808440/ILSVRC2012_val_00027065.JPEG
imagenet,n02808440,n02808440/ILSVRC2012_val_00027377.JPEG
imagenet,n02808440,n02808440/ILSVRC2012_val_00028638.JPEG
imagenet,n02808440,n02808440/ILSVRC2012_val_00030242.JPEG
imagenet,n02808440,n02808440/ILSVRC2012_val_00030761.JPEG
imagenet,n02808440,n02808440/ILSVRC2012_val_00033106.JPEG
imagenet,n02808440,n02808440/ILSVRC2012_val_00033910.JPEG
imagenet,n02808440,n02808440/ILSVRC2012_val_00035983.JPEG
imagenet,n02808440,n02808440/ILSVRC2012_val_00036711.JPEG
imagenet,n02808440,n02808440/ILSVRC2012_val_00036803.JPEG
imagenet,n02808440,n02808440/ILSVRC2012_val_00037073.JPEG
imagenet,n02808440,n02808440/ILSVRC2012_val_00038234.JPEG
imagenet,n02808440,n02808440/ILSVRC2012_val_00042102.JPEG
imagenet,n02808440,n02808440/ILSVRC2012_val_00043361.JPEG
imagenet,n02808440,n02808440/ILSVRC2012_val_00043669.JPEG
imagenet,n02808440,n02808440/ILSVRC2012_val_00048621.JPEG
imagenet,n02808440,n02808440/ILSVRC2012_val_00048839.JPEG
imagenet,n02808440,n02808440/ILSVRC2012_val_00049510.JPEG
imagenet,n02808440,n02808440/ILSVRC2012_val_00049673.JPEG
imagenet,n02814860,n02814860/ILSVRC2012_val_00000483.JPEG
imagenet,n02814860,n02814860/ILSVRC2012_val_00000569.JPEG
imagenet,n02814860,n02814860/ILSVRC2012_val_00001553.JPEG
imagenet,n02814860,n02814860/ILSVRC2012_val_00001866.JPEG
imagenet,n02814860,n02814860/ILSVRC2012_val_00002202.JPEG
imagenet,n02814860,n02814860/ILSVRC2012_val_00002527.JPEG
imagenet,n02814860,n02814860/ILSVRC2012_val_00005131.JPEG
imagenet,n02814860,n02814860/ILSVRC2012_val_00005382.JPEG
imagenet,n02814860,n02814860/ILSVRC2012_val_00006051.JPEG
imagenet,n02814860,n02814860/ILSVRC2012_val_00006317.JPEG
imagenet,n02814860,n02814860/ILSVRC2012_val_00007357.JPEG
imagenet,n02814860,n02814860/ILSVRC2012_val_00007490.JPEG
imagenet,n02814860,n02814860/ILSVRC2012_val_00007628.JPEG
imagenet,n02814860,n02814860/ILSVRC2012_val_00009026.JPEG
imagenet,n02814860,n02814860/ILSVRC2012_val_00009308.JPEG
imagenet,n02814860,n02814860/ILSVRC2012_val_00009417.JPEG
imagenet,n02814860,n02814860/ILSVRC2012_val_00009577.JPEG
imagenet,n02814860,n02814860/ILSVRC2012_val_00011022.JPEG
imagenet,n02814860,n02814860/ILSVRC2012_val_00013851.JPEG
imagenet,n02814860,n02814860/ILSVRC2012_val_00016624.JPEG
imagenet,n02814860,n02814860/ILSVRC2012_val_00016685.JPEG
imagenet,n02814860,n02814860/ILSVRC2012_val_00020080.JPEG
imagenet,n02814860,n02814860/ILSVRC2012_val_00022503.JPEG
imagenet,n02814860,n02814860/ILSVRC2012_val_00024920.JPEG
imagenet,n02814860,n02814860/ILSVRC2012_val_00025050.JPEG
imagenet,n02814860,n02814860/ILSVRC2012_val_00026607.JPEG
imagenet,n02814860,n02814860/ILSVRC2012_val_00028727.JPEG
imagenet,n02814860,n02814860/ILSVRC2012_val_00029597.JPEG
imagenet,n02814860,n02814860/ILSVRC2012_val_00034304.JPEG
imagenet,n02814860,n02814860/ILSVRC2012_val_00034649.JPEG
imagenet,n02814860,n02814860/ILSVRC2012_val_00034772.JPEG
imagenet,n02814860,n02814860/ILSVRC2012_val_00035796.JPEG
imagenet,n02814860,n02814860/ILSVRC2012_val_00035911.JPEG
imagenet,n02814860,n02814860/ILSVRC2012_val_00036780.JPEG
imagenet,n02814860,n02814860/ILSVRC2012_val_00036801.JPEG
imagenet,n02814860,n02814860/ILSVRC2012_val_00037352.JPEG
imagenet,n02814860,n02814860/ILSVRC2012_val_00040325.JPEG
imagenet,n02814860,n02814860/ILSVRC2012_val_00040364.JPEG
imagenet,n02814860,n02814860/ILSVRC2012_val_00040838.JPEG
imagenet,n02814860,n02814860/ILSVRC2012_val_00041138.JPEG
imagenet,n02814860,n02814860/ILSVRC2012_val_00042469.JPEG
imagenet,n02814860,n02814860/ILSVRC2012_val_00042546.JPEG
imagenet,n02814860,n02814860/ILSVRC2012_val_00044244.JPEG
imagenet,n02814860,n02814860/ILSVRC2012_val_00045456.JPEG
imagenet,n02814860,n02814860/ILSVRC2012_val_00046532.JPEG
imagenet,n02814860,n02814860/ILSVRC2012_val_00047116.JPEG
imagenet,n02814860,n02814860/ILSVRC2012_val_00047155.JPEG
imagenet,n02814860,n02814860/ILSVRC2012_val_00047273.JPEG
imagenet,n02814860,n02814860/ILSVRC2012_val_00049721.JPEG
imagenet,n02814860,n02814860/ILSVRC2012_val_00049827.JPEG
imagenet,n02823750,n02823750/ILSVRC2012_val_00003782.JPEG
imagenet,n02823750,n02823750/ILSVRC2012_val_00003994.JPEG
imagenet,n02823750,n02823750/ILSVRC2012_val_00005229.JPEG
imagenet,n02823750,n02823750/ILSVRC2012_val_00005859.JPEG
imagenet,n02823750,n02823750/ILSVRC2012_val_00006552.JPEG
imagenet,n02823750,n02823750/ILSVRC2012_val_00007022.JPEG
imagenet,n02823750,n02823750/ILSVRC2012_val_00007874.JPEG
imagenet,n02823750,n02823750/ILSVRC2012_val_00009049.JPEG
imagenet,n02823750,n02823750/ILSVRC2012_val_00009391.JPEG
imagenet,n02823750,n02823750/ILSVRC2012_val_00010130.JPEG
imagenet,n02823750,n02823750/ILSVRC2012_val_00010158.JPEG
imagenet,n02823750,n02823750/ILSVRC2012_val_00010416.JPEG
imagenet,n02823750,n02823750/ILSVRC2012_val_00011370.JPEG
imagenet,n02823750,n02823750/ILSVRC2012_val_00011658.JPEG
imagenet,n02823750,n02823750/ILSVRC2012_val_00012933.JPEG
imagenet,n02823750,n02823750/ILSVRC2012_val_00013188.JPEG
imagenet,n02823750,n02823750/ILSVRC2012_val_00013431.JPEG
imagenet,n02823750,n02823750/ILSVRC2012_val_00013745.JPEG
imagenet,n02823750,n02823750/ILSVRC2012_val_00013765.JPEG
imagenet,n02823750,n02823750/ILSVRC2012_val_00014301.JPEG
imagenet,n02823750,n02823750/ILSVRC2012_val_00014305.JPEG
imagenet,n02823750,n02823750/ILSVRC2012_val_00014945.JPEG
imagenet,n02823750,n02823750/ILSVRC2012_val_00016435.JPEG
imagenet,n02823750,n02823750/ILSVRC2012_val_00018356.JPEG
imagenet,n02823750,n02823750/ILSVRC2012_val_00018397.JPEG
imagenet,n02823750,n02823750/ILSVRC2012_val_00019477.JPEG
imagenet,n02823750,n02823750/ILSVRC2012_val_00019580.JPEG
imagenet,n02823750,n02823750/ILSVRC2012_val_00020646.JPEG
imagenet,n02823750,n02823750/ILSVRC2012_val_00020685.JPEG
imagenet,n02823750,n02823750/ILSVRC2012_val_00021427.JPEG
imagenet,n02823750,n02823750/ILSVRC2012_val_00026110.JPEG
imagenet,n02823750,n02823750/ILSVRC2012_val_00027329.JPEG
imagenet,n02823750,n02823750/ILSVRC2012_val_00027981.JPEG
imagenet,n02823750,n02823750/ILSVRC2012_val_00032422.JPEG
imagenet,n02823750,n02823750/ILSVRC2012_val_00033999.JPEG
imagenet,n02823750,n02823750/ILSVRC2012_val_00034202.JPEG
imagenet,n02823750,n02823750/ILSVRC2012_val_00036113.JPEG
imagenet,n02823750,n02823750/ILSVRC2012_val_00037085.JPEG
imagenet,n02823750,n02823750/ILSVRC2012_val_00037183.JPEG
imagenet,n02823750,n02823750/ILSVRC2012_val_00037744.JPEG
imagenet,n02823750,n02823750/ILSVRC2012_val_00039742.JPEG
imagenet,n02823750,n02823750/ILSVRC2012_val_00041752.JPEG
imagenet,n02823750,n02823750/ILSVRC2012_val_00041934.JPEG
imagenet,n02823750,n02823750/ILSVRC2012_val_00042562.JPEG
imagenet,n02823750,n02823750/ILSVRC2012_val_00042994.JPEG
imagenet,n02823750,n02823750/ILSVRC2012_val_00045499.JPEG
imagenet,n02823750,n02823750/ILSVRC2012_val_00046210.JPEG
imagenet,n02823750,n02823750/ILSVRC2012_val_00046967.JPEG
imagenet,n02823750,n02823750/ILSVRC2012_val_00047162.JPEG
imagenet,n02823750,n02823750/ILSVRC2012_val_00047477.JPEG
imagenet,n02841315,n02841315/ILSVRC2012_val_00000917.JPEG
imagenet,n02841315,n02841315/ILSVRC2012_val_00002158.JPEG
imagenet,n02841315,n02841315/ILSVRC2012_val_00003215.JPEG
imagenet,n02841315,n02841315/ILSVRC2012_val_00003479.JPEG
imagenet,n02841315,n02841315/ILSVRC2012_val_00004785.JPEG
imagenet,n02841315,n02841315/ILSVRC2012_val_00005526.JPEG
imagenet,n02841315,n02841315/ILSVRC2012_val_00007638.JPEG
imagenet,n02841315,n02841315/ILSVRC2012_val_00008614.JPEG
imagenet,n02841315,n02841315/ILSVRC2012_val_00010205.JPEG
imagenet,n02841315,n02841315/ILSVRC2012_val_00010394.JPEG
imagenet,n02841315,n02841315/ILSVRC2012_val_00011926.JPEG
imagenet,n02841315,n02841315/ILSVRC2012_val_00011935.JPEG
imagenet,n02841315,n02841315/ILSVRC2012_val_00012679.JPEG
imagenet,n02841315,n02841315/ILSVRC2012_val_00013969.JPEG
imagenet,n02841315,n02841315/ILSVRC2012_val_00014601.JPEG
imagenet,n02841315,n02841315/ILSVRC2012_val_00014836.JPEG
imagenet,n02841315,n02841315/ILSVRC2012_val_00015345.JPEG
imagenet,n02841315,n02841315/ILSVRC2012_val_00016311.JPEG
imagenet,n02841315,n02841315/ILSVRC2012_val_00016652.JPEG
imagenet,n02841315,n02841315/ILSVRC2012_val_00017620.JPEG
imagenet,n02841315,n02841315/ILSVRC2012_val_00017808.JPEG
imagenet,n02841315,n02841315/ILSVRC2012_val_00019552.JPEG
imagenet,n02841315,n02841315/ILSVRC2012_val_00021033.JPEG
imagenet,n02841315,n02841315/ILSVRC2012_val_00022069.JPEG
imagenet,n02841315,n02841315/ILSVRC2012_val_00022229.JPEG
imagenet,n02841315,n02841315/ILSVRC2012_val_00022598.JPEG
imagenet,n02841315,n02841315/ILSVRC2012_val_00024139.JPEG
imagenet,n02841315,n02841315/ILSVRC2012_val_00024742.JPEG
imagenet,n02841315,n02841315/ILSVRC2012_val_00025699.JPEG
imagenet,n02841315,n02841315/ILSVRC2012_val_00025790.JPEG
imagenet,n02841315,n02841315/ILSVRC2012_val_00025826.JPEG
imagenet,n02841315,n02841315/ILSVRC2012_val_00026394.JPEG
imagenet,n02841315,n02841315/ILSVRC2012_val_00028880.JPEG
imagenet,n02841315,n02841315/ILSVRC2012_val_00029279.JPEG
imagenet,n02841315,n02841315/ILSVRC2012_val_00032632.JPEG
imagenet,n02841315,n02841315/ILSVRC2012_val_00032772.JPEG
imagenet,n02841315,n02841315/ILSVRC2012_val_00032897.JPEG
imagenet,n02841315,n02841315/ILSVRC2012_val_00034377.JPEG
imagenet,n02841315,n02841315/ILSVRC2012_val_00039162.JPEG
imagenet,n02841315,n02841315/ILSVRC2012_val_00039447.JPEG
imagenet,n02841315,n02841315/ILSVRC2012_val_00039857.JPEG
imagenet,n02841315,n02841315/ILSVRC2012_val_00039961.JPEG
imagenet,n02841315,n02841315/ILSVRC2012_val_00040318.JPEG
imagenet,n02841315,n02841315/ILSVRC2012_val_00040542.JPEG
imagenet,n02841315,n02841315/ILSVRC2012_val_00040975.JPEG
imagenet,n02841315,n02841315/ILSVRC2012_val_00043589.JPEG
imagenet,n02841315,n02841315/ILSVRC2012_val_00043828.JPEG
imagenet,n02841315,n02841315/ILSVRC2012_val_00046109.JPEG
imagenet,n02841315,n02841315/ILSVRC2012_val_00046844.JPEG
imagenet,n02841315,n02841315/ILSVRC2012_val_00049978.JPEG
imagenet,n02843684,n02843684/ILSVRC2012_val_00000514.JPEG
imagenet,n02843684,n02843684/ILSVRC2012_val_00001630.JPEG
imagenet,n02843684,n02843684/ILSVRC2012_val_00002647.JPEG
imagenet,n02843684,n02843684/ILSVRC2012_val_00003783.JPEG
imagenet,n02843684,n02843684/ILSVRC2012_val_00003952.JPEG
imagenet,n02843684,n02843684/ILSVRC2012_val_00004330.JPEG
imagenet,n02843684,n02843684/ILSVRC2012_val_00005853.JPEG
imagenet,n02843684,n02843684/ILSVRC2012_val_00006780.JPEG
imagenet,n02843684,n02843684/ILSVRC2012_val_00007812.JPEG
imagenet,n02843684,n02843684/ILSVRC2012_val_00008769.JPEG
imagenet,n02843684,n02843684/ILSVRC2012_val_00011133.JPEG
imagenet,n02843684,n02843684/ILSVRC2012_val_00012648.JPEG
imagenet,n02843684,n02843684/ILSVRC2012_val_00012709.JPEG
imagenet,n02843684,n02843684/ILSVRC2012_val_00013138.JPEG
imagenet,n02843684,n02843684/ILSVRC2012_val_00013736.JPEG
imagenet,n02843684,n02843684/ILSVRC2012_val_00014364.JPEG
imagenet,n02843684,n02843684/ILSVRC2012_val_00015234.JPEG
imagenet,n02843684,n02843684/ILSVRC2012_val_00015790.JPEG
imagenet,n02843684,n02843684/ILSVRC2012_val_00015956.JPEG
imagenet,n02843684,n02843684/ILSVRC2012_val_00017166.JPEG
imagenet,n02843684,n02843684/ILSVRC2012_val_00017373.JPEG
imagenet,n02843684,n02843684/ILSVRC2012_val_00017720.JPEG
imagenet,n02843684,n02843684/ILSVRC2012_val_00017798.JPEG
imagenet,n02843684,n02843684/ILSVRC2012_val_00020214.JPEG
imagenet,n02843684,n02843684/ILSVRC2012_val_00021619.JPEG
imagenet,n02843684,n02843684/ILSVRC2012_val_00022132.JPEG
imagenet,n02843684,n02843684/ILSVRC2012_val_00023874.JPEG
imagenet,n02843684,n02843684/ILSVRC2012_val_00023964.JPEG
imagenet,n02843684,n02843684/ILSVRC2012_val_00024936.JPEG
imagenet,n02843684,n02843684/ILSVRC2012_val_00025083.JPEG
imagenet,n02843684,n02843684/ILSVRC2012_val_00025965.JPEG
imagenet,n02843684,n02843684/ILSVRC2012_val_00026179.JPEG
imagenet,n02843684,n02843684/ILSVRC2012_val_00026344.JPEG
imagenet,n02843684,n02843684/ILSVRC2012_val_00026872.JPEG
imagenet,n02843684,n02843684/ILSVRC2012_val_00027127.JPEG
imagenet,n02843684,n02843684/ILSVRC2012_val_00027595.JPEG
imagenet,n02843684,n02843684/ILSVRC2012_val_00027688.JPEG
imagenet,n02843684,n02843684/ILSVRC2012_val_00028359.JPEG
imagenet,n02843684,n02843684/ILSVRC2012_val_00030541.JPEG
imagenet,n02843684,n02843684/ILSVRC2012_val_00030818.JPEG
imagenet,n02843684,n02843684/ILSVRC2012_val_00030980.JPEG
imagenet,n02843684,n02843684/ILSVRC2012_val_00032543.JPEG
imagenet,n02843684,n02843684/ILSVRC2012_val_00034726.JPEG
imagenet,n02843684,n02843684/ILSVRC2012_val_00035716.JPEG
imagenet,n02843684,n02843684/ILSVRC2012_val_00036900.JPEG
imagenet,n02843684,n02843684/ILSVRC2012_val_00037860.JPEG
imagenet,n02843684,n02843684/ILSVRC2012_val_00039629.JPEG
imagenet,n02843684,n02843684/ILSVRC2012_val_00041742.JPEG
imagenet,n02843684,n02843684/ILSVRC2012_val_00046472.JPEG
imagenet,n02843684,n02843684/ILSVRC2012_val_00047023.JPEG
imagenet,n02883205,n02883205/ILSVRC2012_val_00000126.JPEG
imagenet,n02883205,n02883205/ILSVRC2012_val_00000202.JPEG
imagenet,n02883205,n02883205/ILSVRC2012_val_00002038.JPEG
imagenet,n02883205,n02883205/ILSVRC2012_val_00003045.JPEG
imagenet,n02883205,n02883205/ILSVRC2012_val_00003907.JPEG
imagenet,n02883205,n02883205/ILSVRC2012_val_00003934.JPEG
imagenet,n02883205,n02883205/ILSVRC2012_val_00004839.JPEG
imagenet,n02883205,n02883205/ILSVRC2012_val_00004943.JPEG
imagenet,n02883205,n02883205/ILSVRC2012_val_00004987.JPEG
imagenet,n02883205,n02883205/ILSVRC2012_val_00005569.JPEG
imagenet,n02883205,n02883205/ILSVRC2012_val_00005907.JPEG
imagenet,n02883205,n02883205/ILSVRC2012_val_00006456.JPEG
imagenet,n02883205,n02883205/ILSVRC2012_val_00007305.JPEG
imagenet,n02883205,n02883205/ILSVRC2012_val_00008612.JPEG
imagenet,n02883205,n02883205/ILSVRC2012_val_00008638.JPEG
imagenet,n02883205,n02883205/ILSVRC2012_val_00009483.JPEG
imagenet,n02883205,n02883205/ILSVRC2012_val_00012387.JPEG
imagenet,n02883205,n02883205/ILSVRC2012_val_00012923.JPEG
imagenet,n02883205,n02883205/ILSVRC2012_val_00015595.JPEG
imagenet,n02883205,n02883205/ILSVRC2012_val_00017785.JPEG
imagenet,n02883205,n02883205/ILSVRC2012_val_00019224.JPEG
imagenet,n02883205,n02883205/ILSVRC2012_val_00020423.JPEG
imagenet,n02883205,n02883205/ILSVRC2012_val_00022542.JPEG
imagenet,n02883205,n02883205/ILSVRC2012_val_00024771.JPEG
imagenet,n02883205,n02883205/ILSVRC2012_val_00027212.JPEG
imagenet,n02883205,n02883205/ILSVRC2012_val_00028840.JPEG
imagenet,n02883205,n02883205/ILSVRC2012_val_00029234.JPEG
imagenet,n02883205,n02883205/ILSVRC2012_val_00029826.JPEG
imagenet,n02883205,n02883205/ILSVRC2012_val_00031215.JPEG
imagenet,n02883205,n02883205/ILSVRC2012_val_00031681.JPEG
imagenet,n02883205,n02883205/ILSVRC2012_val_00033208.JPEG
imagenet,n02883205,n02883205/ILSVRC2012_val_00033484.JPEG
imagenet,n02883205,n02883205/ILSVRC2012_val_00034710.JPEG
imagenet,n02883205,n02883205/ILSVRC2012_val_00034967.JPEG
imagenet,n02883205,n02883205/ILSVRC2012_val_00036348.JPEG
imagenet,n02883205,n02883205/ILSVRC2012_val_00036568.JPEG
imagenet,n02883205,n02883205/ILSVRC2012_val_00036791.JPEG
imagenet,n02883205,n02883205/ILSVRC2012_val_00037178.JPEG
imagenet,n02883205,n02883205/ILSVRC2012_val_00037646.JPEG
imagenet,n02883205,n02883205/ILSVRC2012_val_00038746.JPEG
imagenet,n02883205,n02883205/ILSVRC2012_val_00039581.JPEG
imagenet,n02883205,n02883205/ILSVRC2012_val_00039746.JPEG
imagenet,n02883205,n02883205/ILSVRC2012_val_00042358.JPEG
imagenet,n02883205,n02883205/ILSVRC2012_val_00042415.JPEG
imagenet,n02883205,n02883205/ILSVRC2012_val_00043821.JPEG
imagenet,n02883205,n02883205/ILSVRC2012_val_00043900.JPEG
imagenet,n02883205,n02883205/ILSVRC2012_val_00045515.JPEG
imagenet,n02883205,n02883205/ILSVRC2012_val_00047120.JPEG
imagenet,n02883205,n02883205/ILSVRC2012_val_00047478.JPEG
imagenet,n02883205,n02883205/ILSVRC2012_val_00047612.JPEG
imagenet,n02906734,n02906734/ILSVRC2012_val_00002937.JPEG
imagenet,n02906734,n02906734/ILSVRC2012_val_00003397.JPEG
imagenet,n02906734,n02906734/ILSVRC2012_val_00004586.JPEG
imagenet,n02906734,n02906734/ILSVRC2012_val_00004664.JPEG
imagenet,n02906734,n02906734/ILSVRC2012_val_00005144.JPEG
imagenet,n02906734,n02906734/ILSVRC2012_val_00007167.JPEG
imagenet,n02906734,n02906734/ILSVRC2012_val_00008097.JPEG
imagenet,n02906734,n02906734/ILSVRC2012_val_00008117.JPEG
imagenet,n02906734,n02906734/ILSVRC2012_val_00008505.JPEG
imagenet,n02906734,n02906734/ILSVRC2012_val_00009304.JPEG
imagenet,n02906734,n02906734/ILSVRC2012_val_00010279.JPEG
imagenet,n02906734,n02906734/ILSVRC2012_val_00010496.JPEG
imagenet,n02906734,n02906734/ILSVRC2012_val_00012020.JPEG
imagenet,n02906734,n02906734/ILSVRC2012_val_00013061.JPEG
imagenet,n02906734,n02906734/ILSVRC2012_val_00013336.JPEG
imagenet,n02906734,n02906734/ILSVRC2012_val_00014004.JPEG
imagenet,n02906734,n02906734/ILSVRC2012_val_00014268.JPEG
imagenet,n02906734,n02906734/ILSVRC2012_val_00015359.JPEG
imagenet,n02906734,n02906734/ILSVRC2012_val_00016296.JPEG
imagenet,n02906734,n02906734/ILSVRC2012_val_00016839.JPEG
imagenet,n02906734,n02906734/ILSVRC2012_val_00017512.JPEG
imagenet,n02906734,n02906734/ILSVRC2012_val_00018911.JPEG
imagenet,n02906734,n02906734/ILSVRC2012_val_00024031.JPEG
imagenet,n02906734,n02906734/ILSVRC2012_val_00024493.JPEG
imagenet,n02906734,n02906734/ILSVRC2012_val_00026107.JPEG
imagenet,n02906734,n02906734/ILSVRC2012_val_00027338.JPEG
imagenet,n02906734,n02906734/ILSVRC2012_val_00028098.JPEG
imagenet,n02906734,n02906734/ILSVRC2012_val_00028772.JPEG
imagenet,n02906734,n02906734/ILSVRC2012_val_00030331.JPEG
imagenet,n02906734,n02906734/ILSVRC2012_val_00032789.JPEG
imagenet,n02906734,n02906734/ILSVRC2012_val_00033688.JPEG
imagenet,n02906734,n02906734/ILSVRC2012_val_00035100.JPEG
imagenet,n02906734,n02906734/ILSVRC2012_val_00036355.JPEG
imagenet,n02906734,n02906734/ILSVRC2012_val_00036748.JPEG
imagenet,n02906734,n02906734/ILSVRC2012_val_00036800.JPEG
imagenet,n02906734,n02906734/ILSVRC2012_val_00038800.JPEG
imagenet,n02906734,n02906734/ILSVRC2012_val_00040599.JPEG
imagenet,n02906734,n02906734/ILSVRC2012_val_00040693.JPEG
imagenet,n02906734,n02906734/ILSVRC2012_val_00040873.JPEG
imagenet,n02906734,n02906734/ILSVRC2012_val_00041788.JPEG
imagenet,n02906734,n02906734/ILSVRC2012_val_00041911.JPEG
imagenet,n02906734,n02906734/ILSVRC2012_val_00042629.JPEG
imagenet,n02906734,n02906734/ILSVRC2012_val_00042973.JPEG
imagenet,n02906734,n02906734/ILSVRC2012_val_00044489.JPEG
imagenet,n02906734,n02906734/ILSVRC2012_val_00045118.JPEG
imagenet,n02906734,n02906734/ILSVRC2012_val_00045199.JPEG
imagenet,n02906734,n02906734/ILSVRC2012_val_00045922.JPEG
imagenet,n02906734,n02906734/ILSVRC2012_val_00047857.JPEG
imagenet,n02906734,n02906734/ILSVRC2012_val_00047904.JPEG
imagenet,n02906734,n02906734/ILSVRC2012_val_00049698.JPEG
imagenet,n02909870,n02909870/ILSVRC2012_val_00000226.JPEG
imagenet,n02909870,n02909870/ILSVRC2012_val_00000336.JPEG
imagenet,n02909870,n02909870/ILSVRC2012_val_00001126.JPEG
imagenet,n02909870,n02909870/ILSVRC2012_val_00001214.JPEG
imagenet,n02909870,n02909870/ILSVRC2012_val_00004236.JPEG
imagenet,n02909870,n02909870/ILSVRC2012_val_00004625.JPEG
imagenet,n02909870,n02909870/ILSVRC2012_val_00005035.JPEG
imagenet,n02909870,n02909870/ILSVRC2012_val_00006327.JPEG
imagenet,n02909870,n02909870/ILSVRC2012_val_00006594.JPEG
imagenet,n02909870,n02909870/ILSVRC2012_val_00007724.JPEG
imagenet,n02909870,n02909870/ILSVRC2012_val_00008220.JPEG
imagenet,n02909870,n02909870/ILSVRC2012_val_00008396.JPEG
imagenet,n02909870,n02909870/ILSVRC2012_val_00010175.JPEG
imagenet,n02909870,n02909870/ILSVRC2012_val_00011094.JPEG
imagenet,n02909870,n02909870/ILSVRC2012_val_00011119.JPEG
imagenet,n02909870,n02909870/ILSVRC2012_val_00013122.JPEG
imagenet,n02909870,n02909870/ILSVRC2012_val_00013222.JPEG
imagenet,n02909870,n02909870/ILSVRC2012_val_00013226.JPEG
imagenet,n02909870,n02909870/ILSVRC2012_val_00013968.JPEG
imagenet,n02909870,n02909870/ILSVRC2012_val_00016300.JPEG
imagenet,n02909870,n02909870/ILSVRC2012_val_00017066.JPEG
imagenet,n02909870,n02909870/ILSVRC2012_val_00017170.JPEG
imagenet,n02909870,n02909870/ILSVRC2012_val_00017622.JPEG
imagenet,n02909870,n02909870/ILSVRC2012_val_00020852.JPEG
imagenet,n02909870,n02909870/ILSVRC2012_val_00022064.JPEG
imagenet,n02909870,n02909870/ILSVRC2012_val_00022528.JPEG
imagenet,n02909870,n02909870/ILSVRC2012_val_00022605.JPEG
imagenet,n02909870,n02909870/ILSVRC2012_val_00023828.JPEG
imagenet,n02909870,n02909870/ILSVRC2012_val_00024539.JPEG
imagenet,n02909870,n02909870/ILSVRC2012_val_00027739.JPEG
imagenet,n02909870,n02909870/ILSVRC2012_val_00029235.JPEG
imagenet,n02909870,n02909870/ILSVRC2012_val_00030335.JPEG
imagenet,n02909870,n02909870/ILSVRC2012_val_00031208.JPEG
imagenet,n02909870,n02909870/ILSVRC2012_val_00033388.JPEG
imagenet,n02909870,n02909870/ILSVRC2012_val_00033936.JPEG
imagenet,n02909870,n02909870/ILSVRC2012_val_00034503.JPEG
imagenet,n02909870,n02909870/ILSVRC2012_val_00035806.JPEG
imagenet,n02909870,n02909870/ILSVRC2012_val_00036628.JPEG
imagenet,n02909870,n02909870/ILSVRC2012_val_00040061.JPEG
imagenet,n02909870,n02909870/ILSVRC2012_val_00041404.JPEG
imagenet,n02909870,n02909870/ILSVRC2012_val_00042290.JPEG
imagenet,n02909870,n02909870/ILSVRC2012_val_00042633.JPEG
imagenet,n02909870,n02909870/ILSVRC2012_val_00042873.JPEG
imagenet,n02909870,n02909870/ILSVRC2012_val_00042988.JPEG
imagenet,n02909870,n02909870/ILSVRC2012_val_00043472.JPEG
imagenet,n02909870,n02909870/ILSVRC2012_val_00045186.JPEG
imagenet,n02909870,n02909870/ILSVRC2012_val_00045322.JPEG
imagenet,n02909870,n02909870/ILSVRC2012_val_00046426.JPEG
imagenet,n02909870,n02909870/ILSVRC2012_val_00048205.JPEG
imagenet,n02909870,n02909870/ILSVRC2012_val_00049238.JPEG
imagenet,n02939185,n02939185/ILSVRC2012_val_00000302.JPEG
imagenet,n02939185,n02939185/ILSVRC2012_val_00002629.JPEG
imagenet,n02939185,n02939185/ILSVRC2012_val_00002947.JPEG
imagenet,n02939185,n02939185/ILSVRC2012_val_00003247.JPEG
imagenet,n02939185,n02939185/ILSVRC2012_val_00006010.JPEG
imagenet,n02939185,n02939185/ILSVRC2012_val_00006325.JPEG
imagenet,n02939185,n02939185/ILSVRC2012_val_00006370.JPEG
imagenet,n02939185,n02939185/ILSVRC2012_val_00007070.JPEG
imagenet,n02939185,n02939185/ILSVRC2012_val_00008169.JPEG
imagenet,n02939185,n02939185/ILSVRC2012_val_00008625.JPEG
imagenet,n02939185,n02939185/ILSVRC2012_val_00009140.JPEG
imagenet,n02939185,n02939185/ILSVRC2012_val_00009919.JPEG
imagenet,n02939185,n02939185/ILSVRC2012_val_00010201.JPEG
imagenet,n02939185,n02939185/ILSVRC2012_val_00010282.JPEG
imagenet,n02939185,n02939185/ILSVRC2012_val_00011050.JPEG
imagenet,n02939185,n02939185/ILSVRC2012_val_00012210.JPEG
imagenet,n02939185,n02939185/ILSVRC2012_val_00013864.JPEG
imagenet,n02939185,n02939185/ILSVRC2012_val_00014420.JPEG
imagenet,n02939185,n02939185/ILSVRC2012_val_00014853.JPEG
imagenet,n02939185,n02939185/ILSVRC2012_val_00017286.JPEG
imagenet,n02939185,n02939185/ILSVRC2012_val_00017886.JPEG
imagenet,n02939185,n02939185/ILSVRC2012_val_00020028.JPEG
imagenet,n02939185,n02939185/ILSVRC2012_val_00021757.JPEG
imagenet,n02939185,n02939185/ILSVRC2012_val_00021805.JPEG
imagenet,n02939185,n02939185/ILSVRC2012_val_00024512.JPEG
imagenet,n02939185,n02939185/ILSVRC2012_val_00025163.JPEG
imagenet,n02939185,n02939185/ILSVRC2012_val_00025808.JPEG
imagenet,n02939185,n02939185/ILSVRC2012_val_00028378.JPEG
imagenet,n02939185,n02939185/ILSVRC2012_val_00029179.JPEG
imagenet,n02939185,n02939185/ILSVRC2012_val_00031234.JPEG
imagenet,n02939185,n02939185/ILSVRC2012_val_00031283.JPEG
imagenet,n02939185,n02939185/ILSVRC2012_val_00031452.JPEG
imagenet,n02939185,n02939185/ILSVRC2012_val_00033151.JPEG
imagenet,n02939185,n02939185/ILSVRC2012_val_00034236.JPEG
imagenet,n02939185,n02939185/ILSVRC2012_val_00034904.JPEG
imagenet,n02939185,n02939185/ILSVRC2012_val_00035031.JPEG
imagenet,n02939185,n02939185/ILSVRC2012_val_00035816.JPEG
imagenet,n02939185,n02939185/ILSVRC2012_val_00036084.JPEG
imagenet,n02939185,n02939185/ILSVRC2012_val_00038645.JPEG
imagenet,n02939185,n02939185/ILSVRC2012_val_00040315.JPEG
imagenet,n02939185,n02939185/ILSVRC2012_val_00041034.JPEG
imagenet,n02939185,n02939185/ILSVRC2012_val_00041614.JPEG
imagenet,n02939185,n02939185/ILSVRC2012_val_00043061.JPEG
imagenet,n02939185,n02939185/ILSVRC2012_val_00043291.JPEG
imagenet,n02939185,n02939185/ILSVRC2012_val_00043971.JPEG
imagenet,n02939185,n02939185/ILSVRC2012_val_00044457.JPEG
imagenet,n02939185,n02939185/ILSVRC2012_val_00046481.JPEG
imagenet,n02939185,n02939185/ILSVRC2012_val_00049223.JPEG
imagenet,n02939185,n02939185/ILSVRC2012_val_00049308.JPEG
imagenet,n02939185,n02939185/ILSVRC2012_val_00049824.JPEG
imagenet,n02948072,n02948072/ILSVRC2012_val_00002596.JPEG
imagenet,n02948072,n02948072/ILSVRC2012_val_00003486.JPEG
imagenet,n02948072,n02948072/ILSVRC2012_val_00006227.JPEG
imagenet,n02948072,n02948072/ILSVRC2012_val_00007580.JPEG
imagenet,n02948072,n02948072/ILSVRC2012_val_00007749.JPEG
imagenet,n02948072,n02948072/ILSVRC2012_val_00007889.JPEG
imagenet,n02948072,n02948072/ILSVRC2012_val_00008021.JPEG
imagenet,n02948072,n02948072/ILSVRC2012_val_00008717.JPEG
imagenet,n02948072,n02948072/ILSVRC2012_val_00008806.JPEG
imagenet,n02948072,n02948072/ILSVRC2012_val_00010256.JPEG
imagenet,n02948072,n02948072/ILSVRC2012_val_00010335.JPEG
imagenet,n02948072,n02948072/ILSVRC2012_val_00010993.JPEG
imagenet,n02948072,n02948072/ILSVRC2012_val_00011230.JPEG
imagenet,n02948072,n02948072/ILSVRC2012_val_00012453.JPEG
imagenet,n02948072,n02948072/ILSVRC2012_val_00014393.JPEG
imagenet,n02948072,n02948072/ILSVRC2012_val_00014435.JPEG
imagenet,n02948072,n02948072/ILSVRC2012_val_00014444.JPEG
imagenet,n02948072,n02948072/ILSVRC2012_val_00017392.JPEG
imagenet,n02948072,n02948072/ILSVRC2012_val_00019806.JPEG
imagenet,n02948072,n02948072/ILSVRC2012_val_00019827.JPEG
imagenet,n02948072,n02948072/ILSVRC2012_val_00021186.JPEG
imagenet,n02948072,n02948072/ILSVRC2012_val_00021250.JPEG
imagenet,n02948072,n02948072/ILSVRC2012_val_00022603.JPEG
imagenet,n02948072,n02948072/ILSVRC2012_val_00022845.JPEG
imagenet,n02948072,n02948072/ILSVRC2012_val_00023314.JPEG
imagenet,n02948072,n02948072/ILSVRC2012_val_00023934.JPEG
imagenet,n02948072,n02948072/ILSVRC2012_val_00025086.JPEG
imagenet,n02948072,n02948072/ILSVRC2012_val_00025186.JPEG
imagenet,n02948072,n02948072/ILSVRC2012_val_00026055.JPEG
imagenet,n02948072,n02948072/ILSVRC2012_val_00027000.JPEG
imagenet,n02948072,n02948072/ILSVRC2012_val_00027494.JPEG
imagenet,n02948072,n02948072/ILSVRC2012_val_00030363.JPEG
imagenet,n02948072,n02948072/ILSVRC2012_val_00030664.JPEG
imagenet,n02948072,n02948072/ILSVRC2012_val_00031683.JPEG
imagenet,n02948072,n02948072/ILSVRC2012_val_00032008.JPEG
imagenet,n02948072,n02948072/ILSVRC2012_val_00034517.JPEG
imagenet,n02948072,n02948072/ILSVRC2012_val_00035263.JPEG
imagenet,n02948072,n02948072/ILSVRC2012_val_00037224.JPEG
imagenet,n02948072,n02948072/ILSVRC2012_val_00037695.JPEG
imagenet,n02948072,n02948072/ILSVRC2012_val_00038251.JPEG
imagenet,n02948072,n02948072/ILSVRC2012_val_00038456.JPEG
imagenet,n02948072,n02948072/ILSVRC2012_val_00041374.JPEG
imagenet,n02948072,n02948072/ILSVRC2012_val_00041434.JPEG
imagenet,n02948072,n02948072/ILSVRC2012_val_00043507.JPEG
imagenet,n02948072,n02948072/ILSVRC2012_val_00043844.JPEG
imagenet,n02948072,n02948072/ILSVRC2012_val_00045660.JPEG
imagenet,n02948072,n02948072/ILSVRC2012_val_00046860.JPEG
imagenet,n02948072,n02948072/ILSVRC2012_val_00047415.JPEG
imagenet,n02948072,n02948072/ILSVRC2012_val_00048528.JPEG
imagenet,n02948072,n02948072/ILSVRC2012_val_00049083.JPEG
imagenet,n02950826,n02950826/ILSVRC2012_val_00000392.JPEG
imagenet,n02950826,n02950826/ILSVRC2012_val_00000596.JPEG
imagenet,n02950826,n02950826/ILSVRC2012_val_00001399.JPEG
imagenet,n02950826,n02950826/ILSVRC2012_val_00001528.JPEG
imagenet,n02950826,n02950826/ILSVRC2012_val_00001902.JPEG
imagenet,n02950826,n02950826/ILSVRC2012_val_00004447.JPEG
imagenet,n02950826,n02950826/ILSVRC2012_val_00005016.JPEG
imagenet,n02950826,n02950826/ILSVRC2012_val_00005222.JPEG
imagenet,n02950826,n02950826/ILSVRC2012_val_00006467.JPEG
imagenet,n02950826,n02950826/ILSVRC2012_val_00008964.JPEG
imagenet,n02950826,n02950826/ILSVRC2012_val_00009648.JPEG
imagenet,n02950826,n02950826/ILSVRC2012_val_00010903.JPEG
imagenet,n02950826,n02950826/ILSVRC2012_val_00011155.JPEG
imagenet,n02950826,n02950826/ILSVRC2012_val_00012063.JPEG
imagenet,n02950826,n02950826/ILSVRC2012_val_00012710.JPEG
imagenet,n02950826,n02950826/ILSVRC2012_val_00014835.JPEG
imagenet,n02950826,n02950826/ILSVRC2012_val_00015215.JPEG
imagenet,n02950826,n02950826/ILSVRC2012_val_00017566.JPEG
imagenet,n02950826,n02950826/ILSVRC2012_val_00019075.JPEG
imagenet,n02950826,n02950826/ILSVRC2012_val_00019887.JPEG
imagenet,n02950826,n02950826/ILSVRC2012_val_00020752.JPEG
imagenet,n02950826,n02950826/ILSVRC2012_val_00021004.JPEG
imagenet,n02950826,n02950826/ILSVRC2012_val_00022031.JPEG
imagenet,n02950826,n02950826/ILSVRC2012_val_00024648.JPEG
imagenet,n02950826,n02950826/ILSVRC2012_val_00027001.JPEG
imagenet,n02950826,n02950826/ILSVRC2012_val_00028171.JPEG
imagenet,n02950826,n02950826/ILSVRC2012_val_00030053.JPEG
imagenet,n02950826,n02950826/ILSVRC2012_val_00031000.JPEG
imagenet,n02950826,n02950826/ILSVRC2012_val_00031280.JPEG
imagenet,n02950826,n02950826/ILSVRC2012_val_00031501.JPEG
imagenet,n02950826,n02950826/ILSVRC2012_val_00032815.JPEG
imagenet,n02950826,n02950826/ILSVRC2012_val_00033446.JPEG
imagenet,n02950826,n02950826/ILSVRC2012_val_00034326.JPEG
imagenet,n02950826,n02950826/ILSVRC2012_val_00034902.JPEG
imagenet,n02950826,n02950826/ILSVRC2012_val_00035629.JPEG
imagenet,n02950826,n02950826/ILSVRC2012_val_00036357.JPEG
imagenet,n02950826,n02950826/ILSVRC2012_val_00036600.JPEG
imagenet,n02950826,n02950826/ILSVRC2012_val_00037796.JPEG
imagenet,n02950826,n02950826/ILSVRC2012_val_00037996.JPEG
imagenet,n02950826,n02950826/ILSVRC2012_val_00038297.JPEG
imagenet,n02950826,n02950826/ILSVRC2012_val_00039382.JPEG
imagenet,n02950826,n02950826/ILSVRC2012_val_00040095.JPEG
imagenet,n02950826,n02950826/ILSVRC2012_val_00040163.JPEG
imagenet,n02950826,n02950826/ILSVRC2012_val_00041215.JPEG
imagenet,n02950826,n02950826/ILSVRC2012_val_00041750.JPEG
imagenet,n02950826,n02950826/ILSVRC2012_val_00042461.JPEG
imagenet,n02950826,n02950826/ILSVRC2012_val_00043244.JPEG
imagenet,n02950826,n02950826/ILSVRC2012_val_00043973.JPEG
imagenet,n02950826,n02950826/ILSVRC2012_val_00045603.JPEG
imagenet,n02950826,n02950826/ILSVRC2012_val_00046261.JPEG
imagenet,n02951358,n02951358/ILSVRC2012_val_00000347.JPEG
imagenet,n02951358,n02951358/ILSVRC2012_val_00001326.JPEG
imagenet,n02951358,n02951358/ILSVRC2012_val_00001677.JPEG
imagenet,n02951358,n02951358/ILSVRC2012_val_00002732.JPEG
imagenet,n02951358,n02951358/ILSVRC2012_val_00004909.JPEG
imagenet,n02951358,n02951358/ILSVRC2012_val_00007245.JPEG
imagenet,n02951358,n02951358/ILSVRC2012_val_00007438.JPEG
imagenet,n02951358,n02951358/ILSVRC2012_val_00008477.JPEG
imagenet,n02951358,n02951358/ILSVRC2012_val_00008828.JPEG
imagenet,n02951358,n02951358/ILSVRC2012_val_00010474.JPEG
imagenet,n02951358,n02951358/ILSVRC2012_val_00011563.JPEG
imagenet,n02951358,n02951358/ILSVRC2012_val_00012403.JPEG
imagenet,n02951358,n02951358/ILSVRC2012_val_00012673.JPEG
imagenet,n02951358,n02951358/ILSVRC2012_val_00013191.JPEG
imagenet,n02951358,n02951358/ILSVRC2012_val_00015044.JPEG
imagenet,n02951358,n02951358/ILSVRC2012_val_00017912.JPEG
imagenet,n02951358,n02951358/ILSVRC2012_val_00019947.JPEG
imagenet,n02951358,n02951358/ILSVRC2012_val_00020877.JPEG
imagenet,n02951358,n02951358/ILSVRC2012_val_00021156.JPEG
imagenet,n02951358,n02951358/ILSVRC2012_val_00022210.JPEG
imagenet,n02951358,n02951358/ILSVRC2012_val_00023574.JPEG
imagenet,n02951358,n02951358/ILSVRC2012_val_00023856.JPEG
imagenet,n02951358,n02951358/ILSVRC2012_val_00024906.JPEG
imagenet,n02951358,n02951358/ILSVRC2012_val_00025415.JPEG
imagenet,n02951358,n02951358/ILSVRC2012_val_00026054.JPEG
imagenet,n02951358,n02951358/ILSVRC2012_val_00026341.JPEG
imagenet,n02951358,n02951358/ILSVRC2012_val_00026990.JPEG
imagenet,n02951358,n02951358/ILSVRC2012_val_00027088.JPEG
imagenet,n02951358,n02951358/ILSVRC2012_val_00028376.JPEG
imagenet,n02951358,n02951358/ILSVRC2012_val_00028660.JPEG
imagenet,n02951358,n02951358/ILSVRC2012_val_00029462.JPEG
imagenet,n02951358,n02951358/ILSVRC2012_val_00030001.JPEG
imagenet,n02951358,n02951358/ILSVRC2012_val_00030824.JPEG
imagenet,n02951358,n02951358/ILSVRC2012_val_00031213.JPEG
imagenet,n02951358,n02951358/ILSVRC2012_val_00032408.JPEG
imagenet,n02951358,n02951358/ILSVRC2012_val_00032433.JPEG
imagenet,n02951358,n02951358/ILSVRC2012_val_00032600.JPEG
imagenet,n02951358,n02951358/ILSVRC2012_val_00033316.JPEG
imagenet,n02951358,n02951358/ILSVRC2012_val_00033883.JPEG
imagenet,n02951358,n02951358/ILSVRC2012_val_00037707.JPEG
imagenet,n02951358,n02951358/ILSVRC2012_val_00039572.JPEG
imagenet,n02951358,n02951358/ILSVRC2012_val_00039945.JPEG
imagenet,n02951358,n02951358/ILSVRC2012_val_00040491.JPEG
imagenet,n02951358,n02951358/ILSVRC2012_val_00041227.JPEG
imagenet,n02951358,n02951358/ILSVRC2012_val_00041830.JPEG
imagenet,n02951358,n02951358/ILSVRC2012_val_00043133.JPEG
imagenet,n02951358,n02951358/ILSVRC2012_val_00045786.JPEG
imagenet,n02951358,n02951358/ILSVRC2012_val_00046387.JPEG
imagenet,n02951358,n02951358/ILSVRC2012_val_00048455.JPEG
imagenet,n02951358,n02951358/ILSVRC2012_val_00048773.JPEG
imagenet,n02966193,n02966193/ILSVRC2012_val_00000074.JPEG
imagenet,n02966193,n02966193/ILSVRC2012_val_00004484.JPEG
imagenet,n02966193,n02966193/ILSVRC2012_val_00005552.JPEG
imagenet,n02966193,n02966193/ILSVRC2012_val_00006344.JPEG
imagenet,n02966193,n02966193/ILSVRC2012_val_00007637.JPEG
imagenet,n02966193,n02966193/ILSVRC2012_val_00008293.JPEG
imagenet,n02966193,n02966193/ILSVRC2012_val_00008914.JPEG
imagenet,n02966193,n02966193/ILSVRC2012_val_00009011.JPEG
imagenet,n02966193,n02966193/ILSVRC2012_val_00010578.JPEG
imagenet,n02966193,n02966193/ILSVRC2012_val_00010837.JPEG
imagenet,n02966193,n02966193/ILSVRC2012_val_00011195.JPEG
imagenet,n02966193,n02966193/ILSVRC2012_val_00011199.JPEG
imagenet,n02966193,n02966193/ILSVRC2012_val_00011602.JPEG
imagenet,n02966193,n02966193/ILSVRC2012_val_00012278.JPEG
imagenet,n02966193,n02966193/ILSVRC2012_val_00012675.JPEG
imagenet,n02966193,n02966193/ILSVRC2012_val_00012715.JPEG
imagenet,n02966193,n02966193/ILSVRC2012_val_00012851.JPEG
imagenet,n02966193,n02966193/ILSVRC2012_val_00013846.JPEG
imagenet,n02966193,n02966193/ILSVRC2012_val_00015138.JPEG
imagenet,n02966193,n02966193/ILSVRC2012_val_00015147.JPEG
imagenet,n02966193,n02966193/ILSVRC2012_val_00016271.JPEG
imagenet,n02966193,n02966193/ILSVRC2012_val_00016573.JPEG
imagenet,n02966193,n02966193/ILSVRC2012_val_00017990.JPEG
imagenet,n02966193,n02966193/ILSVRC2012_val_00019102.JPEG
imagenet,n02966193,n02966193/ILSVRC2012_val_00019199.JPEG
imagenet,n02966193,n02966193/ILSVRC2012_val_00019819.JPEG
imagenet,n02966193,n02966193/ILSVRC2012_val_00020077.JPEG
imagenet,n02966193,n02966193/ILSVRC2012_val_00020337.JPEG
imagenet,n02966193,n02966193/ILSVRC2012_val_00020734.JPEG
imagenet,n02966193,n02966193/ILSVRC2012_val_00021189.JPEG
imagenet,n02966193,n02966193/ILSVRC2012_val_00023992.JPEG
imagenet,n02966193,n02966193/ILSVRC2012_val_00026303.JPEG
imagenet,n02966193,n02966193/ILSVRC2012_val_00030310.JPEG
imagenet,n02966193,n02966193/ILSVRC2012_val_00031350.JPEG
imagenet,n02966193,n02966193/ILSVRC2012_val_00031566.JPEG
imagenet,n02966193,n02966193/ILSVRC2012_val_00032898.JPEG
imagenet,n02966193,n02966193/ILSVRC2012_val_00032969.JPEG
imagenet,n02966193,n02966193/ILSVRC2012_val_00033090.JPEG
imagenet,n02966193,n02966193/ILSVRC2012_val_00039037.JPEG
imagenet,n02966193,n02966193/ILSVRC2012_val_00039383.JPEG
imagenet,n02966193,n02966193/ILSVRC2012_val_00040277.JPEG
imagenet,n02966193,n02966193/ILSVRC2012_val_00040917.JPEG
imagenet,n02966193,n02966193/ILSVRC2012_val_00043579.JPEG
imagenet,n02966193,n02966193/ILSVRC2012_val_00044864.JPEG
imagenet,n02966193,n02966193/ILSVRC2012_val_00046263.JPEG
imagenet,n02966193,n02966193/ILSVRC2012_val_00047099.JPEG
imagenet,n02966193,n02966193/ILSVRC2012_val_00047111.JPEG
imagenet,n02966193,n02966193/ILSVRC2012_val_00047790.JPEG
imagenet,n02966193,n02966193/ILSVRC2012_val_00047792.JPEG
imagenet,n02966193,n02966193/ILSVRC2012_val_00049670.JPEG
imagenet,n02980441,n02980441/ILSVRC2012_val_00000122.JPEG
imagenet,n02980441,n02980441/ILSVRC2012_val_00001990.JPEG
imagenet,n02980441,n02980441/ILSVRC2012_val_00002061.JPEG
imagenet,n02980441,n02980441/ILSVRC2012_val_00002487.JPEG
imagenet,n02980441,n02980441/ILSVRC2012_val_00003916.JPEG
imagenet,n02980441,n02980441/ILSVRC2012_val_00004071.JPEG
imagenet,n02980441,n02980441/ILSVRC2012_val_00004647.JPEG
imagenet,n02980441,n02980441/ILSVRC2012_val_00005338.JPEG
imagenet,n02980441,n02980441/ILSVRC2012_val_00005503.JPEG
imagenet,n02980441,n02980441/ILSVRC2012_val_00006355.JPEG
imagenet,n02980441,n02980441/ILSVRC2012_val_00006522.JPEG
imagenet,n02980441,n02980441/ILSVRC2012_val_00011145.JPEG
imagenet,n02980441,n02980441/ILSVRC2012_val_00013726.JPEG
imagenet,n02980441,n02980441/ILSVRC2012_val_00014642.JPEG
imagenet,n02980441,n02980441/ILSVRC2012_val_00014661.JPEG
imagenet,n02980441,n02980441/ILSVRC2012_val_00014807.JPEG
imagenet,n02980441,n02980441/ILSVRC2012_val_00017042.JPEG
imagenet,n02980441,n02980441/ILSVRC2012_val_00017829.JPEG
imagenet,n02980441,n02980441/ILSVRC2012_val_00018553.JPEG
imagenet,n02980441,n02980441/ILSVRC2012_val_00018999.JPEG
imagenet,n02980441,n02980441/ILSVRC2012_val_00019095.JPEG
imagenet,n02980441,n02980441/ILSVRC2012_val_00019157.JPEG
imagenet,n02980441,n02980441/ILSVRC2012_val_00019214.JPEG
imagenet,n02980441,n02980441/ILSVRC2012_val_00019377.JPEG
imagenet,n02980441,n02980441/ILSVRC2012_val_00019778.JPEG
imagenet,n02980441,n02980441/ILSVRC2012_val_00019831.JPEG
imagenet,n02980441,n02980441/ILSVRC2012_val_00020249.JPEG
imagenet,n02980441,n02980441/ILSVRC2012_val_00020777.JPEG
imagenet,n02980441,n02980441/ILSVRC2012_val_00021425.JPEG
imagenet,n02980441,n02980441/ILSVRC2012_val_00023472.JPEG
imagenet,n02980441,n02980441/ILSVRC2012_val_00023667.JPEG
imagenet,n02980441,n02980441/ILSVRC2012_val_00023875.JPEG
imagenet,n02980441,n02980441/ILSVRC2012_val_00024088.JPEG
imagenet,n02980441,n02980441/ILSVRC2012_val_00027848.JPEG
imagenet,n02980441,n02980441/ILSVRC2012_val_00029345.JPEG
imagenet,n02980441,n02980441/ILSVRC2012_val_00030999.JPEG
imagenet,n02980441,n02980441/ILSVRC2012_val_00032173.JPEG
imagenet,n02980441,n02980441/ILSVRC2012_val_00033614.JPEG
imagenet,n02980441,n02980441/ILSVRC2012_val_00034374.JPEG
imagenet,n02980441,n02980441/ILSVRC2012_val_00034819.JPEG
imagenet,n02980441,n02980441/ILSVRC2012_val_00037341.JPEG
imagenet,n02980441,n02980441/ILSVRC2012_val_00037813.JPEG
imagenet,n02980441,n02980441/ILSVRC2012_val_00039597.JPEG
imagenet,n02980441,n02980441/ILSVRC2012_val_00041139.JPEG
imagenet,n02980441,n02980441/ILSVRC2012_val_00041354.JPEG
imagenet,n02980441,n02980441/ILSVRC2012_val_00041372.JPEG
imagenet,n02980441,n02980441/ILSVRC2012_val_00043355.JPEG
imagenet,n02980441,n02980441/ILSVRC2012_val_00044012.JPEG
imagenet,n02980441,n02980441/ILSVRC2012_val_00045955.JPEG
imagenet,n02980441,n02980441/ILSVRC2012_val_00047362.JPEG
imagenet,n02992529,n02992529/ILSVRC2012_val_00000089.JPEG
imagenet,n02992529,n02992529/ILSVRC2012_val_00000257.JPEG
imagenet,n02992529,n02992529/ILSVRC2012_val_00002114.JPEG
imagenet,n02992529,n02992529/ILSVRC2012_val_00003469.JPEG
imagenet,n02992529,n02992529/ILSVRC2012_val_00004117.JPEG
imagenet,n02992529,n02992529/ILSVRC2012_val_00005688.JPEG
imagenet,n02992529,n02992529/ILSVRC2012_val_00005705.JPEG
imagenet,n02992529,n02992529/ILSVRC2012_val_00006156.JPEG
imagenet,n02992529,n02992529/ILSVRC2012_val_00008314.JPEG
imagenet,n02992529,n02992529/ILSVRC2012_val_00008541.JPEG
imagenet,n02992529,n02992529/ILSVRC2012_val_00008583.JPEG
imagenet,n02992529,n02992529/ILSVRC2012_val_00010101.JPEG
imagenet,n02992529,n02992529/ILSVRC2012_val_00010353.JPEG
imagenet,n02992529,n02992529/ILSVRC2012_val_00010737.JPEG
imagenet,n02992529,n02992529/ILSVRC2012_val_00010788.JPEG
imagenet,n02992529,n02992529/ILSVRC2012_val_00011346.JPEG
imagenet,n02992529,n02992529/ILSVRC2012_val_00011809.JPEG
imagenet,n02992529,n02992529/ILSVRC2012_val_00013031.JPEG
imagenet,n02992529,n02992529/ILSVRC2012_val_00014562.JPEG
imagenet,n02992529,n02992529/ILSVRC2012_val_00016828.JPEG
imagenet,n02992529,n02992529/ILSVRC2012_val_00017262.JPEG
imagenet,n02992529,n02992529/ILSVRC2012_val_00017833.JPEG
imagenet,n02992529,n02992529/ILSVRC2012_val_00019685.JPEG
imagenet,n02992529,n02992529/ILSVRC2012_val_00020206.JPEG
imagenet,n02992529,n02992529/ILSVRC2012_val_00020233.JPEG
imagenet,n02992529,n02992529/ILSVRC2012_val_00023929.JPEG
imagenet,n02992529,n02992529/ILSVRC2012_val_00024979.JPEG
imagenet,n02992529,n02992529/ILSVRC2012_val_00026822.JPEG
imagenet,n02992529,n02992529/ILSVRC2012_val_00028116.JPEG
imagenet,n02992529,n02992529/ILSVRC2012_val_00028501.JPEG
imagenet,n02992529,n02992529/ILSVRC2012_val_00030872.JPEG
imagenet,n02992529,n02992529/ILSVRC2012_val_00031438.JPEG
imagenet,n02992529,n02992529/ILSVRC2012_val_00032046.JPEG
imagenet,n02992529,n02992529/ILSVRC2012_val_00033180.JPEG
imagenet,n02992529,n02992529/ILSVRC2012_val_00033654.JPEG
imagenet,n02992529,n02992529/ILSVRC2012_val_00034755.JPEG
imagenet,n02992529,n02992529/ILSVRC2012_val_00035610.JPEG
imagenet,n02992529,n02992529/ILSVRC2012_val_00036024.JPEG
imagenet,n02992529,n02992529/ILSVRC2012_val_00037257.JPEG
imagenet,n02992529,n02992529/ILSVRC2012_val_00039245.JPEG
imagenet,n02992529,n02992529/ILSVRC2012_val_00039425.JPEG
imagenet,n02992529,n02992529/ILSVRC2012_val_00039592.JPEG
imagenet,n02992529,n02992529/ILSVRC2012_val_00039932.JPEG
imagenet,n02992529,n02992529/ILSVRC2012_val_00043042.JPEG
imagenet,n02992529,n02992529/ILSVRC2012_val_00045128.JPEG
imagenet,n02992529,n02992529/ILSVRC2012_val_00046512.JPEG
imagenet,n02992529,n02992529/ILSVRC2012_val_00046613.JPEG
imagenet,n02992529,n02992529/ILSVRC2012_val_00047006.JPEG
imagenet,n02992529,n02992529/ILSVRC2012_val_00047946.JPEG
imagenet,n02992529,n02992529/ILSVRC2012_val_00049503.JPEG
imagenet,n03124170,n03124170/ILSVRC2012_val_00001875.JPEG
imagenet,n03124170,n03124170/ILSVRC2012_val_00002368.JPEG
imagenet,n03124170,n03124170/ILSVRC2012_val_00002639.JPEG
imagenet,n03124170,n03124170/ILSVRC2012_val_00003256.JPEG
imagenet,n03124170,n03124170/ILSVRC2012_val_00003760.JPEG
imagenet,n03124170,n03124170/ILSVRC2012_val_00004413.JPEG
imagenet,n03124170,n03124170/ILSVRC2012_val_00004872.JPEG
imagenet,n03124170,n03124170/ILSVRC2012_val_00005265.JPEG
imagenet,n03124170,n03124170/ILSVRC2012_val_00005346.JPEG
imagenet,n03124170,n03124170/ILSVRC2012_val_00005719.JPEG
imagenet,n03124170,n03124170/ILSVRC2012_val_00006020.JPEG
imagenet,n03124170,n03124170/ILSVRC2012_val_00006384.JPEG
imagenet,n03124170,n03124170/ILSVRC2012_val_00006490.JPEG
imagenet,n03124170,n03124170/ILSVRC2012_val_00008522.JPEG
imagenet,n03124170,n03124170/ILSVRC2012_val_00009695.JPEG
imagenet,n03124170,n03124170/ILSVRC2012_val_00010957.JPEG
imagenet,n03124170,n03124170/ILSVRC2012_val_00012841.JPEG
imagenet,n03124170,n03124170/ILSVRC2012_val_00013362.JPEG
imagenet,n03124170,n03124170/ILSVRC2012_val_00013839.JPEG
imagenet,n03124170,n03124170/ILSVRC2012_val_00016207.JPEG
imagenet,n03124170,n03124170/ILSVRC2012_val_00016536.JPEG
imagenet,n03124170,n03124170/ILSVRC2012_val_00017204.JPEG
imagenet,n03124170,n03124170/ILSVRC2012_val_00018482.JPEG
imagenet,n03124170,n03124170/ILSVRC2012_val_00020143.JPEG
imagenet,n03124170,n03124170/ILSVRC2012_val_00020388.JPEG
imagenet,n03124170,n03124170/ILSVRC2012_val_00022722.JPEG
imagenet,n03124170,n03124170/ILSVRC2012_val_00023878.JPEG
imagenet,n03124170,n03124170/ILSVRC2012_val_00024379.JPEG
imagenet,n03124170,n03124170/ILSVRC2012_val_00024382.JPEG
imagenet,n03124170,n03124170/ILSVRC2012_val_00024741.JPEG
imagenet,n03124170,n03124170/ILSVRC2012_val_00025254.JPEG
imagenet,n03124170,n03124170/ILSVRC2012_val_00026251.JPEG
imagenet,n03124170,n03124170/ILSVRC2012_val_00029414.JPEG
imagenet,n03124170,n03124170/ILSVRC2012_val_00029739.JPEG
imagenet,n03124170,n03124170/ILSVRC2012_val_00030013.JPEG
imagenet,n03124170,n03124170/ILSVRC2012_val_00030122.JPEG
imagenet,n03124170,n03124170/ILSVRC2012_val_00032152.JPEG
imagenet,n03124170,n03124170/ILSVRC2012_val_00033776.JPEG
imagenet,n03124170,n03124170/ILSVRC2012_val_00035648.JPEG
imagenet,n03124170,n03124170/ILSVRC2012_val_00035920.JPEG
imagenet,n03124170,n03124170/ILSVRC2012_val_00036529.JPEG
imagenet,n03124170,n03124170/ILSVRC2012_val_00037403.JPEG
imagenet,n03124170,n03124170/ILSVRC2012_val_00038273.JPEG
imagenet,n03124170,n03124170/ILSVRC2012_val_00039750.JPEG
imagenet,n03124170,n03124170/ILSVRC2012_val_00040779.JPEG
imagenet,n03124170,n03124170/ILSVRC2012_val_00041392.JPEG
imagenet,n03124170,n03124170/ILSVRC2012_val_00042942.JPEG
imagenet,n03124170,n03124170/ILSVRC2012_val_00047208.JPEG
imagenet,n03124170,n03124170/ILSVRC2012_val_00047358.JPEG
imagenet,n03124170,n03124170/ILSVRC2012_val_00049869.JPEG
imagenet,n03272010,n03272010/ILSVRC2012_val_00000374.JPEG
imagenet,n03272010,n03272010/ILSVRC2012_val_00000467.JPEG
imagenet,n03272010,n03272010/ILSVRC2012_val_00001273.JPEG
imagenet,n03272010,n03272010/ILSVRC2012_val_00001836.JPEG
imagenet,n03272010,n03272010/ILSVRC2012_val_00002143.JPEG
imagenet,n03272010,n03272010/ILSVRC2012_val_00002992.JPEG
imagenet,n03272010,n03272010/ILSVRC2012_val_00003552.JPEG
imagenet,n03272010,n03272010/ILSVRC2012_val_00004994.JPEG
imagenet,n03272010,n03272010/ILSVRC2012_val_00005986.JPEG
imagenet,n03272010,n03272010/ILSVRC2012_val_00006373.JPEG
imagenet,n03272010,n03272010/ILSVRC2012_val_00006680.JPEG
imagenet,n03272010,n03272010/ILSVRC2012_val_00008283.JPEG
imagenet,n03272010,n03272010/ILSVRC2012_val_00008326.JPEG
imagenet,n03272010,n03272010/ILSVRC2012_val_00008655.JPEG
imagenet,n03272010,n03272010/ILSVRC2012_val_00009587.JPEG
imagenet,n03272010,n03272010/ILSVRC2012_val_00009952.JPEG
imagenet,n03272010,n03272010/ILSVRC2012_val_00010371.JPEG
imagenet,n03272010,n03272010/ILSVRC2012_val_00010661.JPEG
imagenet,n03272010,n03272010/ILSVRC2012_val_00012911.JPEG
imagenet,n03272010,n03272010/ILSVRC2012_val_00013005.JPEG
imagenet,n03272010,n03272010/ILSVRC2012_val_00013540.JPEG
imagenet,n03272010,n03272010/ILSVRC2012_val_00014896.JPEG
imagenet,n03272010,n03272010/ILSVRC2012_val_00015207.JPEG
imagenet,n03272010,n03272010/ILSVRC2012_val_00018023.JPEG
imagenet,n03272010,n03272010/ILSVRC2012_val_00019195.JPEG
imagenet,n03272010,n03272010/ILSVRC2012_val_00021013.JPEG
imagenet,n03272010,n03272010/ILSVRC2012_val_00021556.JPEG
imagenet,n03272010,n03272010/ILSVRC2012_val_00021720.JPEG
imagenet,n03272010,n03272010/ILSVRC2012_val_00021729.JPEG
imagenet,n03272010,n03272010/ILSVRC2012_val_00022203.JPEG
imagenet,n03272010,n03272010/ILSVRC2012_val_00022811.JPEG
imagenet,n03272010,n03272010/ILSVRC2012_val_00025223.JPEG
imagenet,n03272010,n03272010/ILSVRC2012_val_00027707.JPEG
imagenet,n03272010,n03272010/ILSVRC2012_val_00029593.JPEG
imagenet,n03272010,n03272010/ILSVRC2012_val_00032755.JPEG
imagenet,n03272010,n03272010/ILSVRC2012_val_00033727.JPEG
imagenet,n03272010,n03272010/ILSVRC2012_val_00033765.JPEG
imagenet,n03272010,n03272010/ILSVRC2012_val_00035404.JPEG
imagenet,n03272010,n03272010/ILSVRC2012_val_00038597.JPEG
imagenet,n03272010,n03272010/ILSVRC2012_val_00039867.JPEG
imagenet,n03272010,n03272010/ILSVRC2012_val_00039929.JPEG
imagenet,n03272010,n03272010/ILSVRC2012_val_00040569.JPEG
imagenet,n03272010,n03272010/ILSVRC2012_val_00041609.JPEG
imagenet,n03272010,n03272010/ILSVRC2012_val_00042093.JPEG
imagenet,n03272010,n03272010/ILSVRC2012_val_00043615.JPEG
imagenet,n03272010,n03272010/ILSVRC2012_val_00044737.JPEG
imagenet,n03272010,n03272010/ILSVRC2012_val_00045682.JPEG
imagenet,n03272010,n03272010/ILSVRC2012_val_00046980.JPEG
imagenet,n03272010,n03272010/ILSVRC2012_val_00048443.JPEG
imagenet,n03272010,n03272010/ILSVRC2012_val_00049873.JPEG
imagenet,n03345487,n03345487/ILSVRC2012_val_00000764.JPEG
imagenet,n03345487,n03345487/ILSVRC2012_val_00001491.JPEG
imagenet,n03345487,n03345487/ILSVRC2012_val_00003016.JPEG
imagenet,n03345487,n03345487/ILSVRC2012_val_00003050.JPEG
imagenet,n03345487,n03345487/ILSVRC2012_val_00003384.JPEG
imagenet,n03345487,n03345487/ILSVRC2012_val_00004238.JPEG
imagenet,n03345487,n03345487/ILSVRC2012_val_00008012.JPEG
imagenet,n03345487,n03345487/ILSVRC2012_val_00008013.JPEG
imagenet,n03345487,n03345487/ILSVRC2012_val_00008602.JPEG
imagenet,n03345487,n03345487/ILSVRC2012_val_00008767.JPEG
imagenet,n03345487,n03345487/ILSVRC2012_val_00008893.JPEG
imagenet,n03345487,n03345487/ILSVRC2012_val_00010690.JPEG
imagenet,n03345487,n03345487/ILSVRC2012_val_00011102.JPEG
imagenet,n03345487,n03345487/ILSVRC2012_val_00012916.JPEG
imagenet,n03345487,n03345487/ILSVRC2012_val_00014366.JPEG
imagenet,n03345487,n03345487/ILSVRC2012_val_00014385.JPEG
imagenet,n03345487,n03345487/ILSVRC2012_val_00015376.JPEG
imagenet,n03345487,n03345487/ILSVRC2012_val_00016650.JPEG
imagenet,n03345487,n03345487/ILSVRC2012_val_00019954.JPEG
imagenet,n03345487,n03345487/ILSVRC2012_val_00020483.JPEG
imagenet,n03345487,n03345487/ILSVRC2012_val_00022602.JPEG
imagenet,n03345487,n03345487/ILSVRC2012_val_00023423.JPEG
imagenet,n03345487,n03345487/ILSVRC2012_val_00023724.JPEG
imagenet,n03345487,n03345487/ILSVRC2012_val_00024593.JPEG
imagenet,n03345487,n03345487/ILSVRC2012_val_00025134.JPEG
imagenet,n03345487,n03345487/ILSVRC2012_val_00025573.JPEG
imagenet,n03345487,n03345487/ILSVRC2012_val_00025838.JPEG
imagenet,n03345487,n03345487/ILSVRC2012_val_00028536.JPEG
imagenet,n03345487,n03345487/ILSVRC2012_val_00029595.JPEG
imagenet,n03345487,n03345487/ILSVRC2012_val_00029847.JPEG
imagenet,n03345487,n03345487/ILSVRC2012_val_00031405.JPEG
imagenet,n03345487,n03345487/ILSVRC2012_val_00032745.JPEG
imagenet,n03345487,n03345487/ILSVRC2012_val_00034104.JPEG
imagenet,n03345487,n03345487/ILSVRC2012_val_00034340.JPEG
imagenet,n03345487,n03345487/ILSVRC2012_val_00036198.JPEG
imagenet,n03345487,n03345487/ILSVRC2012_val_00037232.JPEG
imagenet,n03345487,n03345487/ILSVRC2012_val_00039000.JPEG
imagenet,n03345487,n03345487/ILSVRC2012_val_00039248.JPEG
imagenet,n03345487,n03345487/ILSVRC2012_val_00039449.JPEG
imagenet,n03345487,n03345487/ILSVRC2012_val_00041256.JPEG
imagenet,n03345487,n03345487/ILSVRC2012_val_00043256.JPEG
imagenet,n03345487,n03345487/ILSVRC2012_val_00045592.JPEG
imagenet,n03345487,n03345487/ILSVRC2012_val_00046181.JPEG
imagenet,n03345487,n03345487/ILSVRC2012_val_00046909.JPEG
imagenet,n03345487,n03345487/ILSVRC2012_val_00047102.JPEG
imagenet,n03345487,n03345487/ILSVRC2012_val_00047461.JPEG
imagenet,n03345487,n03345487/ILSVRC2012_val_00047588.JPEG
imagenet,n03345487,n03345487/ILSVRC2012_val_00047888.JPEG
imagenet,n03345487,n03345487/ILSVRC2012_val_00048156.JPEG
imagenet,n03345487,n03345487/ILSVRC2012_val_00049032.JPEG
imagenet,n03372029,n03372029/ILSVRC2012_val_00000140.JPEG
imagenet,n03372029,n03372029/ILSVRC2012_val_00001896.JPEG
imagenet,n03372029,n03372029/ILSVRC2012_val_00002542.JPEG
imagenet,n03372029,n03372029/ILSVRC2012_val_00003736.JPEG
imagenet,n03372029,n03372029/ILSVRC2012_val_00003784.JPEG
imagenet,n03372029,n03372029/ILSVRC2012_val_00004099.JPEG
imagenet,n03372029,n03372029/ILSVRC2012_val_00005811.JPEG
imagenet,n03372029,n03372029/ILSVRC2012_val_00007291.JPEG
imagenet,n03372029,n03372029/ILSVRC2012_val_00007509.JPEG
imagenet,n03372029,n03372029/ILSVRC2012_val_00008240.JPEG
imagenet,n03372029,n03372029/ILSVRC2012_val_00008540.JPEG
imagenet,n03372029,n03372029/ILSVRC2012_val_00009395.JPEG
imagenet,n03372029,n03372029/ILSVRC2012_val_00011201.JPEG
imagenet,n03372029,n03372029/ILSVRC2012_val_00011785.JPEG
imagenet,n03372029,n03372029/ILSVRC2012_val_00012350.JPEG
imagenet,n03372029,n03372029/ILSVRC2012_val_00012821.JPEG
imagenet,n03372029,n03372029/ILSVRC2012_val_00012964.JPEG
imagenet,n03372029,n03372029/ILSVRC2012_val_00013537.JPEG
imagenet,n03372029,n03372029/ILSVRC2012_val_00013749.JPEG
imagenet,n03372029,n03372029/ILSVRC2012_val_00014407.JPEG
imagenet,n03372029,n03372029/ILSVRC2012_val_00014577.JPEG
imagenet,n03372029,n03372029/ILSVRC2012_val_00016025.JPEG
imagenet,n03372029,n03372029/ILSVRC2012_val_00018133.JPEG
imagenet,n03372029,n03372029/ILSVRC2012_val_00019375.JPEG
imagenet,n03372029,n03372029/ILSVRC2012_val_00021414.JPEG
imagenet,n03372029,n03372029/ILSVRC2012_val_00021856.JPEG
imagenet,n03372029,n03372029/ILSVRC2012_val_00022013.JPEG
imagenet,n03372029,n03372029/ILSVRC2012_val_00023506.JPEG
imagenet,n03372029,n03372029/ILSVRC2012_val_00023610.JPEG
imagenet,n03372029,n03372029/ILSVRC2012_val_00025781.JPEG
imagenet,n03372029,n03372029/ILSVRC2012_val_00026483.JPEG
imagenet,n03372029,n03372029/ILSVRC2012_val_00026960.JPEG
imagenet,n03372029,n03372029/ILSVRC2012_val_00028005.JPEG
imagenet,n03372029,n03372029/ILSVRC2012_val_00028591.JPEG
imagenet,n03372029,n03372029/ILSVRC2012_val_00028648.JPEG
imagenet,n03372029,n03372029/ILSVRC2012_val_00029188.JPEG
imagenet,n03372029,n03372029/ILSVRC2012_val_00031149.JPEG
imagenet,n03372029,n03372029/ILSVRC2012_val_00031790.JPEG
imagenet,n03372029,n03372029/ILSVRC2012_val_00034642.JPEG
imagenet,n03372029,n03372029/ILSVRC2012_val_00034937.JPEG
imagenet,n03372029,n03372029/ILSVRC2012_val_00037468.JPEG
imagenet,n03372029,n03372029/ILSVRC2012_val_00037909.JPEG
imagenet,n03372029,n03372029/ILSVRC2012_val_00040369.JPEG
imagenet,n03372029,n03372029/ILSVRC2012_val_00041986.JPEG
imagenet,n03372029,n03372029/ILSVRC2012_val_00043562.JPEG
imagenet,n03372029,n03372029/ILSVRC2012_val_00044942.JPEG
imagenet,n03372029,n03372029/ILSVRC2012_val_00046205.JPEG
imagenet,n03372029,n03372029/ILSVRC2012_val_00047537.JPEG
imagenet,n03372029,n03372029/ILSVRC2012_val_00048013.JPEG
imagenet,n03372029,n03372029/ILSVRC2012_val_00048122.JPEG
imagenet,n03424325,n03424325/ILSVRC2012_val_00002290.JPEG
imagenet,n03424325,n03424325/ILSVRC2012_val_00005055.JPEG
imagenet,n03424325,n03424325/ILSVRC2012_val_00005566.JPEG
imagenet,n03424325,n03424325/ILSVRC2012_val_00005630.JPEG
imagenet,n03424325,n03424325/ILSVRC2012_val_00006147.JPEG
imagenet,n03424325,n03424325/ILSVRC2012_val_00007166.JPEG
imagenet,n03424325,n03424325/ILSVRC2012_val_00007659.JPEG
imagenet,n03424325,n03424325/ILSVRC2012_val_00007669.JPEG
imagenet,n03424325,n03424325/ILSVRC2012_val_00008355.JPEG
imagenet,n03424325,n03424325/ILSVRC2012_val_00009315.JPEG
imagenet,n03424325,n03424325/ILSVRC2012_val_00009479.JPEG
imagenet,n03424325,n03424325/ILSVRC2012_val_00009506.JPEG
imagenet,n03424325,n03424325/ILSVRC2012_val_00009685.JPEG
imagenet,n03424325,n03424325/ILSVRC2012_val_00009791.JPEG
imagenet,n03424325,n03424325/ILSVRC2012_val_00011486.JPEG
imagenet,n03424325,n03424325/ILSVRC2012_val_00011700.JPEG
imagenet,n03424325,n03424325/ILSVRC2012_val_00012981.JPEG
imagenet,n03424325,n03424325/ILSVRC2012_val_00013630.JPEG
imagenet,n03424325,n03424325/ILSVRC2012_val_00014992.JPEG
imagenet,n03424325,n03424325/ILSVRC2012_val_00015369.JPEG
imagenet,n03424325,n03424325/ILSVRC2012_val_00016675.JPEG
imagenet,n03424325,n03424325/ILSVRC2012_val_00017033.JPEG
imagenet,n03424325,n03424325/ILSVRC2012_val_00017928.JPEG
imagenet,n03424325,n03424325/ILSVRC2012_val_00018376.JPEG
imagenet,n03424325,n03424325/ILSVRC2012_val_00018874.JPEG
imagenet,n03424325,n03424325/ILSVRC2012_val_00021850.JPEG
imagenet,n03424325,n03424325/ILSVRC2012_val_00023123.JPEG
imagenet,n03424325,n03424325/ILSVRC2012_val_00023141.JPEG
imagenet,n03424325,n03424325/ILSVRC2012_val_00023331.JPEG
imagenet,n03424325,n03424325/ILSVRC2012_val_00025425.JPEG
imagenet,n03424325,n03424325/ILSVRC2012_val_00026832.JPEG
imagenet,n03424325,n03424325/ILSVRC2012_val_00026931.JPEG
imagenet,n03424325,n03424325/ILSVRC2012_val_00027495.JPEG
imagenet,n03424325,n03424325/ILSVRC2012_val_00027617.JPEG
imagenet,n03424325,n03424325/ILSVRC2012_val_00027964.JPEG
imagenet,n03424325,n03424325/ILSVRC2012_val_00028515.JPEG
imagenet,n03424325,n03424325/ILSVRC2012_val_00029263.JPEG
imagenet,n03424325,n03424325/ILSVRC2012_val_00031677.JPEG
imagenet,n03424325,n03424325/ILSVRC2012_val_00034204.JPEG
imagenet,n03424325,n03424325/ILSVRC2012_val_00035533.JPEG
imagenet,n03424325,n03424325/ILSVRC2012_val_00036432.JPEG
imagenet,n03424325,n03424325/ILSVRC2012_val_00036966.JPEG
imagenet,n03424325,n03424325/ILSVRC2012_val_00039279.JPEG
imagenet,n03424325,n03424325/ILSVRC2012_val_00040202.JPEG
imagenet,n03424325,n03424325/ILSVRC2012_val_00040636.JPEG
imagenet,n03424325,n03424325/ILSVRC2012_val_00043184.JPEG
imagenet,n03424325,n03424325/ILSVRC2012_val_00043389.JPEG
imagenet,n03424325,n03424325/ILSVRC2012_val_00043852.JPEG
imagenet,n03424325,n03424325/ILSVRC2012_val_00047935.JPEG
imagenet,n03424325,n03424325/ILSVRC2012_val_00048697.JPEG
imagenet,n03452741,n03452741/ILSVRC2012_val_00000662.JPEG
imagenet,n03452741,n03452741/ILSVRC2012_val_00001017.JPEG
imagenet,n03452741,n03452741/ILSVRC2012_val_00002690.JPEG
imagenet,n03452741,n03452741/ILSVRC2012_val_00003889.JPEG
imagenet,n03452741,n03452741/ILSVRC2012_val_00006036.JPEG
imagenet,n03452741,n03452741/ILSVRC2012_val_00007450.JPEG
imagenet,n03452741,n03452741/ILSVRC2012_val_00007940.JPEG
imagenet,n03452741,n03452741/ILSVRC2012_val_00008996.JPEG
imagenet,n03452741,n03452741/ILSVRC2012_val_00010820.JPEG
imagenet,n03452741,n03452741/ILSVRC2012_val_00010946.JPEG
imagenet,n03452741,n03452741/ILSVRC2012_val_00011986.JPEG
imagenet,n03452741,n03452741/ILSVRC2012_val_00012694.JPEG
imagenet,n03452741,n03452741/ILSVRC2012_val_00012805.JPEG
imagenet,n03452741,n03452741/ILSVRC2012_val_00013298.JPEG
imagenet,n03452741,n03452741/ILSVRC2012_val_00013511.JPEG
imagenet,n03452741,n03452741/ILSVRC2012_val_00016165.JPEG
imagenet,n03452741,n03452741/ILSVRC2012_val_00016899.JPEG
imagenet,n03452741,n03452741/ILSVRC2012_val_00018721.JPEG
imagenet,n03452741,n03452741/ILSVRC2012_val_00018954.JPEG
imagenet,n03452741,n03452741/ILSVRC2012_val_00019981.JPEG
imagenet,n03452741,n03452741/ILSVRC2012_val_00020252.JPEG
imagenet,n03452741,n03452741/ILSVRC2012_val_00020812.JPEG
imagenet,n03452741,n03452741/ILSVRC2012_val_00021188.JPEG
imagenet,n03452741,n03452741/ILSVRC2012_val_00021190.JPEG
imagenet,n03452741,n03452741/ILSVRC2012_val_00021661.JPEG
imagenet,n03452741,n03452741/ILSVRC2012_val_00021695.JPEG
imagenet,n03452741,n03452741/ILSVRC2012_val_00022718.JPEG
imagenet,n03452741,n03452741/ILSVRC2012_val_00025572.JPEG
imagenet,n03452741,n03452741/ILSVRC2012_val_00025854.JPEG
imagenet,n03452741,n03452741/ILSVRC2012_val_00026127.JPEG
imagenet,n03452741,n03452741/ILSVRC2012_val_00028144.JPEG
imagenet,n03452741,n03452741/ILSVRC2012_val_00028207.JPEG
imagenet,n03452741,n03452741/ILSVRC2012_val_00028864.JPEG
imagenet,n03452741,n03452741/ILSVRC2012_val_00029142.JPEG
imagenet,n03452741,n03452741/ILSVRC2012_val_00029617.JPEG
imagenet,n03452741,n03452741/ILSVRC2012_val_00029952.JPEG
imagenet,n03452741,n03452741/ILSVRC2012_val_00032387.JPEG
imagenet,n03452741,n03452741/ILSVRC2012_val_00032753.JPEG
imagenet,n03452741,n03452741/ILSVRC2012_val_00033366.JPEG
imagenet,n03452741,n03452741/ILSVRC2012_val_00034400.JPEG
imagenet,n03452741,n03452741/ILSVRC2012_val_00034629.JPEG
imagenet,n03452741,n03452741/ILSVRC2012_val_00035196.JPEG
imagenet,n03452741,n03452741/ILSVRC2012_val_00037045.JPEG
imagenet,n03452741,n03452741/ILSVRC2012_val_00037936.JPEG
imagenet,n03452741,n03452741/ILSVRC2012_val_00039714.JPEG
imagenet,n03452741,n03452741/ILSVRC2012_val_00039717.JPEG
imagenet,n03452741,n03452741/ILSVRC2012_val_00043659.JPEG
imagenet,n03452741,n03452741/ILSVRC2012_val_00043735.JPEG
imagenet,n03452741,n03452741/ILSVRC2012_val_00047672.JPEG
imagenet,n03452741,n03452741/ILSVRC2012_val_00048755.JPEG
imagenet,n03467068,n03467068/ILSVRC2012_val_00000169.JPEG
imagenet,n03467068,n03467068/ILSVRC2012_val_00001841.JPEG
imagenet,n03467068,n03467068/ILSVRC2012_val_00001996.JPEG
imagenet,n03467068,n03467068/ILSVRC2012_val_00002218.JPEG
imagenet,n03467068,n03467068/ILSVRC2012_val_00006707.JPEG
imagenet,n03467068,n03467068/ILSVRC2012_val_00007208.JPEG
imagenet,n03467068,n03467068/ILSVRC2012_val_00009700.JPEG
imagenet,n03467068,n03467068/ILSVRC2012_val_00009931.JPEG
imagenet,n03467068,n03467068/ILSVRC2012_val_00010095.JPEG
imagenet,n03467068,n03467068/ILSVRC2012_val_00010625.JPEG
imagenet,n03467068,n03467068/ILSVRC2012_val_00011622.JPEG
imagenet,n03467068,n03467068/ILSVRC2012_val_00012225.JPEG
imagenet,n03467068,n03467068/ILSVRC2012_val_00013057.JPEG
imagenet,n03467068,n03467068/ILSVRC2012_val_00013177.JPEG
imagenet,n03467068,n03467068/ILSVRC2012_val_00014231.JPEG
imagenet,n03467068,n03467068/ILSVRC2012_val_00015497.JPEG
imagenet,n03467068,n03467068/ILSVRC2012_val_00015630.JPEG
imagenet,n03467068,n03467068/ILSVRC2012_val_00016424.JPEG
imagenet,n03467068,n03467068/ILSVRC2012_val_00016636.JPEG
imagenet,n03467068,n03467068/ILSVRC2012_val_00017122.JPEG
imagenet,n03467068,n03467068/ILSVRC2012_val_00018621.JPEG
imagenet,n03467068,n03467068/ILSVRC2012_val_00019332.JPEG
imagenet,n03467068,n03467068/ILSVRC2012_val_00019416.JPEG
imagenet,n03467068,n03467068/ILSVRC2012_val_00020240.JPEG
imagenet,n03467068,n03467068/ILSVRC2012_val_00020435.JPEG
imagenet,n03467068,n03467068/ILSVRC2012_val_00020984.JPEG
imagenet,n03467068,n03467068/ILSVRC2012_val_00021434.JPEG
imagenet,n03467068,n03467068/ILSVRC2012_val_00026034.JPEG
imagenet,n03467068,n03467068/ILSVRC2012_val_00028668.JPEG
imagenet,n03467068,n03467068/ILSVRC2012_val_00029694.JPEG
imagenet,n03467068,n03467068/ILSVRC2012_val_00031264.JPEG
imagenet,n03467068,n03467068/ILSVRC2012_val_00035431.JPEG
imagenet,n03467068,n03467068/ILSVRC2012_val_00038559.JPEG
imagenet,n03467068,n03467068/ILSVRC2012_val_00039679.JPEG
imagenet,n03467068,n03467068/ILSVRC2012_val_00041424.JPEG
imagenet,n03467068,n03467068/ILSVRC2012_val_00042452.JPEG
imagenet,n03467068,n03467068/ILSVRC2012_val_00042555.JPEG
imagenet,n03467068,n03467068/ILSVRC2012_val_00042875.JPEG
imagenet,n03467068,n03467068/ILSVRC2012_val_00043020.JPEG
imagenet,n03467068,n03467068/ILSVRC2012_val_00044304.JPEG
imagenet,n03467068,n03467068/ILSVRC2012_val_00044502.JPEG
imagenet,n03467068,n03467068/ILSVRC2012_val_00044525.JPEG
imagenet,n03467068,n03467068/ILSVRC2012_val_00044967.JPEG
imagenet,n03467068,n03467068/ILSVRC2012_val_00047008.JPEG
imagenet,n03467068,n03467068/ILSVRC2012_val_00047256.JPEG
imagenet,n03467068,n03467068/ILSVRC2012_val_00048005.JPEG
imagenet,n03467068,n03467068/ILSVRC2012_val_00048878.JPEG
imagenet,n03467068,n03467068/ILSVRC2012_val_00049842.JPEG
imagenet,n03467068,n03467068/ILSVRC2012_val_00049891.JPEG
imagenet,n03467068,n03467068/ILSVRC2012_val_00049971.JPEG
imagenet,n03481172,n03481172/ILSVRC2012_val_00000887.JPEG
imagenet,n03481172,n03481172/ILSVRC2012_val_00001110.JPEG
imagenet,n03481172,n03481172/ILSVRC2012_val_00001591.JPEG
imagenet,n03481172,n03481172/ILSVRC2012_val_00003387.JPEG
imagenet,n03481172,n03481172/ILSVRC2012_val_00006198.JPEG
imagenet,n03481172,n03481172/ILSVRC2012_val_00007391.JPEG
imagenet,n03481172,n03481172/ILSVRC2012_val_00007907.JPEG
imagenet,n03481172,n03481172/ILSVRC2012_val_00009070.JPEG
imagenet,n03481172,n03481172/ILSVRC2012_val_00009152.JPEG
imagenet,n03481172,n03481172/ILSVRC2012_val_00009914.JPEG
imagenet,n03481172,n03481172/ILSVRC2012_val_00010847.JPEG
imagenet,n03481172,n03481172/ILSVRC2012_val_00013413.JPEG
imagenet,n03481172,n03481172/ILSVRC2012_val_00015583.JPEG
imagenet,n03481172,n03481172/ILSVRC2012_val_00015880.JPEG
imagenet,n03481172,n03481172/ILSVRC2012_val_00015962.JPEG
imagenet,n03481172,n03481172/ILSVRC2012_val_00017320.JPEG
imagenet,n03481172,n03481172/ILSVRC2012_val_00017376.JPEG
imagenet,n03481172,n03481172/ILSVRC2012_val_00017991.JPEG
imagenet,n03481172,n03481172/ILSVRC2012_val_00018822.JPEG
imagenet,n03481172,n03481172/ILSVRC2012_val_00020314.JPEG
imagenet,n03481172,n03481172/ILSVRC2012_val_00020721.JPEG
imagenet,n03481172,n03481172/ILSVRC2012_val_00021070.JPEG
imagenet,n03481172,n03481172/ILSVRC2012_val_00024402.JPEG
imagenet,n03481172,n03481172/ILSVRC2012_val_00024424.JPEG
imagenet,n03481172,n03481172/ILSVRC2012_val_00024678.JPEG
imagenet,n03481172,n03481172/ILSVRC2012_val_00025034.JPEG
imagenet,n03481172,n03481172/ILSVRC2012_val_00025789.JPEG
imagenet,n03481172,n03481172/ILSVRC2012_val_00026527.JPEG
imagenet,n03481172,n03481172/ILSVRC2012_val_00026993.JPEG
imagenet,n03481172,n03481172/ILSVRC2012_val_00027296.JPEG
imagenet,n03481172,n03481172/ILSVRC2012_val_00028069.JPEG
imagenet,n03481172,n03481172/ILSVRC2012_val_00028474.JPEG
imagenet,n03481172,n03481172/ILSVRC2012_val_00029860.JPEG
imagenet,n03481172,n03481172/ILSVRC2012_val_00032002.JPEG
imagenet,n03481172,n03481172/ILSVRC2012_val_00032084.JPEG
imagenet,n03481172,n03481172/ILSVRC2012_val_00032972.JPEG
imagenet,n03481172,n03481172/ILSVRC2012_val_00037086.JPEG
imagenet,n03481172,n03481172/ILSVRC2012_val_00037956.JPEG
imagenet,n03481172,n03481172/ILSVRC2012_val_00038221.JPEG
imagenet,n03481172,n03481172/ILSVRC2012_val_00039315.JPEG
imagenet,n03481172,n03481172/ILSVRC2012_val_00041876.JPEG
imagenet,n03481172,n03481172/ILSVRC2012_val_00042543.JPEG
imagenet,n03481172,n03481172/ILSVRC2012_val_00044583.JPEG
imagenet,n03481172,n03481172/ILSVRC2012_val_00044928.JPEG
imagenet,n03481172,n03481172/ILSVRC2012_val_00045142.JPEG
imagenet,n03481172,n03481172/ILSVRC2012_val_00045395.JPEG
imagenet,n03481172,n03481172/ILSVRC2012_val_00045767.JPEG
imagenet,n03481172,n03481172/ILSVRC2012_val_00047166.JPEG
imagenet,n03481172,n03481172/ILSVRC2012_val_00049008.JPEG
imagenet,n03481172,n03481172/ILSVRC2012_val_00049491.JPEG
imagenet,n03494278,n03494278/ILSVRC2012_val_00001030.JPEG
imagenet,n03494278,n03494278/ILSVRC2012_val_00001367.JPEG
imagenet,n03494278,n03494278/ILSVRC2012_val_00001605.JPEG
imagenet,n03494278,n03494278/ILSVRC2012_val_00002429.JPEG
imagenet,n03494278,n03494278/ILSVRC2012_val_00003246.JPEG
imagenet,n03494278,n03494278/ILSVRC2012_val_00003436.JPEG
imagenet,n03494278,n03494278/ILSVRC2012_val_00004948.JPEG
imagenet,n03494278,n03494278/ILSVRC2012_val_00007924.JPEG
imagenet,n03494278,n03494278/ILSVRC2012_val_00008328.JPEG
imagenet,n03494278,n03494278/ILSVRC2012_val_00012208.JPEG
imagenet,n03494278,n03494278/ILSVRC2012_val_00013477.JPEG
imagenet,n03494278,n03494278/ILSVRC2012_val_00013904.JPEG
imagenet,n03494278,n03494278/ILSVRC2012_val_00015067.JPEG
imagenet,n03494278,n03494278/ILSVRC2012_val_00015448.JPEG
imagenet,n03494278,n03494278/ILSVRC2012_val_00016322.JPEG
imagenet,n03494278,n03494278/ILSVRC2012_val_00017256.JPEG
imagenet,n03494278,n03494278/ILSVRC2012_val_00017366.JPEG
imagenet,n03494278,n03494278/ILSVRC2012_val_00018302.JPEG
imagenet,n03494278,n03494278/ILSVRC2012_val_00018565.JPEG
imagenet,n03494278,n03494278/ILSVRC2012_val_00018926.JPEG
imagenet,n03494278,n03494278/ILSVRC2012_val_00019269.JPEG
imagenet,n03494278,n03494278/ILSVRC2012_val_00019343.JPEG
imagenet,n03494278,n03494278/ILSVRC2012_val_00021005.JPEG
imagenet,n03494278,n03494278/ILSVRC2012_val_00022564.JPEG
imagenet,n03494278,n03494278/ILSVRC2012_val_00023742.JPEG
imagenet,n03494278,n03494278/ILSVRC2012_val_00024537.JPEG
imagenet,n03494278,n03494278/ILSVRC2012_val_00025189.JPEG
imagenet,n03494278,n03494278/ILSVRC2012_val_00027607.JPEG
imagenet,n03494278,n03494278/ILSVRC2012_val_00028082.JPEG
imagenet,n03494278,n03494278/ILSVRC2012_val_00028872.JPEG
imagenet,n03494278,n03494278/ILSVRC2012_val_00029729.JPEG
imagenet,n03494278,n03494278/ILSVRC2012_val_00030826.JPEG
imagenet,n03494278,n03494278/ILSVRC2012_val_00031028.JPEG
imagenet,n03494278,n03494278/ILSVRC2012_val_00031725.JPEG
imagenet,n03494278,n03494278/ILSVRC2012_val_00032221.JPEG
imagenet,n03494278,n03494278/ILSVRC2012_val_00034032.JPEG
imagenet,n03494278,n03494278/ILSVRC2012_val_00034610.JPEG
imagenet,n03494278,n03494278/ILSVRC2012_val_00035637.JPEG
imagenet,n03494278,n03494278/ILSVRC2012_val_00037603.JPEG
imagenet,n03494278,n03494278/ILSVRC2012_val_00038228.JPEG
imagenet,n03494278,n03494278/ILSVRC2012_val_00039798.JPEG
imagenet,n03494278,n03494278/ILSVRC2012_val_00040271.JPEG
imagenet,n03494278,n03494278/ILSVRC2012_val_00043602.JPEG
imagenet,n03494278,n03494278/ILSVRC2012_val_00043892.JPEG
imagenet,n03494278,n03494278/ILSVRC2012_val_00044420.JPEG
imagenet,n03494278,n03494278/ILSVRC2012_val_00045478.JPEG
imagenet,n03494278,n03494278/ILSVRC2012_val_00046506.JPEG
imagenet,n03494278,n03494278/ILSVRC2012_val_00046633.JPEG
imagenet,n03494278,n03494278/ILSVRC2012_val_00048699.JPEG
imagenet,n03494278,n03494278/ILSVRC2012_val_00048826.JPEG
imagenet,n03495258,n03495258/ILSVRC2012_val_00000448.JPEG
imagenet,n03495258,n03495258/ILSVRC2012_val_00002209.JPEG
imagenet,n03495258,n03495258/ILSVRC2012_val_00003669.JPEG
imagenet,n03495258,n03495258/ILSVRC2012_val_00004954.JPEG
imagenet,n03495258,n03495258/ILSVRC2012_val_00006832.JPEG
imagenet,n03495258,n03495258/ILSVRC2012_val_00008462.JPEG
imagenet,n03495258,n03495258/ILSVRC2012_val_00008995.JPEG
imagenet,n03495258,n03495258/ILSVRC2012_val_00009134.JPEG
imagenet,n03495258,n03495258/ILSVRC2012_val_00009425.JPEG
imagenet,n03495258,n03495258/ILSVRC2012_val_00010540.JPEG
imagenet,n03495258,n03495258/ILSVRC2012_val_00010855.JPEG
imagenet,n03495258,n03495258/ILSVRC2012_val_00014569.JPEG
imagenet,n03495258,n03495258/ILSVRC2012_val_00015768.JPEG
imagenet,n03495258,n03495258/ILSVRC2012_val_00015833.JPEG
imagenet,n03495258,n03495258/ILSVRC2012_val_00016855.JPEG
imagenet,n03495258,n03495258/ILSVRC2012_val_00016877.JPEG
imagenet,n03495258,n03495258/ILSVRC2012_val_00019556.JPEG
imagenet,n03495258,n03495258/ILSVRC2012_val_00020312.JPEG
imagenet,n03495258,n03495258/ILSVRC2012_val_00021401.JPEG
imagenet,n03495258,n03495258/ILSVRC2012_val_00022015.JPEG
imagenet,n03495258,n03495258/ILSVRC2012_val_00023475.JPEG
imagenet,n03495258,n03495258/ILSVRC2012_val_00025194.JPEG
imagenet,n03495258,n03495258/ILSVRC2012_val_00027190.JPEG
imagenet,n03495258,n03495258/ILSVRC2012_val_00028762.JPEG
imagenet,n03495258,n03495258/ILSVRC2012_val_00030189.JPEG
imagenet,n03495258,n03495258/ILSVRC2012_val_00030237.JPEG
imagenet,n03495258,n03495258/ILSVRC2012_val_00030551.JPEG
imagenet,n03495258,n03495258/ILSVRC2012_val_00030996.JPEG
imagenet,n03495258,n03495258/ILSVRC2012_val_00032719.JPEG
imagenet,n03495258,n03495258/ILSVRC2012_val_00034624.JPEG
imagenet,n03495258,n03495258/ILSVRC2012_val_00035032.JPEG
imagenet,n03495258,n03495258/ILSVRC2012_val_00036786.JPEG
imagenet,n03495258,n03495258/ILSVRC2012_val_00037094.JPEG
imagenet,n03495258,n03495258/ILSVRC2012_val_00038244.JPEG
imagenet,n03495258,n03495258/ILSVRC2012_val_00039186.JPEG
imagenet,n03495258,n03495258/ILSVRC2012_val_00039792.JPEG
imagenet,n03495258,n03495258/ILSVRC2012_val_00040085.JPEG
imagenet,n03495258,n03495258/ILSVRC2012_val_00040680.JPEG
imagenet,n03495258,n03495258/ILSVRC2012_val_00041694.JPEG
imagenet,n03495258,n03495258/ILSVRC2012_val_00042353.JPEG
imagenet,n03495258,n03495258/ILSVRC2012_val_00042991.JPEG
imagenet,n03495258,n03495258/ILSVRC2012_val_00043409.JPEG
imagenet,n03495258,n03495258/ILSVRC2012_val_00043468.JPEG
imagenet,n03495258,n03495258/ILSVRC2012_val_00044278.JPEG
imagenet,n03495258,n03495258/ILSVRC2012_val_00044541.JPEG
imagenet,n03495258,n03495258/ILSVRC2012_val_00046910.JPEG
imagenet,n03495258,n03495258/ILSVRC2012_val_00047550.JPEG
imagenet,n03495258,n03495258/ILSVRC2012_val_00048034.JPEG
imagenet,n03495258,n03495258/ILSVRC2012_val_00049493.JPEG
imagenet,n03495258,n03495258/ILSVRC2012_val_00049593.JPEG
imagenet,n03498962,n03498962/ILSVRC2012_val_00002436.JPEG
imagenet,n03498962,n03498962/ILSVRC2012_val_00002588.JPEG
imagenet,n03498962,n03498962/ILSVRC2012_val_00003307.JPEG
imagenet,n03498962,n03498962/ILSVRC2012_val_00004068.JPEG
imagenet,n03498962,n03498962/ILSVRC2012_val_00004846.JPEG
imagenet,n03498962,n03498962/ILSVRC2012_val_00005550.JPEG
imagenet,n03498962,n03498962/ILSVRC2012_val_00007225.JPEG
imagenet,n03498962,n03498962/ILSVRC2012_val_00009028.JPEG
imagenet,n03498962,n03498962/ILSVRC2012_val_00011994.JPEG
imagenet,n03498962,n03498962/ILSVRC2012_val_00012745.JPEG
imagenet,n03498962,n03498962/ILSVRC2012_val_00013140.JPEG
imagenet,n03498962,n03498962/ILSVRC2012_val_00015079.JPEG
imagenet,n03498962,n03498962/ILSVRC2012_val_00016204.JPEG
imagenet,n03498962,n03498962/ILSVRC2012_val_00016914.JPEG
imagenet,n03498962,n03498962/ILSVRC2012_val_00017118.JPEG
imagenet,n03498962,n03498962/ILSVRC2012_val_00017235.JPEG
imagenet,n03498962,n03498962/ILSVRC2012_val_00017263.JPEG
imagenet,n03498962,n03498962/ILSVRC2012_val_00017784.JPEG
imagenet,n03498962,n03498962/ILSVRC2012_val_00020887.JPEG
imagenet,n03498962,n03498962/ILSVRC2012_val_00021304.JPEG
imagenet,n03498962,n03498962/ILSVRC2012_val_00021394.JPEG
imagenet,n03498962,n03498962/ILSVRC2012_val_00023035.JPEG
imagenet,n03498962,n03498962/ILSVRC2012_val_00023332.JPEG
imagenet,n03498962,n03498962/ILSVRC2012_val_00023600.JPEG
imagenet,n03498962,n03498962/ILSVRC2012_val_00025619.JPEG
imagenet,n03498962,n03498962/ILSVRC2012_val_00027332.JPEG
imagenet,n03498962,n03498962/ILSVRC2012_val_00028576.JPEG
imagenet,n03498962,n03498962/ILSVRC2012_val_00030655.JPEG
imagenet,n03498962,n03498962/ILSVRC2012_val_00030666.JPEG
imagenet,n03498962,n03498962/ILSVRC2012_val_00031055.JPEG
imagenet,n03498962,n03498962/ILSVRC2012_val_00031367.JPEG
imagenet,n03498962,n03498962/ILSVRC2012_val_00031710.JPEG
imagenet,n03498962,n03498962/ILSVRC2012_val_00032228.JPEG
imagenet,n03498962,n03498962/ILSVRC2012_val_00032383.JPEG
imagenet,n03498962,n03498962/ILSVRC2012_val_00032709.JPEG
imagenet,n03498962,n03498962/ILSVRC2012_val_00033954.JPEG
imagenet,n03498962,n03498962/ILSVRC2012_val_00034911.JPEG
imagenet,n03498962,n03498962/ILSVRC2012_val_00038419.JPEG
imagenet,n03498962,n03498962/ILSVRC2012_val_00040211.JPEG
imagenet,n03498962,n03498962/ILSVRC2012_val_00040559.JPEG
imagenet,n03498962,n03498962/ILSVRC2012_val_00040931.JPEG
imagenet,n03498962,n03498962/ILSVRC2012_val_00041312.JPEG
imagenet,n03498962,n03498962/ILSVRC2012_val_00041471.JPEG
imagenet,n03498962,n03498962/ILSVRC2012_val_00042039.JPEG
imagenet,n03498962,n03498962/ILSVRC2012_val_00044873.JPEG
imagenet,n03498962,n03498962/ILSVRC2012_val_00045508.JPEG
imagenet,n03498962,n03498962/ILSVRC2012_val_00046192.JPEG
imagenet,n03498962,n03498962/ILSVRC2012_val_00047210.JPEG
imagenet,n03498962,n03498962/ILSVRC2012_val_00047673.JPEG
imagenet,n03498962,n03498962/ILSVRC2012_val_00047936.JPEG
imagenet,n03594945,n03594945/ILSVRC2012_val_00000659.JPEG
imagenet,n03594945,n03594945/ILSVRC2012_val_00003945.JPEG
imagenet,n03594945,n03594945/ILSVRC2012_val_00004439.JPEG
imagenet,n03594945,n03594945/ILSVRC2012_val_00005147.JPEG
imagenet,n03594945,n03594945/ILSVRC2012_val_00005302.JPEG
imagenet,n03594945,n03594945/ILSVRC2012_val_00006062.JPEG
imagenet,n03594945,n03594945/ILSVRC2012_val_00006530.JPEG
imagenet,n03594945,n03594945/ILSVRC2012_val_00007064.JPEG
imagenet,n03594945,n03594945/ILSVRC2012_val_00008065.JPEG
imagenet,n03594945,n03594945/ILSVRC2012_val_00008382.JPEG
imagenet,n03594945,n03594945/ILSVRC2012_val_00008383.JPEG
imagenet,n03594945,n03594945/ILSVRC2012_val_00009983.JPEG
imagenet,n03594945,n03594945/ILSVRC2012_val_00011656.JPEG
imagenet,n03594945,n03594945/ILSVRC2012_val_00012806.JPEG
imagenet,n03594945,n03594945/ILSVRC2012_val_00013517.JPEG
imagenet,n03594945,n03594945/ILSVRC2012_val_00013993.JPEG
imagenet,n03594945,n03594945/ILSVRC2012_val_00014198.JPEG
imagenet,n03594945,n03594945/ILSVRC2012_val_00014841.JPEG
imagenet,n03594945,n03594945/ILSVRC2012_val_00015187.JPEG
imagenet,n03594945,n03594945/ILSVRC2012_val_00016456.JPEG
imagenet,n03594945,n03594945/ILSVRC2012_val_00017611.JPEG
imagenet,n03594945,n03594945/ILSVRC2012_val_00017847.JPEG
imagenet,n03594945,n03594945/ILSVRC2012_val_00018237.JPEG
imagenet,n03594945,n03594945/ILSVRC2012_val_00018474.JPEG
imagenet,n03594945,n03594945/ILSVRC2012_val_00019410.JPEG
imagenet,n03594945,n03594945/ILSVRC2012_val_00019509.JPEG
imagenet,n03594945,n03594945/ILSVRC2012_val_00019731.JPEG
imagenet,n03594945,n03594945/ILSVRC2012_val_00019849.JPEG
imagenet,n03594945,n03594945/ILSVRC2012_val_00020829.JPEG
imagenet,n03594945,n03594945/ILSVRC2012_val_00022261.JPEG
imagenet,n03594945,n03594945/ILSVRC2012_val_00023427.JPEG
imagenet,n03594945,n03594945/ILSVRC2012_val_00023599.JPEG
imagenet,n03594945,n03594945/ILSVRC2012_val_00025834.JPEG
imagenet,n03594945,n03594945/ILSVRC2012_val_00025990.JPEG
imagenet,n03594945,n03594945/ILSVRC2012_val_00026466.JPEG
imagenet,n03594945,n03594945/ILSVRC2012_val_00028370.JPEG
imagenet,n03594945,n03594945/ILSVRC2012_val_00028405.JPEG
imagenet,n03594945,n03594945/ILSVRC2012_val_00029244.JPEG
imagenet,n03594945,n03594945/ILSVRC2012_val_00029922.JPEG
imagenet,n03594945,n03594945/ILSVRC2012_val_00033299.JPEG
imagenet,n03594945,n03594945/ILSVRC2012_val_00035162.JPEG
imagenet,n03594945,n03594945/ILSVRC2012_val_00036304.JPEG
imagenet,n03594945,n03594945/ILSVRC2012_val_00037128.JPEG
imagenet,n03594945,n03594945/ILSVRC2012_val_00039576.JPEG
imagenet,n03594945,n03594945/ILSVRC2012_val_00041175.JPEG
imagenet,n03594945,n03594945/ILSVRC2012_val_00041490.JPEG
imagenet,n03594945,n03594945/ILSVRC2012_val_00041895.JPEG
imagenet,n03594945,n03594945/ILSVRC2012_val_00044834.JPEG
imagenet,n03594945,n03594945/ILSVRC2012_val_00045779.JPEG
imagenet,n03594945,n03594945/ILSVRC2012_val_00047575.JPEG
imagenet,n03602883,n03602883/ILSVRC2012_val_00000969.JPEG
imagenet,n03602883,n03602883/ILSVRC2012_val_00001081.JPEG
imagenet,n03602883,n03602883/ILSVRC2012_val_00002195.JPEG
imagenet,n03602883,n03602883/ILSVRC2012_val_00003233.JPEG
imagenet,n03602883,n03602883/ILSVRC2012_val_00005124.JPEG
imagenet,n03602883,n03602883/ILSVRC2012_val_00005640.JPEG
imagenet,n03602883,n03602883/ILSVRC2012_val_00005657.JPEG
imagenet,n03602883,n03602883/ILSVRC2012_val_00005803.JPEG
imagenet,n03602883,n03602883/ILSVRC2012_val_00008424.JPEG
imagenet,n03602883,n03602883/ILSVRC2012_val_00010992.JPEG
imagenet,n03602883,n03602883/ILSVRC2012_val_00012134.JPEG
imagenet,n03602883,n03602883/ILSVRC2012_val_00013023.JPEG
imagenet,n03602883,n03602883/ILSVRC2012_val_00013421.JPEG
imagenet,n03602883,n03602883/ILSVRC2012_val_00015982.JPEG
imagenet,n03602883,n03602883/ILSVRC2012_val_00017448.JPEG
imagenet,n03602883,n03602883/ILSVRC2012_val_00017977.JPEG
imagenet,n03602883,n03602883/ILSVRC2012_val_00018272.JPEG
imagenet,n03602883,n03602883/ILSVRC2012_val_00021285.JPEG
imagenet,n03602883,n03602883/ILSVRC2012_val_00021732.JPEG
imagenet,n03602883,n03602883/ILSVRC2012_val_00022516.JPEG
imagenet,n03602883,n03602883/ILSVRC2012_val_00023768.JPEG
imagenet,n03602883,n03602883/ILSVRC2012_val_00024540.JPEG
imagenet,n03602883,n03602883/ILSVRC2012_val_00025203.JPEG
imagenet,n03602883,n03602883/ILSVRC2012_val_00025506.JPEG
imagenet,n03602883,n03602883/ILSVRC2012_val_00025597.JPEG
imagenet,n03602883,n03602883/ILSVRC2012_val_00027850.JPEG
imagenet,n03602883,n03602883/ILSVRC2012_val_00029516.JPEG
imagenet,n03602883,n03602883/ILSVRC2012_val_00030050.JPEG
imagenet,n03602883,n03602883/ILSVRC2012_val_00030988.JPEG
imagenet,n03602883,n03602883/ILSVRC2012_val_00031160.JPEG
imagenet,n03602883,n03602883/ILSVRC2012_val_00032873.JPEG
imagenet,n03602883,n03602883/ILSVRC2012_val_00033850.JPEG
imagenet,n03602883,n03602883/ILSVRC2012_val_00033970.JPEG
imagenet,n03602883,n03602883/ILSVRC2012_val_00035468.JPEG
imagenet,n03602883,n03602883/ILSVRC2012_val_00035904.JPEG
imagenet,n03602883,n03602883/ILSVRC2012_val_00036138.JPEG
imagenet,n03602883,n03602883/ILSVRC2012_val_00036241.JPEG
imagenet,n03602883,n03602883/ILSVRC2012_val_00036634.JPEG
imagenet,n03602883,n03602883/ILSVRC2012_val_00037927.JPEG
imagenet,n03602883,n03602883/ILSVRC2012_val_00039165.JPEG
imagenet,n03602883,n03602883/ILSVRC2012_val_00039677.JPEG
imagenet,n03602883,n03602883/ILSVRC2012_val_00040672.JPEG
imagenet,n03602883,n03602883/ILSVRC2012_val_00041198.JPEG
imagenet,n03602883,n03602883/ILSVRC2012_val_00042275.JPEG
imagenet,n03602883,n03602883/ILSVRC2012_val_00043096.JPEG
imagenet,n03602883,n03602883/ILSVRC2012_val_00044998.JPEG
imagenet,n03602883,n03602883/ILSVRC2012_val_00045113.JPEG
imagenet,n03602883,n03602883/ILSVRC2012_val_00045298.JPEG
imagenet,n03602883,n03602883/ILSVRC2012_val_00046851.JPEG
imagenet,n03602883,n03602883/ILSVRC2012_val_00047465.JPEG
imagenet,n03630383,n03630383/ILSVRC2012_val_00002627.JPEG
imagenet,n03630383,n03630383/ILSVRC2012_val_00002657.JPEG
imagenet,n03630383,n03630383/ILSVRC2012_val_00004189.JPEG
imagenet,n03630383,n03630383/ILSVRC2012_val_00004537.JPEG
imagenet,n03630383,n03630383/ILSVRC2012_val_00004726.JPEG
imagenet,n03630383,n03630383/ILSVRC2012_val_00007703.JPEG
imagenet,n03630383,n03630383/ILSVRC2012_val_00007859.JPEG
imagenet,n03630383,n03630383/ILSVRC2012_val_00009127.JPEG
imagenet,n03630383,n03630383/ILSVRC2012_val_00010469.JPEG
imagenet,n03630383,n03630383/ILSVRC2012_val_00011301.JPEG
imagenet,n03630383,n03630383/ILSVRC2012_val_00015323.JPEG
imagenet,n03630383,n03630383/ILSVRC2012_val_00016123.JPEG
imagenet,n03630383,n03630383/ILSVRC2012_val_00016305.JPEG
imagenet,n03630383,n03630383/ILSVRC2012_val_00016356.JPEG
imagenet,n03630383,n03630383/ILSVRC2012_val_00016958.JPEG
imagenet,n03630383,n03630383/ILSVRC2012_val_00018458.JPEG
imagenet,n03630383,n03630383/ILSVRC2012_val_00019359.JPEG
imagenet,n03630383,n03630383/ILSVRC2012_val_00019735.JPEG
imagenet,n03630383,n03630383/ILSVRC2012_val_00020085.JPEG
imagenet,n03630383,n03630383/ILSVRC2012_val_00020521.JPEG
imagenet,n03630383,n03630383/ILSVRC2012_val_00020570.JPEG
imagenet,n03630383,n03630383/ILSVRC2012_val_00021598.JPEG
imagenet,n03630383,n03630383/ILSVRC2012_val_00021852.JPEG
imagenet,n03630383,n03630383/ILSVRC2012_val_00022317.JPEG
imagenet,n03630383,n03630383/ILSVRC2012_val_00023509.JPEG
imagenet,n03630383,n03630383/ILSVRC2012_val_00023980.JPEG
imagenet,n03630383,n03630383/ILSVRC2012_val_00024199.JPEG
imagenet,n03630383,n03630383/ILSVRC2012_val_00026329.JPEG
imagenet,n03630383,n03630383/ILSVRC2012_val_00027847.JPEG
imagenet,n03630383,n03630383/ILSVRC2012_val_00028110.JPEG
imagenet,n03630383,n03630383/ILSVRC2012_val_00029815.JPEG
imagenet,n03630383,n03630383/ILSVRC2012_val_00030376.JPEG
imagenet,n03630383,n03630383/ILSVRC2012_val_00031104.JPEG
imagenet,n03630383,n03630383/ILSVRC2012_val_00032567.JPEG
imagenet,n03630383,n03630383/ILSVRC2012_val_00034841.JPEG
imagenet,n03630383,n03630383/ILSVRC2012_val_00036584.JPEG
imagenet,n03630383,n03630383/ILSVRC2012_val_00037355.JPEG
imagenet,n03630383,n03630383/ILSVRC2012_val_00037487.JPEG
imagenet,n03630383,n03630383/ILSVRC2012_val_00038063.JPEG
imagenet,n03630383,n03630383/ILSVRC2012_val_00039803.JPEG
imagenet,n03630383,n03630383/ILSVRC2012_val_00040416.JPEG
imagenet,n03630383,n03630383/ILSVRC2012_val_00040483.JPEG
imagenet,n03630383,n03630383/ILSVRC2012_val_00040554.JPEG
imagenet,n03630383,n03630383/ILSVRC2012_val_00041526.JPEG
imagenet,n03630383,n03630383/ILSVRC2012_val_00042984.JPEG
imagenet,n03630383,n03630383/ILSVRC2012_val_00045271.JPEG
imagenet,n03630383,n03630383/ILSVRC2012_val_00047559.JPEG
imagenet,n03630383,n03630383/ILSVRC2012_val_00048565.JPEG
imagenet,n03630383,n03630383/ILSVRC2012_val_00049178.JPEG
imagenet,n03630383,n03630383/ILSVRC2012_val_00049346.JPEG
imagenet,n03649909,n03649909/ILSVRC2012_val_00000384.JPEG
imagenet,n03649909,n03649909/ILSVRC2012_val_00001433.JPEG
imagenet,n03649909,n03649909/ILSVRC2012_val_00001446.JPEG
imagenet,n03649909,n03649909/ILSVRC2012_val_00001839.JPEG
imagenet,n03649909,n03649909/ILSVRC2012_val_00003483.JPEG
imagenet,n03649909,n03649909/ILSVRC2012_val_00005053.JPEG
imagenet,n03649909,n03649909/ILSVRC2012_val_00005246.JPEG
imagenet,n03649909,n03649909/ILSVRC2012_val_00005717.JPEG
imagenet,n03649909,n03649909/ILSVRC2012_val_00006009.JPEG
imagenet,n03649909,n03649909/ILSVRC2012_val_00006017.JPEG
imagenet,n03649909,n03649909/ILSVRC2012_val_00007358.JPEG
imagenet,n03649909,n03649909/ILSVRC2012_val_00009771.JPEG
imagenet,n03649909,n03649909/ILSVRC2012_val_00009937.JPEG
imagenet,n03649909,n03649909/ILSVRC2012_val_00010775.JPEG
imagenet,n03649909,n03649909/ILSVRC2012_val_00012061.JPEG
imagenet,n03649909,n03649909/ILSVRC2012_val_00012348.JPEG
imagenet,n03649909,n03649909/ILSVRC2012_val_00013162.JPEG
imagenet,n03649909,n03649909/ILSVRC2012_val_00017305.JPEG
imagenet,n03649909,n03649909/ILSVRC2012_val_00020327.JPEG
imagenet,n03649909,n03649909/ILSVRC2012_val_00021670.JPEG
imagenet,n03649909,n03649909/ILSVRC2012_val_00021870.JPEG
imagenet,n03649909,n03649909/ILSVRC2012_val_00022230.JPEG
imagenet,n03649909,n03649909/ILSVRC2012_val_00023077.JPEG
imagenet,n03649909,n03649909/ILSVRC2012_val_00025989.JPEG
imagenet,n03649909,n03649909/ILSVRC2012_val_00026117.JPEG
imagenet,n03649909,n03649909/ILSVRC2012_val_00026632.JPEG
imagenet,n03649909,n03649909/ILSVRC2012_val_00028728.JPEG
imagenet,n03649909,n03649909/ILSVRC2012_val_00029405.JPEG
imagenet,n03649909,n03649909/ILSVRC2012_val_00029725.JPEG
imagenet,n03649909,n03649909/ILSVRC2012_val_00029944.JPEG
imagenet,n03649909,n03649909/ILSVRC2012_val_00030700.JPEG
imagenet,n03649909,n03649909/ILSVRC2012_val_00031075.JPEG
imagenet,n03649909,n03649909/ILSVRC2012_val_00031606.JPEG
imagenet,n03649909,n03649909/ILSVRC2012_val_00033176.JPEG
imagenet,n03649909,n03649909/ILSVRC2012_val_00033574.JPEG
imagenet,n03649909,n03649909/ILSVRC2012_val_00033704.JPEG
imagenet,n03649909,n03649909/ILSVRC2012_val_00034494.JPEG
imagenet,n03649909,n03649909/ILSVRC2012_val_00036641.JPEG
imagenet,n03649909,n03649909/ILSVRC2012_val_00038677.JPEG
imagenet,n03649909,n03649909/ILSVRC2012_val_00038723.JPEG
imagenet,n03649909,n03649909/ILSVRC2012_val_00038906.JPEG
imagenet,n03649909,n03649909/ILSVRC2012_val_00039151.JPEG
imagenet,n03649909,n03649909/ILSVRC2012_val_00042374.JPEG
imagenet,n03649909,n03649909/ILSVRC2012_val_00042765.JPEG
imagenet,n03649909,n03649909/ILSVRC2012_val_00043398.JPEG
imagenet,n03649909,n03649909/ILSVRC2012_val_00043431.JPEG
imagenet,n03649909,n03649909/ILSVRC2012_val_00047053.JPEG
imagenet,n03649909,n03649909/ILSVRC2012_val_00047646.JPEG
imagenet,n03649909,n03649909/ILSVRC2012_val_00049371.JPEG
imagenet,n03649909,n03649909/ILSVRC2012_val_00049709.JPEG
imagenet,n03676483,n03676483/ILSVRC2012_val_00000984.JPEG
imagenet,n03676483,n03676483/ILSVRC2012_val_00001262.JPEG
imagenet,n03676483,n03676483/ILSVRC2012_val_00001276.JPEG
imagenet,n03676483,n03676483/ILSVRC2012_val_00001914.JPEG
imagenet,n03676483,n03676483/ILSVRC2012_val_00002419.JPEG
imagenet,n03676483,n03676483/ILSVRC2012_val_00003138.JPEG
imagenet,n03676483,n03676483/ILSVRC2012_val_00003474.JPEG
imagenet,n03676483,n03676483/ILSVRC2012_val_00004648.JPEG
imagenet,n03676483,n03676483/ILSVRC2012_val_00004742.JPEG
imagenet,n03676483,n03676483/ILSVRC2012_val_00009386.JPEG
imagenet,n03676483,n03676483/ILSVRC2012_val_00009815.JPEG
imagenet,n03676483,n03676483/ILSVRC2012_val_00010374.JPEG
imagenet,n03676483,n03676483/ILSVRC2012_val_00010662.JPEG
imagenet,n03676483,n03676483/ILSVRC2012_val_00010806.JPEG
imagenet,n03676483,n03676483/ILSVRC2012_val_00011742.JPEG
imagenet,n03676483,n03676483/ILSVRC2012_val_00012849.JPEG
imagenet,n03676483,n03676483/ILSVRC2012_val_00014112.JPEG
imagenet,n03676483,n03676483/ILSVRC2012_val_00015297.JPEG
imagenet,n03676483,n03676483/ILSVRC2012_val_00016870.JPEG
imagenet,n03676483,n03676483/ILSVRC2012_val_00018498.JPEG
imagenet,n03676483,n03676483/ILSVRC2012_val_00018920.JPEG
imagenet,n03676483,n03676483/ILSVRC2012_val_00019291.JPEG
imagenet,n03676483,n03676483/ILSVRC2012_val_00019870.JPEG
imagenet,n03676483,n03676483/ILSVRC2012_val_00021922.JPEG
imagenet,n03676483,n03676483/ILSVRC2012_val_00022289.JPEG
imagenet,n03676483,n03676483/ILSVRC2012_val_00026077.JPEG
imagenet,n03676483,n03676483/ILSVRC2012_val_00027437.JPEG
imagenet,n03676483,n03676483/ILSVRC2012_val_00027770.JPEG
imagenet,n03676483,n03676483/ILSVRC2012_val_00029032.JPEG
imagenet,n03676483,n03676483/ILSVRC2012_val_00029251.JPEG
imagenet,n03676483,n03676483/ILSVRC2012_val_00030534.JPEG
imagenet,n03676483,n03676483/ILSVRC2012_val_00030550.JPEG
imagenet,n03676483,n03676483/ILSVRC2012_val_00033849.JPEG
imagenet,n03676483,n03676483/ILSVRC2012_val_00034306.JPEG
imagenet,n03676483,n03676483/ILSVRC2012_val_00035083.JPEG
imagenet,n03676483,n03676483/ILSVRC2012_val_00037921.JPEG
imagenet,n03676483,n03676483/ILSVRC2012_val_00038105.JPEG
imagenet,n03676483,n03676483/ILSVRC2012_val_00038693.JPEG
imagenet,n03676483,n03676483/ILSVRC2012_val_00039467.JPEG
imagenet,n03676483,n03676483/ILSVRC2012_val_00040982.JPEG
imagenet,n03676483,n03676483/ILSVRC2012_val_00042343.JPEG
imagenet,n03676483,n03676483/ILSVRC2012_val_00043137.JPEG
imagenet,n03676483,n03676483/ILSVRC2012_val_00044845.JPEG
imagenet,n03676483,n03676483/ILSVRC2012_val_00044940.JPEG
imagenet,n03676483,n03676483/ILSVRC2012_val_00044945.JPEG
imagenet,n03676483,n03676483/ILSVRC2012_val_00048415.JPEG
imagenet,n03676483,n03676483/ILSVRC2012_val_00048483.JPEG
imagenet,n03676483,n03676483/ILSVRC2012_val_00048584.JPEG
imagenet,n03676483,n03676483/ILSVRC2012_val_00048986.JPEG
imagenet,n03676483,n03676483/ILSVRC2012_val_00049924.JPEG
imagenet,n03710193,n03710193/ILSVRC2012_val_00000152.JPEG
imagenet,n03710193,n03710193/ILSVRC2012_val_00000364.JPEG
imagenet,n03710193,n03710193/ILSVRC2012_val_00001322.JPEG
imagenet,n03710193,n03710193/ILSVRC2012_val_00002203.JPEG
imagenet,n03710193,n03710193/ILSVRC2012_val_00003949.JPEG
imagenet,n03710193,n03710193/ILSVRC2012_val_00004092.JPEG
imagenet,n03710193,n03710193/ILSVRC2012_val_00007759.JPEG
imagenet,n03710193,n03710193/ILSVRC2012_val_00008671.JPEG
imagenet,n03710193,n03710193/ILSVRC2012_val_00010118.JPEG
imagenet,n03710193,n03710193/ILSVRC2012_val_00010814.JPEG
imagenet,n03710193,n03710193/ILSVRC2012_val_00011151.JPEG
imagenet,n03710193,n03710193/ILSVRC2012_val_00012031.JPEG
imagenet,n03710193,n03710193/ILSVRC2012_val_00012802.JPEG
imagenet,n03710193,n03710193/ILSVRC2012_val_00013096.JPEG
imagenet,n03710193,n03710193/ILSVRC2012_val_00018245.JPEG
imagenet,n03710193,n03710193/ILSVRC2012_val_00019006.JPEG
imagenet,n03710193,n03710193/ILSVRC2012_val_00019392.JPEG
imagenet,n03710193,n03710193/ILSVRC2012_val_00024544.JPEG
imagenet,n03710193,n03710193/ILSVRC2012_val_00024783.JPEG
imagenet,n03710193,n03710193/ILSVRC2012_val_00025673.JPEG
imagenet,n03710193,n03710193/ILSVRC2012_val_00026765.JPEG
imagenet,n03710193,n03710193/ILSVRC2012_val_00027177.JPEG
imagenet,n03710193,n03710193/ILSVRC2012_val_00028280.JPEG
imagenet,n03710193,n03710193/ILSVRC2012_val_00028333.JPEG
imagenet,n03710193,n03710193/ILSVRC2012_val_00028700.JPEG
imagenet,n03710193,n03710193/ILSVRC2012_val_00030100.JPEG
imagenet,n03710193,n03710193/ILSVRC2012_val_00030503.JPEG
imagenet,n03710193,n03710193/ILSVRC2012_val_00032424.JPEG
imagenet,n03710193,n03710193/ILSVRC2012_val_00034003.JPEG
imagenet,n03710193,n03710193/ILSVRC2012_val_00035052.JPEG
imagenet,n03710193,n03710193/ILSVRC2012_val_00035424.JPEG
imagenet,n03710193,n03710193/ILSVRC2012_val_00036617.JPEG
imagenet,n03710193,n03710193/ILSVRC2012_val_00038533.JPEG
imagenet,n03710193,n03710193/ILSVRC2012_val_00039349.JPEG
imagenet,n03710193,n03710193/ILSVRC2012_val_00040946.JPEG
imagenet,n03710193,n03710193/ILSVRC2012_val_00041167.JPEG
imagenet,n03710193,n03710193/ILSVRC2012_val_00042901.JPEG
imagenet,n03710193,n03710193/ILSVRC2012_val_00043083.JPEG
imagenet,n03710193,n03710193/ILSVRC2012_val_00043368.JPEG
imagenet,n03710193,n03710193/ILSVRC2012_val_00044062.JPEG
imagenet,n03710193,n03710193/ILSVRC2012_val_00045717.JPEG
imagenet,n03710193,n03710193/ILSVRC2012_val_00045727.JPEG
imagenet,n03710193,n03710193/ILSVRC2012_val_00045895.JPEG
imagenet,n03710193,n03710193/ILSVRC2012_val_00047283.JPEG
imagenet,n03710193,n03710193/ILSVRC2012_val_00047418.JPEG
imagenet,n03710193,n03710193/ILSVRC2012_val_00047489.JPEG
imagenet,n03710193,n03710193/ILSVRC2012_val_00047916.JPEG
imagenet,n03710193,n03710193/ILSVRC2012_val_00048316.JPEG
imagenet,n03710193,n03710193/ILSVRC2012_val_00048410.JPEG
imagenet,n03710193,n03710193/ILSVRC2012_val_00048679.JPEG
imagenet,n03773504,n03773504/ILSVRC2012_val_00000700.JPEG
imagenet,n03773504,n03773504/ILSVRC2012_val_00001525.JPEG
imagenet,n03773504,n03773504/ILSVRC2012_val_00003914.JPEG
imagenet,n03773504,n03773504/ILSVRC2012_val_00006816.JPEG
imagenet,n03773504,n03773504/ILSVRC2012_val_00006868.JPEG
imagenet,n03773504,n03773504/ILSVRC2012_val_00006965.JPEG
imagenet,n03773504,n03773504/ILSVRC2012_val_00008010.JPEG
imagenet,n03773504,n03773504/ILSVRC2012_val_00010073.JPEG
imagenet,n03773504,n03773504/ILSVRC2012_val_00010189.JPEG
imagenet,n03773504,n03773504/ILSVRC2012_val_00010724.JPEG
imagenet,n03773504,n03773504/ILSVRC2012_val_00011438.JPEG
imagenet,n03773504,n03773504/ILSVRC2012_val_00011773.JPEG
imagenet,n03773504,n03773504/ILSVRC2012_val_00012289.JPEG
imagenet,n03773504,n03773504/ILSVRC2012_val_00012495.JPEG
imagenet,n03773504,n03773504/ILSVRC2012_val_00015813.JPEG
imagenet,n03773504,n03773504/ILSVRC2012_val_00016588.JPEG
imagenet,n03773504,n03773504/ILSVRC2012_val_00016766.JPEG
imagenet,n03773504,n03773504/ILSVRC2012_val_00016894.JPEG
imagenet,n03773504,n03773504/ILSVRC2012_val_00016927.JPEG
imagenet,n03773504,n03773504/ILSVRC2012_val_00017386.JPEG
imagenet,n03773504,n03773504/ILSVRC2012_val_00019081.JPEG
imagenet,n03773504,n03773504/ILSVRC2012_val_00020413.JPEG
imagenet,n03773504,n03773504/ILSVRC2012_val_00021235.JPEG
imagenet,n03773504,n03773504/ILSVRC2012_val_00021466.JPEG
imagenet,n03773504,n03773504/ILSVRC2012_val_00022433.JPEG
imagenet,n03773504,n03773504/ILSVRC2012_val_00023537.JPEG
imagenet,n03773504,n03773504/ILSVRC2012_val_00024028.JPEG
imagenet,n03773504,n03773504/ILSVRC2012_val_00024286.JPEG
imagenet,n03773504,n03773504/ILSVRC2012_val_00025097.JPEG
imagenet,n03773504,n03773504/ILSVRC2012_val_00025264.JPEG
imagenet,n03773504,n03773504/ILSVRC2012_val_00026052.JPEG
imagenet,n03773504,n03773504/ILSVRC2012_val_00026876.JPEG
imagenet,n03773504,n03773504/ILSVRC2012_val_00026955.JPEG
imagenet,n03773504,n03773504/ILSVRC2012_val_00027130.JPEG
imagenet,n03773504,n03773504/ILSVRC2012_val_00028905.JPEG
imagenet,n03773504,n03773504/ILSVRC2012_val_00029135.JPEG
imagenet,n03773504,n03773504/ILSVRC2012_val_00031503.JPEG
imagenet,n03773504,n03773504/ILSVRC2012_val_00031707.JPEG
imagenet,n03773504,n03773504/ILSVRC2012_val_00031940.JPEG
imagenet,n03773504,n03773504/ILSVRC2012_val_00033144.JPEG
imagenet,n03773504,n03773504/ILSVRC2012_val_00033306.JPEG
imagenet,n03773504,n03773504/ILSVRC2012_val_00037619.JPEG
imagenet,n03773504,n03773504/ILSVRC2012_val_00037919.JPEG
imagenet,n03773504,n03773504/ILSVRC2012_val_00038198.JPEG
imagenet,n03773504,n03773504/ILSVRC2012_val_00039609.JPEG
imagenet,n03773504,n03773504/ILSVRC2012_val_00042034.JPEG
imagenet,n03773504,n03773504/ILSVRC2012_val_00045982.JPEG
imagenet,n03773504,n03773504/ILSVRC2012_val_00046125.JPEG
imagenet,n03773504,n03773504/ILSVRC2012_val_00047508.JPEG
imagenet,n03773504,n03773504/ILSVRC2012_val_00049002.JPEG
imagenet,n03775071,n03775071/ILSVRC2012_val_00001574.JPEG
imagenet,n03775071,n03775071/ILSVRC2012_val_00002123.JPEG
imagenet,n03775071,n03775071/ILSVRC2012_val_00002420.JPEG
imagenet,n03775071,n03775071/ILSVRC2012_val_00006140.JPEG
imagenet,n03775071,n03775071/ILSVRC2012_val_00008503.JPEG
imagenet,n03775071,n03775071/ILSVRC2012_val_00013118.JPEG
imagenet,n03775071,n03775071/ILSVRC2012_val_00014326.JPEG
imagenet,n03775071,n03775071/ILSVRC2012_val_00014685.JPEG
imagenet,n03775071,n03775071/ILSVRC2012_val_00015151.JPEG
imagenet,n03775071,n03775071/ILSVRC2012_val_00015588.JPEG
imagenet,n03775071,n03775071/ILSVRC2012_val_00015921.JPEG
imagenet,n03775071,n03775071/ILSVRC2012_val_00016004.JPEG
imagenet,n03775071,n03775071/ILSVRC2012_val_00016219.JPEG
imagenet,n03775071,n03775071/ILSVRC2012_val_00016272.JPEG
imagenet,n03775071,n03775071/ILSVRC2012_val_00018880.JPEG
imagenet,n03775071,n03775071/ILSVRC2012_val_00019606.JPEG
imagenet,n03775071,n03775071/ILSVRC2012_val_00019745.JPEG
imagenet,n03775071,n03775071/ILSVRC2012_val_00021460.JPEG
imagenet,n03775071,n03775071/ILSVRC2012_val_00022216.JPEG
imagenet,n03775071,n03775071/ILSVRC2012_val_00023240.JPEG
imagenet,n03775071,n03775071/ILSVRC2012_val_00024697.JPEG
imagenet,n03775071,n03775071/ILSVRC2012_val_00024804.JPEG
imagenet,n03775071,n03775071/ILSVRC2012_val_00025301.JPEG
imagenet,n03775071,n03775071/ILSVRC2012_val_00025971.JPEG
imagenet,n03775071,n03775071/ILSVRC2012_val_00029731.JPEG
imagenet,n03775071,n03775071/ILSVRC2012_val_00030946.JPEG
imagenet,n03775071,n03775071/ILSVRC2012_val_00031366.JPEG
imagenet,n03775071,n03775071/ILSVRC2012_val_00032184.JPEG
imagenet,n03775071,n03775071/ILSVRC2012_val_00032775.JPEG
imagenet,n03775071,n03775071/ILSVRC2012_val_00033060.JPEG
imagenet,n03775071,n03775071/ILSVRC2012_val_00034524.JPEG
imagenet,n03775071,n03775071/ILSVRC2012_val_00035270.JPEG
imagenet,n03775071,n03775071/ILSVRC2012_val_00035581.JPEG
imagenet,n03775071,n03775071/ILSVRC2012_val_00035830.JPEG
imagenet,n03775071,n03775071/ILSVRC2012_val_00035992.JPEG
imagenet,n03775071,n03775071/ILSVRC2012_val_00036328.JPEG
imagenet,n03775071,n03775071/ILSVRC2012_val_00036862.JPEG
imagenet,n03775071,n03775071/ILSVRC2012_val_00037281.JPEG
imagenet,n03775071,n03775071/ILSVRC2012_val_00037775.JPEG
imagenet,n03775071,n03775071/ILSVRC2012_val_00038329.JPEG
imagenet,n03775071,n03775071/ILSVRC2012_val_00039575.JPEG
imagenet,n03775071,n03775071/ILSVRC2012_val_00039748.JPEG
imagenet,n03775071,n03775071/ILSVRC2012_val_00040236.JPEG
imagenet,n03775071,n03775071/ILSVRC2012_val_00041132.JPEG
imagenet,n03775071,n03775071/ILSVRC2012_val_00044497.JPEG
imagenet,n03775071,n03775071/ILSVRC2012_val_00045319.JPEG
imagenet,n03775071,n03775071/ILSVRC2012_val_00045882.JPEG
imagenet,n03775071,n03775071/ILSVRC2012_val_00047558.JPEG
imagenet,n03775071,n03775071/ILSVRC2012_val_00049817.JPEG
imagenet,n03775071,n03775071/ILSVRC2012_val_00049880.JPEG
imagenet,n03888257,n03888257/ILSVRC2012_val_00001440.JPEG
imagenet,n03888257,n03888257/ILSVRC2012_val_00002508.JPEG
imagenet,n03888257,n03888257/ILSVRC2012_val_00002665.JPEG
imagenet,n03888257,n03888257/ILSVRC2012_val_00002990.JPEG
imagenet,n03888257,n03888257/ILSVRC2012_val_00004745.JPEG
imagenet,n03888257,n03888257/ILSVRC2012_val_00006561.JPEG
imagenet,n03888257,n03888257/ILSVRC2012_val_00007616.JPEG
imagenet,n03888257,n03888257/ILSVRC2012_val_00009269.JPEG
imagenet,n03888257,n03888257/ILSVRC2012_val_00009370.JPEG
imagenet,n03888257,n03888257/ILSVRC2012_val_00009559.JPEG
imagenet,n03888257,n03888257/ILSVRC2012_val_00009593.JPEG
imagenet,n03888257,n03888257/ILSVRC2012_val_00009873.JPEG
imagenet,n03888257,n03888257/ILSVRC2012_val_00010336.JPEG
imagenet,n03888257,n03888257/ILSVRC2012_val_00010427.JPEG
imagenet,n03888257,n03888257/ILSVRC2012_val_00010460.JPEG
imagenet,n03888257,n03888257/ILSVRC2012_val_00011324.JPEG
imagenet,n03888257,n03888257/ILSVRC2012_val_00013527.JPEG
imagenet,n03888257,n03888257/ILSVRC2012_val_00014381.JPEG
imagenet,n03888257,n03888257/ILSVRC2012_val_00015689.JPEG
imagenet,n03888257,n03888257/ILSVRC2012_val_00015787.JPEG
imagenet,n03888257,n03888257/ILSVRC2012_val_00016387.JPEG
imagenet,n03888257,n03888257/ILSVRC2012_val_00017020.JPEG
imagenet,n03888257,n03888257/ILSVRC2012_val_00017919.JPEG
imagenet,n03888257,n03888257/ILSVRC2012_val_00018229.JPEG
imagenet,n03888257,n03888257/ILSVRC2012_val_00018509.JPEG
imagenet,n03888257,n03888257/ILSVRC2012_val_00019289.JPEG
imagenet,n03888257,n03888257/ILSVRC2012_val_00020003.JPEG
imagenet,n03888257,n03888257/ILSVRC2012_val_00020698.JPEG
imagenet,n03888257,n03888257/ILSVRC2012_val_00022496.JPEG
imagenet,n03888257,n03888257/ILSVRC2012_val_00022638.JPEG
imagenet,n03888257,n03888257/ILSVRC2012_val_00023107.JPEG
imagenet,n03888257,n03888257/ILSVRC2012_val_00024340.JPEG
imagenet,n03888257,n03888257/ILSVRC2012_val_00025121.JPEG
imagenet,n03888257,n03888257/ILSVRC2012_val_00026575.JPEG
imagenet,n03888257,n03888257/ILSVRC2012_val_00029149.JPEG
imagenet,n03888257,n03888257/ILSVRC2012_val_00030583.JPEG
imagenet,n03888257,n03888257/ILSVRC2012_val_00031035.JPEG
imagenet,n03888257,n03888257/ILSVRC2012_val_00031268.JPEG
imagenet,n03888257,n03888257/ILSVRC2012_val_00032482.JPEG
imagenet,n03888257,n03888257/ILSVRC2012_val_00034544.JPEG
imagenet,n03888257,n03888257/ILSVRC2012_val_00037770.JPEG
imagenet,n03888257,n03888257/ILSVRC2012_val_00038942.JPEG
imagenet,n03888257,n03888257/ILSVRC2012_val_00039045.JPEG
imagenet,n03888257,n03888257/ILSVRC2012_val_00041706.JPEG
imagenet,n03888257,n03888257/ILSVRC2012_val_00041925.JPEG
imagenet,n03888257,n03888257/ILSVRC2012_val_00042262.JPEG
imagenet,n03888257,n03888257/ILSVRC2012_val_00044850.JPEG
imagenet,n03888257,n03888257/ILSVRC2012_val_00047147.JPEG
imagenet,n03888257,n03888257/ILSVRC2012_val_00047705.JPEG
imagenet,n03888257,n03888257/ILSVRC2012_val_00047778.JPEG
imagenet,n03930630,n03930630/ILSVRC2012_val_00000049.JPEG
imagenet,n03930630,n03930630/ILSVRC2012_val_00001156.JPEG
imagenet,n03930630,n03930630/ILSVRC2012_val_00001307.JPEG
imagenet,n03930630,n03930630/ILSVRC2012_val_00003080.JPEG
imagenet,n03930630,n03930630/ILSVRC2012_val_00007733.JPEG
imagenet,n03930630,n03930630/ILSVRC2012_val_00008606.JPEG
imagenet,n03930630,n03930630/ILSVRC2012_val_00009098.JPEG
imagenet,n03930630,n03930630/ILSVRC2012_val_00010012.JPEG
imagenet,n03930630,n03930630/ILSVRC2012_val_00010907.JPEG
imagenet,n03930630,n03930630/ILSVRC2012_val_00013435.JPEG
imagenet,n03930630,n03930630/ILSVRC2012_val_00013704.JPEG
imagenet,n03930630,n03930630/ILSVRC2012_val_00015879.JPEG
imagenet,n03930630,n03930630/ILSVRC2012_val_00016098.JPEG
imagenet,n03930630,n03930630/ILSVRC2012_val_00017152.JPEG
imagenet,n03930630,n03930630/ILSVRC2012_val_00017360.JPEG
imagenet,n03930630,n03930630/ILSVRC2012_val_00017538.JPEG
imagenet,n03930630,n03930630/ILSVRC2012_val_00017708.JPEG
imagenet,n03930630,n03930630/ILSVRC2012_val_00018700.JPEG
imagenet,n03930630,n03930630/ILSVRC2012_val_00021802.JPEG
imagenet,n03930630,n03930630/ILSVRC2012_val_00022918.JPEG
imagenet,n03930630,n03930630/ILSVRC2012_val_00023096.JPEG
imagenet,n03930630,n03930630/ILSVRC2012_val_00024317.JPEG
imagenet,n03930630,n03930630/ILSVRC2012_val_00025131.JPEG
imagenet,n03930630,n03930630/ILSVRC2012_val_00025354.JPEG
imagenet,n03930630,n03930630/ILSVRC2012_val_00026079.JPEG
imagenet,n03930630,n03930630/ILSVRC2012_val_00026503.JPEG
imagenet,n03930630,n03930630/ILSVRC2012_val_00026743.JPEG
imagenet,n03930630,n03930630/ILSVRC2012_val_00026922.JPEG
imagenet,n03930630,n03930630/ILSVRC2012_val_00027679.JPEG
imagenet,n03930630,n03930630/ILSVRC2012_val_00027997.JPEG
imagenet,n03930630,n03930630/ILSVRC2012_val_00029046.JPEG
imagenet,n03930630,n03930630/ILSVRC2012_val_00029772.JPEG
imagenet,n03930630,n03930630/ILSVRC2012_val_00032894.JPEG
imagenet,n03930630,n03930630/ILSVRC2012_val_00033589.JPEG
imagenet,n03930630,n03930630/ILSVRC2012_val_00034975.JPEG
imagenet,n03930630,n03930630/ILSVRC2012_val_00035897.JPEG
imagenet,n03930630,n03930630/ILSVRC2012_val_00036504.JPEG
imagenet,n03930630,n03930630/ILSVRC2012_val_00037136.JPEG
imagenet,n03930630,n03930630/ILSVRC2012_val_00038049.JPEG
imagenet,n03930630,n03930630/ILSVRC2012_val_00039120.JPEG
imagenet,n03930630,n03930630/ILSVRC2012_val_00039508.JPEG
imagenet,n03930630,n03930630/ILSVRC2012_val_00039963.JPEG
imagenet,n03930630,n03930630/ILSVRC2012_val_00041314.JPEG
imagenet,n03930630,n03930630/ILSVRC2012_val_00044388.JPEG
imagenet,n03930630,n03930630/ILSVRC2012_val_00045071.JPEG
imagenet,n03930630,n03930630/ILSVRC2012_val_00047595.JPEG
imagenet,n03930630,n03930630/ILSVRC2012_val_00047676.JPEG
imagenet,n03930630,n03930630/ILSVRC2012_val_00049525.JPEG
imagenet,n03930630,n03930630/ILSVRC2012_val_00049612.JPEG
imagenet,n03930630,n03930630/ILSVRC2012_val_00049789.JPEG
imagenet,n03947888,n03947888/ILSVRC2012_val_00000966.JPEG
imagenet,n03947888,n03947888/ILSVRC2012_val_00001111.JPEG
imagenet,n03947888,n03947888/ILSVRC2012_val_00001182.JPEG
imagenet,n03947888,n03947888/ILSVRC2012_val_00001660.JPEG
imagenet,n03947888,n03947888/ILSVRC2012_val_00002130.JPEG
imagenet,n03947888,n03947888/ILSVRC2012_val_00003117.JPEG
imagenet,n03947888,n03947888/ILSVRC2012_val_00003219.JPEG
imagenet,n03947888,n03947888/ILSVRC2012_val_00003230.JPEG
imagenet,n03947888,n03947888/ILSVRC2012_val_00006118.JPEG
imagenet,n03947888,n03947888/ILSVRC2012_val_00006184.JPEG
imagenet,n03947888,n03947888/ILSVRC2012_val_00006349.JPEG
imagenet,n03947888,n03947888/ILSVRC2012_val_00006739.JPEG
imagenet,n03947888,n03947888/ILSVRC2012_val_00007351.JPEG
imagenet,n03947888,n03947888/ILSVRC2012_val_00007600.JPEG
imagenet,n03947888,n03947888/ILSVRC2012_val_00008620.JPEG
imagenet,n03947888,n03947888/ILSVRC2012_val_00008659.JPEG
imagenet,n03947888,n03947888/ILSVRC2012_val_00009628.JPEG
imagenet,n03947888,n03947888/ILSVRC2012_val_00009856.JPEG
imagenet,n03947888,n03947888/ILSVRC2012_val_00011189.JPEG
imagenet,n03947888,n03947888/ILSVRC2012_val_00012447.JPEG
imagenet,n03947888,n03947888/ILSVRC2012_val_00012579.JPEG
imagenet,n03947888,n03947888/ILSVRC2012_val_00012691.JPEG
imagenet,n03947888,n03947888/ILSVRC2012_val_00013944.JPEG
imagenet,n03947888,n03947888/ILSVRC2012_val_00014705.JPEG
imagenet,n03947888,n03947888/ILSVRC2012_val_00014989.JPEG
imagenet,n03947888,n03947888/ILSVRC2012_val_00017696.JPEG
imagenet,n03947888,n03947888/ILSVRC2012_val_00022353.JPEG
imagenet,n03947888,n03947888/ILSVRC2012_val_00023104.JPEG
imagenet,n03947888,n03947888/ILSVRC2012_val_00023269.JPEG
imagenet,n03947888,n03947888/ILSVRC2012_val_00028365.JPEG
imagenet,n03947888,n03947888/ILSVRC2012_val_00028400.JPEG
imagenet,n03947888,n03947888/ILSVRC2012_val_00028471.JPEG
imagenet,n03947888,n03947888/ILSVRC2012_val_00029276.JPEG
imagenet,n03947888,n03947888/ILSVRC2012_val_00030410.JPEG
imagenet,n03947888,n03947888/ILSVRC2012_val_00031484.JPEG
imagenet,n03947888,n03947888/ILSVRC2012_val_00031717.JPEG
imagenet,n03947888,n03947888/ILSVRC2012_val_00032776.JPEG
imagenet,n03947888,n03947888/ILSVRC2012_val_00032856.JPEG
imagenet,n03947888,n03947888/ILSVRC2012_val_00034173.JPEG
imagenet,n03947888,n03947888/ILSVRC2012_val_00036199.JPEG
imagenet,n03947888,n03947888/ILSVRC2012_val_00036604.JPEG
imagenet,n03947888,n03947888/ILSVRC2012_val_00036816.JPEG
imagenet,n03947888,n03947888/ILSVRC2012_val_00037776.JPEG
imagenet,n03947888,n03947888/ILSVRC2012_val_00040013.JPEG
imagenet,n03947888,n03947888/ILSVRC2012_val_00043584.JPEG
imagenet,n03947888,n03947888/ILSVRC2012_val_00044101.JPEG
imagenet,n03947888,n03947888/ILSVRC2012_val_00044338.JPEG
imagenet,n03947888,n03947888/ILSVRC2012_val_00044427.JPEG
imagenet,n03947888,n03947888/ILSVRC2012_val_00044527.JPEG
imagenet,n03947888,n03947888/ILSVRC2012_val_00045572.JPEG
imagenet,n04086273,n04086273/ILSVRC2012_val_00000158.JPEG
imagenet,n04086273,n04086273/ILSVRC2012_val_00000667.JPEG
imagenet,n04086273,n04086273/ILSVRC2012_val_00001789.JPEG
imagenet,n04086273,n04086273/ILSVRC2012_val_00002299.JPEG
imagenet,n04086273,n04086273/ILSVRC2012_val_00002438.JPEG
imagenet,n04086273,n04086273/ILSVRC2012_val_00002604.JPEG
imagenet,n04086273,n04086273/ILSVRC2012_val_00002840.JPEG
imagenet,n04086273,n04086273/ILSVRC2012_val_00003123.JPEG
imagenet,n04086273,n04086273/ILSVRC2012_val_00003457.JPEG
imagenet,n04086273,n04086273/ILSVRC2012_val_00004107.JPEG
imagenet,n04086273,n04086273/ILSVRC2012_val_00006820.JPEG
imagenet,n04086273,n04086273/ILSVRC2012_val_00007170.JPEG
imagenet,n04086273,n04086273/ILSVRC2012_val_00007967.JPEG
imagenet,n04086273,n04086273/ILSVRC2012_val_00009333.JPEG
imagenet,n04086273,n04086273/ILSVRC2012_val_00009592.JPEG
imagenet,n04086273,n04086273/ILSVRC2012_val_00009614.JPEG
imagenet,n04086273,n04086273/ILSVRC2012_val_00011273.JPEG
imagenet,n04086273,n04086273/ILSVRC2012_val_00011824.JPEG
imagenet,n04086273,n04086273/ILSVRC2012_val_00012180.JPEG
imagenet,n04086273,n04086273/ILSVRC2012_val_00012865.JPEG
imagenet,n04086273,n04086273/ILSVRC2012_val_00015260.JPEG
imagenet,n04086273,n04086273/ILSVRC2012_val_00015728.JPEG
imagenet,n04086273,n04086273/ILSVRC2012_val_00015847.JPEG
imagenet,n04086273,n04086273/ILSVRC2012_val_00016796.JPEG
imagenet,n04086273,n04086273/ILSVRC2012_val_00017797.JPEG
imagenet,n04086273,n04086273/ILSVRC2012_val_00017897.JPEG
imagenet,n04086273,n04086273/ILSVRC2012_val_00018181.JPEG
imagenet,n04086273,n04086273/ILSVRC2012_val_00018910.JPEG
imagenet,n04086273,n04086273/ILSVRC2012_val_00021784.JPEG
imagenet,n04086273,n04086273/ILSVRC2012_val_00023382.JPEG
imagenet,n04086273,n04086273/ILSVRC2012_val_00026654.JPEG
imagenet,n04086273,n04086273/ILSVRC2012_val_00027697.JPEG
imagenet,n04086273,n04086273/ILSVRC2012_val_00030134.JPEG
imagenet,n04086273,n04086273/ILSVRC2012_val_00030717.JPEG
imagenet,n04086273,n04086273/ILSVRC2012_val_00032309.JPEG
imagenet,n04086273,n04086273/ILSVRC2012_val_00032525.JPEG
imagenet,n04086273,n04086273/ILSVRC2012_val_00032740.JPEG
imagenet,n04086273,n04086273/ILSVRC2012_val_00033024.JPEG
imagenet,n04086273,n04086273/ILSVRC2012_val_00034825.JPEG
imagenet,n04086273,n04086273/ILSVRC2012_val_00036437.JPEG
imagenet,n04086273,n04086273/ILSVRC2012_val_00036488.JPEG
imagenet,n04086273,n04086273/ILSVRC2012_val_00037225.JPEG
imagenet,n04086273,n04086273/ILSVRC2012_val_00037854.JPEG
imagenet,n04086273,n04086273/ILSVRC2012_val_00038575.JPEG
imagenet,n04086273,n04086273/ILSVRC2012_val_00040355.JPEG
imagenet,n04086273,n04086273/ILSVRC2012_val_00042729.JPEG
imagenet,n04086273,n04086273/ILSVRC2012_val_00043725.JPEG
imagenet,n04086273,n04086273/ILSVRC2012_val_00045053.JPEG
imagenet,n04086273,n04086273/ILSVRC2012_val_00047633.JPEG
imagenet,n04086273,n04086273/ILSVRC2012_val_00047706.JPEG
imagenet,n04118538,n04118538/ILSVRC2012_val_00001497.JPEG
imagenet,n04118538,n04118538/ILSVRC2012_val_00002018.JPEG
imagenet,n04118538,n04118538/ILSVRC2012_val_00002555.JPEG
imagenet,n04118538,n04118538/ILSVRC2012_val_00004829.JPEG
imagenet,n04118538,n04118538/ILSVRC2012_val_00006885.JPEG
imagenet,n04118538,n04118538/ILSVRC2012_val_00007612.JPEG
imagenet,n04118538,n04118538/ILSVRC2012_val_00008802.JPEG
imagenet,n04118538,n04118538/ILSVRC2012_val_00009409.JPEG
imagenet,n04118538,n04118538/ILSVRC2012_val_00010987.JPEG
imagenet,n04118538,n04118538/ILSVRC2012_val_00011091.JPEG
imagenet,n04118538,n04118538/ILSVRC2012_val_00017229.JPEG
imagenet,n04118538,n04118538/ILSVRC2012_val_00017936.JPEG
imagenet,n04118538,n04118538/ILSVRC2012_val_00018753.JPEG
imagenet,n04118538,n04118538/ILSVRC2012_val_00019086.JPEG
imagenet,n04118538,n04118538/ILSVRC2012_val_00019387.JPEG
imagenet,n04118538,n04118538/ILSVRC2012_val_00019445.JPEG
imagenet,n04118538,n04118538/ILSVRC2012_val_00020485.JPEG
imagenet,n04118538,n04118538/ILSVRC2012_val_00021287.JPEG
imagenet,n04118538,n04118538/ILSVRC2012_val_00024490.JPEG
imagenet,n04118538,n04118538/ILSVRC2012_val_00024619.JPEG
imagenet,n04118538,n04118538/ILSVRC2012_val_00026348.JPEG
imagenet,n04118538,n04118538/ILSVRC2012_val_00026574.JPEG
imagenet,n04118538,n04118538/ILSVRC2012_val_00027139.JPEG
imagenet,n04118538,n04118538/ILSVRC2012_val_00027516.JPEG
imagenet,n04118538,n04118538/ILSVRC2012_val_00027616.JPEG
imagenet,n04118538,n04118538/ILSVRC2012_val_00029296.JPEG
imagenet,n04118538,n04118538/ILSVRC2012_val_00030547.JPEG
imagenet,n04118538,n04118538/ILSVRC2012_val_00032103.JPEG
imagenet,n04118538,n04118538/ILSVRC2012_val_00033102.JPEG
imagenet,n04118538,n04118538/ILSVRC2012_val_00034427.JPEG
imagenet,n04118538,n04118538/ILSVRC2012_val_00036288.JPEG
imagenet,n04118538,n04118538/ILSVRC2012_val_00036684.JPEG
imagenet,n04118538,n04118538/ILSVRC2012_val_00037138.JPEG
imagenet,n04118538,n04118538/ILSVRC2012_val_00037924.JPEG
imagenet,n04118538,n04118538/ILSVRC2012_val_00037938.JPEG
imagenet,n04118538,n04118538/ILSVRC2012_val_00038271.JPEG
imagenet,n04118538,n04118538/ILSVRC2012_val_00038323.JPEG
imagenet,n04118538,n04118538/ILSVRC2012_val_00039844.JPEG
imagenet,n04118538,n04118538/ILSVRC2012_val_00040235.JPEG
imagenet,n04118538,n04118538/ILSVRC2012_val_00040568.JPEG
imagenet,n04118538,n04118538/ILSVRC2012_val_00041014.JPEG
imagenet,n04118538,n04118538/ILSVRC2012_val_00042493.JPEG
imagenet,n04118538,n04118538/ILSVRC2012_val_00045773.JPEG
imagenet,n04118538,n04118538/ILSVRC2012_val_00046009.JPEG
imagenet,n04118538,n04118538/ILSVRC2012_val_00046140.JPEG
imagenet,n04118538,n04118538/ILSVRC2012_val_00046334.JPEG
imagenet,n04118538,n04118538/ILSVRC2012_val_00048352.JPEG
imagenet,n04118538,n04118538/ILSVRC2012_val_00048504.JPEG
imagenet,n04118538,n04118538/ILSVRC2012_val_00048999.JPEG
imagenet,n04118538,n04118538/ILSVRC2012_val_00049365.JPEG
imagenet,n04133789,n04133789/ILSVRC2012_val_00002426.JPEG
imagenet,n04133789,n04133789/ILSVRC2012_val_00003342.JPEG
imagenet,n04133789,n04133789/ILSVRC2012_val_00003763.JPEG
imagenet,n04133789,n04133789/ILSVRC2012_val_00005199.JPEG
imagenet,n04133789,n04133789/ILSVRC2012_val_00006296.JPEG
imagenet,n04133789,n04133789/ILSVRC2012_val_00006316.JPEG
imagenet,n04133789,n04133789/ILSVRC2012_val_00007160.JPEG
imagenet,n04133789,n04133789/ILSVRC2012_val_00013852.JPEG
imagenet,n04133789,n04133789/ILSVRC2012_val_00014084.JPEG
imagenet,n04133789,n04133789/ILSVRC2012_val_00015083.JPEG
imagenet,n04133789,n04133789/ILSVRC2012_val_00015569.JPEG
imagenet,n04133789,n04133789/ILSVRC2012_val_00015602.JPEG
imagenet,n04133789,n04133789/ILSVRC2012_val_00019572.JPEG
imagenet,n04133789,n04133789/ILSVRC2012_val_00020491.JPEG
imagenet,n04133789,n04133789/ILSVRC2012_val_00021228.JPEG
imagenet,n04133789,n04133789/ILSVRC2012_val_00021939.JPEG
imagenet,n04133789,n04133789/ILSVRC2012_val_00022801.JPEG
imagenet,n04133789,n04133789/ILSVRC2012_val_00023006.JPEG
imagenet,n04133789,n04133789/ILSVRC2012_val_00023232.JPEG
imagenet,n04133789,n04133789/ILSVRC2012_val_00024738.JPEG
imagenet,n04133789,n04133789/ILSVRC2012_val_00027771.JPEG
imagenet,n04133789,n04133789/ILSVRC2012_val_00027994.JPEG
imagenet,n04133789,n04133789/ILSVRC2012_val_00028976.JPEG
imagenet,n04133789,n04133789/ILSVRC2012_val_00028994.JPEG
imagenet,n04133789,n04133789/ILSVRC2012_val_00029095.JPEG
imagenet,n04133789,n04133789/ILSVRC2012_val_00029180.JPEG
imagenet,n04133789,n04133789/ILSVRC2012_val_00029389.JPEG
imagenet,n04133789,n04133789/ILSVRC2012_val_00029942.JPEG
imagenet,n04133789,n04133789/ILSVRC2012_val_00030250.JPEG
imagenet,n04133789,n04133789/ILSVRC2012_val_00032051.JPEG
imagenet,n04133789,n04133789/ILSVRC2012_val_00032242.JPEG
imagenet,n04133789,n04133789/ILSVRC2012_val_00032308.JPEG
imagenet,n04133789,n04133789/ILSVRC2012_val_00033141.JPEG
imagenet,n04133789,n04133789/ILSVRC2012_val_00034138.JPEG
imagenet,n04133789,n04133789/ILSVRC2012_val_00034558.JPEG
imagenet,n04133789,n04133789/ILSVRC2012_val_00035105.JPEG
imagenet,n04133789,n04133789/ILSVRC2012_val_00035755.JPEG
imagenet,n04133789,n04133789/ILSVRC2012_val_00036524.JPEG
imagenet,n04133789,n04133789/ILSVRC2012_val_00037409.JPEG
imagenet,n04133789,n04133789/ILSVRC2012_val_00037599.JPEG
imagenet,n04133789,n04133789/ILSVRC2012_val_00038588.JPEG
imagenet,n04133789,n04133789/ILSVRC2012_val_00041654.JPEG
imagenet,n04133789,n04133789/ILSVRC2012_val_00045999.JPEG
imagenet,n04133789,n04133789/ILSVRC2012_val_00046895.JPEG
imagenet,n04133789,n04133789/ILSVRC2012_val_00047781.JPEG
imagenet,n04133789,n04133789/ILSVRC2012_val_00048850.JPEG
imagenet,n04133789,n04133789/ILSVRC2012_val_00048889.JPEG
imagenet,n04133789,n04133789/ILSVRC2012_val_00048970.JPEG
imagenet,n04133789,n04133789/ILSVRC2012_val_00049158.JPEG
imagenet,n04133789,n04133789/ILSVRC2012_val_00049173.JPEG
imagenet,n04141076,n04141076/ILSVRC2012_val_00000614.JPEG
imagenet,n04141076,n04141076/ILSVRC2012_val_00000673.JPEG
imagenet,n04141076,n04141076/ILSVRC2012_val_00003260.JPEG
imagenet,n04141076,n04141076/ILSVRC2012_val_00004761.JPEG
imagenet,n04141076,n04141076/ILSVRC2012_val_00006297.JPEG
imagenet,n04141076,n04141076/ILSVRC2012_val_00006682.JPEG
imagenet,n04141076,n04141076/ILSVRC2012_val_00008159.JPEG
imagenet,n04141076,n04141076/ILSVRC2012_val_00009058.JPEG
imagenet,n04141076,n04141076/ILSVRC2012_val_00009736.JPEG
imagenet,n04141076,n04141076/ILSVRC2012_val_00011366.JPEG
imagenet,n04141076,n04141076/ILSVRC2012_val_00011804.JPEG
imagenet,n04141076,n04141076/ILSVRC2012_val_00012795.JPEG
imagenet,n04141076,n04141076/ILSVRC2012_val_00014003.JPEG
imagenet,n04141076,n04141076/ILSVRC2012_val_00014641.JPEG
imagenet,n04141076,n04141076/ILSVRC2012_val_00015586.JPEG
imagenet,n04141076,n04141076/ILSVRC2012_val_00017679.JPEG
imagenet,n04141076,n04141076/ILSVRC2012_val_00020715.JPEG
imagenet,n04141076,n04141076/ILSVRC2012_val_00021311.JPEG
imagenet,n04141076,n04141076/ILSVRC2012_val_00022964.JPEG
imagenet,n04141076,n04141076/ILSVRC2012_val_00024941.JPEG
imagenet,n04141076,n04141076/ILSVRC2012_val_00024972.JPEG
imagenet,n04141076,n04141076/ILSVRC2012_val_00025042.JPEG
imagenet,n04141076,n04141076/ILSVRC2012_val_00026817.JPEG
imagenet,n04141076,n04141076/ILSVRC2012_val_00028114.JPEG
imagenet,n04141076,n04141076/ILSVRC2012_val_00028182.JPEG
imagenet,n04141076,n04141076/ILSVRC2012_val_00028809.JPEG
imagenet,n04141076,n04141076/ILSVRC2012_val_00028942.JPEG
imagenet,n04141076,n04141076/ILSVRC2012_val_00028954.JPEG
imagenet,n04141076,n04141076/ILSVRC2012_val_00029866.JPEG
imagenet,n04141076,n04141076/ILSVRC2012_val_00030435.JPEG
imagenet,n04141076,n04141076/ILSVRC2012_val_00032761.JPEG
imagenet,n04141076,n04141076/ILSVRC2012_val_00034657.JPEG
imagenet,n04141076,n04141076/ILSVRC2012_val_00036726.JPEG
imagenet,n04141076,n04141076/ILSVRC2012_val_00036869.JPEG
imagenet,n04141076,n04141076/ILSVRC2012_val_00036904.JPEG
imagenet,n04141076,n04141076/ILSVRC2012_val_00036922.JPEG
imagenet,n04141076,n04141076/ILSVRC2012_val_00039518.JPEG
imagenet,n04141076,n04141076/ILSVRC2012_val_00039538.JPEG
imagenet,n04141076,n04141076/ILSVRC2012_val_00040575.JPEG
imagenet,n04141076,n04141076/ILSVRC2012_val_00042195.JPEG
imagenet,n04141076,n04141076/ILSVRC2012_val_00043019.JPEG
imagenet,n04141076,n04141076/ILSVRC2012_val_00043084.JPEG
imagenet,n04141076,n04141076/ILSVRC2012_val_00043168.JPEG
imagenet,n04141076,n04141076/ILSVRC2012_val_00045041.JPEG
imagenet,n04141076,n04141076/ILSVRC2012_val_00045255.JPEG
imagenet,n04141076,n04141076/ILSVRC2012_val_00046335.JPEG
imagenet,n04141076,n04141076/ILSVRC2012_val_00046634.JPEG
imagenet,n04141076,n04141076/ILSVRC2012_val_00046661.JPEG
imagenet,n04141076,n04141076/ILSVRC2012_val_00047864.JPEG
imagenet,n04141076,n04141076/ILSVRC2012_val_00049676.JPEG
imagenet,n04146614,n04146614/ILSVRC2012_val_00001736.JPEG
imagenet,n04146614,n04146614/ILSVRC2012_val_00001771.JPEG
imagenet,n04146614,n04146614/ILSVRC2012_val_00001801.JPEG
imagenet,n04146614,n04146614/ILSVRC2012_val_00002346.JPEG
imagenet,n04146614,n04146614/ILSVRC2012_val_00003709.JPEG
imagenet,n04146614,n04146614/ILSVRC2012_val_00004786.JPEG
imagenet,n04146614,n04146614/ILSVRC2012_val_00005051.JPEG
imagenet,n04146614,n04146614/ILSVRC2012_val_00005166.JPEG
imagenet,n04146614,n04146614/ILSVRC2012_val_00007635.JPEG
imagenet,n04146614,n04146614/ILSVRC2012_val_00009450.JPEG
imagenet,n04146614,n04146614/ILSVRC2012_val_00010117.JPEG
imagenet,n04146614,n04146614/ILSVRC2012_val_00010401.JPEG
imagenet,n04146614,n04146614/ILSVRC2012_val_00011337.JPEG
imagenet,n04146614,n04146614/ILSVRC2012_val_00011870.JPEG
imagenet,n04146614,n04146614/ILSVRC2012_val_00013009.JPEG
imagenet,n04146614,n04146614/ILSVRC2012_val_00013295.JPEG
imagenet,n04146614,n04146614/ILSVRC2012_val_00014611.JPEG
imagenet,n04146614,n04146614/ILSVRC2012_val_00015048.JPEG
imagenet,n04146614,n04146614/ILSVRC2012_val_00015541.JPEG
imagenet,n04146614,n04146614/ILSVRC2012_val_00016549.JPEG
imagenet,n04146614,n04146614/ILSVRC2012_val_00016837.JPEG
imagenet,n04146614,n04146614/ILSVRC2012_val_00018378.JPEG
imagenet,n04146614,n04146614/ILSVRC2012_val_00018568.JPEG
imagenet,n04146614,n04146614/ILSVRC2012_val_00019046.JPEG
imagenet,n04146614,n04146614/ILSVRC2012_val_00020112.JPEG
imagenet,n04146614,n04146614/ILSVRC2012_val_00022679.JPEG
imagenet,n04146614,n04146614/ILSVRC2012_val_00023836.JPEG
imagenet,n04146614,n04146614/ILSVRC2012_val_00024242.JPEG
imagenet,n04146614,n04146614/ILSVRC2012_val_00025461.JPEG
imagenet,n04146614,n04146614/ILSVRC2012_val_00028026.JPEG
imagenet,n04146614,n04146614/ILSVRC2012_val_00028711.JPEG
imagenet,n04146614,n04146614/ILSVRC2012_val_00029385.JPEG
imagenet,n04146614,n04146614/ILSVRC2012_val_00029535.JPEG
imagenet,n04146614,n04146614/ILSVRC2012_val_00030750.JPEG
imagenet,n04146614,n04146614/ILSVRC2012_val_00031163.JPEG
imagenet,n04146614,n04146614/ILSVRC2012_val_00031870.JPEG
imagenet,n04146614,n04146614/ILSVRC2012_val_00033865.JPEG
imagenet,n04146614,n04146614/ILSVRC2012_val_00034573.JPEG
imagenet,n04146614,n04146614/ILSVRC2012_val_00034858.JPEG
imagenet,n04146614,n04146614/ILSVRC2012_val_00035824.JPEG
imagenet,n04146614,n04146614/ILSVRC2012_val_00035866.JPEG
imagenet,n04146614,n04146614/ILSVRC2012_val_00035985.JPEG
imagenet,n04146614,n04146614/ILSVRC2012_val_00036576.JPEG
imagenet,n04146614,n04146614/ILSVRC2012_val_00037681.JPEG
imagenet,n04146614,n04146614/ILSVRC2012_val_00038209.JPEG
imagenet,n04146614,n04146614/ILSVRC2012_val_00038506.JPEG
imagenet,n04146614,n04146614/ILSVRC2012_val_00045030.JPEG
imagenet,n04146614,n04146614/ILSVRC2012_val_00045384.JPEG
imagenet,n04146614,n04146614/ILSVRC2012_val_00045798.JPEG
imagenet,n04146614,n04146614/ILSVRC2012_val_00047962.JPEG
imagenet,n04147183,n04147183/ILSVRC2012_val_00000094.JPEG
imagenet,n04147183,n04147183/ILSVRC2012_val_00001551.JPEG
imagenet,n04147183,n04147183/ILSVRC2012_val_00003088.JPEG
imagenet,n04147183,n04147183/ILSVRC2012_val_00003815.JPEG
imagenet,n04147183,n04147183/ILSVRC2012_val_00004682.JPEG
imagenet,n04147183,n04147183/ILSVRC2012_val_00005106.JPEG
imagenet,n04147183,n04147183/ILSVRC2012_val_00007607.JPEG
imagenet,n04147183,n04147183/ILSVRC2012_val_00007978.JPEG
imagenet,n04147183,n04147183/ILSVRC2012_val_00009142.JPEG
imagenet,n04147183,n04147183/ILSVRC2012_val_00010749.JPEG
imagenet,n04147183,n04147183/ILSVRC2012_val_00011098.JPEG
imagenet,n04147183,n04147183/ILSVRC2012_val_00011254.JPEG
imagenet,n04147183,n04147183/ILSVRC2012_val_00011910.JPEG
imagenet,n04147183,n04147183/ILSVRC2012_val_00012054.JPEG
imagenet,n04147183,n04147183/ILSVRC2012_val_00012095.JPEG
imagenet,n04147183,n04147183/ILSVRC2012_val_00012295.JPEG
imagenet,n04147183,n04147183/ILSVRC2012_val_00012794.JPEG
imagenet,n04147183,n04147183/ILSVRC2012_val_00014535.JPEG
imagenet,n04147183,n04147183/ILSVRC2012_val_00015627.JPEG
imagenet,n04147183,n04147183/ILSVRC2012_val_00015783.JPEG
imagenet,n04147183,n04147183/ILSVRC2012_val_00016151.JPEG
imagenet,n04147183,n04147183/ILSVRC2012_val_00017721.JPEG
imagenet,n04147183,n04147183/ILSVRC2012_val_00017945.JPEG
imagenet,n04147183,n04147183/ILSVRC2012_val_00019624.JPEG
imagenet,n04147183,n04147183/ILSVRC2012_val_00021861.JPEG
imagenet,n04147183,n04147183/ILSVRC2012_val_00023233.JPEG
imagenet,n04147183,n04147183/ILSVRC2012_val_00025661.JPEG
imagenet,n04147183,n04147183/ILSVRC2012_val_00026899.JPEG
imagenet,n04147183,n04147183/ILSVRC2012_val_00027291.JPEG
imagenet,n04147183,n04147183/ILSVRC2012_val_00030809.JPEG
imagenet,n04147183,n04147183/ILSVRC2012_val_00031936.JPEG
imagenet,n04147183,n04147183/ILSVRC2012_val_00032553.JPEG
imagenet,n04147183,n04147183/ILSVRC2012_val_00032731.JPEG
imagenet,n04147183,n04147183/ILSVRC2012_val_00036163.JPEG
imagenet,n04147183,n04147183/ILSVRC2012_val_00037184.JPEG
imagenet,n04147183,n04147183/ILSVRC2012_val_00037955.JPEG
imagenet,n04147183,n04147183/ILSVRC2012_val_00038471.JPEG
imagenet,n04147183,n04147183/ILSVRC2012_val_00038543.JPEG
imagenet,n04147183,n04147183/ILSVRC2012_val_00040977.JPEG
imagenet,n04147183,n04147183/ILSVRC2012_val_00041013.JPEG
imagenet,n04147183,n04147183/ILSVRC2012_val_00041082.JPEG
imagenet,n04147183,n04147183/ILSVRC2012_val_00042895.JPEG
imagenet,n04147183,n04147183/ILSVRC2012_val_00045694.JPEG
imagenet,n04147183,n04147183/ILSVRC2012_val_00046278.JPEG
imagenet,n04147183,n04147183/ILSVRC2012_val_00047403.JPEG
imagenet,n04147183,n04147183/ILSVRC2012_val_00047791.JPEG
imagenet,n04147183,n04147183/ILSVRC2012_val_00047934.JPEG
imagenet,n04147183,n04147183/ILSVRC2012_val_00048691.JPEG
imagenet,n04147183,n04147183/ILSVRC2012_val_00048988.JPEG
imagenet,n04147183,n04147183/ILSVRC2012_val_00049923.JPEG
imagenet,n04192698,n04192698/ILSVRC2012_val_00000232.JPEG
imagenet,n04192698,n04192698/ILSVRC2012_val_00001173.JPEG
imagenet,n04192698,n04192698/ILSVRC2012_val_00004694.JPEG
imagenet,n04192698,n04192698/ILSVRC2012_val_00005038.JPEG
imagenet,n04192698,n04192698/ILSVRC2012_val_00005679.JPEG
imagenet,n04192698,n04192698/ILSVRC2012_val_00006435.JPEG
imagenet,n04192698,n04192698/ILSVRC2012_val_00007248.JPEG
imagenet,n04192698,n04192698/ILSVRC2012_val_00008649.JPEG
imagenet,n04192698,n04192698/ILSVRC2012_val_00010773.JPEG
imagenet,n04192698,n04192698/ILSVRC2012_val_00012874.JPEG
imagenet,n04192698,n04192698/ILSVRC2012_val_00015006.JPEG
imagenet,n04192698,n04192698/ILSVRC2012_val_00016291.JPEG
imagenet,n04192698,n04192698/ILSVRC2012_val_00016932.JPEG
imagenet,n04192698,n04192698/ILSVRC2012_val_00017106.JPEG
imagenet,n04192698,n04192698/ILSVRC2012_val_00018574.JPEG
imagenet,n04192698,n04192698/ILSVRC2012_val_00018838.JPEG
imagenet,n04192698,n04192698/ILSVRC2012_val_00018970.JPEG
imagenet,n04192698,n04192698/ILSVRC2012_val_00019697.JPEG
imagenet,n04192698,n04192698/ILSVRC2012_val_00022277.JPEG
imagenet,n04192698,n04192698/ILSVRC2012_val_00023156.JPEG
imagenet,n04192698,n04192698/ILSVRC2012_val_00023309.JPEG
imagenet,n04192698,n04192698/ILSVRC2012_val_00024024.JPEG
imagenet,n04192698,n04192698/ILSVRC2012_val_00024342.JPEG
imagenet,n04192698,n04192698/ILSVRC2012_val_00024634.JPEG
imagenet,n04192698,n04192698/ILSVRC2012_val_00024994.JPEG
imagenet,n04192698,n04192698/ILSVRC2012_val_00025071.JPEG
imagenet,n04192698,n04192698/ILSVRC2012_val_00025337.JPEG
imagenet,n04192698,n04192698/ILSVRC2012_val_00026098.JPEG
imagenet,n04192698,n04192698/ILSVRC2012_val_00026513.JPEG
imagenet,n04192698,n04192698/ILSVRC2012_val_00027200.JPEG
imagenet,n04192698,n04192698/ILSVRC2012_val_00030177.JPEG
imagenet,n04192698,n04192698/ILSVRC2012_val_00031758.JPEG
imagenet,n04192698,n04192698/ILSVRC2012_val_00032125.JPEG
imagenet,n04192698,n04192698/ILSVRC2012_val_00032683.JPEG
imagenet,n04192698,n04192698/ILSVRC2012_val_00035470.JPEG
imagenet,n04192698,n04192698/ILSVRC2012_val_00036370.JPEG
imagenet,n04192698,n04192698/ILSVRC2012_val_00036493.JPEG
imagenet,n04192698,n04192698/ILSVRC2012_val_00037414.JPEG
imagenet,n04192698,n04192698/ILSVRC2012_val_00037734.JPEG
imagenet,n04192698,n04192698/ILSVRC2012_val_00038568.JPEG
imagenet,n04192698,n04192698/ILSVRC2012_val_00038809.JPEG
imagenet,n04192698,n04192698/ILSVRC2012_val_00041324.JPEG
imagenet,n04192698,n04192698/ILSVRC2012_val_00041860.JPEG
imagenet,n04192698,n04192698/ILSVRC2012_val_00044477.JPEG
imagenet,n04192698,n04192698/ILSVRC2012_val_00044974.JPEG
imagenet,n04192698,n04192698/ILSVRC2012_val_00046772.JPEG
imagenet,n04192698,n04192698/ILSVRC2012_val_00047516.JPEG
imagenet,n04192698,n04192698/ILSVRC2012_val_00047613.JPEG
imagenet,n04192698,n04192698/ILSVRC2012_val_00048729.JPEG
imagenet,n04192698,n04192698/ILSVRC2012_val_00049941.JPEG
imagenet,n04254680,n04254680/ILSVRC2012_val_00002349.JPEG
imagenet,n04254680,n04254680/ILSVRC2012_val_00005713.JPEG
imagenet,n04254680,n04254680/ILSVRC2012_val_00007819.JPEG
imagenet,n04254680,n04254680/ILSVRC2012_val_00008133.JPEG
imagenet,n04254680,n04254680/ILSVRC2012_val_00009301.JPEG
imagenet,n04254680,n04254680/ILSVRC2012_val_00009803.JPEG
imagenet,n04254680,n04254680/ILSVRC2012_val_00010033.JPEG
imagenet,n04254680,n04254680/ILSVRC2012_val_00011606.JPEG
imagenet,n04254680,n04254680/ILSVRC2012_val_00013365.JPEG
imagenet,n04254680,n04254680/ILSVRC2012_val_00014100.JPEG
imagenet,n04254680,n04254680/ILSVRC2012_val_00014154.JPEG
imagenet,n04254680,n04254680/ILSVRC2012_val_00014872.JPEG
imagenet,n04254680,n04254680/ILSVRC2012_val_00016558.JPEG
imagenet,n04254680,n04254680/ILSVRC2012_val_00016819.JPEG
imagenet,n04254680,n04254680/ILSVRC2012_val_00017284.JPEG
imagenet,n04254680,n04254680/ILSVRC2012_val_00017671.JPEG
imagenet,n04254680,n04254680/ILSVRC2012_val_00017782.JPEG
imagenet,n04254680,n04254680/ILSVRC2012_val_00019408.JPEG
imagenet,n04254680,n04254680/ILSVRC2012_val_00020296.JPEG
imagenet,n04254680,n04254680/ILSVRC2012_val_00022345.JPEG
imagenet,n04254680,n04254680/ILSVRC2012_val_00024060.JPEG
imagenet,n04254680,n04254680/ILSVRC2012_val_00024334.JPEG
imagenet,n04254680,n04254680/ILSVRC2012_val_00024905.JPEG
imagenet,n04254680,n04254680/ILSVRC2012_val_00026358.JPEG
imagenet,n04254680,n04254680/ILSVRC2012_val_00027702.JPEG
imagenet,n04254680,n04254680/ILSVRC2012_val_00028138.JPEG
imagenet,n04254680,n04254680/ILSVRC2012_val_00029787.JPEG
imagenet,n04254680,n04254680/ILSVRC2012_val_00030118.JPEG
imagenet,n04254680,n04254680/ILSVRC2012_val_00032238.JPEG
imagenet,n04254680,n04254680/ILSVRC2012_val_00032634.JPEG
imagenet,n04254680,n04254680/ILSVRC2012_val_00033202.JPEG
imagenet,n04254680,n04254680/ILSVRC2012_val_00033276.JPEG
imagenet,n04254680,n04254680/ILSVRC2012_val_00033315.JPEG
imagenet,n04254680,n04254680/ILSVRC2012_val_00035006.JPEG
imagenet,n04254680,n04254680/ILSVRC2012_val_00035786.JPEG
imagenet,n04254680,n04254680/ILSVRC2012_val_00036050.JPEG
imagenet,n04254680,n04254680/ILSVRC2012_val_00036164.JPEG
imagenet,n04254680,n04254680/ILSVRC2012_val_00037179.JPEG
imagenet,n04254680,n04254680/ILSVRC2012_val_00038483.JPEG
imagenet,n04254680,n04254680/ILSVRC2012_val_00040329.JPEG
imagenet,n04254680,n04254680/ILSVRC2012_val_00040853.JPEG
imagenet,n04254680,n04254680/ILSVRC2012_val_00041778.JPEG
imagenet,n04254680,n04254680/ILSVRC2012_val_00042311.JPEG
imagenet,n04254680,n04254680/ILSVRC2012_val_00042778.JPEG
imagenet,n04254680,n04254680/ILSVRC2012_val_00043985.JPEG
imagenet,n04254680,n04254680/ILSVRC2012_val_00044160.JPEG
imagenet,n04254680,n04254680/ILSVRC2012_val_00046135.JPEG
imagenet,n04254680,n04254680/ILSVRC2012_val_00047298.JPEG
imagenet,n04254680,n04254680/ILSVRC2012_val_00047887.JPEG
imagenet,n04254680,n04254680/ILSVRC2012_val_00048715.JPEG
imagenet,n04266014,n04266014/ILSVRC2012_val_00000559.JPEG
imagenet,n04266014,n04266014/ILSVRC2012_val_00001795.JPEG
imagenet,n04266014,n04266014/ILSVRC2012_val_00003073.JPEG
imagenet,n04266014,n04266014/ILSVRC2012_val_00004703.JPEG
imagenet,n04266014,n04266014/ILSVRC2012_val_00005204.JPEG
imagenet,n04266014,n04266014/ILSVRC2012_val_00005402.JPEG
imagenet,n04266014,n04266014/ILSVRC2012_val_00005531.JPEG
imagenet,n04266014,n04266014/ILSVRC2012_val_00005787.JPEG
imagenet,n04266014,n04266014/ILSVRC2012_val_00005822.JPEG
imagenet,n04266014,n04266014/ILSVRC2012_val_00009277.JPEG
imagenet,n04266014,n04266014/ILSVRC2012_val_00011708.JPEG
imagenet,n04266014,n04266014/ILSVRC2012_val_00012098.JPEG
imagenet,n04266014,n04266014/ILSVRC2012_val_00013688.JPEG
imagenet,n04266014,n04266014/ILSVRC2012_val_00014262.JPEG
imagenet,n04266014,n04266014/ILSVRC2012_val_00014979.JPEG
imagenet,n04266014,n04266014/ILSVRC2012_val_00017632.JPEG
imagenet,n04266014,n04266014/ILSVRC2012_val_00020130.JPEG
imagenet,n04266014,n04266014/ILSVRC2012_val_00020519.JPEG
imagenet,n04266014,n04266014/ILSVRC2012_val_00021037.JPEG
imagenet,n04266014,n04266014/ILSVRC2012_val_00021759.JPEG
imagenet,n04266014,n04266014/ILSVRC2012_val_00023257.JPEG
imagenet,n04266014,n04266014/ILSVRC2012_val_00025238.JPEG
imagenet,n04266014,n04266014/ILSVRC2012_val_00025483.JPEG
imagenet,n04266014,n04266014/ILSVRC2012_val_00026336.JPEG
imagenet,n04266014,n04266014/ILSVRC2012_val_00026581.JPEG
imagenet,n04266014,n04266014/ILSVRC2012_val_00027853.JPEG
imagenet,n04266014,n04266014/ILSVRC2012_val_00028211.JPEG
imagenet,n04266014,n04266014/ILSVRC2012_val_00028835.JPEG
imagenet,n04266014,n04266014/ILSVRC2012_val_00029823.JPEG
imagenet,n04266014,n04266014/ILSVRC2012_val_00032671.JPEG
imagenet,n04266014,n04266014/ILSVRC2012_val_00033013.JPEG
imagenet,n04266014,n04266014/ILSVRC2012_val_00034335.JPEG
imagenet,n04266014,n04266014/ILSVRC2012_val_00034371.JPEG
imagenet,n04266014,n04266014/ILSVRC2012_val_00036730.JPEG
imagenet,n04266014,n04266014/ILSVRC2012_val_00037621.JPEG
imagenet,n04266014,n04266014/ILSVRC2012_val_00038612.JPEG
imagenet,n04266014,n04266014/ILSVRC2012_val_00039273.JPEG
imagenet,n04266014,n04266014/ILSVRC2012_val_00039643.JPEG
imagenet,n04266014,n04266014/ILSVRC2012_val_00040020.JPEG
imagenet,n04266014,n04266014/ILSVRC2012_val_00042501.JPEG
imagenet,n04266014,n04266014/ILSVRC2012_val_00044382.JPEG
imagenet,n04266014,n04266014/ILSVRC2012_val_00045801.JPEG
imagenet,n04266014,n04266014/ILSVRC2012_val_00046484.JPEG
imagenet,n04266014,n04266014/ILSVRC2012_val_00046929.JPEG
imagenet,n04266014,n04266014/ILSVRC2012_val_00048161.JPEG
imagenet,n04266014,n04266014/ILSVRC2012_val_00048263.JPEG
imagenet,n04266014,n04266014/ILSVRC2012_val_00049610.JPEG
imagenet,n04266014,n04266014/ILSVRC2012_val_00049718.JPEG
imagenet,n04266014,n04266014/ILSVRC2012_val_00049754.JPEG
imagenet,n04266014,n04266014/ILSVRC2012_val_00049969.JPEG
imagenet,n04275548,n04275548/ILSVRC2012_val_00002128.JPEG
imagenet,n04275548,n04275548/ILSVRC2012_val_00005028.JPEG
imagenet,n04275548,n04275548/ILSVRC2012_val_00007259.JPEG
imagenet,n04275548,n04275548/ILSVRC2012_val_00008519.JPEG
imagenet,n04275548,n04275548/ILSVRC2012_val_00008546.JPEG
imagenet,n04275548,n04275548/ILSVRC2012_val_00009373.JPEG
imagenet,n04275548,n04275548/ILSVRC2012_val_00009763.JPEG
imagenet,n04275548,n04275548/ILSVRC2012_val_00009823.JPEG
imagenet,n04275548,n04275548/ILSVRC2012_val_00010811.JPEG
imagenet,n04275548,n04275548/ILSVRC2012_val_00011508.JPEG
imagenet,n04275548,n04275548/ILSVRC2012_val_00012305.JPEG
imagenet,n04275548,n04275548/ILSVRC2012_val_00012897.JPEG
imagenet,n04275548,n04275548/ILSVRC2012_val_00014968.JPEG
imagenet,n04275548,n04275548/ILSVRC2012_val_00018633.JPEG
imagenet,n04275548,n04275548/ILSVRC2012_val_00018751.JPEG
imagenet,n04275548,n04275548/ILSVRC2012_val_00019295.JPEG
imagenet,n04275548,n04275548/ILSVRC2012_val_00019618.JPEG
imagenet,n04275548,n04275548/ILSVRC2012_val_00019649.JPEG
imagenet,n04275548,n04275548/ILSVRC2012_val_00020733.JPEG
imagenet,n04275548,n04275548/ILSVRC2012_val_00020974.JPEG
imagenet,n04275548,n04275548/ILSVRC2012_val_00021471.JPEG
imagenet,n04275548,n04275548/ILSVRC2012_val_00023532.JPEG
imagenet,n04275548,n04275548/ILSVRC2012_val_00023544.JPEG
imagenet,n04275548,n04275548/ILSVRC2012_val_00026078.JPEG
imagenet,n04275548,n04275548/ILSVRC2012_val_00028350.JPEG
imagenet,n04275548,n04275548/ILSVRC2012_val_00028709.JPEG
imagenet,n04275548,n04275548/ILSVRC2012_val_00029580.JPEG
imagenet,n04275548,n04275548/ILSVRC2012_val_00031773.JPEG
imagenet,n04275548,n04275548/ILSVRC2012_val_00033227.JPEG
imagenet,n04275548,n04275548/ILSVRC2012_val_00035058.JPEG
imagenet,n04275548,n04275548/ILSVRC2012_val_00035311.JPEG
imagenet,n04275548,n04275548/ILSVRC2012_val_00036086.JPEG
imagenet,n04275548,n04275548/ILSVRC2012_val_00036672.JPEG
imagenet,n04275548,n04275548/ILSVRC2012_val_00038200.JPEG
imagenet,n04275548,n04275548/ILSVRC2012_val_00038930.JPEG
imagenet,n04275548,n04275548/ILSVRC2012_val_00039054.JPEG
imagenet,n04275548,n04275548/ILSVRC2012_val_00039431.JPEG
imagenet,n04275548,n04275548/ILSVRC2012_val_00040081.JPEG
imagenet,n04275548,n04275548/ILSVRC2012_val_00040594.JPEG
imagenet,n04275548,n04275548/ILSVRC2012_val_00041309.JPEG
imagenet,n04275548,n04275548/ILSVRC2012_val_00042422.JPEG
imagenet,n04275548,n04275548/ILSVRC2012_val_00043164.JPEG
imagenet,n04275548,n04275548/ILSVRC2012_val_00045297.JPEG
imagenet,n04275548,n04275548/ILSVRC2012_val_00045648.JPEG
imagenet,n04275548,n04275548/ILSVRC2012_val_00045949.JPEG
imagenet,n04275548,n04275548/ILSVRC2012_val_00046667.JPEG
imagenet,n04275548,n04275548/ILSVRC2012_val_00046830.JPEG
imagenet,n04275548,n04275548/ILSVRC2012_val_00048313.JPEG
imagenet,n04275548,n04275548/ILSVRC2012_val_00048690.JPEG
imagenet,n04275548,n04275548/ILSVRC2012_val_00049091.JPEG
imagenet,n04310018,n04310018/ILSVRC2012_val_00000544.JPEG
imagenet,n04310018,n04310018/ILSVRC2012_val_00001301.JPEG
imagenet,n04310018,n04310018/ILSVRC2012_val_00002603.JPEG
imagenet,n04310018,n04310018/ILSVRC2012_val_00002710.JPEG
imagenet,n04310018,n04310018/ILSVRC2012_val_00003156.JPEG
imagenet,n04310018,n04310018/ILSVRC2012_val_00003573.JPEG
imagenet,n04310018,n04310018/ILSVRC2012_val_00003599.JPEG
imagenet,n04310018,n04310018/ILSVRC2012_val_00006106.JPEG
imagenet,n04310018,n04310018/ILSVRC2012_val_00007826.JPEG
imagenet,n04310018,n04310018/ILSVRC2012_val_00008744.JPEG
imagenet,n04310018,n04310018/ILSVRC2012_val_00010581.JPEG
imagenet,n04310018,n04310018/ILSVRC2012_val_00015943.JPEG
imagenet,n04310018,n04310018/ILSVRC2012_val_00018384.JPEG
imagenet,n04310018,n04310018/ILSVRC2012_val_00018868.JPEG
imagenet,n04310018,n04310018/ILSVRC2012_val_00020437.JPEG
imagenet,n04310018,n04310018/ILSVRC2012_val_00021247.JPEG
imagenet,n04310018,n04310018/ILSVRC2012_val_00021734.JPEG
imagenet,n04310018,n04310018/ILSVRC2012_val_00022127.JPEG
imagenet,n04310018,n04310018/ILSVRC2012_val_00023508.JPEG
imagenet,n04310018,n04310018/ILSVRC2012_val_00024134.JPEG
imagenet,n04310018,n04310018/ILSVRC2012_val_00024627.JPEG
imagenet,n04310018,n04310018/ILSVRC2012_val_00024811.JPEG
imagenet,n04310018,n04310018/ILSVRC2012_val_00025265.JPEG
imagenet,n04310018,n04310018/ILSVRC2012_val_00026285.JPEG
imagenet,n04310018,n04310018/ILSVRC2012_val_00026477.JPEG
imagenet,n04310018,n04310018/ILSVRC2012_val_00026883.JPEG
imagenet,n04310018,n04310018/ILSVRC2012_val_00028485.JPEG
imagenet,n04310018,n04310018/ILSVRC2012_val_00031692.JPEG
imagenet,n04310018,n04310018/ILSVRC2012_val_00032215.JPEG
imagenet,n04310018,n04310018/ILSVRC2012_val_00033041.JPEG
imagenet,n04310018,n04310018/ILSVRC2012_val_00033557.JPEG
imagenet,n04310018,n04310018/ILSVRC2012_val_00034023.JPEG
imagenet,n04310018,n04310018/ILSVRC2012_val_00035889.JPEG
imagenet,n04310018,n04310018/ILSVRC2012_val_00037088.JPEG
imagenet,n04310018,n04310018/ILSVRC2012_val_00037349.JPEG
imagenet,n04310018,n04310018/ILSVRC2012_val_00038189.JPEG
imagenet,n04310018,n04310018/ILSVRC2012_val_00038429.JPEG
imagenet,n04310018,n04310018/ILSVRC2012_val_00038508.JPEG
imagenet,n04310018,n04310018/ILSVRC2012_val_00038885.JPEG
imagenet,n04310018,n04310018/ILSVRC2012_val_00040994.JPEG
imagenet,n04310018,n04310018/ILSVRC2012_val_00043296.JPEG
imagenet,n04310018,n04310018/ILSVRC2012_val_00044347.JPEG
imagenet,n04310018,n04310018/ILSVRC2012_val_00044835.JPEG
imagenet,n04310018,n04310018/ILSVRC2012_val_00045265.JPEG
imagenet,n04310018,n04310018/ILSVRC2012_val_00045560.JPEG
imagenet,n04310018,n04310018/ILSVRC2012_val_00046166.JPEG
imagenet,n04310018,n04310018/ILSVRC2012_val_00047906.JPEG
imagenet,n04310018,n04310018/ILSVRC2012_val_00048479.JPEG
imagenet,n04310018,n04310018/ILSVRC2012_val_00048487.JPEG
imagenet,n04310018,n04310018/ILSVRC2012_val_00048686.JPEG
imagenet,n04325704,n04325704/ILSVRC2012_val_00001059.JPEG
imagenet,n04325704,n04325704/ILSVRC2012_val_00003010.JPEG
imagenet,n04325704,n04325704/ILSVRC2012_val_00003414.JPEG
imagenet,n04325704,n04325704/ILSVRC2012_val_00004654.JPEG
imagenet,n04325704,n04325704/ILSVRC2012_val_00004680.JPEG
imagenet,n04325704,n04325704/ILSVRC2012_val_00007117.JPEG
imagenet,n04325704,n04325704/ILSVRC2012_val_00007162.JPEG
imagenet,n04325704,n04325704/ILSVRC2012_val_00009732.JPEG
imagenet,n04325704,n04325704/ILSVRC2012_val_00010960.JPEG
imagenet,n04325704,n04325704/ILSVRC2012_val_00012317.JPEG
imagenet,n04325704,n04325704/ILSVRC2012_val_00015383.JPEG
imagenet,n04325704,n04325704/ILSVRC2012_val_00016515.JPEG
imagenet,n04325704,n04325704/ILSVRC2012_val_00017390.JPEG
imagenet,n04325704,n04325704/ILSVRC2012_val_00018497.JPEG
imagenet,n04325704,n04325704/ILSVRC2012_val_00018510.JPEG
imagenet,n04325704,n04325704/ILSVRC2012_val_00020738.JPEG
imagenet,n04325704,n04325704/ILSVRC2012_val_00020882.JPEG
imagenet,n04325704,n04325704/ILSVRC2012_val_00021577.JPEG
imagenet,n04325704,n04325704/ILSVRC2012_val_00021921.JPEG
imagenet,n04325704,n04325704/ILSVRC2012_val_00022281.JPEG
imagenet,n04325704,n04325704/ILSVRC2012_val_00023465.JPEG
imagenet,n04325704,n04325704/ILSVRC2012_val_00025418.JPEG
imagenet,n04325704,n04325704/ILSVRC2012_val_00026365.JPEG
imagenet,n04325704,n04325704/ILSVRC2012_val_00027092.JPEG
imagenet,n04325704,n04325704/ILSVRC2012_val_00027132.JPEG
imagenet,n04325704,n04325704/ILSVRC2012_val_00027609.JPEG
imagenet,n04325704,n04325704/ILSVRC2012_val_00032034.JPEG
imagenet,n04325704,n04325704/ILSVRC2012_val_00032664.JPEG
imagenet,n04325704,n04325704/ILSVRC2012_val_00034344.JPEG
imagenet,n04325704,n04325704/ILSVRC2012_val_00035037.JPEG
imagenet,n04325704,n04325704/ILSVRC2012_val_00035873.JPEG
imagenet,n04325704,n04325704/ILSVRC2012_val_00036167.JPEG
imagenet,n04325704,n04325704/ILSVRC2012_val_00037110.JPEG
imagenet,n04325704,n04325704/ILSVRC2012_val_00038229.JPEG
imagenet,n04325704,n04325704/ILSVRC2012_val_00039815.JPEG
imagenet,n04325704,n04325704/ILSVRC2012_val_00040011.JPEG
imagenet,n04325704,n04325704/ILSVRC2012_val_00041039.JPEG
imagenet,n04325704,n04325704/ILSVRC2012_val_00041789.JPEG
imagenet,n04325704,n04325704/ILSVRC2012_val_00042271.JPEG
imagenet,n04325704,n04325704/ILSVRC2012_val_00042616.JPEG
imagenet,n04325704,n04325704/ILSVRC2012_val_00042632.JPEG
imagenet,n04325704,n04325704/ILSVRC2012_val_00042656.JPEG
imagenet,n04325704,n04325704/ILSVRC2012_val_00044116.JPEG
imagenet,n04325704,n04325704/ILSVRC2012_val_00044506.JPEG
imagenet,n04325704,n04325704/ILSVRC2012_val_00045762.JPEG
imagenet,n04325704,n04325704/ILSVRC2012_val_00046172.JPEG
imagenet,n04325704,n04325704/ILSVRC2012_val_00047302.JPEG
imagenet,n04325704,n04325704/ILSVRC2012_val_00047513.JPEG
imagenet,n04325704,n04325704/ILSVRC2012_val_00047964.JPEG
imagenet,n04325704,n04325704/ILSVRC2012_val_00047994.JPEG
imagenet,n04347754,n04347754/ILSVRC2012_val_00000595.JPEG
imagenet,n04347754,n04347754/ILSVRC2012_val_00000623.JPEG
imagenet,n04347754,n04347754/ILSVRC2012_val_00004204.JPEG
imagenet,n04347754,n04347754/ILSVRC2012_val_00004594.JPEG
imagenet,n04347754,n04347754/ILSVRC2012_val_00004609.JPEG
imagenet,n04347754,n04347754/ILSVRC2012_val_00006653.JPEG
imagenet,n04347754,n04347754/ILSVRC2012_val_00006902.JPEG
imagenet,n04347754,n04347754/ILSVRC2012_val_00010351.JPEG
imagenet,n04347754,n04347754/ILSVRC2012_val_00011046.JPEG
imagenet,n04347754,n04347754/ILSVRC2012_val_00011641.JPEG
imagenet,n04347754,n04347754/ILSVRC2012_val_00011735.JPEG
imagenet,n04347754,n04347754/ILSVRC2012_val_00012654.JPEG
imagenet,n04347754,n04347754/ILSVRC2012_val_00013200.JPEG
imagenet,n04347754,n04347754/ILSVRC2012_val_00013459.JPEG
imagenet,n04347754,n04347754/ILSVRC2012_val_00013469.JPEG
imagenet,n04347754,n04347754/ILSVRC2012_val_00014049.JPEG
imagenet,n04347754,n04347754/ILSVRC2012_val_00014568.JPEG
imagenet,n04347754,n04347754/ILSVRC2012_val_00017481.JPEG
imagenet,n04347754,n04347754/ILSVRC2012_val_00020107.JPEG
imagenet,n04347754,n04347754/ILSVRC2012_val_00020293.JPEG
imagenet,n04347754,n04347754/ILSVRC2012_val_00024698.JPEG
imagenet,n04347754,n04347754/ILSVRC2012_val_00024807.JPEG
imagenet,n04347754,n04347754/ILSVRC2012_val_00025445.JPEG
imagenet,n04347754,n04347754/ILSVRC2012_val_00025812.JPEG
imagenet,n04347754,n04347754/ILSVRC2012_val_00026652.JPEG
imagenet,n04347754,n04347754/ILSVRC2012_val_00029532.JPEG
imagenet,n04347754,n04347754/ILSVRC2012_val_00029680.JPEG
imagenet,n04347754,n04347754/ILSVRC2012_val_00029689.JPEG
imagenet,n04347754,n04347754/ILSVRC2012_val_00030480.JPEG
imagenet,n04347754,n04347754/ILSVRC2012_val_00030681.JPEG
imagenet,n04347754,n04347754/ILSVRC2012_val_00031365.JPEG
imagenet,n04347754,n04347754/ILSVRC2012_val_00031407.JPEG
imagenet,n04347754,n04347754/ILSVRC2012_val_00033516.JPEG
imagenet,n04347754,n04347754/ILSVRC2012_val_00033794.JPEG
imagenet,n04347754,n04347754/ILSVRC2012_val_00033895.JPEG
imagenet,n04347754,n04347754/ILSVRC2012_val_00034762.JPEG
imagenet,n04347754,n04347754/ILSVRC2012_val_00036124.JPEG
imagenet,n04347754,n04347754/ILSVRC2012_val_00038321.JPEG
imagenet,n04347754,n04347754/ILSVRC2012_val_00041636.JPEG
imagenet,n04347754,n04347754/ILSVRC2012_val_00042324.JPEG
imagenet,n04347754,n04347754/ILSVRC2012_val_00042801.JPEG
imagenet,n04347754,n04347754/ILSVRC2012_val_00043762.JPEG
imagenet,n04347754,n04347754/ILSVRC2012_val_00044250.JPEG
imagenet,n04347754,n04347754/ILSVRC2012_val_00046371.JPEG
imagenet,n04347754,n04347754/ILSVRC2012_val_00046685.JPEG
imagenet,n04347754,n04347754/ILSVRC2012_val_00047134.JPEG
imagenet,n04347754,n04347754/ILSVRC2012_val_00047712.JPEG
imagenet,n04347754,n04347754/ILSVRC2012_val_00049011.JPEG
imagenet,n04347754,n04347754/ILSVRC2012_val_00049184.JPEG
imagenet,n04347754,n04347754/ILSVRC2012_val_00049376.JPEG
imagenet,n04389033,n04389033/ILSVRC2012_val_00002120.JPEG
imagenet,n04389033,n04389033/ILSVRC2012_val_00002122.JPEG
imagenet,n04389033,n04389033/ILSVRC2012_val_00002162.JPEG
imagenet,n04389033,n04389033/ILSVRC2012_val_00002520.JPEG
imagenet,n04389033,n04389033/ILSVRC2012_val_00002637.JPEG
imagenet,n04389033,n04389033/ILSVRC2012_val_00003212.JPEG
imagenet,n04389033,n04389033/ILSVRC2012_val_00004353.JPEG
imagenet,n04389033,n04389033/ILSVRC2012_val_00004367.JPEG
imagenet,n04389033,n04389033/ILSVRC2012_val_00005592.JPEG
imagenet,n04389033,n04389033/ILSVRC2012_val_00006398.JPEG
imagenet,n04389033,n04389033/ILSVRC2012_val_00006846.JPEG
imagenet,n04389033,n04389033/ILSVRC2012_val_00008055.JPEG
imagenet,n04389033,n04389033/ILSVRC2012_val_00008783.JPEG
imagenet,n04389033,n04389033/ILSVRC2012_val_00015255.JPEG
imagenet,n04389033,n04389033/ILSVRC2012_val_00015638.JPEG
imagenet,n04389033,n04389033/ILSVRC2012_val_00017065.JPEG
imagenet,n04389033,n04389033/ILSVRC2012_val_00017094.JPEG
imagenet,n04389033,n04389033/ILSVRC2012_val_00020377.JPEG
imagenet,n04389033,n04389033/ILSVRC2012_val_00021989.JPEG
imagenet,n04389033,n04389033/ILSVRC2012_val_00024213.JPEG
imagenet,n04389033,n04389033/ILSVRC2012_val_00024233.JPEG
imagenet,n04389033,n04389033/ILSVRC2012_val_00026377.JPEG
imagenet,n04389033,n04389033/ILSVRC2012_val_00026635.JPEG
imagenet,n04389033,n04389033/ILSVRC2012_val_00027044.JPEG
imagenet,n04389033,n04389033/ILSVRC2012_val_00028659.JPEG
imagenet,n04389033,n04389033/ILSVRC2012_val_00030230.JPEG
imagenet,n04389033,n04389033/ILSVRC2012_val_00030415.JPEG
imagenet,n04389033,n04389033/ILSVRC2012_val_00030454.JPEG
imagenet,n04389033,n04389033/ILSVRC2012_val_00030941.JPEG
imagenet,n04389033,n04389033/ILSVRC2012_val_00032496.JPEG
imagenet,n04389033,n04389033/ILSVRC2012_val_00032996.JPEG
imagenet,n04389033,n04389033/ILSVRC2012_val_00033676.JPEG
imagenet,n04389033,n04389033/ILSVRC2012_val_00034135.JPEG
imagenet,n04389033,n04389033/ILSVRC2012_val_00036249.JPEG
imagenet,n04389033,n04389033/ILSVRC2012_val_00036905.JPEG
imagenet,n04389033,n04389033/ILSVRC2012_val_00037887.JPEG
imagenet,n04389033,n04389033/ILSVRC2012_val_00038383.JPEG
imagenet,n04389033,n04389033/ILSVRC2012_val_00039017.JPEG
imagenet,n04389033,n04389033/ILSVRC2012_val_00040332.JPEG
imagenet,n04389033,n04389033/ILSVRC2012_val_00041546.JPEG
imagenet,n04389033,n04389033/ILSVRC2012_val_00042341.JPEG
imagenet,n04389033,n04389033/ILSVRC2012_val_00042641.JPEG
imagenet,n04389033,n04389033/ILSVRC2012_val_00043756.JPEG
imagenet,n04389033,n04389033/ILSVRC2012_val_00044690.JPEG
imagenet,n04389033,n04389033/ILSVRC2012_val_00046630.JPEG
imagenet,n04389033,n04389033/ILSVRC2012_val_00046843.JPEG
imagenet,n04389033,n04389033/ILSVRC2012_val_00047296.JPEG
imagenet,n04389033,n04389033/ILSVRC2012_val_00048782.JPEG
imagenet,n04389033,n04389033/ILSVRC2012_val_00048799.JPEG
imagenet,n04389033,n04389033/ILSVRC2012_val_00049454.JPEG
imagenet,n04409515,n04409515/ILSVRC2012_val_00000123.JPEG
imagenet,n04409515,n04409515/ILSVRC2012_val_00000397.JPEG
imagenet,n04409515,n04409515/ILSVRC2012_val_00000653.JPEG
imagenet,n04409515,n04409515/ILSVRC2012_val_00003251.JPEG
imagenet,n04409515,n04409515/ILSVRC2012_val_00004929.JPEG
imagenet,n04409515,n04409515/ILSVRC2012_val_00007000.JPEG
imagenet,n04409515,n04409515/ILSVRC2012_val_00008890.JPEG
imagenet,n04409515,n04409515/ILSVRC2012_val_00009085.JPEG
imagenet,n04409515,n04409515/ILSVRC2012_val_00009605.JPEG
imagenet,n04409515,n04409515/ILSVRC2012_val_00010370.JPEG
imagenet,n04409515,n04409515/ILSVRC2012_val_00010812.JPEG
imagenet,n04409515,n04409515/ILSVRC2012_val_00010954.JPEG
imagenet,n04409515,n04409515/ILSVRC2012_val_00011318.JPEG
imagenet,n04409515,n04409515/ILSVRC2012_val_00012659.JPEG
imagenet,n04409515,n04409515/ILSVRC2012_val_00014503.JPEG
imagenet,n04409515,n04409515/ILSVRC2012_val_00015047.JPEG
imagenet,n04409515,n04409515/ILSVRC2012_val_00015054.JPEG
imagenet,n04409515,n04409515/ILSVRC2012_val_00017369.JPEG
imagenet,n04409515,n04409515/ILSVRC2012_val_00017452.JPEG
imagenet,n04409515,n04409515/ILSVRC2012_val_00018697.JPEG
imagenet,n04409515,n04409515/ILSVRC2012_val_00019125.JPEG
imagenet,n04409515,n04409515/ILSVRC2012_val_00020001.JPEG
imagenet,n04409515,n04409515/ILSVRC2012_val_00020170.JPEG
imagenet,n04409515,n04409515/ILSVRC2012_val_00020402.JPEG
imagenet,n04409515,n04409515/ILSVRC2012_val_00020528.JPEG
imagenet,n04409515,n04409515/ILSVRC2012_val_00023732.JPEG
imagenet,n04409515,n04409515/ILSVRC2012_val_00024455.JPEG
imagenet,n04409515,n04409515/ILSVRC2012_val_00025081.JPEG
imagenet,n04409515,n04409515/ILSVRC2012_val_00025113.JPEG
imagenet,n04409515,n04409515/ILSVRC2012_val_00027078.JPEG
imagenet,n04409515,n04409515/ILSVRC2012_val_00027391.JPEG
imagenet,n04409515,n04409515/ILSVRC2012_val_00029009.JPEG
imagenet,n04409515,n04409515/ILSVRC2012_val_00029328.JPEG
imagenet,n04409515,n04409515/ILSVRC2012_val_00030361.JPEG
imagenet,n04409515,n04409515/ILSVRC2012_val_00033467.JPEG
imagenet,n04409515,n04409515/ILSVRC2012_val_00033602.JPEG
imagenet,n04409515,n04409515/ILSVRC2012_val_00033609.JPEG
imagenet,n04409515,n04409515/ILSVRC2012_val_00034028.JPEG
imagenet,n04409515,n04409515/ILSVRC2012_val_00034217.JPEG
imagenet,n04409515,n04409515/ILSVRC2012_val_00035188.JPEG
imagenet,n04409515,n04409515/ILSVRC2012_val_00036818.JPEG
imagenet,n04409515,n04409515/ILSVRC2012_val_00039184.JPEG
imagenet,n04409515,n04409515/ILSVRC2012_val_00042309.JPEG
imagenet,n04409515,n04409515/ILSVRC2012_val_00042701.JPEG
imagenet,n04409515,n04409515/ILSVRC2012_val_00044037.JPEG
imagenet,n04409515,n04409515/ILSVRC2012_val_00046228.JPEG
imagenet,n04409515,n04409515/ILSVRC2012_val_00046348.JPEG
imagenet,n04409515,n04409515/ILSVRC2012_val_00047662.JPEG
imagenet,n04409515,n04409515/ILSVRC2012_val_00049400.JPEG
imagenet,n04409515,n04409515/ILSVRC2012_val_00049681.JPEG
imagenet,n04465501,n04465501/ILSVRC2012_val_00000294.JPEG
imagenet,n04465501,n04465501/ILSVRC2012_val_00000611.JPEG
imagenet,n04465501,n04465501/ILSVRC2012_val_00003326.JPEG
imagenet,n04465501,n04465501/ILSVRC2012_val_00004194.JPEG
imagenet,n04465501,n04465501/ILSVRC2012_val_00004854.JPEG
imagenet,n04465501,n04465501/ILSVRC2012_val_00007432.JPEG
imagenet,n04465501,n04465501/ILSVRC2012_val_00008766.JPEG
imagenet,n04465501,n04465501/ILSVRC2012_val_00009903.JPEG
imagenet,n04465501,n04465501/ILSVRC2012_val_00009997.JPEG
imagenet,n04465501,n04465501/ILSVRC2012_val_00011206.JPEG
imagenet,n04465501,n04465501/ILSVRC2012_val_00012822.JPEG
imagenet,n04465501,n04465501/ILSVRC2012_val_00013518.JPEG
imagenet,n04465501,n04465501/ILSVRC2012_val_00014136.JPEG
imagenet,n04465501,n04465501/ILSVRC2012_val_00015413.JPEG
imagenet,n04465501,n04465501/ILSVRC2012_val_00017040.JPEG
imagenet,n04465501,n04465501/ILSVRC2012_val_00019051.JPEG
imagenet,n04465501,n04465501/ILSVRC2012_val_00020921.JPEG
imagenet,n04465501,n04465501/ILSVRC2012_val_00020987.JPEG
imagenet,n04465501,n04465501/ILSVRC2012_val_00021373.JPEG
imagenet,n04465501,n04465501/ILSVRC2012_val_00024074.JPEG
imagenet,n04465501,n04465501/ILSVRC2012_val_00024101.JPEG
imagenet,n04465501,n04465501/ILSVRC2012_val_00025153.JPEG
imagenet,n04465501,n04465501/ILSVRC2012_val_00025222.JPEG
imagenet,n04465501,n04465501/ILSVRC2012_val_00025656.JPEG
imagenet,n04465501,n04465501/ILSVRC2012_val_00025769.JPEG
imagenet,n04465501,n04465501/ILSVRC2012_val_00026128.JPEG
imagenet,n04465501,n04465501/ILSVRC2012_val_00027450.JPEG
imagenet,n04465501,n04465501/ILSVRC2012_val_00027493.JPEG
imagenet,n04465501,n04465501/ILSVRC2012_val_00027978.JPEG
imagenet,n04465501,n04465501/ILSVRC2012_val_00028200.JPEG
imagenet,n04465501,n04465501/ILSVRC2012_val_00028428.JPEG
imagenet,n04465501,n04465501/ILSVRC2012_val_00030166.JPEG
imagenet,n04465501,n04465501/ILSVRC2012_val_00030443.JPEG
imagenet,n04465501,n04465501/ILSVRC2012_val_00030516.JPEG
imagenet,n04465501,n04465501/ILSVRC2012_val_00030960.JPEG
imagenet,n04465501,n04465501/ILSVRC2012_val_00034533.JPEG
imagenet,n04465501,n04465501/ILSVRC2012_val_00035339.JPEG
imagenet,n04465501,n04465501/ILSVRC2012_val_00035447.JPEG
imagenet,n04465501,n04465501/ILSVRC2012_val_00035513.JPEG
imagenet,n04465501,n04465501/ILSVRC2012_val_00035906.JPEG
imagenet,n04465501,n04465501/ILSVRC2012_val_00038088.JPEG
imagenet,n04465501,n04465501/ILSVRC2012_val_00038484.JPEG
imagenet,n04465501,n04465501/ILSVRC2012_val_00039830.JPEG
imagenet,n04465501,n04465501/ILSVRC2012_val_00039910.JPEG
imagenet,n04465501,n04465501/ILSVRC2012_val_00041033.JPEG
imagenet,n04465501,n04465501/ILSVRC2012_val_00041382.JPEG
imagenet,n04465501,n04465501/ILSVRC2012_val_00042682.JPEG
imagenet,n04465501,n04465501/ILSVRC2012_val_00043459.JPEG
imagenet,n04465501,n04465501/ILSVRC2012_val_00048220.JPEG
imagenet,n04465501,n04465501/ILSVRC2012_val_00049925.JPEG
imagenet,n04487394,n04487394/ILSVRC2012_val_00000146.JPEG
imagenet,n04487394,n04487394/ILSVRC2012_val_00000479.JPEG
imagenet,n04487394,n04487394/ILSVRC2012_val_00000555.JPEG
imagenet,n04487394,n04487394/ILSVRC2012_val_00001321.JPEG
imagenet,n04487394,n04487394/ILSVRC2012_val_00005309.JPEG
imagenet,n04487394,n04487394/ILSVRC2012_val_00005962.JPEG
imagenet,n04487394,n04487394/ILSVRC2012_val_00006413.JPEG
imagenet,n04487394,n04487394/ILSVRC2012_val_00007362.JPEG
imagenet,n04487394,n04487394/ILSVRC2012_val_00007492.JPEG
imagenet,n04487394,n04487394/ILSVRC2012_val_00007914.JPEG
imagenet,n04487394,n04487394/ILSVRC2012_val_00010269.JPEG
imagenet,n04487394,n04487394/ILSVRC2012_val_00012290.JPEG
imagenet,n04487394,n04487394/ILSVRC2012_val_00012692.JPEG
imagenet,n04487394,n04487394/ILSVRC2012_val_00012766.JPEG
imagenet,n04487394,n04487394/ILSVRC2012_val_00013134.JPEG
imagenet,n04487394,n04487394/ILSVRC2012_val_00013844.JPEG
imagenet,n04487394,n04487394/ILSVRC2012_val_00016009.JPEG
imagenet,n04487394,n04487394/ILSVRC2012_val_00016735.JPEG
imagenet,n04487394,n04487394/ILSVRC2012_val_00017424.JPEG
imagenet,n04487394,n04487394/ILSVRC2012_val_00018346.JPEG
imagenet,n04487394,n04487394/ILSVRC2012_val_00018527.JPEG
imagenet,n04487394,n04487394/ILSVRC2012_val_00020259.JPEG
imagenet,n04487394,n04487394/ILSVRC2012_val_00020911.JPEG
imagenet,n04487394,n04487394/ILSVRC2012_val_00022331.JPEG
imagenet,n04487394,n04487394/ILSVRC2012_val_00025175.JPEG
imagenet,n04487394,n04487394/ILSVRC2012_val_00025357.JPEG
imagenet,n04487394,n04487394/ILSVRC2012_val_00026281.JPEG
imagenet,n04487394,n04487394/ILSVRC2012_val_00027297.JPEG
imagenet,n04487394,n04487394/ILSVRC2012_val_00027975.JPEG
imagenet,n04487394,n04487394/ILSVRC2012_val_00028418.JPEG
imagenet,n04487394,n04487394/ILSVRC2012_val_00028953.JPEG
imagenet,n04487394,n04487394/ILSVRC2012_val_00029268.JPEG
imagenet,n04487394,n04487394/ILSVRC2012_val_00029358.JPEG
imagenet,n04487394,n04487394/ILSVRC2012_val_00029366.JPEG
imagenet,n04487394,n04487394/ILSVRC2012_val_00029574.JPEG
imagenet,n04487394,n04487394/ILSVRC2012_val_00029969.JPEG
imagenet,n04487394,n04487394/ILSVRC2012_val_00030894.JPEG
imagenet,n04487394,n04487394/ILSVRC2012_val_00033048.JPEG
imagenet,n04487394,n04487394/ILSVRC2012_val_00033068.JPEG
imagenet,n04487394,n04487394/ILSVRC2012_val_00033205.JPEG
imagenet,n04487394,n04487394/ILSVRC2012_val_00034253.JPEG
imagenet,n04487394,n04487394/ILSVRC2012_val_00036346.JPEG
imagenet,n04487394,n04487394/ILSVRC2012_val_00037551.JPEG
imagenet,n04487394,n04487394/ILSVRC2012_val_00038802.JPEG
imagenet,n04487394,n04487394/ILSVRC2012_val_00041246.JPEG
imagenet,n04487394,n04487394/ILSVRC2012_val_00044033.JPEG
imagenet,n04487394,n04487394/ILSVRC2012_val_00044627.JPEG
imagenet,n04487394,n04487394/ILSVRC2012_val_00045716.JPEG
imagenet,n04487394,n04487394/ILSVRC2012_val_00048169.JPEG
imagenet,n04487394,n04487394/ILSVRC2012_val_00049208.JPEG
imagenet,n04522168,n04522168/ILSVRC2012_val_00000895.JPEG
imagenet,n04522168,n04522168/ILSVRC2012_val_00000973.JPEG
imagenet,n04522168,n04522168/ILSVRC2012_val_00002092.JPEG
imagenet,n04522168,n04522168/ILSVRC2012_val_00002873.JPEG
imagenet,n04522168,n04522168/ILSVRC2012_val_00003657.JPEG
imagenet,n04522168,n04522168/ILSVRC2012_val_00005485.JPEG
imagenet,n04522168,n04522168/ILSVRC2012_val_00006280.JPEG
imagenet,n04522168,n04522168/ILSVRC2012_val_00006712.JPEG
imagenet,n04522168,n04522168/ILSVRC2012_val_00007642.JPEG
imagenet,n04522168,n04522168/ILSVRC2012_val_00007772.JPEG
imagenet,n04522168,n04522168/ILSVRC2012_val_00010407.JPEG
imagenet,n04522168,n04522168/ILSVRC2012_val_00011020.JPEG
imagenet,n04522168,n04522168/ILSVRC2012_val_00011121.JPEG
imagenet,n04522168,n04522168/ILSVRC2012_val_00011908.JPEG
imagenet,n04522168,n04522168/ILSVRC2012_val_00012036.JPEG
imagenet,n04522168,n04522168/ILSVRC2012_val_00012147.JPEG
imagenet,n04522168,n04522168/ILSVRC2012_val_00013199.JPEG
imagenet,n04522168,n04522168/ILSVRC2012_val_00017607.JPEG
imagenet,n04522168,n04522168/ILSVRC2012_val_00018049.JPEG
imagenet,n04522168,n04522168/ILSVRC2012_val_00018077.JPEG
imagenet,n04522168,n04522168/ILSVRC2012_val_00018777.JPEG
imagenet,n04522168,n04522168/ILSVRC2012_val_00018977.JPEG
imagenet,n04522168,n04522168/ILSVRC2012_val_00028768.JPEG
imagenet,n04522168,n04522168/ILSVRC2012_val_00030856.JPEG
imagenet,n04522168,n04522168/ILSVRC2012_val_00031441.JPEG
imagenet,n04522168,n04522168/ILSVRC2012_val_00031592.JPEG
imagenet,n04522168,n04522168/ILSVRC2012_val_00031654.JPEG
imagenet,n04522168,n04522168/ILSVRC2012_val_00031872.JPEG
imagenet,n04522168,n04522168/ILSVRC2012_val_00032364.JPEG
imagenet,n04522168,n04522168/ILSVRC2012_val_00034163.JPEG
imagenet,n04522168,n04522168/ILSVRC2012_val_00034387.JPEG
imagenet,n04522168,n04522168/ILSVRC2012_val_00035219.JPEG
imagenet,n04522168,n04522168/ILSVRC2012_val_00035813.JPEG
imagenet,n04522168,n04522168/ILSVRC2012_val_00037121.JPEG
imagenet,n04522168,n04522168/ILSVRC2012_val_00037335.JPEG
imagenet,n04522168,n04522168/ILSVRC2012_val_00039280.JPEG
imagenet,n04522168,n04522168/ILSVRC2012_val_00039729.JPEG
imagenet,n04522168,n04522168/ILSVRC2012_val_00040024.JPEG
imagenet,n04522168,n04522168/ILSVRC2012_val_00041967.JPEG
imagenet,n04522168,n04522168/ILSVRC2012_val_00042916.JPEG
imagenet,n04522168,n04522168/ILSVRC2012_val_00042947.JPEG
imagenet,n04522168,n04522168/ILSVRC2012_val_00045714.JPEG
imagenet,n04522168,n04522168/ILSVRC2012_val_00046271.JPEG
imagenet,n04522168,n04522168/ILSVRC2012_val_00046900.JPEG
imagenet,n04522168,n04522168/ILSVRC2012_val_00047178.JPEG
imagenet,n04522168,n04522168/ILSVRC2012_val_00047639.JPEG
imagenet,n04522168,n04522168/ILSVRC2012_val_00047813.JPEG
imagenet,n04522168,n04522168/ILSVRC2012_val_00048073.JPEG
imagenet,n04522168,n04522168/ILSVRC2012_val_00048744.JPEG
imagenet,n04522168,n04522168/ILSVRC2012_val_00049753.JPEG
imagenet,n04536866,n04536866/ILSVRC2012_val_00000212.JPEG
imagenet,n04536866,n04536866/ILSVRC2012_val_00001118.JPEG
imagenet,n04536866,n04536866/ILSVRC2012_val_00001628.JPEG
imagenet,n04536866,n04536866/ILSVRC2012_val_00002201.JPEG
imagenet,n04536866,n04536866/ILSVRC2012_val_00002421.JPEG
imagenet,n04536866,n04536866/ILSVRC2012_val_00004695.JPEG
imagenet,n04536866,n04536866/ILSVRC2012_val_00005487.JPEG
imagenet,n04536866,n04536866/ILSVRC2012_val_00007249.JPEG
imagenet,n04536866,n04536866/ILSVRC2012_val_00007538.JPEG
imagenet,n04536866,n04536866/ILSVRC2012_val_00008158.JPEG
imagenet,n04536866,n04536866/ILSVRC2012_val_00008690.JPEG
imagenet,n04536866,n04536866/ILSVRC2012_val_00011089.JPEG
imagenet,n04536866,n04536866/ILSVRC2012_val_00011745.JPEG
imagenet,n04536866,n04536866/ILSVRC2012_val_00012680.JPEG
imagenet,n04536866,n04536866/ILSVRC2012_val_00012803.JPEG
imagenet,n04536866,n04536866/ILSVRC2012_val_00014859.JPEG
imagenet,n04536866,n04536866/ILSVRC2012_val_00015869.JPEG
imagenet,n04536866,n04536866/ILSVRC2012_val_00016034.JPEG
imagenet,n04536866,n04536866/ILSVRC2012_val_00016531.JPEG
imagenet,n04536866,n04536866/ILSVRC2012_val_00019563.JPEG
imagenet,n04536866,n04536866/ILSVRC2012_val_00021288.JPEG
imagenet,n04536866,n04536866/ILSVRC2012_val_00021943.JPEG
imagenet,n04536866,n04536866/ILSVRC2012_val_00021977.JPEG
imagenet,n04536866,n04536866/ILSVRC2012_val_00024173.JPEG
imagenet,n04536866,n04536866/ILSVRC2012_val_00024503.JPEG
imagenet,n04536866,n04536866/ILSVRC2012_val_00024510.JPEG
imagenet,n04536866,n04536866/ILSVRC2012_val_00025119.JPEG
imagenet,n04536866,n04536866/ILSVRC2012_val_00025372.JPEG
imagenet,n04536866,n04536866/ILSVRC2012_val_00025413.JPEG
imagenet,n04536866,n04536866/ILSVRC2012_val_00026957.JPEG
imagenet,n04536866,n04536866/ILSVRC2012_val_00027540.JPEG
imagenet,n04536866,n04536866/ILSVRC2012_val_00027587.JPEG
imagenet,n04536866,n04536866/ILSVRC2012_val_00027728.JPEG
imagenet,n04536866,n04536866/ILSVRC2012_val_00029662.JPEG
imagenet,n04536866,n04536866/ILSVRC2012_val_00031548.JPEG
imagenet,n04536866,n04536866/ILSVRC2012_val_00032060.JPEG
imagenet,n04536866,n04536866/ILSVRC2012_val_00034280.JPEG
imagenet,n04536866,n04536866/ILSVRC2012_val_00036501.JPEG
imagenet,n04536866,n04536866/ILSVRC2012_val_00036991.JPEG
imagenet,n04536866,n04536866/ILSVRC2012_val_00039680.JPEG
imagenet,n04536866,n04536866/ILSVRC2012_val_00040936.JPEG
imagenet,n04536866,n04536866/ILSVRC2012_val_00041774.JPEG
imagenet,n04536866,n04536866/ILSVRC2012_val_00044174.JPEG
imagenet,n04536866,n04536866/ILSVRC2012_val_00045057.JPEG
imagenet,n04536866,n04536866/ILSVRC2012_val_00046800.JPEG
imagenet,n04536866,n04536866/ILSVRC2012_val_00046990.JPEG
imagenet,n04536866,n04536866/ILSVRC2012_val_00047161.JPEG
imagenet,n04536866,n04536866/ILSVRC2012_val_00047659.JPEG
imagenet,n04536866,n04536866/ILSVRC2012_val_00047738.JPEG
imagenet,n04536866,n04536866/ILSVRC2012_val_00048341.JPEG
imagenet,n04552348,n04552348/ILSVRC2012_val_00000369.JPEG
imagenet,n04552348,n04552348/ILSVRC2012_val_00003293.JPEG
imagenet,n04552348,n04552348/ILSVRC2012_val_00004879.JPEG
imagenet,n04552348,n04552348/ILSVRC2012_val_00004998.JPEG
imagenet,n04552348,n04552348/ILSVRC2012_val_00005116.JPEG
imagenet,n04552348,n04552348/ILSVRC2012_val_00007004.JPEG
imagenet,n04552348,n04552348/ILSVRC2012_val_00007311.JPEG
imagenet,n04552348,n04552348/ILSVRC2012_val_00010014.JPEG
imagenet,n04552348,n04552348/ILSVRC2012_val_00011942.JPEG
imagenet,n04552348,n04552348/ILSVRC2012_val_00012932.JPEG
imagenet,n04552348,n04552348/ILSVRC2012_val_00015070.JPEG
imagenet,n04552348,n04552348/ILSVRC2012_val_00015306.JPEG
imagenet,n04552348,n04552348/ILSVRC2012_val_00016506.JPEG
imagenet,n04552348,n04552348/ILSVRC2012_val_00018147.JPEG
imagenet,n04552348,n04552348/ILSVRC2012_val_00018190.JPEG
imagenet,n04552348,n04552348/ILSVRC2012_val_00018638.JPEG
imagenet,n04552348,n04552348/ILSVRC2012_val_00019254.JPEG
imagenet,n04552348,n04552348/ILSVRC2012_val_00020759.JPEG
imagenet,n04552348,n04552348/ILSVRC2012_val_00021062.JPEG
imagenet,n04552348,n04552348/ILSVRC2012_val_00021358.JPEG
imagenet,n04552348,n04552348/ILSVRC2012_val_00022103.JPEG
imagenet,n04552348,n04552348/ILSVRC2012_val_00023087.JPEG
imagenet,n04552348,n04552348/ILSVRC2012_val_00023334.JPEG
imagenet,n04552348,n04552348/ILSVRC2012_val_00023593.JPEG
imagenet,n04552348,n04552348/ILSVRC2012_val_00023701.JPEG
imagenet,n04552348,n04552348/ILSVRC2012_val_00024613.JPEG
imagenet,n04552348,n04552348/ILSVRC2012_val_00024705.JPEG
imagenet,n04552348,n04552348/ILSVRC2012_val_00026553.JPEG
imagenet,n04552348,n04552348/ILSVRC2012_val_00027681.JPEG
imagenet,n04552348,n04552348/ILSVRC2012_val_00028193.JPEG
imagenet,n04552348,n04552348/ILSVRC2012_val_00028234.JPEG
imagenet,n04552348,n04552348/ILSVRC2012_val_00030069.JPEG
imagenet,n04552348,n04552348/ILSVRC2012_val_00030208.JPEG
imagenet,n04552348,n04552348/ILSVRC2012_val_00031559.JPEG
imagenet,n04552348,n04552348/ILSVRC2012_val_00032516.JPEG
imagenet,n04552348,n04552348/ILSVRC2012_val_00033671.JPEG
imagenet,n04552348,n04552348/ILSVRC2012_val_00034713.JPEG
imagenet,n04552348,n04552348/ILSVRC2012_val_00035119.JPEG
imagenet,n04552348,n04552348/ILSVRC2012_val_00037204.JPEG
imagenet,n04552348,n04552348/ILSVRC2012_val_00037822.JPEG
imagenet,n04552348,n04552348/ILSVRC2012_val_00038939.JPEG
imagenet,n04552348,n04552348/ILSVRC2012_val_00039785.JPEG
imagenet,n04552348,n04552348/ILSVRC2012_val_00044335.JPEG
imagenet,n04552348,n04552348/ILSVRC2012_val_00046026.JPEG
imagenet,n04552348,n04552348/ILSVRC2012_val_00046500.JPEG
imagenet,n04552348,n04552348/ILSVRC2012_val_00047529.JPEG
imagenet,n04552348,n04552348/ILSVRC2012_val_00047539.JPEG
imagenet,n04552348,n04552348/ILSVRC2012_val_00047723.JPEG
imagenet,n04552348,n04552348/ILSVRC2012_val_00047865.JPEG
imagenet,n04552348,n04552348/ILSVRC2012_val_00047921.JPEG
imagenet,n04591713,n04591713/ILSVRC2012_val_00000805.JPEG
imagenet,n04591713,n04591713/ILSVRC2012_val_00001589.JPEG
imagenet,n04591713,n04591713/ILSVRC2012_val_00002086.JPEG
imagenet,n04591713,n04591713/ILSVRC2012_val_00003201.JPEG
imagenet,n04591713,n04591713/ILSVRC2012_val_00005191.JPEG
imagenet,n04591713,n04591713/ILSVRC2012_val_00005388.JPEG
imagenet,n04591713,n04591713/ILSVRC2012_val_00006632.JPEG
imagenet,n04591713,n04591713/ILSVRC2012_val_00006808.JPEG
imagenet,n04591713,n04591713/ILSVRC2012_val_00006865.JPEG
imagenet,n04591713,n04591713/ILSVRC2012_val_00007320.JPEG
imagenet,n04591713,n04591713/ILSVRC2012_val_00010827.JPEG
imagenet,n04591713,n04591713/ILSVRC2012_val_00012594.JPEG
imagenet,n04591713,n04591713/ILSVRC2012_val_00013247.JPEG
imagenet,n04591713,n04591713/ILSVRC2012_val_00016360.JPEG
imagenet,n04591713,n04591713/ILSVRC2012_val_00016679.JPEG
imagenet,n04591713,n04591713/ILSVRC2012_val_00017177.JPEG
imagenet,n04591713,n04591713/ILSVRC2012_val_00019154.JPEG
imagenet,n04591713,n04591713/ILSVRC2012_val_00019274.JPEG
imagenet,n04591713,n04591713/ILSVRC2012_val_00021988.JPEG
imagenet,n04591713,n04591713/ILSVRC2012_val_00022049.JPEG
imagenet,n04591713,n04591713/ILSVRC2012_val_00024147.JPEG
imagenet,n04591713,n04591713/ILSVRC2012_val_00025193.JPEG
imagenet,n04591713,n04591713/ILSVRC2012_val_00026293.JPEG
imagenet,n04591713,n04591713/ILSVRC2012_val_00026709.JPEG
imagenet,n04591713,n04591713/ILSVRC2012_val_00027316.JPEG
imagenet,n04591713,n04591713/ILSVRC2012_val_00027648.JPEG
imagenet,n04591713,n04591713/ILSVRC2012_val_00028267.JPEG
imagenet,n04591713,n04591713/ILSVRC2012_val_00031837.JPEG
imagenet,n04591713,n04591713/ILSVRC2012_val_00032225.JPEG
imagenet,n04591713,n04591713/ILSVRC2012_val_00033940.JPEG
imagenet,n04591713,n04591713/ILSVRC2012_val_00033990.JPEG
imagenet,n04591713,n04591713/ILSVRC2012_val_00034842.JPEG
imagenet,n04591713,n04591713/ILSVRC2012_val_00035740.JPEG
imagenet,n04591713,n04591713/ILSVRC2012_val_00036776.JPEG
imagenet,n04591713,n04591713/ILSVRC2012_val_00037871.JPEG
imagenet,n04591713,n04591713/ILSVRC2012_val_00039657.JPEG
imagenet,n04591713,n04591713/ILSVRC2012_val_00039811.JPEG
imagenet,n04591713,n04591713/ILSVRC2012_val_00040198.JPEG
imagenet,n04591713,n04591713/ILSVRC2012_val_00040395.JPEG
imagenet,n04591713,n04591713/ILSVRC2012_val_00042526.JPEG
imagenet,n04591713,n04591713/ILSVRC2012_val_00042920.JPEG
imagenet,n04591713,n04591713/ILSVRC2012_val_00043192.JPEG
imagenet,n04591713,n04591713/ILSVRC2012_val_00043385.JPEG
imagenet,n04591713,n04591713/ILSVRC2012_val_00043394.JPEG
imagenet,n04591713,n04591713/ILSVRC2012_val_00044614.JPEG
imagenet,n04591713,n04591713/ILSVRC2012_val_00046607.JPEG
imagenet,n04591713,n04591713/ILSVRC2012_val_00048539.JPEG
imagenet,n04591713,n04591713/ILSVRC2012_val_00048602.JPEG
imagenet,n04591713,n04591713/ILSVRC2012_val_00049232.JPEG
imagenet,n04591713,n04591713/ILSVRC2012_val_00049393.JPEG
imagenet,n07614500,n07614500/ILSVRC2012_val_00000574.JPEG
imagenet,n07614500,n07614500/ILSVRC2012_val_00001233.JPEG
imagenet,n07614500,n07614500/ILSVRC2012_val_00001415.JPEG
imagenet,n07614500,n07614500/ILSVRC2012_val_00003592.JPEG
imagenet,n07614500,n07614500/ILSVRC2012_val_00004289.JPEG
imagenet,n07614500,n07614500/ILSVRC2012_val_00004495.JPEG
imagenet,n07614500,n07614500/ILSVRC2012_val_00004529.JPEG
imagenet,n07614500,n07614500/ILSVRC2012_val_00006126.JPEG
imagenet,n07614500,n07614500/ILSVRC2012_val_00006749.JPEG
imagenet,n07614500,n07614500/ILSVRC2012_val_00006914.JPEG
imagenet,n07614500,n07614500/ILSVRC2012_val_00008264.JPEG
imagenet,n07614500,n07614500/ILSVRC2012_val_00008598.JPEG
imagenet,n07614500,n07614500/ILSVRC2012_val_00009969.JPEG
imagenet,n07614500,n07614500/ILSVRC2012_val_00012292.JPEG
imagenet,n07614500,n07614500/ILSVRC2012_val_00014137.JPEG
imagenet,n07614500,n07614500/ILSVRC2012_val_00014743.JPEG
imagenet,n07614500,n07614500/ILSVRC2012_val_00015354.JPEG
imagenet,n07614500,n07614500/ILSVRC2012_val_00017575.JPEG
imagenet,n07614500,n07614500/ILSVRC2012_val_00017695.JPEG
imagenet,n07614500,n07614500/ILSVRC2012_val_00018086.JPEG
imagenet,n07614500,n07614500/ILSVRC2012_val_00020294.JPEG
imagenet,n07614500,n07614500/ILSVRC2012_val_00022417.JPEG
imagenet,n07614500,n07614500/ILSVRC2012_val_00024640.JPEG
imagenet,n07614500,n07614500/ILSVRC2012_val_00025209.JPEG
imagenet,n07614500,n07614500/ILSVRC2012_val_00027105.JPEG
imagenet,n07614500,n07614500/ILSVRC2012_val_00028064.JPEG
imagenet,n07614500,n07614500/ILSVRC2012_val_00029547.JPEG
imagenet,n07614500,n07614500/ILSVRC2012_val_00030615.JPEG
imagenet,n07614500,n07614500/ILSVRC2012_val_00030846.JPEG
imagenet,n07614500,n07614500/ILSVRC2012_val_00031158.JPEG
imagenet,n07614500,n07614500/ILSVRC2012_val_00031184.JPEG
imagenet,n07614500,n07614500/ILSVRC2012_val_00034087.JPEG
imagenet,n07614500,n07614500/ILSVRC2012_val_00034189.JPEG
imagenet,n07614500,n07614500/ILSVRC2012_val_00035076.JPEG
imagenet,n07614500,n07614500/ILSVRC2012_val_00037496.JPEG
imagenet,n07614500,n07614500/ILSVRC2012_val_00038691.JPEG
imagenet,n07614500,n07614500/ILSVRC2012_val_00038820.JPEG
imagenet,n07614500,n07614500/ILSVRC2012_val_00038852.JPEG
imagenet,n07614500,n07614500/ILSVRC2012_val_00039323.JPEG
imagenet,n07614500,n07614500/ILSVRC2012_val_00039379.JPEG
imagenet,n07614500,n07614500/ILSVRC2012_val_00040067.JPEG
imagenet,n07614500,n07614500/ILSVRC2012_val_00041321.JPEG
imagenet,n07614500,n07614500/ILSVRC2012_val_00042011.JPEG
imagenet,n07614500,n07614500/ILSVRC2012_val_00042649.JPEG
imagenet,n07614500,n07614500/ILSVRC2012_val_00044555.JPEG
imagenet,n07614500,n07614500/ILSVRC2012_val_00046528.JPEG
imagenet,n07614500,n07614500/ILSVRC2012_val_00046813.JPEG
imagenet,n07614500,n07614500/ILSVRC2012_val_00047647.JPEG
imagenet,n07614500,n07614500/ILSVRC2012_val_00049702.JPEG
imagenet,n07614500,n07614500/ILSVRC2012_val_00049832.JPEG
imagenet,n07693725,n07693725/ILSVRC2012_val_00001405.JPEG
imagenet,n07693725,n07693725/ILSVRC2012_val_00002744.JPEG
imagenet,n07693725,n07693725/ILSVRC2012_val_00004675.JPEG
imagenet,n07693725,n07693725/ILSVRC2012_val_00005619.JPEG
imagenet,n07693725,n07693725/ILSVRC2012_val_00006308.JPEG
imagenet,n07693725,n07693725/ILSVRC2012_val_00007322.JPEG
imagenet,n07693725,n07693725/ILSVRC2012_val_00009341.JPEG
imagenet,n07693725,n07693725/ILSVRC2012_val_00009646.JPEG
imagenet,n07693725,n07693725/ILSVRC2012_val_00011885.JPEG
imagenet,n07693725,n07693725/ILSVRC2012_val_00012537.JPEG
imagenet,n07693725,n07693725/ILSVRC2012_val_00012705.JPEG
imagenet,n07693725,n07693725/ILSVRC2012_val_00013335.JPEG
imagenet,n07693725,n07693725/ILSVRC2012_val_00017354.JPEG
imagenet,n07693725,n07693725/ILSVRC2012_val_00018060.JPEG
imagenet,n07693725,n07693725/ILSVRC2012_val_00018883.JPEG
imagenet,n07693725,n07693725/ILSVRC2012_val_00018914.JPEG
imagenet,n07693725,n07693725/ILSVRC2012_val_00019949.JPEG
imagenet,n07693725,n07693725/ILSVRC2012_val_00019958.JPEG
imagenet,n07693725,n07693725/ILSVRC2012_val_00020615.JPEG
imagenet,n07693725,n07693725/ILSVRC2012_val_00020828.JPEG
imagenet,n07693725,n07693725/ILSVRC2012_val_00021276.JPEG
imagenet,n07693725,n07693725/ILSVRC2012_val_00022802.JPEG
imagenet,n07693725,n07693725/ILSVRC2012_val_00024953.JPEG
imagenet,n07693725,n07693725/ILSVRC2012_val_00026951.JPEG
imagenet,n07693725,n07693725/ILSVRC2012_val_00027560.JPEG
imagenet,n07693725,n07693725/ILSVRC2012_val_00028288.JPEG
imagenet,n07693725,n07693725/ILSVRC2012_val_00028873.JPEG
imagenet,n07693725,n07693725/ILSVRC2012_val_00028893.JPEG
imagenet,n07693725,n07693725/ILSVRC2012_val_00032119.JPEG
imagenet,n07693725,n07693725/ILSVRC2012_val_00033590.JPEG
imagenet,n07693725,n07693725/ILSVRC2012_val_00033678.JPEG
imagenet,n07693725,n07693725/ILSVRC2012_val_00033939.JPEG
imagenet,n07693725,n07693725/ILSVRC2012_val_00035111.JPEG
imagenet,n07693725,n07693725/ILSVRC2012_val_00035201.JPEG
imagenet,n07693725,n07693725/ILSVRC2012_val_00037065.JPEG
imagenet,n07693725,n07693725/ILSVRC2012_val_00039718.JPEG
imagenet,n07693725,n07693725/ILSVRC2012_val_00040367.JPEG
imagenet,n07693725,n07693725/ILSVRC2012_val_00040941.JPEG
imagenet,n07693725,n07693725/ILSVRC2012_val_00043248.JPEG
imagenet,n07693725,n07693725/ILSVRC2012_val_00043485.JPEG
imagenet,n07693725,n07693725/ILSVRC2012_val_00043931.JPEG
imagenet,n07693725,n07693725/ILSVRC2012_val_00044026.JPEG
imagenet,n07693725,n07693725/ILSVRC2012_val_00044186.JPEG
imagenet,n07693725,n07693725/ILSVRC2012_val_00044299.JPEG
imagenet,n07693725,n07693725/ILSVRC2012_val_00044905.JPEG
imagenet,n07693725,n07693725/ILSVRC2012_val_00045277.JPEG
imagenet,n07693725,n07693725/ILSVRC2012_val_00045523.JPEG
imagenet,n07693725,n07693725/ILSVRC2012_val_00045573.JPEG
imagenet,n07693725,n07693725/ILSVRC2012_val_00047003.JPEG
imagenet,n07693725,n07693725/ILSVRC2012_val_00049796.JPEG
imagenet,n07695742,n07695742/ILSVRC2012_val_00000891.JPEG
imagenet,n07695742,n07695742/ILSVRC2012_val_00001967.JPEG
imagenet,n07695742,n07695742/ILSVRC2012_val_00002054.JPEG
imagenet,n07695742,n07695742/ILSVRC2012_val_00002252.JPEG
imagenet,n07695742,n07695742/ILSVRC2012_val_00003416.JPEG
imagenet,n07695742,n07695742/ILSVRC2012_val_00004195.JPEG
imagenet,n07695742,n07695742/ILSVRC2012_val_00004759.JPEG
imagenet,n07695742,n07695742/ILSVRC2012_val_00004887.JPEG
imagenet,n07695742,n07695742/ILSVRC2012_val_00006197.JPEG
imagenet,n07695742,n07695742/ILSVRC2012_val_00007024.JPEG
imagenet,n07695742,n07695742/ILSVRC2012_val_00007087.JPEG
imagenet,n07695742,n07695742/ILSVRC2012_val_00007192.JPEG
imagenet,n07695742,n07695742/ILSVRC2012_val_00007742.JPEG
imagenet,n07695742,n07695742/ILSVRC2012_val_00008100.JPEG
imagenet,n07695742,n07695742/ILSVRC2012_val_00011464.JPEG
imagenet,n07695742,n07695742/ILSVRC2012_val_00012064.JPEG
imagenet,n07695742,n07695742/ILSVRC2012_val_00013493.JPEG
imagenet,n07695742,n07695742/ILSVRC2012_val_00013979.JPEG
imagenet,n07695742,n07695742/ILSVRC2012_val_00013996.JPEG
imagenet,n07695742,n07695742/ILSVRC2012_val_00014104.JPEG
imagenet,n07695742,n07695742/ILSVRC2012_val_00014687.JPEG
imagenet,n07695742,n07695742/ILSVRC2012_val_00014958.JPEG
imagenet,n07695742,n07695742/ILSVRC2012_val_00017047.JPEG
imagenet,n07695742,n07695742/ILSVRC2012_val_00017241.JPEG
imagenet,n07695742,n07695742/ILSVRC2012_val_00018194.JPEG
imagenet,n07695742,n07695742/ILSVRC2012_val_00018217.JPEG
imagenet,n07695742,n07695742/ILSVRC2012_val_00018426.JPEG
imagenet,n07695742,n07695742/ILSVRC2012_val_00019608.JPEG
imagenet,n07695742,n07695742/ILSVRC2012_val_00019823.JPEG
imagenet,n07695742,n07695742/ILSVRC2012_val_00019850.JPEG
imagenet,n07695742,n07695742/ILSVRC2012_val_00020592.JPEG
imagenet,n07695742,n07695742/ILSVRC2012_val_00023752.JPEG
imagenet,n07695742,n07695742/ILSVRC2012_val_00024183.JPEG
imagenet,n07695742,n07695742/ILSVRC2012_val_00024522.JPEG
imagenet,n07695742,n07695742/ILSVRC2012_val_00025057.JPEG
imagenet,n07695742,n07695742/ILSVRC2012_val_00025390.JPEG
imagenet,n07695742,n07695742/ILSVRC2012_val_00025414.JPEG
imagenet,n07695742,n07695742/ILSVRC2012_val_00026653.JPEG
imagenet,n07695742,n07695742/ILSVRC2012_val_00027272.JPEG
imagenet,n07695742,n07695742/ILSVRC2012_val_00028624.JPEG
imagenet,n07695742,n07695742/ILSVRC2012_val_00028699.JPEG
imagenet,n07695742,n07695742/ILSVRC2012_val_00029962.JPEG
imagenet,n07695742,n07695742/ILSVRC2012_val_00033249.JPEG
imagenet,n07695742,n07695742/ILSVRC2012_val_00033327.JPEG
imagenet,n07695742,n07695742/ILSVRC2012_val_00033408.JPEG
imagenet,n07695742,n07695742/ILSVRC2012_val_00035304.JPEG
imagenet,n07695742,n07695742/ILSVRC2012_val_00038510.JPEG
imagenet,n07695742,n07695742/ILSVRC2012_val_00038744.JPEG
imagenet,n07695742,n07695742/ILSVRC2012_val_00044647.JPEG
imagenet,n07695742,n07695742/ILSVRC2012_val_00045165.JPEG
imagenet,n07697313,n07697313/ILSVRC2012_val_00002226.JPEG
imagenet,n07697313,n07697313/ILSVRC2012_val_00002753.JPEG
imagenet,n07697313,n07697313/ILSVRC2012_val_00004041.JPEG
imagenet,n07697313,n07697313/ILSVRC2012_val_00004321.JPEG
imagenet,n07697313,n07697313/ILSVRC2012_val_00006210.JPEG
imagenet,n07697313,n07697313/ILSVRC2012_val_00008200.JPEG
imagenet,n07697313,n07697313/ILSVRC2012_val_00008216.JPEG
imagenet,n07697313,n07697313/ILSVRC2012_val_00008444.JPEG
imagenet,n07697313,n07697313/ILSVRC2012_val_00010104.JPEG
imagenet,n07697313,n07697313/ILSVRC2012_val_00012454.JPEG
imagenet,n07697313,n07697313/ILSVRC2012_val_00012562.JPEG
imagenet,n07697313,n07697313/ILSVRC2012_val_00014093.JPEG
imagenet,n07697313,n07697313/ILSVRC2012_val_00016999.JPEG
imagenet,n07697313,n07697313/ILSVRC2012_val_00017071.JPEG
imagenet,n07697313,n07697313/ILSVRC2012_val_00017895.JPEG
imagenet,n07697313,n07697313/ILSVRC2012_val_00018040.JPEG
imagenet,n07697313,n07697313/ILSVRC2012_val_00018555.JPEG
imagenet,n07697313,n07697313/ILSVRC2012_val_00020338.JPEG
imagenet,n07697313,n07697313/ILSVRC2012_val_00021498.JPEG
imagenet,n07697313,n07697313/ILSVRC2012_val_00024158.JPEG
imagenet,n07697313,n07697313/ILSVRC2012_val_00026756.JPEG
imagenet,n07697313,n07697313/ILSVRC2012_val_00027479.JPEG
imagenet,n07697313,n07697313/ILSVRC2012_val_00027645.JPEG
imagenet,n07697313,n07697313/ILSVRC2012_val_00030799.JPEG
imagenet,n07697313,n07697313/ILSVRC2012_val_00031984.JPEG
imagenet,n07697313,n07697313/ILSVRC2012_val_00032631.JPEG
imagenet,n07697313,n07697313/ILSVRC2012_val_00032811.JPEG
imagenet,n07697313,n07697313/ILSVRC2012_val_00035256.JPEG
imagenet,n07697313,n07697313/ILSVRC2012_val_00035744.JPEG
imagenet,n07697313,n07697313/ILSVRC2012_val_00035993.JPEG
imagenet,n07697313,n07697313/ILSVRC2012_val_00037389.JPEG
imagenet,n07697313,n07697313/ILSVRC2012_val_00038724.JPEG
imagenet,n07697313,n07697313/ILSVRC2012_val_00038898.JPEG
imagenet,n07697313,n07697313/ILSVRC2012_val_00039226.JPEG
imagenet,n07697313,n07697313/ILSVRC2012_val_00039983.JPEG
imagenet,n07697313,n07697313/ILSVRC2012_val_00040186.JPEG
imagenet,n07697313,n07697313/ILSVRC2012_val_00040256.JPEG
imagenet,n07697313,n07697313/ILSVRC2012_val_00040728.JPEG
imagenet,n07697313,n07697313/ILSVRC2012_val_00043140.JPEG
imagenet,n07697313,n07697313/ILSVRC2012_val_00044254.JPEG
imagenet,n07697313,n07697313/ILSVRC2012_val_00044620.JPEG
imagenet,n07697313,n07697313/ILSVRC2012_val_00046111.JPEG
imagenet,n07697313,n07697313/ILSVRC2012_val_00046792.JPEG
imagenet,n07697313,n07697313/ILSVRC2012_val_00047577.JPEG
imagenet,n07697313,n07697313/ILSVRC2012_val_00047793.JPEG
imagenet,n07697313,n07697313/ILSVRC2012_val_00048365.JPEG
imagenet,n07697313,n07697313/ILSVRC2012_val_00048841.JPEG
imagenet,n07697313,n07697313/ILSVRC2012_val_00049095.JPEG
imagenet,n07697313,n07697313/ILSVRC2012_val_00049457.JPEG
imagenet,n07697313,n07697313/ILSVRC2012_val_00049472.JPEG
imagenet,n07697537,n07697537/ILSVRC2012_val_00000129.JPEG
imagenet,n07697537,n07697537/ILSVRC2012_val_00000197.JPEG
imagenet,n07697537,n07697537/ILSVRC2012_val_00000309.JPEG
imagenet,n07697537,n07697537/ILSVRC2012_val_00000811.JPEG
imagenet,n07697537,n07697537/ILSVRC2012_val_00003908.JPEG
imagenet,n07697537,n07697537/ILSVRC2012_val_00003930.JPEG
imagenet,n07697537,n07697537/ILSVRC2012_val_00005710.JPEG
imagenet,n07697537,n07697537/ILSVRC2012_val_00006368.JPEG
imagenet,n07697537,n07697537/ILSVRC2012_val_00010271.JPEG
imagenet,n07697537,n07697537/ILSVRC2012_val_00010910.JPEG
imagenet,n07697537,n07697537/ILSVRC2012_val_00013208.JPEG
imagenet,n07697537,n07697537/ILSVRC2012_val_00014874.JPEG
imagenet,n07697537,n07697537/ILSVRC2012_val_00015811.JPEG
imagenet,n07697537,n07697537/ILSVRC2012_val_00016179.JPEG
imagenet,n07697537,n07697537/ILSVRC2012_val_00023336.JPEG
imagenet,n07697537,n07697537/ILSVRC2012_val_00023660.JPEG
imagenet,n07697537,n07697537/ILSVRC2012_val_00023883.JPEG
imagenet,n07697537,n07697537/ILSVRC2012_val_00024032.JPEG
imagenet,n07697537,n07697537/ILSVRC2012_val_00024917.JPEG
imagenet,n07697537,n07697537/ILSVRC2012_val_00025340.JPEG
imagenet,n07697537,n07697537/ILSVRC2012_val_00025922.JPEG
imagenet,n07697537,n07697537/ILSVRC2012_val_00026101.JPEG
imagenet,n07697537,n07697537/ILSVRC2012_val_00028722.JPEG
imagenet,n07697537,n07697537/ILSVRC2012_val_00029037.JPEG
imagenet,n07697537,n07697537/ILSVRC2012_val_00029990.JPEG
imagenet,n07697537,n07697537/ILSVRC2012_val_00030111.JPEG
imagenet,n07697537,n07697537/ILSVRC2012_val_00030973.JPEG
imagenet,n07697537,n07697537/ILSVRC2012_val_00032384.JPEG
imagenet,n07697537,n07697537/ILSVRC2012_val_00032446.JPEG
imagenet,n07697537,n07697537/ILSVRC2012_val_00032679.JPEG
imagenet,n07697537,n07697537/ILSVRC2012_val_00033675.JPEG
imagenet,n07697537,n07697537/ILSVRC2012_val_00034147.JPEG
imagenet,n07697537,n07697537/ILSVRC2012_val_00034152.JPEG
imagenet,n07697537,n07697537/ILSVRC2012_val_00034161.JPEG
imagenet,n07697537,n07697537/ILSVRC2012_val_00034311.JPEG
imagenet,n07697537,n07697537/ILSVRC2012_val_00036551.JPEG
imagenet,n07697537,n07697537/ILSVRC2012_val_00038387.JPEG
imagenet,n07697537,n07697537/ILSVRC2012_val_00040060.JPEG
imagenet,n07697537,n07697537/ILSVRC2012_val_00040195.JPEG
imagenet,n07697537,n07697537/ILSVRC2012_val_00040959.JPEG
imagenet,n07697537,n07697537/ILSVRC2012_val_00042412.JPEG
imagenet,n07697537,n07697537/ILSVRC2012_val_00042704.JPEG
imagenet,n07697537,n07697537/ILSVRC2012_val_00043773.JPEG
imagenet,n07697537,n07697537/ILSVRC2012_val_00044831.JPEG
imagenet,n07697537,n07697537/ILSVRC2012_val_00046213.JPEG
imagenet,n07697537,n07697537/ILSVRC2012_val_00048937.JPEG
imagenet,n07697537,n07697537/ILSVRC2012_val_00048983.JPEG
imagenet,n07697537,n07697537/ILSVRC2012_val_00049110.JPEG
imagenet,n07697537,n07697537/ILSVRC2012_val_00049219.JPEG
imagenet,n07697537,n07697537/ILSVRC2012_val_00049530.JPEG
imagenet,n07714571,n07714571/ILSVRC2012_val_00001826.JPEG
imagenet,n07714571,n07714571/ILSVRC2012_val_00002925.JPEG
imagenet,n07714571,n07714571/ILSVRC2012_val_00002983.JPEG
imagenet,n07714571,n07714571/ILSVRC2012_val_00002993.JPEG
imagenet,n07714571,n07714571/ILSVRC2012_val_00003020.JPEG
imagenet,n07714571,n07714571/ILSVRC2012_val_00004443.JPEG
imagenet,n07714571,n07714571/ILSVRC2012_val_00004936.JPEG
imagenet,n07714571,n07714571/ILSVRC2012_val_00005214.JPEG
imagenet,n07714571,n07714571/ILSVRC2012_val_00005749.JPEG
imagenet,n07714571,n07714571/ILSVRC2012_val_00007647.JPEG
imagenet,n07714571,n07714571/ILSVRC2012_val_00007752.JPEG
imagenet,n07714571,n07714571/ILSVRC2012_val_00010154.JPEG
imagenet,n07714571,n07714571/ILSVRC2012_val_00011241.JPEG
imagenet,n07714571,n07714571/ILSVRC2012_val_00014348.JPEG
imagenet,n07714571,n07714571/ILSVRC2012_val_00014750.JPEG
imagenet,n07714571,n07714571/ILSVRC2012_val_00014761.JPEG
imagenet,n07714571,n07714571/ILSVRC2012_val_00015246.JPEG
imagenet,n07714571,n07714571/ILSVRC2012_val_00015437.JPEG
imagenet,n07714571,n07714571/ILSVRC2012_val_00015805.JPEG
imagenet,n07714571,n07714571/ILSVRC2012_val_00016627.JPEG
imagenet,n07714571,n07714571/ILSVRC2012_val_00017211.JPEG
imagenet,n07714571,n07714571/ILSVRC2012_val_00019287.JPEG
imagenet,n07714571,n07714571/ILSVRC2012_val_00021265.JPEG
imagenet,n07714571,n07714571/ILSVRC2012_val_00024224.JPEG
imagenet,n07714571,n07714571/ILSVRC2012_val_00025211.JPEG
imagenet,n07714571,n07714571/ILSVRC2012_val_00026463.JPEG
imagenet,n07714571,n07714571/ILSVRC2012_val_00026819.JPEG
imagenet,n07714571,n07714571/ILSVRC2012_val_00027632.JPEG
imagenet,n07714571,n07714571/ILSVRC2012_val_00028051.JPEG
imagenet,n07714571,n07714571/ILSVRC2012_val_00028079.JPEG
imagenet,n07714571,n07714571/ILSVRC2012_val_00029098.JPEG
imagenet,n07714571,n07714571/ILSVRC2012_val_00029321.JPEG
imagenet,n07714571,n07714571/ILSVRC2012_val_00029598.JPEG
imagenet,n07714571,n07714571/ILSVRC2012_val_00031177.JPEG
imagenet,n07714571,n07714571/ILSVRC2012_val_00031722.JPEG
imagenet,n07714571,n07714571/ILSVRC2012_val_00033354.JPEG
imagenet,n07714571,n07714571/ILSVRC2012_val_00034877.JPEG
imagenet,n07714571,n07714571/ILSVRC2012_val_00035929.JPEG
imagenet,n07714571,n07714571/ILSVRC2012_val_00037102.JPEG
imagenet,n07714571,n07714571/ILSVRC2012_val_00037934.JPEG
imagenet,n07714571,n07714571/ILSVRC2012_val_00038733.JPEG
imagenet,n07714571,n07714571/ILSVRC2012_val_00039050.JPEG
imagenet,n07714571,n07714571/ILSVRC2012_val_00039258.JPEG
imagenet,n07714571,n07714571/ILSVRC2012_val_00040469.JPEG
imagenet,n07714571,n07714571/ILSVRC2012_val_00040475.JPEG
imagenet,n07714571,n07714571/ILSVRC2012_val_00041102.JPEG
imagenet,n07714571,n07714571/ILSVRC2012_val_00043273.JPEG
imagenet,n07714571,n07714571/ILSVRC2012_val_00043778.JPEG
imagenet,n07714571,n07714571/ILSVRC2012_val_00045744.JPEG
imagenet,n07714571,n07714571/ILSVRC2012_val_00046631.JPEG
imagenet,n07714990,n07714990/ILSVRC2012_val_00000155.JPEG
imagenet,n07714990,n07714990/ILSVRC2012_val_00000165.JPEG
imagenet,n07714990,n07714990/ILSVRC2012_val_00003600.JPEG
imagenet,n07714990,n07714990/ILSVRC2012_val_00004207.JPEG
imagenet,n07714990,n07714990/ILSVRC2012_val_00004241.JPEG
imagenet,n07714990,n07714990/ILSVRC2012_val_00004819.JPEG
imagenet,n07714990,n07714990/ILSVRC2012_val_00005143.JPEG
imagenet,n07714990,n07714990/ILSVRC2012_val_00006939.JPEG
imagenet,n07714990,n07714990/ILSVRC2012_val_00008416.JPEG
imagenet,n07714990,n07714990/ILSVRC2012_val_00008642.JPEG
imagenet,n07714990,n07714990/ILSVRC2012_val_00009259.JPEG
imagenet,n07714990,n07714990/ILSVRC2012_val_00010470.JPEG
imagenet,n07714990,n07714990/ILSVRC2012_val_00013519.JPEG
imagenet,n07714990,n07714990/ILSVRC2012_val_00014546.JPEG
imagenet,n07714990,n07714990/ILSVRC2012_val_00015318.JPEG
imagenet,n07714990,n07714990/ILSVRC2012_val_00016725.JPEG
imagenet,n07714990,n07714990/ILSVRC2012_val_00017289.JPEG
imagenet,n07714990,n07714990/ILSVRC2012_val_00017318.JPEG
imagenet,n07714990,n07714990/ILSVRC2012_val_00018650.JPEG
imagenet,n07714990,n07714990/ILSVRC2012_val_00019851.JPEG
imagenet,n07714990,n07714990/ILSVRC2012_val_00020545.JPEG
imagenet,n07714990,n07714990/ILSVRC2012_val_00023008.JPEG
imagenet,n07714990,n07714990/ILSVRC2012_val_00024367.JPEG
imagenet,n07714990,n07714990/ILSVRC2012_val_00025693.JPEG
imagenet,n07714990,n07714990/ILSVRC2012_val_00026774.JPEG
imagenet,n07714990,n07714990/ILSVRC2012_val_00027503.JPEG
imagenet,n07714990,n07714990/ILSVRC2012_val_00027637.JPEG
imagenet,n07714990,n07714990/ILSVRC2012_val_00027971.JPEG
imagenet,n07714990,n07714990/ILSVRC2012_val_00028003.JPEG
imagenet,n07714990,n07714990/ILSVRC2012_val_00028304.JPEG
imagenet,n07714990,n07714990/ILSVRC2012_val_00028740.JPEG
imagenet,n07714990,n07714990/ILSVRC2012_val_00029722.JPEG
imagenet,n07714990,n07714990/ILSVRC2012_val_00030197.JPEG
imagenet,n07714990,n07714990/ILSVRC2012_val_00033384.JPEG
imagenet,n07714990,n07714990/ILSVRC2012_val_00033534.JPEG
imagenet,n07714990,n07714990/ILSVRC2012_val_00035639.JPEG
imagenet,n07714990,n07714990/ILSVRC2012_val_00035742.JPEG
imagenet,n07714990,n07714990/ILSVRC2012_val_00037690.JPEG
imagenet,n07714990,n07714990/ILSVRC2012_val_00038204.JPEG
imagenet,n07714990,n07714990/ILSVRC2012_val_00038267.JPEG
imagenet,n07714990,n07714990/ILSVRC2012_val_00038338.JPEG
imagenet,n07714990,n07714990/ILSVRC2012_val_00038518.JPEG
imagenet,n07714990,n07714990/ILSVRC2012_val_00040146.JPEG
imagenet,n07714990,n07714990/ILSVRC2012_val_00040922.JPEG
imagenet,n07714990,n07714990/ILSVRC2012_val_00042227.JPEG
imagenet,n07714990,n07714990/ILSVRC2012_val_00043347.JPEG
imagenet,n07714990,n07714990/ILSVRC2012_val_00047538.JPEG
imagenet,n07714990,n07714990/ILSVRC2012_val_00048012.JPEG
imagenet,n07714990,n07714990/ILSVRC2012_val_00048630.JPEG
imagenet,n07714990,n07714990/ILSVRC2012_val_00048833.JPEG
imagenet,n07718472,n07718472/ILSVRC2012_val_00000463.JPEG
imagenet,n07718472,n07718472/ILSVRC2012_val_00001392.JPEG
imagenet,n07718472,n07718472/ILSVRC2012_val_00001615.JPEG
imagenet,n07718472,n07718472/ILSVRC2012_val_00001920.JPEG
imagenet,n07718472,n07718472/ILSVRC2012_val_00005593.JPEG
imagenet,n07718472,n07718472/ILSVRC2012_val_00007110.JPEG
imagenet,n07718472,n07718472/ILSVRC2012_val_00007748.JPEG
imagenet,n07718472,n07718472/ILSVRC2012_val_00010054.JPEG
imagenet,n07718472,n07718472/ILSVRC2012_val_00010188.JPEG
imagenet,n07718472,n07718472/ILSVRC2012_val_00010447.JPEG
imagenet,n07718472,n07718472/ILSVRC2012_val_00013973.JPEG
imagenet,n07718472,n07718472/ILSVRC2012_val_00015777.JPEG
imagenet,n07718472,n07718472/ILSVRC2012_val_00015993.JPEG
imagenet,n07718472,n07718472/ILSVRC2012_val_00016813.JPEG
imagenet,n07718472,n07718472/ILSVRC2012_val_00017427.JPEG
imagenet,n07718472,n07718472/ILSVRC2012_val_00017489.JPEG
imagenet,n07718472,n07718472/ILSVRC2012_val_00018495.JPEG
imagenet,n07718472,n07718472/ILSVRC2012_val_00019290.JPEG
imagenet,n07718472,n07718472/ILSVRC2012_val_00022886.JPEG
imagenet,n07718472,n07718472/ILSVRC2012_val_00023028.JPEG
imagenet,n07718472,n07718472/ILSVRC2012_val_00023139.JPEG
imagenet,n07718472,n07718472/ILSVRC2012_val_00023388.JPEG
imagenet,n07718472,n07718472/ILSVRC2012_val_00023525.JPEG
imagenet,n07718472,n07718472/ILSVRC2012_val_00023606.JPEG
imagenet,n07718472,n07718472/ILSVRC2012_val_00025124.JPEG
imagenet,n07718472,n07718472/ILSVRC2012_val_00025145.JPEG
imagenet,n07718472,n07718472/ILSVRC2012_val_00025582.JPEG
imagenet,n07718472,n07718472/ILSVRC2012_val_00025981.JPEG
imagenet,n07718472,n07718472/ILSVRC2012_val_00029220.JPEG
imagenet,n07718472,n07718472/ILSVRC2012_val_00030457.JPEG
imagenet,n07718472,n07718472/ILSVRC2012_val_00030797.JPEG
imagenet,n07718472,n07718472/ILSVRC2012_val_00034044.JPEG
imagenet,n07718472,n07718472/ILSVRC2012_val_00035698.JPEG
imagenet,n07718472,n07718472/ILSVRC2012_val_00036275.JPEG
imagenet,n07718472,n07718472/ILSVRC2012_val_00036503.JPEG
imagenet,n07718472,n07718472/ILSVRC2012_val_00037064.JPEG
imagenet,n07718472,n07718472/ILSVRC2012_val_00037161.JPEG
imagenet,n07718472,n07718472/ILSVRC2012_val_00037754.JPEG
imagenet,n07718472,n07718472/ILSVRC2012_val_00038547.JPEG
imagenet,n07718472,n07718472/ILSVRC2012_val_00039243.JPEG
imagenet,n07718472,n07718472/ILSVRC2012_val_00040986.JPEG
imagenet,n07718472,n07718472/ILSVRC2012_val_00042061.JPEG
imagenet,n07718472,n07718472/ILSVRC2012_val_00042999.JPEG
imagenet,n07718472,n07718472/ILSVRC2012_val_00043204.JPEG
imagenet,n07718472,n07718472/ILSVRC2012_val_00045484.JPEG
imagenet,n07718472,n07718472/ILSVRC2012_val_00045704.JPEG
imagenet,n07718472,n07718472/ILSVRC2012_val_00046928.JPEG
imagenet,n07718472,n07718472/ILSVRC2012_val_00047341.JPEG
imagenet,n07718472,n07718472/ILSVRC2012_val_00047407.JPEG
imagenet,n07718472,n07718472/ILSVRC2012_val_00047851.JPEG
imagenet,n07720875,n07720875/ILSVRC2012_val_00000423.JPEG
imagenet,n07720875,n07720875/ILSVRC2012_val_00001374.JPEG
imagenet,n07720875,n07720875/ILSVRC2012_val_00001463.JPEG
imagenet,n07720875,n07720875/ILSVRC2012_val_00002766.JPEG
imagenet,n07720875,n07720875/ILSVRC2012_val_00003046.JPEG
imagenet,n07720875,n07720875/ILSVRC2012_val_00003536.JPEG
imagenet,n07720875,n07720875/ILSVRC2012_val_00004285.JPEG
imagenet,n07720875,n07720875/ILSVRC2012_val_00004918.JPEG
imagenet,n07720875,n07720875/ILSVRC2012_val_00005061.JPEG
imagenet,n07720875,n07720875/ILSVRC2012_val_00005981.JPEG
imagenet,n07720875,n07720875/ILSVRC2012_val_00007028.JPEG
imagenet,n07720875,n07720875/ILSVRC2012_val_00009973.JPEG
imagenet,n07720875,n07720875/ILSVRC2012_val_00011410.JPEG
imagenet,n07720875,n07720875/ILSVRC2012_val_00015907.JPEG
imagenet,n07720875,n07720875/ILSVRC2012_val_00019158.JPEG
imagenet,n07720875,n07720875/ILSVRC2012_val_00019281.JPEG
imagenet,n07720875,n07720875/ILSVRC2012_val_00020957.JPEG
imagenet,n07720875,n07720875/ILSVRC2012_val_00022634.JPEG
imagenet,n07720875,n07720875/ILSVRC2012_val_00023117.JPEG
imagenet,n07720875,n07720875/ILSVRC2012_val_00023223.JPEG
imagenet,n07720875,n07720875/ILSVRC2012_val_00023892.JPEG
imagenet,n07720875,n07720875/ILSVRC2012_val_00024700.JPEG
imagenet,n07720875,n07720875/ILSVRC2012_val_00027266.JPEG
imagenet,n07720875,n07720875/ILSVRC2012_val_00027571.JPEG
imagenet,n07720875,n07720875/ILSVRC2012_val_00027915.JPEG
imagenet,n07720875,n07720875/ILSVRC2012_val_00028090.JPEG
imagenet,n07720875,n07720875/ILSVRC2012_val_00028373.JPEG
imagenet,n07720875,n07720875/ILSVRC2012_val_00028969.JPEG
imagenet,n07720875,n07720875/ILSVRC2012_val_00031450.JPEG
imagenet,n07720875,n07720875/ILSVRC2012_val_00031647.JPEG
imagenet,n07720875,n07720875/ILSVRC2012_val_00033111.JPEG
imagenet,n07720875,n07720875/ILSVRC2012_val_00033497.JPEG
imagenet,n07720875,n07720875/ILSVRC2012_val_00033638.JPEG
imagenet,n07720875,n07720875/ILSVRC2012_val_00035272.JPEG
imagenet,n07720875,n07720875/ILSVRC2012_val_00035410.JPEG
imagenet,n07720875,n07720875/ILSVRC2012_val_00036676.JPEG
imagenet,n07720875,n07720875/ILSVRC2012_val_00037424.JPEG
imagenet,n07720875,n07720875/ILSVRC2012_val_00038523.JPEG
imagenet,n07720875,n07720875/ILSVRC2012_val_00038872.JPEG
imagenet,n07720875,n07720875/ILSVRC2012_val_00041116.JPEG
imagenet,n07720875,n07720875/ILSVRC2012_val_00042960.JPEG
imagenet,n07720875,n07720875/ILSVRC2012_val_00043991.JPEG
imagenet,n07720875,n07720875/ILSVRC2012_val_00045695.JPEG
imagenet,n07720875,n07720875/ILSVRC2012_val_00046235.JPEG
imagenet,n07720875,n07720875/ILSVRC2012_val_00047598.JPEG
imagenet,n07720875,n07720875/ILSVRC2012_val_00047797.JPEG
imagenet,n07720875,n07720875/ILSVRC2012_val_00047801.JPEG
imagenet,n07720875,n07720875/ILSVRC2012_val_00048000.JPEG
imagenet,n07720875,n07720875/ILSVRC2012_val_00048089.JPEG
imagenet,n07720875,n07720875/ILSVRC2012_val_00049710.JPEG
imagenet,n07734744,n07734744/ILSVRC2012_val_00002490.JPEG
imagenet,n07734744,n07734744/ILSVRC2012_val_00004570.JPEG
imagenet,n07734744,n07734744/ILSVRC2012_val_00005527.JPEG
imagenet,n07734744,n07734744/ILSVRC2012_val_00005921.JPEG
imagenet,n07734744,n07734744/ILSVRC2012_val_00007003.JPEG
imagenet,n07734744,n07734744/ILSVRC2012_val_00008005.JPEG
imagenet,n07734744,n07734744/ILSVRC2012_val_00008366.JPEG
imagenet,n07734744,n07734744/ILSVRC2012_val_00008720.JPEG
imagenet,n07734744,n07734744/ILSVRC2012_val_00009394.JPEG
imagenet,n07734744,n07734744/ILSVRC2012_val_00009766.JPEG
imagenet,n07734744,n07734744/ILSVRC2012_val_00010585.JPEG
imagenet,n07734744,n07734744/ILSVRC2012_val_00010608.JPEG
imagenet,n07734744,n07734744/ILSVRC2012_val_00011179.JPEG
imagenet,n07734744,n07734744/ILSVRC2012_val_00012009.JPEG
imagenet,n07734744,n07734744/ILSVRC2012_val_00012313.JPEG
imagenet,n07734744,n07734744/ILSVRC2012_val_00013647.JPEG
imagenet,n07734744,n07734744/ILSVRC2012_val_00014405.JPEG
imagenet,n07734744,n07734744/ILSVRC2012_val_00015748.JPEG
imagenet,n07734744,n07734744/ILSVRC2012_val_00017533.JPEG
imagenet,n07734744,n07734744/ILSVRC2012_val_00019483.JPEG
imagenet,n07734744,n07734744/ILSVRC2012_val_00021531.JPEG
imagenet,n07734744,n07734744/ILSVRC2012_val_00021713.JPEG
imagenet,n07734744,n07734744/ILSVRC2012_val_00022068.JPEG
imagenet,n07734744,n07734744/ILSVRC2012_val_00022512.JPEG
imagenet,n07734744,n07734744/ILSVRC2012_val_00023995.JPEG
imagenet,n07734744,n07734744/ILSVRC2012_val_00024918.JPEG
imagenet,n07734744,n07734744/ILSVRC2012_val_00025115.JPEG
imagenet,n07734744,n07734744/ILSVRC2012_val_00025813.JPEG
imagenet,n07734744,n07734744/ILSVRC2012_val_00026237.JPEG
imagenet,n07734744,n07734744/ILSVRC2012_val_00028371.JPEG
imagenet,n07734744,n07734744/ILSVRC2012_val_00028621.JPEG
imagenet,n07734744,n07734744/ILSVRC2012_val_00030099.JPEG
imagenet,n07734744,n07734744/ILSVRC2012_val_00030139.JPEG
imagenet,n07734744,n07734744/ILSVRC2012_val_00031175.JPEG
imagenet,n07734744,n07734744/ILSVRC2012_val_00031803.JPEG
imagenet,n07734744,n07734744/ILSVRC2012_val_00032230.JPEG
imagenet,n07734744,n07734744/ILSVRC2012_val_00033742.JPEG
imagenet,n07734744,n07734744/ILSVRC2012_val_00038421.JPEG
imagenet,n07734744,n07734744/ILSVRC2012_val_00038698.JPEG
imagenet,n07734744,n07734744/ILSVRC2012_val_00039698.JPEG
imagenet,n07734744,n07734744/ILSVRC2012_val_00040527.JPEG
imagenet,n07734744,n07734744/ILSVRC2012_val_00040625.JPEG
imagenet,n07734744,n07734744/ILSVRC2012_val_00040796.JPEG
imagenet,n07734744,n07734744/ILSVRC2012_val_00041837.JPEG
imagenet,n07734744,n07734744/ILSVRC2012_val_00044938.JPEG
imagenet,n07734744,n07734744/ILSVRC2012_val_00046024.JPEG
imagenet,n07734744,n07734744/ILSVRC2012_val_00046937.JPEG
imagenet,n07734744,n07734744/ILSVRC2012_val_00047464.JPEG
imagenet,n07734744,n07734744/ILSVRC2012_val_00048066.JPEG
imagenet,n07734744,n07734744/ILSVRC2012_val_00048751.JPEG
imagenet,n07742313,n07742313/ILSVRC2012_val_00000023.JPEG
imagenet,n07742313,n07742313/ILSVRC2012_val_00000727.JPEG
imagenet,n07742313,n07742313/ILSVRC2012_val_00003581.JPEG
imagenet,n07742313,n07742313/ILSVRC2012_val_00005747.JPEG
imagenet,n07742313,n07742313/ILSVRC2012_val_00007029.JPEG
imagenet,n07742313,n07742313/ILSVRC2012_val_00007614.JPEG
imagenet,n07742313,n07742313/ILSVRC2012_val_00008128.JPEG
imagenet,n07742313,n07742313/ILSVRC2012_val_00009579.JPEG
imagenet,n07742313,n07742313/ILSVRC2012_val_00009800.JPEG
imagenet,n07742313,n07742313/ILSVRC2012_val_00011332.JPEG
imagenet,n07742313,n07742313/ILSVRC2012_val_00012232.JPEG
imagenet,n07742313,n07742313/ILSVRC2012_val_00012279.JPEG
imagenet,n07742313,n07742313/ILSVRC2012_val_00016141.JPEG
imagenet,n07742313,n07742313/ILSVRC2012_val_00016931.JPEG
imagenet,n07742313,n07742313/ILSVRC2012_val_00018708.JPEG
imagenet,n07742313,n07742313/ILSVRC2012_val_00018903.JPEG
imagenet,n07742313,n07742313/ILSVRC2012_val_00019453.JPEG
imagenet,n07742313,n07742313/ILSVRC2012_val_00020655.JPEG
imagenet,n07742313,n07742313/ILSVRC2012_val_00022487.JPEG
imagenet,n07742313,n07742313/ILSVRC2012_val_00023800.JPEG
imagenet,n07742313,n07742313/ILSVRC2012_val_00023948.JPEG
imagenet,n07742313,n07742313/ILSVRC2012_val_00024129.JPEG
imagenet,n07742313,n07742313/ILSVRC2012_val_00024298.JPEG
imagenet,n07742313,n07742313/ILSVRC2012_val_00031005.JPEG
imagenet,n07742313,n07742313/ILSVRC2012_val_00031019.JPEG
imagenet,n07742313,n07742313/ILSVRC2012_val_00031798.JPEG
imagenet,n07742313,n07742313/ILSVRC2012_val_00032370.JPEG
imagenet,n07742313,n07742313/ILSVRC2012_val_00033504.JPEG
imagenet,n07742313,n07742313/ILSVRC2012_val_00034491.JPEG
imagenet,n07742313,n07742313/ILSVRC2012_val_00034752.JPEG
imagenet,n07742313,n07742313/ILSVRC2012_val_00034820.JPEG
imagenet,n07742313,n07742313/ILSVRC2012_val_00035343.JPEG
imagenet,n07742313,n07742313/ILSVRC2012_val_00036103.JPEG
imagenet,n07742313,n07742313/ILSVRC2012_val_00036263.JPEG
imagenet,n07742313,n07742313/ILSVRC2012_val_00036705.JPEG
imagenet,n07742313,n07742313/ILSVRC2012_val_00036797.JPEG
imagenet,n07742313,n07742313/ILSVRC2012_val_00037416.JPEG
imagenet,n07742313,n07742313/ILSVRC2012_val_00038184.JPEG
imagenet,n07742313,n07742313/ILSVRC2012_val_00038187.JPEG
imagenet,n07742313,n07742313/ILSVRC2012_val_00039090.JPEG
imagenet,n07742313,n07742313/ILSVRC2012_val_00043046.JPEG
imagenet,n07742313,n07742313/ILSVRC2012_val_00043125.JPEG
imagenet,n07742313,n07742313/ILSVRC2012_val_00043445.JPEG
imagenet,n07742313,n07742313/ILSVRC2012_val_00044485.JPEG
imagenet,n07742313,n07742313/ILSVRC2012_val_00045087.JPEG
imagenet,n07742313,n07742313/ILSVRC2012_val_00045374.JPEG
imagenet,n07742313,n07742313/ILSVRC2012_val_00046374.JPEG
imagenet,n07742313,n07742313/ILSVRC2012_val_00046567.JPEG
imagenet,n07742313,n07742313/ILSVRC2012_val_00046718.JPEG
imagenet,n07742313,n07742313/ILSVRC2012_val_00049370.JPEG
imagenet,n07745940,n07745940/ILSVRC2012_val_00000099.JPEG
imagenet,n07745940,n07745940/ILSVRC2012_val_00000320.JPEG
imagenet,n07745940,n07745940/ILSVRC2012_val_00001194.JPEG
imagenet,n07745940,n07745940/ILSVRC2012_val_00001735.JPEG
imagenet,n07745940,n07745940/ILSVRC2012_val_00001936.JPEG
imagenet,n07745940,n07745940/ILSVRC2012_val_00002412.JPEG
imagenet,n07745940,n07745940/ILSVRC2012_val_00004428.JPEG
imagenet,n07745940,n07745940/ILSVRC2012_val_00004832.JPEG
imagenet,n07745940,n07745940/ILSVRC2012_val_00005066.JPEG
imagenet,n07745940,n07745940/ILSVRC2012_val_00005757.JPEG
imagenet,n07745940,n07745940/ILSVRC2012_val_00007898.JPEG
imagenet,n07745940,n07745940/ILSVRC2012_val_00008738.JPEG
imagenet,n07745940,n07745940/ILSVRC2012_val_00010616.JPEG
imagenet,n07745940,n07745940/ILSVRC2012_val_00010942.JPEG
imagenet,n07745940,n07745940/ILSVRC2012_val_00011348.JPEG
imagenet,n07745940,n07745940/ILSVRC2012_val_00012216.JPEG
imagenet,n07745940,n07745940/ILSVRC2012_val_00012371.JPEG
imagenet,n07745940,n07745940/ILSVRC2012_val_00012497.JPEG
imagenet,n07745940,n07745940/ILSVRC2012_val_00012645.JPEG
imagenet,n07745940,n07745940/ILSVRC2012_val_00012652.JPEG
imagenet,n07745940,n07745940/ILSVRC2012_val_00012728.JPEG
imagenet,n07745940,n07745940/ILSVRC2012_val_00013499.JPEG
imagenet,n07745940,n07745940/ILSVRC2012_val_00014739.JPEG
imagenet,n07745940,n07745940/ILSVRC2012_val_00016159.JPEG
imagenet,n07745940,n07745940/ILSVRC2012_val_00017534.JPEG
imagenet,n07745940,n07745940/ILSVRC2012_val_00019253.JPEG
imagenet,n07745940,n07745940/ILSVRC2012_val_00019754.JPEG
imagenet,n07745940,n07745940/ILSVRC2012_val_00021854.JPEG
imagenet,n07745940,n07745940/ILSVRC2012_val_00022484.JPEG
imagenet,n07745940,n07745940/ILSVRC2012_val_00023512.JPEG
imagenet,n07745940,n07745940/ILSVRC2012_val_00023739.JPEG
imagenet,n07745940,n07745940/ILSVRC2012_val_00024155.JPEG
imagenet,n07745940,n07745940/ILSVRC2012_val_00025150.JPEG
imagenet,n07745940,n07745940/ILSVRC2012_val_00031440.JPEG
imagenet,n07745940,n07745940/ILSVRC2012_val_00031509.JPEG
imagenet,n07745940,n07745940/ILSVRC2012_val_00031853.JPEG
imagenet,n07745940,n07745940/ILSVRC2012_val_00032276.JPEG
imagenet,n07745940,n07745940/ILSVRC2012_val_00032411.JPEG
imagenet,n07745940,n07745940/ILSVRC2012_val_00033919.JPEG
imagenet,n07745940,n07745940/ILSVRC2012_val_00035170.JPEG
imagenet,n07745940,n07745940/ILSVRC2012_val_00035445.JPEG
imagenet,n07745940,n07745940/ILSVRC2012_val_00037096.JPEG
imagenet,n07745940,n07745940/ILSVRC2012_val_00037522.JPEG
imagenet,n07745940,n07745940/ILSVRC2012_val_00040989.JPEG
imagenet,n07745940,n07745940/ILSVRC2012_val_00041409.JPEG
imagenet,n07745940,n07745940/ILSVRC2012_val_00042197.JPEG
imagenet,n07745940,n07745940/ILSVRC2012_val_00043920.JPEG
imagenet,n07745940,n07745940/ILSVRC2012_val_00046203.JPEG
imagenet,n07745940,n07745940/ILSVRC2012_val_00046437.JPEG
imagenet,n07745940,n07745940/ILSVRC2012_val_00048023.JPEG
imagenet,n07749582,n07749582/ILSVRC2012_val_00000711.JPEG
imagenet,n07749582,n07749582/ILSVRC2012_val_00001658.JPEG
imagenet,n07749582,n07749582/ILSVRC2012_val_00001671.JPEG
imagenet,n07749582,n07749582/ILSVRC2012_val_00002098.JPEG
imagenet,n07749582,n07749582/ILSVRC2012_val_00002363.JPEG
imagenet,n07749582,n07749582/ILSVRC2012_val_00003345.JPEG
imagenet,n07749582,n07749582/ILSVRC2012_val_00003843.JPEG
imagenet,n07749582,n07749582/ILSVRC2012_val_00005070.JPEG
imagenet,n07749582,n07749582/ILSVRC2012_val_00007458.JPEG
imagenet,n07749582,n07749582/ILSVRC2012_val_00014017.JPEG
imagenet,n07749582,n07749582/ILSVRC2012_val_00014373.JPEG
imagenet,n07749582,n07749582/ILSVRC2012_val_00014929.JPEG
imagenet,n07749582,n07749582/ILSVRC2012_val_00015308.JPEG
imagenet,n07749582,n07749582/ILSVRC2012_val_00017184.JPEG
imagenet,n07749582,n07749582/ILSVRC2012_val_00017842.JPEG
imagenet,n07749582,n07749582/ILSVRC2012_val_00017982.JPEG
imagenet,n07749582,n07749582/ILSVRC2012_val_00018300.JPEG
imagenet,n07749582,n07749582/ILSVRC2012_val_00018338.JPEG
imagenet,n07749582,n07749582/ILSVRC2012_val_00018769.JPEG
imagenet,n07749582,n07749582/ILSVRC2012_val_00018825.JPEG
imagenet,n07749582,n07749582/ILSVRC2012_val_00020573.JPEG
imagenet,n07749582,n07749582/ILSVRC2012_val_00021613.JPEG
imagenet,n07749582,n07749582/ILSVRC2012_val_00022375.JPEG
imagenet,n07749582,n07749582/ILSVRC2012_val_00023026.JPEG
imagenet,n07749582,n07749582/ILSVRC2012_val_00023879.JPEG
imagenet,n07749582,n07749582/ILSVRC2012_val_00025921.JPEG
imagenet,n07749582,n07749582/ILSVRC2012_val_00027090.JPEG
imagenet,n07749582,n07749582/ILSVRC2012_val_00027944.JPEG
imagenet,n07749582,n07749582/ILSVRC2012_val_00028823.JPEG
imagenet,n07749582,n07749582/ILSVRC2012_val_00030225.JPEG
imagenet,n07749582,n07749582/ILSVRC2012_val_00030758.JPEG
imagenet,n07749582,n07749582/ILSVRC2012_val_00030967.JPEG
imagenet,n07749582,n07749582/ILSVRC2012_val_00032151.JPEG
imagenet,n07749582,n07749582/ILSVRC2012_val_00033348.JPEG
imagenet,n07749582,n07749582/ILSVRC2012_val_00033722.JPEG
imagenet,n07749582,n07749582/ILSVRC2012_val_00034286.JPEG
imagenet,n07749582,n07749582/ILSVRC2012_val_00035888.JPEG
imagenet,n07749582,n07749582/ILSVRC2012_val_00035996.JPEG
imagenet,n07749582,n07749582/ILSVRC2012_val_00036146.JPEG
imagenet,n07749582,n07749582/ILSVRC2012_val_00036987.JPEG
imagenet,n07749582,n07749582/ILSVRC2012_val_00038212.JPEG
imagenet,n07749582,n07749582/ILSVRC2012_val_00038325.JPEG
imagenet,n07749582,n07749582/ILSVRC2012_val_00039834.JPEG
imagenet,n07749582,n07749582/ILSVRC2012_val_00040080.JPEG
imagenet,n07749582,n07749582/ILSVRC2012_val_00040755.JPEG
imagenet,n07749582,n07749582/ILSVRC2012_val_00044342.JPEG
imagenet,n07749582,n07749582/ILSVRC2012_val_00045149.JPEG
imagenet,n07749582,n07749582/ILSVRC2012_val_00047221.JPEG
imagenet,n07749582,n07749582/ILSVRC2012_val_00047567.JPEG
imagenet,n07749582,n07749582/ILSVRC2012_val_00048264.JPEG
imagenet,n07753275,n07753275/ILSVRC2012_val_00001479.JPEG
imagenet,n07753275,n07753275/ILSVRC2012_val_00002440.JPEG
imagenet,n07753275,n07753275/ILSVRC2012_val_00003309.JPEG
imagenet,n07753275,n07753275/ILSVRC2012_val_00003549.JPEG
imagenet,n07753275,n07753275/ILSVRC2012_val_00004198.JPEG
imagenet,n07753275,n07753275/ILSVRC2012_val_00004322.JPEG
imagenet,n07753275,n07753275/ILSVRC2012_val_00008567.JPEG
imagenet,n07753275,n07753275/ILSVRC2012_val_00008782.JPEG
imagenet,n07753275,n07753275/ILSVRC2012_val_00009015.JPEG
imagenet,n07753275,n07753275/ILSVRC2012_val_00009305.JPEG
imagenet,n07753275,n07753275/ILSVRC2012_val_00009399.JPEG
imagenet,n07753275,n07753275/ILSVRC2012_val_00010614.JPEG
imagenet,n07753275,n07753275/ILSVRC2012_val_00011347.JPEG
imagenet,n07753275,n07753275/ILSVRC2012_val_00012119.JPEG
imagenet,n07753275,n07753275/ILSVRC2012_val_00012451.JPEG
imagenet,n07753275,n07753275/ILSVRC2012_val_00012582.JPEG
imagenet,n07753275,n07753275/ILSVRC2012_val_00013450.JPEG
imagenet,n07753275,n07753275/ILSVRC2012_val_00014851.JPEG
imagenet,n07753275,n07753275/ILSVRC2012_val_00015406.JPEG
imagenet,n07753275,n07753275/ILSVRC2012_val_00016984.JPEG
imagenet,n07753275,n07753275/ILSVRC2012_val_00018941.JPEG
imagenet,n07753275,n07753275/ILSVRC2012_val_00020088.JPEG
imagenet,n07753275,n07753275/ILSVRC2012_val_00020416.JPEG
imagenet,n07753275,n07753275/ILSVRC2012_val_00020751.JPEG
imagenet,n07753275,n07753275/ILSVRC2012_val_00023804.JPEG
imagenet,n07753275,n07753275/ILSVRC2012_val_00023957.JPEG
imagenet,n07753275,n07753275/ILSVRC2012_val_00024461.JPEG
imagenet,n07753275,n07753275/ILSVRC2012_val_00025281.JPEG
imagenet,n07753275,n07753275/ILSVRC2012_val_00027781.JPEG
imagenet,n07753275,n07753275/ILSVRC2012_val_00029311.JPEG
imagenet,n07753275,n07753275/ILSVRC2012_val_00029522.JPEG
imagenet,n07753275,n07753275/ILSVRC2012_val_00030047.JPEG
imagenet,n07753275,n07753275/ILSVRC2012_val_00030543.JPEG
imagenet,n07753275,n07753275/ILSVRC2012_val_00031427.JPEG
imagenet,n07753275,n07753275/ILSVRC2012_val_00031767.JPEG
imagenet,n07753275,n07753275/ILSVRC2012_val_00034206.JPEG
imagenet,n07753275,n07753275/ILSVRC2012_val_00035283.JPEG
imagenet,n07753275,n07753275/ILSVRC2012_val_00035909.JPEG
imagenet,n07753275,n07753275/ILSVRC2012_val_00038432.JPEG
imagenet,n07753275,n07753275/ILSVRC2012_val_00039494.JPEG
imagenet,n07753275,n07753275/ILSVRC2012_val_00039617.JPEG
imagenet,n07753275,n07753275/ILSVRC2012_val_00040389.JPEG
imagenet,n07753275,n07753275/ILSVRC2012_val_00040804.JPEG
imagenet,n07753275,n07753275/ILSVRC2012_val_00042517.JPEG
imagenet,n07753275,n07753275/ILSVRC2012_val_00042929.JPEG
imagenet,n07753275,n07753275/ILSVRC2012_val_00045126.JPEG
imagenet,n07753275,n07753275/ILSVRC2012_val_00045670.JPEG
imagenet,n07753275,n07753275/ILSVRC2012_val_00047038.JPEG
imagenet,n07753275,n07753275/ILSVRC2012_val_00047966.JPEG
imagenet,n07753275,n07753275/ILSVRC2012_val_00048671.JPEG
imagenet,n07753592,n07753592/ILSVRC2012_val_00000605.JPEG
imagenet,n07753592,n07753592/ILSVRC2012_val_00001849.JPEG
imagenet,n07753592,n07753592/ILSVRC2012_val_00002187.JPEG
imagenet,n07753592,n07753592/ILSVRC2012_val_00003412.JPEG
imagenet,n07753592,n07753592/ILSVRC2012_val_00004614.JPEG
imagenet,n07753592,n07753592/ILSVRC2012_val_00005177.JPEG
imagenet,n07753592,n07753592/ILSVRC2012_val_00006728.JPEG
imagenet,n07753592,n07753592/ILSVRC2012_val_00009227.JPEG
imagenet,n07753592,n07753592/ILSVRC2012_val_00010237.JPEG
imagenet,n07753592,n07753592/ILSVRC2012_val_00012131.JPEG
imagenet,n07753592,n07753592/ILSVRC2012_val_00012444.JPEG
imagenet,n07753592,n07753592/ILSVRC2012_val_00012452.JPEG
imagenet,n07753592,n07753592/ILSVRC2012_val_00012621.JPEG
imagenet,n07753592,n07753592/ILSVRC2012_val_00014063.JPEG
imagenet,n07753592,n07753592/ILSVRC2012_val_00015209.JPEG
imagenet,n07753592,n07753592/ILSVRC2012_val_00016182.JPEG
imagenet,n07753592,n07753592/ILSVRC2012_val_00017021.JPEG
imagenet,n07753592,n07753592/ILSVRC2012_val_00017144.JPEG
imagenet,n07753592,n07753592/ILSVRC2012_val_00018896.JPEG
imagenet,n07753592,n07753592/ILSVRC2012_val_00020601.JPEG
imagenet,n07753592,n07753592/ILSVRC2012_val_00021098.JPEG
imagenet,n07753592,n07753592/ILSVRC2012_val_00021860.JPEG
imagenet,n07753592,n07753592/ILSVRC2012_val_00022037.JPEG
imagenet,n07753592,n07753592/ILSVRC2012_val_00022193.JPEG
imagenet,n07753592,n07753592/ILSVRC2012_val_00022628.JPEG
imagenet,n07753592,n07753592/ILSVRC2012_val_00023220.JPEG
imagenet,n07753592,n07753592/ILSVRC2012_val_00025019.JPEG
imagenet,n07753592,n07753592/ILSVRC2012_val_00026836.JPEG
imagenet,n07753592,n07753592/ILSVRC2012_val_00028841.JPEG
imagenet,n07753592,n07753592/ILSVRC2012_val_00029200.JPEG
imagenet,n07753592,n07753592/ILSVRC2012_val_00029906.JPEG
imagenet,n07753592,n07753592/ILSVRC2012_val_00029919.JPEG
imagenet,n07753592,n07753592/ILSVRC2012_val_00031641.JPEG
imagenet,n07753592,n07753592/ILSVRC2012_val_00031781.JPEG
imagenet,n07753592,n07753592/ILSVRC2012_val_00032327.JPEG
imagenet,n07753592,n07753592/ILSVRC2012_val_00034098.JPEG
imagenet,n07753592,n07753592/ILSVRC2012_val_00036580.JPEG
imagenet,n07753592,n07753592/ILSVRC2012_val_00038080.JPEG
imagenet,n07753592,n07753592/ILSVRC2012_val_00038819.JPEG
imagenet,n07753592,n07753592/ILSVRC2012_val_00039341.JPEG
imagenet,n07753592,n07753592/ILSVRC2012_val_00040280.JPEG
imagenet,n07753592,n07753592/ILSVRC2012_val_00040281.JPEG
imagenet,n07753592,n07753592/ILSVRC2012_val_00042014.JPEG
imagenet,n07753592,n07753592/ILSVRC2012_val_00043785.JPEG
imagenet,n07753592,n07753592/ILSVRC2012_val_00043863.JPEG
imagenet,n07753592,n07753592/ILSVRC2012_val_00045425.JPEG
imagenet,n07753592,n07753592/ILSVRC2012_val_00046575.JPEG
imagenet,n07753592,n07753592/ILSVRC2012_val_00047828.JPEG
imagenet,n07753592,n07753592/ILSVRC2012_val_00049164.JPEG
imagenet,n07753592,n07753592/ILSVRC2012_val_00049606.JPEG
imagenet,n07768694,n07768694/ILSVRC2012_val_00001514.JPEG
imagenet,n07768694,n07768694/ILSVRC2012_val_00003593.JPEG
imagenet,n07768694,n07768694/ILSVRC2012_val_00003893.JPEG
imagenet,n07768694,n07768694/ILSVRC2012_val_00004347.JPEG
imagenet,n07768694,n07768694/ILSVRC2012_val_00006411.JPEG
imagenet,n07768694,n07768694/ILSVRC2012_val_00006503.JPEG
imagenet,n07768694,n07768694/ILSVRC2012_val_00007525.JPEG
imagenet,n07768694,n07768694/ILSVRC2012_val_00007605.JPEG
imagenet,n07768694,n07768694/ILSVRC2012_val_00007820.JPEG
imagenet,n07768694,n07768694/ILSVRC2012_val_00009129.JPEG
imagenet,n07768694,n07768694/ILSVRC2012_val_00009431.JPEG
imagenet,n07768694,n07768694/ILSVRC2012_val_00009463.JPEG
imagenet,n07768694,n07768694/ILSVRC2012_val_00009785.JPEG
imagenet,n07768694,n07768694/ILSVRC2012_val_00009916.JPEG
imagenet,n07768694,n07768694/ILSVRC2012_val_00010111.JPEG
imagenet,n07768694,n07768694/ILSVRC2012_val_00010502.JPEG
imagenet,n07768694,n07768694/ILSVRC2012_val_00011265.JPEG
imagenet,n07768694,n07768694/ILSVRC2012_val_00011493.JPEG
imagenet,n07768694,n07768694/ILSVRC2012_val_00011558.JPEG
imagenet,n07768694,n07768694/ILSVRC2012_val_00012211.JPEG
imagenet,n07768694,n07768694/ILSVRC2012_val_00012753.JPEG
imagenet,n07768694,n07768694/ILSVRC2012_val_00013234.JPEG
imagenet,n07768694,n07768694/ILSVRC2012_val_00013645.JPEG
imagenet,n07768694,n07768694/ILSVRC2012_val_00014811.JPEG
imagenet,n07768694,n07768694/ILSVRC2012_val_00016923.JPEG
imagenet,n07768694,n07768694/ILSVRC2012_val_00018186.JPEG
imagenet,n07768694,n07768694/ILSVRC2012_val_00019312.JPEG
imagenet,n07768694,n07768694/ILSVRC2012_val_00021047.JPEG
imagenet,n07768694,n07768694/ILSVRC2012_val_00021310.JPEG
imagenet,n07768694,n07768694/ILSVRC2012_val_00022748.JPEG
imagenet,n07768694,n07768694/ILSVRC2012_val_00024707.JPEG
imagenet,n07768694,n07768694/ILSVRC2012_val_00025102.JPEG
imagenet,n07768694,n07768694/ILSVRC2012_val_00026720.JPEG
imagenet,n07768694,n07768694/ILSVRC2012_val_00027654.JPEG
imagenet,n07768694,n07768694/ILSVRC2012_val_00028360.JPEG
imagenet,n07768694,n07768694/ILSVRC2012_val_00028386.JPEG
imagenet,n07768694,n07768694/ILSVRC2012_val_00028928.JPEG
imagenet,n07768694,n07768694/ILSVRC2012_val_00029499.JPEG
imagenet,n07768694,n07768694/ILSVRC2012_val_00031058.JPEG
imagenet,n07768694,n07768694/ILSVRC2012_val_00031912.JPEG
imagenet,n07768694,n07768694/ILSVRC2012_val_00032919.JPEG
imagenet,n07768694,n07768694/ILSVRC2012_val_00036377.JPEG
imagenet,n07768694,n07768694/ILSVRC2012_val_00036668.JPEG
imagenet,n07768694,n07768694/ILSVRC2012_val_00036732.JPEG
imagenet,n07768694,n07768694/ILSVRC2012_val_00040282.JPEG
imagenet,n07768694,n07768694/ILSVRC2012_val_00041470.JPEG
imagenet,n07768694,n07768694/ILSVRC2012_val_00041999.JPEG
imagenet,n07768694,n07768694/ILSVRC2012_val_00044738.JPEG
imagenet,n07768694,n07768694/ILSVRC2012_val_00046183.JPEG
imagenet,n07768694,n07768694/ILSVRC2012_val_00048146.JPEG
imagenet,n07873807,n07873807/ILSVRC2012_val_00000773.JPEG
imagenet,n07873807,n07873807/ILSVRC2012_val_00001653.JPEG
imagenet,n07873807,n07873807/ILSVRC2012_val_00004098.JPEG
imagenet,n07873807,n07873807/ILSVRC2012_val_00004281.JPEG
imagenet,n07873807,n07873807/ILSVRC2012_val_00005438.JPEG
imagenet,n07873807,n07873807/ILSVRC2012_val_00005784.JPEG
imagenet,n07873807,n07873807/ILSVRC2012_val_00006414.JPEG
imagenet,n07873807,n07873807/ILSVRC2012_val_00006581.JPEG
imagenet,n07873807,n07873807/ILSVRC2012_val_00007709.JPEG
imagenet,n07873807,n07873807/ILSVRC2012_val_00008506.JPEG
imagenet,n07873807,n07873807/ILSVRC2012_val_00008660.JPEG
imagenet,n07873807,n07873807/ILSVRC2012_val_00009097.JPEG
imagenet,n07873807,n07873807/ILSVRC2012_val_00010984.JPEG
imagenet,n07873807,n07873807/ILSVRC2012_val_00011458.JPEG
imagenet,n07873807,n07873807/ILSVRC2012_val_00011937.JPEG
imagenet,n07873807,n07873807/ILSVRC2012_val_00012243.JPEG
imagenet,n07873807,n07873807/ILSVRC2012_val_00014607.JPEG
imagenet,n07873807,n07873807/ILSVRC2012_val_00015007.JPEG
imagenet,n07873807,n07873807/ILSVRC2012_val_00015340.JPEG
imagenet,n07873807,n07873807/ILSVRC2012_val_00015635.JPEG
imagenet,n07873807,n07873807/ILSVRC2012_val_00016614.JPEG
imagenet,n07873807,n07873807/ILSVRC2012_val_00018461.JPEG
imagenet,n07873807,n07873807/ILSVRC2012_val_00019999.JPEG
imagenet,n07873807,n07873807/ILSVRC2012_val_00024661.JPEG
imagenet,n07873807,n07873807/ILSVRC2012_val_00026333.JPEG
imagenet,n07873807,n07873807/ILSVRC2012_val_00028297.JPEG
imagenet,n07873807,n07873807/ILSVRC2012_val_00030506.JPEG
imagenet,n07873807,n07873807/ILSVRC2012_val_00031254.JPEG
imagenet,n07873807,n07873807/ILSVRC2012_val_00032040.JPEG
imagenet,n07873807,n07873807/ILSVRC2012_val_00032426.JPEG
imagenet,n07873807,n07873807/ILSVRC2012_val_00032518.JPEG
imagenet,n07873807,n07873807/ILSVRC2012_val_00034847.JPEG
imagenet,n07873807,n07873807/ILSVRC2012_val_00035536.JPEG
imagenet,n07873807,n07873807/ILSVRC2012_val_00035995.JPEG
imagenet,n07873807,n07873807/ILSVRC2012_val_00037476.JPEG
imagenet,n07873807,n07873807/ILSVRC2012_val_00039396.JPEG
imagenet,n07873807,n07873807/ILSVRC2012_val_00042168.JPEG
imagenet,n07873807,n07873807/ILSVRC2012_val_00042820.JPEG
imagenet,n07873807,n07873807/ILSVRC2012_val_00043781.JPEG
imagenet,n07873807,n07873807/ILSVRC2012_val_00044053.JPEG
imagenet,n07873807,n07873807/ILSVRC2012_val_00045176.JPEG
imagenet,n07873807,n07873807/ILSVRC2012_val_00046303.JPEG
imagenet,n07873807,n07873807/ILSVRC2012_val_00047524.JPEG
imagenet,n07873807,n07873807/ILSVRC2012_val_00047660.JPEG
imagenet,n07873807,n07873807/ILSVRC2012_val_00047884.JPEG
imagenet,n07873807,n07873807/ILSVRC2012_val_00048050.JPEG
imagenet,n07873807,n07873807/ILSVRC2012_val_00048685.JPEG
imagenet,n07873807,n07873807/ILSVRC2012_val_00049169.JPEG
imagenet,n07873807,n07873807/ILSVRC2012_val_00049697.JPEG
imagenet,n07873807,n07873807/ILSVRC2012_val_00049879.JPEG
imagenet,n07880968,n07880968/ILSVRC2012_val_00000572.JPEG
imagenet,n07880968,n07880968/ILSVRC2012_val_00000606.JPEG
imagenet,n07880968,n07880968/ILSVRC2012_val_00001151.JPEG
imagenet,n07880968,n07880968/ILSVRC2012_val_00001822.JPEG
imagenet,n07880968,n07880968/ILSVRC2012_val_00002594.JPEG
imagenet,n07880968,n07880968/ILSVRC2012_val_00002677.JPEG
imagenet,n07880968,n07880968/ILSVRC2012_val_00004790.JPEG
imagenet,n07880968,n07880968/ILSVRC2012_val_00005451.JPEG
imagenet,n07880968,n07880968/ILSVRC2012_val_00006189.JPEG
imagenet,n07880968,n07880968/ILSVRC2012_val_00006293.JPEG
imagenet,n07880968,n07880968/ILSVRC2012_val_00006565.JPEG
imagenet,n07880968,n07880968/ILSVRC2012_val_00006724.JPEG
imagenet,n07880968,n07880968/ILSVRC2012_val_00009412.JPEG
imagenet,n07880968,n07880968/ILSVRC2012_val_00009621.JPEG
imagenet,n07880968,n07880968/ILSVRC2012_val_00010112.JPEG
imagenet,n07880968,n07880968/ILSVRC2012_val_00010967.JPEG
imagenet,n07880968,n07880968/ILSVRC2012_val_00011471.JPEG
imagenet,n07880968,n07880968/ILSVRC2012_val_00012831.JPEG
imagenet,n07880968,n07880968/ILSVRC2012_val_00013959.JPEG
imagenet,n07880968,n07880968/ILSVRC2012_val_00014650.JPEG
imagenet,n07880968,n07880968/ILSVRC2012_val_00015539.JPEG
imagenet,n07880968,n07880968/ILSVRC2012_val_00016592.JPEG
imagenet,n07880968,n07880968/ILSVRC2012_val_00016730.JPEG
imagenet,n07880968,n07880968/ILSVRC2012_val_00019473.JPEG
imagenet,n07880968,n07880968/ILSVRC2012_val_00020718.JPEG
imagenet,n07880968,n07880968/ILSVRC2012_val_00021317.JPEG
imagenet,n07880968,n07880968/ILSVRC2012_val_00021769.JPEG
imagenet,n07880968,n07880968/ILSVRC2012_val_00023364.JPEG
imagenet,n07880968,n07880968/ILSVRC2012_val_00024068.JPEG
imagenet,n07880968,n07880968/ILSVRC2012_val_00024099.JPEG
imagenet,n07880968,n07880968/ILSVRC2012_val_00025753.JPEG
imagenet,n07880968,n07880968/ILSVRC2012_val_00026100.JPEG
imagenet,n07880968,n07880968/ILSVRC2012_val_00029061.JPEG
imagenet,n07880968,n07880968/ILSVRC2012_val_00029730.JPEG
imagenet,n07880968,n07880968/ILSVRC2012_val_00031146.JPEG
imagenet,n07880968,n07880968/ILSVRC2012_val_00032670.JPEG
imagenet,n07880968,n07880968/ILSVRC2012_val_00035094.JPEG
imagenet,n07880968,n07880968/ILSVRC2012_val_00039976.JPEG
imagenet,n07880968,n07880968/ILSVRC2012_val_00041191.JPEG
imagenet,n07880968,n07880968/ILSVRC2012_val_00041617.JPEG
imagenet,n07880968,n07880968/ILSVRC2012_val_00043411.JPEG
imagenet,n07880968,n07880968/ILSVRC2012_val_00043574.JPEG
imagenet,n07880968,n07880968/ILSVRC2012_val_00043866.JPEG
imagenet,n07880968,n07880968/ILSVRC2012_val_00045723.JPEG
imagenet,n07880968,n07880968/ILSVRC2012_val_00046107.JPEG
imagenet,n07880968,n07880968/ILSVRC2012_val_00047263.JPEG
imagenet,n07880968,n07880968/ILSVRC2012_val_00047830.JPEG
imagenet,n07880968,n07880968/ILSVRC2012_val_00048815.JPEG
imagenet,n07880968,n07880968/ILSVRC2012_val_00049379.JPEG
imagenet,n07880968,n07880968/ILSVRC2012_val_00049547.JPEG
imagenet,n07920052,n07920052/ILSVRC2012_val_00002934.JPEG
imagenet,n07920052,n07920052/ILSVRC2012_val_00005417.JPEG
imagenet,n07920052,n07920052/ILSVRC2012_val_00005624.JPEG
imagenet,n07920052,n07920052/ILSVRC2012_val_00005689.JPEG
imagenet,n07920052,n07920052/ILSVRC2012_val_00006067.JPEG
imagenet,n07920052,n07920052/ILSVRC2012_val_00007209.JPEG
imagenet,n07920052,n07920052/ILSVRC2012_val_00007708.JPEG
imagenet,n07920052,n07920052/ILSVRC2012_val_00007997.JPEG
imagenet,n07920052,n07920052/ILSVRC2012_val_00010220.JPEG
imagenet,n07920052,n07920052/ILSVRC2012_val_00012163.JPEG
imagenet,n07920052,n07920052/ILSVRC2012_val_00012469.JPEG
imagenet,n07920052,n07920052/ILSVRC2012_val_00013375.JPEG
imagenet,n07920052,n07920052/ILSVRC2012_val_00013874.JPEG
imagenet,n07920052,n07920052/ILSVRC2012_val_00015099.JPEG
imagenet,n07920052,n07920052/ILSVRC2012_val_00015548.JPEG
imagenet,n07920052,n07920052/ILSVRC2012_val_00015653.JPEG
imagenet,n07920052,n07920052/ILSVRC2012_val_00015693.JPEG
imagenet,n07920052,n07920052/ILSVRC2012_val_00016234.JPEG
imagenet,n07920052,n07920052/ILSVRC2012_val_00018968.JPEG
imagenet,n07920052,n07920052/ILSVRC2012_val_00019160.JPEG
imagenet,n07920052,n07920052/ILSVRC2012_val_00020352.JPEG
imagenet,n07920052,n07920052/ILSVRC2012_val_00021693.JPEG
imagenet,n07920052,n07920052/ILSVRC2012_val_00022584.JPEG
imagenet,n07920052,n07920052/ILSVRC2012_val_00022894.JPEG
imagenet,n07920052,n07920052/ILSVRC2012_val_00023051.JPEG
imagenet,n07920052,n07920052/ILSVRC2012_val_00024448.JPEG
imagenet,n07920052,n07920052/ILSVRC2012_val_00025308.JPEG
imagenet,n07920052,n07920052/ILSVRC2012_val_00027146.JPEG
imagenet,n07920052,n07920052/ILSVRC2012_val_00028396.JPEG
imagenet,n07920052,n07920052/ILSVRC2012_val_00028753.JPEG
imagenet,n07920052,n07920052/ILSVRC2012_val_00028898.JPEG
imagenet,n07920052,n07920052/ILSVRC2012_val_00029384.JPEG
imagenet,n07920052,n07920052/ILSVRC2012_val_00029463.JPEG
imagenet,n07920052,n07920052/ILSVRC2012_val_00029604.JPEG
imagenet,n07920052,n07920052/ILSVRC2012_val_00032165.JPEG
imagenet,n07920052,n07920052/ILSVRC2012_val_00032379.JPEG
imagenet,n07920052,n07920052/ILSVRC2012_val_00032545.JPEG
imagenet,n07920052,n07920052/ILSVRC2012_val_00032808.JPEG
imagenet,n07920052,n07920052/ILSVRC2012_val_00034109.JPEG
imagenet,n07920052,n07920052/ILSVRC2012_val_00038300.JPEG
imagenet,n07920052,n07920052/ILSVRC2012_val_00038756.JPEG
imagenet,n07920052,n07920052/ILSVRC2012_val_00040661.JPEG
imagenet,n07920052,n07920052/ILSVRC2012_val_00041423.JPEG
imagenet,n07920052,n07920052/ILSVRC2012_val_00041584.JPEG
imagenet,n07920052,n07920052/ILSVRC2012_val_00044233.JPEG
imagenet,n07920052,n07920052/ILSVRC2012_val_00045386.JPEG
imagenet,n07920052,n07920052/ILSVRC2012_val_00047436.JPEG
imagenet,n07920052,n07920052/ILSVRC2012_val_00047694.JPEG
imagenet,n07920052,n07920052/ILSVRC2012_val_00048586.JPEG
imagenet,n07920052,n07920052/ILSVRC2012_val_00049872.JPEG
imagenet,n09472597,n09472597/ILSVRC2012_val_00002103.JPEG
imagenet,n09472597,n09472597/ILSVRC2012_val_00003626.JPEG
imagenet,n09472597,n09472597/ILSVRC2012_val_00004187.JPEG
imagenet,n09472597,n09472597/ILSVRC2012_val_00004377.JPEG
imagenet,n09472597,n09472597/ILSVRC2012_val_00005476.JPEG
imagenet,n09472597,n09472597/ILSVRC2012_val_00007382.JPEG
imagenet,n09472597,n09472597/ILSVRC2012_val_00009828.JPEG
imagenet,n09472597,n09472597/ILSVRC2012_val_00010641.JPEG
imagenet,n09472597,n09472597/ILSVRC2012_val_00015387.JPEG
imagenet,n09472597,n09472597/ILSVRC2012_val_00016019.JPEG
imagenet,n09472597,n09472597/ILSVRC2012_val_00016868.JPEG
imagenet,n09472597,n09472597/ILSVRC2012_val_00018560.JPEG
imagenet,n09472597,n09472597/ILSVRC2012_val_00019071.JPEG
imagenet,n09472597,n09472597/ILSVRC2012_val_00019380.JPEG
imagenet,n09472597,n09472597/ILSVRC2012_val_00021559.JPEG
imagenet,n09472597,n09472597/ILSVRC2012_val_00022425.JPEG
imagenet,n09472597,n09472597/ILSVRC2012_val_00023470.JPEG
imagenet,n09472597,n09472597/ILSVRC2012_val_00025936.JPEG
imagenet,n09472597,n09472597/ILSVRC2012_val_00027615.JPEG
imagenet,n09472597,n09472597/ILSVRC2012_val_00027621.JPEG
imagenet,n09472597,n09472597/ILSVRC2012_val_00029608.JPEG
imagenet,n09472597,n09472597/ILSVRC2012_val_00030021.JPEG
imagenet,n09472597,n09472597/ILSVRC2012_val_00030202.JPEG
imagenet,n09472597,n09472597/ILSVRC2012_val_00030382.JPEG
imagenet,n09472597,n09472597/ILSVRC2012_val_00031246.JPEG
imagenet,n09472597,n09472597/ILSVRC2012_val_00031323.JPEG
imagenet,n09472597,n09472597/ILSVRC2012_val_00032361.JPEG
imagenet,n09472597,n09472597/ILSVRC2012_val_00033313.JPEG
imagenet,n09472597,n09472597/ILSVRC2012_val_00033527.JPEG
imagenet,n09472597,n09472597/ILSVRC2012_val_00034348.JPEG
imagenet,n09472597,n09472597/ILSVRC2012_val_00034472.JPEG
imagenet,n09472597,n09472597/ILSVRC2012_val_00035075.JPEG
imagenet,n09472597,n09472597/ILSVRC2012_val_00036034.JPEG
imagenet,n09472597,n09472597/ILSVRC2012_val_00036278.JPEG
imagenet,n09472597,n09472597/ILSVRC2012_val_00036419.JPEG
imagenet,n09472597,n09472597/ILSVRC2012_val_00036733.JPEG
imagenet,n09472597,n09472597/ILSVRC2012_val_00037497.JPEG
imagenet,n09472597,n09472597/ILSVRC2012_val_00037959.JPEG
imagenet,n09472597,n09472597/ILSVRC2012_val_00038462.JPEG
imagenet,n09472597,n09472597/ILSVRC2012_val_00038541.JPEG
imagenet,n09472597,n09472597/ILSVRC2012_val_00039263.JPEG
imagenet,n09472597,n09472597/ILSVRC2012_val_00039611.JPEG
imagenet,n09472597,n09472597/ILSVRC2012_val_00039999.JPEG
imagenet,n09472597,n09472597/ILSVRC2012_val_00040299.JPEG
imagenet,n09472597,n09472597/ILSVRC2012_val_00042446.JPEG
imagenet,n09472597,n09472597/ILSVRC2012_val_00044072.JPEG
imagenet,n09472597,n09472597/ILSVRC2012_val_00045671.JPEG
imagenet,n09472597,n09472597/ILSVRC2012_val_00046275.JPEG
imagenet,n09472597,n09472597/ILSVRC2012_val_00046697.JPEG
imagenet,n09472597,n09472597/ILSVRC2012_val_00048040.JPEG
imagenet,n09835506,n09835506/ILSVRC2012_val_00000034.JPEG
imagenet,n09835506,n09835506/ILSVRC2012_val_00002109.JPEG
imagenet,n09835506,n09835506/ILSVRC2012_val_00002254.JPEG
imagenet,n09835506,n09835506/ILSVRC2012_val_00002289.JPEG
imagenet,n09835506,n09835506/ILSVRC2012_val_00002751.JPEG
imagenet,n09835506,n09835506/ILSVRC2012_val_00003489.JPEG
imagenet,n09835506,n09835506/ILSVRC2012_val_00004760.JPEG
imagenet,n09835506,n09835506/ILSVRC2012_val_00005037.JPEG
imagenet,n09835506,n09835506/ILSVRC2012_val_00006476.JPEG
imagenet,n09835506,n09835506/ILSVRC2012_val_00007596.JPEG
imagenet,n09835506,n09835506/ILSVRC2012_val_00008099.JPEG
imagenet,n09835506,n09835506/ILSVRC2012_val_00013594.JPEG
imagenet,n09835506,n09835506/ILSVRC2012_val_00014689.JPEG
imagenet,n09835506,n09835506/ILSVRC2012_val_00016865.JPEG
imagenet,n09835506,n09835506/ILSVRC2012_val_00018226.JPEG
imagenet,n09835506,n09835506/ILSVRC2012_val_00018432.JPEG
imagenet,n09835506,n09835506/ILSVRC2012_val_00018507.JPEG
imagenet,n09835506,n09835506/ILSVRC2012_val_00019854.JPEG
imagenet,n09835506,n09835506/ILSVRC2012_val_00020051.JPEG
imagenet,n09835506,n09835506/ILSVRC2012_val_00020199.JPEG
imagenet,n09835506,n09835506/ILSVRC2012_val_00020719.JPEG
imagenet,n09835506,n09835506/ILSVRC2012_val_00020780.JPEG
imagenet,n09835506,n09835506/ILSVRC2012_val_00022153.JPEG
imagenet,n09835506,n09835506/ILSVRC2012_val_00022559.JPEG
imagenet,n09835506,n09835506/ILSVRC2012_val_00024079.JPEG
imagenet,n09835506,n09835506/ILSVRC2012_val_00024872.JPEG
imagenet,n09835506,n09835506/ILSVRC2012_val_00025002.JPEG
imagenet,n09835506,n09835506/ILSVRC2012_val_00026142.JPEG
imagenet,n09835506,n09835506/ILSVRC2012_val_00026408.JPEG
imagenet,n09835506,n09835506/ILSVRC2012_val_00027412.JPEG
imagenet,n09835506,n09835506/ILSVRC2012_val_00027923.JPEG
imagenet,n09835506,n09835506/ILSVRC2012_val_00029003.JPEG
imagenet,n09835506,n09835506/ILSVRC2012_val_00032087.JPEG
imagenet,n09835506,n09835506/ILSVRC2012_val_00032275.JPEG
imagenet,n09835506,n09835506/ILSVRC2012_val_00034317.JPEG
imagenet,n09835506,n09835506/ILSVRC2012_val_00034949.JPEG
imagenet,n09835506,n09835506/ILSVRC2012_val_00035666.JPEG
imagenet,n09835506,n09835506/ILSVRC2012_val_00036209.JPEG
imagenet,n09835506,n09835506/ILSVRC2012_val_00036213.JPEG
imagenet,n09835506,n09835506/ILSVRC2012_val_00037286.JPEG
imagenet,n09835506,n09835506/ILSVRC2012_val_00037495.JPEG
imagenet,n09835506,n09835506/ILSVRC2012_val_00038424.JPEG
imagenet,n09835506,n09835506/ILSVRC2012_val_00039644.JPEG
imagenet,n09835506,n09835506/ILSVRC2012_val_00039824.JPEG
imagenet,n09835506,n09835506/ILSVRC2012_val_00043086.JPEG
imagenet,n09835506,n09835506/ILSVRC2012_val_00043690.JPEG
imagenet,n09835506,n09835506/ILSVRC2012_val_00045226.JPEG
imagenet,n09835506,n09835506/ILSVRC2012_val_00046451.JPEG
imagenet,n09835506,n09835506/ILSVRC2012_val_00047413.JPEG
imagenet,n09835506,n09835506/ILSVRC2012_val_00048736.JPEG
imagenet,n10565667,n10565667/ILSVRC2012_val_00000255.JPEG
imagenet,n10565667,n10565667/ILSVRC2012_val_00000529.JPEG
imagenet,n10565667,n10565667/ILSVRC2012_val_00003811.JPEG
imagenet,n10565667,n10565667/ILSVRC2012_val_00004546.JPEG
imagenet,n10565667,n10565667/ILSVRC2012_val_00005914.JPEG
imagenet,n10565667,n10565667/ILSVRC2012_val_00011208.JPEG
imagenet,n10565667,n10565667/ILSVRC2012_val_00013619.JPEG
imagenet,n10565667,n10565667/ILSVRC2012_val_00013652.JPEG
imagenet,n10565667,n10565667/ILSVRC2012_val_00015336.JPEG
imagenet,n10565667,n10565667/ILSVRC2012_val_00015572.JPEG
imagenet,n10565667,n10565667/ILSVRC2012_val_00016884.JPEG
imagenet,n10565667,n10565667/ILSVRC2012_val_00017322.JPEG
imagenet,n10565667,n10565667/ILSVRC2012_val_00017491.JPEG
imagenet,n10565667,n10565667/ILSVRC2012_val_00017929.JPEG
imagenet,n10565667,n10565667/ILSVRC2012_val_00019114.JPEG
imagenet,n10565667,n10565667/ILSVRC2012_val_00020135.JPEG
imagenet,n10565667,n10565667/ILSVRC2012_val_00020452.JPEG
imagenet,n10565667,n10565667/ILSVRC2012_val_00020796.JPEG
imagenet,n10565667,n10565667/ILSVRC2012_val_00020849.JPEG
imagenet,n10565667,n10565667/ILSVRC2012_val_00021407.JPEG
imagenet,n10565667,n10565667/ILSVRC2012_val_00022183.JPEG
imagenet,n10565667,n10565667/ILSVRC2012_val_00022622.JPEG
imagenet,n10565667,n10565667/ILSVRC2012_val_00025234.JPEG
imagenet,n10565667,n10565667/ILSVRC2012_val_00025967.JPEG
imagenet,n10565667,n10565667/ILSVRC2012_val_00026867.JPEG
imagenet,n10565667,n10565667/ILSVRC2012_val_00027410.JPEG
imagenet,n10565667,n10565667/ILSVRC2012_val_00027675.JPEG
imagenet,n10565667,n10565667/ILSVRC2012_val_00027740.JPEG
imagenet,n10565667,n10565667/ILSVRC2012_val_00028903.JPEG
imagenet,n10565667,n10565667/ILSVRC2012_val_00033855.JPEG
imagenet,n10565667,n10565667/ILSVRC2012_val_00036689.JPEG
imagenet,n10565667,n10565667/ILSVRC2012_val_00037541.JPEG
imagenet,n10565667,n10565667/ILSVRC2012_val_00037561.JPEG
imagenet,n10565667,n10565667/ILSVRC2012_val_00038871.JPEG
imagenet,n10565667,n10565667/ILSVRC2012_val_00038909.JPEG
imagenet,n10565667,n10565667/ILSVRC2012_val_00039388.JPEG
imagenet,n10565667,n10565667/ILSVRC2012_val_00040033.JPEG
imagenet,n10565667,n10565667/ILSVRC2012_val_00041020.JPEG
imagenet,n10565667,n10565667/ILSVRC2012_val_00041218.JPEG
imagenet,n10565667,n10565667/ILSVRC2012_val_00042288.JPEG
imagenet,n10565667,n10565667/ILSVRC2012_val_00042444.JPEG
imagenet,n10565667,n10565667/ILSVRC2012_val_00042874.JPEG
imagenet,n10565667,n10565667/ILSVRC2012_val_00042949.JPEG
imagenet,n10565667,n10565667/ILSVRC2012_val_00043031.JPEG
imagenet,n10565667,n10565667/ILSVRC2012_val_00046317.JPEG
imagenet,n10565667,n10565667/ILSVRC2012_val_00046799.JPEG
imagenet,n10565667,n10565667/ILSVRC2012_val_00047304.JPEG
imagenet,n10565667,n10565667/ILSVRC2012_val_00048635.JPEG
imagenet,n10565667,n10565667/ILSVRC2012_val_00048689.JPEG
imagenet,n10565667,n10565667/ILSVRC2012_val_00049626.JPEG
imagenet,n12267677,n12267677/ILSVRC2012_val_00001058.JPEG
imagenet,n12267677,n12267677/ILSVRC2012_val_00001117.JPEG
imagenet,n12267677,n12267677/ILSVRC2012_val_00002139.JPEG
imagenet,n12267677,n12267677/ILSVRC2012_val_00002982.JPEG
imagenet,n12267677,n12267677/ILSVRC2012_val_00004433.JPEG
imagenet,n12267677,n12267677/ILSVRC2012_val_00005780.JPEG
imagenet,n12267677,n12267677/ILSVRC2012_val_00007085.JPEG
imagenet,n12267677,n12267677/ILSVRC2012_val_00010361.JPEG
imagenet,n12267677,n12267677/ILSVRC2012_val_00012754.JPEG
imagenet,n12267677,n12267677/ILSVRC2012_val_00012761.JPEG
imagenet,n12267677,n12267677/ILSVRC2012_val_00013791.JPEG
imagenet,n12267677,n12267677/ILSVRC2012_val_00013867.JPEG
imagenet,n12267677,n12267677/ILSVRC2012_val_00014226.JPEG
imagenet,n12267677,n12267677/ILSVRC2012_val_00015942.JPEG
imagenet,n12267677,n12267677/ILSVRC2012_val_00016842.JPEG
imagenet,n12267677,n12267677/ILSVRC2012_val_00018155.JPEG
imagenet,n12267677,n12267677/ILSVRC2012_val_00019713.JPEG
imagenet,n12267677,n12267677/ILSVRC2012_val_00020501.JPEG
imagenet,n12267677,n12267677/ILSVRC2012_val_00023867.JPEG
imagenet,n12267677,n12267677/ILSVRC2012_val_00024113.JPEG
imagenet,n12267677,n12267677/ILSVRC2012_val_00024328.JPEG
imagenet,n12267677,n12267677/ILSVRC2012_val_00024413.JPEG
imagenet,n12267677,n12267677/ILSVRC2012_val_00024549.JPEG
imagenet,n12267677,n12267677/ILSVRC2012_val_00024580.JPEG
imagenet,n12267677,n12267677/ILSVRC2012_val_00024748.JPEG
imagenet,n12267677,n12267677/ILSVRC2012_val_00024975.JPEG
imagenet,n12267677,n12267677/ILSVRC2012_val_00028557.JPEG
imagenet,n12267677,n12267677/ILSVRC2012_val_00028871.JPEG
imagenet,n12267677,n12267677/ILSVRC2012_val_00028961.JPEG
imagenet,n12267677,n12267677/ILSVRC2012_val_00029792.JPEG
imagenet,n12267677,n12267677/ILSVRC2012_val_00029915.JPEG
imagenet,n12267677,n12267677/ILSVRC2012_val_00031536.JPEG
imagenet,n12267677,n12267677/ILSVRC2012_val_00031998.JPEG
imagenet,n12267677,n12267677/ILSVRC2012_val_00032501.JPEG
imagenet,n12267677,n12267677/ILSVRC2012_val_00032669.JPEG
imagenet,n12267677,n12267677/ILSVRC2012_val_00034939.JPEG
imagenet,n12267677,n12267677/ILSVRC2012_val_00036210.JPEG
imagenet,n12267677,n12267677/ILSVRC2012_val_00036644.JPEG
imagenet,n12267677,n12267677/ILSVRC2012_val_00037527.JPEG
imagenet,n12267677,n12267677/ILSVRC2012_val_00037926.JPEG
imagenet,n12267677,n12267677/ILSVRC2012_val_00038256.JPEG
imagenet,n12267677,n12267677/ILSVRC2012_val_00038516.JPEG
imagenet,n12267677,n12267677/ILSVRC2012_val_00042458.JPEG
imagenet,n12267677,n12267677/ILSVRC2012_val_00044880.JPEG
imagenet,n12267677,n12267677/ILSVRC2012_val_00044926.JPEG
imagenet,n12267677,n12267677/ILSVRC2012_val_00045517.JPEG
imagenet,n12267677,n12267677/ILSVRC2012_val_00045530.JPEG
imagenet,n12267677,n12267677/ILSVRC2012_val_00047247.JPEG
imagenet,n12267677,n12267677/ILSVRC2012_val_00048992.JPEG
imagenet,n12267677,n12267677/ILSVRC2012_val_00049900.JPEG
imagenet_r,n02437616,n02437616/art_0.jpg
imagenet_r,n02437616,n02437616/art_1.jpg
imagenet_r,n02437616,n02437616/art_2.jpg
imagenet_r,n02437616,n02437616/art_3.jpg
imagenet_r,n02437616,n02437616/art_4.jpg
imagenet_r,n02437616,n02437616/art_5.jpg
imagenet_r,n02437616,n02437616/art_6.jpg
imagenet_r,n02437616,n02437616/art_7.jpg
imagenet_r,n02437616,n02437616/art_8.jpg
imagenet_r,n02437616,n02437616/art_9.jpg
imagenet_r,n02437616,n02437616/cartoon_0.jpg
imagenet_r,n02437616,n02437616/cartoon_1.jpg
imagenet_r,n02437616,n02437616/cartoon_10.jpg
imagenet_r,n02437616,n02437616/cartoon_11.jpg
imagenet_r,n02437616,n02437616/cartoon_12.jpg
imagenet_r,n02437616,n02437616/cartoon_13.jpg
imagenet_r,n02437616,n02437616/cartoon_14.jpg
imagenet_r,n02437616,n02437616/cartoon_15.jpg
imagenet_r,n02437616,n02437616/cartoon_16.jpg
imagenet_r,n02437616,n02437616/cartoon_17.jpg
imagenet_r,n02437616,n02437616/cartoon_18.jpg
imagenet_r,n02437616,n02437616/cartoon_19.jpg
imagenet_r,n02437616,n02437616/cartoon_2.jpg
imagenet_r,n02437616,n02437616/cartoon_20.jpg
imagenet_r,n02437616,n02437616/cartoon_21.jpg
imagenet_r,n02437616,n02437616/cartoon_22.jpg
imagenet_r,n02437616,n02437616/cartoon_23.jpg
imagenet_r,n02437616,n02437616/cartoon_24.jpg
imagenet_r,n02437616,n02437616/cartoon_25.jpg
imagenet_r,n02437616,n02437616/cartoon_26.jpg
imagenet_r,n02437616,n02437616/cartoon_27.jpg
imagenet_r,n02437616,n02437616/cartoon_28.jpg
imagenet_r,n02437616,n02437616/cartoon_3.jpg
imagenet_r,n02437616,n02437616/cartoon_4.jpg
imagenet_r,n02437616,n02437616/cartoon_5.jpg
imagenet_r,n02437616,n02437616/cartoon_6.jpg
imagenet_r,n02437616,n02437616/cartoon_7.jpg
imagenet_r,n02437616,n02437616/cartoon_8.jpg
imagenet_r,n02437616,n02437616/cartoon_9.jpg
imagenet_r,n02437616,n02437616/deviantart_0.jpg
imagenet_r,n02437616,n02437616/deviantart_1.jpg
imagenet_r,n02437616,n02437616/deviantart_10.jpg
imagenet_r,n02437616,n02437616/deviantart_11.jpg
imagenet_r,n02437616,n02437616/deviantart_12.jpg
imagenet_r,n02437616,n02437616/deviantart_13.jpg
imagenet_r,n02437616,n02437616/deviantart_14.jpg
imagenet_r,n02437616,n02437616/deviantart_15.jpg
imagenet_r,n02437616,n02437616/deviantart_16.jpg
imagenet_r,n02437616,n02437616/deviantart_17.jpg
imagenet_r,n02437616,n02437616/deviantart_18.jpg
imagenet_r,n02445715,n02445715/art_0.jpg
imagenet_r,n02445715,n02445715/art_1.jpg
imagenet_r,n02445715,n02445715/art_2.jpg
imagenet_r,n02445715,n02445715/art_3.jpg
imagenet_r,n02445715,n02445715/art_4.jpg
imagenet_r,n02445715,n02445715/art_5.jpg
imagenet_r,n02445715,n02445715/art_6.jpg
imagenet_r,n02445715,n02445715/cartoon_0.jpg
imagenet_r,n02445715,n02445715/cartoon_1.jpg
imagenet_r,n02445715,n02445715/cartoon_10.jpg
imagenet_r,n02445715,n02445715/cartoon_11.jpg
imagenet_r,n02445715,n02445715/cartoon_12.jpg
imagenet_r,n02445715,n02445715/cartoon_13.jpg
imagenet_r,n02445715,n02445715/cartoon_14.jpg
imagenet_r,n02445715,n02445715/cartoon_15.jpg
imagenet_r,n02445715,n02445715/cartoon_16.jpg
imagenet_r,n02445715,n02445715/cartoon_17.jpg
imagenet_r,n02445715,n02445715/cartoon_18.jpg
imagenet_r,n02445715,n02445715/cartoon_19.jpg
imagenet_r,n02445715,n02445715/cartoon_2.jpg
imagenet_r,n02445715,n02445715/cartoon_20.jpg
imagenet_r,n02445715,n02445715/cartoon_21.jpg
imagenet_r,n02445715,n02445715/cartoon_22.jpg
imagenet_r,n02445715,n02445715/cartoon_23.jpg
imagenet_r,n02445715,n02445715/cartoon_24.jpg
imagenet_r,n02445715,n02445715/cartoon_25.jpg
imagenet_r,n02445715,n02445715/cartoon_26.jpg
imagenet_r,n02445715,n02445715/cartoon_27.jpg
imagenet_r,n02445715,n02445715/cartoon_28.jpg
imagenet_r,n02445715,n02445715/cartoon_29.jpg
imagenet_r,n02445715,n02445715/cartoon_3.jpg
imagenet_r,n02445715,n02445715/cartoon_30.jpg
imagenet_r,n02445715,n02445715/cartoon_31.jpg
imagenet_r,n02445715,n02445715/cartoon_32.jpg
imagenet_r,n02445715,n02445715/cartoon_33.jpg
imagenet_r,n02445715,n02445715/cartoon_34.jpg
imagenet_r,n02445715,n02445715/cartoon_35.jpg
imagenet_r,n02445715,n02445715/cartoon_36.jpg
imagenet_r,n02445715,n02445715/cartoon_37.jpg
imagenet_r,n02445715,n02445715/cartoon_38.jpg
imagenet_r,n02445715,n02445715/cartoon_39.jpg
imagenet_r,n02445715,n02445715/cartoon_4.jpg
imagenet_r,n02445715,n02445715/cartoon_40.jpg
imagenet_r,n02445715,n02445715/cartoon_5.jpg
imagenet_r,n02445715,n02445715/cartoon_6.jpg
imagenet_r,n02445715,n02445715/cartoon_7.jpg
imagenet_r,n02445715,n02445715/cartoon_8.jpg
imagenet_r,n02445715,n02445715/cartoon_9.jpg
imagenet_r,n02445715,n02445715/embroidery_0.jpg
imagenet_r,n02445715,n02445715/embroidery_1.jpg
imagenet_r,n02447366,n02447366/art_0.jpg
imagenet_r,n02447366,n02447366/art_1.jpg
imagenet_r,n02447366,n02447366/art_2.jpg
imagenet_r,n02447366,n02447366/art_3.jpg
imagenet_r,n02447366,n02447366/cartoon_0.jpg
imagenet_r,n02447366,n02447366/cartoon_1.jpg
imagenet_r,n02447366,n02447366/cartoon_10.jpg
imagenet_r,n02447366,n02447366/cartoon_11.jpg
imagenet_r,n02447366,n02447366/cartoon_12.jpg
imagenet_r,n02447366,n02447366/cartoon_13.jpg
imagenet_r,n02447366,n02447366/cartoon_14.jpg
imagenet_r,n02447366,n02447366/cartoon_15.jpg
imagenet_r,n02447366,n02447366/cartoon_16.jpg
imagenet_r,n02447366,n02447366/cartoon_17.jpg
imagenet_r,n02447366,n02447366/cartoon_18.jpg
imagenet_r,n02447366,n02447366/cartoon_19.jpg
imagenet_r,n02447366,n02447366/cartoon_2.jpg
imagenet_r,n02447366,n02447366/cartoon_20.jpg
imagenet_r,n02447366,n02447366/cartoon_21.jpg
imagenet_r,n02447366,n02447366/cartoon_22.jpg
imagenet_r,n02447366,n02447366/cartoon_23.jpg
imagenet_r,n02447366,n02447366/cartoon_24.jpg
imagenet_r,n02447366,n02447366/cartoon_25.jpg
imagenet_r,n02447366,n02447366/cartoon_26.jpg
imagenet_r,n02447366,n02447366/cartoon_27.jpg
imagenet_r,n02447366,n02447366/cartoon_28.jpg
imagenet_r,n02447366,n02447366/cartoon_29.jpg
imagenet_r,n02447366,n02447366/cartoon_3.jpg
imagenet_r,n02447366,n02447366/cartoon_30.jpg
imagenet_r,n02447366,n02447366/cartoon_4.jpg
imagenet_r,n02447366,n02447366/cartoon_5.jpg
imagenet_r,n02447366,n02447366/cartoon_6.jpg
imagenet_r,n02447366,n02447366/cartoon_7.jpg
imagenet_r,n02447366,n02447366/cartoon_8.jpg
imagenet_r,n02447366,n02447366/cartoon_9.jpg
imagenet_r,n02447366,n02447366/embroidery_0.jpg
imagenet_r,n02447366,n02447366/embroidery_1.jpg
imagenet_r,n02447366,n02447366/embroidery_2.jpg
imagenet_r,n02447366,n02447366/embroidery_3.jpg
imagenet_r,n02447366,n02447366/embroidery_4.jpg
imagenet_r,n02447366,n02447366/embroidery_5.jpg
imagenet_r,n02447366,n02447366/embroidery_6.jpg
imagenet_r,n02447366,n02447366/embroidery_7.jpg
imagenet_r,n02447366,n02447366/embroidery_8.jpg
imagenet_r,n02447366,n02447366/graffiti_0.jpg
imagenet_r,n02447366,n02447366/graffiti_1.jpg
imagenet_r,n02447366,n02447366/graffiti_2.jpg
imagenet_r,n02447366,n02447366/graffiti_3.jpg
imagenet_r,n02447366,n02447366/graffiti_4.jpg
imagenet_r,n02447366,n02447366/graffiti_5.jpg
imagenet_r,n02480495,n02480495/art_0.jpg
imagenet_r,n02480495,n02480495/art_1.jpg
imagenet_r,n02480495,n02480495/art_10.jpg
imagenet_r,n02480495,n02480495/art_11.jpg
imagenet_r,n02480495,n02480495/art_12.jpg
imagenet_r,n02480495,n02480495/art_13.jpg
imagenet_r,n02480495,n02480495/art_14.jpg
imagenet_r,n02480495,n02480495/art_15.jpg
imagenet_r,n02480495,n02480495/art_16.jpg
imagenet_r,n02480495,n02480495/art_17.jpg
imagenet_r,n02480495,n02480495/art_18.jpg
imagenet_r,n02480495,n02480495/art_2.jpg
imagenet_r,n02480495,n02480495/art_3.jpg
imagenet_r,n02480495,n02480495/art_4.jpg
imagenet_r,n02480495,n02480495/art_5.jpg
imagenet_r,n02480495,n02480495/art_6.jpg
imagenet_r,n02480495,n02480495/art_7.jpg
imagenet_r,n02480495,n02480495/art_8.jpg
imagenet_r,n02480495,n02480495/art_9.jpg
imagenet_r,n02480495,n02480495/cartoon_0.jpg
imagenet_r,n02480495,n02480495/cartoon_1.jpg
imagenet_r,n02480495,n02480495/cartoon_10.jpg
imagenet_r,n02480495,n02480495/cartoon_11.jpg
imagenet_r,n02480495,n02480495/cartoon_12.jpg
imagenet_r,n02480495,n02480495/cartoon_13.jpg
imagenet_r,n02480495,n02480495/cartoon_14.jpg
imagenet_r,n02480495,n02480495/cartoon_15.jpg
imagenet_r,n02480495,n02480495/cartoon_16.jpg
imagenet_r,n02480495,n02480495/cartoon_17.jpg
imagenet_r,n02480495,n02480495/cartoon_18.jpg
imagenet_r,n02480495,n02480495/cartoon_2.jpg
imagenet_r,n02480495,n02480495/cartoon_3.jpg
imagenet_r,n02480495,n02480495/cartoon_4.jpg
imagenet_r,n02480495,n02480495/cartoon_5.jpg
imagenet_r,n02480495,n02480495/cartoon_6.jpg
imagenet_r,n02480495,n02480495/cartoon_7.jpg
imagenet_r,n02480495,n02480495/cartoon_8.jpg
imagenet_r,n02480495,n02480495/cartoon_9.jpg
imagenet_r,n02480495,n02480495/graffiti_0.jpg
imagenet_r,n02480495,n02480495/graffiti_1.jpg
imagenet_r,n02480495,n02480495/graphic_0.jpg
imagenet_r,n02480495,n02480495/misc_0.jpg
imagenet_r,n02480495,n02480495/misc_1.jpg
imagenet_r,n02480495,n02480495/misc_2.jpg
imagenet_r,n02480495,n02480495/misc_3.jpg
imagenet_r,n02480495,n02480495/misc_4.jpg
imagenet_r,n02480495,n02480495/painting_0.jpg
imagenet_r,n02480495,n02480495/painting_1.jpg
imagenet_r,n02480495,n02480495/painting_10.jpg
imagenet_r,n02480495,n02480495/painting_11.jpg
imagenet_r,n02480855,n02480855/art_0.jpg
imagenet_r,n02480855,n02480855/art_1.jpg
imagenet_r,n02480855,n02480855/art_10.jpg
imagenet_r,n02480855,n02480855/art_2.jpg
imagenet_r,n02480855,n02480855/art_3.jpg
imagenet_r,n02480855,n02480855/art_4.jpg
imagenet_r,n02480855,n02480855/art_5.jpg
imagenet_r,n02480855,n02480855/art_6.jpg
imagenet_r,n02480855,n02480855/art_7.jpg
imagenet_r,n02480855,n02480855/art_8.jpg
imagenet_r,n02480855,n02480855/art_9.jpg
imagenet_r,n02480855,n02480855/cartoon_0.jpg
imagenet_r,n02480855,n02480855/cartoon_1.jpg
imagenet_r,n02480855,n02480855/cartoon_10.jpg
imagenet_r,n02480855,n02480855/cartoon_11.jpg
imagenet_r,n02480855,n02480855/cartoon_12.jpg
imagenet_r,n02480855,n02480855/cartoon_13.jpg
imagenet_r,n02480855,n02480855/cartoon_14.jpg
imagenet_r,n02480855,n02480855/cartoon_15.jpg
imagenet_r,n02480855,n02480855/cartoon_16.jpg
imagenet_r,n02480855,n02480855/cartoon_17.jpg
imagenet_r,n02480855,n02480855/cartoon_18.jpg
imagenet_r,n02480855,n02480855/cartoon_2.jpg
imagenet_r,n02480855,n02480855/cartoon_3.jpg
imagenet_r,n02480855,n02480855/cartoon_4.jpg
imagenet_r,n02480855,n02480855/cartoon_5.jpg
imagenet_r,n02480855,n02480855/cartoon_6.jpg
imagenet_r,n02480855,n02480855/cartoon_7.jpg
imagenet_r,n02480855,n02480855/cartoon_8.jpg
imagenet_r,n02480855,n02480855/cartoon_9.jpg
imagenet_r,n02480855,n02480855/graffiti_0.jpg
imagenet_r,n02480855,n02480855/graffiti_1.jpg
imagenet_r,n02480855,n02480855/graffiti_10.jpg
imagenet_r,n02480855,n02480855/graffiti_11.jpg
imagenet_r,n02480855,n02480855/graffiti_12.jpg
imagenet_r,n02480855,n02480855/graffiti_13.jpg
imagenet_r,n02480855,n02480855/graffiti_14.jpg
imagenet_r,n02480855,n02480855/graffiti_15.jpg
imagenet_r,n02480855,n02480855/graffiti_16.jpg
imagenet_r,n02480855,n02480855/graffiti_17.jpg
imagenet_r,n02480855,n02480855/graffiti_18.jpg
imagenet_r,n02480855,n02480855/graffiti_19.jpg
imagenet_r,n02480855,n02480855/graffiti_2.jpg
imagenet_r,n02480855,n02480855/graffiti_3.jpg
imagenet_r,n02480855,n02480855/graffiti_4.jpg
imagenet_r,n02480855,n02480855/graffiti_5.jpg
imagenet_r,n02480855,n02480855/graffiti_6.jpg
imagenet_r,n02480855,n02480855/graffiti_7.jpg
imagenet_r,n02480855,n02480855/graffiti_8.jpg
imagenet_r,n02480855,n02480855/graffiti_9.jpg
imagenet_r,n02481823,n02481823/art_0.jpg
imagenet_r,n02481823,n02481823/art_1.jpg
imagenet_r,n02481823,n02481823/art_10.jpg
imagenet_r,n02481823,n02481823/art_11.jpg
imagenet_r,n02481823,n02481823/art_12.jpg
imagenet_r,n02481823,n02481823/art_13.jpg
imagenet_r,n02481823,n02481823/art_14.jpg
imagenet_r,n02481823,n02481823/art_15.jpg
imagenet_r,n02481823,n02481823/art_16.jpg
imagenet_r,n02481823,n02481823/art_17.jpg
imagenet_r,n02481823,n02481823/art_18.jpg
imagenet_r,n02481823,n02481823/art_19.jpg
imagenet_r,n02481823,n02481823/art_2.jpg
imagenet_r,n02481823,n02481823/art_3.jpg
imagenet_r,n02481823,n02481823/art_4.jpg
imagenet_r,n02481823,n02481823/art_5.jpg
imagenet_r,n02481823,n02481823/art_6.jpg
imagenet_r,n02481823,n02481823/art_7.jpg
imagenet_r,n02481823,n02481823/art_8.jpg
imagenet_r,n02481823,n02481823/art_9.jpg
imagenet_r,n02481823,n02481823/cartoon_0.jpg
imagenet_r,n02481823,n02481823/cartoon_1.jpg
imagenet_r,n02481823,n02481823/cartoon_10.jpg
imagenet_r,n02481823,n02481823/cartoon_11.jpg
imagenet_r,n02481823,n02481823/cartoon_12.jpg
imagenet_r,n02481823,n02481823/cartoon_13.jpg
imagenet_r,n02481823,n02481823/cartoon_14.jpg
imagenet_r,n02481823,n02481823/cartoon_15.jpg
imagenet_r,n02481823,n02481823/cartoon_16.jpg
imagenet_r,n02481823,n02481823/cartoon_17.jpg
imagenet_r,n02481823,n02481823/cartoon_18.jpg
imagenet_r,n02481823,n02481823/cartoon_19.jpg
imagenet_r,n02481823,n02481823/cartoon_2.jpg
imagenet_r,n02481823,n02481823/cartoon_20.jpg
imagenet_r,n02481823,n02481823/cartoon_21.jpg
imagenet_r,n02481823,n02481823/cartoon_22.jpg
imagenet_r,n02481823,n02481823/cartoon_23.jpg
imagenet_r,n02481823,n02481823/cartoon_24.jpg
imagenet_r,n02481823,n02481823/cartoon_25.jpg
imagenet_r,n02481823,n02481823/cartoon_26.jpg
imagenet_r,n02481823,n02481823/cartoon_3.jpg
imagenet_r,n02481823,n02481823/cartoon_4.jpg
imagenet_r,n02481823,n02481823/cartoon_5.jpg
imagenet_r,n02481823,n02481823/cartoon_6.jpg
imagenet_r,n02481823,n02481823/cartoon_7.jpg
imagenet_r,n02481823,n02481823/cartoon_8.jpg
imagenet_r,n02481823,n02481823/cartoon_9.jpg
imagenet_r,n02481823,n02481823/deviantart_0.jpg
imagenet_r,n02481823,n02481823/deviantart_1.jpg
imagenet_r,n02481823,n02481823/deviantart_10.jpg
imagenet_r,n02483362,n02483362/art_0.jpg
imagenet_r,n02483362,n02483362/art_1.jpg
imagenet_r,n02483362,n02483362/art_2.jpg
imagenet_r,n02483362,n02483362/art_3.jpg
imagenet_r,n02483362,n02483362/art_4.jpg
imagenet_r,n02483362,n02483362/cartoon_0.jpg
imagenet_r,n02483362,n02483362/cartoon_1.jpg
imagenet_r,n02483362,n02483362/cartoon_2.jpg
imagenet_r,n02483362,n02483362/cartoon_3.jpg
imagenet_r,n02483362,n02483362/cartoon_4.jpg
imagenet_r,n02483362,n02483362/cartoon_5.jpg
imagenet_r,n02483362,n02483362/cartoon_6.jpg
imagenet_r,n02483362,n02483362/cartoon_7.jpg
imagenet_r,n02483362,n02483362/cartoon_8.jpg
imagenet_r,n02483362,n02483362/graffiti_0.jpg
imagenet_r,n02483362,n02483362/graffiti_1.jpg
imagenet_r,n02483362,n02483362/misc_0.jpg
imagenet_r,n02483362,n02483362/origami_0.jpg
imagenet_r,n02483362,n02483362/origami_1.jpg
imagenet_r,n02483362,n02483362/origami_2.jpg
imagenet_r,n02483362,n02483362/painting_0.jpg
imagenet_r,n02483362,n02483362/painting_1.jpg
imagenet_r,n02483362,n02483362/painting_2.jpg
imagenet_r,n02483362,n02483362/painting_3.jpg
imagenet_r,n02483362,n02483362/painting_4.jpg
imagenet_r,n02483362,n02483362/painting_5.jpg
imagenet_r,n02483362,n02483362/painting_6.jpg
imagenet_r,n02483362,n02483362/painting_7.jpg
imagenet_r,n02483362,n02483362/painting_8.jpg
imagenet_r,n02483362,n02483362/sculpture_0.jpg
imagenet_r,n02483362,n02483362/sculpture_1.jpg
imagenet_r,n02483362,n02483362/sketch_0.jpg
imagenet_r,n02483362,n02483362/sketch_1.jpg
imagenet_r,n02483362,n02483362/sketch_10.jpg
imagenet_r,n02483362,n02483362/sketch_11.jpg
imagenet_r,n02483362,n02483362/sketch_12.jpg
imagenet_r,n02483362,n02483362/sketch_13.jpg
imagenet_r,n02483362,n02483362/sketch_14.jpg
imagenet_r,n02483362,n02483362/sketch_15.jpg
imagenet_r,n02483362,n02483362/sketch_16.jpg
imagenet_r,n02483362,n02483362/sketch_17.jpg
imagenet_r,n02483362,n02483362/sketch_18.jpg
imagenet_r,n02483362,n02483362/sketch_19.jpg
imagenet_r,n02483362,n02483362/sketch_2.jpg
imagenet_r,n02483362,n02483362/sketch_20.jpg
imagenet_r,n02483362,n02483362/sketch_21.jpg
imagenet_r,n02483362,n02483362/sketch_22.jpg
imagenet_r,n02483362,n02483362/sketch_23.jpg
imagenet_r,n02483362,n02483362/sketch_24.jpg
imagenet_r,n02483362,n02483362/sketch_25.jpg
imagenet_r,n02486410,n02486410/art_0.jpg
imagenet_r,n02486410,n02486410/art_1.jpg
imagenet_r,n02486410,n02486410/art_2.jpg
imagenet_r,n02486410,n02486410/art_3.jpg
imagenet_r,n02486410,n02486410/art_4.jpg
imagenet_r,n02486410,n02486410/art_5.jpg
imagenet_r,n02486410,n02486410/art_6.jpg
imagenet_r,n02486410,n02486410/cartoon_0.jpg
imagenet_r,n02486410,n02486410/cartoon_1.jpg
imagenet_r,n02486410,n02486410/cartoon_10.jpg
imagenet_r,n02486410,n02486410/cartoon_11.jpg
imagenet_r,n02486410,n02486410/cartoon_12.jpg
imagenet_r,n02486410,n02486410/cartoon_13.jpg
imagenet_r,n02486410,n02486410/cartoon_14.jpg
imagenet_r,n02486410,n02486410/cartoon_15.jpg
imagenet_r,n02486410,n02486410/cartoon_16.jpg
imagenet_r,n02486410,n02486410/cartoon_17.jpg
imagenet_r,n02486410,n02486410/cartoon_18.jpg
imagenet_r,n02486410,n02486410/cartoon_19.jpg
imagenet_r,n02486410,n02486410/cartoon_2.jpg
imagenet_r,n02486410,n02486410/cartoon_20.jpg
imagenet_r,n02486410,n02486410/cartoon_21.jpg
imagenet_r,n02486410,n02486410/cartoon_22.jpg
imagenet_r,n02486410,n02486410/cartoon_23.jpg
imagenet_r,n02486410,n02486410/cartoon_24.jpg
imagenet_r,n02486410,n02486410/cartoon_25.jpg
imagenet_r,n02486410,n02486410/cartoon_26.jpg
imagenet_r,n02486410,n02486410/cartoon_27.jpg
imagenet_r,n02486410,n02486410/cartoon_28.jpg
imagenet_r,n02486410,n02486410/cartoon_29.jpg
imagenet_r,n02486410,n02486410/cartoon_3.jpg
imagenet_r,n02486410,n02486410/cartoon_30.jpg
imagenet_r,n02486410,n02486410/cartoon_31.jpg
imagenet_r,n02486410,n02486410/cartoon_4.jpg
imagenet_r,n02486410,n02486410/cartoon_5.jpg
imagenet_r,n02486410,n02486410/cartoon_6.jpg
imagenet_r,n02486410,n02486410/cartoon_7.jpg
imagenet_r,n02486410,n02486410/cartoon_8.jpg
imagenet_r,n02486410,n02486410/cartoon_9.jpg
imagenet_r,n02486410,n02486410/embroidery_0.jpg
imagenet_r,n02486410,n02486410/graffiti_0.jpg
imagenet_r,n02486410,n02486410/graffiti_1.jpg
imagenet_r,n02486410,n02486410/graffiti_2.jpg
imagenet_r,n02486410,n02486410/graffiti_3.jpg
imagenet_r,n02486410,n02486410/graffiti_4.jpg
imagenet_r,n02486410,n02486410/graffiti_5.jpg
imagenet_r,n02486410,n02486410/graffiti_6.jpg
imagenet_r,n02486410,n02486410/graffiti_7.jpg
imagenet_r,n02486410,n02486410/graffiti_8.jpg
imagenet_r,n02486410,n02486410/graffiti_9.jpg
imagenet_r,n02510455,n02510455/deviantart_0.jpg
imagenet_r,n02510455,n02510455/deviantart_1.jpg
imagenet_r,n02510455,n02510455/deviantart_10.jpg
imagenet_r,n02510455,n02510455/deviantart_11.jpg
imagenet_r,n02510455,n02510455/deviantart_12.jpg
imagenet_r,n02510455,n02510455/deviantart_13.jpg
imagenet_r,n02510455,n02510455/deviantart_14.jpg
imagenet_r,n02510455,n02510455/deviantart_15.jpg
imagenet_r,n02510455,n02510455/deviantart_16.jpg
imagenet_r,n02510455,n02510455/deviantart_17.jpg
imagenet_r,n02510455,n02510455/deviantart_18.jpg
imagenet_r,n02510455,n02510455/deviantart_19.jpg
imagenet_r,n02510455,n02510455/deviantart_2.jpg
imagenet_r,n02510455,n02510455/deviantart_20.jpg
imagenet_r,n02510455,n02510455/deviantart_21.jpg
imagenet_r,n02510455,n02510455/deviantart_22.jpg
imagenet_r,n02510455,n02510455/deviantart_23.jpg
imagenet_r,n02510455,n02510455/deviantart_24.jpg
imagenet_r,n02510455,n02510455/deviantart_25.jpg
imagenet_r,n02510455,n02510455/deviantart_26.jpg
imagenet_r,n02510455,n02510455/deviantart_27.jpg
imagenet_r,n02510455,n02510455/deviantart_28.jpg
imagenet_r,n02510455,n02510455/deviantart_29.jpg
imagenet_r,n02510455,n02510455/deviantart_3.jpg
imagenet_r,n02510455,n02510455/deviantart_4.jpg
imagenet_r,n02510455,n02510455/deviantart_5.jpg
imagenet_r,n02510455,n02510455/deviantart_6.jpg
imagenet_r,n02510455,n02510455/deviantart_7.jpg
imagenet_r,n02510455,n02510455/deviantart_8.jpg
imagenet_r,n02510455,n02510455/deviantart_9.jpg
imagenet_r,n02510455,n02510455/misc_0.jpg
imagenet_r,n02510455,n02510455/misc_1.jpg
imagenet_r,n02510455,n02510455/misc_10.jpg
imagenet_r,n02510455,n02510455/misc_100.jpg
imagenet_r,n02510455,n02510455/misc_101.jpg
imagenet_r,n02510455,n02510455/misc_102.jpg
imagenet_r,n02510455,n02510455/misc_103.jpg
imagenet_r,n02510455,n02510455/misc_104.jpg
imagenet_r,n02510455,n02510455/misc_105.jpg
imagenet_r,n02510455,n02510455/misc_106.jpg
imagenet_r,n02510455,n02510455/misc_107.jpg
imagenet_r,n02510455,n02510455/misc_108.jpg
imagenet_r,n02510455,n02510455/misc_109.jpg
imagenet_r,n02510455,n02510455/misc_11.jpg
imagenet_r,n02510455,n02510455/misc_110.jpg
imagenet_r,n02510455,n02510455/misc_111.jpg
imagenet_r,n02510455,n02510455/misc_112.jpg
imagenet_r,n02510455,n02510455/misc_113.jpg
imagenet_r,n02510455,n02510455/misc_114.jpg
imagenet_r,n02510455,n02510455/misc_115.jpg
imagenet_r,n02526121,n02526121/art_0.jpg
imagenet_r,n02526121,n02526121/art_1.jpg
imagenet_r,n02526121,n02526121/art_2.jpg
imagenet_r,n02526121,n02526121/art_3.jpg
imagenet_r,n02526121,n02526121/art_4.jpg
imagenet_r,n02526121,n02526121/art_5.jpg
imagenet_r,n02526121,n02526121/art_6.jpg
imagenet_r,n02526121,n02526121/art_7.jpg
imagenet_r,n02526121,n02526121/art_8.jpg
imagenet_r,n02526121,n02526121/cartoon_0.jpg
imagenet_r,n02526121,n02526121/cartoon_1.jpg
imagenet_r,n02526121,n02526121/cartoon_10.jpg
imagenet_r,n02526121,n02526121/cartoon_11.jpg
imagenet_r,n02526121,n02526121/cartoon_12.jpg
imagenet_r,n02526121,n02526121/cartoon_13.jpg
imagenet_r,n02526121,n02526121/cartoon_14.jpg
imagenet_r,n02526121,n02526121/cartoon_15.jpg
imagenet_r,n02526121,n02526121/cartoon_16.jpg
imagenet_r,n02526121,n02526121/cartoon_17.jpg
imagenet_r,n02526121,n02526121/cartoon_18.jpg
imagenet_r,n02526121,n02526121/cartoon_19.jpg
imagenet_r,n02526121,n02526121/cartoon_2.jpg
imagenet_r,n02526121,n02526121/cartoon_20.jpg
imagenet_r,n02526121,n02526121/cartoon_21.jpg
imagenet_r,n02526121,n02526121/cartoon_22.jpg
imagenet_r,n02526121,n02526121/cartoon_23.jpg
imagenet_r,n02526121,n02526121/cartoon_24.jpg
imagenet_r,n02526121,n02526121/cartoon_25.jpg
imagenet_r,n02526121,n02526121/cartoon_26.jpg
imagenet_r,n02526121,n02526121/cartoon_27.jpg
imagenet_r,n02526121,n02526121/cartoon_28.jpg
imagenet_r,n02526121,n02526121/cartoon_29.jpg
imagenet_r,n02526121,n02526121/cartoon_3.jpg
imagenet_r,n02526121,n02526121/cartoon_30.jpg
imagenet_r,n02526121,n02526121/cartoon_31.jpg
imagenet_r,n02526121,n02526121/cartoon_32.jpg
imagenet_r,n02526121,n02526121/cartoon_33.jpg
imagenet_r,n02526121,n02526121/cartoon_34.jpg
imagenet_r,n02526121,n02526121/cartoon_35.jpg
imagenet_r,n02526121,n02526121/cartoon_36.jpg
imagenet_r,n02526121,n02526121/cartoon_37.jpg
imagenet_r,n02526121,n02526121/cartoon_4.jpg
imagenet_r,n02526121,n02526121/cartoon_5.jpg
imagenet_r,n02526121,n02526121/cartoon_6.jpg
imagenet_r,n02526121,n02526121/cartoon_7.jpg
imagenet_r,n02526121,n02526121/cartoon_8.jpg
imagenet_r,n02526121,n02526121/cartoon_9.jpg
imagenet_r,n02526121,n02526121/graffiti_0.jpg
imagenet_r,n02526121,n02526121/graphic_0.jpg
imagenet_r,n02526121,n02526121/misc_0.jpg
imagenet_r,n02607072,n02607072/deviantart_0.jpg
imagenet_r,n02607072,n02607072/deviantart_1.jpg
imagenet_r,n02607072,n02607072/deviantart_10.jpg
imagenet_r,n02607072,n02607072/deviantart_11.jpg
imagenet_r,n02607072,n02607072/deviantart_12.jpg
imagenet_r,n02607072,n02607072/deviantart_13.jpg
imagenet_r,n02607072,n02607072/deviantart_14.jpg
imagenet_r,n02607072,n02607072/deviantart_15.jpg
imagenet_r,n02607072,n02607072/deviantart_16.jpg
imagenet_r,n02607072,n02607072/deviantart_17.jpg
imagenet_r,n02607072,n02607072/deviantart_18.jpg
imagenet_r,n02607072,n02607072/deviantart_19.jpg
imagenet_r,n02607072,n02607072/deviantart_2.jpg
imagenet_r,n02607072,n02607072/deviantart_20.jpg
imagenet_r,n02607072,n02607072/deviantart_21.jpg
imagenet_r,n02607072,n02607072/deviantart_3.jpg
imagenet_r,n02607072,n02607072/deviantart_4.jpg
imagenet_r,n02607072,n02607072/deviantart_5.jpg
imagenet_r,n02607072,n02607072/deviantart_6.jpg
imagenet_r,n02607072,n02607072/deviantart_7.jpg
imagenet_r,n02607072,n02607072/deviantart_8.jpg
imagenet_r,n02607072,n02607072/deviantart_9.jpg
imagenet_r,n02607072,n02607072/misc_0.jpg
imagenet_r,n02607072,n02607072/misc_1.jpg
imagenet_r,n02607072,n02607072/misc_10.jpg
imagenet_r,n02607072,n02607072/misc_100.jpg
imagenet_r,n02607072,n02607072/misc_101.jpg
imagenet_r,n02607072,n02607072/misc_102.jpg
imagenet_r,n02607072,n02607072/misc_103.jpg
imagenet_r,n02607072,n02607072/misc_104.jpg
imagenet_r,n02607072,n02607072/misc_105.jpg
imagenet_r,n02607072,n02607072/misc_106.jpg
imagenet_r,n02607072,n02607072/misc_107.jpg
imagenet_r,n02607072,n02607072/misc_108.jpg
imagenet_r,n02607072,n02607072/misc_109.jpg
imagenet_r,n02607072,n02607072/misc_11.jpg
imagenet_r,n02607072,n02607072/misc_110.jpg
imagenet_r,n02607072,n02607072/misc_111.jpg
imagenet_r,n02607072,n02607072/misc_112.jpg
imagenet_r,n02607072,n02607072/misc_113.jpg
imagenet_r,n02607072,n02607072/misc_114.jpg
imagenet_r,n02607072,n02607072/misc_115.jpg
imagenet_r,n02607072,n02607072/misc_116.jpg
imagenet_r,n02607072,n02607072/misc_117.jpg
imagenet_r,n02607072,n02607072/misc_118.jpg
imagenet_r,n02607072,n02607072/misc_119.jpg
imagenet_r,n02607072,n02607072/misc_12.jpg
imagenet_r,n02607072,n02607072/misc_120.jpg
imagenet_r,n02607072,n02607072/misc_121.jpg
imagenet_r,n02607072,n02607072/misc_13.jpg
imagenet_r,n02655020,n02655020/deviantart_0.jpg
imagenet_r,n02655020,n02655020/deviantart_1.jpg
imagenet_r,n02655020,n02655020/deviantart_10.jpg
imagenet_r,n02655020,n02655020/deviantart_11.jpg
imagenet_r,n02655020,n02655020/deviantart_12.jpg
imagenet_r,n02655020,n02655020/deviantart_13.jpg
imagenet_r,n02655020,n02655020/deviantart_14.jpg
imagenet_r,n02655020,n02655020/deviantart_15.jpg
imagenet_r,n02655020,n02655020/deviantart_16.jpg
imagenet_r,n02655020,n02655020/deviantart_17.jpg
imagenet_r,n02655020,n02655020/deviantart_18.jpg
imagenet_r,n02655020,n02655020/deviantart_19.jpg
imagenet_r,n02655020,n02655020/deviantart_2.jpg
imagenet_r,n02655020,n02655020/deviantart_3.jpg
imagenet_r,n02655020,n02655020/deviantart_4.jpg
imagenet_r,n02655020,n02655020/deviantart_5.jpg
imagenet_r,n02655020,n02655020/deviantart_6.jpg
imagenet_r,n02655020,n02655020/deviantart_7.jpg
imagenet_r,n02655020,n02655020/deviantart_8.jpg
imagenet_r,n02655020,n02655020/deviantart_9.jpg
imagenet_r,n02655020,n02655020/misc_0.jpg
imagenet_r,n02655020,n02655020/misc_1.jpg
imagenet_r,n02655020,n02655020/misc_10.jpg
imagenet_r,n02655020,n02655020/misc_100.jpg
imagenet_r,n02655020,n02655020/misc_101.jpg
imagenet_r,n02655020,n02655020/misc_102.jpg
imagenet_r,n02655020,n02655020/misc_103.jpg
imagenet_r,n02655020,n02655020/misc_11.jpg
imagenet_r,n02655020,n02655020/misc_12.jpg
imagenet_r,n02655020,n02655020/misc_13.jpg
imagenet_r,n02655020,n02655020/misc_14.jpg
imagenet_r,n02655020,n02655020/misc_15.jpg
imagenet_r,n02655020,n02655020/misc_16.jpg
imagenet_r,n02655020,n02655020/misc_17.jpg
imagenet_r,n02655020,n02655020/misc_18.jpg
imagenet_r,n02655020,n02655020/misc_19.jpg
imagenet_r,n02655020,n02655020/misc_2.jpg
imagenet_r,n02655020,n02655020/misc_20.jpg
imagenet_r,n02655020,n02655020/misc_21.jpg
imagenet_r,n02655020,n02655020/misc_22.jpg
imagenet_r,n02655020,n02655020/misc_23.jpg
imagenet_r,n02655020,n02655020/misc_24.jpg
imagenet_r,n02655020,n02655020/misc_25.jpg
imagenet_r,n02655020,n02655020/misc_26.jpg
imagenet_r,n02655020,n02655020/misc_27.jpg
imagenet_r,n02655020,n02655020/misc_28.jpg
imagenet_r,n02655020,n02655020/misc_29.jpg
imagenet_r,n02655020,n02655020/misc_3.jpg
imagenet_r,n02655020,n02655020/misc_30.jpg
imagenet_r,n02655020,n02655020/misc_31.jpg
imagenet_r,n02672831,n02672831/art_0.jpg
imagenet_r,n02672831,n02672831/art_1.jpg
imagenet_r,n02672831,n02672831/cartoon_0.jpg
imagenet_r,n02672831,n02672831/cartoon_1.jpg
imagenet_r,n02672831,n02672831/cartoon_10.jpg
imagenet_r,n02672831,n02672831/cartoon_11.jpg
imagenet_r,n02672831,n02672831/cartoon_12.jpg
imagenet_r,n02672831,n02672831/cartoon_13.jpg
imagenet_r,n02672831,n02672831/cartoon_14.jpg
imagenet_r,n02672831,n02672831/cartoon_15.jpg
imagenet_r,n02672831,n02672831/cartoon_16.jpg
imagenet_r,n02672831,n02672831/cartoon_17.jpg
imagenet_r,n02672831,n02672831/cartoon_18.jpg
imagenet_r,n02672831,n02672831/cartoon_19.jpg
imagenet_r,n02672831,n02672831/cartoon_2.jpg
imagenet_r,n02672831,n02672831/cartoon_20.jpg
imagenet_r,n02672831,n02672831/cartoon_21.jpg
imagenet_r,n02672831,n02672831/cartoon_22.jpg
imagenet_r,n02672831,n02672831/cartoon_23.jpg
imagenet_r,n02672831,n02672831/cartoon_24.jpg
imagenet_r,n02672831,n02672831/cartoon_25.jpg
imagenet_r,n02672831,n02672831/cartoon_26.jpg
imagenet_r,n02672831,n02672831/cartoon_27.jpg
imagenet_r,n02672831,n02672831/cartoon_28.jpg
imagenet_r,n02672831,n02672831/cartoon_29.jpg
imagenet_r,n02672831,n02672831/cartoon_3.jpg
imagenet_r,n02672831,n02672831/cartoon_30.jpg
imagenet_r,n02672831,n02672831/cartoon_31.jpg
imagenet_r,n02672831,n02672831/cartoon_32.jpg
imagenet_r,n02672831,n02672831/cartoon_33.jpg
imagenet_r,n02672831,n02672831/cartoon_34.jpg
imagenet_r,n02672831,n02672831/cartoon_35.jpg
imagenet_r,n02672831,n02672831/cartoon_36.jpg
imagenet_r,n02672831,n02672831/cartoon_37.jpg
imagenet_r,n02672831,n02672831/cartoon_38.jpg
imagenet_r,n02672831,n02672831/cartoon_39.jpg
imagenet_r,n02672831,n02672831/cartoon_4.jpg
imagenet_r,n02672831,n02672831/cartoon_5.jpg
imagenet_r,n02672831,n02672831/cartoon_6.jpg
imagenet_r,n02672831,n02672831/cartoon_7.jpg
imagenet_r,n02672831,n02672831/cartoon_8.jpg
imagenet_r,n02672831,n02672831/cartoon_9.jpg
imagenet_r,n02672831,n02672831/deviantart_0.jpg
imagenet_r,n02672831,n02672831/deviantart_1.jpg
imagenet_r,n02672831,n02672831/deviantart_2.jpg
imagenet_r,n02672831,n02672831/deviantart_3.jpg
imagenet_r,n02672831,n02672831/deviantart_4.jpg
imagenet_r,n02672831,n02672831/deviantart_5.jpg
imagenet_r,n02672831,n02672831/deviantart_6.jpg
imagenet_r,n02672831,n02672831/embroidery_0.jpg
imagenet_r,n02701002,n02701002/art_0.jpg
imagenet_r,n02701002,n02701002/art_1.jpg
imagenet_r,n02701002,n02701002/art_2.jpg
imagenet_r,n02701002,n02701002/art_3.jpg
imagenet_r,n02701002,n02701002/art_4.jpg
imagenet_r,n02701002,n02701002/art_5.jpg
imagenet_r,n02701002,n02701002/art_6.jpg
imagenet_r,n02701002,n02701002/cartoon_0.jpg
imagenet_r,n02701002,n02701002/cartoon_1.jpg
imagenet_r,n02701002,n02701002/cartoon_2.jpg
imagenet_r,n02701002,n02701002/cartoon_3.jpg
imagenet_r,n02701002,n02701002/cartoon_4.jpg
imagenet_r,n02701002,n02701002/cartoon_5.jpg
imagenet_r,n02701002,n02701002/cartoon_6.jpg
imagenet_r,n02701002,n02701002/cartoon_7.jpg
imagenet_r,n02701002,n02701002/cartoon_8.jpg
imagenet_r,n02701002,n02701002/cartoon_9.jpg
imagenet_r,n02701002,n02701002/graffiti_0.jpg
imagenet_r,n02701002,n02701002/graphic_0.jpg
imagenet_r,n02701002,n02701002/graphic_1.jpg
imagenet_r,n02701002,n02701002/misc_0.jpg
imagenet_r,n02701002,n02701002/misc_1.jpg
imagenet_r,n02701002,n02701002/painting_0.jpg
imagenet_r,n02701002,n02701002/sculpture_0.jpg
imagenet_r,n02701002,n02701002/sculpture_1.jpg
imagenet_r,n02701002,n02701002/sketch_0.jpg
imagenet_r,n02701002,n02701002/sketch_1.jpg
imagenet_r,n02701002,n02701002/sketch_10.jpg
imagenet_r,n02701002,n02701002/sketch_11.jpg
imagenet_r,n02701002,n02701002/sketch_12.jpg
imagenet_r,n02701002,n02701002/sketch_13.jpg
imagenet_r,n02701002,n02701002/sketch_14.jpg
imagenet_r,n02701002,n02701002/sketch_15.jpg
imagenet_r,n02701002,n02701002/sketch_16.jpg
imagenet_r,n02701002,n02701002/sketch_17.jpg
imagenet_r,n02701002,n02701002/sketch_18.jpg
imagenet_r,n02701002,n02701002/sketch_19.jpg
imagenet_r,n02701002,n02701002/sketch_2.jpg
imagenet_r,n02701002,n02701002/sketch_20.jpg
imagenet_r,n02701002,n02701002/sketch_21.jpg
imagenet_r,n02701002,n02701002/sketch_22.jpg
imagenet_r,n02701002,n02701002/sketch_3.jpg
imagenet_r,n02701002,n02701002/sketch_4.jpg
imagenet_r,n02701002,n02701002/sketch_5.jpg
imagenet_r,n02701002,n02701002/sketch_6.jpg
imagenet_r,n02701002,n02701002/sketch_7.jpg
imagenet_r,n02701002,n02701002/sketch_8.jpg
imagenet_r,n02701002,n02701002/sketch_9.jpg
imagenet_r,n02701002,n02701002/sticker_0.jpg
imagenet_r,n02701002,n02701002/sticker_1.jpg
imagenet_r,n02749479,n02749479/art_0.jpg
imagenet_r,n02749479,n02749479/cartoon_0.jpg
imagenet_r,n02749479,n02749479/cartoon_1.jpg
imagenet_r,n02749479,n02749479/cartoon_2.jpg
imagenet_r,n02749479,n02749479/cartoon_3.jpg
imagenet_r,n02749479,n02749479/cartoon_4.jpg
imagenet_r,n02749479,n02749479/graffiti_0.jpg
imagenet_r,n02749479,n02749479/graphic_0.jpg
imagenet_r,n02749479,n02749479/misc_0.jpg
imagenet_r,n02749479,n02749479/misc_1.jpg
imagenet_r,n02749479,n02749479/misc_10.jpg
imagenet_r,n02749479,n02749479/misc_11.jpg
imagenet_r,n02749479,n02749479/misc_12.jpg
imagenet_r,n02749479,n02749479/misc_13.jpg
imagenet_r,n02749479,n02749479/misc_14.jpg
imagenet_r,n02749479,n02749479/misc_15.jpg
imagenet_r,n02749479,n02749479/misc_16.jpg
imagenet_r,n02749479,n02749479/misc_17.jpg
imagenet_r,n02749479,n02749479/misc_18.jpg
imagenet_r,n02749479,n02749479/misc_19.jpg
imagenet_r,n02749479,n02749479/misc_2.jpg
imagenet_r,n02749479,n02749479/misc_20.jpg
imagenet_r,n02749479,n02749479/misc_21.jpg
imagenet_r,n02749479,n02749479/misc_22.jpg
imagenet_r,n02749479,n02749479/misc_23.jpg
imagenet_r,n02749479,n02749479/misc_24.jpg
imagenet_r,n02749479,n02749479/misc_25.jpg
imagenet_r,n02749479,n02749479/misc_26.jpg
imagenet_r,n02749479,n02749479/misc_27.jpg
imagenet_r,n02749479,n02749479/misc_28.jpg
imagenet_r,n02749479,n02749479/misc_29.jpg
imagenet_r,n02749479,n02749479/misc_3.jpg
imagenet_r,n02749479,n02749479/misc_30.jpg
imagenet_r,n02749479,n02749479/misc_31.jpg
imagenet_r,n02749479,n02749479/misc_32.jpg
imagenet_r,n02749479,n02749479/misc_33.jpg
imagenet_r,n02749479,n02749479/misc_34.jpg
imagenet_r,n02749479,n02749479/misc_35.jpg
imagenet_r,n02749479,n02749479/misc_36.jpg
imagenet_r,n02749479,n02749479/misc_37.jpg
imagenet_r,n02749479,n02749479/misc_4.jpg
imagenet_r,n02749479,n02749479/misc_5.jpg
imagenet_r,n02749479,n02749479/misc_6.jpg
imagenet_r,n02749479,n02749479/misc_7.jpg
imagenet_r,n02749479,n02749479/misc_8.jpg
imagenet_r,n02749479,n02749479/misc_9.jpg
imagenet_r,n02749479,n02749479/origami_0.jpg
imagenet_r,n02749479,n02749479/painting_0.jpg
imagenet_r,n02749479,n02749479/sketch_0.jpg
imagenet_r,n02749479,n02749479/sketch_1.jpg
imagenet_r,n02769748,n02769748/art_0.jpg
imagenet_r,n02769748,n02769748/art_1.jpg
imagenet_r,n02769748,n02769748/art_2.jpg
imagenet_r,n02769748,n02769748/cartoon_0.jpg
imagenet_r,n02769748,n02769748/cartoon_1.jpg
imagenet_r,n02769748,n02769748/cartoon_10.jpg
imagenet_r,n02769748,n02769748/cartoon_11.jpg
imagenet_r,n02769748,n02769748/cartoon_12.jpg
imagenet_r,n02769748,n02769748/cartoon_13.jpg
imagenet_r,n02769748,n02769748/cartoon_14.jpg
imagenet_r,n02769748,n02769748/cartoon_15.jpg
imagenet_r,n02769748,n02769748/cartoon_16.jpg
imagenet_r,n02769748,n02769748/cartoon_17.jpg
imagenet_r,n02769748,n02769748/cartoon_18.jpg
imagenet_r,n02769748,n02769748/cartoon_19.jpg
imagenet_r,n02769748,n02769748/cartoon_2.jpg
imagenet_r,n02769748,n02769748/cartoon_20.jpg
imagenet_r,n02769748,n02769748/cartoon_21.jpg
imagenet_r,n02769748,n02769748/cartoon_22.jpg
imagenet_r,n02769748,n02769748/cartoon_23.jpg
imagenet_r,n02769748,n02769748/cartoon_24.jpg
imagenet_r,n02769748,n02769748/cartoon_25.jpg
imagenet_r,n02769748,n02769748/cartoon_26.jpg
imagenet_r,n02769748,n02769748/cartoon_27.jpg
imagenet_r,n02769748,n02769748/cartoon_28.jpg
imagenet_r,n02769748,n02769748/cartoon_29.jpg
imagenet_r,n02769748,n02769748/cartoon_3.jpg
imagenet_r,n02769748,n02769748/cartoon_30.jpg
imagenet_r,n02769748,n02769748/cartoon_31.jpg
imagenet_r,n02769748,n02769748/cartoon_32.jpg
imagenet_r,n02769748,n02769748/cartoon_33.jpg
imagenet_r,n02769748,n02769748/cartoon_34.jpg
imagenet_r,n02769748,n02769748/cartoon_35.jpg
imagenet_r,n02769748,n02769748/cartoon_36.jpg
imagenet_r,n02769748,n02769748/cartoon_37.jpg
imagenet_r,n02769748,n02769748/cartoon_38.jpg
imagenet_r,n02769748,n02769748/cartoon_39.jpg
imagenet_r,n02769748,n02769748/cartoon_4.jpg
imagenet_r,n02769748,n02769748/cartoon_40.jpg
imagenet_r,n02769748,n02769748/cartoon_41.jpg
imagenet_r,n02769748,n02769748/cartoon_42.jpg
imagenet_r,n02769748,n02769748/cartoon_5.jpg
imagenet_r,n02769748,n02769748/cartoon_6.jpg
imagenet_r,n02769748,n02769748/cartoon_7.jpg
imagenet_r,n02769748,n02769748/cartoon_8.jpg
imagenet_r,n02769748,n02769748/cartoon_9.jpg
imagenet_r,n02769748,n02769748/embroidery_0.jpg
imagenet_r,n02769748,n02769748/embroidery_1.jpg
imagenet_r,n02769748,n02769748/embroidery_2.jpg
imagenet_r,n02769748,n02769748/graffiti_0.jpg
imagenet_r,n02793495,n02793495/art_0.jpg
imagenet_r,n02793495,n02793495/art_1.jpg
imagenet_r,n02793495,n02793495/art_2.jpg
imagenet_r,n02793495,n02793495/art_3.jpg
imagenet_r,n02793495,n02793495/cartoon_0.jpg
imagenet_r,n02793495,n02793495/cartoon_1.jpg
imagenet_r,n02793495,n02793495/cartoon_2.jpg
imagenet_r,n02793495,n02793495/cartoon_3.jpg
imagenet_r,n02793495,n02793495/cartoon_4.jpg
imagenet_r,n02793495,n02793495/cartoon_5.jpg
imagenet_r,n02793495,n02793495/cartoon_6.jpg
imagenet_r,n02793495,n02793495/cartoon_7.jpg
imagenet_r,n02793495,n02793495/cartoon_8.jpg
imagenet_r,n02793495,n02793495/embroidery_0.jpg
imagenet_r,n02793495,n02793495/embroidery_1.jpg
imagenet_r,n02793495,n02793495/embroidery_2.jpg
imagenet_r,n02793495,n02793495/embroidery_3.jpg
imagenet_r,n02793495,n02793495/embroidery_4.jpg
imagenet_r,n02793495,n02793495/embroidery_5.jpg
imagenet_r,n02793495,n02793495/embroidery_6.jpg
imagenet_r,n02793495,n02793495/graphic_0.jpg
imagenet_r,n02793495,n02793495/graphic_1.jpg
imagenet_r,n02793495,n02793495/graphic_2.jpg
imagenet_r,n02793495,n02793495/misc_0.jpg
imagenet_r,n02793495,n02793495/painting_0.jpg
imagenet_r,n02793495,n02793495/painting_1.jpg
imagenet_r,n02793495,n02793495/painting_10.jpg
imagenet_r,n02793495,n02793495/painting_11.jpg
imagenet_r,n02793495,n02793495/painting_12.jpg
imagenet_r,n02793495,n02793495/painting_13.jpg
imagenet_r,n02793495,n02793495/painting_14.jpg
imagenet_r,n02793495,n02793495/painting_15.jpg
imagenet_r,n02793495,n02793495/painting_16.jpg
imagenet_r,n02793495,n02793495/painting_17.jpg
imagenet_r,n02793495,n02793495/painting_18.jpg
imagenet_r,n02793495,n02793495/painting_19.jpg
imagenet_r,n02793495,n02793495/painting_2.jpg
imagenet_r,n02793495,n02793495/painting_20.jpg
imagenet_r,n02793495,n02793495/painting_21.jpg
imagenet_r,n02793495,n02793495/painting_22.jpg
imagenet_r,n02793495,n02793495/painting_23.jpg
imagenet_r,n02793495,n02793495/painting_24.jpg
imagenet_r,n02793495,n02793495/painting_3.jpg
imagenet_r,n02793495,n02793495/painting_4.jpg
imagenet_r,n02793495,n02793495/painting_5.jpg
imagenet_r,n02793495,n02793495/painting_6.jpg
imagenet_r,n02793495,n02793495/painting_7.jpg
imagenet_r,n02793495,n02793495/painting_8.jpg
imagenet_r,n02793495,n02793495/painting_9.jpg
imagenet_r,n02793495,n02793495/sculpture_0.jpg
imagenet_r,n02797295,n02797295/misc_0.jpg
imagenet_r,n02797295,n02797295/misc_1.jpg
imagenet_r,n02797295,n02797295/misc_10.jpg
imagenet_r,n02797295,n02797295/misc_11.jpg
imagenet_r,n02797295,n02797295/misc_12.jpg
imagenet_r,n02797295,n02797295/misc_13.jpg
imagenet_r,n02797295,n02797295/misc_14.jpg
imagenet_r,n02797295,n02797295/misc_15.jpg
imagenet_r,n02797295,n02797295/misc_16.jpg
imagenet_r,n02797295,n02797295/misc_17.jpg
imagenet_r,n02797295,n02797295/misc_18.jpg
imagenet_r,n02797295,n02797295/misc_19.jpg
imagenet_r,n02797295,n02797295/misc_2.jpg
imagenet_r,n02797295,n02797295/misc_20.jpg
imagenet_r,n02797295,n02797295/misc_21.jpg
imagenet_r,n02797295,n02797295/misc_22.jpg
imagenet_r,n02797295,n02797295/misc_23.jpg
imagenet_r,n02797295,n02797295/misc_24.jpg
imagenet_r,n02797295,n02797295/misc_25.jpg
imagenet_r,n02797295,n02797295/misc_26.jpg
imagenet_r,n02797295,n02797295/misc_27.jpg
imagenet_r,n02797295,n02797295/misc_28.jpg
imagenet_r,n02797295,n02797295/misc_29.jpg
imagenet_r,n02797295,n02797295/misc_3.jpg
imagenet_r,n02797295,n02797295/misc_30.jpg
imagenet_r,n02797295,n02797295/misc_31.jpg
imagenet_r,n02797295,n02797295/misc_32.jpg
imagenet_r,n02797295,n02797295/misc_33.jpg
imagenet_r,n02797295,n02797295/misc_34.jpg
imagenet_r,n02797295,n02797295/misc_35.jpg
imagenet_r,n02797295,n02797295/misc_36.jpg
imagenet_r,n02797295,n02797295/misc_37.jpg
imagenet_r,n02797295,n02797295/misc_38.jpg
imagenet_r,n02797295,n02797295/misc_39.jpg
imagenet_r,n02797295,n02797295/misc_4.jpg
imagenet_r,n02797295,n02797295/misc_40.jpg
imagenet_r,n02797295,n02797295/misc_41.jpg
imagenet_r,n02797295,n02797295/misc_42.jpg
imagenet_r,n02797295,n02797295/misc_43.jpg
imagenet_r,n02797295,n02797295/misc_44.jpg
imagenet_r,n02797295,n02797295/misc_45.jpg
imagenet_r,n02797295,n02797295/misc_46.jpg
imagenet_r,n02797295,n02797295/misc_47.jpg
imagenet_r,n02797295,n02797295/misc_48.jpg
imagenet_r,n02797295,n02797295/misc_49.jpg
imagenet_r,n02797295,n02797295/misc_5.jpg
imagenet_r,n02797295,n02797295/misc_50.jpg
imagenet_r,n02797295,n02797295/misc_51.jpg
imagenet_r,n02797295,n02797295/misc_52.jpg
imagenet_r,n02797295,n02797295/misc_53.jpg
imagenet_r,n02802426,n02802426/art_0.jpg
imagenet_r,n02802426,n02802426/art_1.jpg
imagenet_r,n02802426,n02802426/art_2.jpg
imagenet_r,n02802426,n02802426/art_3.jpg
imagenet_r,n02802426,n02802426/cartoon_0.jpg
imagenet_r,n02802426,n02802426/cartoon_1.jpg
imagenet_r,n02802426,n02802426/cartoon_10.jpg
imagenet_r,n02802426,n02802426/cartoon_11.jpg
imagenet_r,n02802426,n02802426/cartoon_12.jpg
imagenet_r,n02802426,n02802426/cartoon_13.jpg
imagenet_r,n02802426,n02802426/cartoon_14.jpg
imagenet_r,n02802426,n02802426/cartoon_15.jpg
imagenet_r,n02802426,n02802426/cartoon_16.jpg
imagenet_r,n02802426,n02802426/cartoon_17.jpg
imagenet_r,n02802426,n02802426/cartoon_18.jpg
imagenet_r,n02802426,n02802426/cartoon_19.jpg
imagenet_r,n02802426,n02802426/cartoon_2.jpg
imagenet_r,n02802426,n02802426/cartoon_20.jpg
imagenet_r,n02802426,n02802426/cartoon_21.jpg
imagenet_r,n02802426,n02802426/cartoon_3.jpg
imagenet_r,n02802426,n02802426/cartoon_4.jpg
imagenet_r,n02802426,n02802426/cartoon_5.jpg
imagenet_r,n02802426,n02802426/cartoon_6.jpg
imagenet_r,n02802426,n02802426/cartoon_7.jpg
imagenet_r,n02802426,n02802426/cartoon_8.jpg
imagenet_r,n02802426,n02802426/cartoon_9.jpg
imagenet_r,n02802426,n02802426/deviantart_0.jpg
imagenet_r,n02802426,n02802426/deviantart_1.jpg
imagenet_r,n02802426,n02802426/deviantart_10.jpg
imagenet_r,n02802426,n02802426/deviantart_11.jpg
imagenet_r,n02802426,n02802426/deviantart_12.jpg
imagenet_r,n02802426,n02802426/deviantart_13.jpg
imagenet_r,n02802426,n02802426/deviantart_14.jpg
imagenet_r,n02802426,n02802426/deviantart_15.jpg
imagenet_r,n02802426,n02802426/deviantart_2.jpg
imagenet_r,n02802426,n02802426/deviantart_3.jpg
imagenet_r,n02802426,n02802426/deviantart_4.jpg
imagenet_r,n02802426,n02802426/deviantart_5.jpg
imagenet_r,n02802426,n02802426/deviantart_6.jpg
imagenet_r,n02802426,n02802426/deviantart_7.jpg
imagenet_r,n02802426,n02802426/deviantart_8.jpg
imagenet_r,n02802426,n02802426/deviantart_9.jpg
imagenet_r,n02802426,n02802426/embroidery_0.jpg
imagenet_r,n02802426,n02802426/embroidery_1.jpg
imagenet_r,n02802426,n02802426/embroidery_2.jpg
imagenet_r,n02802426,n02802426/graffiti_0.jpg
imagenet_r,n02802426,n02802426/graffiti_1.jpg
imagenet_r,n02802426,n02802426/graffiti_2.jpg
imagenet_r,n02802426,n02802426/graffiti_3.jpg
imagenet_r,n02802426,n02802426/graphic_0.jpg
imagenet_r,n02808440,n02808440/art_0.jpg
imagenet_r,n02808440,n02808440/art_1.jpg
imagenet_r,n02808440,n02808440/art_2.jpg
imagenet_r,n02808440,n02808440/art_3.jpg
imagenet_r,n02808440,n02808440/art_4.jpg
imagenet_r,n02808440,n02808440/art_5.jpg
imagenet_r,n02808440,n02808440/art_6.jpg
imagenet_r,n02808440,n02808440/art_7.jpg
imagenet_r,n02808440,n02808440/cartoon_0.jpg
imagenet_r,n02808440,n02808440/cartoon_1.jpg
imagenet_r,n02808440,n02808440/cartoon_10.jpg
imagenet_r,n02808440,n02808440/cartoon_11.jpg
imagenet_r,n02808440,n02808440/cartoon_12.jpg
imagenet_r,n02808440,n02808440/cartoon_13.jpg
imagenet_r,n02808440,n02808440/cartoon_14.jpg
imagenet_r,n02808440,n02808440/cartoon_15.jpg
imagenet_r,n02808440,n02808440/cartoon_16.jpg
imagenet_r,n02808440,n02808440/cartoon_17.jpg
imagenet_r,n02808440,n02808440/cartoon_18.jpg
imagenet_r,n02808440,n02808440/cartoon_19.jpg
imagenet_r,n02808440,n02808440/cartoon_2.jpg
imagenet_r,n02808440,n02808440/cartoon_20.jpg
imagenet_r,n02808440,n02808440/cartoon_21.jpg
imagenet_r,n02808440,n02808440/cartoon_22.jpg
imagenet_r,n02808440,n02808440/cartoon_23.jpg
imagenet_r,n02808440,n02808440/cartoon_24.jpg
imagenet_r,n02808440,n02808440/cartoon_3.jpg
imagenet_r,n02808440,n02808440/cartoon_4.jpg
imagenet_r,n02808440,n02808440/cartoon_5.jpg
imagenet_r,n02808440,n02808440/cartoon_6.jpg
imagenet_r,n02808440,n02808440/cartoon_7.jpg
imagenet_r,n02808440,n02808440/cartoon_8.jpg
imagenet_r,n02808440,n02808440/cartoon_9.jpg
imagenet_r,n02808440,n02808440/embroidery_0.jpg
imagenet_r,n02808440,n02808440/embroidery_1.jpg
imagenet_r,n02808440,n02808440/embroidery_2.jpg
imagenet_r,n02808440,n02808440/graffiti_0.jpg
imagenet_r,n02808440,n02808440/graffiti_1.jpg
imagenet_r,n02808440,n02808440/graffiti_2.jpg
imagenet_r,n02808440,n02808440/graffiti_3.jpg
imagenet_r,n02808440,n02808440/graffiti_4.jpg
imagenet_r,n02808440,n02808440/graffiti_5.jpg
imagenet_r,n02808440,n02808440/graphic_0.jpg
imagenet_r,n02808440,n02808440/graphic_1.jpg
imagenet_r,n02808440,n02808440/graphic_2.jpg
imagenet_r,n02808440,n02808440/graphic_3.jpg
imagenet_r,n02808440,n02808440/graphic_4.jpg
imagenet_r,n02808440,n02808440/misc_0.jpg
imagenet_r,n02808440,n02808440/misc_1.jpg
imagenet_r,n02808440,n02808440/misc_2.jpg
imagenet_r,n02814860,n02814860/art_0.jpg
imagenet_r,n02814860,n02814860/art_1.jpg
imagenet_r,n02814860,n02814860/art_10.jpg
imagenet_r,n02814860,n02814860/art_11.jpg
imagenet_r,n02814860,n02814860/art_12.jpg
imagenet_r,n02814860,n02814860/art_13.jpg
imagenet_r,n02814860,n02814860/art_14.jpg
imagenet_r,n02814860,n02814860/art_15.jpg
imagenet_r,n02814860,n02814860/art_16.jpg
imagenet_r,n02814860,n02814860/art_17.jpg
imagenet_r,n02814860,n02814860/art_18.jpg
imagenet_r,n02814860,n02814860/art_19.jpg
imagenet_r,n02814860,n02814860/art_2.jpg
imagenet_r,n02814860,n02814860/art_20.jpg
imagenet_r,n02814860,n02814860/art_21.jpg
imagenet_r,n02814860,n02814860/art_22.jpg
imagenet_r,n02814860,n02814860/art_23.jpg
imagenet_r,n02814860,n02814860/art_3.jpg
imagenet_r,n02814860,n02814860/art_4.jpg
imagenet_r,n02814860,n02814860/art_5.jpg
imagenet_r,n02814860,n02814860/art_6.jpg
imagenet_r,n02814860,n02814860/art_7.jpg
imagenet_r,n02814860,n02814860/art_8.jpg
imagenet_r,n02814860,n02814860/art_9.jpg
imagenet_r,n02814860,n02814860/cartoon_0.jpg
imagenet_r,n02814860,n02814860/cartoon_1.jpg
imagenet_r,n02814860,n02814860/cartoon_10.jpg
imagenet_r,n02814860,n02814860/cartoon_11.jpg
imagenet_r,n02814860,n02814860/cartoon_12.jpg
imagenet_r,n02814860,n02814860/cartoon_13.jpg
imagenet_r,n02814860,n02814860/cartoon_14.jpg
imagenet_r,n02814860,n02814860/cartoon_15.jpg
imagenet_r,n02814860,n02814860/cartoon_16.jpg
imagenet_r,n02814860,n02814860/cartoon_17.jpg
imagenet_r,n02814860,n02814860/cartoon_18.jpg
imagenet_r,n02814860,n02814860/cartoon_19.jpg
imagenet_r,n02814860,n02814860/cartoon_2.jpg
imagenet_r,n02814860,n02814860/cartoon_20.jpg
imagenet_r,n02814860,n02814860/cartoon_21.jpg
imagenet_r,n02814860,n02814860/cartoon_22.jpg
imagenet_r,n02814860,n02814860/cartoon_23.jpg
imagenet_r,n02814860,n02814860/cartoon_24.jpg
imagenet_r,n02814860,n02814860/cartoon_25.jpg
imagenet_r,n02814860,n02814860/cartoon_26.jpg
imagenet_r,n02814860,n02814860/cartoon_27.jpg
imagenet_r,n02814860,n02814860/cartoon_28.jpg
imagenet_r,n02814860,n02814860/cartoon_29.jpg
imagenet_r,n02814860,n02814860/cartoon_3.jpg
imagenet_r,n02814860,n02814860/cartoon_30.jpg
imagenet_r,n02814860,n02814860/cartoon_31.jpg
imagenet_r,n02823750,n02823750/art_0.jpg
imagenet_r,n02823750,n02823750/cartoon_0.jpg
imagenet_r,n02823750,n02823750/cartoon_1.jpg
imagenet_r,n02823750,n02823750/cartoon_10.jpg
imagenet_r,n02823750,n02823750/cartoon_11.jpg
imagenet_r,n02823750,n02823750/cartoon_12.jpg
imagenet_r,n02823750,n02823750/cartoon_13.jpg
imagenet_r,n02823750,n02823750/cartoon_14.jpg
imagenet_r,n02823750,n02823750/cartoon_15.jpg
imagenet_r,n02823750,n02823750/cartoon_16.jpg
imagenet_r,n02823750,n02823750/cartoon_17.jpg
imagenet_r,n02823750,n02823750/cartoon_18.jpg
imagenet_r,n02823750,n02823750/cartoon_19.jpg
imagenet_r,n02823750,n02823750/cartoon_2.jpg
imagenet_r,n02823750,n02823750/cartoon_20.jpg
imagenet_r,n02823750,n02823750/cartoon_21.jpg
imagenet_r,n02823750,n02823750/cartoon_22.jpg
imagenet_r,n02823750,n02823750/cartoon_23.jpg
imagenet_r,n02823750,n02823750/cartoon_24.jpg
imagenet_r,n02823750,n02823750/cartoon_25.jpg
imagenet_r,n02823750,n02823750/cartoon_26.jpg
imagenet_r,n02823750,n02823750/cartoon_3.jpg
imagenet_r,n02823750,n02823750/cartoon_4.jpg
imagenet_r,n02823750,n02823750/cartoon_5.jpg
imagenet_r,n02823750,n02823750/cartoon_6.jpg
imagenet_r,n02823750,n02823750/cartoon_7.jpg
imagenet_r,n02823750,n02823750/cartoon_8.jpg
imagenet_r,n02823750,n02823750/cartoon_9.jpg
imagenet_r,n02823750,n02823750/deviantart_0.jpg
imagenet_r,n02823750,n02823750/deviantart_1.jpg
imagenet_r,n02823750,n02823750/deviantart_2.jpg
imagenet_r,n02823750,n02823750/deviantart_3.jpg
imagenet_r,n02823750,n02823750/deviantart_4.jpg
imagenet_r,n02823750,n02823750/deviantart_5.jpg
imagenet_r,n02823750,n02823750/deviantart_6.jpg
imagenet_r,n02823750,n02823750/deviantart_7.jpg
imagenet_r,n02823750,n02823750/deviantart_8.jpg
imagenet_r,n02823750,n02823750/graffiti_0.jpg
imagenet_r,n02823750,n02823750/graphic_0.jpg
imagenet_r,n02823750,n02823750/graphic_1.jpg
imagenet_r,n02823750,n02823750/graphic_2.jpg
imagenet_r,n02823750,n02823750/graphic_3.jpg
imagenet_r,n02823750,n02823750/graphic_4.jpg
imagenet_r,n02823750,n02823750/graphic_5.jpg
imagenet_r,n02823750,n02823750/graphic_6.jpg
imagenet_r,n02823750,n02823750/misc_0.jpg
imagenet_r,n02823750,n02823750/misc_1.jpg
imagenet_r,n02823750,n02823750/misc_2.jpg
imagenet_r,n02823750,n02823750/misc_3.jpg
imagenet_r,n02823750,n02823750/painting_0.jpg
imagenet_r,n02841315,n02841315/art_0.jpg
imagenet_r,n02841315,n02841315/art_1.jpg
imagenet_r,n02841315,n02841315/art_10.jpg
imagenet_r,n02841315,n02841315/art_11.jpg
imagenet_r,n02841315,n02841315/art_2.jpg
imagenet_r,n02841315,n02841315/art_3.jpg
imagenet_r,n02841315,n02841315/art_4.jpg
imagenet_r,n02841315,n02841315/art_5.jpg
imagenet_r,n02841315,n02841315/art_6.jpg
imagenet_r,n02841315,n02841315/art_7.jpg
imagenet_r,n02841315,n02841315/art_8.jpg
imagenet_r,n02841315,n02841315/art_9.jpg
imagenet_r,n02841315,n02841315/cartoon_0.jpg
imagenet_r,n02841315,n02841315/cartoon_1.jpg
imagenet_r,n02841315,n02841315/cartoon_10.jpg
imagenet_r,n02841315,n02841315/cartoon_11.jpg
imagenet_r,n02841315,n02841315/cartoon_12.jpg
imagenet_r,n02841315,n02841315/cartoon_13.jpg
imagenet_r,n02841315,n02841315/cartoon_14.jpg
imagenet_r,n02841315,n02841315/cartoon_15.jpg
imagenet_r,n02841315,n02841315/cartoon_16.jpg
imagenet_r,n02841315,n02841315/cartoon_17.jpg
imagenet_r,n02841315,n02841315/cartoon_18.jpg
imagenet_r,n02841315,n02841315/cartoon_19.jpg
imagenet_r,n02841315,n02841315/cartoon_2.jpg
imagenet_r,n02841315,n02841315/cartoon_20.jpg
imagenet_r,n02841315,n02841315/cartoon_21.jpg
imagenet_r,n02841315,n02841315/cartoon_22.jpg
imagenet_r,n02841315,n02841315/cartoon_23.jpg
imagenet_r,n02841315,n02841315/cartoon_24.jpg
imagenet_r,n02841315,n02841315/cartoon_25.jpg
imagenet_r,n02841315,n02841315/cartoon_26.jpg
imagenet_r,n02841315,n02841315/cartoon_27.jpg
imagenet_r,n02841315,n02841315/cartoon_28.jpg
imagenet_r,n02841315,n02841315/cartoon_29.jpg
imagenet_r,n02841315,n02841315/cartoon_3.jpg
imagenet_r,n02841315,n02841315/cartoon_30.jpg
imagenet_r,n02841315,n02841315/cartoon_31.jpg
imagenet_r,n02841315,n02841315/cartoon_32.jpg
imagenet_r,n02841315,n02841315/cartoon_33.jpg
imagenet_r,n02841315,n02841315/cartoon_34.jpg
imagenet_r,n02841315,n02841315/cartoon_35.jpg
imagenet_r,n02841315,n02841315/cartoon_36.jpg
imagenet_r,n02841315,n02841315/cartoon_4.jpg
imagenet_r,n02841315,n02841315/cartoon_5.jpg
imagenet_r,n02841315,n02841315/cartoon_6.jpg
imagenet_r,n02841315,n02841315/cartoon_7.jpg
imagenet_r,n02841315,n02841315/cartoon_8.jpg
imagenet_r,n02841315,n02841315/cartoon_9.jpg
imagenet_r,n02841315,n02841315/graffiti_0.jpg
imagenet_r,n02843684,n02843684/art_0.jpg
imagenet_r,n02843684,n02843684/art_1.jpg
imagenet_r,n02843684,n02843684/art_2.jpg
imagenet_r,n02843684,n02843684/art_3.jpg
imagenet_r,n02843684,n02843684/art_4.jpg
imagenet_r,n02843684,n02843684/cartoon_0.jpg
imagenet_r,n02843684,n02843684/cartoon_1.jpg
imagenet_r,n02843684,n02843684/cartoon_10.jpg
imagenet_r,n02843684,n02843684/cartoon_11.jpg
imagenet_r,n02843684,n02843684/cartoon_12.jpg
imagenet_r,n02843684,n02843684/cartoon_13.jpg
imagenet_r,n02843684,n02843684/cartoon_14.jpg
imagenet_r,n02843684,n02843684/cartoon_15.jpg
imagenet_r,n02843684,n02843684/cartoon_16.jpg
imagenet_r,n02843684,n02843684/cartoon_17.jpg
imagenet_r,n02843684,n02843684/cartoon_18.jpg
imagenet_r,n02843684,n02843684/cartoon_19.jpg
imagenet_r,n02843684,n02843684/cartoon_2.jpg
imagenet_r,n02843684,n02843684/cartoon_20.jpg
imagenet_r,n02843684,n02843684/cartoon_21.jpg
imagenet_r,n02843684,n02843684/cartoon_22.jpg
imagenet_r,n02843684,n02843684/cartoon_23.jpg
imagenet_r,n02843684,n02843684/cartoon_24.jpg
imagenet_r,n02843684,n02843684/cartoon_25.jpg
imagenet_r,n02843684,n02843684/cartoon_3.jpg
imagenet_r,n02843684,n02843684/cartoon_4.jpg
imagenet_r,n02843684,n02843684/cartoon_5.jpg
imagenet_r,n02843684,n02843684/cartoon_6.jpg
imagenet_r,n02843684,n02843684/cartoon_7.jpg
imagenet_r,n02843684,n02843684/cartoon_8.jpg
imagenet_r,n02843684,n02843684/cartoon_9.jpg
imagenet_r,n02843684,n02843684/embroidery_0.jpg
imagenet_r,n02843684,n02843684/embroidery_1.jpg
imagenet_r,n02843684,n02843684/embroidery_10.jpg
imagenet_r,n02843684,n02843684/embroidery_11.jpg
imagenet_r,n02843684,n02843684/embroidery_12.jpg
imagenet_r,n02843684,n02843684/embroidery_13.jpg
imagenet_r,n02843684,n02843684/embroidery_14.jpg
imagenet_r,n02843684,n02843684/embroidery_15.jpg
imagenet_r,n02843684,n02843684/embroidery_16.jpg
imagenet_r,n02843684,n02843684/embroidery_2.jpg
imagenet_r,n02843684,n02843684/embroidery_3.jpg
imagenet_r,n02843684,n02843684/embroidery_4.jpg
imagenet_r,n02843684,n02843684/embroidery_5.jpg
imagenet_r,n02843684,n02843684/embroidery_6.jpg
imagenet_r,n02843684,n02843684/embroidery_7.jpg
imagenet_r,n02843684,n02843684/embroidery_8.jpg
imagenet_r,n02843684,n02843684/embroidery_9.jpg
imagenet_r,n02843684,n02843684/graffiti_0.jpg
imagenet_r,n02843684,n02843684/graffiti_1.jpg
imagenet_r,n02883205,n02883205/art_0.jpg
imagenet_r,n02883205,n02883205/art_1.jpg
imagenet_r,n02883205,n02883205/art_2.jpg
imagenet_r,n02883205,n02883205/art_3.jpg
imagenet_r,n02883205,n02883205/art_4.jpg
imagenet_r,n02883205,n02883205/art_5.jpg
imagenet_r,n02883205,n02883205/art_6.jpg
imagenet_r,n02883205,n02883205/art_7.jpg
imagenet_r,n02883205,n02883205/art_8.jpg
imagenet_r,n02883205,n02883205/cartoon_0.jpg
imagenet_r,n02883205,n02883205/cartoon_1.jpg
imagenet_r,n02883205,n02883205/cartoon_10.jpg
imagenet_r,n02883205,n02883205/cartoon_11.jpg
imagenet_r,n02883205,n02883205/cartoon_12.jpg
imagenet_r,n02883205,n02883205/cartoon_13.jpg
imagenet_r,n02883205,n02883205/cartoon_14.jpg
imagenet_r,n02883205,n02883205/cartoon_15.jpg
imagenet_r,n02883205,n02883205/cartoon_16.jpg
imagenet_r,n02883205,n02883205/cartoon_17.jpg
imagenet_r,n02883205,n02883205/cartoon_18.jpg
imagenet_r,n02883205,n02883205/cartoon_19.jpg
imagenet_r,n02883205,n02883205/cartoon_2.jpg
imagenet_r,n02883205,n02883205/cartoon_20.jpg
imagenet_r,n02883205,n02883205/cartoon_21.jpg
imagenet_r,n02883205,n02883205/cartoon_22.jpg
imagenet_r,n02883205,n02883205/cartoon_23.jpg
imagenet_r,n02883205,n02883205/cartoon_24.jpg
imagenet_r,n02883205,n02883205/cartoon_25.jpg
imagenet_r,n02883205,n02883205/cartoon_26.jpg
imagenet_r,n02883205,n02883205/cartoon_27.jpg
imagenet_r,n02883205,n02883205/cartoon_28.jpg
imagenet_r,n02883205,n02883205/cartoon_29.jpg
imagenet_r,n02883205,n02883205/cartoon_3.jpg
imagenet_r,n02883205,n02883205/cartoon_4.jpg
imagenet_r,n02883205,n02883205/cartoon_5.jpg
imagenet_r,n02883205,n02883205/cartoon_6.jpg
imagenet_r,n02883205,n02883205/cartoon_7.jpg
imagenet_r,n02883205,n02883205/cartoon_8.jpg
imagenet_r,n02883205,n02883205/cartoon_9.jpg
imagenet_r,n02883205,n02883205/embroidery_0.jpg
imagenet_r,n02883205,n02883205/embroidery_1.jpg
imagenet_r,n02883205,n02883205/embroidery_2.jpg
imagenet_r,n02883205,n02883205/graffiti_0.jpg
imagenet_r,n02883205,n02883205/graffiti_1.jpg
imagenet_r,n02883205,n02883205/graffiti_2.jpg
imagenet_r,n02883205,n02883205/graffiti_3.jpg
imagenet_r,n02883205,n02883205/graffiti_4.jpg
imagenet_r,n02883205,n02883205/graffiti_5.jpg
imagenet_r,n02883205,n02883205/graffiti_6.jpg
imagenet_r,n02883205,n02883205/graffiti_7.jpg
imagenet_r,n02906734,n02906734/art_0.jpg
imagenet_r,n02906734,n02906734/art_1.jpg
imagenet_r,n02906734,n02906734/art_2.jpg
imagenet_r,n02906734,n02906734/art_3.jpg
imagenet_r,n02906734,n02906734/art_4.jpg
imagenet_r,n02906734,n02906734/art_5.jpg
imagenet_r,n02906734,n02906734/cartoon_0.jpg
imagenet_r,n02906734,n02906734/cartoon_1.jpg
imagenet_r,n02906734,n02906734/cartoon_10.jpg
imagenet_r,n02906734,n02906734/cartoon_11.jpg
imagenet_r,n02906734,n02906734/cartoon_12.jpg
imagenet_r,n02906734,n02906734/cartoon_13.jpg
imagenet_r,n02906734,n02906734/cartoon_14.jpg
imagenet_r,n02906734,n02906734/cartoon_15.jpg
imagenet_r,n02906734,n02906734/cartoon_16.jpg
imagenet_r,n02906734,n02906734/cartoon_17.jpg
imagenet_r,n02906734,n02906734/cartoon_18.jpg
imagenet_r,n02906734,n02906734/cartoon_19.jpg
imagenet_r,n02906734,n02906734/cartoon_2.jpg
imagenet_r,n02906734,n02906734/cartoon_20.jpg
imagenet_r,n02906734,n02906734/cartoon_21.jpg
imagenet_r,n02906734,n02906734/cartoon_22.jpg
imagenet_r,n02906734,n02906734/cartoon_23.jpg
imagenet_r,n02906734,n02906734/cartoon_24.jpg
imagenet_r,n02906734,n02906734/cartoon_25.jpg
imagenet_r,n02906734,n02906734/cartoon_26.jpg
imagenet_r,n02906734,n02906734/cartoon_27.jpg
imagenet_r,n02906734,n02906734/cartoon_28.jpg
imagenet_r,n02906734,n02906734/cartoon_29.jpg
imagenet_r,n02906734,n02906734/cartoon_3.jpg
imagenet_r,n02906734,n02906734/cartoon_30.jpg
imagenet_r,n02906734,n02906734/cartoon_31.jpg
imagenet_r,n02906734,n02906734/cartoon_32.jpg
imagenet_r,n02906734,n02906734/cartoon_33.jpg
imagenet_r,n02906734,n02906734/cartoon_34.jpg
imagenet_r,n02906734,n02906734/cartoon_35.jpg
imagenet_r,n02906734,n02906734/cartoon_36.jpg
imagenet_r,n02906734,n02906734/cartoon_37.jpg
imagenet_r,n02906734,n02906734/cartoon_38.jpg
imagenet_r,n02906734,n02906734/cartoon_39.jpg
imagenet_r,n02906734,n02906734/cartoon_4.jpg
imagenet_r,n02906734,n02906734/cartoon_40.jpg
imagenet_r,n02906734,n02906734/cartoon_41.jpg
imagenet_r,n02906734,n02906734/cartoon_42.jpg
imagenet_r,n02906734,n02906734/cartoon_43.jpg
imagenet_r,n02906734,n02906734/cartoon_44.jpg
imagenet_r,n02906734,n02906734/cartoon_45.jpg
imagenet_r,n02906734,n02906734/cartoon_46.jpg
imagenet_r,n02906734,n02906734/cartoon_47.jpg
imagenet_r,n02906734,n02906734/cartoon_48.jpg
imagenet_r,n02909870,n02909870/art_0.jpg
imagenet_r,n02909870,n02909870/art_1.jpg
imagenet_r,n02909870,n02909870/art_2.jpg
imagenet_r,n02909870,n02909870/art_3.jpg
imagenet_r,n02909870,n02909870/art_4.jpg
imagenet_r,n02909870,n02909870/art_5.jpg
imagenet_r,n02909870,n02909870/art_6.jpg
imagenet_r,n02909870,n02909870/art_7.jpg
imagenet_r,n02909870,n02909870/cartoon_0.jpg
imagenet_r,n02909870,n02909870/cartoon_1.jpg
imagenet_r,n02909870,n02909870/cartoon_10.jpg
imagenet_r,n02909870,n02909870/cartoon_11.jpg
imagenet_r,n02909870,n02909870/cartoon_12.jpg
imagenet_r,n02909870,n02909870/cartoon_13.jpg
imagenet_r,n02909870,n02909870/cartoon_14.jpg
imagenet_r,n02909870,n02909870/cartoon_15.jpg
imagenet_r,n02909870,n02909870/cartoon_16.jpg
imagenet_r,n02909870,n02909870/cartoon_17.jpg
imagenet_r,n02909870,n02909870/cartoon_18.jpg
imagenet_r,n02909870,n02909870/cartoon_19.jpg
imagenet_r,n02909870,n02909870/cartoon_2.jpg
imagenet_r,n02909870,n02909870/cartoon_20.jpg
imagenet_r,n02909870,n02909870/cartoon_21.jpg
imagenet_r,n02909870,n02909870/cartoon_22.jpg
imagenet_r,n02909870,n02909870/cartoon_23.jpg
imagenet_r,n02909870,n02909870/cartoon_24.jpg
imagenet_r,n02909870,n02909870/cartoon_25.jpg
imagenet_r,n02909870,n02909870/cartoon_26.jpg
imagenet_r,n02909870,n02909870/cartoon_27.jpg
imagenet_r,n02909870,n02909870/cartoon_28.jpg
imagenet_r,n02909870,n02909870/cartoon_29.jpg
imagenet_r,n02909870,n02909870/cartoon_3.jpg
imagenet_r,n02909870,n02909870/cartoon_30.jpg
imagenet_r,n02909870,n02909870/cartoon_31.jpg
imagenet_r,n02909870,n02909870/cartoon_32.jpg
imagenet_r,n02909870,n02909870/cartoon_33.jpg
imagenet_r,n02909870,n02909870/cartoon_34.jpg
imagenet_r,n02909870,n02909870/cartoon_35.jpg
imagenet_r,n02909870,n02909870/cartoon_4.jpg
imagenet_r,n02909870,n02909870/cartoon_5.jpg
imagenet_r,n02909870,n02909870/cartoon_6.jpg
imagenet_r,n02909870,n02909870/cartoon_7.jpg
imagenet_r,n02909870,n02909870/cartoon_8.jpg
imagenet_r,n02909870,n02909870/cartoon_9.jpg
imagenet_r,n02909870,n02909870/embroidery_0.jpg
imagenet_r,n02909870,n02909870/embroidery_1.jpg
imagenet_r,n02909870,n02909870/embroidery_2.jpg
imagenet_r,n02909870,n02909870/embroidery_3.jpg
imagenet_r,n02909870,n02909870/embroidery_4.jpg
imagenet_r,n02909870,n02909870/embroidery_5.jpg
imagenet_r,n02939185,n02939185/art_0.jpg
imagenet_r,n02939185,n02939185/art_1.jpg
imagenet_r,n02939185,n02939185/art_2.jpg
imagenet_r,n02939185,n02939185/cartoon_0.jpg
imagenet_r,n02939185,n02939185/cartoon_1.jpg
imagenet_r,n02939185,n02939185/cartoon_10.jpg
imagenet_r,n02939185,n02939185/cartoon_11.jpg
imagenet_r,n02939185,n02939185/cartoon_12.jpg
imagenet_r,n02939185,n02939185/cartoon_13.jpg
imagenet_r,n02939185,n02939185/cartoon_14.jpg
imagenet_r,n02939185,n02939185/cartoon_15.jpg
imagenet_r,n02939185,n02939185/cartoon_16.jpg
imagenet_r,n02939185,n02939185/cartoon_2.jpg
imagenet_r,n02939185,n02939185/cartoon_3.jpg
imagenet_r,n02939185,n02939185/cartoon_4.jpg
imagenet_r,n02939185,n02939185/cartoon_5.jpg
imagenet_r,n02939185,n02939185/cartoon_6.jpg
imagenet_r,n02939185,n02939185/cartoon_7.jpg
imagenet_r,n02939185,n02939185/cartoon_8.jpg
imagenet_r,n02939185,n02939185/cartoon_9.jpg
imagenet_r,n02939185,n02939185/deviantart_0.jpg
imagenet_r,n02939185,n02939185/deviantart_1.jpg
imagenet_r,n02939185,n02939185/deviantart_10.jpg
imagenet_r,n02939185,n02939185/deviantart_11.jpg
imagenet_r,n02939185,n02939185/deviantart_12.jpg
imagenet_r,n02939185,n02939185/deviantart_13.jpg
imagenet_r,n02939185,n02939185/deviantart_14.jpg
imagenet_r,n02939185,n02939185/deviantart_2.jpg
imagenet_r,n02939185,n02939185/deviantart_3.jpg
imagenet_r,n02939185,n02939185/deviantart_4.jpg
imagenet_r,n02939185,n02939185/deviantart_5.jpg
imagenet_r,n02939185,n02939185/deviantart_6.jpg
imagenet_r,n02939185,n02939185/deviantart_7.jpg
imagenet_r,n02939185,n02939185/deviantart_8.jpg
imagenet_r,n02939185,n02939185/deviantart_9.jpg
imagenet_r,n02939185,n02939185/embroidery_0.jpg
imagenet_r,n02939185,n02939185/embroidery_1.jpg
imagenet_r,n02939185,n02939185/embroidery_2.jpg
imagenet_r,n02939185,n02939185/graffiti_0.jpg
imagenet_r,n02939185,n02939185/misc_0.jpg
imagenet_r,n02939185,n02939185/misc_1.jpg
imagenet_r,n02939185,n02939185/misc_10.jpg
imagenet_r,n02939185,n02939185/misc_11.jpg
imagenet_r,n02939185,n02939185/misc_12.jpg
imagenet_r,n02939185,n02939185/misc_13.jpg
imagenet_r,n02939185,n02939185/misc_14.jpg
imagenet_r,n02939185,n02939185/misc_15.jpg
imagenet_r,n02939185,n02939185/misc_2.jpg
imagenet_r,n02939185,n02939185/misc_3.jpg
imagenet_r,n02939185,n02939185/misc_4.jpg
imagenet_r,n02948072,n02948072/art_0.jpg
imagenet_r,n02948072,n02948072/art_1.jpg
imagenet_r,n02948072,n02948072/art_2.jpg
imagenet_r,n02948072,n02948072/art_3.jpg
imagenet_r,n02948072,n02948072/art_4.jpg
imagenet_r,n02948072,n02948072/art_5.jpg
imagenet_r,n02948072,n02948072/cartoon_0.jpg
imagenet_r,n02948072,n02948072/cartoon_1.jpg
imagenet_r,n02948072,n02948072/cartoon_10.jpg
imagenet_r,n02948072,n02948072/cartoon_11.jpg
imagenet_r,n02948072,n02948072/cartoon_12.jpg
imagenet_r,n02948072,n02948072/cartoon_13.jpg
imagenet_r,n02948072,n02948072/cartoon_14.jpg
imagenet_r,n02948072,n02948072/cartoon_15.jpg
imagenet_r,n02948072,n02948072/cartoon_16.jpg
imagenet_r,n02948072,n02948072/cartoon_17.jpg
imagenet_r,n02948072,n02948072/cartoon_18.jpg
imagenet_r,n02948072,n02948072/cartoon_19.jpg
imagenet_r,n02948072,n02948072/cartoon_2.jpg
imagenet_r,n02948072,n02948072/cartoon_20.jpg
imagenet_r,n02948072,n02948072/cartoon_21.jpg
imagenet_r,n02948072,n02948072/cartoon_22.jpg
imagenet_r,n02948072,n02948072/cartoon_23.jpg
imagenet_r,n02948072,n02948072/cartoon_24.jpg
imagenet_r,n02948072,n02948072/cartoon_25.jpg
imagenet_r,n02948072,n02948072/cartoon_26.jpg
imagenet_r,n02948072,n02948072/cartoon_27.jpg
imagenet_r,n02948072,n02948072/cartoon_28.jpg
imagenet_r,n02948072,n02948072/cartoon_29.jpg
imagenet_r,n02948072,n02948072/cartoon_3.jpg
imagenet_r,n02948072,n02948072/cartoon_30.jpg
imagenet_r,n02948072,n02948072/cartoon_31.jpg
imagenet_r,n02948072,n02948072/cartoon_32.jpg
imagenet_r,n02948072,n02948072/cartoon_33.jpg
imagenet_r,n02948072,n02948072/cartoon_34.jpg
imagenet_r,n02948072,n02948072/cartoon_35.jpg
imagenet_r,n02948072,n02948072/cartoon_36.jpg
imagenet_r,n02948072,n02948072/cartoon_37.jpg
imagenet_r,n02948072,n02948072/cartoon_38.jpg
imagenet_r,n02948072,n02948072/cartoon_39.jpg
imagenet_r,n02948072,n02948072/cartoon_4.jpg
imagenet_r,n02948072,n02948072/cartoon_40.jpg
imagenet_r,n02948072,n02948072/cartoon_41.jpg
imagenet_r,n02948072,n02948072/cartoon_42.jpg
imagenet_r,n02948072,n02948072/cartoon_43.jpg
imagenet_r,n02948072,n02948072/cartoon_44.jpg
imagenet_r,n02948072,n02948072/cartoon_45.jpg
imagenet_r,n02948072,n02948072/cartoon_46.jpg
imagenet_r,n02948072,n02948072/cartoon_47.jpg
imagenet_r,n02948072,n02948072/cartoon_48.jpg
imagenet_r,n02950826,n02950826/art_0.jpg
imagenet_r,n02950826,n02950826/art_1.jpg
imagenet_r,n02950826,n02950826/art_2.jpg
imagenet_r,n02950826,n02950826/cartoon_0.jpg
imagenet_r,n02950826,n02950826/cartoon_1.jpg
imagenet_r,n02950826,n02950826/cartoon_2.jpg
imagenet_r,n02950826,n02950826/cartoon_3.jpg
imagenet_r,n02950826,n02950826/cartoon_4.jpg
imagenet_r,n02950826,n02950826/cartoon_5.jpg
imagenet_r,n02950826,n02950826/cartoon_6.jpg
imagenet_r,n02950826,n02950826/embroidery_0.jpg
imagenet_r,n02950826,n02950826/graffiti_0.jpg
imagenet_r,n02950826,n02950826/graphic_0.jpg
imagenet_r,n02950826,n02950826/graphic_1.jpg
imagenet_r,n02950826,n02950826/graphic_2.jpg
imagenet_r,n02950826,n02950826/misc_0.jpg
imagenet_r,n02950826,n02950826/misc_1.jpg
imagenet_r,n02950826,n02950826/misc_2.jpg
imagenet_r,n02950826,n02950826/origami_0.jpg
imagenet_r,n02950826,n02950826/painting_0.jpg
imagenet_r,n02950826,n02950826/painting_1.jpg
imagenet_r,n02950826,n02950826/painting_2.jpg
imagenet_r,n02950826,n02950826/sculpture_0.jpg
imagenet_r,n02950826,n02950826/sculpture_1.jpg
imagenet_r,n02950826,n02950826/sculpture_2.jpg
imagenet_r,n02950826,n02950826/sketch_0.jpg
imagenet_r,n02950826,n02950826/sketch_1.jpg
imagenet_r,n02950826,n02950826/sketch_10.jpg
imagenet_r,n02950826,n02950826/sketch_11.jpg
imagenet_r,n02950826,n02950826/sketch_12.jpg
imagenet_r,n02950826,n02950826/sketch_13.jpg
imagenet_r,n02950826,n02950826/sketch_14.jpg
imagenet_r,n02950826,n02950826/sketch_15.jpg
imagenet_r,n02950826,n02950826/sketch_16.jpg
imagenet_r,n02950826,n02950826/sketch_17.jpg
imagenet_r,n02950826,n02950826/sketch_18.jpg
imagenet_r,n02950826,n02950826/sketch_19.jpg
imagenet_r,n02950826,n02950826/sketch_2.jpg
imagenet_r,n02950826,n02950826/sketch_20.jpg
imagenet_r,n02950826,n02950826/sketch_21.jpg
imagenet_r,n02950826,n02950826/sketch_22.jpg
imagenet_r,n02950826,n02950826/sketch_3.jpg
imagenet_r,n02950826,n02950826/sketch_4.jpg
imagenet_r,n02950826,n02950826/sketch_5.jpg
imagenet_r,n02950826,n02950826/sketch_6.jpg
imagenet_r,n02950826,n02950826/sketch_7.jpg
imagenet_r,n02950826,n02950826/sketch_8.jpg
imagenet_r,n02950826,n02950826/sketch_9.jpg
imagenet_r,n02950826,n02950826/sticker_0.jpg
imagenet_r,n02950826,n02950826/toy_0.jpg
imagenet_r,n02951358,n02951358/art_0.jpg
imagenet_r,n02951358,n02951358/art_1.jpg
imagenet_r,n02951358,n02951358/art_2.jpg
imagenet_r,n02951358,n02951358/art_3.jpg
imagenet_r,n02951358,n02951358/art_4.jpg
imagenet_r,n02951358,n02951358/cartoon_0.jpg
imagenet_r,n02951358,n02951358/cartoon_1.jpg
imagenet_r,n02951358,n02951358/cartoon_2.jpg
imagenet_r,n02951358,n02951358/cartoon_3.jpg
imagenet_r,n02951358,n02951358/cartoon_4.jpg
imagenet_r,n02951358,n02951358/cartoon_5.jpg
imagenet_r,n02951358,n02951358/cartoon_6.jpg
imagenet_r,n02951358,n02951358/cartoon_7.jpg
imagenet_r,n02951358,n02951358/deviantart_0.jpg
imagenet_r,n02951358,n02951358/deviantart_1.jpg
imagenet_r,n02951358,n02951358/deviantart_2.jpg
imagenet_r,n02951358,n02951358/deviantart_3.jpg
imagenet_r,n02951358,n02951358/deviantart_4.jpg
imagenet_r,n02951358,n02951358/deviantart_5.jpg
imagenet_r,n02951358,n02951358/deviantart_6.jpg
imagenet_r,n02951358,n02951358/deviantart_7.jpg
imagenet_r,n02951358,n02951358/deviantart_8.jpg
imagenet_r,n02951358,n02951358/embroidery_0.jpg
imagenet_r,n02951358,n02951358/embroidery_1.jpg
imagenet_r,n02951358,n02951358/embroidery_2.jpg
imagenet_r,n02951358,n02951358/embroidery_3.jpg
imagenet_r,n02951358,n02951358/embroidery_4.jpg
imagenet_r,n02951358,n02951358/embroidery_5.jpg
imagenet_r,n02951358,n02951358/graphic_0.jpg
imagenet_r,n02951358,n02951358/misc_0.jpg
imagenet_r,n02951358,n02951358/misc_1.jpg
imagenet_r,n02951358,n02951358/misc_2.jpg
imagenet_r,n02951358,n02951358/origami_0.jpg
imagenet_r,n02951358,n02951358/origami_1.jpg
imagenet_r,n02951358,n02951358/painting_0.jpg
imagenet_r,n02951358,n02951358/painting_1.jpg
imagenet_r,n02951358,n02951358/painting_10.jpg
imagenet_r,n02951358,n02951358/painting_11.jpg
imagenet_r,n02951358,n02951358/painting_12.jpg
imagenet_r,n02951358,n02951358/painting_13.jpg
imagenet_r,n02951358,n02951358/painting_14.jpg
imagenet_r,n02951358,n02951358/painting_15.jpg
imagenet_r,n02951358,n02951358/painting_16.jpg
imagenet_r,n02951358,n02951358/painting_17.jpg
imagenet_r,n02951358,n02951358/painting_18.jpg
imagenet_r,n02951358,n02951358/painting_19.jpg
imagenet_r,n02951358,n02951358/painting_2.jpg
imagenet_r,n02951358,n02951358/painting_3.jpg
imagenet_r,n02951358,n02951358/painting_4.jpg
imagenet_r,n02951358,n02951358/painting_5.jpg
imagenet_r,n02966193,n02966193/art_0.jpg
imagenet_r,n02966193,n02966193/art_1.jpg
imagenet_r,n02966193,n02966193/cartoon_0.jpg
imagenet_r,n02966193,n02966193/cartoon_1.jpg
imagenet_r,n02966193,n02966193/cartoon_10.jpg
imagenet_r,n02966193,n02966193/cartoon_11.jpg
imagenet_r,n02966193,n02966193/cartoon_12.jpg
imagenet_r,n02966193,n02966193/cartoon_13.jpg
imagenet_r,n02966193,n02966193/cartoon_14.jpg
imagenet_r,n02966193,n02966193/cartoon_15.jpg
imagenet_r,n02966193,n02966193/cartoon_16.jpg
imagenet_r,n02966193,n02966193/cartoon_17.jpg
imagenet_r,n02966193,n02966193/cartoon_18.jpg
imagenet_r,n02966193,n02966193/cartoon_19.jpg
imagenet_r,n02966193,n02966193/cartoon_2.jpg
imagenet_r,n02966193,n02966193/cartoon_20.jpg
imagenet_r,n02966193,n02966193/cartoon_21.jpg
imagenet_r,n02966193,n02966193/cartoon_22.jpg
imagenet_r,n02966193,n02966193/cartoon_23.jpg
imagenet_r,n02966193,n02966193/cartoon_24.jpg
imagenet_r,n02966193,n02966193/cartoon_25.jpg
imagenet_r,n02966193,n02966193/cartoon_26.jpg
imagenet_r,n02966193,n02966193/cartoon_27.jpg
imagenet_r,n02966193,n02966193/cartoon_28.jpg
imagenet_r,n02966193,n02966193/cartoon_29.jpg
imagenet_r,n02966193,n02966193/cartoon_3.jpg
imagenet_r,n02966193,n02966193/cartoon_4.jpg
imagenet_r,n02966193,n02966193/cartoon_5.jpg
imagenet_r,n02966193,n02966193/cartoon_6.jpg
imagenet_r,n02966193,n02966193/cartoon_7.jpg
imagenet_r,n02966193,n02966193/cartoon_8.jpg
imagenet_r,n02966193,n02966193/cartoon_9.jpg
imagenet_r,n02966193,n02966193/deviantart_0.jpg
imagenet_r,n02966193,n02966193/deviantart_1.jpg
imagenet_r,n02966193,n02966193/deviantart_2.jpg
imagenet_r,n02966193,n02966193/deviantart_3.jpg
imagenet_r,n02966193,n02966193/deviantart_4.jpg
imagenet_r,n02966193,n02966193/deviantart_5.jpg
imagenet_r,n02966193,n02966193/deviantart_6.jpg
imagenet_r,n02966193,n02966193/embroidery_0.jpg
imagenet_r,n02966193,n02966193/embroidery_1.jpg
imagenet_r,n02966193,n02966193/embroidery_2.jpg
imagenet_r,n02966193,n02966193/embroidery_3.jpg
imagenet_r,n02966193,n02966193/graphic_0.jpg
imagenet_r,n02966193,n02966193/graphic_1.jpg
imagenet_r,n02966193,n02966193/graphic_2.jpg
imagenet_r,n02966193,n02966193/misc_0.jpg
imagenet_r,n02966193,n02966193/misc_1.jpg
imagenet_r,n02966193,n02966193/misc_2.jpg
imagenet_r,n02966193,n02966193/misc_3.jpg
imagenet_r,n02980441,n02980441/art_0.jpg
imagenet_r,n02980441,n02980441/art_1.jpg
imagenet_r,n02980441,n02980441/art_2.jpg
imagenet_r,n02980441,n02980441/art_3.jpg
imagenet_r,n02980441,n02980441/art_4.jpg
imagenet_r,n02980441,n02980441/art_5.jpg
imagenet_r,n02980441,n02980441/cartoon_0.jpg
imagenet_r,n02980441,n02980441/cartoon_1.jpg
imagenet_r,n02980441,n02980441/cartoon_10.jpg
imagenet_r,n02980441,n02980441/cartoon_11.jpg
imagenet_r,n02980441,n02980441/cartoon_12.jpg
imagenet_r,n02980441,n02980441/cartoon_13.jpg
imagenet_r,n02980441,n02980441/cartoon_14.jpg
imagenet_r,n02980441,n02980441/cartoon_15.jpg
imagenet_r,n02980441,n02980441/cartoon_16.jpg
imagenet_r,n02980441,n02980441/cartoon_17.jpg
imagenet_r,n02980441,n02980441/cartoon_18.jpg
imagenet_r,n02980441,n02980441/cartoon_19.jpg
imagenet_r,n02980441,n02980441/cartoon_2.jpg
imagenet_r,n02980441,n02980441/cartoon_20.jpg
imagenet_r,n02980441,n02980441/cartoon_21.jpg
imagenet_r,n02980441,n02980441/cartoon_22.jpg
imagenet_r,n02980441,n02980441/cartoon_23.jpg
imagenet_r,n02980441,n02980441/cartoon_3.jpg
imagenet_r,n02980441,n02980441/cartoon_4.jpg
imagenet_r,n02980441,n02980441/cartoon_5.jpg
imagenet_r,n02980441,n02980441/cartoon_6.jpg
imagenet_r,n02980441,n02980441/cartoon_7.jpg
imagenet_r,n02980441,n02980441/cartoon_8.jpg
imagenet_r,n02980441,n02980441/cartoon_9.jpg
imagenet_r,n02980441,n02980441/deviantart_0.jpg
imagenet_r,n02980441,n02980441/deviantart_1.jpg
imagenet_r,n02980441,n02980441/deviantart_2.jpg
imagenet_r,n02980441,n02980441/deviantart_3.jpg
imagenet_r,n02980441,n02980441/deviantart_4.jpg
imagenet_r,n02980441,n02980441/deviantart_5.jpg
imagenet_r,n02980441,n02980441/deviantart_6.jpg
imagenet_r,n02980441,n02980441/deviantart_7.jpg
imagenet_r,n02980441,n02980441/deviantart_8.jpg
imagenet_r,n02980441,n02980441/embroidery_0.jpg
imagenet_r,n02980441,n02980441/embroidery_1.jpg
imagenet_r,n02980441,n02980441/embroidery_2.jpg
imagenet_r,n02980441,n02980441/embroidery_3.jpg
imagenet_r,n02980441,n02980441/embroidery_4.jpg
imagenet_r,n02980441,n02980441/graphic_0.jpg
imagenet_r,n02980441,n02980441/graphic_1.jpg
imagenet_r,n02980441,n02980441/graphic_2.jpg
imagenet_r,n02980441,n02980441/graphic_3.jpg
imagenet_r,n02980441,n02980441/graphic_4.jpg
imagenet_r,n02980441,n02980441/graphic_5.jpg
imagenet_r,n02992529,n02992529/cartoon_0.jpg
imagenet_r,n02992529,n02992529/cartoon_1.jpg
imagenet_r,n02992529,n02992529/cartoon_10.jpg
imagenet_r,n02992529,n02992529/cartoon_11.jpg
imagenet_r,n02992529,n02992529/cartoon_2.jpg
imagenet_r,n02992529,n02992529/cartoon_3.jpg
imagenet_r,n02992529,n02992529/cartoon_4.jpg
imagenet_r,n02992529,n02992529/cartoon_5.jpg
imagenet_r,n02992529,n02992529/cartoon_6.jpg
imagenet_r,n02992529,n02992529/cartoon_7.jpg
imagenet_r,n02992529,n02992529/cartoon_8.jpg
imagenet_r,n02992529,n02992529/cartoon_9.jpg
imagenet_r,n02992529,n02992529/deviantart_0.jpg
imagenet_r,n02992529,n02992529/deviantart_1.jpg
imagenet_r,n02992529,n02992529/deviantart_2.jpg
imagenet_r,n02992529,n02992529/embroidery_0.jpg
imagenet_r,n02992529,n02992529/graffiti_0.jpg
imagenet_r,n02992529,n02992529/graffiti_1.jpg
imagenet_r,n02992529,n02992529/graffiti_2.jpg
imagenet_r,n02992529,n02992529/graffiti_3.jpg
imagenet_r,n02992529,n02992529/graffiti_4.jpg
imagenet_r,n02992529,n02992529/graphic_0.jpg
imagenet_r,n02992529,n02992529/misc_0.jpg
imagenet_r,n02992529,n02992529/painting_0.jpg
imagenet_r,n02992529,n02992529/painting_1.jpg
imagenet_r,n02992529,n02992529/painting_2.jpg
imagenet_r,n02992529,n02992529/sculpture_0.jpg
imagenet_r,n02992529,n02992529/sculpture_1.jpg
imagenet_r,n02992529,n02992529/sketch_0.jpg
imagenet_r,n02992529,n02992529/sketch_1.jpg
imagenet_r,n02992529,n02992529/sketch_10.jpg
imagenet_r,n02992529,n02992529/sketch_11.jpg
imagenet_r,n02992529,n02992529/sketch_12.jpg
imagenet_r,n02992529,n02992529/sketch_13.jpg
imagenet_r,n02992529,n02992529/sketch_14.jpg
imagenet_r,n02992529,n02992529/sketch_15.jpg
imagenet_r,n02992529,n02992529/sketch_16.jpg
imagenet_r,n02992529,n02992529/sketch_17.jpg
imagenet_r,n02992529,n02992529/sketch_18.jpg
imagenet_r,n02992529,n02992529/sketch_19.jpg
imagenet_r,n02992529,n02992529/sketch_2.jpg
imagenet_r,n02992529,n02992529/sketch_20.jpg
imagenet_r,n02992529,n02992529/sketch_21.jpg
imagenet_r,n02992529,n02992529/sketch_22.jpg
imagenet_r,n02992529,n02992529/sketch_23.jpg
imagenet_r,n02992529,n02992529/sketch_24.jpg
imagenet_r,n02992529,n02992529/sketch_25.jpg
imagenet_r,n02992529,n02992529/sketch_26.jpg
imagenet_r,n02992529,n02992529/sketch_27.jpg
imagenet_r,n02992529,n02992529/sketch_28.jpg
imagenet_r,n03124170,n03124170/art_0.jpg
imagenet_r,n03124170,n03124170/art_1.jpg
imagenet_r,n03124170,n03124170/art_10.jpg
imagenet_r,n03124170,n03124170/art_11.jpg
imagenet_r,n03124170,n03124170/art_12.jpg
imagenet_r,n03124170,n03124170/art_13.jpg
imagenet_r,n03124170,n03124170/art_14.jpg
imagenet_r,n03124170,n03124170/art_15.jpg
imagenet_r,n03124170,n03124170/art_16.jpg
imagenet_r,n03124170,n03124170/art_17.jpg
imagenet_r,n03124170,n03124170/art_18.jpg
imagenet_r,n03124170,n03124170/art_19.jpg
imagenet_r,n03124170,n03124170/art_2.jpg
imagenet_r,n03124170,n03124170/art_20.jpg
imagenet_r,n03124170,n03124170/art_21.jpg
imagenet_r,n03124170,n03124170/art_22.jpg
imagenet_r,n03124170,n03124170/art_23.jpg
imagenet_r,n03124170,n03124170/art_3.jpg
imagenet_r,n03124170,n03124170/art_4.jpg
imagenet_r,n03124170,n03124170/art_5.jpg
imagenet_r,n03124170,n03124170/art_6.jpg
imagenet_r,n03124170,n03124170/art_7.jpg
imagenet_r,n03124170,n03124170/art_8.jpg
imagenet_r,n03124170,n03124170/art_9.jpg
imagenet_r,n03124170,n03124170/cartoon_0.jpg
imagenet_r,n03124170,n03124170/cartoon_1.jpg
imagenet_r,n03124170,n03124170/cartoon_10.jpg
imagenet_r,n03124170,n03124170/cartoon_11.jpg
imagenet_r,n03124170,n03124170/cartoon_12.jpg
imagenet_r,n03124170,n03124170/cartoon_13.jpg
imagenet_r,n03124170,n03124170/cartoon_14.jpg
imagenet_r,n03124170,n03124170/cartoon_15.jpg
imagenet_r,n03124170,n03124170/cartoon_16.jpg
imagenet_r,n03124170,n03124170/cartoon_17.jpg
imagenet_r,n03124170,n03124170/cartoon_18.jpg
imagenet_r,n03124170,n03124170/cartoon_19.jpg
imagenet_r,n03124170,n03124170/cartoon_2.jpg
imagenet_r,n03124170,n03124170/cartoon_20.jpg
imagenet_r,n03124170,n03124170/cartoon_21.jpg
imagenet_r,n03124170,n03124170/cartoon_22.jpg
imagenet_r,n03124170,n03124170/cartoon_23.jpg
imagenet_r,n03124170,n03124170/cartoon_24.jpg
imagenet_r,n03124170,n03124170/cartoon_25.jpg
imagenet_r,n03124170,n03124170/cartoon_26.jpg
imagenet_r,n03124170,n03124170/cartoon_27.jpg
imagenet_r,n03124170,n03124170/cartoon_28.jpg
imagenet_r,n03124170,n03124170/cartoon_29.jpg
imagenet_r,n03124170,n03124170/cartoon_3.jpg
imagenet_r,n03124170,n03124170/cartoon_30.jpg
imagenet_r,n03124170,n03124170/cartoon_31.jpg
imagenet_r,n03272010,n03272010/art_0.jpg
imagenet_r,n03272010,n03272010/art_1.jpg
imagenet_r,n03272010,n03272010/art_2.jpg
imagenet_r,n03272010,n03272010/art_3.jpg
imagenet_r,n03272010,n03272010/art_4.jpg
imagenet_r,n03272010,n03272010/art_5.jpg
imagenet_r,n03272010,n03272010/art_6.jpg
imagenet_r,n03272010,n03272010/art_7.jpg
imagenet_r,n03272010,n03272010/art_8.jpg
imagenet_r,n03272010,n03272010/art_9.jpg
imagenet_r,n03272010,n03272010/cartoon_0.jpg
imagenet_r,n03272010,n03272010/cartoon_1.jpg
imagenet_r,n03272010,n03272010/cartoon_10.jpg
imagenet_r,n03272010,n03272010/cartoon_11.jpg
imagenet_r,n03272010,n03272010/cartoon_12.jpg
imagenet_r,n03272010,n03272010/cartoon_13.jpg
imagenet_r,n03272010,n03272010/cartoon_14.jpg
imagenet_r,n03272010,n03272010/cartoon_15.jpg
imagenet_r,n03272010,n03272010/cartoon_16.jpg
imagenet_r,n03272010,n03272010/cartoon_17.jpg
imagenet_r,n03272010,n03272010/cartoon_18.jpg
imagenet_r,n03272010,n03272010/cartoon_19.jpg
imagenet_r,n03272010,n03272010/cartoon_2.jpg
imagenet_r,n03272010,n03272010/cartoon_20.jpg
imagenet_r,n03272010,n03272010/cartoon_21.jpg
imagenet_r,n03272010,n03272010/cartoon_22.jpg
imagenet_r,n03272010,n03272010/cartoon_23.jpg
imagenet_r,n03272010,n03272010/cartoon_24.jpg
imagenet_r,n03272010,n03272010/cartoon_25.jpg
imagenet_r,n03272010,n03272010/cartoon_26.jpg
imagenet_r,n03272010,n03272010/cartoon_27.jpg
imagenet_r,n03272010,n03272010/cartoon_3.jpg
imagenet_r,n03272010,n03272010/cartoon_4.jpg
imagenet_r,n03272010,n03272010/cartoon_5.jpg
imagenet_r,n03272010,n03272010/cartoon_6.jpg
imagenet_r,n03272010,n03272010/cartoon_7.jpg
imagenet_r,n03272010,n03272010/cartoon_8.jpg
imagenet_r,n03272010,n03272010/cartoon_9.jpg
imagenet_r,n03272010,n03272010/deviantart_0.jpg
imagenet_r,n03272010,n03272010/deviantart_1.jpg
imagenet_r,n03272010,n03272010/deviantart_10.jpg
imagenet_r,n03272010,n03272010/deviantart_11.jpg
imagenet_r,n03272010,n03272010/deviantart_12.jpg
imagenet_r,n03272010,n03272010/deviantart_13.jpg
imagenet_r,n03272010,n03272010/deviantart_14.jpg
imagenet_r,n03272010,n03272010/deviantart_15.jpg
imagenet_r,n03272010,n03272010/deviantart_16.jpg
imagenet_r,n03272010,n03272010/deviantart_17.jpg
imagenet_r,n03272010,n03272010/deviantart_18.jpg
imagenet_r,n03272010,n03272010/deviantart_19.jpg
imagenet_r,n03345487,n03345487/art_0.jpg
imagenet_r,n03345487,n03345487/cartoon_0.jpg
imagenet_r,n03345487,n03345487/cartoon_1.jpg
imagenet_r,n03345487,n03345487/cartoon_2.jpg
imagenet_r,n03345487,n03345487/cartoon_3.jpg
imagenet_r,n03345487,n03345487/cartoon_4.jpg
imagenet_r,n03345487,n03345487/deviantart_0.jpg
imagenet_r,n03345487,n03345487/deviantart_1.jpg
imagenet_r,n03345487,n03345487/embroidery_0.jpg
imagenet_r,n03345487,n03345487/embroidery_1.jpg
imagenet_r,n03345487,n03345487/embroidery_2.jpg
imagenet_r,n03345487,n03345487/graffiti_0.jpg
imagenet_r,n03345487,n03345487/graffiti_1.jpg
imagenet_r,n03345487,n03345487/graphic_0.jpg
imagenet_r,n03345487,n03345487/graphic_1.jpg
imagenet_r,n03345487,n03345487/graphic_2.jpg
imagenet_r,n03345487,n03345487/graphic_3.jpg
imagenet_r,n03345487,n03345487/misc_0.jpg
imagenet_r,n03345487,n03345487/misc_1.jpg
imagenet_r,n03345487,n03345487/misc_2.jpg
imagenet_r,n03345487,n03345487/misc_3.jpg
imagenet_r,n03345487,n03345487/misc_4.jpg
imagenet_r,n03345487,n03345487/misc_5.jpg
imagenet_r,n03345487,n03345487/misc_6.jpg
imagenet_r,n03345487,n03345487/misc_7.jpg
imagenet_r,n03345487,n03345487/misc_8.jpg
imagenet_r,n03345487,n03345487/misc_9.jpg
imagenet_r,n03345487,n03345487/painting_0.jpg
imagenet_r,n03345487,n03345487/painting_1.jpg
imagenet_r,n03345487,n03345487/painting_2.jpg
imagenet_r,n03345487,n03345487/sculpture_0.jpg
imagenet_r,n03345487,n03345487/sketch_0.jpg
imagenet_r,n03345487,n03345487/sketch_1.jpg
imagenet_r,n03345487,n03345487/sketch_10.jpg
imagenet_r,n03345487,n03345487/sketch_11.jpg
imagenet_r,n03345487,n03345487/sketch_12.jpg
imagenet_r,n03345487,n03345487/sketch_13.jpg
imagenet_r,n03345487,n03345487/sketch_14.jpg
imagenet_r,n03345487,n03345487/sketch_15.jpg
imagenet_r,n03345487,n03345487/sketch_16.jpg
imagenet_r,n03345487,n03345487/sketch_17.jpg
imagenet_r,n03345487,n03345487/sketch_18.jpg
imagenet_r,n03345487,n03345487/sketch_19.jpg
imagenet_r,n03345487,n03345487/sketch_2.jpg
imagenet_r,n03345487,n03345487/sketch_20.jpg
imagenet_r,n03345487,n03345487/sketch_21.jpg
imagenet_r,n03345487,n03345487/sketch_22.jpg
imagenet_r,n03345487,n03345487/sketch_3.jpg
imagenet_r,n03345487,n03345487/sketch_4.jpg
imagenet_r,n03345487,n03345487/sketch_5.jpg
imagenet_r,n03372029,n03372029/art_0.jpg
imagenet_r,n03372029,n03372029/art_1.jpg
imagenet_r,n03372029,n03372029/art_10.jpg
imagenet_r,n03372029,n03372029/art_11.jpg
imagenet_r,n03372029,n03372029/art_12.jpg
imagenet_r,n03372029,n03372029/art_2.jpg
imagenet_r,n03372029,n03372029/art_3.jpg
imagenet_r,n03372029,n03372029/art_4.jpg
imagenet_r,n03372029,n03372029/art_5.jpg
imagenet_r,n03372029,n03372029/art_6.jpg
imagenet_r,n03372029,n03372029/art_7.jpg
imagenet_r,n03372029,n03372029/art_8.jpg
imagenet_r,n03372029,n03372029/art_9.jpg
imagenet_r,n03372029,n03372029/cartoon_0.jpg
imagenet_r,n03372029,n03372029/cartoon_1.jpg
imagenet_r,n03372029,n03372029/cartoon_10.jpg
imagenet_r,n03372029,n03372029/cartoon_11.jpg
imagenet_r,n03372029,n03372029/cartoon_12.jpg
imagenet_r,n03372029,n03372029/cartoon_13.jpg
imagenet_r,n03372029,n03372029/cartoon_14.jpg
imagenet_r,n03372029,n03372029/cartoon_15.jpg
imagenet_r,n03372029,n03372029/cartoon_16.jpg
imagenet_r,n03372029,n03372029/cartoon_17.jpg
imagenet_r,n03372029,n03372029/cartoon_18.jpg
imagenet_r,n03372029,n03372029/cartoon_19.jpg
imagenet_r,n03372029,n03372029/cartoon_2.jpg
imagenet_r,n03372029,n03372029/cartoon_20.jpg
imagenet_r,n03372029,n03372029/cartoon_21.jpg
imagenet_r,n03372029,n03372029/cartoon_22.jpg
imagenet_r,n03372029,n03372029/cartoon_23.jpg
imagenet_r,n03372029,n03372029/cartoon_24.jpg
imagenet_r,n03372029,n03372029/cartoon_3.jpg
imagenet_r,n03372029,n03372029/cartoon_4.jpg
imagenet_r,n03372029,n03372029/cartoon_5.jpg
imagenet_r,n03372029,n03372029/cartoon_6.jpg
imagenet_r,n03372029,n03372029/cartoon_7.jpg
imagenet_r,n03372029,n03372029/cartoon_8.jpg
imagenet_r,n03372029,n03372029/cartoon_9.jpg
imagenet_r,n03372029,n03372029/deviantart_0.jpg
imagenet_r,n03372029,n03372029/deviantart_1.jpg
imagenet_r,n03372029,n03372029/deviantart_2.jpg
imagenet_r,n03372029,n03372029/deviantart_3.jpg
imagenet_r,n03372029,n03372029/deviantart_4.jpg
imagenet_r,n03372029,n03372029/deviantart_5.jpg
imagenet_r,n03372029,n03372029/deviantart_6.jpg
imagenet_r,n03372029,n03372029/deviantart_7.jpg
imagenet_r,n03372029,n03372029/deviantart_8.jpg
imagenet_r,n03372029,n03372029/deviantart_9.jpg
imagenet_r,n03372029,n03372029/embroidery_0.jpg
imagenet_r,n03372029,n03372029/embroidery_1.jpg
imagenet_r,n03424325,n03424325/cartoon_0.jpg
imagenet_r,n03424325,n03424325/cartoon_1.jpg
imagenet_r,n03424325,n03424325/deviantart_0.jpg
imagenet_r,n03424325,n03424325/deviantart_1.jpg
imagenet_r,n03424325,n03424325/deviantart_2.jpg
imagenet_r,n03424325,n03424325/deviantart_3.jpg
imagenet_r,n03424325,n03424325/deviantart_4.jpg
imagenet_r,n03424325,n03424325/deviantart_5.jpg
imagenet_r,n03424325,n03424325/deviantart_6.jpg
imagenet_r,n03424325,n03424325/deviantart_7.jpg
imagenet_r,n03424325,n03424325/deviantart_8.jpg
imagenet_r,n03424325,n03424325/graffiti_0.jpg
imagenet_r,n03424325,n03424325/graffiti_1.jpg
imagenet_r,n03424325,n03424325/graphic_0.jpg
imagenet_r,n03424325,n03424325/graphic_1.jpg
imagenet_r,n03424325,n03424325/misc_0.jpg
imagenet_r,n03424325,n03424325/misc_1.jpg
imagenet_r,n03424325,n03424325/misc_10.jpg
imagenet_r,n03424325,n03424325/misc_11.jpg
imagenet_r,n03424325,n03424325/misc_12.jpg
imagenet_r,n03424325,n03424325/misc_13.jpg
imagenet_r,n03424325,n03424325/misc_14.jpg
imagenet_r,n03424325,n03424325/misc_15.jpg
imagenet_r,n03424325,n03424325/misc_16.jpg
imagenet_r,n03424325,n03424325/misc_17.jpg
imagenet_r,n03424325,n03424325/misc_18.jpg
imagenet_r,n03424325,n03424325/misc_19.jpg
imagenet_r,n03424325,n03424325/misc_2.jpg
imagenet_r,n03424325,n03424325/misc_20.jpg
imagenet_r,n03424325,n03424325/misc_21.jpg
imagenet_r,n03424325,n03424325/misc_22.jpg
imagenet_r,n03424325,n03424325/misc_23.jpg
imagenet_r,n03424325,n03424325/misc_24.jpg
imagenet_r,n03424325,n03424325/misc_25.jpg
imagenet_r,n03424325,n03424325/misc_26.jpg
imagenet_r,n03424325,n03424325/misc_27.jpg
imagenet_r,n03424325,n03424325/misc_28.jpg
imagenet_r,n03424325,n03424325/misc_29.jpg
imagenet_r,n03424325,n03424325/misc_3.jpg
imagenet_r,n03424325,n03424325/misc_30.jpg
imagenet_r,n03424325,n03424325/misc_31.jpg
imagenet_r,n03424325,n03424325/misc_32.jpg
imagenet_r,n03424325,n03424325/misc_33.jpg
imagenet_r,n03424325,n03424325/misc_34.jpg
imagenet_r,n03424325,n03424325/misc_35.jpg
imagenet_r,n03424325,n03424325/misc_36.jpg
imagenet_r,n03424325,n03424325/misc_37.jpg
imagenet_r,n03424325,n03424325/misc_38.jpg
imagenet_r,n03424325,n03424325/misc_39.jpg
imagenet_r,n03424325,n03424325/misc_4.jpg
imagenet_r,n03452741,n03452741/art_0.jpg
imagenet_r,n03452741,n03452741/art_1.jpg
imagenet_r,n03452741,n03452741/art_2.jpg
imagenet_r,n03452741,n03452741/art_3.jpg
imagenet_r,n03452741,n03452741/art_4.jpg
imagenet_r,n03452741,n03452741/art_5.jpg
imagenet_r,n03452741,n03452741/cartoon_0.jpg
imagenet_r,n03452741,n03452741/cartoon_1.jpg
imagenet_r,n03452741,n03452741/cartoon_2.jpg
imagenet_r,n03452741,n03452741/cartoon_3.jpg
imagenet_r,n03452741,n03452741/cartoon_4.jpg
imagenet_r,n03452741,n03452741/deviantart_0.jpg
imagenet_r,n03452741,n03452741/deviantart_1.jpg
imagenet_r,n03452741,n03452741/deviantart_10.jpg
imagenet_r,n03452741,n03452741/deviantart_11.jpg
imagenet_r,n03452741,n03452741/deviantart_2.jpg
imagenet_r,n03452741,n03452741/deviantart_3.jpg
imagenet_r,n03452741,n03452741/deviantart_4.jpg
imagenet_r,n03452741,n03452741/deviantart_5.jpg
imagenet_r,n03452741,n03452741/deviantart_6.jpg
imagenet_r,n03452741,n03452741/deviantart_7.jpg
imagenet_r,n03452741,n03452741/deviantart_8.jpg
imagenet_r,n03452741,n03452741/deviantart_9.jpg
imagenet_r,n03452741,n03452741/graphic_0.jpg
imagenet_r,n03452741,n03452741/graphic_1.jpg
imagenet_r,n03452741,n03452741/graphic_2.jpg
imagenet_r,n03452741,n03452741/misc_0.jpg
imagenet_r,n03452741,n03452741/misc_1.jpg
imagenet_r,n03452741,n03452741/misc_2.jpg
imagenet_r,n03452741,n03452741/misc_3.jpg
imagenet_r,n03452741,n03452741/misc_4.jpg
imagenet_r,n03452741,n03452741/misc_5.jpg
imagenet_r,n03452741,n03452741/origami_0.jpg
imagenet_r,n03452741,n03452741/origami_1.jpg
imagenet_r,n03452741,n03452741/origami_2.jpg
imagenet_r,n03452741,n03452741/origami_3.jpg
imagenet_r,n03452741,n03452741/painting_0.jpg
imagenet_r,n03452741,n03452741/painting_1.jpg
imagenet_r,n03452741,n03452741/painting_10.jpg
imagenet_r,n03452741,n03452741/painting_2.jpg
imagenet_r,n03452741,n03452741/painting_3.jpg
imagenet_r,n03452741,n03452741/painting_4.jpg
imagenet_r,n03452741,n03452741/painting_5.jpg
imagenet_r,n03452741,n03452741/painting_6.jpg
imagenet_r,n03452741,n03452741/painting_7.jpg
imagenet_r,n03452741,n03452741/painting_8.jpg
imagenet_r,n03452741,n03452741/painting_9.jpg
imagenet_r,n03452741,n03452741/sculpture_0.jpg
imagenet_r,n03452741,n03452741/sculpture_1.jpg
imagenet_r,n03452741,n03452741/sculpture_2.jpg
imagenet_r,n03467068,n03467068/art_0.jpg
imagenet_r,n03467068,n03467068/art_1.jpg
imagenet_r,n03467068,n03467068/art_2.jpg
imagenet_r,n03467068,n03467068/art_3.jpg
imagenet_r,n03467068,n03467068/cartoon_0.jpg
imagenet_r,n03467068,n03467068/cartoon_1.jpg
imagenet_r,n03467068,n03467068/cartoon_10.jpg
imagenet_r,n03467068,n03467068/cartoon_11.jpg
imagenet_r,n03467068,n03467068/cartoon_12.jpg
imagenet_r,n03467068,n03467068/cartoon_13.jpg
imagenet_r,n03467068,n03467068/cartoon_14.jpg
imagenet_r,n03467068,n03467068/cartoon_15.jpg
imagenet_r,n03467068,n03467068/cartoon_16.jpg
imagenet_r,n03467068,n03467068/cartoon_17.jpg
imagenet_r,n03467068,n03467068/cartoon_18.jpg
imagenet_r,n03467068,n03467068/cartoon_2.jpg
imagenet_r,n03467068,n03467068/cartoon_3.jpg
imagenet_r,n03467068,n03467068/cartoon_4.jpg
imagenet_r,n03467068,n03467068/cartoon_5.jpg
imagenet_r,n03467068,n03467068/cartoon_6.jpg
imagenet_r,n03467068,n03467068/cartoon_7.jpg
imagenet_r,n03467068,n03467068/cartoon_8.jpg
imagenet_r,n03467068,n03467068/cartoon_9.jpg
imagenet_r,n03467068,n03467068/deviantart_0.jpg
imagenet_r,n03467068,n03467068/deviantart_1.jpg
imagenet_r,n03467068,n03467068/deviantart_2.jpg
imagenet_r,n03467068,n03467068/graffiti_0.jpg
imagenet_r,n03467068,n03467068/graffiti_1.jpg
imagenet_r,n03467068,n03467068/graffiti_2.jpg
imagenet_r,n03467068,n03467068/graphic_0.jpg
imagenet_r,n03467068,n03467068/misc_0.jpg
imagenet_r,n03467068,n03467068/misc_1.jpg
imagenet_r,n03467068,n03467068/misc_2.jpg
imagenet_r,n03467068,n03467068/painting_0.jpg
imagenet_r,n03467068,n03467068/painting_1.jpg
imagenet_r,n03467068,n03467068/painting_2.jpg
imagenet_r,n03467068,n03467068/sculpture_0.jpg
imagenet_r,n03467068,n03467068/sketch_0.jpg
imagenet_r,n03467068,n03467068/sketch_1.jpg
imagenet_r,n03467068,n03467068/sketch_10.jpg
imagenet_r,n03467068,n03467068/sketch_11.jpg
imagenet_r,n03467068,n03467068/sketch_12.jpg
imagenet_r,n03467068,n03467068/sketch_13.jpg
imagenet_r,n03467068,n03467068/sketch_14.jpg
imagenet_r,n03467068,n03467068/sketch_15.jpg
imagenet_r,n03467068,n03467068/sketch_16.jpg
imagenet_r,n03467068,n03467068/sketch_17.jpg
imagenet_r,n03467068,n03467068/sketch_18.jpg
imagenet_r,n03467068,n03467068/sketch_19.jpg
imagenet_r,n03467068,n03467068/sketch_2.jpg
imagenet_r,n03481172,n03481172/art_0.jpg
imagenet_r,n03481172,n03481172/art_1.jpg
imagenet_r,n03481172,n03481172/art_10.jpg
imagenet_r,n03481172,n03481172/art_11.jpg
imagenet_r,n03481172,n03481172/art_12.jpg
imagenet_r,n03481172,n03481172/art_13.jpg
imagenet_r,n03481172,n03481172/art_2.jpg
imagenet_r,n03481172,n03481172/art_3.jpg
imagenet_r,n03481172,n03481172/art_4.jpg
imagenet_r,n03481172,n03481172/art_5.jpg
imagenet_r,n03481172,n03481172/art_6.jpg
imagenet_r,n03481172,n03481172/art_7.jpg
imagenet_r,n03481172,n03481172/art_8.jpg
imagenet_r,n03481172,n03481172/art_9.jpg
imagenet_r,n03481172,n03481172/cartoon_0.jpg
imagenet_r,n03481172,n03481172/cartoon_1.jpg
imagenet_r,n03481172,n03481172/cartoon_10.jpg
imagenet_r,n03481172,n03481172/cartoon_11.jpg
imagenet_r,n03481172,n03481172/cartoon_12.jpg
imagenet_r,n03481172,n03481172/cartoon_13.jpg
imagenet_r,n03481172,n03481172/cartoon_14.jpg
imagenet_r,n03481172,n03481172/cartoon_15.jpg
imagenet_r,n03481172,n03481172/cartoon_16.jpg
imagenet_r,n03481172,n03481172/cartoon_17.jpg
imagenet_r,n03481172,n03481172/cartoon_18.jpg
imagenet_r,n03481172,n03481172/cartoon_19.jpg
imagenet_r,n03481172,n03481172/cartoon_2.jpg
imagenet_r,n03481172,n03481172/cartoon_20.jpg
imagenet_r,n03481172,n03481172/cartoon_21.jpg
imagenet_r,n03481172,n03481172/cartoon_22.jpg
imagenet_r,n03481172,n03481172/cartoon_23.jpg
imagenet_r,n03481172,n03481172/cartoon_24.jpg
imagenet_r,n03481172,n03481172/cartoon_25.jpg
imagenet_r,n03481172,n03481172/cartoon_26.jpg
imagenet_r,n03481172,n03481172/cartoon_27.jpg
imagenet_r,n03481172,n03481172/cartoon_28.jpg
imagenet_r,n03481172,n03481172/cartoon_29.jpg
imagenet_r,n03481172,n03481172/cartoon_3.jpg
imagenet_r,n03481172,n03481172/cartoon_30.jpg
imagenet_r,n03481172,n03481172/cartoon_31.jpg
imagenet_r,n03481172,n03481172/cartoon_32.jpg
imagenet_r,n03481172,n03481172/cartoon_33.jpg
imagenet_r,n03481172,n03481172/cartoon_4.jpg
imagenet_r,n03481172,n03481172/cartoon_5.jpg
imagenet_r,n03481172,n03481172/cartoon_6.jpg
imagenet_r,n03481172,n03481172/cartoon_7.jpg
imagenet_r,n03481172,n03481172/cartoon_8.jpg
imagenet_r,n03481172,n03481172/cartoon_9.jpg
imagenet_r,n03481172,n03481172/deviantart_0.jpg
imagenet_r,n03481172,n03481172/deviantart_1.jpg
imagenet_r,n03494278,n03494278/art_0.jpg
imagenet_r,n03494278,n03494278/art_1.jpg
imagenet_r,n03494278,n03494278/art_2.jpg
imagenet_r,n03494278,n03494278/art_3.jpg
imagenet_r,n03494278,n03494278/art_4.jpg
imagenet_r,n03494278,n03494278/cartoon_0.jpg
imagenet_r,n03494278,n03494278/cartoon_1.jpg
imagenet_r,n03494278,n03494278/cartoon_10.jpg
imagenet_r,n03494278,n03494278/cartoon_11.jpg
imagenet_r,n03494278,n03494278/cartoon_12.jpg
imagenet_r,n03494278,n03494278/cartoon_13.jpg
imagenet_r,n03494278,n03494278/cartoon_14.jpg
imagenet_r,n03494278,n03494278/cartoon_15.jpg
imagenet_r,n03494278,n03494278/cartoon_16.jpg
imagenet_r,n03494278,n03494278/cartoon_17.jpg
imagenet_r,n03494278,n03494278/cartoon_2.jpg
imagenet_r,n03494278,n03494278/cartoon_3.jpg
imagenet_r,n03494278,n03494278/cartoon_4.jpg
imagenet_r,n03494278,n03494278/cartoon_5.jpg
imagenet_r,n03494278,n03494278/cartoon_6.jpg
imagenet_r,n03494278,n03494278/cartoon_7.jpg
imagenet_r,n03494278,n03494278/cartoon_8.jpg
imagenet_r,n03494278,n03494278/cartoon_9.jpg
imagenet_r,n03494278,n03494278/deviantart_0.jpg
imagenet_r,n03494278,n03494278/deviantart_1.jpg
imagenet_r,n03494278,n03494278/deviantart_2.jpg
imagenet_r,n03494278,n03494278/deviantart_3.jpg
imagenet_r,n03494278,n03494278/deviantart_4.jpg
imagenet_r,n03494278,n03494278/embroidery_0.jpg
imagenet_r,n03494278,n03494278/embroidery_1.jpg
imagenet_r,n03494278,n03494278/graffiti_0.jpg
imagenet_r,n03494278,n03494278/graffiti_1.jpg
imagenet_r,n03494278,n03494278/graffiti_2.jpg
imagenet_r,n03494278,n03494278/graphic_0.jpg
imagenet_r,n03494278,n03494278/graphic_1.jpg
imagenet_r,n03494278,n03494278/graphic_2.jpg
imagenet_r,n03494278,n03494278/misc_0.jpg
imagenet_r,n03494278,n03494278/misc_1.jpg
imagenet_r,n03494278,n03494278/misc_2.jpg
imagenet_r,n03494278,n03494278/painting_0.jpg
imagenet_r,n03494278,n03494278/painting_1.jpg
imagenet_r,n03494278,n03494278/painting_2.jpg
imagenet_r,n03494278,n03494278/painting_3.jpg
imagenet_r,n03494278,n03494278/painting_4.jpg
imagenet_r,n03494278,n03494278/painting_5.jpg
imagenet_r,n03494278,n03494278/painting_6.jpg
imagenet_r,n03494278,n03494278/painting_7.jpg
imagenet_r,n03494278,n03494278/painting_8.jpg
imagenet_r,n03494278,n03494278/painting_9.jpg
imagenet_r,n03494278,n03494278/sketch_0.jpg
imagenet_r,n03495258,n03495258/art_0.jpg
imagenet_r,n03495258,n03495258/art_1.jpg
imagenet_r,n03495258,n03495258/art_2.jpg
imagenet_r,n03495258,n03495258/cartoon_0.jpg
imagenet_r,n03495258,n03495258/cartoon_1.jpg
imagenet_r,n03495258,n03495258/cartoon_10.jpg
imagenet_r,n03495258,n03495258/cartoon_11.jpg
imagenet_r,n03495258,n03495258/cartoon_12.jpg
imagenet_r,n03495258,n03495258/cartoon_13.jpg
imagenet_r,n03495258,n03495258/cartoon_14.jpg
imagenet_r,n03495258,n03495258/cartoon_2.jpg
imagenet_r,n03495258,n03495258/cartoon_3.jpg
imagenet_r,n03495258,n03495258/cartoon_4.jpg
imagenet_r,n03495258,n03495258/cartoon_5.jpg
imagenet_r,n03495258,n03495258/cartoon_6.jpg
imagenet_r,n03495258,n03495258/cartoon_7.jpg
imagenet_r,n03495258,n03495258/cartoon_8.jpg
imagenet_r,n03495258,n03495258/cartoon_9.jpg
imagenet_r,n03495258,n03495258/deviantart_0.jpg
imagenet_r,n03495258,n03495258/deviantart_1.jpg
imagenet_r,n03495258,n03495258/deviantart_2.jpg
imagenet_r,n03495258,n03495258/deviantart_3.jpg
imagenet_r,n03495258,n03495258/deviantart_4.jpg
imagenet_r,n03495258,n03495258/deviantart_5.jpg
imagenet_r,n03495258,n03495258/deviantart_6.jpg
imagenet_r,n03495258,n03495258/deviantart_7.jpg
imagenet_r,n03495258,n03495258/deviantart_8.jpg
imagenet_r,n03495258,n03495258/embroidery_0.jpg
imagenet_r,n03495258,n03495258/embroidery_1.jpg
imagenet_r,n03495258,n03495258/embroidery_2.jpg
imagenet_r,n03495258,n03495258/embroidery_3.jpg
imagenet_r,n03495258,n03495258/graphic_0.jpg
imagenet_r,n03495258,n03495258/graphic_1.jpg
imagenet_r,n03495258,n03495258/graphic_2.jpg
imagenet_r,n03495258,n03495258/graphic_3.jpg
imagenet_r,n03495258,n03495258/misc_0.jpg
imagenet_r,n03495258,n03495258/misc_1.jpg
imagenet_r,n03495258,n03495258/misc_2.jpg
imagenet_r,n03495258,n03495258/misc_3.jpg
imagenet_r,n03495258,n03495258/misc_4.jpg
imagenet_r,n03495258,n03495258/origami_0.jpg
imagenet_r,n03495258,n03495258/origami_1.jpg
imagenet_r,n03495258,n03495258/origami_2.jpg
imagenet_r,n03495258,n03495258/painting_0.jpg
imagenet_r,n03495258,n03495258/painting_1.jpg
imagenet_r,n03495258,n03495258/painting_10.jpg
imagenet_r,n03495258,n03495258/painting_2.jpg
imagenet_r,n03495258,n03495258/painting_3.jpg
imagenet_r,n03495258,n03495258/painting_4.jpg
imagenet_r,n03495258,n03495258/painting_5.jpg
imagenet_r,n03498962,n03498962/art_0.jpg
imagenet_r,n03498962,n03498962/art_1.jpg
imagenet_r,n03498962,n03498962/art_2.jpg
imagenet_r,n03498962,n03498962/art_3.jpg
imagenet_r,n03498962,n03498962/art_4.jpg
imagenet_r,n03498962,n03498962/art_5.jpg
imagenet_r,n03498962,n03498962/art_6.jpg
imagenet_r,n03498962,n03498962/cartoon_0.jpg
imagenet_r,n03498962,n03498962/cartoon_1.jpg
imagenet_r,n03498962,n03498962/cartoon_10.jpg
imagenet_r,n03498962,n03498962/cartoon_11.jpg
imagenet_r,n03498962,n03498962/cartoon_12.jpg
imagenet_r,n03498962,n03498962/cartoon_13.jpg
imagenet_r,n03498962,n03498962/cartoon_14.jpg
imagenet_r,n03498962,n03498962/cartoon_15.jpg
imagenet_r,n03498962,n03498962/cartoon_16.jpg
imagenet_r,n03498962,n03498962/cartoon_17.jpg
imagenet_r,n03498962,n03498962/cartoon_18.jpg
imagenet_r,n03498962,n03498962/cartoon_19.jpg
imagenet_r,n03498962,n03498962/cartoon_2.jpg
imagenet_r,n03498962,n03498962/cartoon_20.jpg
imagenet_r,n03498962,n03498962/cartoon_21.jpg
imagenet_r,n03498962,n03498962/cartoon_3.jpg
imagenet_r,n03498962,n03498962/cartoon_4.jpg
imagenet_r,n03498962,n03498962/cartoon_5.jpg
imagenet_r,n03498962,n03498962/cartoon_6.jpg
imagenet_r,n03498962,n03498962/cartoon_7.jpg
imagenet_r,n03498962,n03498962/cartoon_8.jpg
imagenet_r,n03498962,n03498962/cartoon_9.jpg
imagenet_r,n03498962,n03498962/deviantart_0.jpg
imagenet_r,n03498962,n03498962/deviantart_1.jpg
imagenet_r,n03498962,n03498962/deviantart_2.jpg
imagenet_r,n03498962,n03498962/deviantart_3.jpg
imagenet_r,n03498962,n03498962/graphic_0.jpg
imagenet_r,n03498962,n03498962/graphic_1.jpg
imagenet_r,n03498962,n03498962/graphic_2.jpg
imagenet_r,n03498962,n03498962/graphic_3.jpg
imagenet_r,n03498962,n03498962/graphic_4.jpg
imagenet_r,n03498962,n03498962/misc_0.jpg
imagenet_r,n03498962,n03498962/misc_1.jpg
imagenet_r,n03498962,n03498962/misc_2.jpg
imagenet_r,n03498962,n03498962/misc_3.jpg
imagenet_r,n03498962,n03498962/misc_4.jpg
imagenet_r,n03498962,n03498962/painting_0.jpg
imagenet_r,n03498962,n03498962/painting_1.jpg
imagenet_r,n03498962,n03498962/painting_2.jpg
imagenet_r,n03498962,n03498962/painting_3.jpg
imagenet_r,n03498962,n03498962/painting_4.jpg
imagenet_r,n03498962,n03498962/painting_5.jpg
imagenet_r,n03498962,n03498962/sculpture_0.jpg
imagenet_r,n03594945,n03594945/art_0.jpg
imagenet_r,n03594945,n03594945/art_1.jpg
imagenet_r,n03594945,n03594945/art_2.jpg
imagenet_r,n03594945,n03594945/art_3.jpg
imagenet_r,n03594945,n03594945/art_4.jpg
imagenet_r,n03594945,n03594945/art_5.jpg
imagenet_r,n03594945,n03594945/cartoon_0.jpg
imagenet_r,n03594945,n03594945/cartoon_1.jpg
imagenet_r,n03594945,n03594945/cartoon_10.jpg
imagenet_r,n03594945,n03594945/cartoon_11.jpg
imagenet_r,n03594945,n03594945/cartoon_12.jpg
imagenet_r,n03594945,n03594945/cartoon_2.jpg
imagenet_r,n03594945,n03594945/cartoon_3.jpg
imagenet_r,n03594945,n03594945/cartoon_4.jpg
imagenet_r,n03594945,n03594945/cartoon_5.jpg
imagenet_r,n03594945,n03594945/cartoon_6.jpg
imagenet_r,n03594945,n03594945/cartoon_7.jpg
imagenet_r,n03594945,n03594945/cartoon_8.jpg
imagenet_r,n03594945,n03594945/cartoon_9.jpg
imagenet_r,n03594945,n03594945/deviantart_0.jpg
imagenet_r,n03594945,n03594945/graffiti_0.jpg
imagenet_r,n03594945,n03594945/graffiti_1.jpg
imagenet_r,n03594945,n03594945/graffiti_2.jpg
imagenet_r,n03594945,n03594945/graffiti_3.jpg
imagenet_r,n03594945,n03594945/graffiti_4.jpg
imagenet_r,n03594945,n03594945/graffiti_5.jpg
imagenet_r,n03594945,n03594945/graffiti_6.jpg
imagenet_r,n03594945,n03594945/graffiti_7.jpg
imagenet_r,n03594945,n03594945/graffiti_8.jpg
imagenet_r,n03594945,n03594945/misc_0.jpg
imagenet_r,n03594945,n03594945/misc_1.jpg
imagenet_r,n03594945,n03594945/misc_10.jpg
imagenet_r,n03594945,n03594945/misc_11.jpg
imagenet_r,n03594945,n03594945/misc_12.jpg
imagenet_r,n03594945,n03594945/misc_13.jpg
imagenet_r,n03594945,n03594945/misc_14.jpg
imagenet_r,n03594945,n03594945/misc_15.jpg
imagenet_r,n03594945,n03594945/misc_16.jpg
imagenet_r,n03594945,n03594945/misc_17.jpg
imagenet_r,n03594945,n03594945/misc_18.jpg
imagenet_r,n03594945,n03594945/misc_19.jpg
imagenet_r,n03594945,n03594945/misc_2.jpg
imagenet_r,n03594945,n03594945/misc_20.jpg
imagenet_r,n03594945,n03594945/misc_21.jpg
imagenet_r,n03594945,n03594945/misc_22.jpg
imagenet_r,n03594945,n03594945/misc_3.jpg
imagenet_r,n03594945,n03594945/misc_4.jpg
imagenet_r,n03594945,n03594945/misc_5.jpg
imagenet_r,n03594945,n03594945/misc_6.jpg
imagenet_r,n03594945,n03594945/misc_7.jpg
imagenet_r,n03602883,n03602883/misc_0.jpg
imagenet_r,n03602883,n03602883/misc_1.jpg
imagenet_r,n03602883,n03602883/misc_10.jpg
imagenet_r,n03602883,n03602883/misc_11.jpg
imagenet_r,n03602883,n03602883/misc_12.jpg
imagenet_r,n03602883,n03602883/misc_13.jpg
imagenet_r,n03602883,n03602883/misc_14.jpg
imagenet_r,n03602883,n03602883/misc_15.jpg
imagenet_r,n03602883,n03602883/misc_16.jpg
imagenet_r,n03602883,n03602883/misc_17.jpg
imagenet_r,n03602883,n03602883/misc_18.jpg
imagenet_r,n03602883,n03602883/misc_19.jpg
imagenet_r,n03602883,n03602883/misc_2.jpg
imagenet_r,n03602883,n03602883/misc_20.jpg
imagenet_r,n03602883,n03602883/misc_21.jpg
imagenet_r,n03602883,n03602883/misc_22.jpg
imagenet_r,n03602883,n03602883/misc_23.jpg
imagenet_r,n03602883,n03602883/misc_24.jpg
imagenet_r,n03602883,n03602883/misc_25.jpg
imagenet_r,n03602883,n03602883/misc_26.jpg
imagenet_r,n03602883,n03602883/misc_27.jpg
imagenet_r,n03602883,n03602883/misc_28.jpg
imagenet_r,n03602883,n03602883/misc_29.jpg
imagenet_r,n03602883,n03602883/misc_3.jpg
imagenet_r,n03602883,n03602883/misc_30.jpg
imagenet_r,n03602883,n03602883/misc_31.jpg
imagenet_r,n03602883,n03602883/misc_32.jpg
imagenet_r,n03602883,n03602883/misc_33.jpg
imagenet_r,n03602883,n03602883/misc_34.jpg
imagenet_r,n03602883,n03602883/misc_35.jpg
imagenet_r,n03602883,n03602883/misc_36.jpg
imagenet_r,n03602883,n03602883/misc_37.jpg
imagenet_r,n03602883,n03602883/misc_38.jpg
imagenet_r,n03602883,n03602883/misc_39.jpg
imagenet_r,n03602883,n03602883/misc_4.jpg
imagenet_r,n03602883,n03602883/misc_40.jpg
imagenet_r,n03602883,n03602883/misc_41.jpg
imagenet_r,n03602883,n03602883/misc_42.jpg
imagenet_r,n03602883,n03602883/misc_43.jpg
imagenet_r,n03602883,n03602883/misc_44.jpg
imagenet_r,n03602883,n03602883/misc_45.jpg
imagenet_r,n03602883,n03602883/misc_46.jpg
imagenet_r,n03602883,n03602883/misc_47.jpg
imagenet_r,n03602883,n03602883/misc_48.jpg
imagenet_r,n03602883,n03602883/misc_49.jpg
imagenet_r,n03602883,n03602883/misc_5.jpg
imagenet_r,n03602883,n03602883/misc_50.jpg
imagenet_r,n03602883,n03602883/misc_51.jpg
imagenet_r,n03602883,n03602883/misc_52.jpg
imagenet_r,n03602883,n03602883/misc_53.jpg
imagenet_r,n03630383,n03630383/art_0.jpg
imagenet_r,n03630383,n03630383/art_1.jpg
imagenet_r,n03630383,n03630383/cartoon_0.jpg
imagenet_r,n03630383,n03630383/cartoon_1.jpg
imagenet_r,n03630383,n03630383/cartoon_10.jpg
imagenet_r,n03630383,n03630383/cartoon_11.jpg
imagenet_r,n03630383,n03630383/cartoon_12.jpg
imagenet_r,n03630383,n03630383/cartoon_13.jpg
imagenet_r,n03630383,n03630383/cartoon_14.jpg
imagenet_r,n03630383,n03630383/cartoon_15.jpg
imagenet_r,n03630383,n03630383/cartoon_16.jpg
imagenet_r,n03630383,n03630383/cartoon_17.jpg
imagenet_r,n03630383,n03630383/cartoon_18.jpg
imagenet_r,n03630383,n03630383/cartoon_19.jpg
imagenet_r,n03630383,n03630383/cartoon_2.jpg
imagenet_r,n03630383,n03630383/cartoon_20.jpg
imagenet_r,n03630383,n03630383/cartoon_21.jpg
imagenet_r,n03630383,n03630383/cartoon_22.jpg
imagenet_r,n03630383,n03630383/cartoon_23.jpg
imagenet_r,n03630383,n03630383/cartoon_24.jpg
imagenet_r,n03630383,n03630383/cartoon_25.jpg
imagenet_r,n03630383,n03630383/cartoon_26.jpg
imagenet_r,n03630383,n03630383/cartoon_27.jpg
imagenet_r,n03630383,n03630383/cartoon_28.jpg
imagenet_r,n03630383,n03630383/cartoon_29.jpg
imagenet_r,n03630383,n03630383/cartoon_3.jpg
imagenet_r,n03630383,n03630383/cartoon_30.jpg
imagenet_r,n03630383,n03630383/cartoon_31.jpg
imagenet_r,n03630383,n03630383/cartoon_32.jpg
imagenet_r,n03630383,n03630383/cartoon_33.jpg
imagenet_r,n03630383,n03630383/cartoon_34.jpg
imagenet_r,n03630383,n03630383/cartoon_35.jpg
imagenet_r,n03630383,n03630383/cartoon_36.jpg
imagenet_r,n03630383,n03630383/cartoon_37.jpg
imagenet_r,n03630383,n03630383/cartoon_38.jpg
imagenet_r,n03630383,n03630383/cartoon_4.jpg
imagenet_r,n03630383,n03630383/cartoon_5.jpg
imagenet_r,n03630383,n03630383/cartoon_6.jpg
imagenet_r,n03630383,n03630383/cartoon_7.jpg
imagenet_r,n03630383,n03630383/cartoon_8.jpg
imagenet_r,n03630383,n03630383/cartoon_9.jpg
imagenet_r,n03630383,n03630383/deviantart_0.jpg
imagenet_r,n03630383,n03630383/misc_0.jpg
imagenet_r,n03630383,n03630383/sculpture_0.jpg
imagenet_r,n03630383,n03630383/sculpture_1.jpg
imagenet_r,n03630383,n03630383/sketch_0.jpg
imagenet_r,n03630383,n03630383/sketch_1.jpg
imagenet_r,n03630383,n03630383/sketch_10.jpg
imagenet_r,n03630383,n03630383/sketch_11.jpg
imagenet_r,n03630383,n03630383/sketch_12.jpg
imagenet_r,n03649909,n03649909/art_0.jpg
imagenet_r,n03649909,n03649909/art_1.jpg
imagenet_r,n03649909,n03649909/art_2.jpg
imagenet_r,n03649909,n03649909/art_3.jpg
imagenet_r,n03649909,n03649909/art_4.jpg
imagenet_r,n03649909,n03649909/art_5.jpg
imagenet_r,n03649909,n03649909/art_6.jpg
imagenet_r,n03649909,n03649909/art_7.jpg
imagenet_r,n03649909,n03649909/cartoon_0.jpg
imagenet_r,n03649909,n03649909/cartoon_1.jpg
imagenet_r,n03649909,n03649909/cartoon_2.jpg
imagenet_r,n03649909,n03649909/cartoon_3.jpg
imagenet_r,n03649909,n03649909/cartoon_4.jpg
imagenet_r,n03649909,n03649909/cartoon_5.jpg
imagenet_r,n03649909,n03649909/cartoon_6.jpg
imagenet_r,n03649909,n03649909/graphic_0.jpg
imagenet_r,n03649909,n03649909/misc_0.jpg
imagenet_r,n03649909,n03649909/misc_1.jpg
imagenet_r,n03649909,n03649909/misc_2.jpg
imagenet_r,n03649909,n03649909/misc_3.jpg
imagenet_r,n03649909,n03649909/misc_4.jpg
imagenet_r,n03649909,n03649909/misc_5.jpg
imagenet_r,n03649909,n03649909/misc_6.jpg
imagenet_r,n03649909,n03649909/painting_0.jpg
imagenet_r,n03649909,n03649909/sculpture_0.jpg
imagenet_r,n03649909,n03649909/sculpture_1.jpg
imagenet_r,n03649909,n03649909/sketch_0.jpg
imagenet_r,n03649909,n03649909/sketch_1.jpg
imagenet_r,n03649909,n03649909/sketch_10.jpg
imagenet_r,n03649909,n03649909/sketch_11.jpg
imagenet_r,n03649909,n03649909/sketch_12.jpg
imagenet_r,n03649909,n03649909/sketch_13.jpg
imagenet_r,n03649909,n03649909/sketch_14.jpg
imagenet_r,n03649909,n03649909/sketch_15.jpg
imagenet_r,n03649909,n03649909/sketch_16.jpg
imagenet_r,n03649909,n03649909/sketch_17.jpg
imagenet_r,n03649909,n03649909/sketch_18.jpg
imagenet_r,n03649909,n03649909/sketch_19.jpg
imagenet_r,n03649909,n03649909/sketch_2.jpg
imagenet_r,n03649909,n03649909/sketch_20.jpg
imagenet_r,n03649909,n03649909/sketch_21.jpg
imagenet_r,n03649909,n03649909/sketch_22.jpg
imagenet_r,n03649909,n03649909/sketch_3.jpg
imagenet_r,n03649909,n03649909/sketch_4.jpg
imagenet_r,n03649909,n03649909/sketch_5.jpg
imagenet_r,n03649909,n03649909/sketch_6.jpg
imagenet_r,n03649909,n03649909/sketch_7.jpg
imagenet_r,n03649909,n03649909/sketch_8.jpg
imagenet_r,n03649909,n03649909/sketch_9.jpg
imagenet_r,n03649909,n03649909/toy_0.jpg
imagenet_r,n03676483,n03676483/art_0.jpg
imagenet_r,n03676483,n03676483/cartoon_0.jpg
imagenet_r,n03676483,n03676483/cartoon_1.jpg
imagenet_r,n03676483,n03676483/cartoon_10.jpg
imagenet_r,n03676483,n03676483/cartoon_11.jpg
imagenet_r,n03676483,n03676483/cartoon_12.jpg
imagenet_r,n03676483,n03676483/cartoon_13.jpg
imagenet_r,n03676483,n03676483/cartoon_14.jpg
imagenet_r,n03676483,n03676483/cartoon_15.jpg
imagenet_r,n03676483,n03676483/cartoon_16.jpg
imagenet_r,n03676483,n03676483/cartoon_17.jpg
imagenet_r,n03676483,n03676483/cartoon_18.jpg
imagenet_r,n03676483,n03676483/cartoon_19.jpg
imagenet_r,n03676483,n03676483/cartoon_2.jpg
imagenet_r,n03676483,n03676483/cartoon_20.jpg
imagenet_r,n03676483,n03676483/cartoon_21.jpg
imagenet_r,n03676483,n03676483/cartoon_22.jpg
imagenet_r,n03676483,n03676483/cartoon_3.jpg
imagenet_r,n03676483,n03676483/cartoon_4.jpg
imagenet_r,n03676483,n03676483/cartoon_5.jpg
imagenet_r,n03676483,n03676483/cartoon_6.jpg
imagenet_r,n03676483,n03676483/cartoon_7.jpg
imagenet_r,n03676483,n03676483/cartoon_8.jpg
imagenet_r,n03676483,n03676483/cartoon_9.jpg
imagenet_r,n03676483,n03676483/embroidery_0.jpg
imagenet_r,n03676483,n03676483/embroidery_1.jpg
imagenet_r,n03676483,n03676483/embroidery_2.jpg
imagenet_r,n03676483,n03676483/graffiti_0.jpg
imagenet_r,n03676483,n03676483/graffiti_1.jpg
imagenet_r,n03676483,n03676483/graffiti_2.jpg
imagenet_r,n03676483,n03676483/graffiti_3.jpg
imagenet_r,n03676483,n03676483/graffiti_4.jpg
imagenet_r,n03676483,n03676483/graffiti_5.jpg
imagenet_r,n03676483,n03676483/graphic_0.jpg
imagenet_r,n03676483,n03676483/graphic_1.jpg
imagenet_r,n03676483,n03676483/misc_0.jpg
imagenet_r,n03676483,n03676483/misc_1.jpg
imagenet_r,n03676483,n03676483/misc_2.jpg
imagenet_r,n03676483,n03676483/misc_3.jpg
imagenet_r,n03676483,n03676483/misc_4.jpg
imagenet_r,n03676483,n03676483/origami_0.jpg
imagenet_r,n03676483,n03676483/painting_0.jpg
imagenet_r,n03676483,n03676483/painting_1.jpg
imagenet_r,n03676483,n03676483/painting_2.jpg
imagenet_r,n03676483,n03676483/painting_3.jpg
imagenet_r,n03676483,n03676483/painting_4.jpg
imagenet_r,n03676483,n03676483/painting_5.jpg
imagenet_r,n03676483,n03676483/painting_6.jpg
imagenet_r,n03676483,n03676483/painting_7.jpg
imagenet_r,n03676483,n03676483/sculpture_0.jpg
imagenet_r,n03710193,n03710193/deviantart_0.jpg
imagenet_r,n03710193,n03710193/deviantart_1.jpg
imagenet_r,n03710193,n03710193/misc_0.jpg
imagenet_r,n03710193,n03710193/misc_1.jpg
imagenet_r,n03710193,n03710193/misc_10.jpg
imagenet_r,n03710193,n03710193/misc_11.jpg
imagenet_r,n03710193,n03710193/misc_12.jpg
imagenet_r,n03710193,n03710193/misc_13.jpg
imagenet_r,n03710193,n03710193/misc_14.jpg
imagenet_r,n03710193,n03710193/misc_15.jpg
imagenet_r,n03710193,n03710193/misc_16.jpg
imagenet_r,n03710193,n03710193/misc_17.jpg
imagenet_r,n03710193,n03710193/misc_18.jpg
imagenet_r,n03710193,n03710193/misc_19.jpg
imagenet_r,n03710193,n03710193/misc_2.jpg
imagenet_r,n03710193,n03710193/misc_20.jpg
imagenet_r,n03710193,n03710193/misc_21.jpg
imagenet_r,n03710193,n03710193/misc_22.jpg
imagenet_r,n03710193,n03710193/misc_23.jpg
imagenet_r,n03710193,n03710193/misc_24.jpg
imagenet_r,n03710193,n03710193/misc_25.jpg
imagenet_r,n03710193,n03710193/misc_26.jpg
imagenet_r,n03710193,n03710193/misc_27.jpg
imagenet_r,n03710193,n03710193/misc_28.jpg
imagenet_r,n03710193,n03710193/misc_29.jpg
imagenet_r,n03710193,n03710193/misc_3.jpg
imagenet_r,n03710193,n03710193/misc_30.jpg
imagenet_r,n03710193,n03710193/misc_31.jpg
imagenet_r,n03710193,n03710193/misc_32.jpg
imagenet_r,n03710193,n03710193/misc_33.jpg
imagenet_r,n03710193,n03710193/misc_34.jpg
imagenet_r,n03710193,n03710193/misc_35.jpg
imagenet_r,n03710193,n03710193/misc_36.jpg
imagenet_r,n03710193,n03710193/misc_37.jpg
imagenet_r,n03710193,n03710193/misc_38.jpg
imagenet_r,n03710193,n03710193/misc_39.jpg
imagenet_r,n03710193,n03710193/misc_4.jpg
imagenet_r,n03710193,n03710193/misc_40.jpg
imagenet_r,n03710193,n03710193/misc_41.jpg
imagenet_r,n03710193,n03710193/misc_42.jpg
imagenet_r,n03710193,n03710193/misc_43.jpg
imagenet_r,n03710193,n03710193/misc_44.jpg
imagenet_r,n03710193,n03710193/misc_45.jpg
imagenet_r,n03710193,n03710193/misc_46.jpg
imagenet_r,n03710193,n03710193/misc_47.jpg
imagenet_r,n03710193,n03710193/misc_48.jpg
imagenet_r,n03710193,n03710193/misc_49.jpg
imagenet_r,n03710193,n03710193/misc_5.jpg
imagenet_r,n03710193,n03710193/misc_50.jpg
imagenet_r,n03710193,n03710193/misc_51.jpg
imagenet_r,n03773504,n03773504/art_0.jpg
imagenet_r,n03773504,n03773504/art_1.jpg
imagenet_r,n03773504,n03773504/art_2.jpg
imagenet_r,n03773504,n03773504/art_3.jpg
imagenet_r,n03773504,n03773504/art_4.jpg
imagenet_r,n03773504,n03773504/art_5.jpg
imagenet_r,n03773504,n03773504/cartoon_0.jpg
imagenet_r,n03773504,n03773504/cartoon_1.jpg
imagenet_r,n03773504,n03773504/cartoon_10.jpg
imagenet_r,n03773504,n03773504/cartoon_2.jpg
imagenet_r,n03773504,n03773504/cartoon_3.jpg
imagenet_r,n03773504,n03773504/cartoon_4.jpg
imagenet_r,n03773504,n03773504/cartoon_5.jpg
imagenet_r,n03773504,n03773504/cartoon_6.jpg
imagenet_r,n03773504,n03773504/cartoon_7.jpg
imagenet_r,n03773504,n03773504/cartoon_8.jpg
imagenet_r,n03773504,n03773504/cartoon_9.jpg
imagenet_r,n03773504,n03773504/deviantart_0.jpg
imagenet_r,n03773504,n03773504/graffiti_0.jpg
imagenet_r,n03773504,n03773504/graffiti_1.jpg
imagenet_r,n03773504,n03773504/graffiti_2.jpg
imagenet_r,n03773504,n03773504/graffiti_3.jpg
imagenet_r,n03773504,n03773504/graffiti_4.jpg
imagenet_r,n03773504,n03773504/graffiti_5.jpg
imagenet_r,n03773504,n03773504/graffiti_6.jpg
imagenet_r,n03773504,n03773504/graffiti_7.jpg
imagenet_r,n03773504,n03773504/graphic_0.jpg
imagenet_r,n03773504,n03773504/graphic_1.jpg
imagenet_r,n03773504,n03773504/graphic_2.jpg
imagenet_r,n03773504,n03773504/graphic_3.jpg
imagenet_r,n03773504,n03773504/graphic_4.jpg
imagenet_r,n03773504,n03773504/graphic_5.jpg
imagenet_r,n03773504,n03773504/graphic_6.jpg
imagenet_r,n03773504,n03773504/graphic_7.jpg
imagenet_r,n03773504,n03773504/graphic_8.jpg
imagenet_r,n03773504,n03773504/graphic_9.jpg
imagenet_r,n03773504,n03773504/misc_0.jpg
imagenet_r,n03773504,n03773504/misc_1.jpg
imagenet_r,n03773504,n03773504/origami_0.jpg
imagenet_r,n03773504,n03773504/painting_0.jpg
imagenet_r,n03773504,n03773504/painting_1.jpg
imagenet_r,n03773504,n03773504/painting_2.jpg
imagenet_r,n03773504,n03773504/sculpture_0.jpg
imagenet_r,n03773504,n03773504/sculpture_1.jpg
imagenet_r,n03773504,n03773504/sculpture_2.jpg
imagenet_r,n03773504,n03773504/sculpture_3.jpg
imagenet_r,n03773504,n03773504/sculpture_4.jpg
imagenet_r,n03773504,n03773504/sketch_0.jpg
imagenet_r,n03773504,n03773504/sketch_1.jpg
imagenet_r,n03773504,n03773504/sketch_10.jpg
imagenet_r,n03775071,n03775071/art_0.jpg
imagenet_r,n03775071,n03775071/art_1.jpg
imagenet_r,n03775071,n03775071/art_2.jpg
imagenet_r,n03775071,n03775071/art_3.jpg
imagenet_r,n03775071,n03775071/cartoon_0.jpg
imagenet_r,n03775071,n03775071/cartoon_1.jpg
imagenet_r,n03775071,n03775071/cartoon_10.jpg
imagenet_r,n03775071,n03775071/cartoon_11.jpg
imagenet_r,n03775071,n03775071/cartoon_12.jpg
imagenet_r,n03775071,n03775071/cartoon_13.jpg
imagenet_r,n03775071,n03775071/cartoon_14.jpg
imagenet_r,n03775071,n03775071/cartoon_15.jpg
imagenet_r,n03775071,n03775071/cartoon_16.jpg
imagenet_r,n03775071,n03775071/cartoon_17.jpg
imagenet_r,n03775071,n03775071/cartoon_18.jpg
imagenet_r,n03775071,n03775071/cartoon_19.jpg
imagenet_r,n03775071,n03775071/cartoon_2.jpg
imagenet_r,n03775071,n03775071/cartoon_20.jpg
imagenet_r,n03775071,n03775071/cartoon_21.jpg
imagenet_r,n03775071,n03775071/cartoon_22.jpg
imagenet_r,n03775071,n03775071/cartoon_23.jpg
imagenet_r,n03775071,n03775071/cartoon_24.jpg
imagenet_r,n03775071,n03775071/cartoon_3.jpg
imagenet_r,n03775071,n03775071/cartoon_4.jpg
imagenet_r,n03775071,n03775071/cartoon_5.jpg
imagenet_r,n03775071,n03775071/cartoon_6.jpg
imagenet_r,n03775071,n03775071/cartoon_7.jpg
imagenet_r,n03775071,n03775071/cartoon_8.jpg
imagenet_r,n03775071,n03775071/cartoon_9.jpg
imagenet_r,n03775071,n03775071/embroidery_0.jpg
imagenet_r,n03775071,n03775071/embroidery_1.jpg
imagenet_r,n03775071,n03775071/embroidery_2.jpg
imagenet_r,n03775071,n03775071/embroidery_3.jpg
imagenet_r,n03775071,n03775071/embroidery_4.jpg
imagenet_r,n03775071,n03775071/graffiti_0.jpg
imagenet_r,n03775071,n03775071/graphic_0.jpg
imagenet_r,n03775071,n03775071/origami_0.jpg
imagenet_r,n03775071,n03775071/painting_0.jpg
imagenet_r,n03775071,n03775071/painting_1.jpg
imagenet_r,n03775071,n03775071/painting_2.jpg
imagenet_r,n03775071,n03775071/painting_3.jpg
imagenet_r,n03775071,n03775071/painting_4.jpg
imagenet_r,n03775071,n03775071/painting_5.jpg
imagenet_r,n03775071,n03775071/sculpture_0.jpg
imagenet_r,n03775071,n03775071/sculpture_1.jpg
imagenet_r,n03775071,n03775071/sketch_0.jpg
imagenet_r,n03775071,n03775071/sketch_1.jpg
imagenet_r,n03775071,n03775071/sketch_10.jpg
imagenet_r,n03775071,n03775071/sketch_11.jpg
imagenet_r,n03775071,n03775071/sketch_12.jpg
imagenet_r,n03888257,n03888257/art_0.jpg
imagenet_r,n03888257,n03888257/art_1.jpg
imagenet_r,n03888257,n03888257/art_10.jpg
imagenet_r,n03888257,n03888257/art_11.jpg
imagenet_r,n03888257,n03888257/art_12.jpg
imagenet_r,n03888257,n03888257/art_13.jpg
imagenet_r,n03888257,n03888257/art_2.jpg
imagenet_r,n03888257,n03888257/art_3.jpg
imagenet_r,n03888257,n03888257/art_4.jpg
imagenet_r,n03888257,n03888257/art_5.jpg
imagenet_r,n03888257,n03888257/art_6.jpg
imagenet_r,n03888257,n03888257/art_7.jpg
imagenet_r,n03888257,n03888257/art_8.jpg
imagenet_r,n03888257,n03888257/art_9.jpg
imagenet_r,n03888257,n03888257/cartoon_0.jpg
imagenet_r,n03888257,n03888257/cartoon_1.jpg
imagenet_r,n03888257,n03888257/cartoon_10.jpg
imagenet_r,n03888257,n03888257/cartoon_11.jpg
imagenet_r,n03888257,n03888257/cartoon_12.jpg
imagenet_r,n03888257,n03888257/cartoon_13.jpg
imagenet_r,n03888257,n03888257/cartoon_14.jpg
imagenet_r,n03888257,n03888257/cartoon_15.jpg
imagenet_r,n03888257,n03888257/cartoon_16.jpg
imagenet_r,n03888257,n03888257/cartoon_17.jpg
imagenet_r,n03888257,n03888257/cartoon_18.jpg
imagenet_r,n03888257,n03888257/cartoon_19.jpg
imagenet_r,n03888257,n03888257/cartoon_2.jpg
imagenet_r,n03888257,n03888257/cartoon_20.jpg
imagenet_r,n03888257,n03888257/cartoon_21.jpg
imagenet_r,n03888257,n03888257/cartoon_22.jpg
imagenet_r,n03888257,n03888257/cartoon_23.jpg
imagenet_r,n03888257,n03888257/cartoon_24.jpg
imagenet_r,n03888257,n03888257/cartoon_25.jpg
imagenet_r,n03888257,n03888257/cartoon_26.jpg
imagenet_r,n03888257,n03888257/cartoon_27.jpg
imagenet_r,n03888257,n03888257/cartoon_28.jpg
imagenet_r,n03888257,n03888257/cartoon_29.jpg
imagenet_r,n03888257,n03888257/cartoon_3.jpg
imagenet_r,n03888257,n03888257/cartoon_30.jpg
imagenet_r,n03888257,n03888257/cartoon_31.jpg
imagenet_r,n03888257,n03888257/cartoon_32.jpg
imagenet_r,n03888257,n03888257/cartoon_33.jpg
imagenet_r,n03888257,n03888257/cartoon_34.jpg
imagenet_r,n03888257,n03888257/cartoon_35.jpg
imagenet_r,n03888257,n03888257/cartoon_36.jpg
imagenet_r,n03888257,n03888257/cartoon_37.jpg
imagenet_r,n03888257,n03888257/cartoon_4.jpg
imagenet_r,n03888257,n03888257/cartoon_5.jpg
imagenet_r,n03888257,n03888257/cartoon_6.jpg
imagenet_r,n03888257,n03888257/cartoon_7.jpg
imagenet_r,n03930630,n03930630/art_0.jpg
imagenet_r,n03930630,n03930630/art_1.jpg
imagenet_r,n03930630,n03930630/art_2.jpg
imagenet_r,n03930630,n03930630/art_3.jpg
imagenet_r,n03930630,n03930630/art_4.jpg
imagenet_r,n03930630,n03930630/art_5.jpg
imagenet_r,n03930630,n03930630/art_6.jpg
imagenet_r,n03930630,n03930630/cartoon_0.jpg
imagenet_r,n03930630,n03930630/cartoon_1.jpg
imagenet_r,n03930630,n03930630/cartoon_10.jpg
imagenet_r,n03930630,n03930630/cartoon_11.jpg
imagenet_r,n03930630,n03930630/cartoon_12.jpg
imagenet_r,n03930630,n03930630/cartoon_13.jpg
imagenet_r,n03930630,n03930630/cartoon_14.jpg
imagenet_r,n03930630,n03930630/cartoon_15.jpg
imagenet_r,n03930630,n03930630/cartoon_16.jpg
imagenet_r,n03930630,n03930630/cartoon_17.jpg
imagenet_r,n03930630,n03930630/cartoon_18.jpg
imagenet_r,n03930630,n03930630/cartoon_19.jpg
imagenet_r,n03930630,n03930630/cartoon_2.jpg
imagenet_r,n03930630,n03930630/cartoon_20.jpg
imagenet_r,n03930630,n03930630/cartoon_21.jpg
imagenet_r,n03930630,n03930630/cartoon_3.jpg
imagenet_r,n03930630,n03930630/cartoon_4.jpg
imagenet_r,n03930630,n03930630/cartoon_5.jpg
imagenet_r,n03930630,n03930630/cartoon_6.jpg
imagenet_r,n03930630,n03930630/cartoon_7.jpg
imagenet_r,n03930630,n03930630/cartoon_8.jpg
imagenet_r,n03930630,n03930630/cartoon_9.jpg
imagenet_r,n03930630,n03930630/deviantart_0.jpg
imagenet_r,n03930630,n03930630/deviantart_1.jpg
imagenet_r,n03930630,n03930630/deviantart_2.jpg
imagenet_r,n03930630,n03930630/deviantart_3.jpg
imagenet_r,n03930630,n03930630/deviantart_4.jpg
imagenet_r,n03930630,n03930630/deviantart_5.jpg
imagenet_r,n03930630,n03930630/deviantart_6.jpg
imagenet_r,n03930630,n03930630/embroidery_0.jpg
imagenet_r,n03930630,n03930630/graphic_0.jpg
imagenet_r,n03930630,n03930630/graphic_1.jpg
imagenet_r,n03930630,n03930630/misc_0.jpg
imagenet_r,n03930630,n03930630/misc_1.jpg
imagenet_r,n03930630,n03930630/misc_10.jpg
imagenet_r,n03930630,n03930630/misc_11.jpg
imagenet_r,n03930630,n03930630/misc_12.jpg
imagenet_r,n03930630,n03930630/misc_13.jpg
imagenet_r,n03930630,n03930630/misc_14.jpg
imagenet_r,n03930630,n03930630/misc_15.jpg
imagenet_r,n03930630,n03930630/misc_16.jpg
imagenet_r,n03930630,n03930630/misc_17.jpg
imagenet_r,n03930630,n03930630/misc_18.jpg
imagenet_r,n03947888,n03947888/art_0.jpg
imagenet_r,n03947888,n03947888/art_1.jpg
imagenet_r,n03947888,n03947888/art_2.jpg
imagenet_r,n03947888,n03947888/art_3.jpg
imagenet_r,n03947888,n03947888/art_4.jpg
imagenet_r,n03947888,n03947888/cartoon_0.jpg
imagenet_r,n03947888,n03947888/cartoon_1.jpg
imagenet_r,n03947888,n03947888/cartoon_10.jpg
imagenet_r,n03947888,n03947888/cartoon_11.jpg
imagenet_r,n03947888,n03947888/cartoon_12.jpg
imagenet_r,n03947888,n03947888/cartoon_13.jpg
imagenet_r,n03947888,n03947888/cartoon_2.jpg
imagenet_r,n03947888,n03947888/cartoon_3.jpg
imagenet_r,n03947888,n03947888/cartoon_4.jpg
imagenet_r,n03947888,n03947888/cartoon_5.jpg
imagenet_r,n03947888,n03947888/cartoon_6.jpg
imagenet_r,n03947888,n03947888/cartoon_7.jpg
imagenet_r,n03947888,n03947888/cartoon_8.jpg
imagenet_r,n03947888,n03947888/cartoon_9.jpg
imagenet_r,n03947888,n03947888/deviantart_0.jpg
imagenet_r,n03947888,n03947888/deviantart_1.jpg
imagenet_r,n03947888,n03947888/embroidery_0.jpg
imagenet_r,n03947888,n03947888/graffiti_0.jpg
imagenet_r,n03947888,n03947888/graffiti_1.jpg
imagenet_r,n03947888,n03947888/graffiti_2.jpg
imagenet_r,n03947888,n03947888/graphic_0.jpg
imagenet_r,n03947888,n03947888/misc_0.jpg
imagenet_r,n03947888,n03947888/misc_1.jpg
imagenet_r,n03947888,n03947888/misc_10.jpg
imagenet_r,n03947888,n03947888/misc_11.jpg
imagenet_r,n03947888,n03947888/misc_2.jpg
imagenet_r,n03947888,n03947888/misc_3.jpg
imagenet_r,n03947888,n03947888/misc_4.jpg
imagenet_r,n03947888,n03947888/misc_5.jpg
imagenet_r,n03947888,n03947888/misc_6.jpg
imagenet_r,n03947888,n03947888/misc_7.jpg
imagenet_r,n03947888,n03947888/misc_8.jpg
imagenet_r,n03947888,n03947888/misc_9.jpg
imagenet_r,n03947888,n03947888/origami_0.jpg
imagenet_r,n03947888,n03947888/painting_0.jpg
imagenet_r,n03947888,n03947888/painting_1.jpg
imagenet_r,n03947888,n03947888/painting_10.jpg
imagenet_r,n03947888,n03947888/painting_11.jpg
imagenet_r,n03947888,n03947888/painting_12.jpg
imagenet_r,n03947888,n03947888/painting_2.jpg
imagenet_r,n03947888,n03947888/painting_3.jpg
imagenet_r,n03947888,n03947888/painting_4.jpg
imagenet_r,n03947888,n03947888/painting_5.jpg
imagenet_r,n03947888,n03947888/painting_6.jpg
imagenet_r,n03947888,n03947888/painting_7.jpg
imagenet_r,n04086273,n04086273/art_0.jpg
imagenet_r,n04086273,n04086273/art_1.jpg
imagenet_r,n04086273,n04086273/art_10.jpg
imagenet_r,n04086273,n04086273/art_11.jpg
imagenet_r,n04086273,n04086273/art_12.jpg
imagenet_r,n04086273,n04086273/art_13.jpg
imagenet_r,n04086273,n04086273/art_14.jpg
imagenet_r,n04086273,n04086273/art_15.jpg
imagenet_r,n04086273,n04086273/art_2.jpg
imagenet_r,n04086273,n04086273/art_3.jpg
imagenet_r,n04086273,n04086273/art_4.jpg
imagenet_r,n04086273,n04086273/art_5.jpg
imagenet_r,n04086273,n04086273/art_6.jpg
imagenet_r,n04086273,n04086273/art_7.jpg
imagenet_r,n04086273,n04086273/art_8.jpg
imagenet_r,n04086273,n04086273/art_9.jpg
imagenet_r,n04086273,n04086273/cartoon_0.jpg
imagenet_r,n04086273,n04086273/cartoon_1.jpg
imagenet_r,n04086273,n04086273/cartoon_10.jpg
imagenet_r,n04086273,n04086273/cartoon_11.jpg
imagenet_r,n04086273,n04086273/cartoon_12.jpg
imagenet_r,n04086273,n04086273/cartoon_13.jpg
imagenet_r,n04086273,n04086273/cartoon_14.jpg
imagenet_r,n04086273,n04086273/cartoon_15.jpg
imagenet_r,n04086273,n04086273/cartoon_16.jpg
imagenet_r,n04086273,n04086273/cartoon_17.jpg
imagenet_r,n04086273,n04086273/cartoon_18.jpg
imagenet_r,n04086273,n04086273/cartoon_19.jpg
imagenet_r,n04086273,n04086273/cartoon_2.jpg
imagenet_r,n04086273,n04086273/cartoon_20.jpg
imagenet_r,n04086273,n04086273/cartoon_21.jpg
imagenet_r,n04086273,n04086273/cartoon_3.jpg
imagenet_r,n04086273,n04086273/cartoon_4.jpg
imagenet_r,n04086273,n04086273/cartoon_5.jpg
imagenet_r,n04086273,n04086273/cartoon_6.jpg
imagenet_r,n04086273,n04086273/cartoon_7.jpg
imagenet_r,n04086273,n04086273/cartoon_8.jpg
imagenet_r,n04086273,n04086273/cartoon_9.jpg
imagenet_r,n04086273,n04086273/deviantart_0.jpg
imagenet_r,n04086273,n04086273/deviantart_1.jpg
imagenet_r,n04086273,n04086273/deviantart_10.jpg
imagenet_r,n04086273,n04086273/deviantart_11.jpg
imagenet_r,n04086273,n04086273/deviantart_2.jpg
imagenet_r,n04086273,n04086273/deviantart_3.jpg
imagenet_r,n04086273,n04086273/deviantart_4.jpg
imagenet_r,n04086273,n04086273/deviantart_5.jpg
imagenet_r,n04086273,n04086273/deviantart_6.jpg
imagenet_r,n04086273,n04086273/deviantart_7.jpg
imagenet_r,n04086273,n04086273/deviantart_8.jpg
imagenet_r,n04086273,n04086273/deviantart_9.jpg
imagenet_r,n04118538,n04118538/art_0.jpg
imagenet_r,n04118538,n04118538/cartoon_0.jpg
imagenet_r,n04118538,n04118538/cartoon_1.jpg
imagenet_r,n04118538,n04118538/cartoon_10.jpg
imagenet_r,n04118538,n04118538/cartoon_11.jpg
imagenet_r,n04118538,n04118538/cartoon_12.jpg
imagenet_r,n04118538,n04118538/cartoon_13.jpg
imagenet_r,n04118538,n04118538/cartoon_14.jpg
imagenet_r,n04118538,n04118538/cartoon_15.jpg
imagenet_r,n04118538,n04118538/cartoon_16.jpg
imagenet_r,n04118538,n04118538/cartoon_17.jpg
imagenet_r,n04118538,n04118538/cartoon_18.jpg
imagenet_r,n04118538,n04118538/cartoon_19.jpg
imagenet_r,n04118538,n04118538/cartoon_2.jpg
imagenet_r,n04118538,n04118538/cartoon_20.jpg
imagenet_r,n04118538,n04118538/cartoon_21.jpg
imagenet_r,n04118538,n04118538/cartoon_22.jpg
imagenet_r,n04118538,n04118538/cartoon_23.jpg
imagenet_r,n04118538,n04118538/cartoon_24.jpg
imagenet_r,n04118538,n04118538/cartoon_25.jpg
imagenet_r,n04118538,n04118538/cartoon_26.jpg
imagenet_r,n04118538,n04118538/cartoon_27.jpg
imagenet_r,n04118538,n04118538/cartoon_28.jpg
imagenet_r,n04118538,n04118538/cartoon_29.jpg
imagenet_r,n04118538,n04118538/cartoon_3.jpg
imagenet_r,n04118538,n04118538/cartoon_30.jpg
imagenet_r,n04118538,n04118538/cartoon_31.jpg
imagenet_r,n04118538,n04118538/cartoon_32.jpg
imagenet_r,n04118538,n04118538/cartoon_33.jpg
imagenet_r,n04118538,n04118538/cartoon_34.jpg
imagenet_r,n04118538,n04118538/cartoon_35.jpg
imagenet_r,n04118538,n04118538/cartoon_4.jpg
imagenet_r,n04118538,n04118538/cartoon_5.jpg
imagenet_r,n04118538,n04118538/cartoon_6.jpg
imagenet_r,n04118538,n04118538/cartoon_7.jpg
imagenet_r,n04118538,n04118538/cartoon_8.jpg
imagenet_r,n04118538,n04118538/cartoon_9.jpg
imagenet_r,n04118538,n04118538/graphic_0.jpg
imagenet_r,n04118538,n04118538/graphic_1.jpg
imagenet_r,n04118538,n04118538/graphic_2.jpg
imagenet_r,n04118538,n04118538/graphic_3.jpg
imagenet_r,n04118538,n04118538/painting_0.jpg
imagenet_r,n04118538,n04118538/sculpture_0.jpg
imagenet_r,n04118538,n04118538/sketch_0.jpg
imagenet_r,n04118538,n04118538/sketch_1.jpg
imagenet_r,n04118538,n04118538/sketch_10.jpg
imagenet_r,n04118538,n04118538/sketch_11.jpg
imagenet_r,n04118538,n04118538/sketch_12.jpg
imagenet_r,n04118538,n04118538/sketch_13.jpg
imagenet_r,n04118538,n04118538/sketch_14.jpg
imagenet_r,n04133789,n04133789/art_0.jpg
imagenet_r,n04133789,n04133789/art_1.jpg
imagenet_r,n04133789,n04133789/art_2.jpg
imagenet_r,n04133789,n04133789/art_3.jpg
imagenet_r,n04133789,n04133789/art_4.jpg
imagenet_r,n04133789,n04133789/art_5.jpg
imagenet_r,n04133789,n04133789/art_6.jpg
imagenet_r,n04133789,n04133789/art_7.jpg
imagenet_r,n04133789,n04133789/art_8.jpg
imagenet_r,n04133789,n04133789/art_9.jpg
imagenet_r,n04133789,n04133789/cartoon_0.jpg
imagenet_r,n04133789,n04133789/cartoon_1.jpg
imagenet_r,n04133789,n04133789/cartoon_10.jpg
imagenet_r,n04133789,n04133789/cartoon_11.jpg
imagenet_r,n04133789,n04133789/cartoon_12.jpg
imagenet_r,n04133789,n04133789/cartoon_13.jpg
imagenet_r,n04133789,n04133789/cartoon_14.jpg
imagenet_r,n04133789,n04133789/cartoon_15.jpg
imagenet_r,n04133789,n04133789/cartoon_16.jpg
imagenet_r,n04133789,n04133789/cartoon_17.jpg
imagenet_r,n04133789,n04133789/cartoon_18.jpg
imagenet_r,n04133789,n04133789/cartoon_19.jpg
imagenet_r,n04133789,n04133789/cartoon_2.jpg
imagenet_r,n04133789,n04133789/cartoon_20.jpg
imagenet_r,n04133789,n04133789/cartoon_21.jpg
imagenet_r,n04133789,n04133789/cartoon_22.jpg
imagenet_r,n04133789,n04133789/cartoon_23.jpg
imagenet_r,n04133789,n04133789/cartoon_24.jpg
imagenet_r,n04133789,n04133789/cartoon_25.jpg
imagenet_r,n04133789,n04133789/cartoon_26.jpg
imagenet_r,n04133789,n04133789/cartoon_27.jpg
imagenet_r,n04133789,n04133789/cartoon_3.jpg
imagenet_r,n04133789,n04133789/cartoon_4.jpg
imagenet_r,n04133789,n04133789/cartoon_5.jpg
imagenet_r,n04133789,n04133789/cartoon_6.jpg
imagenet_r,n04133789,n04133789/cartoon_7.jpg
imagenet_r,n04133789,n04133789/cartoon_8.jpg
imagenet_r,n04133789,n04133789/cartoon_9.jpg
imagenet_r,n04133789,n04133789/deviantart_0.jpg
imagenet_r,n04133789,n04133789/deviantart_1.jpg
imagenet_r,n04133789,n04133789/embroidery_0.jpg
imagenet_r,n04133789,n04133789/graffiti_0.jpg
imagenet_r,n04133789,n04133789/graphic_0.jpg
imagenet_r,n04133789,n04133789/graphic_1.jpg
imagenet_r,n04133789,n04133789/graphic_2.jpg
imagenet_r,n04133789,n04133789/misc_0.jpg
imagenet_r,n04133789,n04133789/misc_1.jpg
imagenet_r,n04133789,n04133789/misc_2.jpg
imagenet_r,n04133789,n04133789/misc_3.jpg
imagenet_r,n04133789,n04133789/painting_0.jpg
imagenet_r,n04141076,n04141076/art_0.jpg
imagenet_r,n04141076,n04141076/art_1.jpg
imagenet_r,n04141076,n04141076/art_10.jpg
imagenet_r,n04141076,n04141076/art_11.jpg
imagenet_r,n04141076,n04141076/art_12.jpg
imagenet_r,n04141076,n04141076/art_13.jpg
imagenet_r,n04141076,n04141076/art_14.jpg
imagenet_r,n04141076,n04141076/art_2.jpg
imagenet_r,n04141076,n04141076/art_3.jpg
imagenet_r,n04141076,n04141076/art_4.jpg
imagenet_r,n04141076,n04141076/art_5.jpg
imagenet_r,n04141076,n04141076/art_6.jpg
imagenet_r,n04141076,n04141076/art_7.jpg
imagenet_r,n04141076,n04141076/art_8.jpg
imagenet_r,n04141076,n04141076/art_9.jpg
imagenet_r,n04141076,n04141076/cartoon_0.jpg
imagenet_r,n04141076,n04141076/cartoon_1.jpg
imagenet_r,n04141076,n04141076/cartoon_10.jpg
imagenet_r,n04141076,n04141076/cartoon_11.jpg
imagenet_r,n04141076,n04141076/cartoon_12.jpg
imagenet_r,n04141076,n04141076/cartoon_13.jpg
imagenet_r,n04141076,n04141076/cartoon_14.jpg
imagenet_r,n04141076,n04141076/cartoon_15.jpg
imagenet_r,n04141076,n04141076/cartoon_16.jpg
imagenet_r,n04141076,n04141076/cartoon_17.jpg
imagenet_r,n04141076,n04141076/cartoon_18.jpg
imagenet_r,n04141076,n04141076/cartoon_19.jpg
imagenet_r,n04141076,n04141076/cartoon_2.jpg
imagenet_r,n04141076,n04141076/cartoon_20.jpg
imagenet_r,n04141076,n04141076/cartoon_21.jpg
imagenet_r,n04141076,n04141076/cartoon_22.jpg
imagenet_r,n04141076,n04141076/cartoon_23.jpg
imagenet_r,n04141076,n04141076/cartoon_24.jpg
imagenet_r,n04141076,n04141076/cartoon_25.jpg
imagenet_r,n04141076,n04141076/cartoon_26.jpg
imagenet_r,n04141076,n04141076/cartoon_27.jpg
imagenet_r,n04141076,n04141076/cartoon_28.jpg
imagenet_r,n04141076,n04141076/cartoon_29.jpg
imagenet_r,n04141076,n04141076/cartoon_3.jpg
imagenet_r,n04141076,n04141076/cartoon_30.jpg
imagenet_r,n04141076,n04141076/cartoon_31.jpg
imagenet_r,n04141076,n04141076/cartoon_32.jpg
imagenet_r,n04141076,n04141076/cartoon_33.jpg
imagenet_r,n04141076,n04141076/cartoon_34.jpg
imagenet_r,n04141076,n04141076/cartoon_35.jpg
imagenet_r,n04141076,n04141076/cartoon_36.jpg
imagenet_r,n04141076,n04141076/cartoon_37.jpg
imagenet_r,n04141076,n04141076/cartoon_38.jpg
imagenet_r,n04141076,n04141076/cartoon_39.jpg
imagenet_r,n04141076,n04141076/cartoon_4.jpg
imagenet_r,n04146614,n04146614/art_0.jpg
imagenet_r,n04146614,n04146614/art_1.jpg
imagenet_r,n04146614,n04146614/art_2.jpg
imagenet_r,n04146614,n04146614/cartoon_0.jpg
imagenet_r,n04146614,n04146614/cartoon_1.jpg
imagenet_r,n04146614,n04146614/cartoon_2.jpg
imagenet_r,n04146614,n04146614/cartoon_3.jpg
imagenet_r,n04146614,n04146614/cartoon_4.jpg
imagenet_r,n04146614,n04146614/cartoon_5.jpg
imagenet_r,n04146614,n04146614/cartoon_6.jpg
imagenet_r,n04146614,n04146614/cartoon_7.jpg
imagenet_r,n04146614,n04146614/cartoon_8.jpg
imagenet_r,n04146614,n04146614/cartoon_9.jpg
imagenet_r,n04146614,n04146614/deviantart_0.jpg
imagenet_r,n04146614,n04146614/deviantart_1.jpg
imagenet_r,n04146614,n04146614/deviantart_10.jpg
imagenet_r,n04146614,n04146614/deviantart_11.jpg
imagenet_r,n04146614,n04146614/deviantart_12.jpg
imagenet_r,n04146614,n04146614/deviantart_2.jpg
imagenet_r,n04146614,n04146614/deviantart_3.jpg
imagenet_r,n04146614,n04146614/deviantart_4.jpg
imagenet_r,n04146614,n04146614/deviantart_5.jpg
imagenet_r,n04146614,n04146614/deviantart_6.jpg
imagenet_r,n04146614,n04146614/deviantart_7.jpg
imagenet_r,n04146614,n04146614/deviantart_8.jpg
imagenet_r,n04146614,n04146614/deviantart_9.jpg
imagenet_r,n04146614,n04146614/embroidery_0.jpg
imagenet_r,n04146614,n04146614/embroidery_1.jpg
imagenet_r,n04146614,n04146614/graffiti_0.jpg
imagenet_r,n04146614,n04146614/graffiti_1.jpg
imagenet_r,n04146614,n04146614/graffiti_2.jpg
imagenet_r,n04146614,n04146614/graphic_0.jpg
imagenet_r,n04146614,n04146614/misc_0.jpg
imagenet_r,n04146614,n04146614/misc_1.jpg
imagenet_r,n04146614,n04146614/misc_2.jpg
imagenet_r,n04146614,n04146614/misc_3.jpg
imagenet_r,n04146614,n04146614/misc_4.jpg
imagenet_r,n04146614,n04146614/origami_0.jpg
imagenet_r,n04146614,n04146614/painting_0.jpg
imagenet_r,n04146614,n04146614/painting_1.jpg
imagenet_r,n04146614,n04146614/painting_2.jpg
imagenet_r,n04146614,n04146614/painting_3.jpg
imagenet_r,n04146614,n04146614/painting_4.jpg
imagenet_r,n04146614,n04146614/painting_5.jpg
imagenet_r,n04146614,n04146614/painting_6.jpg
imagenet_r,n04146614,n04146614/sculpture_0.jpg
imagenet_r,n04146614,n04146614/sketch_0.jpg
imagenet_r,n04146614,n04146614/sketch_1.jpg
imagenet_r,n04146614,n04146614/sketch_10.jpg
imagenet_r,n04146614,n04146614/sketch_11.jpg
imagenet_r,n04147183,n04147183/art_0.jpg
imagenet_r,n04147183,n04147183/art_1.jpg
imagenet_r,n04147183,n04147183/art_10.jpg
imagenet_r,n04147183,n04147183/art_11.jpg
imagenet_r,n04147183,n04147183/art_12.jpg
imagenet_r,n04147183,n04147183/art_13.jpg
imagenet_r,n04147183,n04147183/art_2.jpg
imagenet_r,n04147183,n04147183/art_3.jpg
imagenet_r,n04147183,n04147183/art_4.jpg
imagenet_r,n04147183,n04147183/art_5.jpg
imagenet_r,n04147183,n04147183/art_6.jpg
imagenet_r,n04147183,n04147183/art_7.jpg
imagenet_r,n04147183,n04147183/art_8.jpg
imagenet_r,n04147183,n04147183/art_9.jpg
imagenet_r,n04147183,n04147183/cartoon_0.jpg
imagenet_r,n04147183,n04147183/deviantart_0.jpg
imagenet_r,n04147183,n04147183/deviantart_1.jpg
imagenet_r,n04147183,n04147183/deviantart_10.jpg
imagenet_r,n04147183,n04147183/deviantart_11.jpg
imagenet_r,n04147183,n04147183/deviantart_12.jpg
imagenet_r,n04147183,n04147183/deviantart_13.jpg
imagenet_r,n04147183,n04147183/deviantart_14.jpg
imagenet_r,n04147183,n04147183/deviantart_15.jpg
imagenet_r,n04147183,n04147183/deviantart_16.jpg
imagenet_r,n04147183,n04147183/deviantart_17.jpg
imagenet_r,n04147183,n04147183/deviantart_2.jpg
imagenet_r,n04147183,n04147183/deviantart_3.jpg
imagenet_r,n04147183,n04147183/deviantart_4.jpg
imagenet_r,n04147183,n04147183/deviantart_5.jpg
imagenet_r,n04147183,n04147183/deviantart_6.jpg
imagenet_r,n04147183,n04147183/deviantart_7.jpg
imagenet_r,n04147183,n04147183/deviantart_8.jpg
imagenet_r,n04147183,n04147183/deviantart_9.jpg
imagenet_r,n04147183,n04147183/misc_0.jpg
imagenet_r,n04147183,n04147183/misc_1.jpg
imagenet_r,n04147183,n04147183/misc_2.jpg
imagenet_r,n04147183,n04147183/misc_3.jpg
imagenet_r,n04147183,n04147183/origami_0.jpg
imagenet_r,n04147183,n04147183/painting_0.jpg
imagenet_r,n04147183,n04147183/painting_1.jpg
imagenet_r,n04147183,n04147183/painting_10.jpg
imagenet_r,n04147183,n04147183/painting_11.jpg
imagenet_r,n04147183,n04147183/painting_12.jpg
imagenet_r,n04147183,n04147183/painting_13.jpg
imagenet_r,n04147183,n04147183/painting_14.jpg
imagenet_r,n04147183,n04147183/painting_15.jpg
imagenet_r,n04147183,n04147183/painting_16.jpg
imagenet_r,n04147183,n04147183/painting_17.jpg
imagenet_r,n04147183,n04147183/painting_18.jpg
imagenet_r,n04147183,n04147183/painting_19.jpg
imagenet_r,n04192698,n04192698/art_0.jpg
imagenet_r,n04192698,n04192698/art_1.jpg
imagenet_r,n04192698,n04192698/art_2.jpg
imagenet_r,n04192698,n04192698/art_3.jpg
imagenet_r,n04192698,n04192698/art_4.jpg
imagenet_r,n04192698,n04192698/art_5.jpg
imagenet_r,n04192698,n04192698/art_6.jpg
imagenet_r,n04192698,n04192698/art_7.jpg
imagenet_r,n04192698,n04192698/cartoon_0.jpg
imagenet_r,n04192698,n04192698/cartoon_1.jpg
imagenet_r,n04192698,n04192698/cartoon_10.jpg
imagenet_r,n04192698,n04192698/cartoon_11.jpg
imagenet_r,n04192698,n04192698/cartoon_12.jpg
imagenet_r,n04192698,n04192698/cartoon_13.jpg
imagenet_r,n04192698,n04192698/cartoon_14.jpg
imagenet_r,n04192698,n04192698/cartoon_15.jpg
imagenet_r,n04192698,n04192698/cartoon_16.jpg
imagenet_r,n04192698,n04192698/cartoon_17.jpg
imagenet_r,n04192698,n04192698/cartoon_2.jpg
imagenet_r,n04192698,n04192698/cartoon_3.jpg
imagenet_r,n04192698,n04192698/cartoon_4.jpg
imagenet_r,n04192698,n04192698/cartoon_5.jpg
imagenet_r,n04192698,n04192698/cartoon_6.jpg
imagenet_r,n04192698,n04192698/cartoon_7.jpg
imagenet_r,n04192698,n04192698/cartoon_8.jpg
imagenet_r,n04192698,n04192698/cartoon_9.jpg
imagenet_r,n04192698,n04192698/deviantart_0.jpg
imagenet_r,n04192698,n04192698/deviantart_1.jpg
imagenet_r,n04192698,n04192698/deviantart_10.jpg
imagenet_r,n04192698,n04192698/deviantart_11.jpg
imagenet_r,n04192698,n04192698/deviantart_12.jpg
imagenet_r,n04192698,n04192698/deviantart_13.jpg
imagenet_r,n04192698,n04192698/deviantart_14.jpg
imagenet_r,n04192698,n04192698/deviantart_15.jpg
imagenet_r,n04192698,n04192698/deviantart_16.jpg
imagenet_r,n04192698,n04192698/deviantart_17.jpg
imagenet_r,n04192698,n04192698/deviantart_18.jpg
imagenet_r,n04192698,n04192698/deviantart_19.jpg
imagenet_r,n04192698,n04192698/deviantart_2.jpg
imagenet_r,n04192698,n04192698/deviantart_20.jpg
imagenet_r,n04192698,n04192698/deviantart_21.jpg
imagenet_r,n04192698,n04192698/deviantart_22.jpg
imagenet_r,n04192698,n04192698/deviantart_23.jpg
imagenet_r,n04192698,n04192698/deviantart_24.jpg
imagenet_r,n04192698,n04192698/deviantart_3.jpg
imagenet_r,n04192698,n04192698/deviantart_4.jpg
imagenet_r,n04192698,n04192698/deviantart_5.jpg
imagenet_r,n04192698,n04192698/deviantart_6.jpg
imagenet_r,n04192698,n04192698/deviantart_7.jpg
imagenet_r,n04192698,n04192698/deviantart_8.jpg
imagenet_r,n04254680,n04254680/art_0.jpg
imagenet_r,n04254680,n04254680/art_1.jpg
imagenet_r,n04254680,n04254680/art_2.jpg
imagenet_r,n04254680,n04254680/art_3.jpg
imagenet_r,n04254680,n04254680/art_4.jpg
imagenet_r,n04254680,n04254680/art_5.jpg
imagenet_r,n04254680,n04254680/art_6.jpg
imagenet_r,n04254680,n04254680/art_7.jpg
imagenet_r,n04254680,n04254680/cartoon_0.jpg
imagenet_r,n04254680,n04254680/cartoon_1.jpg
imagenet_r,n04254680,n04254680/cartoon_10.jpg
imagenet_r,n04254680,n04254680/cartoon_11.jpg
imagenet_r,n04254680,n04254680/cartoon_12.jpg
imagenet_r,n04254680,n04254680/cartoon_13.jpg
imagenet_r,n04254680,n04254680/cartoon_14.jpg
imagenet_r,n04254680,n04254680/cartoon_15.jpg
imagenet_r,n04254680,n04254680/cartoon_16.jpg
imagenet_r,n04254680,n04254680/cartoon_17.jpg
imagenet_r,n04254680,n04254680/cartoon_18.jpg
imagenet_r,n04254680,n04254680/cartoon_19.jpg
imagenet_r,n04254680,n04254680/cartoon_2.jpg
imagenet_r,n04254680,n04254680/cartoon_20.jpg
imagenet_r,n04254680,n04254680/cartoon_3.jpg
imagenet_r,n04254680,n04254680/cartoon_4.jpg
imagenet_r,n04254680,n04254680/cartoon_5.jpg
imagenet_r,n04254680,n04254680/cartoon_6.jpg
imagenet_r,n04254680,n04254680/cartoon_7.jpg
imagenet_r,n04254680,n04254680/cartoon_8.jpg
imagenet_r,n04254680,n04254680/cartoon_9.jpg
imagenet_r,n04254680,n04254680/deviantart_0.jpg
imagenet_r,n04254680,n04254680/deviantart_1.jpg
imagenet_r,n04254680,n04254680/deviantart_10.jpg
imagenet_r,n04254680,n04254680/deviantart_11.jpg
imagenet_r,n04254680,n04254680/deviantart_12.jpg
imagenet_r,n04254680,n04254680/deviantart_13.jpg
imagenet_r,n04254680,n04254680/deviantart_14.jpg
imagenet_r,n04254680,n04254680/deviantart_15.jpg
imagenet_r,n04254680,n04254680/deviantart_16.jpg
imagenet_r,n04254680,n04254680/deviantart_17.jpg
imagenet_r,n04254680,n04254680/deviantart_18.jpg
imagenet_r,n04254680,n04254680/deviantart_19.jpg
imagenet_r,n04254680,n04254680/deviantart_2.jpg
imagenet_r,n04254680,n04254680/deviantart_20.jpg
imagenet_r,n04254680,n04254680/deviantart_21.jpg
imagenet_r,n04254680,n04254680/deviantart_22.jpg
imagenet_r,n04254680,n04254680/deviantart_23.jpg
imagenet_r,n04254680,n04254680/deviantart_24.jpg
imagenet_r,n04254680,n04254680/deviantart_25.jpg
imagenet_r,n04254680,n04254680/deviantart_26.jpg
imagenet_r,n04254680,n04254680/deviantart_27.jpg
imagenet_r,n04266014,n04266014/art_0.jpg
imagenet_r,n04266014,n04266014/art_1.jpg
imagenet_r,n04266014,n04266014/art_2.jpg
imagenet_r,n04266014,n04266014/art_3.jpg
imagenet_r,n04266014,n04266014/art_4.jpg
imagenet_r,n04266014,n04266014/art_5.jpg
imagenet_r,n04266014,n04266014/art_6.jpg
imagenet_r,n04266014,n04266014/cartoon_0.jpg
imagenet_r,n04266014,n04266014/cartoon_1.jpg
imagenet_r,n04266014,n04266014/cartoon_10.jpg
imagenet_r,n04266014,n04266014/cartoon_11.jpg
imagenet_r,n04266014,n04266014/cartoon_12.jpg
imagenet_r,n04266014,n04266014/cartoon_13.jpg
imagenet_r,n04266014,n04266014/cartoon_14.jpg
imagenet_r,n04266014,n04266014/cartoon_15.jpg
imagenet_r,n04266014,n04266014/cartoon_16.jpg
imagenet_r,n04266014,n04266014/cartoon_17.jpg
imagenet_r,n04266014,n04266014/cartoon_18.jpg
imagenet_r,n04266014,n04266014/cartoon_19.jpg
imagenet_r,n04266014,n04266014/cartoon_2.jpg
imagenet_r,n04266014,n04266014/cartoon_20.jpg
imagenet_r,n04266014,n04266014/cartoon_21.jpg
imagenet_r,n04266014,n04266014/cartoon_22.jpg
imagenet_r,n04266014,n04266014/cartoon_23.jpg
imagenet_r,n04266014,n04266014/cartoon_24.jpg
imagenet_r,n04266014,n04266014/cartoon_25.jpg
imagenet_r,n04266014,n04266014/cartoon_26.jpg
imagenet_r,n04266014,n04266014/cartoon_27.jpg
imagenet_r,n04266014,n04266014/cartoon_28.jpg
imagenet_r,n04266014,n04266014/cartoon_29.jpg
imagenet_r,n04266014,n04266014/cartoon_3.jpg
imagenet_r,n04266014,n04266014/cartoon_30.jpg
imagenet_r,n04266014,n04266014/cartoon_31.jpg
imagenet_r,n04266014,n04266014/cartoon_32.jpg
imagenet_r,n04266014,n04266014/cartoon_33.jpg
imagenet_r,n04266014,n04266014/cartoon_34.jpg
imagenet_r,n04266014,n04266014/cartoon_35.jpg
imagenet_r,n04266014,n04266014/cartoon_36.jpg
imagenet_r,n04266014,n04266014/cartoon_37.jpg
imagenet_r,n04266014,n04266014/cartoon_38.jpg
imagenet_r,n04266014,n04266014/cartoon_39.jpg
imagenet_r,n04266014,n04266014/cartoon_4.jpg
imagenet_r,n04266014,n04266014/cartoon_40.jpg
imagenet_r,n04266014,n04266014/cartoon_41.jpg
imagenet_r,n04266014,n04266014/cartoon_42.jpg
imagenet_r,n04266014,n04266014/cartoon_5.jpg
imagenet_r,n04266014,n04266014/cartoon_6.jpg
imagenet_r,n04266014,n04266014/cartoon_7.jpg
imagenet_r,n04266014,n04266014/cartoon_8.jpg
imagenet_r,n04266014,n04266014/cartoon_9.jpg
imagenet_r,n04275548,n04275548/art_0.jpg
imagenet_r,n04275548,n04275548/art_1.jpg
imagenet_r,n04275548,n04275548/art_2.jpg
imagenet_r,n04275548,n04275548/art_3.jpg
imagenet_r,n04275548,n04275548/art_4.jpg
imagenet_r,n04275548,n04275548/art_5.jpg
imagenet_r,n04275548,n04275548/cartoon_0.jpg
imagenet_r,n04275548,n04275548/cartoon_1.jpg
imagenet_r,n04275548,n04275548/cartoon_10.jpg
imagenet_r,n04275548,n04275548/cartoon_11.jpg
imagenet_r,n04275548,n04275548/cartoon_12.jpg
imagenet_r,n04275548,n04275548/cartoon_2.jpg
imagenet_r,n04275548,n04275548/cartoon_3.jpg
imagenet_r,n04275548,n04275548/cartoon_4.jpg
imagenet_r,n04275548,n04275548/cartoon_5.jpg
imagenet_r,n04275548,n04275548/cartoon_6.jpg
imagenet_r,n04275548,n04275548/cartoon_7.jpg
imagenet_r,n04275548,n04275548/cartoon_8.jpg
imagenet_r,n04275548,n04275548/cartoon_9.jpg
imagenet_r,n04275548,n04275548/deviantart_0.jpg
imagenet_r,n04275548,n04275548/deviantart_1.jpg
imagenet_r,n04275548,n04275548/deviantart_2.jpg
imagenet_r,n04275548,n04275548/deviantart_3.jpg
imagenet_r,n04275548,n04275548/deviantart_4.jpg
imagenet_r,n04275548,n04275548/deviantart_5.jpg
imagenet_r,n04275548,n04275548/embroidery_0.jpg
imagenet_r,n04275548,n04275548/embroidery_1.jpg
imagenet_r,n04275548,n04275548/embroidery_10.jpg
imagenet_r,n04275548,n04275548/embroidery_11.jpg
imagenet_r,n04275548,n04275548/embroidery_12.jpg
imagenet_r,n04275548,n04275548/embroidery_13.jpg
imagenet_r,n04275548,n04275548/embroidery_14.jpg
imagenet_r,n04275548,n04275548/embroidery_15.jpg
imagenet_r,n04275548,n04275548/embroidery_16.jpg
imagenet_r,n04275548,n04275548/embroidery_17.jpg
imagenet_r,n04275548,n04275548/embroidery_18.jpg
imagenet_r,n04275548,n04275548/embroidery_2.jpg
imagenet_r,n04275548,n04275548/embroidery_3.jpg
imagenet_r,n04275548,n04275548/embroidery_4.jpg
imagenet_r,n04275548,n04275548/embroidery_5.jpg
imagenet_r,n04275548,n04275548/embroidery_6.jpg
imagenet_r,n04275548,n04275548/embroidery_7.jpg
imagenet_r,n04275548,n04275548/embroidery_8.jpg
imagenet_r,n04275548,n04275548/embroidery_9.jpg
imagenet_r,n04275548,n04275548/graffiti_0.jpg
imagenet_r,n04275548,n04275548/graffiti_1.jpg
imagenet_r,n04275548,n04275548/graffiti_2.jpg
imagenet_r,n04275548,n04275548/graffiti_3.jpg
imagenet_r,n04275548,n04275548/graffiti_4.jpg
imagenet_r,n04275548,n04275548/graphic_0.jpg
imagenet_r,n04310018,n04310018/art_0.jpg
imagenet_r,n04310018,n04310018/art_1.jpg
imagenet_r,n04310018,n04310018/art_10.jpg
imagenet_r,n04310018,n04310018/art_11.jpg
imagenet_r,n04310018,n04310018/art_12.jpg
imagenet_r,n04310018,n04310018/art_13.jpg
imagenet_r,n04310018,n04310018/art_14.jpg
imagenet_r,n04310018,n04310018/art_15.jpg
imagenet_r,n04310018,n04310018/art_16.jpg
imagenet_r,n04310018,n04310018/art_17.jpg
imagenet_r,n04310018,n04310018/art_18.jpg
imagenet_r,n04310018,n04310018/art_19.jpg
imagenet_r,n04310018,n04310018/art_2.jpg
imagenet_r,n04310018,n04310018/art_20.jpg
imagenet_r,n04310018,n04310018/art_21.jpg
imagenet_r,n04310018,n04310018/art_22.jpg
imagenet_r,n04310018,n04310018/art_3.jpg
imagenet_r,n04310018,n04310018/art_4.jpg
imagenet_r,n04310018,n04310018/art_5.jpg
imagenet_r,n04310018,n04310018/art_6.jpg
imagenet_r,n04310018,n04310018/art_7.jpg
imagenet_r,n04310018,n04310018/art_8.jpg
imagenet_r,n04310018,n04310018/art_9.jpg
imagenet_r,n04310018,n04310018/cartoon_0.jpg
imagenet_r,n04310018,n04310018/cartoon_1.jpg
imagenet_r,n04310018,n04310018/cartoon_2.jpg
imagenet_r,n04310018,n04310018/cartoon_3.jpg
imagenet_r,n04310018,n04310018/cartoon_4.jpg
imagenet_r,n04310018,n04310018/cartoon_5.jpg
imagenet_r,n04310018,n04310018/cartoon_6.jpg
imagenet_r,n04310018,n04310018/cartoon_7.jpg
imagenet_r,n04310018,n04310018/deviantart_0.jpg
imagenet_r,n04310018,n04310018/deviantart_1.jpg
imagenet_r,n04310018,n04310018/deviantart_10.jpg
imagenet_r,n04310018,n04310018/deviantart_11.jpg
imagenet_r,n04310018,n04310018/deviantart_12.jpg
imagenet_r,n04310018,n04310018/deviantart_13.jpg
imagenet_r,n04310018,n04310018/deviantart_14.jpg
imagenet_r,n04310018,n04310018/deviantart_15.jpg
imagenet_r,n04310018,n04310018/deviantart_16.jpg
imagenet_r,n04310018,n04310018/deviantart_2.jpg
imagenet_r,n04310018,n04310018/deviantart_3.jpg
imagenet_r,n04310018,n04310018/deviantart_4.jpg
imagenet_r,n04310018,n04310018/deviantart_5.jpg
imagenet_r,n04310018,n04310018/deviantart_6.jpg
imagenet_r,n04310018,n04310018/deviantart_7.jpg
imagenet_r,n04310018,n04310018/deviantart_8.jpg
imagenet_r,n04310018,n04310018/deviantart_9.jpg
imagenet_r,n04310018,n04310018/embroidery_0.jpg
imagenet_r,n04310018,n04310018/graffiti_0.jpg
imagenet_r,n04325704,n04325704/art_0.jpg
imagenet_r,n04325704,n04325704/art_1.jpg
imagenet_r,n04325704,n04325704/art_2.jpg
imagenet_r,n04325704,n04325704/art_3.jpg
imagenet_r,n04325704,n04325704/cartoon_0.jpg
imagenet_r,n04325704,n04325704/cartoon_1.jpg
imagenet_r,n04325704,n04325704/cartoon_10.jpg
imagenet_r,n04325704,n04325704/cartoon_11.jpg
imagenet_r,n04325704,n04325704/cartoon_12.jpg
imagenet_r,n04325704,n04325704/cartoon_13.jpg
imagenet_r,n04325704,n04325704/cartoon_14.jpg
imagenet_r,n04325704,n04325704/cartoon_15.jpg
imagenet_r,n04325704,n04325704/cartoon_16.jpg
imagenet_r,n04325704,n04325704/cartoon_17.jpg
imagenet_r,n04325704,n04325704/cartoon_18.jpg
imagenet_r,n04325704,n04325704/cartoon_19.jpg
imagenet_r,n04325704,n04325704/cartoon_2.jpg
imagenet_r,n04325704,n04325704/cartoon_20.jpg
imagenet_r,n04325704,n04325704/cartoon_21.jpg
imagenet_r,n04325704,n04325704/cartoon_22.jpg
imagenet_r,n04325704,n04325704/cartoon_23.jpg
imagenet_r,n04325704,n04325704/cartoon_24.jpg
imagenet_r,n04325704,n04325704/cartoon_25.jpg
imagenet_r,n04325704,n04325704/cartoon_26.jpg
imagenet_r,n04325704,n04325704/cartoon_27.jpg
imagenet_r,n04325704,n04325704/cartoon_28.jpg
imagenet_r,n04325704,n04325704/cartoon_29.jpg
imagenet_r,n04325704,n04325704/cartoon_3.jpg
imagenet_r,n04325704,n04325704/cartoon_30.jpg
imagenet_r,n04325704,n04325704/cartoon_31.jpg
imagenet_r,n04325704,n04325704/cartoon_32.jpg
imagenet_r,n04325704,n04325704/cartoon_4.jpg
imagenet_r,n04325704,n04325704/cartoon_5.jpg
imagenet_r,n04325704,n04325704/cartoon_6.jpg
imagenet_r,n04325704,n04325704/cartoon_7.jpg
imagenet_r,n04325704,n04325704/cartoon_8.jpg
imagenet_r,n04325704,n04325704/cartoon_9.jpg
imagenet_r,n04325704,n04325704/deviantart_0.jpg
imagenet_r,n04325704,n04325704/deviantart_1.jpg
imagenet_r,n04325704,n04325704/deviantart_10.jpg
imagenet_r,n04325704,n04325704/deviantart_11.jpg
imagenet_r,n04325704,n04325704/deviantart_12.jpg
imagenet_r,n04325704,n04325704/deviantart_13.jpg
imagenet_r,n04325704,n04325704/deviantart_14.jpg
imagenet_r,n04325704,n04325704/deviantart_15.jpg
imagenet_r,n04325704,n04325704/deviantart_2.jpg
imagenet_r,n04325704,n04325704/deviantart_3.jpg
imagenet_r,n04325704,n04325704/deviantart_4.jpg
imagenet_r,n04325704,n04325704/deviantart_5.jpg
imagenet_r,n04325704,n04325704/deviantart_6.jpg
imagenet_r,n04347754,n04347754/art_0.jpg
imagenet_r,n04347754,n04347754/art_1.jpg
imagenet_r,n04347754,n04347754/art_2.jpg
imagenet_r,n04347754,n04347754/art_3.jpg
imagenet_r,n04347754,n04347754/art_4.jpg
imagenet_r,n04347754,n04347754/art_5.jpg
imagenet_r,n04347754,n04347754/art_6.jpg
imagenet_r,n04347754,n04347754/art_7.jpg
imagenet_r,n04347754,n04347754/art_8.jpg
imagenet_r,n04347754,n04347754/art_9.jpg
imagenet_r,n04347754,n04347754/cartoon_0.jpg
imagenet_r,n04347754,n04347754/cartoon_1.jpg
imagenet_r,n04347754,n04347754/cartoon_10.jpg
imagenet_r,n04347754,n04347754/cartoon_11.jpg
imagenet_r,n04347754,n04347754/cartoon_12.jpg
imagenet_r,n04347754,n04347754/cartoon_13.jpg
imagenet_r,n04347754,n04347754/cartoon_14.jpg
imagenet_r,n04347754,n04347754/cartoon_15.jpg
imagenet_r,n04347754,n04347754/cartoon_2.jpg
imagenet_r,n04347754,n04347754/cartoon_3.jpg
imagenet_r,n04347754,n04347754/cartoon_4.jpg
imagenet_r,n04347754,n04347754/cartoon_5.jpg
imagenet_r,n04347754,n04347754/cartoon_6.jpg
imagenet_r,n04347754,n04347754/cartoon_7.jpg
imagenet_r,n04347754,n04347754/cartoon_8.jpg
imagenet_r,n04347754,n04347754/cartoon_9.jpg
imagenet_r,n04347754,n04347754/deviantart_0.jpg
imagenet_r,n04347754,n04347754/deviantart_1.jpg
imagenet_r,n04347754,n04347754/deviantart_2.jpg
imagenet_r,n04347754,n04347754/deviantart_3.jpg
imagenet_r,n04347754,n04347754/deviantart_4.jpg
imagenet_r,n04347754,n04347754/deviantart_5.jpg
imagenet_r,n04347754,n04347754/deviantart_6.jpg
imagenet_r,n04347754,n04347754/embroidery_0.jpg
imagenet_r,n04347754,n04347754/embroidery_1.jpg
imagenet_r,n04347754,n04347754/graffiti_0.jpg
imagenet_r,n04347754,n04347754/graffiti_1.jpg
imagenet_r,n04347754,n04347754/graffiti_2.jpg
imagenet_r,n04347754,n04347754/graffiti_3.jpg
imagenet_r,n04347754,n04347754/graffiti_4.jpg
imagenet_r,n04347754,n04347754/graffiti_5.jpg
imagenet_r,n04347754,n04347754/graffiti_6.jpg
imagenet_r,n04347754,n04347754/graffiti_7.jpg
imagenet_r,n04347754,n04347754/graffiti_8.jpg
imagenet_r,n04347754,n04347754/graphic_0.jpg
imagenet_r,n04347754,n04347754/misc_0.jpg
imagenet_r,n04347754,n04347754/misc_1.jpg
imagenet_r,n04347754,n04347754/misc_2.jpg
imagenet_r,n04347754,n04347754/misc_3.jpg
imagenet_r,n04347754,n04347754/misc_4.jpg
imagenet_r,n04389033,n04389033/art_0.jpg
imagenet_r,n04389033,n04389033/art_1.jpg
imagenet_r,n04389033,n04389033/art_2.jpg
imagenet_r,n04389033,n04389033/art_3.jpg
imagenet_r,n04389033,n04389033/art_4.jpg
imagenet_r,n04389033,n04389033/art_5.jpg
imagenet_r,n04389033,n04389033/art_6.jpg
imagenet_r,n04389033,n04389033/art_7.jpg
imagenet_r,n04389033,n04389033/art_8.jpg
imagenet_r,n04389033,n04389033/art_9.jpg
imagenet_r,n04389033,n04389033/cartoon_0.jpg
imagenet_r,n04389033,n04389033/cartoon_1.jpg
imagenet_r,n04389033,n04389033/cartoon_10.jpg
imagenet_r,n04389033,n04389033/cartoon_11.jpg
imagenet_r,n04389033,n04389033/cartoon_12.jpg
imagenet_r,n04389033,n04389033/cartoon_2.jpg
imagenet_r,n04389033,n04389033/cartoon_3.jpg
imagenet_r,n04389033,n04389033/cartoon_4.jpg
imagenet_r,n04389033,n04389033/cartoon_5.jpg
imagenet_r,n04389033,n04389033/cartoon_6.jpg
imagenet_r,n04389033,n04389033/cartoon_7.jpg
imagenet_r,n04389033,n04389033/cartoon_8.jpg
imagenet_r,n04389033,n04389033/cartoon_9.jpg
imagenet_r,n04389033,n04389033/deviantart_0.jpg
imagenet_r,n04389033,n04389033/deviantart_1.jpg
imagenet_r,n04389033,n04389033/deviantart_10.jpg
imagenet_r,n04389033,n04389033/deviantart_11.jpg
imagenet_r,n04389033,n04389033/deviantart_12.jpg
imagenet_r,n04389033,n04389033/deviantart_13.jpg
imagenet_r,n04389033,n04389033/deviantart_14.jpg
imagenet_r,n04389033,n04389033/deviantart_15.jpg
imagenet_r,n04389033,n04389033/deviantart_16.jpg
imagenet_r,n04389033,n04389033/deviantart_17.jpg
imagenet_r,n04389033,n04389033/deviantart_18.jpg
imagenet_r,n04389033,n04389033/deviantart_19.jpg
imagenet_r,n04389033,n04389033/deviantart_2.jpg
imagenet_r,n04389033,n04389033/deviantart_20.jpg
imagenet_r,n04389033,n04389033/deviantart_21.jpg
imagenet_r,n04389033,n04389033/deviantart_22.jpg
imagenet_r,n04389033,n04389033/deviantart_23.jpg
imagenet_r,n04389033,n04389033/deviantart_24.jpg
imagenet_r,n04389033,n04389033/deviantart_3.jpg
imagenet_r,n04389033,n04389033/deviantart_4.jpg
imagenet_r,n04389033,n04389033/deviantart_5.jpg
imagenet_r,n04389033,n04389033/deviantart_6.jpg
imagenet_r,n04389033,n04389033/deviantart_7.jpg
imagenet_r,n04389033,n04389033/deviantart_8.jpg
imagenet_r,n04389033,n04389033/deviantart_9.jpg
imagenet_r,n04389033,n04389033/embroidery_0.jpg
imagenet_r,n04389033,n04389033/graffiti_0.jpg
imagenet_r,n04409515,n04409515/art_0.jpg
imagenet_r,n04409515,n04409515/art_1.jpg
imagenet_r,n04409515,n04409515/art_2.jpg
imagenet_r,n04409515,n04409515/art_3.jpg
imagenet_r,n04409515,n04409515/art_4.jpg
imagenet_r,n04409515,n04409515/art_5.jpg
imagenet_r,n04409515,n04409515/art_6.jpg
imagenet_r,n04409515,n04409515/cartoon_0.jpg
imagenet_r,n04409515,n04409515/cartoon_1.jpg
imagenet_r,n04409515,n04409515/cartoon_10.jpg
imagenet_r,n04409515,n04409515/cartoon_11.jpg
imagenet_r,n04409515,n04409515/cartoon_12.jpg
imagenet_r,n04409515,n04409515/cartoon_13.jpg
imagenet_r,n04409515,n04409515/cartoon_14.jpg
imagenet_r,n04409515,n04409515/cartoon_15.jpg
imagenet_r,n04409515,n04409515/cartoon_16.jpg
imagenet_r,n04409515,n04409515/cartoon_17.jpg
imagenet_r,n04409515,n04409515/cartoon_18.jpg
imagenet_r,n04409515,n04409515/cartoon_19.jpg
imagenet_r,n04409515,n04409515/cartoon_2.jpg
imagenet_r,n04409515,n04409515/cartoon_20.jpg
imagenet_r,n04409515,n04409515/cartoon_21.jpg
imagenet_r,n04409515,n04409515/cartoon_22.jpg
imagenet_r,n04409515,n04409515/cartoon_23.jpg
imagenet_r,n04409515,n04409515/cartoon_24.jpg
imagenet_r,n04409515,n04409515/cartoon_25.jpg
imagenet_r,n04409515,n04409515/cartoon_3.jpg
imagenet_r,n04409515,n04409515/cartoon_4.jpg
imagenet_r,n04409515,n04409515/cartoon_5.jpg
imagenet_r,n04409515,n04409515/cartoon_6.jpg
imagenet_r,n04409515,n04409515/cartoon_7.jpg
imagenet_r,n04409515,n04409515/cartoon_8.jpg
imagenet_r,n04409515,n04409515/cartoon_9.jpg
imagenet_r,n04409515,n04409515/deviantart_0.jpg
imagenet_r,n04409515,n04409515/deviantart_1.jpg
imagenet_r,n04409515,n04409515/deviantart_10.jpg
imagenet_r,n04409515,n04409515/deviantart_11.jpg
imagenet_r,n04409515,n04409515/deviantart_12.jpg
imagenet_r,n04409515,n04409515/deviantart_13.jpg
imagenet_r,n04409515,n04409515/deviantart_14.jpg
imagenet_r,n04409515,n04409515/deviantart_15.jpg
imagenet_r,n04409515,n04409515/deviantart_16.jpg
imagenet_r,n04409515,n04409515/deviantart_17.jpg
imagenet_r,n04409515,n04409515/deviantart_2.jpg
imagenet_r,n04409515,n04409515/deviantart_3.jpg
imagenet_r,n04409515,n04409515/deviantart_4.jpg
imagenet_r,n04409515,n04409515/deviantart_5.jpg
imagenet_r,n04409515,n04409515/deviantart_6.jpg
imagenet_r,n04409515,n04409515/deviantart_7.jpg
imagenet_r,n04409515,n04409515/deviantart_8.jpg
imagenet_r,n04465501,n04465501/art_0.jpg
imagenet_r,n04465501,n04465501/art_1.jpg
imagenet_r,n04465501,n04465501/art_2.jpg
imagenet_r,n04465501,n04465501/art_3.jpg
imagenet_r,n04465501,n04465501/art_4.jpg
imagenet_r,n04465501,n04465501/art_5.jpg
imagenet_r,n04465501,n04465501/cartoon_0.jpg
imagenet_r,n04465501,n04465501/cartoon_1.jpg
imagenet_r,n04465501,n04465501/cartoon_10.jpg
imagenet_r,n04465501,n04465501/cartoon_11.jpg
imagenet_r,n04465501,n04465501/cartoon_12.jpg
imagenet_r,n04465501,n04465501/cartoon_13.jpg
imagenet_r,n04465501,n04465501/cartoon_14.jpg
imagenet_r,n04465501,n04465501/cartoon_15.jpg
imagenet_r,n04465501,n04465501/cartoon_16.jpg
imagenet_r,n04465501,n04465501/cartoon_17.jpg
imagenet_r,n04465501,n04465501/cartoon_18.jpg
imagenet_r,n04465501,n04465501/cartoon_19.jpg
imagenet_r,n04465501,n04465501/cartoon_2.jpg
imagenet_r,n04465501,n04465501/cartoon_3.jpg
imagenet_r,n04465501,n04465501/cartoon_4.jpg
imagenet_r,n04465501,n04465501/cartoon_5.jpg
imagenet_r,n04465501,n04465501/cartoon_6.jpg
imagenet_r,n04465501,n04465501/cartoon_7.jpg
imagenet_r,n04465501,n04465501/cartoon_8.jpg
imagenet_r,n04465501,n04465501/cartoon_9.jpg
imagenet_r,n04465501,n04465501/deviantart_0.jpg
imagenet_r,n04465501,n04465501/deviantart_1.jpg
imagenet_r,n04465501,n04465501/deviantart_10.jpg
imagenet_r,n04465501,n04465501/deviantart_11.jpg
imagenet_r,n04465501,n04465501/deviantart_12.jpg
imagenet_r,n04465501,n04465501/deviantart_13.jpg
imagenet_r,n04465501,n04465501/deviantart_14.jpg
imagenet_r,n04465501,n04465501/deviantart_15.jpg
imagenet_r,n04465501,n04465501/deviantart_16.jpg
imagenet_r,n04465501,n04465501/deviantart_17.jpg
imagenet_r,n04465501,n04465501/deviantart_2.jpg
imagenet_r,n04465501,n04465501/deviantart_3.jpg
imagenet_r,n04465501,n04465501/deviantart_4.jpg
imagenet_r,n04465501,n04465501/deviantart_5.jpg
imagenet_r,n04465501,n04465501/deviantart_6.jpg
imagenet_r,n04465501,n04465501/deviantart_7.jpg
imagenet_r,n04465501,n04465501/deviantart_8.jpg
imagenet_r,n04465501,n04465501/deviantart_9.jpg
imagenet_r,n04465501,n04465501/embroidery_0.jpg
imagenet_r,n04465501,n04465501/embroidery_1.jpg
imagenet_r,n04465501,n04465501/embroidery_2.jpg
imagenet_r,n04465501,n04465501/embroidery_3.jpg
imagenet_r,n04465501,n04465501/embroidery_4.jpg
imagenet_r,n04465501,n04465501/embroidery_5.jpg
imagenet_r,n04487394,n04487394/art_0.jpg
imagenet_r,n04487394,n04487394/art_1.jpg
imagenet_r,n04487394,n04487394/art_2.jpg
imagenet_r,n04487394,n04487394/art_3.jpg
imagenet_r,n04487394,n04487394/art_4.jpg
imagenet_r,n04487394,n04487394/art_5.jpg
imagenet_r,n04487394,n04487394/cartoon_0.jpg
imagenet_r,n04487394,n04487394/cartoon_1.jpg
imagenet_r,n04487394,n04487394/cartoon_10.jpg
imagenet_r,n04487394,n04487394/cartoon_11.jpg
imagenet_r,n04487394,n04487394/cartoon_12.jpg
imagenet_r,n04487394,n04487394/cartoon_13.jpg
imagenet_r,n04487394,n04487394/cartoon_14.jpg
imagenet_r,n04487394,n04487394/cartoon_15.jpg
imagenet_r,n04487394,n04487394/cartoon_16.jpg
imagenet_r,n04487394,n04487394/cartoon_17.jpg
imagenet_r,n04487394,n04487394/cartoon_18.jpg
imagenet_r,n04487394,n04487394/cartoon_19.jpg
imagenet_r,n04487394,n04487394/cartoon_2.jpg
imagenet_r,n04487394,n04487394/cartoon_20.jpg
imagenet_r,n04487394,n04487394/cartoon_21.jpg
imagenet_r,n04487394,n04487394/cartoon_22.jpg
imagenet_r,n04487394,n04487394/cartoon_23.jpg
imagenet_r,n04487394,n04487394/cartoon_24.jpg
imagenet_r,n04487394,n04487394/cartoon_25.jpg
imagenet_r,n04487394,n04487394/cartoon_26.jpg
imagenet_r,n04487394,n04487394/cartoon_27.jpg
imagenet_r,n04487394,n04487394/cartoon_28.jpg
imagenet_r,n04487394,n04487394/cartoon_29.jpg
imagenet_r,n04487394,n04487394/cartoon_3.jpg
imagenet_r,n04487394,n04487394/cartoon_30.jpg
imagenet_r,n04487394,n04487394/cartoon_31.jpg
imagenet_r,n04487394,n04487394/cartoon_32.jpg
imagenet_r,n04487394,n04487394/cartoon_33.jpg
imagenet_r,n04487394,n04487394/cartoon_4.jpg
imagenet_r,n04487394,n04487394/cartoon_5.jpg
imagenet_r,n04487394,n04487394/cartoon_6.jpg
imagenet_r,n04487394,n04487394/cartoon_7.jpg
imagenet_r,n04487394,n04487394/cartoon_8.jpg
imagenet_r,n04487394,n04487394/cartoon_9.jpg
imagenet_r,n04487394,n04487394/deviantart_0.jpg
imagenet_r,n04487394,n04487394/deviantart_1.jpg
imagenet_r,n04487394,n04487394/deviantart_10.jpg
imagenet_r,n04487394,n04487394/deviantart_11.jpg
imagenet_r,n04487394,n04487394/deviantart_12.jpg
imagenet_r,n04487394,n04487394/deviantart_13.jpg
imagenet_r,n04487394,n04487394/deviantart_2.jpg
imagenet_r,n04487394,n04487394/deviantart_3.jpg
imagenet_r,n04487394,n04487394/deviantart_4.jpg
imagenet_r,n04487394,n04487394/deviantart_5.jpg
imagenet_r,n04522168,n04522168/art_0.jpg
imagenet_r,n04522168,n04522168/art_1.jpg
imagenet_r,n04522168,n04522168/art_2.jpg
imagenet_r,n04522168,n04522168/art_3.jpg
imagenet_r,n04522168,n04522168/art_4.jpg
imagenet_r,n04522168,n04522168/art_5.jpg
imagenet_r,n04522168,n04522168/art_6.jpg
imagenet_r,n04522168,n04522168/cartoon_0.jpg
imagenet_r,n04522168,n04522168/cartoon_1.jpg
imagenet_r,n04522168,n04522168/cartoon_10.jpg
imagenet_r,n04522168,n04522168/cartoon_11.jpg
imagenet_r,n04522168,n04522168/cartoon_12.jpg
imagenet_r,n04522168,n04522168/cartoon_13.jpg
imagenet_r,n04522168,n04522168/cartoon_14.jpg
imagenet_r,n04522168,n04522168/cartoon_15.jpg
imagenet_r,n04522168,n04522168/cartoon_16.jpg
imagenet_r,n04522168,n04522168/cartoon_17.jpg
imagenet_r,n04522168,n04522168/cartoon_18.jpg
imagenet_r,n04522168,n04522168/cartoon_19.jpg
imagenet_r,n04522168,n04522168/cartoon_2.jpg
imagenet_r,n04522168,n04522168/cartoon_20.jpg
imagenet_r,n04522168,n04522168/cartoon_21.jpg
imagenet_r,n04522168,n04522168/cartoon_22.jpg
imagenet_r,n04522168,n04522168/cartoon_23.jpg
imagenet_r,n04522168,n04522168/cartoon_24.jpg
imagenet_r,n04522168,n04522168/cartoon_25.jpg
imagenet_r,n04522168,n04522168/cartoon_26.jpg
imagenet_r,n04522168,n04522168/cartoon_27.jpg
imagenet_r,n04522168,n04522168/cartoon_28.jpg
imagenet_r,n04522168,n04522168/cartoon_29.jpg
imagenet_r,n04522168,n04522168/cartoon_3.jpg
imagenet_r,n04522168,n04522168/cartoon_4.jpg
imagenet_r,n04522168,n04522168/cartoon_5.jpg
imagenet_r,n04522168,n04522168/cartoon_6.jpg
imagenet_r,n04522168,n04522168/cartoon_7.jpg
imagenet_r,n04522168,n04522168/cartoon_8.jpg
imagenet_r,n04522168,n04522168/cartoon_9.jpg
imagenet_r,n04522168,n04522168/deviantart_0.jpg
imagenet_r,n04522168,n04522168/deviantart_1.jpg
imagenet_r,n04522168,n04522168/deviantart_2.jpg
imagenet_r,n04522168,n04522168/deviantart_3.jpg
imagenet_r,n04522168,n04522168/deviantart_4.jpg
imagenet_r,n04522168,n04522168/deviantart_5.jpg
imagenet_r,n04522168,n04522168/deviantart_6.jpg
imagenet_r,n04522168,n04522168/deviantart_7.jpg
imagenet_r,n04522168,n04522168/deviantart_8.jpg
imagenet_r,n04522168,n04522168/deviantart_9.jpg
imagenet_r,n04522168,n04522168/embroidery_0.jpg
imagenet_r,n04522168,n04522168/embroidery_1.jpg
imagenet_r,n04522168,n04522168/embroidery_10.jpg
imagenet_r,n04536866,n04536866/art_0.jpg
imagenet_r,n04536866,n04536866/art_1.jpg
imagenet_r,n04536866,n04536866/art_2.jpg
imagenet_r,n04536866,n04536866/art_3.jpg
imagenet_r,n04536866,n04536866/art_4.jpg
imagenet_r,n04536866,n04536866/art_5.jpg
imagenet_r,n04536866,n04536866/art_6.jpg
imagenet_r,n04536866,n04536866/cartoon_0.jpg
imagenet_r,n04536866,n04536866/cartoon_1.jpg
imagenet_r,n04536866,n04536866/cartoon_10.jpg
imagenet_r,n04536866,n04536866/cartoon_11.jpg
imagenet_r,n04536866,n04536866/cartoon_12.jpg
imagenet_r,n04536866,n04536866/cartoon_13.jpg
imagenet_r,n04536866,n04536866/cartoon_14.jpg
imagenet_r,n04536866,n04536866/cartoon_15.jpg
imagenet_r,n04536866,n04536866/cartoon_16.jpg
imagenet_r,n04536866,n04536866/cartoon_17.jpg
imagenet_r,n04536866,n04536866/cartoon_18.jpg
imagenet_r,n04536866,n04536866/cartoon_19.jpg
imagenet_r,n04536866,n04536866/cartoon_2.jpg
imagenet_r,n04536866,n04536866/cartoon_20.jpg
imagenet_r,n04536866,n04536866/cartoon_21.jpg
imagenet_r,n04536866,n04536866/cartoon_22.jpg
imagenet_r,n04536866,n04536866/cartoon_23.jpg
imagenet_r,n04536866,n04536866/cartoon_24.jpg
imagenet_r,n04536866,n04536866/cartoon_25.jpg
imagenet_r,n04536866,n04536866/cartoon_26.jpg
imagenet_r,n04536866,n04536866/cartoon_27.jpg
imagenet_r,n04536866,n04536866/cartoon_3.jpg
imagenet_r,n04536866,n04536866/cartoon_4.jpg
imagenet_r,n04536866,n04536866/cartoon_5.jpg
imagenet_r,n04536866,n04536866/cartoon_6.jpg
imagenet_r,n04536866,n04536866/cartoon_7.jpg
imagenet_r,n04536866,n04536866/cartoon_8.jpg
imagenet_r,n04536866,n04536866/cartoon_9.jpg
imagenet_r,n04536866,n04536866/deviantart_0.jpg
imagenet_r,n04536866,n04536866/deviantart_1.jpg
imagenet_r,n04536866,n04536866/deviantart_10.jpg
imagenet_r,n04536866,n04536866/deviantart_11.jpg
imagenet_r,n04536866,n04536866/deviantart_12.jpg
imagenet_r,n04536866,n04536866/deviantart_13.jpg
imagenet_r,n04536866,n04536866/deviantart_14.jpg
imagenet_r,n04536866,n04536866/deviantart_15.jpg
imagenet_r,n04536866,n04536866/deviantart_16.jpg
imagenet_r,n04536866,n04536866/deviantart_17.jpg
imagenet_r,n04536866,n04536866/deviantart_18.jpg
imagenet_r,n04536866,n04536866/deviantart_19.jpg
imagenet_r,n04536866,n04536866/deviantart_2.jpg
imagenet_r,n04536866,n04536866/deviantart_20.jpg
imagenet_r,n04536866,n04536866/deviantart_21.jpg
imagenet_r,n04552348,n04552348/art_0.jpg
imagenet_r,n04552348,n04552348/art_1.jpg
imagenet_r,n04552348,n04552348/art_10.jpg
imagenet_r,n04552348,n04552348/art_11.jpg
imagenet_r,n04552348,n04552348/art_12.jpg
imagenet_r,n04552348,n04552348/art_13.jpg
imagenet_r,n04552348,n04552348/art_14.jpg
imagenet_r,n04552348,n04552348/art_15.jpg
imagenet_r,n04552348,n04552348/art_16.jpg
imagenet_r,n04552348,n04552348/art_17.jpg
imagenet_r,n04552348,n04552348/art_18.jpg
imagenet_r,n04552348,n04552348/art_19.jpg
imagenet_r,n04552348,n04552348/art_2.jpg
imagenet_r,n04552348,n04552348/art_20.jpg
imagenet_r,n04552348,n04552348/art_21.jpg
imagenet_r,n04552348,n04552348/art_3.jpg
imagenet_r,n04552348,n04552348/art_4.jpg
imagenet_r,n04552348,n04552348/art_5.jpg
imagenet_r,n04552348,n04552348/art_6.jpg
imagenet_r,n04552348,n04552348/art_7.jpg
imagenet_r,n04552348,n04552348/art_8.jpg
imagenet_r,n04552348,n04552348/art_9.jpg
imagenet_r,n04552348,n04552348/cartoon_0.jpg
imagenet_r,n04552348,n04552348/cartoon_1.jpg
imagenet_r,n04552348,n04552348/cartoon_2.jpg
imagenet_r,n04552348,n04552348/cartoon_3.jpg
imagenet_r,n04552348,n04552348/cartoon_4.jpg
imagenet_r,n04552348,n04552348/cartoon_5.jpg
imagenet_r,n04552348,n04552348/deviantart_0.jpg
imagenet_r,n04552348,n04552348/deviantart_1.jpg
imagenet_r,n04552348,n04552348/deviantart_10.jpg
imagenet_r,n04552348,n04552348/deviantart_11.jpg
imagenet_r,n04552348,n04552348/deviantart_12.jpg
imagenet_r,n04552348,n04552348/deviantart_13.jpg
imagenet_r,n04552348,n04552348/deviantart_14.jpg
imagenet_r,n04552348,n04552348/deviantart_15.jpg
imagenet_r,n04552348,n04552348/deviantart_16.jpg
imagenet_r,n04552348,n04552348/deviantart_17.jpg
imagenet_r,n04552348,n04552348/deviantart_18.jpg
imagenet_r,n04552348,n04552348/deviantart_19.jpg
imagenet_r,n04552348,n04552348/deviantart_2.jpg
imagenet_r,n04552348,n04552348/deviantart_20.jpg
imagenet_r,n04552348,n04552348/deviantart_21.jpg
imagenet_r,n04552348,n04552348/deviantart_22.jpg
imagenet_r,n04552348,n04552348/deviantart_23.jpg
imagenet_r,n04552348,n04552348/deviantart_24.jpg
imagenet_r,n04552348,n04552348/deviantart_25.jpg
imagenet_r,n04552348,n04552348/deviantart_26.jpg
imagenet_r,n04552348,n04552348/deviantart_27.jpg
imagenet_r,n04552348,n04552348/deviantart_28.jpg
imagenet_r,n04591713,n04591713/art_0.jpg
imagenet_r,n04591713,n04591713/art_1.jpg
imagenet_r,n04591713,n04591713/cartoon_0.jpg
imagenet_r,n04591713,n04591713/cartoon_1.jpg
imagenet_r,n04591713,n04591713/cartoon_2.jpg
imagenet_r,n04591713,n04591713/cartoon_3.jpg
imagenet_r,n04591713,n04591713/cartoon_4.jpg
imagenet_r,n04591713,n04591713/cartoon_5.jpg
imagenet_r,n04591713,n04591713/cartoon_6.jpg
imagenet_r,n04591713,n04591713/cartoon_7.jpg
imagenet_r,n04591713,n04591713/cartoon_8.jpg
imagenet_r,n04591713,n04591713/deviantart_0.jpg
imagenet_r,n04591713,n04591713/deviantart_1.jpg
imagenet_r,n04591713,n04591713/deviantart_2.jpg
imagenet_r,n04591713,n04591713/deviantart_3.jpg
imagenet_r,n04591713,n04591713/deviantart_4.jpg
imagenet_r,n04591713,n04591713/deviantart_5.jpg
imagenet_r,n04591713,n04591713/deviantart_6.jpg
imagenet_r,n04591713,n04591713/deviantart_7.jpg
imagenet_r,n04591713,n04591713/deviantart_8.jpg
imagenet_r,n04591713,n04591713/embroidery_0.jpg
imagenet_r,n04591713,n04591713/embroidery_1.jpg
imagenet_r,n04591713,n04591713/graffiti_0.jpg
imagenet_r,n04591713,n04591713/graffiti_1.jpg
imagenet_r,n04591713,n04591713/graphic_0.jpg
imagenet_r,n04591713,n04591713/misc_0.jpg
imagenet_r,n04591713,n04591713/misc_1.jpg
imagenet_r,n04591713,n04591713/misc_2.jpg
imagenet_r,n04591713,n04591713/painting_0.jpg
imagenet_r,n04591713,n04591713/painting_1.jpg
imagenet_r,n04591713,n04591713/painting_10.jpg
imagenet_r,n04591713,n04591713/painting_11.jpg
imagenet_r,n04591713,n04591713/painting_12.jpg
imagenet_r,n04591713,n04591713/painting_13.jpg
imagenet_r,n04591713,n04591713/painting_14.jpg
imagenet_r,n04591713,n04591713/painting_15.jpg
imagenet_r,n04591713,n04591713/painting_16.jpg
imagenet_r,n04591713,n04591713/painting_17.jpg
imagenet_r,n04591713,n04591713/painting_18.jpg
imagenet_r,n04591713,n04591713/painting_19.jpg
imagenet_r,n04591713,n04591713/painting_2.jpg
imagenet_r,n04591713,n04591713/painting_20.jpg
imagenet_r,n04591713,n04591713/painting_21.jpg
imagenet_r,n04591713,n04591713/painting_22.jpg
imagenet_r,n04591713,n04591713/painting_23.jpg
imagenet_r,n04591713,n04591713/painting_24.jpg
imagenet_r,n04591713,n04591713/painting_25.jpg
imagenet_r,n04591713,n04591713/painting_26.jpg
imagenet_r,n04591713,n04591713/painting_27.jpg
imagenet_r,n04591713,n04591713/painting_28.jpg
imagenet_r,n07614500,n07614500/art_0.jpg
imagenet_r,n07614500,n07614500/art_1.jpg
imagenet_r,n07614500,n07614500/art_2.jpg
imagenet_r,n07614500,n07614500/art_3.jpg
imagenet_r,n07614500,n07614500/art_4.jpg
imagenet_r,n07614500,n07614500/art_5.jpg
imagenet_r,n07614500,n07614500/art_6.jpg
imagenet_r,n07614500,n07614500/art_7.jpg
imagenet_r,n07614500,n07614500/cartoon_0.jpg
imagenet_r,n07614500,n07614500/cartoon_1.jpg
imagenet_r,n07614500,n07614500/cartoon_10.jpg
imagenet_r,n07614500,n07614500/cartoon_11.jpg
imagenet_r,n07614500,n07614500/cartoon_12.jpg
imagenet_r,n07614500,n07614500/cartoon_13.jpg
imagenet_r,n07614500,n07614500/cartoon_14.jpg
imagenet_r,n07614500,n07614500/cartoon_15.jpg
imagenet_r,n07614500,n07614500/cartoon_16.jpg
imagenet_r,n07614500,n07614500/cartoon_17.jpg
imagenet_r,n07614500,n07614500/cartoon_18.jpg
imagenet_r,n07614500,n07614500/cartoon_19.jpg
imagenet_r,n07614500,n07614500/cartoon_2.jpg
imagenet_r,n07614500,n07614500/cartoon_20.jpg
imagenet_r,n07614500,n07614500/cartoon_21.jpg
imagenet_r,n07614500,n07614500/cartoon_22.jpg
imagenet_r,n07614500,n07614500/cartoon_23.jpg
imagenet_r,n07614500,n07614500/cartoon_3.jpg
imagenet_r,n07614500,n07614500/cartoon_4.jpg
imagenet_r,n07614500,n07614500/cartoon_5.jpg
imagenet_r,n07614500,n07614500/cartoon_6.jpg
imagenet_r,n07614500,n07614500/cartoon_7.jpg
imagenet_r,n07614500,n07614500/cartoon_8.jpg
imagenet_r,n07614500,n07614500/cartoon_9.jpg
imagenet_r,n07614500,n07614500/deviantart_0.jpg
imagenet_r,n07614500,n07614500/deviantart_1.jpg
imagenet_r,n07614500,n07614500/deviantart_10.jpg
imagenet_r,n07614500,n07614500/deviantart_11.jpg
imagenet_r,n07614500,n07614500/deviantart_12.jpg
imagenet_r,n07614500,n07614500/deviantart_13.jpg
imagenet_r,n07614500,n07614500/deviantart_14.jpg
imagenet_r,n07614500,n07614500/deviantart_15.jpg
imagenet_r,n07614500,n07614500/deviantart_16.jpg
imagenet_r,n07614500,n07614500/deviantart_17.jpg
imagenet_r,n07614500,n07614500/deviantart_18.jpg
imagenet_r,n07614500,n07614500/deviantart_19.jpg
imagenet_r,n07614500,n07614500/deviantart_2.jpg
imagenet_r,n07614500,n07614500/deviantart_20.jpg
imagenet_r,n07614500,n07614500/deviantart_3.jpg
imagenet_r,n07614500,n07614500/deviantart_4.jpg
imagenet_r,n07614500,n07614500/deviantart_5.jpg
imagenet_r,n07614500,n07614500/deviantart_6.jpg
imagenet_r,n07693725,n07693725/art_0.jpg
imagenet_r,n07693725,n07693725/cartoon_0.jpg
imagenet_r,n07693725,n07693725/cartoon_1.jpg
imagenet_r,n07693725,n07693725/cartoon_10.jpg
imagenet_r,n07693725,n07693725/cartoon_11.jpg
imagenet_r,n07693725,n07693725/cartoon_12.jpg
imagenet_r,n07693725,n07693725/cartoon_13.jpg
imagenet_r,n07693725,n07693725/cartoon_14.jpg
imagenet_r,n07693725,n07693725/cartoon_15.jpg
imagenet_r,n07693725,n07693725/cartoon_16.jpg
imagenet_r,n07693725,n07693725/cartoon_17.jpg
imagenet_r,n07693725,n07693725/cartoon_18.jpg
imagenet_r,n07693725,n07693725/cartoon_19.jpg
imagenet_r,n07693725,n07693725/cartoon_2.jpg
imagenet_r,n07693725,n07693725/cartoon_20.jpg
imagenet_r,n07693725,n07693725/cartoon_21.jpg
imagenet_r,n07693725,n07693725/cartoon_22.jpg
imagenet_r,n07693725,n07693725/cartoon_23.jpg
imagenet_r,n07693725,n07693725/cartoon_24.jpg
imagenet_r,n07693725,n07693725/cartoon_25.jpg
imagenet_r,n07693725,n07693725/cartoon_26.jpg
imagenet_r,n07693725,n07693725/cartoon_27.jpg
imagenet_r,n07693725,n07693725/cartoon_28.jpg
imagenet_r,n07693725,n07693725/cartoon_29.jpg
imagenet_r,n07693725,n07693725/cartoon_3.jpg
imagenet_r,n07693725,n07693725/cartoon_30.jpg
imagenet_r,n07693725,n07693725/cartoon_31.jpg
imagenet_r,n07693725,n07693725/cartoon_4.jpg
imagenet_r,n07693725,n07693725/cartoon_5.jpg
imagenet_r,n07693725,n07693725/cartoon_6.jpg
imagenet_r,n07693725,n07693725/cartoon_7.jpg
imagenet_r,n07693725,n07693725/cartoon_8.jpg
imagenet_r,n07693725,n07693725/cartoon_9.jpg
imagenet_r,n07693725,n07693725/deviantart_0.jpg
imagenet_r,n07693725,n07693725/deviantart_1.jpg
imagenet_r,n07693725,n07693725/deviantart_2.jpg
imagenet_r,n07693725,n07693725/deviantart_3.jpg
imagenet_r,n07693725,n07693725/deviantart_4.jpg
imagenet_r,n07693725,n07693725/deviantart_5.jpg
imagenet_r,n07693725,n07693725/deviantart_6.jpg
imagenet_r,n07693725,n07693725/deviantart_7.jpg
imagenet_r,n07693725,n07693725/deviantart_8.jpg
imagenet_r,n07693725,n07693725/graffiti_0.jpg
imagenet_r,n07693725,n07693725/graffiti_1.jpg
imagenet_r,n07693725,n07693725/misc_0.jpg
imagenet_r,n07693725,n07693725/misc_1.jpg
imagenet_r,n07693725,n07693725/painting_0.jpg
imagenet_r,n07693725,n07693725/painting_1.jpg
imagenet_r,n07693725,n07693725/painting_10.jpg
imagenet_r,n07693725,n07693725/painting_11.jpg
imagenet_r,n07695742,n07695742/art_0.jpg
imagenet_r,n07695742,n07695742/art_1.jpg
imagenet_r,n07695742,n07695742/cartoon_0.jpg
imagenet_r,n07695742,n07695742/cartoon_1.jpg
imagenet_r,n07695742,n07695742/cartoon_10.jpg
imagenet_r,n07695742,n07695742/cartoon_11.jpg
imagenet_r,n07695742,n07695742/cartoon_12.jpg
imagenet_r,n07695742,n07695742/cartoon_13.jpg
imagenet_r,n07695742,n07695742/cartoon_14.jpg
imagenet_r,n07695742,n07695742/cartoon_15.jpg
imagenet_r,n07695742,n07695742/cartoon_16.jpg
imagenet_r,n07695742,n07695742/cartoon_17.jpg
imagenet_r,n07695742,n07695742/cartoon_18.jpg
imagenet_r,n07695742,n07695742/cartoon_19.jpg
imagenet_r,n07695742,n07695742/cartoon_2.jpg
imagenet_r,n07695742,n07695742/cartoon_20.jpg
imagenet_r,n07695742,n07695742/cartoon_3.jpg
imagenet_r,n07695742,n07695742/cartoon_4.jpg
imagenet_r,n07695742,n07695742/cartoon_5.jpg
imagenet_r,n07695742,n07695742/cartoon_6.jpg
imagenet_r,n07695742,n07695742/cartoon_7.jpg
imagenet_r,n07695742,n07695742/cartoon_8.jpg
imagenet_r,n07695742,n07695742/cartoon_9.jpg
imagenet_r,n07695742,n07695742/deviantart_0.jpg
imagenet_r,n07695742,n07695742/deviantart_1.jpg
imagenet_r,n07695742,n07695742/deviantart_10.jpg
imagenet_r,n07695742,n07695742/deviantart_11.jpg
imagenet_r,n07695742,n07695742/deviantart_12.jpg
imagenet_r,n07695742,n07695742/deviantart_13.jpg
imagenet_r,n07695742,n07695742/deviantart_14.jpg
imagenet_r,n07695742,n07695742/deviantart_2.jpg
imagenet_r,n07695742,n07695742/deviantart_3.jpg
imagenet_r,n07695742,n07695742/deviantart_4.jpg
imagenet_r,n07695742,n07695742/deviantart_5.jpg
imagenet_r,n07695742,n07695742/deviantart_6.jpg
imagenet_r,n07695742,n07695742/deviantart_7.jpg
imagenet_r,n07695742,n07695742/deviantart_8.jpg
imagenet_r,n07695742,n07695742/deviantart_9.jpg
imagenet_r,n07695742,n07695742/embroidery_0.jpg
imagenet_r,n07695742,n07695742/embroidery_1.jpg
imagenet_r,n07695742,n07695742/embroidery_2.jpg
imagenet_r,n07695742,n07695742/embroidery_3.jpg
imagenet_r,n07695742,n07695742/graffiti_0.jpg
imagenet_r,n07695742,n07695742/graffiti_1.jpg
imagenet_r,n07695742,n07695742/graffiti_2.jpg
imagenet_r,n07695742,n07695742/graphic_0.jpg
imagenet_r,n07695742,n07695742/misc_0.jpg
imagenet_r,n07695742,n07695742/misc_1.jpg
imagenet_r,n07695742,n07695742/misc_10.jpg
imagenet_r,n07695742,n07695742/misc_11.jpg
imagenet_r,n07697313,n07697313/art_0.jpg
imagenet_r,n07697313,n07697313/art_1.jpg
imagenet_r,n07697313,n07697313/art_10.jpg
imagenet_r,n07697313,n07697313/art_11.jpg
imagenet_r,n07697313,n07697313/art_12.jpg
imagenet_r,n07697313,n07697313/art_13.jpg
imagenet_r,n07697313,n07697313/art_14.jpg
imagenet_r,n07697313,n07697313/art_15.jpg
imagenet_r,n07697313,n07697313/art_16.jpg
imagenet_r,n07697313,n07697313/art_17.jpg
imagenet_r,n07697313,n07697313/art_18.jpg
imagenet_r,n07697313,n07697313/art_19.jpg
imagenet_r,n07697313,n07697313/art_2.jpg
imagenet_r,n07697313,n07697313/art_20.jpg
imagenet_r,n07697313,n07697313/art_21.jpg
imagenet_r,n07697313,n07697313/art_22.jpg
imagenet_r,n07697313,n07697313/art_23.jpg
imagenet_r,n07697313,n07697313/art_24.jpg
imagenet_r,n07697313,n07697313/art_25.jpg
imagenet_r,n07697313,n07697313/art_26.jpg
imagenet_r,n07697313,n07697313/art_27.jpg
imagenet_r,n07697313,n07697313/art_28.jpg
imagenet_r,n07697313,n07697313/art_29.jpg
imagenet_r,n07697313,n07697313/art_3.jpg
imagenet_r,n07697313,n07697313/art_30.jpg
imagenet_r,n07697313,n07697313/art_31.jpg
imagenet_r,n07697313,n07697313/art_32.jpg
imagenet_r,n07697313,n07697313/art_33.jpg
imagenet_r,n07697313,n07697313/art_34.jpg
imagenet_r,n07697313,n07697313/art_35.jpg
imagenet_r,n07697313,n07697313/art_36.jpg
imagenet_r,n07697313,n07697313/art_37.jpg
imagenet_r,n07697313,n07697313/art_38.jpg
imagenet_r,n07697313,n07697313/art_39.jpg
imagenet_r,n07697313,n07697313/art_4.jpg
imagenet_r,n07697313,n07697313/art_40.jpg
imagenet_r,n07697313,n07697313/art_41.jpg
imagenet_r,n07697313,n07697313/art_42.jpg
imagenet_r,n07697313,n07697313/art_43.jpg
imagenet_r,n07697313,n07697313/art_5.jpg
imagenet_r,n07697313,n07697313/art_6.jpg
imagenet_r,n07697313,n07697313/art_7.jpg
imagenet_r,n07697313,n07697313/art_8.jpg
imagenet_r,n07697313,n07697313/art_9.jpg
imagenet_r,n07697313,n07697313/cartoon_0.jpg
imagenet_r,n07697313,n07697313/cartoon_1.jpg
imagenet_r,n07697313,n07697313/cartoon_10.jpg
imagenet_r,n07697313,n07697313/cartoon_11.jpg
imagenet_r,n07697313,n07697313/cartoon_12.jpg
imagenet_r,n07697313,n07697313/cartoon_13.jpg
imagenet_r,n07697537,n07697537/deviantart_0.jpg
imagenet_r,n07697537,n07697537/deviantart_1.jpg
imagenet_r,n07697537,n07697537/deviantart_10.jpg
imagenet_r,n07697537,n07697537/deviantart_11.jpg
imagenet_r,n07697537,n07697537/deviantart_12.jpg
imagenet_r,n07697537,n07697537/deviantart_13.jpg
imagenet_r,n07697537,n07697537/deviantart_14.jpg
imagenet_r,n07697537,n07697537/deviantart_15.jpg
imagenet_r,n07697537,n07697537/deviantart_16.jpg
imagenet_r,n07697537,n07697537/deviantart_17.jpg
imagenet_r,n07697537,n07697537/deviantart_18.jpg
imagenet_r,n07697537,n07697537/deviantart_19.jpg
imagenet_r,n07697537,n07697537/deviantart_2.jpg
imagenet_r,n07697537,n07697537/deviantart_20.jpg
imagenet_r,n07697537,n07697537/deviantart_21.jpg
imagenet_r,n07697537,n07697537/deviantart_22.jpg
imagenet_r,n07697537,n07697537/deviantart_23.jpg
imagenet_r,n07697537,n07697537/deviantart_24.jpg
imagenet_r,n07697537,n07697537/deviantart_25.jpg
imagenet_r,n07697537,n07697537/deviantart_26.jpg
imagenet_r,n07697537,n07697537/deviantart_27.jpg
imagenet_r,n07697537,n07697537/deviantart_28.jpg
imagenet_r,n07697537,n07697537/deviantart_29.jpg
imagenet_r,n07697537,n07697537/deviantart_3.jpg
imagenet_r,n07697537,n07697537/deviantart_30.jpg
imagenet_r,n07697537,n07697537/deviantart_31.jpg
imagenet_r,n07697537,n07697537/deviantart_32.jpg
imagenet_r,n07697537,n07697537/deviantart_4.jpg
imagenet_r,n07697537,n07697537/deviantart_5.jpg
imagenet_r,n07697537,n07697537/deviantart_6.jpg
imagenet_r,n07697537,n07697537/deviantart_7.jpg
imagenet_r,n07697537,n07697537/deviantart_8.jpg
imagenet_r,n07697537,n07697537/deviantart_9.jpg
imagenet_r,n07697537,n07697537/misc_0.jpg
imagenet_r,n07697537,n07697537/misc_1.jpg
imagenet_r,n07697537,n07697537/misc_10.jpg
imagenet_r,n07697537,n07697537/misc_100.jpg
imagenet_r,n07697537,n07697537/misc_101.jpg
imagenet_r,n07697537,n07697537/misc_102.jpg
imagenet_r,n07697537,n07697537/misc_103.jpg
imagenet_r,n07697537,n07697537/misc_104.jpg
imagenet_r,n07697537,n07697537/misc_105.jpg
imagenet_r,n07697537,n07697537/misc_106.jpg
imagenet_r,n07697537,n07697537/misc_107.jpg
imagenet_r,n07697537,n07697537/misc_108.jpg
imagenet_r,n07697537,n07697537/misc_109.jpg
imagenet_r,n07697537,n07697537/misc_11.jpg
imagenet_r,n07697537,n07697537/misc_110.jpg
imagenet_r,n07697537,n07697537/misc_111.jpg
imagenet_r,n07697537,n07697537/misc_112.jpg
imagenet_r,n07714571,n07714571/art_0.jpg
imagenet_r,n07714571,n07714571/art_1.jpg
imagenet_r,n07714571,n07714571/art_2.jpg
imagenet_r,n07714571,n07714571/art_3.jpg
imagenet_r,n07714571,n07714571/art_4.jpg
imagenet_r,n07714571,n07714571/cartoon_0.jpg
imagenet_r,n07714571,n07714571/cartoon_1.jpg
imagenet_r,n07714571,n07714571/cartoon_2.jpg
imagenet_r,n07714571,n07714571/cartoon_3.jpg
imagenet_r,n07714571,n07714571/cartoon_4.jpg
imagenet_r,n07714571,n07714571/cartoon_5.jpg
imagenet_r,n07714571,n07714571/cartoon_6.jpg
imagenet_r,n07714571,n07714571/cartoon_7.jpg
imagenet_r,n07714571,n07714571/deviantart_0.jpg
imagenet_r,n07714571,n07714571/deviantart_1.jpg
imagenet_r,n07714571,n07714571/deviantart_2.jpg
imagenet_r,n07714571,n07714571/deviantart_3.jpg
imagenet_r,n07714571,n07714571/deviantart_4.jpg
imagenet_r,n07714571,n07714571/deviantart_5.jpg
imagenet_r,n07714571,n07714571/deviantart_6.jpg
imagenet_r,n07714571,n07714571/deviantart_7.jpg
imagenet_r,n07714571,n07714571/deviantart_8.jpg
imagenet_r,n07714571,n07714571/graffiti_0.jpg
imagenet_r,n07714571,n07714571/graphic_0.jpg
imagenet_r,n07714571,n07714571/graphic_1.jpg
imagenet_r,n07714571,n07714571/misc_0.jpg
imagenet_r,n07714571,n07714571/misc_1.jpg
imagenet_r,n07714571,n07714571/misc_2.jpg
imagenet_r,n07714571,n07714571/misc_3.jpg
imagenet_r,n07714571,n07714571/misc_4.jpg
imagenet_r,n07714571,n07714571/misc_5.jpg
imagenet_r,n07714571,n07714571/origami_0.jpg
imagenet_r,n07714571,n07714571/painting_0.jpg
imagenet_r,n07714571,n07714571/painting_1.jpg
imagenet_r,n07714571,n07714571/painting_10.jpg
imagenet_r,n07714571,n07714571/painting_11.jpg
imagenet_r,n07714571,n07714571/painting_12.jpg
imagenet_r,n07714571,n07714571/painting_13.jpg
imagenet_r,n07714571,n07714571/painting_14.jpg
imagenet_r,n07714571,n07714571/painting_15.jpg
imagenet_r,n07714571,n07714571/painting_16.jpg
imagenet_r,n07714571,n07714571/painting_17.jpg
imagenet_r,n07714571,n07714571/painting_18.jpg
imagenet_r,n07714571,n07714571/painting_19.jpg
imagenet_r,n07714571,n07714571/painting_2.jpg
imagenet_r,n07714571,n07714571/painting_20.jpg
imagenet_r,n07714571,n07714571/painting_21.jpg
imagenet_r,n07714571,n07714571/painting_22.jpg
imagenet_r,n07714571,n07714571/painting_23.jpg
imagenet_r,n07714571,n07714571/painting_24.jpg
imagenet_r,n07714990,n07714990/art_0.jpg
imagenet_r,n07714990,n07714990/art_1.jpg
imagenet_r,n07714990,n07714990/art_2.jpg
imagenet_r,n07714990,n07714990/art_3.jpg
imagenet_r,n07714990,n07714990/cartoon_0.jpg
imagenet_r,n07714990,n07714990/cartoon_1.jpg
imagenet_r,n07714990,n07714990/cartoon_10.jpg
imagenet_r,n07714990,n07714990/cartoon_11.jpg
imagenet_r,n07714990,n07714990/cartoon_12.jpg
imagenet_r,n07714990,n07714990/cartoon_13.jpg
imagenet_r,n07714990,n07714990/cartoon_14.jpg
imagenet_r,n07714990,n07714990/cartoon_15.jpg
imagenet_r,n07714990,n07714990/cartoon_16.jpg
imagenet_r,n07714990,n07714990/cartoon_17.jpg
imagenet_r,n07714990,n07714990/cartoon_18.jpg
imagenet_r,n07714990,n07714990/cartoon_19.jpg
imagenet_r,n07714990,n07714990/cartoon_2.jpg
imagenet_r,n07714990,n07714990/cartoon_20.jpg
imagenet_r,n07714990,n07714990/cartoon_21.jpg
imagenet_r,n07714990,n07714990/cartoon_22.jpg
imagenet_r,n07714990,n07714990/cartoon_23.jpg
imagenet_r,n07714990,n07714990/cartoon_24.jpg
imagenet_r,n07714990,n07714990/cartoon_25.jpg
imagenet_r,n07714990,n07714990/cartoon_26.jpg
imagenet_r,n07714990,n07714990/cartoon_27.jpg
imagenet_r,n07714990,n07714990/cartoon_28.jpg
imagenet_r,n07714990,n07714990/cartoon_29.jpg
imagenet_r,n07714990,n07714990/cartoon_3.jpg
imagenet_r,n07714990,n07714990/cartoon_30.jpg
imagenet_r,n07714990,n07714990/cartoon_31.jpg
imagenet_r,n07714990,n07714990/cartoon_32.jpg
imagenet_r,n07714990,n07714990/cartoon_33.jpg
imagenet_r,n07714990,n07714990/cartoon_34.jpg
imagenet_r,n07714990,n07714990/cartoon_35.jpg
imagenet_r,n07714990,n07714990/cartoon_36.jpg
imagenet_r,n07714990,n07714990/cartoon_37.jpg
imagenet_r,n07714990,n07714990/cartoon_38.jpg
imagenet_r,n07714990,n07714990/cartoon_4.jpg
imagenet_r,n07714990,n07714990/cartoon_5.jpg
imagenet_r,n07714990,n07714990/cartoon_6.jpg
imagenet_r,n07714990,n07714990/cartoon_7.jpg
imagenet_r,n07714990,n07714990/cartoon_8.jpg
imagenet_r,n07714990,n07714990/cartoon_9.jpg
imagenet_r,n07714990,n07714990/deviantart_0.jpg
imagenet_r,n07714990,n07714990/deviantart_1.jpg
imagenet_r,n07714990,n07714990/deviantart_10.jpg
imagenet_r,n07714990,n07714990/deviantart_11.jpg
imagenet_r,n07714990,n07714990/deviantart_12.jpg
imagenet_r,n07714990,n07714990/deviantart_13.jpg
imagenet_r,n07714990,n07714990/deviantart_14.jpg
imagenet_r,n07718472,n07718472/art_0.jpg
imagenet_r,n07718472,n07718472/art_1.jpg
imagenet_r,n07718472,n07718472/art_2.jpg
imagenet_r,n07718472,n07718472/art_3.jpg
imagenet_r,n07718472,n07718472/cartoon_0.jpg
imagenet_r,n07718472,n07718472/cartoon_1.jpg
imagenet_r,n07718472,n07718472/cartoon_10.jpg
imagenet_r,n07718472,n07718472/cartoon_11.jpg
imagenet_r,n07718472,n07718472/cartoon_12.jpg
imagenet_r,n07718472,n07718472/cartoon_13.jpg
imagenet_r,n07718472,n07718472/cartoon_14.jpg
imagenet_r,n07718472,n07718472/cartoon_15.jpg
imagenet_r,n07718472,n07718472/cartoon_16.jpg
imagenet_r,n07718472,n07718472/cartoon_17.jpg
imagenet_r,n07718472,n07718472/cartoon_18.jpg
imagenet_r,n07718472,n07718472/cartoon_19.jpg
imagenet_r,n07718472,n07718472/cartoon_2.jpg
imagenet_r,n07718472,n07718472/cartoon_20.jpg
imagenet_r,n07718472,n07718472/cartoon_3.jpg
imagenet_r,n07718472,n07718472/cartoon_4.jpg
imagenet_r,n07718472,n07718472/cartoon_5.jpg
imagenet_r,n07718472,n07718472/cartoon_6.jpg
imagenet_r,n07718472,n07718472/cartoon_7.jpg
imagenet_r,n07718472,n07718472/cartoon_8.jpg
imagenet_r,n07718472,n07718472/cartoon_9.jpg
imagenet_r,n07718472,n07718472/deviantart_0.jpg
imagenet_r,n07718472,n07718472/deviantart_1.jpg
imagenet_r,n07718472,n07718472/deviantart_2.jpg
imagenet_r,n07718472,n07718472/deviantart_3.jpg
imagenet_r,n07718472,n07718472/deviantart_4.jpg
imagenet_r,n07718472,n07718472/deviantart_5.jpg
imagenet_r,n07718472,n07718472/deviantart_6.jpg
imagenet_r,n07718472,n07718472/embroidery_0.jpg
imagenet_r,n07718472,n07718472/embroidery_1.jpg
imagenet_r,n07718472,n07718472/graffiti_0.jpg
imagenet_r,n07718472,n07718472/graffiti_1.jpg
imagenet_r,n07718472,n07718472/graphic_0.jpg
imagenet_r,n07718472,n07718472/misc_0.jpg
imagenet_r,n07718472,n07718472/misc_1.jpg
imagenet_r,n07718472,n07718472/painting_0.jpg
imagenet_r,n07718472,n07718472/painting_1.jpg
imagenet_r,n07718472,n07718472/painting_10.jpg
imagenet_r,n07718472,n07718472/painting_11.jpg
imagenet_r,n07718472,n07718472/painting_12.jpg
imagenet_r,n07718472,n07718472/painting_13.jpg
imagenet_r,n07718472,n07718472/painting_2.jpg
imagenet_r,n07718472,n07718472/painting_3.jpg
imagenet_r,n07718472,n07718472/painting_4.jpg
imagenet_r,n07718472,n07718472/painting_5.jpg
imagenet_r,n07718472,n07718472/painting_6.jpg
imagenet_r,n07720875,n07720875/art_0.jpg
imagenet_r,n07720875,n07720875/art_1.jpg
imagenet_r,n07720875,n07720875/art_10.jpg
imagenet_r,n07720875,n07720875/art_11.jpg
imagenet_r,n07720875,n07720875/art_12.jpg
imagenet_r,n07720875,n07720875/art_13.jpg
imagenet_r,n07720875,n07720875/art_14.jpg
imagenet_r,n07720875,n07720875/art_15.jpg
imagenet_r,n07720875,n07720875/art_16.jpg
imagenet_r,n07720875,n07720875/art_17.jpg
imagenet_r,n07720875,n07720875/art_2.jpg
imagenet_r,n07720875,n07720875/art_3.jpg
imagenet_r,n07720875,n07720875/art_4.jpg
imagenet_r,n07720875,n07720875/art_5.jpg
imagenet_r,n07720875,n07720875/art_6.jpg
imagenet_r,n07720875,n07720875/art_7.jpg
imagenet_r,n07720875,n07720875/art_8.jpg
imagenet_r,n07720875,n07720875/art_9.jpg
imagenet_r,n07720875,n07720875/cartoon_0.jpg
imagenet_r,n07720875,n07720875/cartoon_1.jpg
imagenet_r,n07720875,n07720875/cartoon_10.jpg
imagenet_r,n07720875,n07720875/cartoon_11.jpg
imagenet_r,n07720875,n07720875/cartoon_12.jpg
imagenet_r,n07720875,n07720875/cartoon_2.jpg
imagenet_r,n07720875,n07720875/cartoon_3.jpg
imagenet_r,n07720875,n07720875/cartoon_4.jpg
imagenet_r,n07720875,n07720875/cartoon_5.jpg
imagenet_r,n07720875,n07720875/cartoon_6.jpg
imagenet_r,n07720875,n07720875/cartoon_7.jpg
imagenet_r,n07720875,n07720875/cartoon_8.jpg
imagenet_r,n07720875,n07720875/cartoon_9.jpg
imagenet_r,n07720875,n07720875/deviantart_0.jpg
imagenet_r,n07720875,n07720875/deviantart_1.jpg
imagenet_r,n07720875,n07720875/deviantart_10.jpg
imagenet_r,n07720875,n07720875/deviantart_11.jpg
imagenet_r,n07720875,n07720875/deviantart_12.jpg
imagenet_r,n07720875,n07720875/deviantart_13.jpg
imagenet_r,n07720875,n07720875/deviantart_14.jpg
imagenet_r,n07720875,n07720875/deviantart_15.jpg
imagenet_r,n07720875,n07720875/deviantart_16.jpg
imagenet_r,n07720875,n07720875/deviantart_17.jpg
imagenet_r,n07720875,n07720875/deviantart_18.jpg
imagenet_r,n07720875,n07720875/deviantart_19.jpg
imagenet_r,n07720875,n07720875/deviantart_2.jpg
imagenet_r,n07720875,n07720875/deviantart_20.jpg
imagenet_r,n07720875,n07720875/deviantart_21.jpg
imagenet_r,n07720875,n07720875/deviantart_22.jpg
imagenet_r,n07720875,n07720875/deviantart_23.jpg
imagenet_r,n07720875,n07720875/deviantart_24.jpg
imagenet_r,n07720875,n07720875/deviantart_3.jpg
imagenet_r,n07734744,n07734744/art_0.jpg
imagenet_r,n07734744,n07734744/art_1.jpg
imagenet_r,n07734744,n07734744/art_10.jpg
imagenet_r,n07734744,n07734744/art_11.jpg
imagenet_r,n07734744,n07734744/art_12.jpg
imagenet_r,n07734744,n07734744/art_13.jpg
imagenet_r,n07734744,n07734744/art_14.jpg
imagenet_r,n07734744,n07734744/art_15.jpg
imagenet_r,n07734744,n07734744/art_16.jpg
imagenet_r,n07734744,n07734744/art_17.jpg
imagenet_r,n07734744,n07734744/art_18.jpg
imagenet_r,n07734744,n07734744/art_19.jpg
imagenet_r,n07734744,n07734744/art_2.jpg
imagenet_r,n07734744,n07734744/art_20.jpg
imagenet_r,n07734744,n07734744/art_21.jpg
imagenet_r,n07734744,n07734744/art_22.jpg
imagenet_r,n07734744,n07734744/art_23.jpg
imagenet_r,n07734744,n07734744/art_24.jpg
imagenet_r,n07734744,n07734744/art_3.jpg
imagenet_r,n07734744,n07734744/art_4.jpg
imagenet_r,n07734744,n07734744/art_5.jpg
imagenet_r,n07734744,n07734744/art_6.jpg
imagenet_r,n07734744,n07734744/art_7.jpg
imagenet_r,n07734744,n07734744/art_8.jpg
imagenet_r,n07734744,n07734744/art_9.jpg
imagenet_r,n07734744,n07734744/cartoon_0.jpg
imagenet_r,n07734744,n07734744/cartoon_1.jpg
imagenet_r,n07734744,n07734744/cartoon_10.jpg
imagenet_r,n07734744,n07734744/cartoon_11.jpg
imagenet_r,n07734744,n07734744/cartoon_12.jpg
imagenet_r,n07734744,n07734744/cartoon_13.jpg
imagenet_r,n07734744,n07734744/cartoon_14.jpg
imagenet_r,n07734744,n07734744/cartoon_15.jpg
imagenet_r,n07734744,n07734744/cartoon_16.jpg
imagenet_r,n07734744,n07734744/cartoon_17.jpg
imagenet_r,n07734744,n07734744/cartoon_18.jpg
imagenet_r,n07734744,n07734744/cartoon_19.jpg
imagenet_r,n07734744,n07734744/cartoon_2.jpg
imagenet_r,n07734744,n07734744/cartoon_20.jpg
imagenet_r,n07734744,n07734744/cartoon_21.jpg
imagenet_r,n07734744,n07734744/cartoon_22.jpg
imagenet_r,n07734744,n07734744/cartoon_23.jpg
imagenet_r,n07734744,n07734744/cartoon_24.jpg
imagenet_r,n07734744,n07734744/cartoon_25.jpg
imagenet_r,n07734744,n07734744/cartoon_26.jpg
imagenet_r,n07734744,n07734744/cartoon_27.jpg
imagenet_r,n07734744,n07734744/cartoon_28.jpg
imagenet_r,n07734744,n07734744/cartoon_29.jpg
imagenet_r,n07734744,n07734744/cartoon_3.jpg
imagenet_r,n07734744,n07734744/cartoon_30.jpg
imagenet_r,n07742313,n07742313/art_0.jpg
imagenet_r,n07742313,n07742313/art_1.jpg
imagenet_r,n07742313,n07742313/art_2.jpg
imagenet_r,n07742313,n07742313/art_3.jpg
imagenet_r,n07742313,n07742313/art_4.jpg
imagenet_r,n07742313,n07742313/cartoon_0.jpg
imagenet_r,n07742313,n07742313/cartoon_1.jpg
imagenet_r,n07742313,n07742313/cartoon_2.jpg
imagenet_r,n07742313,n07742313/cartoon_3.jpg
imagenet_r,n07742313,n07742313/cartoon_4.jpg
imagenet_r,n07742313,n07742313/deviantart_0.jpg
imagenet_r,n07742313,n07742313/deviantart_1.jpg
imagenet_r,n07742313,n07742313/deviantart_10.jpg
imagenet_r,n07742313,n07742313/deviantart_11.jpg
imagenet_r,n07742313,n07742313/deviantart_12.jpg
imagenet_r,n07742313,n07742313/deviantart_13.jpg
imagenet_r,n07742313,n07742313/deviantart_2.jpg
imagenet_r,n07742313,n07742313/deviantart_3.jpg
imagenet_r,n07742313,n07742313/deviantart_4.jpg
imagenet_r,n07742313,n07742313/deviantart_5.jpg
imagenet_r,n07742313,n07742313/deviantart_6.jpg
imagenet_r,n07742313,n07742313/deviantart_7.jpg
imagenet_r,n07742313,n07742313/deviantart_8.jpg
imagenet_r,n07742313,n07742313/deviantart_9.jpg
imagenet_r,n07742313,n07742313/graphic_0.jpg
imagenet_r,n07742313,n07742313/misc_0.jpg
imagenet_r,n07742313,n07742313/painting_0.jpg
imagenet_r,n07742313,n07742313/painting_1.jpg
imagenet_r,n07742313,n07742313/painting_10.jpg
imagenet_r,n07742313,n07742313/painting_11.jpg
imagenet_r,n07742313,n07742313/painting_12.jpg
imagenet_r,n07742313,n07742313/painting_13.jpg
imagenet_r,n07742313,n07742313/painting_14.jpg
imagenet_r,n07742313,n07742313/painting_15.jpg
imagenet_r,n07742313,n07742313/painting_16.jpg
imagenet_r,n07742313,n07742313/painting_17.jpg
imagenet_r,n07742313,n07742313/painting_18.jpg
imagenet_r,n07742313,n07742313/painting_19.jpg
imagenet_r,n07742313,n07742313/painting_2.jpg
imagenet_r,n07742313,n07742313/painting_20.jpg
imagenet_r,n07742313,n07742313/painting_21.jpg
imagenet_r,n07742313,n07742313/painting_22.jpg
imagenet_r,n07742313,n07742313/painting_23.jpg
imagenet_r,n07742313,n07742313/painting_24.jpg
imagenet_r,n07742313,n07742313/painting_25.jpg
imagenet_r,n07742313,n07742313/painting_26.jpg
imagenet_r,n07742313,n07742313/painting_27.jpg
imagenet_r,n07742313,n07742313/painting_3.jpg
imagenet_r,n07742313,n07742313/painting_4.jpg
imagenet_r,n07742313,n07742313/painting_5.jpg
imagenet_r,n07745940,n07745940/art_0.jpg
imagenet_r,n07745940,n07745940/art_1.jpg
imagenet_r,n07745940,n07745940/art_10.jpg
imagenet_r,n07745940,n07745940/art_11.jpg
imagenet_r,n07745940,n07745940/art_12.jpg
imagenet_r,n07745940,n07745940/art_13.jpg
imagenet_r,n07745940,n07745940/art_14.jpg
imagenet_r,n07745940,n07745940/art_15.jpg
imagenet_r,n07745940,n07745940/art_16.jpg
imagenet_r,n07745940,n07745940/art_17.jpg
imagenet_r,n07745940,n07745940/art_2.jpg
imagenet_r,n07745940,n07745940/art_3.jpg
imagenet_r,n07745940,n07745940/art_4.jpg
imagenet_r,n07745940,n07745940/art_5.jpg
imagenet_r,n07745940,n07745940/art_6.jpg
imagenet_r,n07745940,n07745940/art_7.jpg
imagenet_r,n07745940,n07745940/art_8.jpg
imagenet_r,n07745940,n07745940/art_9.jpg
imagenet_r,n07745940,n07745940/cartoon_0.jpg
imagenet_r,n07745940,n07745940/cartoon_1.jpg
imagenet_r,n07745940,n07745940/cartoon_10.jpg
imagenet_r,n07745940,n07745940/cartoon_11.jpg
imagenet_r,n07745940,n07745940/cartoon_12.jpg
imagenet_r,n07745940,n07745940/cartoon_13.jpg
imagenet_r,n07745940,n07745940/cartoon_14.jpg
imagenet_r,n07745940,n07745940/cartoon_15.jpg
imagenet_r,n07745940,n07745940/cartoon_16.jpg
imagenet_r,n07745940,n07745940/cartoon_17.jpg
imagenet_r,n07745940,n07745940/cartoon_18.jpg
imagenet_r,n07745940,n07745940/cartoon_19.jpg
imagenet_r,n07745940,n07745940/cartoon_2.jpg
imagenet_r,n07745940,n07745940/cartoon_20.jpg
imagenet_r,n07745940,n07745940/cartoon_3.jpg
imagenet_r,n07745940,n07745940/cartoon_4.jpg
imagenet_r,n07745940,n07745940/cartoon_5.jpg
imagenet_r,n07745940,n07745940/cartoon_6.jpg
imagenet_r,n07745940,n07745940/cartoon_7.jpg
imagenet_r,n07745940,n07745940/cartoon_8.jpg
imagenet_r,n07745940,n07745940/cartoon_9.jpg
imagenet_r,n07745940,n07745940/deviantart_0.jpg
imagenet_r,n07745940,n07745940/deviantart_1.jpg
imagenet_r,n07745940,n07745940/deviantart_10.jpg
imagenet_r,n07745940,n07745940/deviantart_11.jpg
imagenet_r,n07745940,n07745940/deviantart_12.jpg
imagenet_r,n07745940,n07745940/deviantart_13.jpg
imagenet_r,n07745940,n07745940/deviantart_14.jpg
imagenet_r,n07745940,n07745940/deviantart_15.jpg
imagenet_r,n07745940,n07745940/deviantart_16.jpg
imagenet_r,n07745940,n07745940/deviantart_17.jpg
imagenet_r,n07745940,n07745940/deviantart_18.jpg
imagenet_r,n07749582,n07749582/art_0.jpg
imagenet_r,n07749582,n07749582/art_1.jpg
imagenet_r,n07749582,n07749582/art_2.jpg
imagenet_r,n07749582,n07749582/art_3.jpg
imagenet_r,n07749582,n07749582/art_4.jpg
imagenet_r,n07749582,n07749582/art_5.jpg
imagenet_r,n07749582,n07749582/art_6.jpg
imagenet_r,n07749582,n07749582/art_7.jpg
imagenet_r,n07749582,n07749582/art_8.jpg
imagenet_r,n07749582,n07749582/cartoon_0.jpg
imagenet_r,n07749582,n07749582/cartoon_1.jpg
imagenet_r,n07749582,n07749582/cartoon_10.jpg
imagenet_r,n07749582,n07749582/cartoon_11.jpg
imagenet_r,n07749582,n07749582/cartoon_12.jpg
imagenet_r,n07749582,n07749582/cartoon_13.jpg
imagenet_r,n07749582,n07749582/cartoon_2.jpg
imagenet_r,n07749582,n07749582/cartoon_3.jpg
imagenet_r,n07749582,n07749582/cartoon_4.jpg
imagenet_r,n07749582,n07749582/cartoon_5.jpg
imagenet_r,n07749582,n07749582/cartoon_6.jpg
imagenet_r,n07749582,n07749582/cartoon_7.jpg
imagenet_r,n07749582,n07749582/cartoon_8.jpg
imagenet_r,n07749582,n07749582/cartoon_9.jpg
imagenet_r,n07749582,n07749582/deviantart_0.jpg
imagenet_r,n07749582,n07749582/deviantart_1.jpg
imagenet_r,n07749582,n07749582/deviantart_10.jpg
imagenet_r,n07749582,n07749582/deviantart_11.jpg
imagenet_r,n07749582,n07749582/deviantart_12.jpg
imagenet_r,n07749582,n07749582/deviantart_13.jpg
imagenet_r,n07749582,n07749582/deviantart_14.jpg
imagenet_r,n07749582,n07749582/deviantart_15.jpg
imagenet_r,n07749582,n07749582/deviantart_16.jpg
imagenet_r,n07749582,n07749582/deviantart_17.jpg
imagenet_r,n07749582,n07749582/deviantart_18.jpg
imagenet_r,n07749582,n07749582/deviantart_19.jpg
imagenet_r,n07749582,n07749582/deviantart_2.jpg
imagenet_r,n07749582,n07749582/deviantart_20.jpg
imagenet_r,n07749582,n07749582/deviantart_21.jpg
imagenet_r,n07749582,n07749582/deviantart_22.jpg
imagenet_r,n07749582,n07749582/deviantart_23.jpg
imagenet_r,n07749582,n07749582/deviantart_24.jpg
imagenet_r,n07749582,n07749582/deviantart_25.jpg
imagenet_r,n07749582,n07749582/deviantart_3.jpg
imagenet_r,n07749582,n07749582/deviantart_4.jpg
imagenet_r,n07749582,n07749582/deviantart_5.jpg
imagenet_r,n07749582,n07749582/deviantart_6.jpg
imagenet_r,n07749582,n07749582/deviantart_7.jpg
imagenet_r,n07749582,n07749582/deviantart_8.jpg
imagenet_r,n07749582,n07749582/deviantart_9.jpg
imagenet_r,n07749582,n07749582/embroidery_0.jpg
imagenet_r,n07753275,n07753275/art_0.jpg
imagenet_r,n07753275,n07753275/art_1.jpg
imagenet_r,n07753275,n07753275/art_10.jpg
imagenet_r,n07753275,n07753275/art_11.jpg
imagenet_r,n07753275,n07753275/art_12.jpg
imagenet_r,n07753275,n07753275/art_13.jpg
imagenet_r,n07753275,n07753275/art_14.jpg
imagenet_r,n07753275,n07753275/art_15.jpg
imagenet_r,n07753275,n07753275/art_16.jpg
imagenet_r,n07753275,n07753275/art_17.jpg
imagenet_r,n07753275,n07753275/art_18.jpg
imagenet_r,n07753275,n07753275/art_2.jpg
imagenet_r,n07753275,n07753275/art_3.jpg
imagenet_r,n07753275,n07753275/art_4.jpg
imagenet_r,n07753275,n07753275/art_5.jpg
imagenet_r,n07753275,n07753275/art_6.jpg
imagenet_r,n07753275,n07753275/art_7.jpg
imagenet_r,n07753275,n07753275/art_8.jpg
imagenet_r,n07753275,n07753275/art_9.jpg
imagenet_r,n07753275,n07753275/cartoon_0.jpg
imagenet_r,n07753275,n07753275/cartoon_1.jpg
imagenet_r,n07753275,n07753275/cartoon_10.jpg
imagenet_r,n07753275,n07753275/cartoon_11.jpg
imagenet_r,n07753275,n07753275/cartoon_12.jpg
imagenet_r,n07753275,n07753275/cartoon_13.jpg
imagenet_r,n07753275,n07753275/cartoon_14.jpg
imagenet_r,n07753275,n07753275/cartoon_15.jpg
imagenet_r,n07753275,n07753275/cartoon_16.jpg
imagenet_r,n07753275,n07753275/cartoon_17.jpg
imagenet_r,n07753275,n07753275/cartoon_18.jpg
imagenet_r,n07753275,n07753275/cartoon_2.jpg
imagenet_r,n07753275,n07753275/cartoon_3.jpg
imagenet_r,n07753275,n07753275/cartoon_4.jpg
imagenet_r,n07753275,n07753275/cartoon_5.jpg
imagenet_r,n07753275,n07753275/cartoon_6.jpg
imagenet_r,n07753275,n07753275/cartoon_7.jpg
imagenet_r,n07753275,n07753275/cartoon_8.jpg
imagenet_r,n07753275,n07753275/cartoon_9.jpg
imagenet_r,n07753275,n07753275/deviantart_0.jpg
imagenet_r,n07753275,n07753275/deviantart_1.jpg
imagenet_r,n07753275,n07753275/deviantart_10.jpg
imagenet_r,n07753275,n07753275/deviantart_2.jpg
imagenet_r,n07753275,n07753275/deviantart_3.jpg
imagenet_r,n07753275,n07753275/deviantart_4.jpg
imagenet_r,n07753275,n07753275/deviantart_5.jpg
imagenet_r,n07753275,n07753275/deviantart_6.jpg
imagenet_r,n07753275,n07753275/deviantart_7.jpg
imagenet_r,n07753275,n07753275/deviantart_8.jpg
imagenet_r,n07753275,n07753275/deviantart_9.jpg
imagenet_r,n07753275,n07753275/embroidery_0.jpg
imagenet_r,n07753592,n07753592/deviantart_0.jpg
imagenet_r,n07753592,n07753592/deviantart_1.jpg
imagenet_r,n07753592,n07753592/deviantart_10.jpg
imagenet_r,n07753592,n07753592/deviantart_11.jpg
imagenet_r,n07753592,n07753592/deviantart_12.jpg
imagenet_r,n07753592,n07753592/deviantart_13.jpg
imagenet_r,n07753592,n07753592/deviantart_14.jpg
imagenet_r,n07753592,n07753592/deviantart_15.jpg
imagenet_r,n07753592,n07753592/deviantart_16.jpg
imagenet_r,n07753592,n07753592/deviantart_17.jpg
imagenet_r,n07753592,n07753592/deviantart_18.jpg
imagenet_r,n07753592,n07753592/deviantart_2.jpg
imagenet_r,n07753592,n07753592/deviantart_3.jpg
imagenet_r,n07753592,n07753592/deviantart_4.jpg
imagenet_r,n07753592,n07753592/deviantart_5.jpg
imagenet_r,n07753592,n07753592/deviantart_6.jpg
imagenet_r,n07753592,n07753592/deviantart_7.jpg
imagenet_r,n07753592,n07753592/deviantart_8.jpg
imagenet_r,n07753592,n07753592/deviantart_9.jpg
imagenet_r,n07753592,n07753592/misc_0.jpg
imagenet_r,n07753592,n07753592/misc_1.jpg
imagenet_r,n07753592,n07753592/misc_10.jpg
imagenet_r,n07753592,n07753592/misc_100.jpg
imagenet_r,n07753592,n07753592/misc_101.jpg
imagenet_r,n07753592,n07753592/misc_102.jpg
imagenet_r,n07753592,n07753592/misc_103.jpg
imagenet_r,n07753592,n07753592/misc_104.jpg
imagenet_r,n07753592,n07753592/misc_105.jpg
imagenet_r,n07753592,n07753592/misc_106.jpg
imagenet_r,n07753592,n07753592/misc_107.jpg
imagenet_r,n07753592,n07753592/misc_108.jpg
imagenet_r,n07753592,n07753592/misc_109.jpg
imagenet_r,n07753592,n07753592/misc_11.jpg
imagenet_r,n07753592,n07753592/misc_110.jpg
imagenet_r,n07753592,n07753592/misc_111.jpg
imagenet_r,n07753592,n07753592/misc_112.jpg
imagenet_r,n07753592,n07753592/misc_113.jpg
imagenet_r,n07753592,n07753592/misc_114.jpg
imagenet_r,n07753592,n07753592/misc_115.jpg
imagenet_r,n07753592,n07753592/misc_116.jpg
imagenet_r,n07753592,n07753592/misc_117.jpg
imagenet_r,n07753592,n07753592/misc_118.jpg
imagenet_r,n07753592,n07753592/misc_119.jpg
imagenet_r,n07753592,n07753592/misc_12.jpg
imagenet_r,n07753592,n07753592/misc_120.jpg
imagenet_r,n07753592,n07753592/misc_121.jpg
imagenet_r,n07753592,n07753592/misc_122.jpg
imagenet_r,n07753592,n07753592/misc_123.jpg
imagenet_r,n07753592,n07753592/misc_124.jpg
imagenet_r,n07753592,n07753592/misc_125.jpg
imagenet_r,n07768694,n07768694/art_0.jpg
imagenet_r,n07768694,n07768694/art_1.jpg
imagenet_r,n07768694,n07768694/art_2.jpg
imagenet_r,n07768694,n07768694/art_3.jpg
imagenet_r,n07768694,n07768694/art_4.jpg
imagenet_r,n07768694,n07768694/cartoon_0.jpg
imagenet_r,n07768694,n07768694/cartoon_1.jpg
imagenet_r,n07768694,n07768694/cartoon_2.jpg
imagenet_r,n07768694,n07768694/deviantart_0.jpg
imagenet_r,n07768694,n07768694/deviantart_1.jpg
imagenet_r,n07768694,n07768694/deviantart_10.jpg
imagenet_r,n07768694,n07768694/deviantart_11.jpg
imagenet_r,n07768694,n07768694/deviantart_12.jpg
imagenet_r,n07768694,n07768694/deviantart_13.jpg
imagenet_r,n07768694,n07768694/deviantart_14.jpg
imagenet_r,n07768694,n07768694/deviantart_15.jpg
imagenet_r,n07768694,n07768694/deviantart_16.jpg
imagenet_r,n07768694,n07768694/deviantart_17.jpg
imagenet_r,n07768694,n07768694/deviantart_18.jpg
imagenet_r,n07768694,n07768694/deviantart_19.jpg
imagenet_r,n07768694,n07768694/deviantart_2.jpg
imagenet_r,n07768694,n07768694/deviantart_20.jpg
imagenet_r,n07768694,n07768694/deviantart_21.jpg
imagenet_r,n07768694,n07768694/deviantart_22.jpg
imagenet_r,n07768694,n07768694/deviantart_23.jpg
imagenet_r,n07768694,n07768694/deviantart_24.jpg
imagenet_r,n07768694,n07768694/deviantart_25.jpg
imagenet_r,n07768694,n07768694/deviantart_26.jpg
imagenet_r,n07768694,n07768694/deviantart_3.jpg
imagenet_r,n07768694,n07768694/deviantart_4.jpg
imagenet_r,n07768694,n07768694/deviantart_5.jpg
imagenet_r,n07768694,n07768694/deviantart_6.jpg
imagenet_r,n07768694,n07768694/deviantart_7.jpg
imagenet_r,n07768694,n07768694/deviantart_8.jpg
imagenet_r,n07768694,n07768694/deviantart_9.jpg
imagenet_r,n07768694,n07768694/embroidery_0.jpg
imagenet_r,n07768694,n07768694/embroidery_1.jpg
imagenet_r,n07768694,n07768694/embroidery_2.jpg
imagenet_r,n07768694,n07768694/embroidery_3.jpg
imagenet_r,n07768694,n07768694/embroidery_4.jpg
imagenet_r,n07768694,n07768694/embroidery_5.jpg
imagenet_r,n07768694,n07768694/embroidery_6.jpg
imagenet_r,n07768694,n07768694/graffiti_0.jpg
imagenet_r,n07768694,n07768694/graphic_0.jpg
imagenet_r,n07768694,n07768694/graphic_1.jpg
imagenet_r,n07768694,n07768694/graphic_2.jpg
imagenet_r,n07768694,n07768694/misc_0.jpg
imagenet_r,n07768694,n07768694/painting_0.jpg
imagenet_r,n07768694,n07768694/painting_1.jpg
imagenet_r,n07768694,n07768694/painting_10.jpg
imagenet_r,n07873807,n07873807/cartoon_0.jpg
imagenet_r,n07873807,n07873807/cartoon_1.jpg
imagenet_r,n07873807,n07873807/cartoon_10.jpg
imagenet_r,n07873807,n07873807/cartoon_2.jpg
imagenet_r,n07873807,n07873807/cartoon_3.jpg
imagenet_r,n07873807,n07873807/cartoon_4.jpg
imagenet_r,n07873807,n07873807/cartoon_5.jpg
imagenet_r,n07873807,n07873807/cartoon_6.jpg
imagenet_r,n07873807,n07873807/cartoon_7.jpg
imagenet_r,n07873807,n07873807/cartoon_8.jpg
imagenet_r,n07873807,n07873807/cartoon_9.jpg
imagenet_r,n07873807,n07873807/deviantart_0.jpg
imagenet_r,n07873807,n07873807/deviantart_1.jpg
imagenet_r,n07873807,n07873807/deviantart_10.jpg
imagenet_r,n07873807,n07873807/deviantart_11.jpg
imagenet_r,n07873807,n07873807/deviantart_12.jpg
imagenet_r,n07873807,n07873807/deviantart_13.jpg
imagenet_r,n07873807,n07873807/deviantart_14.jpg
imagenet_r,n07873807,n07873807/deviantart_15.jpg
imagenet_r,n07873807,n07873807/deviantart_16.jpg
imagenet_r,n07873807,n07873807/deviantart_17.jpg
imagenet_r,n07873807,n07873807/deviantart_18.jpg
imagenet_r,n07873807,n07873807/deviantart_19.jpg
imagenet_r,n07873807,n07873807/deviantart_2.jpg
imagenet_r,n07873807,n07873807/deviantart_20.jpg
imagenet_r,n07873807,n07873807/deviantart_21.jpg
imagenet_r,n07873807,n07873807/deviantart_22.jpg
imagenet_r,n07873807,n07873807/deviantart_23.jpg
imagenet_r,n07873807,n07873807/deviantart_24.jpg
imagenet_r,n07873807,n07873807/deviantart_25.jpg
imagenet_r,n07873807,n07873807/deviantart_26.jpg
imagenet_r,n07873807,n07873807/deviantart_27.jpg
imagenet_r,n07873807,n07873807/deviantart_28.jpg
imagenet_r,n07873807,n07873807/deviantart_29.jpg
imagenet_r,n07873807,n07873807/deviantart_3.jpg
imagenet_r,n07873807,n07873807/deviantart_30.jpg
imagenet_r,n07873807,n07873807/deviantart_31.jpg
imagenet_r,n07873807,n07873807/deviantart_32.jpg
imagenet_r,n07873807,n07873807/deviantart_33.jpg
imagenet_r,n07873807,n07873807/deviantart_34.jpg
imagenet_r,n07873807,n07873807/deviantart_35.jpg
imagenet_r,n07873807,n07873807/deviantart_36.jpg
imagenet_r,n07873807,n07873807/deviantart_37.jpg
imagenet_r,n07873807,n07873807/deviantart_38.jpg
imagenet_r,n07873807,n07873807/deviantart_39.jpg
imagenet_r,n07873807,n07873807/deviantart_4.jpg
imagenet_r,n07873807,n07873807/deviantart_40.jpg
imagenet_r,n07873807,n07873807/deviantart_5.jpg
imagenet_r,n07873807,n07873807/deviantart_6.jpg
imagenet_r,n07873807,n07873807/deviantart_7.jpg
imagenet_r,n07880968,n07880968/art_0.jpg
imagenet_r,n07880968,n07880968/cartoon_0.jpg
imagenet_r,n07880968,n07880968/cartoon_1.jpg
imagenet_r,n07880968,n07880968/cartoon_10.jpg
imagenet_r,n07880968,n07880968/cartoon_11.jpg
imagenet_r,n07880968,n07880968/cartoon_12.jpg
imagenet_r,n07880968,n07880968/cartoon_13.jpg
imagenet_r,n07880968,n07880968/cartoon_14.jpg
imagenet_r,n07880968,n07880968/cartoon_15.jpg
imagenet_r,n07880968,n07880968/cartoon_16.jpg
imagenet_r,n07880968,n07880968/cartoon_17.jpg
imagenet_r,n07880968,n07880968/cartoon_18.jpg
imagenet_r,n07880968,n07880968/cartoon_19.jpg
imagenet_r,n07880968,n07880968/cartoon_2.jpg
imagenet_r,n07880968,n07880968/cartoon_20.jpg
imagenet_r,n07880968,n07880968/cartoon_3.jpg
imagenet_r,n07880968,n07880968/cartoon_4.jpg
imagenet_r,n07880968,n07880968/cartoon_5.jpg
imagenet_r,n07880968,n07880968/cartoon_6.jpg
imagenet_r,n07880968,n07880968/cartoon_7.jpg
imagenet_r,n07880968,n07880968/cartoon_8.jpg
imagenet_r,n07880968,n07880968/cartoon_9.jpg
imagenet_r,n07880968,n07880968/deviantart_0.jpg
imagenet_r,n07880968,n07880968/deviantart_1.jpg
imagenet_r,n07880968,n07880968/deviantart_10.jpg
imagenet_r,n07880968,n07880968/deviantart_11.jpg
imagenet_r,n07880968,n07880968/deviantart_12.jpg
imagenet_r,n07880968,n07880968/deviantart_13.jpg
imagenet_r,n07880968,n07880968/deviantart_14.jpg
imagenet_r,n07880968,n07880968/deviantart_15.jpg
imagenet_r,n07880968,n07880968/deviantart_2.jpg
imagenet_r,n07880968,n07880968/deviantart_3.jpg
imagenet_r,n07880968,n07880968/deviantart_4.jpg
imagenet_r,n07880968,n07880968/deviantart_5.jpg
imagenet_r,n07880968,n07880968/deviantart_6.jpg
imagenet_r,n07880968,n07880968/deviantart_7.jpg
imagenet_r,n07880968,n07880968/deviantart_8.jpg
imagenet_r,n07880968,n07880968/deviantart_9.jpg
imagenet_r,n07880968,n07880968/graffiti_0.jpg
imagenet_r,n07880968,n07880968/painting_0.jpg
imagenet_r,n07880968,n07880968/painting_1.jpg
imagenet_r,n07880968,n07880968/sculpture_0.jpg
imagenet_r,n07880968,n07880968/sketch_0.jpg
imagenet_r,n07880968,n07880968/sketch_1.jpg
imagenet_r,n07880968,n07880968/sketch_10.jpg
imagenet_r,n07880968,n07880968/sketch_11.jpg
imagenet_r,n07880968,n07880968/sketch_12.jpg
imagenet_r,n07880968,n07880968/sketch_13.jpg
imagenet_r,n07880968,n07880968/sketch_14.jpg
imagenet_r,n07880968,n07880968/sketch_15.jpg
imagenet_r,n07920052,n07920052/art_0.jpg
imagenet_r,n07920052,n07920052/art_1.jpg
imagenet_r,n07920052,n07920052/cartoon_0.jpg
imagenet_r,n07920052,n07920052/cartoon_1.jpg
imagenet_r,n07920052,n07920052/cartoon_10.jpg
imagenet_r,n07920052,n07920052/cartoon_11.jpg
imagenet_r,n07920052,n07920052/cartoon_12.jpg
imagenet_r,n07920052,n07920052/cartoon_13.jpg
imagenet_r,n07920052,n07920052/cartoon_14.jpg
imagenet_r,n07920052,n07920052/cartoon_15.jpg
imagenet_r,n07920052,n07920052/cartoon_16.jpg
imagenet_r,n07920052,n07920052/cartoon_17.jpg
imagenet_r,n07920052,n07920052/cartoon_18.jpg
imagenet_r,n07920052,n07920052/cartoon_19.jpg
imagenet_r,n07920052,n07920052/cartoon_2.jpg
imagenet_r,n07920052,n07920052/cartoon_20.jpg
imagenet_r,n07920052,n07920052/cartoon_21.jpg
imagenet_r,n07920052,n07920052/cartoon_22.jpg
imagenet_r,n07920052,n07920052/cartoon_23.jpg
imagenet_r,n07920052,n07920052/cartoon_3.jpg
imagenet_r,n07920052,n07920052/cartoon_4.jpg
imagenet_r,n07920052,n07920052/cartoon_5.jpg
imagenet_r,n07920052,n07920052/cartoon_6.jpg
imagenet_r,n07920052,n07920052/cartoon_7.jpg
imagenet_r,n07920052,n07920052/cartoon_8.jpg
imagenet_r,n07920052,n07920052/cartoon_9.jpg
imagenet_r,n07920052,n07920052/deviantart_0.jpg
imagenet_r,n07920052,n07920052/deviantart_1.jpg
imagenet_r,n07920052,n07920052/deviantart_10.jpg
imagenet_r,n07920052,n07920052/deviantart_11.jpg
imagenet_r,n07920052,n07920052/deviantart_12.jpg
imagenet_r,n07920052,n07920052/deviantart_13.jpg
imagenet_r,n07920052,n07920052/deviantart_14.jpg
imagenet_r,n07920052,n07920052/deviantart_15.jpg
imagenet_r,n07920052,n07920052/deviantart_16.jpg
imagenet_r,n07920052,n07920052/deviantart_17.jpg
imagenet_r,n07920052,n07920052/deviantart_2.jpg
imagenet_r,n07920052,n07920052/deviantart_3.jpg
imagenet_r,n07920052,n07920052/deviantart_4.jpg
imagenet_r,n07920052,n07920052/deviantart_5.jpg
imagenet_r,n07920052,n07920052/deviantart_6.jpg
imagenet_r,n07920052,n07920052/deviantart_7.jpg
imagenet_r,n07920052,n07920052/deviantart_8.jpg
imagenet_r,n07920052,n07920052/deviantart_9.jpg
imagenet_r,n07920052,n07920052/embroidery_0.jpg
imagenet_r,n07920052,n07920052/embroidery_1.jpg
imagenet_r,n07920052,n07920052/graphic_0.jpg
imagenet_r,n07920052,n07920052/graphic_1.jpg
imagenet_r,n07920052,n07920052/graphic_10.jpg
imagenet_r,n07920052,n07920052/graphic_2.jpg
imagenet_r,n09472597,n09472597/art_0.jpg
imagenet_r,n09472597,n09472597/art_1.jpg
imagenet_r,n09472597,n09472597/art_10.jpg
imagenet_r,n09472597,n09472597/art_11.jpg
imagenet_r,n09472597,n09472597/art_12.jpg
imagenet_r,n09472597,n09472597/art_13.jpg
imagenet_r,n09472597,n09472597/art_2.jpg
imagenet_r,n09472597,n09472597/art_3.jpg
imagenet_r,n09472597,n09472597/art_4.jpg
imagenet_r,n09472597,n09472597/art_5.jpg
imagenet_r,n09472597,n09472597/art_6.jpg
imagenet_r,n09472597,n09472597/art_7.jpg
imagenet_r,n09472597,n09472597/art_8.jpg
imagenet_r,n09472597,n09472597/art_9.jpg
imagenet_r,n09472597,n09472597/cartoon_0.jpg
imagenet_r,n09472597,n09472597/cartoon_1.jpg
imagenet_r,n09472597,n09472597/cartoon_10.jpg
imagenet_r,n09472597,n09472597/cartoon_11.jpg
imagenet_r,n09472597,n09472597/cartoon_12.jpg
imagenet_r,n09472597,n09472597/cartoon_13.jpg
imagenet_r,n09472597,n09472597/cartoon_14.jpg
imagenet_r,n09472597,n09472597/cartoon_15.jpg
imagenet_r,n09472597,n09472597/cartoon_16.jpg
imagenet_r,n09472597,n09472597/cartoon_17.jpg
imagenet_r,n09472597,n09472597/cartoon_18.jpg
imagenet_r,n09472597,n09472597/cartoon_19.jpg
imagenet_r,n09472597,n09472597/cartoon_2.jpg
imagenet_r,n09472597,n09472597/cartoon_20.jpg
imagenet_r,n09472597,n09472597/cartoon_21.jpg
imagenet_r,n09472597,n09472597/cartoon_22.jpg
imagenet_r,n09472597,n09472597/cartoon_23.jpg
imagenet_r,n09472597,n09472597/cartoon_24.jpg
imagenet_r,n09472597,n09472597/cartoon_25.jpg
imagenet_r,n09472597,n09472597/cartoon_26.jpg
imagenet_r,n09472597,n09472597/cartoon_27.jpg
imagenet_r,n09472597,n09472597/cartoon_28.jpg
imagenet_r,n09472597,n09472597/cartoon_3.jpg
imagenet_r,n09472597,n09472597/cartoon_4.jpg
imagenet_r,n09472597,n09472597/cartoon_5.jpg
imagenet_r,n09472597,n09472597/cartoon_6.jpg
imagenet_r,n09472597,n09472597/cartoon_7.jpg
imagenet_r,n09472597,n09472597/cartoon_8.jpg
imagenet_r,n09472597,n09472597/cartoon_9.jpg
imagenet_r,n09472597,n09472597/deviantart_0.jpg
imagenet_r,n09472597,n09472597/deviantart_1.jpg
imagenet_r,n09472597,n09472597/deviantart_10.jpg
imagenet_r,n09472597,n09472597/deviantart_11.jpg
imagenet_r,n09472597,n09472597/deviantart_12.jpg
imagenet_r,n09472597,n09472597/deviantart_13.jpg
imagenet_r,n09472597,n09472597/deviantart_14.jpg
imagenet_r,n09835506,n09835506/cartoon_0.jpg
imagenet_r,n09835506,n09835506/deviantart_0.jpg
imagenet_r,n09835506,n09835506/deviantart_1.jpg
imagenet_r,n09835506,n09835506/deviantart_10.jpg
imagenet_r,n09835506,n09835506/deviantart_11.jpg
imagenet_r,n09835506,n09835506/deviantart_12.jpg
imagenet_r,n09835506,n09835506/deviantart_13.jpg
imagenet_r,n09835506,n09835506/deviantart_14.jpg
imagenet_r,n09835506,n09835506/deviantart_15.jpg
imagenet_r,n09835506,n09835506/deviantart_16.jpg
imagenet_r,n09835506,n09835506/deviantart_17.jpg
imagenet_r,n09835506,n09835506/deviantart_18.jpg
imagenet_r,n09835506,n09835506/deviantart_19.jpg
imagenet_r,n09835506,n09835506/deviantart_2.jpg
imagenet_r,n09835506,n09835506/deviantart_20.jpg
imagenet_r,n09835506,n09835506/deviantart_21.jpg
imagenet_r,n09835506,n09835506/deviantart_22.jpg
imagenet_r,n09835506,n09835506/deviantart_23.jpg
imagenet_r,n09835506,n09835506/deviantart_24.jpg
imagenet_r,n09835506,n09835506/deviantart_25.jpg
imagenet_r,n09835506,n09835506/deviantart_26.jpg
imagenet_r,n09835506,n09835506/deviantart_27.jpg
imagenet_r,n09835506,n09835506/deviantart_28.jpg
imagenet_r,n09835506,n09835506/deviantart_29.jpg
imagenet_r,n09835506,n09835506/deviantart_3.jpg
imagenet_r,n09835506,n09835506/deviantart_30.jpg
imagenet_r,n09835506,n09835506/deviantart_31.jpg
imagenet_r,n09835506,n09835506/deviantart_32.jpg
imagenet_r,n09835506,n09835506/deviantart_33.jpg
imagenet_r,n09835506,n09835506/deviantart_34.jpg
imagenet_r,n09835506,n09835506/deviantart_35.jpg
imagenet_r,n09835506,n09835506/deviantart_36.jpg
imagenet_r,n09835506,n09835506/deviantart_37.jpg
imagenet_r,n09835506,n09835506/deviantart_38.jpg
imagenet_r,n09835506,n09835506/deviantart_39.jpg
imagenet_r,n09835506,n09835506/deviantart_4.jpg
imagenet_r,n09835506,n09835506/deviantart_40.jpg
imagenet_r,n09835506,n09835506/deviantart_41.jpg
imagenet_r,n09835506,n09835506/deviantart_42.jpg
imagenet_r,n09835506,n09835506/deviantart_5.jpg
imagenet_r,n09835506,n09835506/deviantart_6.jpg
imagenet_r,n09835506,n09835506/deviantart_7.jpg
imagenet_r,n09835506,n09835506/deviantart_8.jpg
imagenet_r,n09835506,n09835506/deviantart_9.jpg
imagenet_r,n09835506,n09835506/graffiti_0.jpg
imagenet_r,n09835506,n09835506/misc_0.jpg
imagenet_r,n09835506,n09835506/misc_1.jpg
imagenet_r,n09835506,n09835506/misc_10.jpg
imagenet_r,n09835506,n09835506/misc_11.jpg
imagenet_r,n09835506,n09835506/misc_12.jpg
imagenet_r,n10565667,n10565667/art_0.jpg
imagenet_r,n10565667,n10565667/art_1.jpg
imagenet_r,n10565667,n10565667/art_10.jpg
imagenet_r,n10565667,n10565667/art_11.jpg
imagenet_r,n10565667,n10565667/art_12.jpg
imagenet_r,n10565667,n10565667/art_13.jpg
imagenet_r,n10565667,n10565667/art_2.jpg
imagenet_r,n10565667,n10565667/art_3.jpg
imagenet_r,n10565667,n10565667/art_4.jpg
imagenet_r,n10565667,n10565667/art_5.jpg
imagenet_r,n10565667,n10565667/art_6.jpg
imagenet_r,n10565667,n10565667/art_7.jpg
imagenet_r,n10565667,n10565667/art_8.jpg
imagenet_r,n10565667,n10565667/art_9.jpg
imagenet_r,n10565667,n10565667/cartoon_0.jpg
imagenet_r,n10565667,n10565667/cartoon_1.jpg
imagenet_r,n10565667,n10565667/cartoon_10.jpg
imagenet_r,n10565667,n10565667/cartoon_11.jpg
imagenet_r,n10565667,n10565667/cartoon_12.jpg
imagenet_r,n10565667,n10565667/cartoon_13.jpg
imagenet_r,n10565667,n10565667/cartoon_14.jpg
imagenet_r,n10565667,n10565667/cartoon_2.jpg
imagenet_r,n10565667,n10565667/cartoon_3.jpg
imagenet_r,n10565667,n10565667/cartoon_4.jpg
imagenet_r,n10565667,n10565667/cartoon_5.jpg
imagenet_r,n10565667,n10565667/cartoon_6.jpg
imagenet_r,n10565667,n10565667/cartoon_7.jpg
imagenet_r,n10565667,n10565667/cartoon_8.jpg
imagenet_r,n10565667,n10565667/cartoon_9.jpg
imagenet_r,n10565667,n10565667/deviantart_0.jpg
imagenet_r,n10565667,n10565667/deviantart_1.jpg
imagenet_r,n10565667,n10565667/deviantart_10.jpg
imagenet_r,n10565667,n10565667/deviantart_11.jpg
imagenet_r,n10565667,n10565667/deviantart_12.jpg
imagenet_r,n10565667,n10565667/deviantart_13.jpg
imagenet_r,n10565667,n10565667/deviantart_14.jpg
imagenet_r,n10565667,n10565667/deviantart_15.jpg
imagenet_r,n10565667,n10565667/deviantart_16.jpg
imagenet_r,n10565667,n10565667/deviantart_17.jpg
imagenet_r,n10565667,n10565667/deviantart_18.jpg
imagenet_r,n10565667,n10565667/deviantart_19.jpg
imagenet_r,n10565667,n10565667/deviantart_2.jpg
imagenet_r,n10565667,n10565667/deviantart_20.jpg
imagenet_r,n10565667,n10565667/deviantart_21.jpg
imagenet_r,n10565667,n10565667/deviantart_22.jpg
imagenet_r,n10565667,n10565667/deviantart_23.jpg
imagenet_r,n10565667,n10565667/deviantart_24.jpg
imagenet_r,n10565667,n10565667/deviantart_25.jpg
imagenet_r,n10565667,n10565667/deviantart_26.jpg
imagenet_r,n10565667,n10565667/deviantart_27.jpg
imagenet_r,n12267677,n12267677/deviantart_0.jpg
imagenet_r,n12267677,n12267677/deviantart_1.jpg
imagenet_r,n12267677,n12267677/deviantart_10.jpg
imagenet_r,n12267677,n12267677/deviantart_11.jpg
imagenet_r,n12267677,n12267677/deviantart_12.jpg
imagenet_r,n12267677,n12267677/deviantart_13.jpg
imagenet_r,n12267677,n12267677/deviantart_14.jpg
imagenet_r,n12267677,n12267677/deviantart_15.jpg
imagenet_r,n12267677,n12267677/deviantart_16.jpg
imagenet_r,n12267677,n12267677/deviantart_17.jpg
imagenet_r,n12267677,n12267677/deviantart_18.jpg
imagenet_r,n12267677,n12267677/deviantart_19.jpg
imagenet_r,n12267677,n12267677/deviantart_2.jpg
imagenet_r,n12267677,n12267677/deviantart_20.jpg
imagenet_r,n12267677,n12267677/deviantart_21.jpg
imagenet_r,n12267677,n12267677/deviantart_22.jpg
imagenet_r,n12267677,n12267677/deviantart_23.jpg
imagenet_r,n12267677,n12267677/deviantart_24.jpg
imagenet_r,n12267677,n12267677/deviantart_25.jpg
imagenet_r,n12267677,n12267677/deviantart_26.jpg
imagenet_r,n12267677,n12267677/deviantart_27.jpg
imagenet_r,n12267677,n12267677/deviantart_3.jpg
imagenet_r,n12267677,n12267677/deviantart_4.jpg
imagenet_r,n12267677,n12267677/deviantart_5.jpg
imagenet_r,n12267677,n12267677/deviantart_6.jpg
imagenet_r,n12267677,n12267677/deviantart_7.jpg
imagenet_r,n12267677,n12267677/deviantart_8.jpg
imagenet_r,n12267677,n12267677/deviantart_9.jpg
imagenet_r,n12267677,n12267677/misc_0.jpg
imagenet_r,n12267677,n12267677/misc_1.jpg
imagenet_r,n12267677,n12267677/misc_10.jpg
imagenet_r,n12267677,n12267677/misc_100.jpg
imagenet_r,n12267677,n12267677/misc_101.jpg
imagenet_r,n12267677,n12267677/misc_102.jpg
imagenet_r,n12267677,n12267677/misc_103.jpg
imagenet_r,n12267677,n12267677/misc_104.jpg
imagenet_r,n12267677,n12267677/misc_105.jpg
imagenet_r,n12267677,n12267677/misc_106.jpg
imagenet_r,n12267677,n12267677/misc_107.jpg
imagenet_r,n12267677,n12267677/misc_108.jpg
imagenet_r,n12267677,n12267677/misc_109.jpg
imagenet_r,n12267677,n12267677/misc_11.jpg
imagenet_r,n12267677,n12267677/misc_110.jpg
imagenet_r,n12267677,n12267677/misc_111.jpg
imagenet_r,n12267677,n12267677/misc_112.jpg
imagenet_r,n12267677,n12267677/misc_113.jpg
imagenet_r,n12267677,n12267677/misc_114.jpg
imagenet_r,n12267677,n12267677/misc_115.jpg
imagenet_r,n12267677,n12267677/misc_116.jpg
imagenet_r,n12267677,n12267677/misc_117.jpg
