model_label,dataset_key,wnid,prefix_tokens,lpips,psnr,ssim
FlexTok,imagenet,n01443537,8,0.5572047209739686,14.639591760635376,0.37988705694675445
FlexTok,imagenet,n01443537,16,0.5191538643836975,14.791428127288818,0.38982912644743917
FlexTok,imagenet,n01443537,32,0.4653019255399704,15.748279609680175,0.4110564738512039
FlexTok,imagenet,n01443537,64,0.3968102541565895,16.98840120315552,0.4486599716544151
FlexTok,imagenet,n01443537,96,0.35412324041128157,18.059780712127687,0.4807029116153717
FlexTok,imagenet,n01443537,128,0.30675893664360043,19.190958194732666,0.5211820590496063
FlexTok,imagenet,n01443537,160,0.2855138450860977,19.70920301437378,0.5420516288280487
FlexTok,imagenet,n01443537,208,0.2603599321842193,20.196425323486327,0.5636171102523804
FlexTok,imagenet,n01443537,256,0.2331872788071632,21.3539026260376,0.5927201968431473
FlexTok,imagenet,n01484850,8,0.43730713307857516,15.978168373107911,0.4420552235841751
FlexTok,imagenet,n01484850,16,0.4091618090867996,16.298822288513183,0.4547462771832943
FlexTok,imagenet,n01484850,32,0.3613000762462616,17.16585964202881,0.48157165564596655
FlexTok,imagenet,n01484850,64,0.29211797714233395,18.29345993041992,0.5211641177535057
FlexTok,imagenet,n01484850,96,0.25650519892573354,19.290357456207275,0.553983359336853
FlexTok,imagenet,n01484850,128,0.22554564788937564,20.387041015625,0.5882495918869972
FlexTok,imagenet,n01484850,160,0.21349939733743664,20.743856449127197,0.602662613093853
FlexTok,imagenet,n01484850,208,0.19627647802233691,21.284249420166017,0.6269716757535935
FlexTok,imagenet,n01484850,256,0.1761387369036674,22.27470405578613,0.6507868373394012
FlexTok,imagenet,n01494475,8,0.42820140093564985,17.672619380950927,0.5339195695519448
FlexTok,imagenet,n01494475,16,0.39541176974773407,17.928093948364257,0.5438431215286255
FlexTok,imagenet,n01494475,32,0.3528167694807053,18.803112049102783,0.5669641557335854
FlexTok,imagenet,n01494475,64,0.2926990151405334,19.941444282531737,0.5930444926023484
FlexTok,imagenet,n01494475,96,0.25650781542062756,20.991104354858397,0.6225964620709419
FlexTok,imagenet,n01494475,128,0.22274883836507794,22.19742021560669,0.6502060931921005
FlexTok,imagenet,n01494475,160,0.2112455207109451,22.54773889541626,0.6573052072525024
FlexTok,imagenet,n01494475,208,0.19609283462166782,22.917297744750975,0.6743643307685852
FlexTok,imagenet,n01494475,256,0.17511620365083214,24.272195911407472,0.7022395431995392
FlexTok,imagenet,n01498041,8,0.5005709630250931,16.10627691268921,0.32504114240407944
FlexTok,imagenet,n01498041,16,0.47142875075340274,16.09758382797241,0.3262087181210518
FlexTok,imagenet,n01498041,32,0.421322737634182,17.024576244354247,0.3445889003574848
FlexTok,imagenet,n01498041,64,0.35460522830486296,18.055684032440187,0.3690025891363621
FlexTok,imagenet,n01498041,96,0.3206561478972435,18.752549152374268,0.39597386807203294
FlexTok,imagenet,n01498041,128,0.29162532001733776,19.668139934539795,0.42639752209186554
FlexTok,imagenet,n01498041,160,0.2758774568140506,19.929073371887206,0.44083351612091065
FlexTok,imagenet,n01498041,208,0.26392337828874585,20.101856479644777,0.46265987545251847
FlexTok,imagenet,n01498041,256,0.24160553812980648,21.19064043045044,0.48549811214208605
FlexTok,imagenet,n01514859,8,0.5257043385505676,13.270856857299805,0.14437794007360932
FlexTok,imagenet,n01514859,16,0.48112101197242735,13.350768051147462,0.1504630590975284
FlexTok,imagenet,n01514859,32,0.4401889580488205,13.99030237197876,0.16530432485044
FlexTok,imagenet,n01514859,64,0.3787330633401871,14.72605764389038,0.18923153474926946
FlexTok,imagenet,n01514859,96,0.3427261945605278,15.382085857391358,0.22332365646958346
FlexTok,imagenet,n01514859,128,0.31379248321056363,16.051150970458984,0.25539887055754656
FlexTok,imagenet,n01514859,160,0.2962598896026611,16.434647731781006,0.2773138931393623
FlexTok,imagenet,n01514859,208,0.28283146500587464,16.898242530822753,0.30476024866104123
FlexTok,imagenet,n01514859,256,0.26306373506784436,17.513540172576903,0.3320234113931656
FlexTok,imagenet,n01518878,8,0.4751893651485443,14.141062278747558,0.24650943219661708
FlexTok,imagenet,n01518878,16,0.4259370848536491,14.469794540405273,0.2559088863432407
FlexTok,imagenet,n01518878,32,0.37935163617134093,15.25658046722412,0.2811642567813396
FlexTok,imagenet,n01518878,64,0.3243728789687157,16.2005877494812,0.30644135400652883
FlexTok,imagenet,n01518878,96,0.298888381421566,17.09866579055786,0.34444776937365534
FlexTok,imagenet,n01518878,128,0.2634551382064819,18.04094814300537,0.3835580675303936
FlexTok,imagenet,n01518878,160,0.25173731237649916,18.421596660614014,0.402969084084034
FlexTok,imagenet,n01518878,208,0.235901598483324,18.99140163421631,0.4328587734699249
FlexTok,imagenet,n01518878,256,0.21737795829772946,19.7347204208374,0.46122297286987307
FlexTok,imagenet,n01531178,8,0.4928103744983673,13.962524404525757,0.3677948646247387
FlexTok,imagenet,n01531178,16,0.4451212763786316,14.233816709518432,0.38381644293665884
FlexTok,imagenet,n01531178,32,0.3856235274672508,14.846545076370239,0.4088719803094864
FlexTok,imagenet,n01531178,64,0.3200005421042442,15.896023349761963,0.4523655390739441
FlexTok,imagenet,n01531178,96,0.2756879243254661,16.831542739868166,0.4978459721803665
FlexTok,imagenet,n01531178,128,0.24207059979438778,17.837140045166016,0.5402825245261192
FlexTok,imagenet,n01531178,160,0.22502292901277537,18.39051025390625,0.5649524891376495
FlexTok,imagenet,n01531178,208,0.20367636561393734,19.08443111419678,0.5952568665146828
FlexTok,imagenet,n01531178,256,0.18223495274782178,19.97718479156494,0.6256245711445808
FlexTok,imagenet,n01534433,8,0.48262008011341095,14.485331058502197,0.3515832395106554
FlexTok,imagenet,n01534433,16,0.44032358050346376,14.852859706878663,0.3616531690210104
FlexTok,imagenet,n01534433,32,0.3813869506120682,15.496370315551758,0.38618424862623213
FlexTok,imagenet,n01534433,64,0.3239957267045975,16.48222677230835,0.41983764052391054
FlexTok,imagenet,n01534433,96,0.28511357367038725,17.336127071380616,0.4667002199590206
FlexTok,imagenet,n01534433,128,0.2470170202851295,18.234869327545166,0.5077194979786873
FlexTok,imagenet,n01534433,160,0.23152117848396297,18.75002965927124,0.5313144755363465
FlexTok,imagenet,n01534433,208,0.2162596914172172,19.28963924407959,0.5593735939264297
FlexTok,imagenet,n01534433,256,0.19614514499902722,20.09407194137573,0.5908285191655159
FlexTok,imagenet,n01614925,8,0.41115874379873274,13.87014497756958,0.42751666948199274
FlexTok,imagenet,n01614925,16,0.37816532552242277,14.31436770439148,0.43792112171649933
FlexTok,imagenet,n01614925,32,0.3258321577310562,15.0505318069458,0.4641671870648861
FlexTok,imagenet,n01614925,64,0.26833501219749445,16.072941341400146,0.49888398915529253
FlexTok,imagenet,n01614925,96,0.23363132581114765,17.083730735778808,0.5351019042730332
FlexTok,imagenet,n01614925,128,0.20238037601113315,18.139917030334473,0.5697688686847687
FlexTok,imagenet,n01614925,160,0.18845387771725652,18.724544258117675,0.5908473962545395
FlexTok,imagenet,n01614925,208,0.1728431253135204,19.32165174484253,0.6143989112973213
FlexTok,imagenet,n01614925,256,0.15744859017431734,20.08797840118408,0.639569183588028
FlexTok,imagenet,n01616318,8,0.4451890426874161,13.885196189880372,0.32751803793013096
FlexTok,imagenet,n01616318,16,0.4154591399431229,14.05329038619995,0.3312981692701578
FlexTok,imagenet,n01616318,32,0.37021220207214356,14.95100383758545,0.35540608689188957
FlexTok,imagenet,n01616318,64,0.308410180658102,15.835330238342285,0.3827346433699131
FlexTok,imagenet,n01616318,96,0.27390407919883725,16.713066234588624,0.4168815612792969
FlexTok,imagenet,n01616318,128,0.24508542060852048,17.583202934265138,0.44955127105116843
FlexTok,imagenet,n01616318,160,0.23194003239274022,18.085477981567383,0.4703706969320774
FlexTok,imagenet,n01616318,208,0.21783837839961048,18.766726055145263,0.49677575796842577
FlexTok,imagenet,n01616318,256,0.19973141387104984,19.545332374572755,0.5213467213511467
FlexTok,imagenet,n01630670,8,0.5057709336280822,14.967702217102051,0.27744939457625145
FlexTok,imagenet,n01630670,16,0.4689970177412033,15.039429569244385,0.27082357354462144
FlexTok,imagenet,n01630670,32,0.42889395594596863,15.39953104019165,0.28064747676253315
FlexTok,imagenet,n01630670,64,0.3674813365936279,16.27781976699829,0.30307336188852785
FlexTok,imagenet,n01630670,96,0.3384943100810051,16.98318021774292,0.33311439320445063
FlexTok,imagenet,n01630670,128,0.30936779290437694,17.826220779418946,0.37034467309713365
FlexTok,imagenet,n01630670,160,0.2936069896817207,18.190165843963623,0.3916968658566475
FlexTok,imagenet,n01630670,208,0.27896259933710094,18.58870386123657,0.4215890544652939
FlexTok,imagenet,n01630670,256,0.25769025713205335,19.31407606124878,0.45199122875928877
FlexTok,imagenet,n01632777,8,0.5493453162908554,14.443110408782958,0.3325389544665813
FlexTok,imagenet,n01632777,16,0.5111404532194137,14.842723255157471,0.346532576829195
FlexTok,imagenet,n01632777,32,0.45617172598838807,15.84411855697632,0.3762854065001011
FlexTok,imagenet,n01632777,64,0.38719543933868406,17.056652183532716,0.4185590410232544
FlexTok,imagenet,n01632777,96,0.3428585070371628,18.063949031829836,0.4608583661913872
FlexTok,imagenet,n01632777,128,0.2990725129842758,19.224197692871094,0.5043117690086365
FlexTok,imagenet,n01632777,160,0.2815613204240799,19.76065315246582,0.5227308303117753
FlexTok,imagenet,n01632777,208,0.2579166686534881,20.424764862060545,0.5534245085716247
FlexTok,imagenet,n01632777,256,0.2311857202649116,21.572246437072753,0.5857927656173706
FlexTok,imagenet,n01644373,8,0.531937717795372,13.977298259735107,0.30872949495911595
FlexTok,imagenet,n01644373,16,0.48429008841514587,14.29611026763916,0.32527408689260484
FlexTok,imagenet,n01644373,32,0.4276672846078873,15.17561653137207,0.35482026025652885
FlexTok,imagenet,n01644373,64,0.3586108607053757,16.049175300598144,0.3873280031979084
FlexTok,imagenet,n01644373,96,0.3127120333909988,17.019842414855958,0.4315794748067856
FlexTok,imagenet,n01644373,128,0.2746129885315895,18.110640163421632,0.47755547195672987
FlexTok,imagenet,n01644373,160,0.2547786650061607,18.65685194015503,0.5026915359497071
FlexTok,imagenet,n01644373,208,0.23492549598217008,19.257356033325195,0.5278004908561706
FlexTok,imagenet,n01644373,256,0.21256161108613011,20.10666458129883,0.562960977256298
FlexTok,imagenet,n01677366,8,0.5437254631519317,12.986152534484864,0.19014913178980347
FlexTok,imagenet,n01677366,16,0.5056542766094207,13.003910064697266,0.19806307539343831
FlexTok,imagenet,n01677366,32,0.4647803831100464,13.69585376739502,0.21460547223687168
FlexTok,imagenet,n01677366,64,0.40768968760967256,14.336946868896485,0.23761527605354782
FlexTok,imagenet,n01677366,96,0.3705031263828278,15.080936756134033,0.2746052628755569
FlexTok,imagenet,n01677366,128,0.33385359853506086,15.836560916900634,0.31197603091597553
FlexTok,imagenet,n01677366,160,0.31600783050060266,16.28119119644165,0.33572706535458563
FlexTok,imagenet,n01677366,208,0.29798144131898874,16.717765350341796,0.3656402370333672
FlexTok,imagenet,n01677366,256,0.2731762361526489,17.4349072265625,0.39800978064537046
FlexTok,imagenet,n01694178,8,0.5534699660539627,13.943826503753662,0.2690474759787321
FlexTok,imagenet,n01694178,16,0.5254993015527725,14.050681877136231,0.2867361887544393
FlexTok,imagenet,n01694178,32,0.4679679703712463,14.688995819091797,0.3153652165830135
FlexTok,imagenet,n01694178,64,0.3965241599082947,15.489961376190186,0.3579618296772242
FlexTok,imagenet,n01694178,96,0.3481476381421089,16.120434799194335,0.3967937031388283
FlexTok,imagenet,n01694178,128,0.31018852859735485,16.878081226348876,0.43118919640779496
FlexTok,imagenet,n01694178,160,0.29101748436689373,17.259434909820556,0.4534440200030804
FlexTok,imagenet,n01694178,208,0.271750947535038,17.77249174118042,0.48126798689365385
FlexTok,imagenet,n01694178,256,0.24859978556632992,18.41492197036743,0.5102328631281853
FlexTok,imagenet,n01748264,8,0.516208016872406,13.549507350921631,0.22934682883322235
FlexTok,imagenet,n01748264,16,0.4650249487161636,13.849214897155761,0.24115393482148645
FlexTok,imagenet,n01748264,32,0.4144561430811882,14.636774158477783,0.2714556019008159
FlexTok,imagenet,n01748264,64,0.3515052780508995,15.47126033782959,0.299325787872076
FlexTok,imagenet,n01748264,96,0.3168408781290054,16.504830360412598,0.3372619400918484
FlexTok,imagenet,n01748264,128,0.28547589719295496,17.348489379882814,0.3731727753579617
FlexTok,imagenet,n01748264,160,0.2709695798158645,17.752401657104492,0.3952820062637329
FlexTok,imagenet,n01748264,208,0.2569602385163307,18.313889389038085,0.42448804080486296
FlexTok,imagenet,n01748264,256,0.23782521381974217,18.995666408538817,0.45556658059358596
FlexTok,imagenet,n01770393,8,0.5129136794805527,13.893752632141114,0.31492290310561655
FlexTok,imagenet,n01770393,16,0.47669593155384066,13.950442104339599,0.31626523248851296
FlexTok,imagenet,n01770393,32,0.4244478884339333,14.729853458404541,0.3399570415914059
FlexTok,imagenet,n01770393,64,0.3547803130745888,15.663842086791993,0.37514201164245603
FlexTok,imagenet,n01770393,96,0.3202263322472572,16.56669424057007,0.4110041265189648
FlexTok,imagenet,n01770393,128,0.28244423359632487,17.6048091506958,0.45144635677337647
FlexTok,imagenet,n01770393,160,0.2644213807582855,18.071020889282227,0.47281873524188994
FlexTok,imagenet,n01770393,208,0.24612278938293453,18.781238899230956,0.5012715178728103
FlexTok,imagenet,n01770393,256,0.22243417441844937,19.649760913848876,0.5321537894010544
FlexTok,imagenet,n01774750,8,0.5341205686330796,13.099807357788086,0.18485502660274503
FlexTok,imagenet,n01774750,16,0.5024328827857971,13.147650699615479,0.1885341744124889
FlexTok,imagenet,n01774750,32,0.4549315246939659,13.792480945587158,0.21106800191104408
FlexTok,imagenet,n01774750,64,0.39310189872980117,14.77084442138672,0.24617279723286625
FlexTok,imagenet,n01774750,96,0.35761964291334153,15.6362939453125,0.2825713393092155
FlexTok,imagenet,n01774750,128,0.32790031090378763,16.58401798248291,0.32225061193108556
FlexTok,imagenet,n01774750,160,0.3102946181595325,16.989287624359132,0.34448594331741333
FlexTok,imagenet,n01774750,208,0.2929053863883018,17.52439441680908,0.37451594322919846
FlexTok,imagenet,n01774750,256,0.26914463058114046,18.37264081954956,0.40826606899499895
FlexTok,imagenet,n01784675,8,0.5061854779720306,14.691084976196288,0.27719189412891865
FlexTok,imagenet,n01784675,16,0.4664325407147408,14.89718194961548,0.2825438709557056
FlexTok,imagenet,n01784675,32,0.41387717843055727,15.604261474609375,0.2951341190934181
FlexTok,imagenet,n01784675,64,0.3540297821164131,16.48708541870117,0.325369041711092
FlexTok,imagenet,n01784675,96,0.3224499344825745,17.27262269973755,0.3608785830438137
FlexTok,imagenet,n01784675,128,0.29260630339384075,18.012315807342528,0.3945508562028408
FlexTok,imagenet,n01784675,160,0.2783664427697658,18.343234958648683,0.41365186259150505
FlexTok,imagenet,n01784675,208,0.2630443292856216,18.74696445465088,0.4392254254221916
FlexTok,imagenet,n01784675,256,0.24260154873132703,19.44767114639282,0.4685215240716934
FlexTok,imagenet,n01806143,8,0.5303225141763687,13.27960147857666,0.13585114229470488
FlexTok,imagenet,n01806143,16,0.49499247431755067,13.3470770072937,0.13928286030888554
FlexTok,imagenet,n01806143,32,0.4437632548809052,13.898066883087159,0.15598608527332541
FlexTok,imagenet,n01806143,64,0.3881415465474129,14.596836318969727,0.17864636473357673
FlexTok,imagenet,n01806143,96,0.35778383061289787,15.199419479370118,0.20805025145411488
FlexTok,imagenet,n01806143,128,0.3287317417562008,15.734476985931396,0.2396158535778522
FlexTok,imagenet,n01806143,160,0.3158713862299919,16.03950714111328,0.2611324095726013
FlexTok,imagenet,n01806143,208,0.3036881090700626,16.359227771759034,0.28725757345557207
FlexTok,imagenet,n01806143,256,0.2812189298868179,16.898294658660888,0.3111009255051613
FlexTok,imagenet,n01820546,8,0.49405004382133483,12.278296031951903,0.23235683776438232
FlexTok,imagenet,n01820546,16,0.4572065407037735,12.602275962829589,0.2403141831606626
FlexTok,imagenet,n01820546,32,0.4072209572792053,13.336442165374756,0.2649484102427959
FlexTok,imagenet,n01820546,64,0.35172930151224135,14.288444004058839,0.3060879726707935
FlexTok,imagenet,n01820546,96,0.3129351413249969,15.248357582092286,0.3482371237874031
FlexTok,imagenet,n01820546,128,0.2746814766526222,16.118061428070067,0.3891773444414139
FlexTok,imagenet,n01820546,160,0.25662978202104564,16.61078508377075,0.41441510140895843
FlexTok,imagenet,n01820546,208,0.23915045022964473,17.199730186462403,0.44403638869524004
FlexTok,imagenet,n01820546,256,0.21551209494471546,18.02151205062866,0.47664448857307434
FlexTok,imagenet,n01833805,8,0.49737591445446017,14.382011318206787,0.45515184044837953
FlexTok,imagenet,n01833805,16,0.45857430040836333,14.817232189178467,0.46343648448586466
FlexTok,imagenet,n01833805,32,0.3755556842684746,15.854635734558105,0.5100611355900765
FlexTok,imagenet,n01833805,64,0.29081762120127674,17.063174896240234,0.5553142255544663
FlexTok,imagenet,n01833805,96,0.24248097762465473,18.30313356399536,0.6048965540528297
FlexTok,imagenet,n01833805,128,0.2074031879007816,19.447546272277833,0.6434951892495155
FlexTok,imagenet,n01833805,160,0.19402434051036832,20.01127758026123,0.6616470840573311
FlexTok,imagenet,n01833805,208,0.17741544082760807,20.6154017829895,0.6838181039690971
FlexTok,imagenet,n01833805,256,0.15534014672040936,21.618224563598634,0.7106022855639458
FlexTok,imagenet,n01843383,8,0.526373216509819,12.013348569869995,0.23431264288723466
FlexTok,imagenet,n01843383,16,0.49327251195907595,12.303054485321045,0.24576551444828507
FlexTok,imagenet,n01843383,32,0.44166509091854095,12.88309178352356,0.26786746129393574
FlexTok,imagenet,n01843383,64,0.381583611369133,13.882422485351562,0.30941554293036455
FlexTok,imagenet,n01843383,96,0.3356400701403618,14.91174160003662,0.35638191163539884
FlexTok,imagenet,n01843383,128,0.29374009296298026,16.026846599578857,0.40935062512755394
FlexTok,imagenet,n01843383,160,0.27418205335736273,16.57654489517212,0.43737220704555513
FlexTok,imagenet,n01843383,208,0.24970983177423473,17.29052574157715,0.4746279484033585
FlexTok,imagenet,n01843383,256,0.22333237171173093,18.419079608917237,0.5130020162463188
FlexTok,imagenet,n01847000,8,0.4764374142885208,13.699006843566895,0.23827517293393607
FlexTok,imagenet,n01847000,16,0.4409051901102066,13.84908239364624,0.247947164773941
FlexTok,imagenet,n01847000,32,0.3983943331241608,14.351081676483155,0.26406182378530496
FlexTok,imagenet,n01847000,64,0.3430594652891159,14.981924304962158,0.2870919045805931
FlexTok,imagenet,n01847000,96,0.30550199717283244,15.977947788238525,0.33110336810350416
FlexTok,imagenet,n01847000,128,0.2738865935802459,16.922442111968994,0.37430361807346346
FlexTok,imagenet,n01847000,160,0.2574054443836212,17.400155982971192,0.39894362419843676
FlexTok,imagenet,n01847000,208,0.2408475992083549,18.12000379562378,0.4347426936030388
FlexTok,imagenet,n01847000,256,0.2195754481852054,18.907709426879883,0.47103019565343857
FlexTok,imagenet,n01855672,8,0.4936549127101898,13.673988609313964,0.23823233045637604
FlexTok,imagenet,n01855672,16,0.4507602894306183,13.962178382873535,0.24393820881843564
FlexTok,imagenet,n01855672,32,0.4034405481815338,14.527357749938965,0.2601393431425094
FlexTok,imagenet,n01855672,64,0.3475560906529427,15.348739528656006,0.2892278961837291
FlexTok,imagenet,n01855672,96,0.3078164459764957,16.378628177642824,0.3295013536512852
FlexTok,imagenet,n01855672,128,0.27244807705283164,17.28831781387329,0.36545579478144646
FlexTok,imagenet,n01855672,160,0.2572158277034759,17.754346446990965,0.38753677666187286
FlexTok,imagenet,n01855672,208,0.24182623729109762,18.31514144897461,0.4151956129074097
FlexTok,imagenet,n01855672,256,0.22148613326251504,19.19445234298706,0.44613654643297196
FlexTok,imagenet,n01860187,8,0.45894995987415316,14.077811527252198,0.2645108553022146
FlexTok,imagenet,n01860187,16,0.4224829453229904,14.510738906860352,0.27805404156446456
FlexTok,imagenet,n01860187,32,0.3813296291232109,15.213361320495606,0.2944412579387426
FlexTok,imagenet,n01860187,64,0.3234928235411644,16.10319067001343,0.31937223121523856
FlexTok,imagenet,n01860187,96,0.29014704108238215,17.02722101211548,0.35980485633015635
FlexTok,imagenet,n01860187,128,0.2609919166564941,17.819294471740722,0.39656630605459214
FlexTok,imagenet,n01860187,160,0.24722452253103253,18.230904693603517,0.4175816920399666
FlexTok,imagenet,n01860187,208,0.23019447878003116,18.71283639907837,0.4491661131381989
FlexTok,imagenet,n01860187,256,0.2100926002860069,19.427041397094726,0.4800753307342529
FlexTok,imagenet,n01882714,8,0.55331194460392,11.839691562652588,0.12694686107337472
FlexTok,imagenet,n01882714,16,0.5149829012155532,12.04070888519287,0.1347310013324022
FlexTok,imagenet,n01882714,32,0.4695585954189301,12.671835556030274,0.15472716003656384
FlexTok,imagenet,n01882714,64,0.40928708970546723,13.527598648071288,0.1814826866984367
FlexTok,imagenet,n01882714,96,0.37241690993309023,14.371067962646485,0.22210554093122478
FlexTok,imagenet,n01882714,128,0.333407900929451,15.297813510894775,0.26409913927316664
FlexTok,imagenet,n01882714,160,0.3111652937531471,15.759773082733155,0.2923520354926586
FlexTok,imagenet,n01882714,208,0.29316740512847894,16.352032413482664,0.3283571982383728
FlexTok,imagenet,n01882714,256,0.26910977065563196,17.122026405334474,0.3610337841510773
FlexTok,imagenet,n01910747,8,0.46437432527542116,16.03777919769287,0.4123917354643345
FlexTok,imagenet,n01910747,16,0.436999948322773,16.233914031982422,0.41562158077955247
FlexTok,imagenet,n01910747,32,0.3815015494823456,17.31581108093262,0.4460304644703865
FlexTok,imagenet,n01910747,64,0.30740978002548214,18.649088134765623,0.49409060209989547
FlexTok,imagenet,n01910747,96,0.27279268413782115,19.527285537719727,0.525681726038456
FlexTok,imagenet,n01910747,128,0.2431941151618957,20.494084243774413,0.5534896159172058
FlexTok,imagenet,n01910747,160,0.22912271276116367,20.919634552001952,0.5705099162459374
FlexTok,imagenet,n01910747,208,0.21656085878610606,21.026499729156495,0.5752241832017898
FlexTok,imagenet,n01910747,256,0.19311070472002026,22.1823344039917,0.6061879706382751
FlexTok,imagenet,n01944390,8,0.548728865981102,13.202977085113526,0.237845012396574
FlexTok,imagenet,n01944390,16,0.511217114329338,13.403244686126708,0.24065514177083966
FlexTok,imagenet,n01944390,32,0.45189240217208865,14.166980209350585,0.26405950807034967
FlexTok,imagenet,n01944390,64,0.3823390161991119,15.228249378204346,0.29952041588723655
FlexTok,imagenet,n01944390,96,0.34240562915802003,16.038073463439943,0.33700362250208854
FlexTok,imagenet,n01944390,128,0.30317797660827633,16.967188091278075,0.3824173681437969
FlexTok,imagenet,n01944390,160,0.28308413654565806,17.42396562576294,0.40735428720712663
FlexTok,imagenet,n01944390,208,0.2643210446834564,17.95842784881592,0.4370387029647827
FlexTok,imagenet,n01944390,256,0.24230986505746838,18.77402490615845,0.4714438483119011
FlexTok,imagenet,n01983481,8,0.5736940050125122,11.851595439910888,0.1896110156178474
FlexTok,imagenet,n01983481,16,0.5362756657600403,12.248030395507813,0.20164093285799023
FlexTok,imagenet,n01983481,32,0.49464459121227267,12.892478904724122,0.22571825534105297
FlexTok,imagenet,n01983481,64,0.43174692869186404,13.765944709777832,0.25617327257990835
FlexTok,imagenet,n01983481,96,0.3900266593694687,14.566628704071045,0.29882354110479353
FlexTok,imagenet,n01983481,128,0.34543844759464265,15.539720821380616,0.3438874068856239
FlexTok,imagenet,n01983481,160,0.3199571448564529,16.071102180480956,0.37341723442077634
FlexTok,imagenet,n01983481,208,0.29602236002683635,16.69230001449585,0.40840547740459443
FlexTok,imagenet,n01983481,256,0.26380635142326353,17.665651874542235,0.4506532135605812
FlexTok,imagenet,n01986214,8,0.5265608191490173,14.101343479156494,0.26683591954410074
FlexTok,imagenet,n01986214,16,0.49205182373523715,14.28385362625122,0.2736008089780807
FlexTok,imagenet,n01986214,32,0.4509794151782989,15.026140956878661,0.29065547972917555
FlexTok,imagenet,n01986214,64,0.38538799315690997,15.920025787353516,0.3164910891652107
FlexTok,imagenet,n01986214,96,0.3468126082420349,16.904595527648926,0.35116464376449585
FlexTok,imagenet,n01986214,128,0.3136680993437767,17.708189964294434,0.3844276160001755
FlexTok,imagenet,n01986214,160,0.29705093950033185,18.16684648513794,0.40629119843244554
FlexTok,imagenet,n01986214,208,0.28009132683277127,18.635733947753906,0.4341352277994156
FlexTok,imagenet,n01986214,256,0.2556912595033645,19.49661699295044,0.4665786248445511
FlexTok,imagenet,n02007558,8,0.5146540153026581,13.250044288635253,0.27619274564087387
FlexTok,imagenet,n02007558,16,0.47468983352184296,13.535227661132813,0.28789976872503753
FlexTok,imagenet,n02007558,32,0.41292197704315187,14.462839527130127,0.31277566611766816
FlexTok,imagenet,n02007558,64,0.3494743648171425,15.429029712677002,0.35231880471110344
FlexTok,imagenet,n02007558,96,0.3003130911290645,16.55147342681885,0.39771796748042104
FlexTok,imagenet,n02007558,128,0.2590390212833881,17.75433992385864,0.43941602945327757
FlexTok,imagenet,n02007558,160,0.242018129825592,18.31685827255249,0.4629487323760986
FlexTok,imagenet,n02007558,208,0.22629324495792386,18.944070129394532,0.49284522473812103
FlexTok,imagenet,n02007558,256,0.20110317870974537,19.987359981536866,0.5264898282289505
FlexTok,imagenet,n02009912,8,0.48024015843868256,14.723367023468018,0.3239793913811445
FlexTok,imagenet,n02009912,16,0.4296082806587219,15.053023567199707,0.33769530832767486
FlexTok,imagenet,n02009912,32,0.37140481352806093,15.908172378540039,0.3628840374946594
FlexTok,imagenet,n02009912,64,0.3086178737878799,16.893123035430907,0.40039392463862894
FlexTok,imagenet,n02009912,96,0.27223077356815334,18.010066528320312,0.43876693218946455
FlexTok,imagenet,n02009912,128,0.2385018369555473,18.92432611465454,0.4735999850928783
FlexTok,imagenet,n02009912,160,0.22459357544779773,19.367843894958497,0.49333707600831983
FlexTok,imagenet,n02009912,208,0.2111895793676376,19.856557083129882,0.5158428499102592
FlexTok,imagenet,n02009912,256,0.1909939636290073,20.7182364654541,0.5437690699100495
FlexTok,imagenet,n02051845,8,0.4827472686767578,13.13586929321289,0.314307901263237
FlexTok,imagenet,n02051845,16,0.4318937787413597,13.555754528045654,0.32953622445464137
FlexTok,imagenet,n02051845,32,0.3732027351856232,14.154375591278075,0.35552537977695464
FlexTok,imagenet,n02051845,64,0.31623804032802577,15.096510887145996,0.3890376977622509
FlexTok,imagenet,n02051845,96,0.27927360922098154,16.152811374664306,0.4315178057551384
FlexTok,imagenet,n02051845,128,0.24210036203265187,17.211104183197023,0.4799614414572716
FlexTok,imagenet,n02051845,160,0.22563798666000362,17.847572593688966,0.5045873710513115
FlexTok,imagenet,n02051845,208,0.21044441476464268,18.65887161254883,0.5372968590259553
FlexTok,imagenet,n02051845,256,0.1894500088691711,19.43706563949585,0.5698533675074577
FlexTok,imagenet,n02056570,8,0.5242468398809433,12.79234727859497,0.22987883426249023
FlexTok,imagenet,n02056570,16,0.48248303949832916,13.071736240386963,0.24233050681650636
FlexTok,imagenet,n02056570,32,0.4320775669813156,13.881231002807617,0.26596472620964046
FlexTok,imagenet,n02056570,64,0.3704603731632233,14.722919273376466,0.3030215886235237
FlexTok,imagenet,n02056570,96,0.32891741961240767,15.794769077301025,0.34837731182575227
FlexTok,imagenet,n02056570,128,0.28959486663341516,16.90505826950073,0.3938687089085579
FlexTok,imagenet,n02056570,160,0.27207660198211664,17.411183967590333,0.419653177857399
FlexTok,imagenet,n02056570,208,0.25105832666158673,18.220750885009764,0.45538909405469896
FlexTok,imagenet,n02056570,256,0.22614023268222805,19.1582165145874,0.48788074612617494
FlexTok,imagenet,n02066245,8,0.43704731822013854,15.240577487945556,0.22378959700465198
FlexTok,imagenet,n02066245,16,0.40006443351507187,15.544333114624024,0.23134970061480994
FlexTok,imagenet,n02066245,32,0.3609337073564529,16.056852741241457,0.25059090927243227
FlexTok,imagenet,n02066245,64,0.3094582426548004,16.5948565864563,0.269823897331953
FlexTok,imagenet,n02066245,96,0.28410531908273695,17.317760677337645,0.31023979201912877
FlexTok,imagenet,n02066245,128,0.2574261392652988,18.127551746368407,0.34832554310560226
FlexTok,imagenet,n02066245,160,0.24710063517093656,18.4554780960083,0.3739136651158333
FlexTok,imagenet,n02066245,208,0.2355315405130386,18.868344192504882,0.4069713020324707
FlexTok,imagenet,n02066245,256,0.220624144077301,19.467736492156984,0.4363273471593857
FlexTok,imagenet,n02071294,8,0.44845964431762697,15.628546981811523,0.2783218156546354
FlexTok,imagenet,n02071294,16,0.4149517261981964,15.870419425964355,0.28964149519801136
FlexTok,imagenet,n02071294,32,0.3680943724513054,16.442874813079833,0.3075829931348562
FlexTok,imagenet,n02071294,64,0.31607493281364435,17.350174026489256,0.3413236989825964
FlexTok,imagenet,n02071294,96,0.2744123557209968,18.31224012374878,0.38934565618634226
FlexTok,imagenet,n02071294,128,0.24261737704277034,19.308430976867676,0.43296962589025495
FlexTok,imagenet,n02071294,160,0.22826332420110698,19.778302993774414,0.4580032067000866
FlexTok,imagenet,n02071294,208,0.2174956917762756,20.263636817932127,0.48888737231492996
FlexTok,imagenet,n02071294,256,0.20248399883508678,21.020613765716554,0.5155363610386848
FlexTok,imagenet,n02077923,8,0.5236288249492645,13.06404658317566,0.22765801101922986
FlexTok,imagenet,n02077923,16,0.4896043962240219,13.567585334777831,0.2429308401048183
FlexTok,imagenet,n02077923,32,0.44258940160274507,14.32968132019043,0.2672383058071136
FlexTok,imagenet,n02077923,64,0.3727158939838409,15.224483299255372,0.30224316790699957
FlexTok,imagenet,n02077923,96,0.33500317215919495,16.37457857131958,0.34465174585580827
FlexTok,imagenet,n02077923,128,0.30086669266223903,17.321574630737306,0.3850085863471031
FlexTok,imagenet,n02077923,160,0.2829622673988342,17.77175943374634,0.4121048140525818
FlexTok,imagenet,n02077923,208,0.2637013080716133,18.384889793395995,0.44525362968444826
FlexTok,imagenet,n02077923,256,0.24076919138431546,19.260648994445802,0.4792801332473755
FlexTok,imagenet,n02085620,8,0.5223783779144288,12.674117202758788,0.28098411768674847
FlexTok,imagenet,n02085620,16,0.48531410217285154,13.026121368408203,0.2910253551602363
FlexTok,imagenet,n02085620,32,0.43500497698783874,13.942862548828124,0.317868258357048
FlexTok,imagenet,n02085620,64,0.3653649044036865,15.158435077667237,0.3597667324542999
FlexTok,imagenet,n02085620,96,0.31748888373374934,16.37899492263794,0.41193888425827024
FlexTok,imagenet,n02085620,128,0.27216594547033307,17.581425189971924,0.4615819638967514
FlexTok,imagenet,n02085620,160,0.2516263312101364,18.2247713470459,0.4922508817911148
FlexTok,imagenet,n02085620,208,0.23036534458398816,18.968041248321533,0.5283817917108535
FlexTok,imagenet,n02085620,256,0.2062755700945854,20.13498458862305,0.5652836865186691
FlexTok,imagenet,n02086240,8,0.49890903651714325,13.532028217315673,0.26316858954727645
FlexTok,imagenet,n02086240,16,0.4529894524812698,14.033470020294189,0.2760806781798601
FlexTok,imagenet,n02086240,32,0.4025419795513153,14.867012348175049,0.30048353694379326
FlexTok,imagenet,n02086240,64,0.33742323696613313,16.054147243499756,0.3438109661638737
FlexTok,imagenet,n02086240,96,0.298168930709362,17.12677682876587,0.38290407225489614
FlexTok,imagenet,n02086240,128,0.26538077950477595,18.20237585067749,0.42133815690875054
FlexTok,imagenet,n02086240,160,0.24851513952016827,18.70608730316162,0.44246854752302167
FlexTok,imagenet,n02086240,208,0.23576618075370784,19.369711265563964,0.46945179760456085
FlexTok,imagenet,n02086240,256,0.212211477458477,20.315200405120848,0.49936906903982164
FlexTok,imagenet,n02088094,8,0.5019741231203079,13.14794189453125,0.2043102666735649
FlexTok,imagenet,n02088094,16,0.4618230736255646,13.365547389984131,0.21174206137657162
FlexTok,imagenet,n02088094,32,0.41504807949066164,14.137314357757568,0.23195472881197926
FlexTok,imagenet,n02088094,64,0.35375637233257295,14.926181144714356,0.2617653831839561
FlexTok,imagenet,n02088094,96,0.3188553664088249,15.751991519927978,0.30063784927129744
FlexTok,imagenet,n02088094,128,0.2881796804070472,16.691520748138426,0.33931980311870574
FlexTok,imagenet,n02088094,160,0.27231268674135206,17.090161571502687,0.3619160035252571
FlexTok,imagenet,n02088094,208,0.25268612578511235,17.613610210418702,0.3947724041342735
FlexTok,imagenet,n02088094,256,0.2304336194694042,18.49185573577881,0.42835833251476285
FlexTok,imagenet,n02088238,8,0.5261114931106567,12.475133762359619,0.2356545567512512
FlexTok,imagenet,n02088238,16,0.4845806497335434,12.864715099334717,0.24924691364169116
FlexTok,imagenet,n02088238,32,0.4329411381483078,13.57297113418579,0.2754649646580219
FlexTok,imagenet,n02088238,64,0.36255274653434755,14.726242561340332,0.31721974596381186
FlexTok,imagenet,n02088238,96,0.32156279772520063,15.938768482208252,0.37021888107061385
FlexTok,imagenet,n02088238,128,0.2791763272881507,17.203458404541017,0.41937318474054336
FlexTok,imagenet,n02088238,160,0.26126798212528224,17.83724660873413,0.44765789359807967
FlexTok,imagenet,n02088238,208,0.2386197432875633,18.649931716918946,0.4835162195563316
FlexTok,imagenet,n02088238,256,0.213681406378746,19.62906955718994,0.5204149708151817
FlexTok,imagenet,n02088364,8,0.4973239666223526,13.25642858505249,0.24714970052242274
FlexTok,imagenet,n02088364,16,0.4468711870908737,13.6623685836792,0.2642132737487554
FlexTok,imagenet,n02088364,32,0.39940631568431856,14.555830039978026,0.2901040440797805
FlexTok,imagenet,n02088364,64,0.3365513700246811,15.572031841278076,0.32588167652487754
FlexTok,imagenet,n02088364,96,0.29777190119028085,16.611980934143066,0.37380749940872193
FlexTok,imagenet,n02088364,128,0.2593898630142212,17.709420986175537,0.41684405580163003
FlexTok,imagenet,n02088364,160,0.24416439354419706,18.271760692596434,0.4426030184328556
FlexTok,imagenet,n02088364,208,0.22521216005086894,18.989006004333497,0.47554959237575534
FlexTok,imagenet,n02088364,256,0.20442387670278545,19.981018505096436,0.5076218047738075
FlexTok,imagenet,n02088466,8,0.5137490546703338,13.461446418762208,0.24575466558337208
FlexTok,imagenet,n02088466,16,0.4724777710437775,13.770502529144288,0.2519285400211811
FlexTok,imagenet,n02088466,32,0.4251673883199692,14.57479606628418,0.2715516421198845
FlexTok,imagenet,n02088466,64,0.3603042376041412,15.593396244049073,0.30839734286069864
FlexTok,imagenet,n02088466,96,0.31894152760505673,16.576391429901122,0.35388787269592287
FlexTok,imagenet,n02088466,128,0.2823476588726043,17.57644468307495,0.39636111348867414
FlexTok,imagenet,n02088466,160,0.26551183879375456,18.07240478515625,0.4213236591219902
FlexTok,imagenet,n02088466,208,0.24783793449401853,18.698894443511964,0.45285912305116655
FlexTok,imagenet,n02088466,256,0.22308526471257206,19.62778781890869,0.48688203454017637
FlexTok,imagenet,n02091032,8,0.529456860423088,13.083604946136475,0.2558629813790321
FlexTok,imagenet,n02091032,16,0.48766243040561674,13.497062664031983,0.27059462741017337
FlexTok,imagenet,n02091032,32,0.4355059063434601,14.288457717895508,0.2980699977278709
FlexTok,imagenet,n02091032,64,0.36343748480081556,15.242471561431884,0.3351787374913692
FlexTok,imagenet,n02091032,96,0.3151967075467109,16.30869472503662,0.382624886482954
FlexTok,imagenet,n02091032,128,0.2765804207324981,17.442025356292724,0.4292995075881481
FlexTok,imagenet,n02091032,160,0.26092825680971143,18.07740571975708,0.45681348621845247
FlexTok,imagenet,n02091032,208,0.2403131023049354,18.798798236846924,0.4904569938778877
FlexTok,imagenet,n02091032,256,0.21463247910141942,19.744693336486815,0.5261540228128433
FlexTok,imagenet,n02091134,8,0.4717440366744995,13.707005500793457,0.21893598988652227
FlexTok,imagenet,n02091134,16,0.42009174048900605,14.072481708526611,0.23048727758228776
FlexTok,imagenet,n02091134,32,0.37436420530080794,14.754145965576171,0.2556579150259494
FlexTok,imagenet,n02091134,64,0.3221739286184311,15.610032215118409,0.2850330008566379
FlexTok,imagenet,n02091134,96,0.29032925367355344,16.490417728424074,0.31965373679995535
FlexTok,imagenet,n02091134,128,0.2621001154184341,17.381927680969238,0.3547265389561653
FlexTok,imagenet,n02091134,160,0.24906469047069546,17.879818420410157,0.377248095870018
FlexTok,imagenet,n02091134,208,0.23237282782793042,18.503107528686524,0.406644803583622
FlexTok,imagenet,n02091134,256,0.21467792361974714,19.21201307296753,0.43691049128770826
FlexTok,imagenet,n02092339,8,0.4890714091062546,13.053387298583985,0.22120155632495878
FlexTok,imagenet,n02092339,16,0.44597767293453217,13.527753028869629,0.23935647189617154
FlexTok,imagenet,n02092339,32,0.3889095568656921,14.345706844329834,0.2677419282495975
FlexTok,imagenet,n02092339,64,0.33947985351085663,15.301203079223633,0.30123392120003695
FlexTok,imagenet,n02092339,96,0.30257247060537334,16.21806785583496,0.34656632140278815
FlexTok,imagenet,n02092339,128,0.2686584770679474,17.25078582763672,0.38814007431268693
FlexTok,imagenet,n02092339,160,0.2503369218111038,17.772214069366456,0.41508724153041837
FlexTok,imagenet,n02092339,208,0.23397954583168026,18.345708351135254,0.44590342700481417
FlexTok,imagenet,n02092339,256,0.21213461786508556,19.206573371887206,0.4805538436770439
FlexTok,imagenet,n02094433,8,0.5009117519855499,13.370759162902832,0.22846295341849324
FlexTok,imagenet,n02094433,16,0.4595561110973358,13.659976253509521,0.23384924501180646
FlexTok,imagenet,n02094433,32,0.40782982170581816,14.454821186065674,0.2609629701077938
FlexTok,imagenet,n02094433,64,0.34422077864408496,15.4659814453125,0.29822401404380794
FlexTok,imagenet,n02094433,96,0.3045575299859047,16.392670097351075,0.34112820640206337
FlexTok,imagenet,n02094433,128,0.2747849404811859,17.393919525146483,0.38147645771503447
FlexTok,imagenet,n02094433,160,0.2572268259525299,17.86100618362427,0.4050949686765671
FlexTok,imagenet,n02094433,208,0.24003723621368406,18.45823699951172,0.4356462988257408
FlexTok,imagenet,n02094433,256,0.2162492267787456,19.33923746109009,0.4703237250447273
FlexTok,imagenet,n02096585,8,0.5074804896116256,12.111887092590331,0.244706355035305
FlexTok,imagenet,n02096585,16,0.464229696393013,12.499855690002441,0.2620521323382854
FlexTok,imagenet,n02096585,32,0.41523995220661164,13.287073955535888,0.2907087103277444
FlexTok,imagenet,n02096585,64,0.3474974125623703,14.469450149536133,0.32934829473495486
FlexTok,imagenet,n02096585,96,0.31249879300594324,15.614077758789062,0.37995902091264727
FlexTok,imagenet,n02096585,128,0.27352916389703746,16.777260150909424,0.43295816585421565
FlexTok,imagenet,n02096585,160,0.2551610255241394,17.40850109100342,0.46230980843305586
FlexTok,imagenet,n02096585,208,0.23371834725141521,18.310756893157958,0.5031356585025787
FlexTok,imagenet,n02096585,256,0.21067763477563856,19.357836265563964,0.5395681330561638
FlexTok,imagenet,n02097298,8,0.48813426911830904,13.269846515655518,0.21824735477566715
FlexTok,imagenet,n02097298,16,0.4485178768634796,13.800992050170898,0.22786434948444362
FlexTok,imagenet,n02097298,32,0.40323664784431457,14.606751976013184,0.24570339366793628
FlexTok,imagenet,n02097298,64,0.3461039310693741,15.576138553619385,0.27629217490553853
FlexTok,imagenet,n02097298,96,0.31189817070961,16.392038688659667,0.3108594687283039
FlexTok,imagenet,n02097298,128,0.27966907173395156,17.438558559417725,0.34873309582471845
FlexTok,imagenet,n02097298,160,0.2655608603358268,17.87573097229004,0.3712218052148819
FlexTok,imagenet,n02097298,208,0.24753234297037122,18.49298370361328,0.4017536497116089
FlexTok,imagenet,n02097298,256,0.22593111306428906,19.393735618591307,0.43438784062862396
FlexTok,imagenet,n02098286,8,0.48748580634593963,14.41638162612915,0.2758945497870445
FlexTok,imagenet,n02098286,16,0.445648752450943,14.908333892822265,0.29228791072964666
FlexTok,imagenet,n02098286,32,0.3966803658008575,15.82997320175171,0.32197178408503535
FlexTok,imagenet,n02098286,64,0.33620689511299134,16.768127727508546,0.3516510154306889
FlexTok,imagenet,n02098286,96,0.3067721998691558,17.63266498565674,0.3854667791724205
FlexTok,imagenet,n02098286,128,0.2722558203339576,18.70724666595459,0.4273373803496361
FlexTok,imagenet,n02098286,160,0.25714860886335367,19.13662702560425,0.4486895355582237
FlexTok,imagenet,n02098286,208,0.24070338696241375,19.674716663360595,0.47751645505428314
FlexTok,imagenet,n02098286,256,0.21840764611959454,20.69411102294922,0.5081663689017296
FlexTok,imagenet,n02099601,8,0.505362663269043,13.228949584960937,0.223416903540492
FlexTok,imagenet,n02099601,16,0.4542083686590195,13.653834934234618,0.2353659045696258
FlexTok,imagenet,n02099601,32,0.4091916161775589,14.405720272064208,0.2547144146263599
FlexTok,imagenet,n02099601,64,0.34545276284217835,15.515649547576905,0.2906080755591392
FlexTok,imagenet,n02099601,96,0.30857415348291395,16.566739120483398,0.33485443741083143
FlexTok,imagenet,n02099601,128,0.2724802786111831,17.555599021911622,0.3745135936141014
FlexTok,imagenet,n02099601,160,0.2574341848492622,17.978227024078368,0.39811989545822146
FlexTok,imagenet,n02099601,208,0.23934462815523144,18.575567264556884,0.43123802870512007
FlexTok,imagenet,n02099601,256,0.21685409963130947,19.500464515686033,0.4658692979812622
FlexTok,imagenet,n02099712,8,0.4784688174724579,13.947471466064453,0.28977816134691237
FlexTok,imagenet,n02099712,16,0.4317365163564682,14.518062286376953,0.30524059936404224
FlexTok,imagenet,n02099712,32,0.386394809782505,15.371441612243652,0.33246146008372307
FlexTok,imagenet,n02099712,64,0.3266081666946411,16.58414720535278,0.37407243117690087
FlexTok,imagenet,n02099712,96,0.2889215368032455,17.611391487121583,0.41720723748207095
FlexTok,imagenet,n02099712,128,0.2548540866374969,18.692430248260496,0.46215196669101716
FlexTok,imagenet,n02099712,160,0.23722149997949596,19.2142218208313,0.48718287408351896
FlexTok,imagenet,n02099712,208,0.21890600889921186,19.822508659362793,0.5168662875890732
FlexTok,imagenet,n02099712,256,0.19653276100754735,20.89773654937744,0.5518229377269744
FlexTok,imagenet,n02102318,8,0.4935654962062836,13.407424507141114,0.22063972085714337
FlexTok,imagenet,n02102318,16,0.4566646826267242,13.884104194641113,0.22978101238608356
FlexTok,imagenet,n02102318,32,0.40430224120616914,14.713465614318848,0.2582115307450294
FlexTok,imagenet,n02102318,64,0.3430147486925125,15.842225608825684,0.2931434156745672
FlexTok,imagenet,n02102318,96,0.3071462774276733,16.790585346221924,0.33235949128866193
FlexTok,imagenet,n02102318,128,0.27309577554464337,17.763528804779053,0.37329631894826887
FlexTok,imagenet,n02102318,160,0.2581188496947288,18.223945026397704,0.3967908890545368
FlexTok,imagenet,n02102318,208,0.2392678081989288,18.78863883972168,0.42575684905052186
FlexTok,imagenet,n02102318,256,0.2149341985583305,19.73413375854492,0.4609349432587624
FlexTok,imagenet,n02106030,8,0.45791293621063234,13.350392150878907,0.2219252027571201
FlexTok,imagenet,n02106030,16,0.4197877472639084,13.618668308258057,0.2369503909349441
FlexTok,imagenet,n02106030,32,0.37458021968603133,14.467465667724609,0.25665927007794376
FlexTok,imagenet,n02106030,64,0.31963962376117705,15.443473205566406,0.2883714404702186
FlexTok,imagenet,n02106030,96,0.28956710696220395,16.433386268615724,0.32843591302633285
FlexTok,imagenet,n02106030,128,0.2598147320747375,17.417976474761964,0.3670069465041161
FlexTok,imagenet,n02106030,160,0.243562176823616,17.943606853485107,0.3920105591416359
FlexTok,imagenet,n02106030,208,0.22778917074203486,18.606263790130615,0.425081904232502
FlexTok,imagenet,n02106030,256,0.20722052633762356,19.415512409210205,0.4557486608624458
FlexTok,imagenet,n02106166,8,0.4997044849395752,12.04765504837036,0.20691955544054505
FlexTok,imagenet,n02106166,16,0.4600361067056656,12.50073699951172,0.22965057276189324
FlexTok,imagenet,n02106166,32,0.40481380581855775,13.446987705230713,0.2540594787895679
FlexTok,imagenet,n02106166,64,0.34551772475242615,14.336068649291992,0.28718510210514064
FlexTok,imagenet,n02106166,96,0.3078030410408974,15.409043865203857,0.3294978901743889
FlexTok,imagenet,n02106166,128,0.2746458917856216,16.430015678405763,0.3706688493490219
FlexTok,imagenet,n02106166,160,0.2587955746054649,16.958652400970458,0.3959867492318153
FlexTok,imagenet,n02106166,208,0.23907951623201368,17.64687438964844,0.42780941426754
FlexTok,imagenet,n02106166,256,0.21678134381771083,18.636723461151124,0.46089312821626666
FlexTok,imagenet,n02106550,8,0.48941450655460356,13.04304765701294,0.2346640872955322
FlexTok,imagenet,n02106550,16,0.44576782524585723,13.465343055725098,0.2487281502783298
FlexTok,imagenet,n02106550,32,0.39512926697731016,14.308556518554688,0.2654630586504936
FlexTok,imagenet,n02106550,64,0.33721938759088516,15.388362884521484,0.3013751026988029
FlexTok,imagenet,n02106550,96,0.3000157558917999,16.295266551971437,0.3404048576951027
FlexTok,imagenet,n02106550,128,0.26564048767089843,17.241468486785887,0.38124953120946886
FlexTok,imagenet,n02106550,160,0.24975737571716305,17.71920166015625,0.40651933938264845
FlexTok,imagenet,n02106550,208,0.23031318992376323,18.314867973327637,0.43812076628208163
FlexTok,imagenet,n02106550,256,0.21051557362079618,19.192257900238037,0.47159753620624545
FlexTok,imagenet,n02106662,8,0.48575820863246916,12.781586227416993,0.21798054009675977
FlexTok,imagenet,n02106662,16,0.44489591479301455,13.163615493774413,0.23119074866175648
FlexTok,imagenet,n02106662,32,0.39990983963012694,13.952878303527832,0.248265768289566
FlexTok,imagenet,n02106662,64,0.3413954722881317,15.085745162963867,0.2836077456176281
FlexTok,imagenet,n02106662,96,0.30291625708341596,16.072950649261475,0.3227465364336968
FlexTok,imagenet,n02106662,128,0.27520585566759104,16.924981155395507,0.3626935565471649
FlexTok,imagenet,n02106662,160,0.2581613120436668,17.42364959716797,0.3881849211454391
FlexTok,imagenet,n02106662,208,0.23981521129608152,18.075485916137694,0.41961427360773085
FlexTok,imagenet,n02106662,256,0.21831108450889583,18.931606826782225,0.4507469344139099
FlexTok,imagenet,n02108089,8,0.495819993019104,12.923303089141847,0.21520533494651314
FlexTok,imagenet,n02108089,16,0.46025444626808165,13.34420783996582,0.23061941310763356
FlexTok,imagenet,n02108089,32,0.41529741704463957,14.083706092834472,0.24396141216158862
FlexTok,imagenet,n02108089,64,0.3583463326096535,14.982550220489502,0.2749900437891483
FlexTok,imagenet,n02108089,96,0.3218114292621613,15.949511337280274,0.3193965479731559
FlexTok,imagenet,n02108089,128,0.2857906219363212,16.965005321502687,0.3616960471868515
FlexTok,imagenet,n02108089,160,0.26629571765661236,17.513851928710938,0.3894471952319145
FlexTok,imagenet,n02108089,208,0.24750126749277113,18.17080455780029,0.42445217818021774
FlexTok,imagenet,n02108089,256,0.22478100597858425,19.149607181549072,0.46447229385375977
FlexTok,imagenet,n02108915,8,0.5044388741254806,12.847970657348633,0.2922900580614805
FlexTok,imagenet,n02108915,16,0.4565289372205734,13.365206546783448,0.30676912426948544
FlexTok,imagenet,n02108915,32,0.407418726682663,14.349496002197265,0.33758891865611074
FlexTok,imagenet,n02108915,64,0.3405182683467865,15.556206188201905,0.3808351793885231
FlexTok,imagenet,n02108915,96,0.2994201454520225,16.64944980621338,0.4256765341758728
FlexTok,imagenet,n02108915,128,0.2590828204154968,17.821742439270018,0.4693297743797302
FlexTok,imagenet,n02108915,160,0.2380138328671455,18.471799583435057,0.4951036196947098
FlexTok,imagenet,n02108915,208,0.21886134237051005,19.20204730987549,0.527018756866455
FlexTok,imagenet,n02108915,256,0.19354224562644956,20.349852790832518,0.5630120202898979
FlexTok,imagenet,n02109525,8,0.508690572977066,12.735139713287353,0.2509973175823688
FlexTok,imagenet,n02109525,16,0.4577589511871338,13.191751308441162,0.2649764834344387
FlexTok,imagenet,n02109525,32,0.4130693882703781,14.056885395050049,0.2899854412674904
FlexTok,imagenet,n02109525,64,0.3564904361963272,14.96325325012207,0.3192102009057998
FlexTok,imagenet,n02109525,96,0.3198820769786834,16.07765672683716,0.3650936636328697
FlexTok,imagenet,n02109525,128,0.282086913883686,17.222157421112062,0.410943461060524
FlexTok,imagenet,n02109525,160,0.266580847799778,17.72125633239746,0.43608312666416166
FlexTok,imagenet,n02109525,208,0.24333552986383433,18.498938274383544,0.469996252655983
FlexTok,imagenet,n02109525,256,0.2204989270865917,19.633217964172363,0.50407330930233
FlexTok,imagenet,n02110185,8,0.5070251828432083,12.877275276184083,0.24003650113940236
FlexTok,imagenet,n02110185,16,0.47021705627441407,13.079639568328858,0.24983844369649882
FlexTok,imagenet,n02110185,32,0.4250057393312454,13.957553997039795,0.27458068251609796
FlexTok,imagenet,n02110185,64,0.3623309868574143,15.103628978729247,0.31801649913191793
FlexTok,imagenet,n02110185,96,0.32301140427589414,16.14013437271118,0.3633898691833019
FlexTok,imagenet,n02110185,128,0.2885029050707817,17.25970693588257,0.410238057076931
FlexTok,imagenet,n02110185,160,0.2699826434254646,17.845328979492187,0.4359625867009163
FlexTok,imagenet,n02110185,208,0.2503626614809036,18.571338920593263,0.46991081565618514
FlexTok,imagenet,n02110185,256,0.22468095362186427,19.636855335235595,0.5071669837832451
FlexTok,imagenet,n02110341,8,0.5168732511997223,11.920245037078857,0.2129754570126533
FlexTok,imagenet,n02110341,16,0.4699283617734909,12.089543418884277,0.22023510098457333
FlexTok,imagenet,n02110341,32,0.4198902928829193,12.693756370544433,0.24099664166569706
FlexTok,imagenet,n02110341,64,0.36261540442705154,13.260483379364013,0.27135051771998403
FlexTok,imagenet,n02110341,96,0.3262139627337456,14.176129131317138,0.31693332999944684
FlexTok,imagenet,n02110341,128,0.29111080139875406,15.028247890472413,0.36081780046224593
FlexTok,imagenet,n02110341,160,0.27049785315990443,15.565937633514404,0.39159767001867296
FlexTok,imagenet,n02110341,208,0.2491430205106735,16.41072660446167,0.4325458225607872
FlexTok,imagenet,n02110341,256,0.22315629512071605,17.36895191192627,0.47333072185516356
FlexTok,imagenet,n02110958,8,0.5311292058229446,12.569628868103027,0.2363194422423839
FlexTok,imagenet,n02110958,16,0.4921219205856323,12.969060497283936,0.245642055273056
FlexTok,imagenet,n02110958,32,0.4443842762708664,13.719738140106202,0.26812959566712374
FlexTok,imagenet,n02110958,64,0.36955028235912324,14.915223503112793,0.3120889583230018
FlexTok,imagenet,n02110958,96,0.32337562292814254,15.94727575302124,0.35895847022533417
FlexTok,imagenet,n02110958,128,0.28710401862859725,17.007803115844727,0.4027520290017128
FlexTok,imagenet,n02110958,160,0.26623891353607176,17.54010654449463,0.428269667327404
FlexTok,imagenet,n02110958,208,0.2416418200731277,18.249189052581787,0.4623436853289604
FlexTok,imagenet,n02110958,256,0.2173536306619644,19.252861919403077,0.49956168442964555
FlexTok,imagenet,n02112018,8,0.47015441477298736,14.510621013641357,0.2983256724476814
FlexTok,imagenet,n02112018,16,0.4314261734485626,14.89311990737915,0.31256470829248423
FlexTok,imagenet,n02112018,32,0.3839501094818115,15.793996086120606,0.3326340261101723
FlexTok,imagenet,n02112018,64,0.3236682802438736,16.955957012176512,0.3695869155228138
FlexTok,imagenet,n02112018,96,0.2865204861760139,17.980243015289307,0.40670768469572066
FlexTok,imagenet,n02112018,128,0.2541729691624641,18.89799436569214,0.439219124019146
FlexTok,imagenet,n02112018,160,0.2383363056182861,19.364829025268556,0.46011881619691847
FlexTok,imagenet,n02112018,208,0.22141975730657573,19.997237930297853,0.48837839394807814
FlexTok,imagenet,n02112018,256,0.20230443894863126,20.878258247375488,0.5178540104627609
FlexTok,imagenet,n02112137,8,0.5067467111349105,13.63038387298584,0.23968178436160084
FlexTok,imagenet,n02112137,16,0.45401591360569,14.24493272781372,0.2560798969864845
FlexTok,imagenet,n02112137,32,0.4009635227918625,15.206962394714356,0.28429101094603537
FlexTok,imagenet,n02112137,64,0.3378509256243706,16.556248474121094,0.3234726087749004
FlexTok,imagenet,n02112137,96,0.307300174832344,17.488376598358155,0.36019202500581743
FlexTok,imagenet,n02112137,128,0.2760709261894226,18.31222034454346,0.3934251281619072
FlexTok,imagenet,n02112137,160,0.2611945760250091,18.7927571105957,0.41519641518592837
FlexTok,imagenet,n02112137,208,0.24514331787824628,19.321479663848876,0.443045694231987
FlexTok,imagenet,n02112137,256,0.22630786240100856,20.193487415313722,0.4732193851470947
FlexTok,imagenet,n02113023,8,0.5087729346752167,13.698562870025635,0.2815353123098612
FlexTok,imagenet,n02113023,16,0.46433628916740416,14.035902481079102,0.2957468419522047
FlexTok,imagenet,n02113023,32,0.4093971437215805,15.067104682922363,0.32650021016597747
FlexTok,imagenet,n02113023,64,0.34778663516044617,16.18811424255371,0.36537020340561865
FlexTok,imagenet,n02113023,96,0.30662170857191084,17.237861042022704,0.4066211539506912
FlexTok,imagenet,n02113023,128,0.2672767248749733,18.383187141418457,0.44616417318582535
FlexTok,imagenet,n02113023,160,0.24863116204738614,18.93509922027588,0.4690184384584427
FlexTok,imagenet,n02113023,208,0.22736360535025593,19.613025550842284,0.49729546934366226
FlexTok,imagenet,n02113023,256,0.20650089010596273,20.595817375183106,0.5275283151865006
FlexTok,imagenet,n02113624,8,0.5151926070451737,13.979616584777832,0.29996339142322537
FlexTok,imagenet,n02113624,16,0.47564021944999696,14.434181537628174,0.30991556778550144
FlexTok,imagenet,n02113624,32,0.42581379532814023,15.501987266540528,0.335578428953886
FlexTok,imagenet,n02113624,64,0.3533178022503853,16.694474697113037,0.377265627682209
FlexTok,imagenet,n02113624,96,0.30750092118978495,17.748817329406737,0.4181206297874451
FlexTok,imagenet,n02113624,128,0.2695036470890045,18.838558521270752,0.4563566845655441
FlexTok,imagenet,n02113624,160,0.25055780500173563,19.410578937530516,0.4798105520009994
FlexTok,imagenet,n02113624,208,0.23505860269069667,19.969196491241455,0.5068615639209747
FlexTok,imagenet,n02113624,256,0.2078450989723205,21.085219116210936,0.5403634643554688
FlexTok,imagenet,n02113799,8,0.5114180314540863,12.973085231781006,0.2445816497504711
FlexTok,imagenet,n02113799,16,0.47381053745746615,13.47283718109131,0.25458242408931253
FlexTok,imagenet,n02113799,32,0.41637201070785523,14.320932750701905,0.27689377814531324
FlexTok,imagenet,n02113799,64,0.35235628426074983,15.348802471160889,0.3129301784932613
FlexTok,imagenet,n02113799,96,0.31082581460475917,16.38500654220581,0.34762211978435514
FlexTok,imagenet,n02113799,128,0.27496150255203244,17.44857120513916,0.3845537467300892
FlexTok,imagenet,n02113799,160,0.25983910948038097,17.911018466949464,0.4073792552947998
FlexTok,imagenet,n02113799,208,0.24230252563953397,18.469486961364748,0.4365737301111221
FlexTok,imagenet,n02113799,256,0.2207028910517692,19.350933208465577,0.4650385037064552
FlexTok,imagenet,n02114367,8,0.4790181827545166,13.537117176055908,0.2181179682910442
FlexTok,imagenet,n02114367,16,0.4327289950847626,13.876801300048829,0.22943987630307672
FlexTok,imagenet,n02114367,32,0.39466403603553774,14.61138999938965,0.2502086298167705
FlexTok,imagenet,n02114367,64,0.3409482291340828,15.360949459075927,0.2809784950315952
FlexTok,imagenet,n02114367,96,0.31138361036777495,16.15642156600952,0.3167969264090061
FlexTok,imagenet,n02114367,128,0.27773067146539687,17.18166473388672,0.3579048006236553
FlexTok,imagenet,n02114367,160,0.2620092034339904,17.69057668685913,0.3835739728808403
FlexTok,imagenet,n02114367,208,0.2475417864322662,18.3223321723938,0.41665566444396973
FlexTok,imagenet,n02114367,256,0.22545767009258266,19.222280921936036,0.451653316617012
FlexTok,imagenet,n02117135,8,0.46360182464122773,14.960999774932862,0.1753623283654451
FlexTok,imagenet,n02117135,16,0.4216964304447174,15.125166397094727,0.1775529214739799
FlexTok,imagenet,n02117135,32,0.3867046278715134,15.613565673828125,0.18741995014250276
FlexTok,imagenet,n02117135,64,0.34020359694957736,16.27807497024536,0.20617662936449047
FlexTok,imagenet,n02117135,96,0.31898054271936416,16.949519443511964,0.23444355145096776
FlexTok,imagenet,n02117135,128,0.29358531951904293,17.580343475341795,0.26331015244126316
FlexTok,imagenet,n02117135,160,0.28391141116619106,17.919754829406738,0.28314669564366335
FlexTok,imagenet,n02117135,208,0.27255179822444914,18.4154838180542,0.3132060635089874
FlexTok,imagenet,n02117135,256,0.2601981553435325,18.856414699554442,0.33685778468847277
FlexTok,imagenet,n02119022,8,0.49740699529647825,13.907624855041504,0.22306004181504246
FlexTok,imagenet,n02119022,16,0.4551579374074936,14.17695281982422,0.2317900968343019
FlexTok,imagenet,n02119022,32,0.41252173244953155,14.784008655548096,0.250342286452651
FlexTok,imagenet,n02119022,64,0.35307464689016343,15.76635446548462,0.2853111413866281
FlexTok,imagenet,n02119022,96,0.31703611403703685,16.59002603530884,0.3208861595392227
FlexTok,imagenet,n02119022,128,0.28238303780555724,17.48770055770874,0.3620976406335831
FlexTok,imagenet,n02119022,160,0.2664539039134979,17.96823215484619,0.3881855209171772
FlexTok,imagenet,n02119022,208,0.24971869274973865,18.62284049987793,0.4230368107557297
FlexTok,imagenet,n02119022,256,0.2294190056622028,19.441696224212645,0.45723067432641984
FlexTok,imagenet,n02123045,8,0.4944749164581299,13.44566858291626,0.22997489623725412
FlexTok,imagenet,n02123045,16,0.4554013276100159,13.721873760223389,0.24283099286258217
FlexTok,imagenet,n02123045,32,0.41033597201108934,14.482324028015137,0.2617788708209991
FlexTok,imagenet,n02123045,64,0.35260132551193235,15.477427940368653,0.2963225100934505
FlexTok,imagenet,n02123045,96,0.3202534219622612,16.452787380218506,0.33611698195338247
FlexTok,imagenet,n02123045,128,0.28833345830440515,17.403994331359865,0.378748117685318
FlexTok,imagenet,n02123045,160,0.27499128997325895,17.877853527069092,0.40597807228565214
FlexTok,imagenet,n02123045,208,0.2559433379769325,18.49578296661377,0.4421751591563225
FlexTok,imagenet,n02123045,256,0.23537062764167782,19.373364753723145,0.47566763520240785
FlexTok,imagenet,n02128385,8,0.44080230355262756,12.87599199295044,0.1838347019255161
FlexTok,imagenet,n02128385,16,0.40118391036987305,12.992463989257812,0.19239890530705447
FlexTok,imagenet,n02128385,32,0.3621761167049408,13.346486644744873,0.20856327310204503
FlexTok,imagenet,n02128385,64,0.31270078063011164,13.866424522399903,0.23464079886674877
FlexTok,imagenet,n02128385,96,0.28339492291212076,14.458238162994384,0.27122694879770276
FlexTok,imagenet,n02128385,128,0.2582182595133781,15.018306217193604,0.3082899564504623
FlexTok,imagenet,n02128385,160,0.2475048634409904,15.345317840576172,0.33555948585271833
FlexTok,imagenet,n02128385,208,0.23601799756288525,15.812684879302978,0.3723903200030327
FlexTok,imagenet,n02128385,256,0.2185511745512485,16.312052383422852,0.4067616593837738
FlexTok,imagenet,n02128757,8,0.49589509546756744,12.894417171478272,0.174644810706377
FlexTok,imagenet,n02128757,16,0.4427401983737946,13.05976354598999,0.1805326901376247
FlexTok,imagenet,n02128757,32,0.40610710382461546,13.542134742736817,0.19672470569610592
FlexTok,imagenet,n02128757,64,0.3545951807498932,14.16136053085327,0.22063489511609075
FlexTok,imagenet,n02128757,96,0.3285649687051773,14.826105632781982,0.25928046748042105
FlexTok,imagenet,n02128757,128,0.29980829924345015,15.541126823425293,0.29860928088426586
FlexTok,imagenet,n02128757,160,0.28603648304939266,15.968461360931396,0.3271523280441761
FlexTok,imagenet,n02128757,208,0.27006772011518476,16.569263610839844,0.36631821781396867
FlexTok,imagenet,n02128757,256,0.24970842391252515,17.213466987609863,0.3999828654527664
FlexTok,imagenet,n02129165,8,0.482244992852211,13.922196273803712,0.23417242825031276
FlexTok,imagenet,n02129165,16,0.4455764961242676,14.388819675445557,0.24645251289010045
FlexTok,imagenet,n02129165,32,0.40412660241127013,14.987537174224853,0.2617858043313026
FlexTok,imagenet,n02129165,64,0.3467910072207451,15.95191411972046,0.29320391267538065
FlexTok,imagenet,n02129165,96,0.3164959999918937,16.805637454986574,0.3309262278676033
FlexTok,imagenet,n02129165,128,0.2840417110919952,17.73100154876709,0.36844554215669634
FlexTok,imagenet,n02129165,160,0.2699117076396942,18.22292917251587,0.39141014516353606
FlexTok,imagenet,n02129165,208,0.25529501080512995,18.863955688476562,0.4241969078779221
FlexTok,imagenet,n02129165,256,0.23376169979572292,19.57016986846924,0.45240204989910127
FlexTok,imagenet,n02129604,8,0.4815618598461151,12.260086994171143,0.16068630278110502
FlexTok,imagenet,n02129604,16,0.43801368325948714,12.452505302429199,0.1723675490170717
FlexTok,imagenet,n02129604,32,0.4043980860710144,12.967564697265624,0.19078385561704633
FlexTok,imagenet,n02129604,64,0.3503087854385376,13.698209667205811,0.21931030750274655
FlexTok,imagenet,n02129604,96,0.32373227924108505,14.271480331420898,0.25716464117169374
FlexTok,imagenet,n02129604,128,0.2950350365042686,14.97133134841919,0.2977476273477077
FlexTok,imagenet,n02129604,160,0.27862532317638394,15.42347080230713,0.3276126356422901
FlexTok,imagenet,n02129604,208,0.259194972962141,16.151766185760497,0.3713704299926758
FlexTok,imagenet,n02129604,256,0.240643046349287,16.79631980895996,0.4065059357881546
FlexTok,imagenet,n02130308,8,0.4721389591693878,13.496011028289795,0.1786549477279186
FlexTok,imagenet,n02130308,16,0.4266739159822464,13.559536247253417,0.18404392793774602
FlexTok,imagenet,n02130308,32,0.3849396240711212,13.928996658325195,0.195956737101078
FlexTok,imagenet,n02130308,64,0.3301738902926445,14.48535442352295,0.21895527631044384
FlexTok,imagenet,n02130308,96,0.3025934615731239,15.079546146392822,0.24999329477548596
FlexTok,imagenet,n02130308,128,0.27814197331666946,15.583551445007323,0.2795803545415401
FlexTok,imagenet,n02130308,160,0.26744110286235806,15.901668701171875,0.3009042060375213
FlexTok,imagenet,n02130308,208,0.25360842943191525,16.44834701538086,0.3333210977911949
FlexTok,imagenet,n02130308,256,0.23821572855114934,16.830204715728758,0.36052061796188356
FlexTok,imagenet,n02134084,8,0.4838763505220413,15.309326343536377,0.3667283269762993
FlexTok,imagenet,n02134084,16,0.44256099104881286,15.636033992767334,0.36992427535355094
FlexTok,imagenet,n02134084,32,0.40385492861270905,16.486967639923094,0.3901543356478214
FlexTok,imagenet,n02134084,64,0.33241502165794373,17.70248086929321,0.42395751297473905
FlexTok,imagenet,n02134084,96,0.2975818637013435,18.643626861572265,0.4620460660755634
FlexTok,imagenet,n02134084,128,0.26436975240707394,19.70730484008789,0.4994185331463814
FlexTok,imagenet,n02134084,160,0.24807928442955013,20.098951988220215,0.5213703933358192
FlexTok,imagenet,n02134084,208,0.23184584856033322,20.441546211242677,0.5474439576268196
FlexTok,imagenet,n02134084,256,0.20809773415327068,21.8333683013916,0.5825057584047317
FlexTok,imagenet,n02138441,8,0.5021628510951995,13.832947978973388,0.251105540394783
FlexTok,imagenet,n02138441,16,0.45441133618354795,14.165107803344727,0.2566125515848398
FlexTok,imagenet,n02138441,32,0.4010093402862549,15.077756633758545,0.2826426850259304
FlexTok,imagenet,n02138441,64,0.341184518635273,16.12330268859863,0.3184553408622741
FlexTok,imagenet,n02138441,96,0.3096050831675529,16.885485000610352,0.3516210897266865
FlexTok,imagenet,n02138441,128,0.275478401184082,17.778744678497315,0.38737165719270705
FlexTok,imagenet,n02138441,160,0.26138421475887297,18.191653881072998,0.4069995853304863
FlexTok,imagenet,n02138441,208,0.2480646280944347,18.740616397857664,0.4350194191932678
FlexTok,imagenet,n02138441,256,0.22752184778451917,19.53697416305542,0.463327060341835
FlexTok,imagenet,n02165456,8,0.5257523947954178,13.259021492004395,0.2927383259683847
FlexTok,imagenet,n02165456,16,0.4811262711882591,13.401842041015625,0.30037307061254975
FlexTok,imagenet,n02165456,32,0.42744809538125994,14.322265815734863,0.33001852594316006
FlexTok,imagenet,n02165456,64,0.34965631246566775,15.226864280700683,0.3651409696787596
FlexTok,imagenet,n02165456,96,0.3085690060257911,16.218704261779784,0.40740801945328714
FlexTok,imagenet,n02165456,128,0.2709675522148609,17.20249656677246,0.45203366860747335
FlexTok,imagenet,n02165456,160,0.25505817770957945,17.643367576599122,0.47489233300089834
FlexTok,imagenet,n02165456,208,0.23034451276063916,18.175109329223634,0.505249654352665
FlexTok,imagenet,n02165456,256,0.2063256879150867,19.13303398132324,0.5427733021974563
FlexTok,imagenet,n02190166,8,0.5167950278520584,13.52051679611206,0.29977642156183715
FlexTok,imagenet,n02190166,16,0.4757925719022751,13.757685928344726,0.30141701310873026
FlexTok,imagenet,n02190166,32,0.426514738202095,14.417607288360596,0.3236034830659628
FlexTok,imagenet,n02190166,64,0.35904074132442476,15.265394592285157,0.35700387105345727
FlexTok,imagenet,n02190166,96,0.31469456106424326,16.244442195892333,0.4061602182686329
FlexTok,imagenet,n02190166,128,0.27491499751806253,17.191431884765624,0.4553538426756859
FlexTok,imagenet,n02190166,160,0.25646906614303583,17.658673343658446,0.4827805334329605
FlexTok,imagenet,n02190166,208,0.23259633392095563,18.254074497222902,0.5166015580296517
FlexTok,imagenet,n02190166,256,0.21203959465026853,19.09491714477539,0.5534075084328651
FlexTok,imagenet,n02206856,8,0.5470303148031235,11.943363094329834,0.23394031196832654
FlexTok,imagenet,n02206856,16,0.5037703442573548,12.215266246795654,0.2417354121059179
FlexTok,imagenet,n02206856,32,0.4564192700386047,12.861911735534669,0.2632336676865816
FlexTok,imagenet,n02206856,64,0.38965989351272584,13.821648063659667,0.2984353154897689
FlexTok,imagenet,n02206856,96,0.34614497870206834,14.734604892730713,0.33714291483163833
FlexTok,imagenet,n02206856,128,0.30698212713003153,15.673359622955322,0.3841317556798458
FlexTok,imagenet,n02206856,160,0.2869593462347984,16.173738861083983,0.41255740508437155
FlexTok,imagenet,n02206856,208,0.26316661477088926,16.88752649307251,0.45036362439393995
FlexTok,imagenet,n02206856,256,0.2353104072809219,17.832350482940672,0.49346307933330535
FlexTok,imagenet,n02219486,8,0.5285210740566254,14.07734785079956,0.3417977799475193
FlexTok,imagenet,n02219486,16,0.4838345542550087,14.276044483184814,0.3488622725754976
FlexTok,imagenet,n02219486,32,0.4353932738304138,14.9505326461792,0.3690416969358921
FlexTok,imagenet,n02219486,64,0.3667096844315529,15.839616374969482,0.3981305968761444
FlexTok,imagenet,n02219486,96,0.32221601977944375,16.74569980621338,0.4371036130189896
FlexTok,imagenet,n02219486,128,0.28278827250003813,17.754332103729247,0.47905281648039816
FlexTok,imagenet,n02219486,160,0.2636432176828384,18.234770526885985,0.5043654599785805
FlexTok,imagenet,n02219486,208,0.24018881708383558,18.832532005310057,0.5360342821478844
FlexTok,imagenet,n02219486,256,0.21531142860651012,19.859432544708252,0.5718655768036842
FlexTok,imagenet,n02226429,8,0.5281785815954209,13.554865760803223,0.2797445230558514
FlexTok,imagenet,n02226429,16,0.4973763138055801,13.635454540252686,0.28628567408770317
FlexTok,imagenet,n02226429,32,0.4427376788854599,14.587164421081543,0.31975498080253595
FlexTok,imagenet,n02226429,64,0.3689432615041733,15.518429927825927,0.3548852663487196
FlexTok,imagenet,n02226429,96,0.3174029895663261,16.593737506866454,0.41226607576012614
FlexTok,imagenet,n02226429,128,0.2756096670031547,17.667473278045655,0.46433302506804464
FlexTok,imagenet,n02226429,160,0.2569690147042274,18.168781642913817,0.4915883730351925
FlexTok,imagenet,n02226429,208,0.23496487468481062,18.799821491241456,0.528285455852747
FlexTok,imagenet,n02226429,256,0.20922544956207273,19.843631114959717,0.5660616888105869
FlexTok,imagenet,n02233338,8,0.5068733951449395,15.182364311218262,0.3409274447709322
FlexTok,imagenet,n02233338,16,0.4768167978525162,15.437988262176514,0.3466262128949165
FlexTok,imagenet,n02233338,32,0.42125254541635515,16.36844144821167,0.36720983907580373
FlexTok,imagenet,n02233338,64,0.35393574863672256,17.266266136169435,0.3916071093082428
FlexTok,imagenet,n02233338,96,0.3178740549087524,18.11319700241089,0.42328652516007426
FlexTok,imagenet,n02233338,128,0.2849104753136634,19.012006969451903,0.4593649755418301
FlexTok,imagenet,n02233338,160,0.27034765645861625,19.420109500885008,0.4786821746826172
FlexTok,imagenet,n02233338,208,0.25345408052206037,19.915953788757324,0.49821570158004763
FlexTok,imagenet,n02233338,256,0.2290747599303722,20.83571771621704,0.5292746153473854
FlexTok,imagenet,n02236044,8,0.5275215610861779,14.381895885467529,0.36447935700416567
FlexTok,imagenet,n02236044,16,0.4834738379716873,14.594772987365722,0.37134423546493056
FlexTok,imagenet,n02236044,32,0.4255014908313751,15.358915271759033,0.4014925591647625
FlexTok,imagenet,n02236044,64,0.3529434686899185,16.373449897766115,0.4424328912049532
FlexTok,imagenet,n02236044,96,0.30567271471023555,17.43701971054077,0.48762729778885844
FlexTok,imagenet,n02236044,128,0.2635695128142833,18.581073455810547,0.5410687310993672
FlexTok,imagenet,n02236044,160,0.24535110324621198,19.09371337890625,0.5645841364562512
FlexTok,imagenet,n02236044,208,0.22399334743618962,19.76952953338623,0.5942748062312603
FlexTok,imagenet,n02236044,256,0.199828275591135,20.77077396392822,0.6316358426213264
FlexTok,imagenet,n02268443,8,0.5242744672298432,13.966990489959716,0.33305623367428777
FlexTok,imagenet,n02268443,16,0.4847522443532944,14.045401821136474,0.33448566906154154
FlexTok,imagenet,n02268443,32,0.42107478439807894,14.850426998138428,0.36279481165111066
FlexTok,imagenet,n02268443,64,0.34660227805376054,15.766563777923585,0.395589389950037
FlexTok,imagenet,n02268443,96,0.3002901643514633,16.88456111907959,0.4521149089932442
FlexTok,imagenet,n02268443,128,0.25964077606797215,18.036296081542968,0.5093664300441741
FlexTok,imagenet,n02268443,160,0.24078550621867176,18.56738935470581,0.5400714382529259
FlexTok,imagenet,n02268443,208,0.21746316030621526,19.213595752716063,0.5731210318207741
FlexTok,imagenet,n02268443,256,0.19462879508733746,20.125462741851806,0.6122081604599953
FlexTok,imagenet,n02279972,8,0.5068680226802826,11.710784301757812,0.18854236438870425
FlexTok,imagenet,n02279972,16,0.4613468736410141,11.810684280395508,0.1980038027465343
FlexTok,imagenet,n02279972,32,0.40726101577281953,12.22898323059082,0.2077273707091808
FlexTok,imagenet,n02279972,64,0.35561867743730546,12.90604808807373,0.2346511512249708
FlexTok,imagenet,n02279972,96,0.31571930944919585,13.573379020690918,0.2757828956842422
FlexTok,imagenet,n02279972,128,0.2821833825111389,14.248570976257325,0.3209781239926815
FlexTok,imagenet,n02279972,160,0.26624078482389446,14.65713321685791,0.35109897643327714
FlexTok,imagenet,n02279972,208,0.24278265148401257,15.272705192565917,0.39086077570915223
FlexTok,imagenet,n02279972,256,0.22101857319474216,15.91408582687378,0.4317884775996208
FlexTok,imagenet,n02317335,8,0.609131190776825,12.966304454803467,0.17108401816338298
FlexTok,imagenet,n02317335,16,0.5601519161462784,13.09279510498047,0.17830174058675763
FlexTok,imagenet,n02317335,32,0.4989562720060349,13.738123893737793,0.19519076790660617
FlexTok,imagenet,n02317335,64,0.4227496036887169,14.727074527740479,0.2231972877681255
FlexTok,imagenet,n02317335,96,0.3776124596595764,15.751430015563965,0.26014542184770106
FlexTok,imagenet,n02317335,128,0.3331668493151665,16.566658267974855,0.29354457437992093
FlexTok,imagenet,n02317335,160,0.31548642516136166,16.92637300491333,0.313737491518259
FlexTok,imagenet,n02317335,208,0.29818868741393084,17.38835220336914,0.3404635965824127
FlexTok,imagenet,n02317335,256,0.2741658905148506,18.107991161346437,0.3693683850765228
FlexTok,imagenet,n02325366,8,0.44192485690116884,14.943761653900147,0.17392286419868466
FlexTok,imagenet,n02325366,16,0.41031733810901644,14.977416172027588,0.1772176133841276
FlexTok,imagenet,n02325366,32,0.3789091768860817,15.419892330169677,0.1896958318352699
FlexTok,imagenet,n02325366,64,0.32631363570690153,16.204970283508302,0.2104562785476446
FlexTok,imagenet,n02325366,96,0.30578781396150584,16.794553661346434,0.23875642552971837
FlexTok,imagenet,n02325366,128,0.2825634348392486,17.32768560409546,0.2675451253354549
FlexTok,imagenet,n02325366,160,0.27069779902696606,17.64645833969116,0.2889290831983089
FlexTok,imagenet,n02325366,208,0.25749199539422984,18.04979793548584,0.31735674440860745
FlexTok,imagenet,n02325366,256,0.24591285496950147,18.596087055206297,0.3480420553684235
FlexTok,imagenet,n02346627,8,0.5277552384138108,13.019342975616455,0.14134449221193787
FlexTok,imagenet,n02346627,16,0.4891978764533997,13.056523532867432,0.14372130550444123
FlexTok,imagenet,n02346627,32,0.44683455884456635,13.654935493469239,0.1559022421389818
FlexTok,imagenet,n02346627,64,0.38707632064819336,14.488714027404786,0.18276554495096203
FlexTok,imagenet,n02346627,96,0.35210115820169446,15.101927108764649,0.2125462512671947
FlexTok,imagenet,n02346627,128,0.32103934079408647,15.755552768707275,0.24252471342682835
FlexTok,imagenet,n02346627,160,0.3042748141288757,16.07830051422119,0.26480946689844126
FlexTok,imagenet,n02346627,208,0.2887193891406059,16.50131685256958,0.2939478436112404
FlexTok,imagenet,n02346627,256,0.26823251157999034,17.032441120147706,0.321605359017849
FlexTok,imagenet,n02356798,8,0.5302672719955445,13.581060409545898,0.19288917522877452
FlexTok,imagenet,n02356798,16,0.482328160405159,13.772703876495362,0.20483724007382986
FlexTok,imagenet,n02356798,32,0.43063323080539706,14.498846855163574,0.22625655975192782
FlexTok,imagenet,n02356798,64,0.36984491169452666,15.437254581451416,0.25461114462465045
FlexTok,imagenet,n02356798,96,0.33381883770227433,16.133572616577148,0.288141609057784
FlexTok,imagenet,n02356798,128,0.3016570049524307,16.965642204284666,0.32470506474375727
FlexTok,imagenet,n02356798,160,0.28591429978609084,17.344807624816895,0.3483306933939457
FlexTok,imagenet,n02356798,208,0.269914958178997,17.828613452911377,0.3791629034280777
FlexTok,imagenet,n02356798,256,0.2512241971492767,18.616385746002198,0.4115591222047806
FlexTok,imagenet,n02363005,8,0.4868182837963104,14.234118785858154,0.19586800530552861
FlexTok,imagenet,n02363005,16,0.44892621994018556,14.508615093231201,0.19762058459222312
FlexTok,imagenet,n02363005,32,0.409890341758728,15.008419704437255,0.21679878197610375
FlexTok,imagenet,n02363005,64,0.3525508534908295,15.90534408569336,0.24631652146577832
FlexTok,imagenet,n02363005,96,0.3254439195990562,16.663809356689452,0.2783159482479095
FlexTok,imagenet,n02363005,128,0.29442860335111615,17.392815437316894,0.3090973491966724
FlexTok,imagenet,n02363005,160,0.28229264676570887,17.703199615478514,0.32958217546343804
FlexTok,imagenet,n02363005,208,0.2672089627385139,18.09361183166504,0.3582841381430626
FlexTok,imagenet,n02363005,256,0.24824725568294523,18.68118034362793,0.3865567895770073
FlexTok,imagenet,n02364673,8,0.5256785690784455,13.349154968261718,0.2820475552976131
FlexTok,imagenet,n02364673,16,0.48090887248516084,13.697419624328614,0.3020326271653175
FlexTok,imagenet,n02364673,32,0.4175655502080917,14.703961906433106,0.33187101989984513
FlexTok,imagenet,n02364673,64,0.3443479558825493,16.01424919128418,0.376260320097208
FlexTok,imagenet,n02364673,96,0.30354582637548444,17.131687145233155,0.4179802267253399
FlexTok,imagenet,n02364673,128,0.26437235146760935,18.301200523376465,0.4605592721700668
FlexTok,imagenet,n02364673,160,0.24708160459995265,18.8045827293396,0.4816925242543221
FlexTok,imagenet,n02364673,208,0.22777552813291546,19.384487590789796,0.5074962958693504
FlexTok,imagenet,n02364673,256,0.2029789805412292,20.449894371032716,0.5414213967323304
FlexTok,imagenet,n02391049,8,0.489342086315155,11.609104843139649,0.13487168568186458
FlexTok,imagenet,n02391049,16,0.44373434126377104,11.689398746490479,0.14305959682911631
FlexTok,imagenet,n02391049,32,0.39620825946331023,12.140943431854248,0.1614903651922941
FlexTok,imagenet,n02391049,64,0.34923619955778124,12.621177101135254,0.18953967727720733
FlexTok,imagenet,n02391049,96,0.31048885613679883,13.305711002349854,0.24269672796130176
FlexTok,imagenet,n02391049,128,0.27862059384584426,14.052800827026367,0.2986202424764633
FlexTok,imagenet,n02391049,160,0.26237421870231625,14.58281581878662,0.3339938348531723
FlexTok,imagenet,n02391049,208,0.243042177259922,15.277472496032715,0.38200530767440793
FlexTok,imagenet,n02391049,256,0.221352007985115,15.91710687637329,0.42085748761892317
FlexTok,imagenet,n02395406,8,0.5298832017183304,13.211548767089845,0.17469954974949356
FlexTok,imagenet,n02395406,16,0.5001464116573334,13.265772762298583,0.17763994991779325
FlexTok,imagenet,n02395406,32,0.46178369879722597,13.796385459899902,0.1948455563932657
FlexTok,imagenet,n02395406,64,0.39905432403087615,14.698104515075684,0.22804663911461825
FlexTok,imagenet,n02395406,96,0.35968581795692445,15.547308902740479,0.26896985635161397
FlexTok,imagenet,n02395406,128,0.32450255662202837,16.507142238616943,0.30609800502657886
FlexTok,imagenet,n02395406,160,0.3063877412676811,16.93718324661255,0.3303331208229065
FlexTok,imagenet,n02395406,208,0.2847199848294258,17.550264339447022,0.36385524809360503
FlexTok,imagenet,n02395406,256,0.26004042148590084,18.35096158981323,0.39805007219314575
FlexTok,imagenet,n02398521,8,0.5252560651302338,14.000351009368897,0.20948436848819252
FlexTok,imagenet,n02398521,16,0.49288157403469085,14.166640300750732,0.2147500458359718
FlexTok,imagenet,n02398521,32,0.45619407773017884,14.9083624458313,0.22958666861057278
FlexTok,imagenet,n02398521,64,0.3957409346103668,15.691583881378174,0.2584352365136146
FlexTok,imagenet,n02398521,96,0.3564559131860733,16.595941143035887,0.3007408747076988
FlexTok,imagenet,n02398521,128,0.32252527892589566,17.45115900039673,0.34161771267652513
FlexTok,imagenet,n02398521,160,0.3065680864453315,17.897578716278076,0.3667535945773125
FlexTok,imagenet,n02398521,208,0.28717983752489085,18.490117645263673,0.3996915182471275
FlexTok,imagenet,n02398521,256,0.26485798537731164,19.225320243835448,0.43231636583805083
FlexTok,imagenet,n02410509,8,0.5023706817626953,14.354615516662598,0.21063275083899494
FlexTok,imagenet,n02410509,16,0.46016557157039645,14.77199192047119,0.22225008413195607
FlexTok,imagenet,n02410509,32,0.4175512075424194,15.256723403930664,0.23222261607646938
FlexTok,imagenet,n02410509,64,0.36125727772712707,15.995501079559325,0.25660091847181316
FlexTok,imagenet,n02410509,96,0.3260028111934662,16.73891954421997,0.2890343059599399
FlexTok,imagenet,n02410509,128,0.29628585964441295,17.52682794570923,0.3232421204447746
FlexTok,imagenet,n02410509,160,0.28059645533561706,17.986067657470702,0.3444540622830391
FlexTok,imagenet,n02410509,208,0.26232374191284175,18.492179431915282,0.3729021480679512
FlexTok,imagenet,n02410509,256,0.24223212927579876,19.22707820892334,0.4000449314713478
FlexTok,imagenet,n02423022,8,0.4874780422449112,14.876047897338868,0.19082304477691647
FlexTok,imagenet,n02423022,16,0.447041854262352,14.968939151763916,0.19399151787161822
FlexTok,imagenet,n02423022,32,0.39828998982906344,15.704688911437989,0.2126236556470394
FlexTok,imagenet,n02423022,64,0.34783732414245605,16.47061767578125,0.2402520807087421
FlexTok,imagenet,n02423022,96,0.3180008515715599,17.23880489349365,0.27602603435516354
FlexTok,imagenet,n02423022,128,0.28915021151304243,17.9479962348938,0.30976253688335414
FlexTok,imagenet,n02423022,160,0.2767023333907127,18.333331680297853,0.33021693885326386
FlexTok,imagenet,n02423022,208,0.2644102704524994,18.743437995910643,0.35599824398756025
FlexTok,imagenet,n02423022,256,0.24629366010427473,19.404735717773438,0.38178241163492205
FlexTok,imagenet,n02437616,8,0.5221793669462204,12.701046810150146,0.23119930535554883
FlexTok,imagenet,n02437616,16,0.47783934593200683,13.099414520263672,0.24449374645948407
FlexTok,imagenet,n02437616,32,0.42637814044952393,14.00442195892334,0.267735505849123
FlexTok,imagenet,n02437616,64,0.3615327998995781,15.177555503845214,0.3064497202634811
FlexTok,imagenet,n02437616,96,0.3255780777335167,16.202647533416748,0.3499897357821464
FlexTok,imagenet,n02437616,128,0.28950284987688063,17.299538249969483,0.3959577313065529
FlexTok,imagenet,n02437616,160,0.2699467495083809,17.839669666290284,0.42133827924728395
FlexTok,imagenet,n02437616,208,0.24958208113908764,18.465799350738525,0.45312461227178574
FlexTok,imagenet,n02437616,256,0.22551149576902385,19.502753162384032,0.4878287598490715
FlexTok,imagenet,n02445715,8,0.5306074410676956,13.11959228515625,0.18139886491000648
FlexTok,imagenet,n02445715,16,0.5027830737829209,13.153848533630372,0.186514156833291
FlexTok,imagenet,n02445715,32,0.45875140488147736,13.76724624633789,0.2053259155899286
FlexTok,imagenet,n02445715,64,0.39334643006324765,14.645840854644776,0.2439377176016569
FlexTok,imagenet,n02445715,96,0.3494474828243256,15.73387170791626,0.2849877923727035
FlexTok,imagenet,n02445715,128,0.31452765047550196,16.786970348358153,0.3249940566718578
FlexTok,imagenet,n02445715,160,0.2975222691893577,17.22942378997803,0.3476034243404865
FlexTok,imagenet,n02445715,208,0.2771374601125717,17.807160015106202,0.37625508159399035
FlexTok,imagenet,n02445715,256,0.25306187897920607,18.675040130615233,0.40801945120096206
FlexTok,imagenet,n02447366,8,0.4970288187265396,13.51308515548706,0.1712190071493387
FlexTok,imagenet,n02447366,16,0.45374595761299136,13.870935821533203,0.18377697743475432
FlexTok,imagenet,n02447366,32,0.4106966036558151,14.487361850738525,0.19866997286677357
FlexTok,imagenet,n02447366,64,0.3568005269765854,15.081430644989014,0.22535104483366009
FlexTok,imagenet,n02447366,96,0.32280971378087997,15.941578407287597,0.26063525378704067
FlexTok,imagenet,n02447366,128,0.2942392179369926,16.84693025588989,0.29805367246270176
FlexTok,imagenet,n02447366,160,0.28119023770093915,17.25117685317993,0.32111860752105714
FlexTok,imagenet,n02447366,208,0.26377824038267134,17.86878658294678,0.35283001720905305
FlexTok,imagenet,n02447366,256,0.24689705133438106,18.532805690765382,0.38009019553661344
FlexTok,imagenet,n02480495,8,0.5240796142816544,12.970163612365722,0.18290583364665505
FlexTok,imagenet,n02480495,16,0.4839883762598038,13.295899753570557,0.1913711670041084
FlexTok,imagenet,n02480495,32,0.4398211944103241,13.948304538726807,0.20509908549487588
FlexTok,imagenet,n02480495,64,0.3740363001823425,14.787292022705078,0.24276202253997323
FlexTok,imagenet,n02480495,96,0.3390853095054627,15.582034816741944,0.2831057849526405
FlexTok,imagenet,n02480495,128,0.30460125207900995,16.534722919464112,0.3261089664697647
FlexTok,imagenet,n02480495,160,0.2869667664170265,17.04667272567749,0.3530014055967331
FlexTok,imagenet,n02480495,208,0.2654078283905983,17.724524955749512,0.3896013206243515
FlexTok,imagenet,n02480495,256,0.2403319916129112,18.60150960922241,0.42388725727796556
FlexTok,imagenet,n02480855,8,0.49881566166877744,13.331094417572022,0.20319257773458954
FlexTok,imagenet,n02480855,16,0.46253027379512784,13.731145114898682,0.215770805850625
FlexTok,imagenet,n02480855,32,0.42268261551856995,14.43301233291626,0.23668199375271792
FlexTok,imagenet,n02480855,64,0.37047517240047456,15.092643013000488,0.26710410639643667
FlexTok,imagenet,n02480855,96,0.3341849943995476,15.87300500869751,0.3074658818542957
FlexTok,imagenet,n02480855,128,0.29812812507152553,16.948860969543457,0.34890529423952105
FlexTok,imagenet,n02480855,160,0.2783968767523765,17.45669345855713,0.3751071560382843
FlexTok,imagenet,n02480855,208,0.2584643867611885,18.031468315124513,0.40768037050962447
FlexTok,imagenet,n02480855,256,0.23918612062931058,18.764456901550293,0.4386793729662895
FlexTok,imagenet,n02481823,8,0.5090466666221619,12.99486650466919,0.20695375733077523
FlexTok,imagenet,n02481823,16,0.46805848300457,13.331364059448243,0.2202809619903564
FlexTok,imagenet,n02481823,32,0.4229381275177002,14.213709812164307,0.23911353737115856
FlexTok,imagenet,n02481823,64,0.36648181021213533,15.08100908279419,0.26732294887304303
FlexTok,imagenet,n02481823,96,0.3258534905314445,16.0717693901062,0.31374165728688236
FlexTok,imagenet,n02481823,128,0.29082126706838607,16.923516635894774,0.3545624853670597
FlexTok,imagenet,n02481823,160,0.273389244377613,17.41690088272095,0.38182657450437546
FlexTok,imagenet,n02481823,208,0.25369090557098384,18.121145420074463,0.41939958423376084
FlexTok,imagenet,n02481823,256,0.23428687185049055,18.9000915145874,0.4506807938218117
FlexTok,imagenet,n02483362,8,0.523550181388855,12.487283058166504,0.20967360641807314
FlexTok,imagenet,n02483362,16,0.481831482052803,12.681652812957763,0.2199717006832361
FlexTok,imagenet,n02483362,32,0.4309869933128357,13.559438037872315,0.24564871363341806
FlexTok,imagenet,n02483362,64,0.3722921633720398,14.452203063964843,0.28089080199599264
FlexTok,imagenet,n02483362,96,0.3326234731078148,15.5888525390625,0.3359092384576797
FlexTok,imagenet,n02483362,128,0.2957207688689232,16.706850471496583,0.38502883300185203
FlexTok,imagenet,n02483362,160,0.2774019491672515,17.279094982147218,0.4142911826074123
FlexTok,imagenet,n02483362,208,0.25290988877415654,18.036974239349366,0.4551728647947311
FlexTok,imagenet,n02483362,256,0.23087164670228955,19.028556690216064,0.4901398062705994
FlexTok,imagenet,n02486410,8,0.49539314329624173,14.279162502288818,0.2173952610045671
FlexTok,imagenet,n02486410,16,0.45280417501926423,14.675253257751464,0.2297363358736038
FlexTok,imagenet,n02486410,32,0.4111802875995636,15.434335098266601,0.24765676252543922
FlexTok,imagenet,n02486410,64,0.3564852970838547,16.328065948486326,0.27622183263301847
FlexTok,imagenet,n02486410,96,0.32542512118816375,17.150990409851076,0.3064226092398166
FlexTok,imagenet,n02486410,128,0.2949589160084724,18.0236838722229,0.34211291164159774
FlexTok,imagenet,n02486410,160,0.27912858724594114,18.475143146514892,0.36374161779880526
FlexTok,imagenet,n02486410,208,0.2618278488516807,19.0708438873291,0.3935151267051697
FlexTok,imagenet,n02486410,256,0.2445273712277412,19.744711990356446,0.41894875407218934
FlexTok,imagenet,n02510455,8,0.514970731139183,12.540318927764893,0.2127076462656259
FlexTok,imagenet,n02510455,16,0.47423278450965883,13.018850021362304,0.22870648294687268
FlexTok,imagenet,n02510455,32,0.4272363078594208,13.743934764862061,0.25155450016260145
FlexTok,imagenet,n02510455,64,0.37239558607339857,14.834638748168945,0.2966895233094692
FlexTok,imagenet,n02510455,96,0.3311710759997368,15.848027324676513,0.3407551456987858
FlexTok,imagenet,n02510455,128,0.2928620335459709,17.01481107711792,0.3880852998793125
FlexTok,imagenet,n02510455,160,0.27467171043157573,17.571486434936524,0.41225984036922453
FlexTok,imagenet,n02510455,208,0.25657099127769467,18.192957096099853,0.44400699079036715
FlexTok,imagenet,n02510455,256,0.23535188794136044,19.06890951156616,0.47525656938552857
FlexTok,imagenet,n02526121,8,0.5556809443235398,13.822711753845216,0.1993036979064345
FlexTok,imagenet,n02526121,16,0.5219068837165832,13.815045890808106,0.19837631113827225
FlexTok,imagenet,n02526121,32,0.4734959697723389,14.456423282623291,0.21795506998896597
FlexTok,imagenet,n02526121,64,0.4083077198266983,15.210301933288575,0.2446937849372625
FlexTok,imagenet,n02526121,96,0.37508785277605056,16.02764070510864,0.2767486089468002
FlexTok,imagenet,n02526121,128,0.3399223271012306,16.860005645751954,0.3117020197212696
FlexTok,imagenet,n02526121,160,0.3236471265554428,17.271696739196777,0.3328765781223774
FlexTok,imagenet,n02526121,208,0.3060486730933189,17.75291175842285,0.36265622317790985
FlexTok,imagenet,n02526121,256,0.2818415132164955,18.5242299079895,0.39142982602119447
FlexTok,imagenet,n02607072,8,0.5234114801883698,12.831614322662354,0.19568720310926435
FlexTok,imagenet,n02607072,16,0.5006756198406219,12.845844535827636,0.19714447408914562
FlexTok,imagenet,n02607072,32,0.456423419713974,13.414015216827393,0.21874408520758148
FlexTok,imagenet,n02607072,64,0.40020928651094434,13.884209098815917,0.23852936208248135
FlexTok,imagenet,n02607072,96,0.3647898691892624,14.653088626861573,0.2736390970647335
FlexTok,imagenet,n02607072,128,0.32778219133615494,15.458523864746093,0.31445817098021506
FlexTok,imagenet,n02607072,160,0.30779497593641275,15.86480863571167,0.33733047649264336
FlexTok,imagenet,n02607072,208,0.28588416948914525,16.397294483184815,0.3726580196619034
FlexTok,imagenet,n02607072,256,0.26077435627579687,17.24877571105957,0.40836517959833146
FlexTok,imagenet,n02655020,8,0.5336750376224518,13.974358997344972,0.23154635749757285
FlexTok,imagenet,n02655020,16,0.49725880324840543,14.290984935760498,0.24064884871244427
FlexTok,imagenet,n02655020,32,0.45356525182724,14.994226551055908,0.2664268334954977
FlexTok,imagenet,n02655020,64,0.38568092972040174,15.83928237915039,0.2929432813823223
FlexTok,imagenet,n02655020,96,0.35202317833900454,16.632090816497804,0.32397774279117586
FlexTok,imagenet,n02655020,128,0.3154138231277466,17.43657253265381,0.3566646373271942
FlexTok,imagenet,n02655020,160,0.3009200736880302,17.789454689025877,0.3757830515503883
FlexTok,imagenet,n02655020,208,0.28395129323005674,18.225586109161377,0.4058938938379288
FlexTok,imagenet,n02655020,256,0.26163895368576046,18.992657127380372,0.43552578330039976
FlexTok,imagenet,n02672831,8,0.5536441332101822,11.621586875915527,0.21868908558040853
FlexTok,imagenet,n02672831,16,0.5365000426769256,11.619152240753174,0.2234338407590985
FlexTok,imagenet,n02672831,32,0.47121160209178925,12.397779846191407,0.2576152658462524
FlexTok,imagenet,n02672831,64,0.4045819029211998,13.13722490310669,0.29734614484012123
FlexTok,imagenet,n02672831,96,0.35270382672548295,14.209806499481202,0.3623693777620792
FlexTok,imagenet,n02672831,128,0.30281492024660106,15.410670051574707,0.42351952970027923
FlexTok,imagenet,n02672831,160,0.2801911541819572,16.047723445892334,0.45760697722434995
FlexTok,imagenet,n02672831,208,0.2549500375986099,16.730043125152587,0.49807849764823914
FlexTok,imagenet,n02672831,256,0.228941947966814,17.660432548522948,0.5408485585451126
FlexTok,imagenet,n02701002,8,0.4875932174921036,11.502077693939208,0.21091360375285145
FlexTok,imagenet,n02701002,16,0.4589772838354111,11.659059410095216,0.22122518479824063
FlexTok,imagenet,n02701002,32,0.42116118371486666,12.17946928024292,0.24735372811555859
FlexTok,imagenet,n02701002,64,0.3680661964416504,12.788563270568847,0.2881492581963539
FlexTok,imagenet,n02701002,96,0.32761865556240083,13.805780086517334,0.34415563493967055
FlexTok,imagenet,n02701002,128,0.28345025748014446,14.933159561157227,0.39764469623565674
FlexTok,imagenet,n02701002,160,0.2673840782046318,15.40722604751587,0.4271956425905228
FlexTok,imagenet,n02701002,208,0.240733730494976,16.081579551696777,0.4679409301280975
FlexTok,imagenet,n02701002,256,0.21360138863325115,17.032522830963135,0.5102097594738007
FlexTok,imagenet,n02749479,8,0.5506107598543167,11.972383613586425,0.22869108662009235
FlexTok,imagenet,n02749479,16,0.5158658796548843,12.08423939704895,0.2340506305545568
FlexTok,imagenet,n02749479,32,0.4715846920013428,12.695734033584595,0.25538553096354005
FlexTok,imagenet,n02749479,64,0.4055023139715195,13.585999507904052,0.28601728811860083
FlexTok,imagenet,n02749479,96,0.3585945582389832,14.539562740325927,0.3357562701404095
FlexTok,imagenet,n02749479,128,0.3174616964161396,15.725573005676269,0.38419282510876657
FlexTok,imagenet,n02749479,160,0.2968773083388805,16.25047481536865,0.41249089777469633
FlexTok,imagenet,n02749479,208,0.27396860584616656,16.979211254119875,0.448353216946125
FlexTok,imagenet,n02749479,256,0.2458182945847511,17.82224126815796,0.48078667163848876
FlexTok,imagenet,n02769748,8,0.5504975301027298,12.061530208587646,0.27859728083014484
FlexTok,imagenet,n02769748,16,0.51717300593853,12.505516700744629,0.29452393978834146
FlexTok,imagenet,n02769748,32,0.4604596775770187,13.36861358642578,0.32752044036984446
FlexTok,imagenet,n02769748,64,0.39096426725387573,14.340717315673828,0.3662038192152977
FlexTok,imagenet,n02769748,96,0.3406554913520813,15.483138828277587,0.4248769292235374
FlexTok,imagenet,n02769748,128,0.2946120092272758,16.6914146232605,0.4749301734566689
FlexTok,imagenet,n02769748,160,0.27221619993448254,17.2801815032959,0.5030765479803085
FlexTok,imagenet,n02769748,208,0.2468984034657478,17.907577381134033,0.5397982007265091
FlexTok,imagenet,n02769748,256,0.21647420346736904,19.135584659576416,0.5787768095731736
FlexTok,imagenet,n02793495,8,0.5236026591062546,13.42262399673462,0.27220154888927933
FlexTok,imagenet,n02793495,16,0.48953396916389463,13.568342037200928,0.2752893641218543
FlexTok,imagenet,n02793495,32,0.4339146238565445,14.072617683410645,0.2929041780903935
FlexTok,imagenet,n02793495,64,0.36130544275045395,14.95387466430664,0.32622999876737596
FlexTok,imagenet,n02793495,96,0.3189990958571434,15.949431648254395,0.3686914037168026
FlexTok,imagenet,n02793495,128,0.27579628497362135,16.982984161376955,0.40985585704445837
FlexTok,imagenet,n02793495,160,0.25747604638338084,17.406265296936034,0.4321893164515495
FlexTok,imagenet,n02793495,208,0.24249496310949323,18.00396457672119,0.46103484600782396
FlexTok,imagenet,n02793495,256,0.2170391389727592,18.715713882446288,0.48533528953790667
FlexTok,imagenet,n02797295,8,0.5590108507871627,12.424395771026612,0.15400533668696878
FlexTok,imagenet,n02797295,16,0.5318810456991195,12.49033338546753,0.15517970614135262
FlexTok,imagenet,n02797295,32,0.48755903482437135,13.034745292663574,0.1699540006369352
FlexTok,imagenet,n02797295,64,0.4206568419933319,13.639502506256104,0.20014216415584085
FlexTok,imagenet,n02797295,96,0.3755717623233795,14.53552297592163,0.24701276078820225
FlexTok,imagenet,n02797295,128,0.3404446294903755,15.31698694229126,0.2870292444527149
FlexTok,imagenet,n02797295,160,0.32079544514417646,15.740497074127198,0.31301596775650975
FlexTok,imagenet,n02797295,208,0.30025150954723356,16.331108226776124,0.34627990543842313
FlexTok,imagenet,n02797295,256,0.2742100569605827,17.130280132293702,0.3814554750919342
FlexTok,imagenet,n02802426,8,0.5531291580200195,12.605656051635743,0.23269281432032582
FlexTok,imagenet,n02802426,16,0.520060487985611,12.737683277130127,0.23719369292259213
FlexTok,imagenet,n02802426,32,0.471709371805191,13.152682876586914,0.2527537013590335
FlexTok,imagenet,n02802426,64,0.4079414701461792,13.822977447509766,0.2852103306353092
FlexTok,imagenet,n02802426,96,0.36275038778781893,14.758080062866211,0.33909287631511686
FlexTok,imagenet,n02802426,128,0.3213738173246384,15.7111110496521,0.3930111438035965
FlexTok,imagenet,n02802426,160,0.29698992699384685,16.26745264053345,0.4230650699138641
FlexTok,imagenet,n02802426,208,0.2725591346621513,16.89750581741333,0.46100910246372223
FlexTok,imagenet,n02802426,256,0.2385770538449287,18.041796703338623,0.5079419010877609
FlexTok,imagenet,n02808440,8,0.5619772845506668,13.685067501068115,0.362256511002779
FlexTok,imagenet,n02808440,16,0.5168572843074799,14.156205463409425,0.3766287921369076
FlexTok,imagenet,n02808440,32,0.4451343321800232,15.401630287170411,0.4150211180746555
FlexTok,imagenet,n02808440,64,0.37005924195051193,16.63452869415283,0.46068301782011983
FlexTok,imagenet,n02808440,96,0.31385832041501993,18.05053741455078,0.5165368995070457
FlexTok,imagenet,n02808440,128,0.2666887888312339,19.26802577972412,0.5642781379818916
FlexTok,imagenet,n02808440,160,0.24420589655637737,19.811308364868164,0.5879873985052109
FlexTok,imagenet,n02808440,208,0.22180470436811445,20.517296352386474,0.6198927089571953
FlexTok,imagenet,n02808440,256,0.1950889331102371,21.749379768371583,0.6520413237810135
FlexTok,imagenet,n02814860,8,0.42332844018936155,15.125961532592774,0.4723970380425453
FlexTok,imagenet,n02814860,16,0.39268532693386077,15.378048725128174,0.47321409821510313
FlexTok,imagenet,n02814860,32,0.33464654088020324,16.409417629241943,0.5023834663629532
FlexTok,imagenet,n02814860,64,0.27653451800346374,17.606989059448242,0.5394822245836258
FlexTok,imagenet,n02814860,96,0.23958294719457623,18.574754066467285,0.5771582931280136
FlexTok,imagenet,n02814860,128,0.20864581689238546,19.706882076263426,0.6134680843353272
FlexTok,imagenet,n02814860,160,0.1944301456212997,20.171985702514647,0.6338750338554382
FlexTok,imagenet,n02814860,208,0.18301489189267156,20.537508926391602,0.6514433765411377
FlexTok,imagenet,n02814860,256,0.1638691651821136,21.55123832702637,0.6773318302631378
FlexTok,imagenet,n02823750,8,0.5425934228301048,12.801207962036132,0.31271799176931375
FlexTok,imagenet,n02823750,16,0.4953389012813568,13.225477170944213,0.33623617723584176
FlexTok,imagenet,n02823750,32,0.4351957949995995,14.236789855957031,0.37077455192804337
FlexTok,imagenet,n02823750,64,0.3728895026445389,15.206491432189942,0.4061640179157257
FlexTok,imagenet,n02823750,96,0.32547671228647235,16.463521709442137,0.4525936344265938
FlexTok,imagenet,n02823750,128,0.283623973429203,17.578210983276367,0.5031339952349663
FlexTok,imagenet,n02823750,160,0.2637818321585655,18.05699514389038,0.5260021510720253
FlexTok,imagenet,n02823750,208,0.24317319095134732,18.717265281677246,0.5558894127607346
FlexTok,imagenet,n02823750,256,0.21527615740895267,19.751292629241945,0.592386479973793
FlexTok,imagenet,n02841315,8,0.5404660725593566,12.029943428039552,0.26935897320508956
FlexTok,imagenet,n02841315,16,0.4996245527267456,12.268128871917725,0.28097261175513266
FlexTok,imagenet,n02841315,32,0.4384895324707031,13.089409446716308,0.31084744453430174
FlexTok,imagenet,n02841315,64,0.37716137945652006,14.204886054992675,0.3558149202167988
FlexTok,imagenet,n02841315,96,0.3334460285305977,15.332380867004394,0.40839452892541883
FlexTok,imagenet,n02841315,128,0.28669955670833586,16.561968517303466,0.46065560191869737
FlexTok,imagenet,n02841315,160,0.2638163104653358,17.22738910675049,0.49327743709087374
FlexTok,imagenet,n02841315,208,0.2359132587909698,17.9788716506958,0.5311980471014977
FlexTok,imagenet,n02841315,256,0.20898475766181943,19.06836492538452,0.5674076187610626
FlexTok,imagenet,n02843684,8,0.5788044232130051,12.044856243133545,0.1896015593409538
FlexTok,imagenet,n02843684,16,0.5413686412572861,12.208810214996339,0.19826012574136254
FlexTok,imagenet,n02843684,32,0.4854914605617523,13.001874771118164,0.22391423679888245
FlexTok,imagenet,n02843684,64,0.4079480466246605,13.936133918762208,0.2587879319489002
FlexTok,imagenet,n02843684,96,0.36369536638259886,14.82534423828125,0.30612046763300893
FlexTok,imagenet,n02843684,128,0.3191151940822601,15.83333288192749,0.35691144108772277
FlexTok,imagenet,n02843684,160,0.30067410022020336,16.301606369018554,0.3821778181195259
FlexTok,imagenet,n02843684,208,0.2779122421145439,16.839047145843505,0.41625646740198136
FlexTok,imagenet,n02843684,256,0.25371887788176534,17.675746459960937,0.45171118170022967
FlexTok,imagenet,n02883205,8,0.5082561403512955,12.293525619506836,0.33926954701542855
FlexTok,imagenet,n02883205,16,0.4735298424959183,12.660714054107666,0.3612706959247589
FlexTok,imagenet,n02883205,32,0.42197892904281614,13.596812801361084,0.39390465289354326
FlexTok,imagenet,n02883205,64,0.3483684551715851,14.764331035614013,0.4348288509249687
FlexTok,imagenet,n02883205,96,0.2976854375004768,16.05820384979248,0.4902707687020302
FlexTok,imagenet,n02883205,128,0.2551586896181106,17.327008934020995,0.5397358810901642
FlexTok,imagenet,n02883205,160,0.23296600878238674,18.099191036224365,0.569882327914238
FlexTok,imagenet,n02883205,208,0.2102762675285339,18.929913425445555,0.6033493965864182
FlexTok,imagenet,n02883205,256,0.1843509308993816,20.168722095489503,0.6397940665483475
FlexTok,imagenet,n02906734,8,0.571825401186943,13.161027851104736,0.20452687162905928
FlexTok,imagenet,n02906734,16,0.5321746039390564,13.405179290771484,0.21671609833836553
FlexTok,imagenet,n02906734,32,0.4709222108125687,14.164768199920655,0.2367146054655313
FlexTok,imagenet,n02906734,64,0.3955994588136673,14.958915176391601,0.26728113740682596
FlexTok,imagenet,n02906734,96,0.3521654722094536,15.980954627990723,0.3154055425524711
FlexTok,imagenet,n02906734,128,0.3080265021324157,16.79180658340454,0.3590007466077805
FlexTok,imagenet,n02906734,160,0.28806002289056776,17.238432216644288,0.38739063680171965
FlexTok,imagenet,n02906734,208,0.2661788582801819,17.720783348083497,0.4217894116044045
FlexTok,imagenet,n02906734,256,0.23997424900531766,18.5785809135437,0.456480613052845
FlexTok,imagenet,n02909870,8,0.5497154366970062,13.11467149734497,0.29614550739526746
FlexTok,imagenet,n02909870,16,0.4899746668338776,13.487197189331054,0.30875492163002494
FlexTok,imagenet,n02909870,32,0.4278663617372513,14.396065425872802,0.33681913048028944
FlexTok,imagenet,n02909870,64,0.3532072523236275,15.459230327606202,0.376102020740509
FlexTok,imagenet,n02909870,96,0.30280703157186506,16.713810482025146,0.4308938057720661
FlexTok,imagenet,n02909870,128,0.2618108662962913,17.78126745223999,0.478870835006237
FlexTok,imagenet,n02909870,160,0.24432868316769596,18.260754718780518,0.5026834481954574
FlexTok,imagenet,n02909870,208,0.224685428738594,18.819082012176512,0.5331035861372948
FlexTok,imagenet,n02909870,256,0.19795525357127186,19.922914066314696,0.5669096881151199
FlexTok,imagenet,n02939185,8,0.5582320374250412,12.164416522979737,0.19411049813032147
FlexTok,imagenet,n02939185,16,0.5288692301511765,12.393907527923584,0.19999056488275524
FlexTok,imagenet,n02939185,32,0.4784067678451538,13.198046054840088,0.2282983601093292
FlexTok,imagenet,n02939185,64,0.4192705994844437,13.940158042907715,0.26738892465829844
FlexTok,imagenet,n02939185,96,0.374329115152359,14.954051132202148,0.3184449808299541
FlexTok,imagenet,n02939185,128,0.32759909957647326,16.057367725372316,0.36630942970514296
FlexTok,imagenet,n02939185,160,0.3073032513260841,16.53369686126709,0.39674106121063235
FlexTok,imagenet,n02939185,208,0.28634983286261556,17.158258209228517,0.4335863021016121
FlexTok,imagenet,n02939185,256,0.2603622099757194,18.12145259857178,0.47102963626384736
FlexTok,imagenet,n02948072,8,0.5208418637514114,13.899560432434082,0.37688113674521445
FlexTok,imagenet,n02948072,16,0.4843758147954941,14.310173816680908,0.38932221025228503
FlexTok,imagenet,n02948072,32,0.4276316913962364,15.206301212310791,0.4336364345252514
FlexTok,imagenet,n02948072,64,0.35093603625893594,16.46051416397095,0.4813572624325752
FlexTok,imagenet,n02948072,96,0.3001839060336351,17.57951410293579,0.5276263383030891
FlexTok,imagenet,n02948072,128,0.257757620960474,18.920128383636474,0.5773651134967804
FlexTok,imagenet,n02948072,160,0.23711982533335682,19.49089593887329,0.5983798685669899
FlexTok,imagenet,n02948072,208,0.21703344881534573,20.05910575866699,0.6187786722183227
FlexTok,imagenet,n02948072,256,0.1912313529849052,21.198184394836424,0.6544276267290116
FlexTok,imagenet,n02950826,8,0.5324123245477677,12.654847526550293,0.23180639423429963
FlexTok,imagenet,n02950826,16,0.5041419506072998,12.738449125289916,0.23345197986811395
FlexTok,imagenet,n02950826,32,0.44987942814826964,13.432604942321777,0.25409798525273797
FlexTok,imagenet,n02950826,64,0.38535592645406724,14.30173635482788,0.2881532904505729
FlexTok,imagenet,n02950826,96,0.34651342809200286,15.234751377105713,0.3376951691508293
FlexTok,imagenet,n02950826,128,0.30695337206125256,16.280153522491457,0.3842116886377335
FlexTok,imagenet,n02950826,160,0.2868831226229667,16.78572992324829,0.41256147503852847
FlexTok,imagenet,n02950826,208,0.26325495719909664,17.380218410491942,0.44928574442863467
FlexTok,imagenet,n02950826,256,0.2385194198787212,18.21751485824585,0.48033577501773833
FlexTok,imagenet,n02951358,8,0.5223600214719772,13.59257698059082,0.21064830571413037
FlexTok,imagenet,n02951358,16,0.4925182378292084,13.708973903656005,0.21858976408839223
FlexTok,imagenet,n02951358,32,0.4408553725481033,14.21707649230957,0.23910131230950352
FlexTok,imagenet,n02951358,64,0.3733614426851273,14.797187824249267,0.2613671915233135
FlexTok,imagenet,n02951358,96,0.34311775624752044,15.504280204772948,0.29803564906120295
FlexTok,imagenet,n02951358,128,0.31384080111980434,16.232159156799316,0.33435705304145813
FlexTok,imagenet,n02951358,160,0.298364659845829,16.628527965545654,0.35911644518375396
FlexTok,imagenet,n02951358,208,0.27825843334197997,17.116934490203857,0.3884528043866158
FlexTok,imagenet,n02951358,256,0.25851271659135816,17.71663318634033,0.4154459711909294
FlexTok,imagenet,n02966193,8,0.555966928601265,11.529440040588378,0.12982963278889653
FlexTok,imagenet,n02966193,16,0.5379550641775132,11.665753173828126,0.13145243763923642
FlexTok,imagenet,n02966193,32,0.50794389128685,12.006827239990235,0.14695026814937587
FlexTok,imagenet,n02966193,64,0.4636747223138809,12.550817031860351,0.16910383939743037
FlexTok,imagenet,n02966193,96,0.4305045223236084,13.299169406890869,0.21245055615901942
FlexTok,imagenet,n02966193,128,0.394287645816803,14.109626026153565,0.2582791429758072
FlexTok,imagenet,n02966193,160,0.3744405847787857,14.514105834960937,0.28796433240175245
FlexTok,imagenet,n02966193,208,0.3467628765106201,15.06159055709839,0.3273626610636711
FlexTok,imagenet,n02966193,256,0.32336577206850053,15.77268503189087,0.36636002838611603
FlexTok,imagenet,n02980441,8,0.5275964218378068,13.279766826629638,0.27745385408401485
FlexTok,imagenet,n02980441,16,0.49780154168605806,13.341456832885742,0.27780361779034135
FlexTok,imagenet,n02980441,32,0.4530250209569931,13.980419826507568,0.2984212813526392
FlexTok,imagenet,n02980441,64,0.38708607584238053,15.062921562194823,0.3345350888371468
FlexTok,imagenet,n02980441,96,0.3507125324010849,15.970915393829346,0.37575492814183237
FlexTok,imagenet,n02980441,128,0.31259766578674314,16.993013591766356,0.4149924522638321
FlexTok,imagenet,n02980441,160,0.2936003583669662,17.42440923690796,0.4389718395471573
FlexTok,imagenet,n02980441,208,0.2727690136432647,18.02139934539795,0.4705287569761276
FlexTok,imagenet,n02980441,256,0.24827093362808225,18.90214115142822,0.49646679908037183
FlexTok,imagenet,n02992529,8,0.5130616211891175,11.840954990386964,0.34655173122882843
FlexTok,imagenet,n02992529,16,0.46257836252450946,12.35475124359131,0.36507508501410485
FlexTok,imagenet,n02992529,32,0.4043862876296043,13.338703174591064,0.4054904702305794
FlexTok,imagenet,n02992529,64,0.32388703823089593,14.622722415924072,0.46288624048233035
FlexTok,imagenet,n02992529,96,0.27065717101097103,16.148782978057863,0.5366146773099899
FlexTok,imagenet,n02992529,128,0.22960194483399388,17.422333488464357,0.5945432376861572
FlexTok,imagenet,n02992529,160,0.2060007748007774,18.17499631881714,0.6278834855556488
FlexTok,imagenet,n02992529,208,0.18140421807765958,18.938349418640136,0.6648968333005905
FlexTok,imagenet,n02992529,256,0.1596160754561424,20.061008262634278,0.7005777299404145
FlexTok,imagenet,n03124170,8,0.5389252722263336,12.159949140548706,0.27498047985136503
FlexTok,imagenet,n03124170,16,0.5087226539850235,12.373509769439698,0.28716228231787677
FlexTok,imagenet,n03124170,32,0.46004845559597013,13.225023689270019,0.3145315025746822
FlexTok,imagenet,n03124170,64,0.38022651731967927,14.473191604614257,0.3603826658427715
FlexTok,imagenet,n03124170,96,0.33044462352991105,15.69190029144287,0.41400732308626176
FlexTok,imagenet,n03124170,128,0.28530166476964947,16.82861972808838,0.4659492579102516
FlexTok,imagenet,n03124170,160,0.2638043707609176,17.377201080322266,0.495033218562603
FlexTok,imagenet,n03124170,208,0.24361127868294713,17.994735679626466,0.5300515002012253
FlexTok,imagenet,n03124170,256,0.21527086481451985,19.026990871429444,0.5653924494981766
FlexTok,imagenet,n03272010,8,0.5852428966760636,11.675488576889038,0.24388570517301555
FlexTok,imagenet,n03272010,16,0.5587270140647889,11.721718549728394,0.24733241170644757
FlexTok,imagenet,n03272010,32,0.5050000709295273,12.557187690734864,0.2809369301795959
FlexTok,imagenet,n03272010,64,0.4360410302877426,13.379415645599366,0.3232739959657192
FlexTok,imagenet,n03272010,96,0.37744835525751114,14.32201717376709,0.37587467193603513
FlexTok,imagenet,n03272010,128,0.33301993519067763,15.408186855316162,0.4284137439727783
FlexTok,imagenet,n03272010,160,0.3066797703504562,16.015121192932128,0.4566584247350693
FlexTok,imagenet,n03272010,208,0.2809169882535934,16.664195404052734,0.4846387955546379
FlexTok,imagenet,n03272010,256,0.2491532918810844,17.680025749206543,0.5306481742858886
FlexTok,imagenet,n03345487,8,0.5279410833120346,12.009237518310547,0.20031989842653272
FlexTok,imagenet,n03345487,16,0.5050421634316444,12.12025447845459,0.20347863450646397
FlexTok,imagenet,n03345487,32,0.4531696456670761,12.667783641815186,0.23008140869438645
FlexTok,imagenet,n03345487,64,0.3996523556113243,13.325933456420898,0.2645486272871494
FlexTok,imagenet,n03345487,96,0.3566006934642792,14.129456615447998,0.31235805824398993
FlexTok,imagenet,n03345487,128,0.3218993818759918,14.900672607421875,0.3608146604895592
FlexTok,imagenet,n03345487,160,0.3035049873590469,15.328516960144043,0.3905593949556351
FlexTok,imagenet,n03345487,208,0.2785555580258369,15.863762302398682,0.42139711618423464
FlexTok,imagenet,n03345487,256,0.2510719615221023,16.68326261520386,0.4617334860563278
FlexTok,imagenet,n03372029,8,0.557418645620346,11.796796588897704,0.2259462939202785
FlexTok,imagenet,n03372029,16,0.5220451772212982,11.97860939025879,0.23363542735576626
FlexTok,imagenet,n03372029,32,0.468593658208847,12.65417854309082,0.2627583761513233
FlexTok,imagenet,n03372029,64,0.3957229262590408,13.643753833770752,0.31088133260607714
FlexTok,imagenet,n03372029,96,0.34970423638820647,14.713469467163087,0.369597382247448
FlexTok,imagenet,n03372029,128,0.3037943077087402,15.904308605194093,0.4252323800325394
FlexTok,imagenet,n03372029,160,0.2835024008154869,16.55454221725464,0.45605096757411956
FlexTok,imagenet,n03372029,208,0.2598348820209503,17.28765407562256,0.49384135872125623
FlexTok,imagenet,n03372029,256,0.23245272159576413,18.217155208587645,0.5328481087088585
FlexTok,imagenet,n03424325,8,0.5193719065189362,12.169288234710693,0.30528892248868944
FlexTok,imagenet,n03424325,16,0.48579643428325653,12.44490629196167,0.3207519121468067
FlexTok,imagenet,n03424325,32,0.429615193605423,13.114663715362548,0.3551696068048477
FlexTok,imagenet,n03424325,64,0.3615953761339188,14.207970218658447,0.39619218453764915
FlexTok,imagenet,n03424325,96,0.31475387454032894,15.391007766723632,0.45168586224317553
FlexTok,imagenet,n03424325,128,0.27268511354923247,16.644633884429933,0.5045964011549949
FlexTok,imagenet,n03424325,160,0.2505699118971824,17.25683204650879,0.5339922979474068
FlexTok,imagenet,n03424325,208,0.22344286829233165,18.10758008956909,0.5722038641571998
FlexTok,imagenet,n03424325,256,0.19734647974371908,19.332211475372315,0.6111059439182281
FlexTok,imagenet,n03452741,8,0.5482095843553543,11.690585498809815,0.2381096939742565
FlexTok,imagenet,n03452741,16,0.5139895182847977,12.032906913757325,0.25050980329513545
FlexTok,imagenet,n03452741,32,0.4654457533359528,12.97792320251465,0.28647528588771815
FlexTok,imagenet,n03452741,64,0.39431743502616884,13.946038703918457,0.33488015562295914
FlexTok,imagenet,n03452741,96,0.3383523151278496,15.146142826080322,0.4079244628548622
FlexTok,imagenet,n03452741,128,0.29471776247024534,16.386020431518556,0.465398320555687
FlexTok,imagenet,n03452741,160,0.27357961446046825,16.984822692871095,0.49588835179805757
FlexTok,imagenet,n03452741,208,0.2452165518701076,17.889506454467774,0.5400369089841842
FlexTok,imagenet,n03452741,256,0.21339511483907697,19.060604400634766,0.5831733572483063
FlexTok,imagenet,n03467068,8,0.560165382027626,12.469393787384034,0.22332021012902256
FlexTok,imagenet,n03467068,16,0.5249532276391983,12.667435054779054,0.23761106498539444
FlexTok,imagenet,n03467068,32,0.47219926595687867,13.555464153289796,0.265030487626791
FlexTok,imagenet,n03467068,64,0.39986788809299467,14.603528175354004,0.31077954813838
FlexTok,imagenet,n03467068,96,0.3528978979587555,15.803907356262208,0.3665494605898857
FlexTok,imagenet,n03467068,128,0.30871695339679717,16.908602809906007,0.41600167483091355
FlexTok,imagenet,n03467068,160,0.28373919546604154,17.477347412109374,0.445058217048645
FlexTok,imagenet,n03467068,208,0.26104924052953715,18.04530258178711,0.4787879502773285
FlexTok,imagenet,n03467068,256,0.2357492238283157,18.92956304550171,0.5137273064255714
FlexTok,imagenet,n03481172,8,0.5640393352508545,13.329372816085815,0.27789935231208795
FlexTok,imagenet,n03481172,16,0.5358931586146355,13.389511699676513,0.27977627940475935
FlexTok,imagenet,n03481172,32,0.47335532784461976,14.450284023284912,0.31470679908990856
FlexTok,imagenet,n03481172,64,0.3988051709532738,15.630953063964844,0.36248790845274925
FlexTok,imagenet,n03481172,96,0.3511164027452469,16.916394538879395,0.4147417514026165
FlexTok,imagenet,n03481172,128,0.3036492437124252,18.117017250061036,0.465273896753788
FlexTok,imagenet,n03481172,160,0.28113814026117323,18.707049942016603,0.4906745871901512
FlexTok,imagenet,n03481172,208,0.259965763837099,19.466127014160158,0.5234823423624039
FlexTok,imagenet,n03481172,256,0.23149918019771573,20.489985179901122,0.5595853683352471
FlexTok,imagenet,n03494278,8,0.5532297885417938,12.145511894226074,0.27570139065384863
FlexTok,imagenet,n03494278,16,0.5099096840620041,12.39687219619751,0.29359814226627345
FlexTok,imagenet,n03494278,32,0.44547570824623106,13.33632438659668,0.3334902337193489
FlexTok,imagenet,n03494278,64,0.3758611917495728,14.45975414276123,0.3802069671452045
FlexTok,imagenet,n03494278,96,0.3258230656385422,15.735018634796143,0.43950662165880205
FlexTok,imagenet,n03494278,128,0.2832706263661384,17.08692621231079,0.49280646681785584
FlexTok,imagenet,n03494278,160,0.2592327389121055,17.750454196929933,0.5221182963252068
FlexTok,imagenet,n03494278,208,0.2320120900869369,18.53914674758911,0.5611949348449707
FlexTok,imagenet,n03494278,256,0.2041409896314144,19.61519729614258,0.5978319412469864
FlexTok,imagenet,n03495258,8,0.6049154901504517,11.629820175170899,0.17162620522081848
FlexTok,imagenet,n03495258,16,0.5762121230363846,11.771168174743652,0.17666232809424398
FlexTok,imagenet,n03495258,32,0.5130315840244293,12.708785133361816,0.207723374441266
FlexTok,imagenet,n03495258,64,0.43701270818710325,13.685206050872802,0.24964568659663197
FlexTok,imagenet,n03495258,96,0.38398588001728057,14.713004474639893,0.3052789714932441
FlexTok,imagenet,n03495258,128,0.3362218084931374,15.727577781677246,0.3619569757580757
FlexTok,imagenet,n03495258,160,0.3115517789125442,16.30056432723999,0.397496734559536
FlexTok,imagenet,n03495258,208,0.2850158935785293,16.98519561767578,0.4380856457352638
FlexTok,imagenet,n03495258,256,0.25285891920328135,18.022044277191164,0.48177305281162264
FlexTok,imagenet,n03498962,8,0.5847913491725921,12.553201236724853,0.22213025946170087
FlexTok,imagenet,n03498962,16,0.5517809361219406,12.727556114196778,0.23423643231391902
FlexTok,imagenet,n03498962,32,0.4886608773469925,13.493642950057984,0.2567447298020124
FlexTok,imagenet,n03498962,64,0.4101045083999634,14.47430585861206,0.28873484835028645
FlexTok,imagenet,n03498962,96,0.3607198435068131,15.506151313781737,0.336368006914854
FlexTok,imagenet,n03498962,128,0.3143473237752914,16.654073848724366,0.3836356917023659
FlexTok,imagenet,n03498962,160,0.2931153452396392,17.163960819244384,0.4105665768682957
FlexTok,imagenet,n03498962,208,0.268079842031002,17.781022090911865,0.4442401224374771
FlexTok,imagenet,n03498962,256,0.2412358599901199,18.789448261260986,0.47739216685295105
FlexTok,imagenet,n03594945,8,0.4960568618774414,12.513181266784668,0.22383920356631276
FlexTok,imagenet,n03594945,16,0.4677633678913116,12.77600706100464,0.23207148060202595
FlexTok,imagenet,n03594945,32,0.42534383565187456,13.327824268341065,0.2540380849689245
FlexTok,imagenet,n03594945,64,0.3675063207745552,14.074416027069091,0.28679323144257063
FlexTok,imagenet,n03594945,96,0.3380396848917007,14.96804376602173,0.33184787288308143
FlexTok,imagenet,n03594945,128,0.30164218127727505,15.902914295196533,0.37927157163619996
FlexTok,imagenet,n03594945,160,0.28713076740503307,16.33792978286743,0.40530810832977293
FlexTok,imagenet,n03594945,208,0.26932843938469886,16.93592216491699,0.43997366070747373
FlexTok,imagenet,n03594945,256,0.24403681874275204,17.749682273864746,0.47231009632349014
FlexTok,imagenet,n03602883,8,0.533383063673973,12.417925395965575,0.3552787441015244
FlexTok,imagenet,n03602883,16,0.49927543878555297,12.768707332611084,0.36996548019349573
FlexTok,imagenet,n03602883,32,0.4307269310951233,13.799471168518066,0.40471731305122377
FlexTok,imagenet,n03602883,64,0.35740706741809847,14.974304180145264,0.4544011478871107
FlexTok,imagenet,n03602883,96,0.31282579988241194,16.23482988357544,0.5074476228654384
FlexTok,imagenet,n03602883,128,0.26563851535320276,17.51360496520996,0.5581038159132004
FlexTok,imagenet,n03602883,160,0.2373705810308456,18.311155986785888,0.5888329055905343
FlexTok,imagenet,n03602883,208,0.20888077601790425,19.142955780029297,0.6255045804381371
FlexTok,imagenet,n03602883,256,0.18095201253890988,20.31878204345703,0.6622518008947372
FlexTok,imagenet,n03630383,8,0.5394605678319931,12.611464347839355,0.3245350515842438
FlexTok,imagenet,n03630383,16,0.507279263138771,12.982421989440917,0.3407813648879528
FlexTok,imagenet,n03630383,32,0.45995710462331774,13.887358293533325,0.36838921695947646
FlexTok,imagenet,n03630383,64,0.3986568707227707,14.791582794189454,0.40270686984062193
FlexTok,imagenet,n03630383,96,0.3515236207842827,15.905622005462646,0.45550021678209307
FlexTok,imagenet,n03630383,128,0.3030997946858406,17.145338592529296,0.508966820538044
FlexTok,imagenet,n03630383,160,0.27924921393394464,17.72240345001221,0.5386960369348526
FlexTok,imagenet,n03630383,208,0.2540939590334892,18.42486436843872,0.5764664429426193
FlexTok,imagenet,n03630383,256,0.22237556576728817,19.76281749725342,0.6207971858978272
FlexTok,imagenet,n03649909,8,0.5464393508434295,13.076469955444336,0.17238119497895238
FlexTok,imagenet,n03649909,16,0.5027206778526306,13.175514278411866,0.179981105774641
FlexTok,imagenet,n03649909,32,0.4462047106027603,13.993319759368896,0.1995648308098316
FlexTok,imagenet,n03649909,64,0.38432765036821365,14.85068187713623,0.227686842828989
FlexTok,imagenet,n03649909,96,0.3486150336265564,15.648634090423585,0.26602100610733026
FlexTok,imagenet,n03649909,128,0.3107060694694519,16.465365829467775,0.3057746937870979
FlexTok,imagenet,n03649909,160,0.292275198996067,16.949070568084718,0.32816836819052697
FlexTok,imagenet,n03649909,208,0.27313847035169597,17.48400644302368,0.3596384409070015
FlexTok,imagenet,n03649909,256,0.24847007036209104,18.21902750015259,0.3890724092721939
FlexTok,imagenet,n03676483,8,0.5714285296201705,12.235963649749756,0.349877709671855
FlexTok,imagenet,n03676483,16,0.5348556119203568,12.458341665267945,0.36283210180699826
FlexTok,imagenet,n03676483,32,0.45052443474531173,13.621751556396484,0.40939211800694464
FlexTok,imagenet,n03676483,64,0.3619931238889694,14.96269411087036,0.4647987876832485
FlexTok,imagenet,n03676483,96,0.29777253627777095,16.310742092132568,0.5277855190634727
FlexTok,imagenet,n03676483,128,0.25098544910550113,17.785750007629396,0.5839650878310203
FlexTok,imagenet,n03676483,160,0.2284063625335693,18.54058971405029,0.6137075382471084
FlexTok,imagenet,n03676483,208,0.2053629799187183,19.27175354003906,0.6473684096336365
FlexTok,imagenet,n03676483,256,0.17946199923753736,20.5580753326416,0.6837354862689972
FlexTok,imagenet,n03710193,8,0.5475240784883499,12.895825366973877,0.23199298232793805
FlexTok,imagenet,n03710193,16,0.5145301699638367,13.073590602874756,0.2450128176808357
FlexTok,imagenet,n03710193,32,0.4447566556930542,13.935087261199952,0.26897577375173565
FlexTok,imagenet,n03710193,64,0.3787281134724617,14.840866832733154,0.30597693815827365
FlexTok,imagenet,n03710193,96,0.32923777133226395,16.029227199554445,0.36563448652625086
FlexTok,imagenet,n03710193,128,0.28803266674280165,17.0219327545166,0.4123323145508766
FlexTok,imagenet,n03710193,160,0.26835517197847364,17.44508955001831,0.4373188042640686
FlexTok,imagenet,n03710193,208,0.24867912501096723,17.930169925689697,0.46606545358896256
FlexTok,imagenet,n03710193,256,0.22100127115845677,18.940521202087403,0.5008440047502518
FlexTok,imagenet,n03773504,8,0.525800451040268,12.759196662902832,0.3669497446715832
FlexTok,imagenet,n03773504,16,0.4890525680780411,13.037177906036376,0.37712336376309397
FlexTok,imagenet,n03773504,32,0.4395970344543457,13.871071758270263,0.4026942864060402
FlexTok,imagenet,n03773504,64,0.36646380156278613,15.081328201293946,0.4453300294280052
FlexTok,imagenet,n03773504,96,0.3161279627680778,16.124306755065916,0.4963067826628685
FlexTok,imagenet,n03773504,128,0.2791161930561065,17.17659746170044,0.5390731284022331
FlexTok,imagenet,n03773504,160,0.25631997972726817,17.817383251190186,0.5653461217880249
FlexTok,imagenet,n03773504,208,0.231598088145256,18.558276691436767,0.5970907700061798
FlexTok,imagenet,n03773504,256,0.20669252783060071,19.633826866149903,0.6283372437953949
FlexTok,imagenet,n03775071,8,0.6034455931186676,12.333431758880614,0.21834791287779803
FlexTok,imagenet,n03775071,16,0.5443238717317581,12.9519815826416,0.23771409302949903
FlexTok,imagenet,n03775071,32,0.4610897010564804,14.100028781890869,0.2719731606543064
FlexTok,imagenet,n03775071,64,0.36236637860536575,15.39516025543213,0.3120801340043544
FlexTok,imagenet,n03775071,96,0.3192800912261009,16.290797576904296,0.34903424710035325
FlexTok,imagenet,n03775071,128,0.28621590644121164,17.171516647338866,0.3847537234425545
FlexTok,imagenet,n03775071,160,0.26496733695268626,17.614477939605713,0.40706349194049835
FlexTok,imagenet,n03775071,208,0.2506720185279846,18.04769260406494,0.4337690410017967
FlexTok,imagenet,n03775071,256,0.2236349835991859,18.932025108337402,0.4656592360138893
FlexTok,imagenet,n03888257,8,0.4304680544137955,15.004410572052002,0.5826642629504204
FlexTok,imagenet,n03888257,16,0.3938139608502388,15.32968505859375,0.5948326736688614
FlexTok,imagenet,n03888257,32,0.32148216128349305,16.24818109512329,0.6147050130367279
FlexTok,imagenet,n03888257,64,0.25666947528719897,17.263397274017333,0.6452598115801811
FlexTok,imagenet,n03888257,96,0.21824473261833188,18.422367210388185,0.6704838651418686
FlexTok,imagenet,n03888257,128,0.18707957431674,19.52521213531494,0.6953396439552307
FlexTok,imagenet,n03888257,160,0.17246107630431648,20.02459928512573,0.7087852430343627
FlexTok,imagenet,n03888257,208,0.15848545677959916,20.63069673538208,0.7241152673959732
FlexTok,imagenet,n03888257,256,0.13630737945437427,21.821114082336425,0.7474049085378647
FlexTok,imagenet,n03930630,8,0.5062092500925064,11.597036018371583,0.18631221190094943
FlexTok,imagenet,n03930630,16,0.46772734463214877,11.800407314300537,0.1982973915338516
FlexTok,imagenet,n03930630,32,0.4222907757759094,12.41979549407959,0.23069416880607602
FlexTok,imagenet,n03930630,64,0.3733357685804367,13.175395431518554,0.2648316669464111
FlexTok,imagenet,n03930630,96,0.3285727295279503,14.215440502166748,0.3223526856303215
FlexTok,imagenet,n03930630,128,0.2926079955697059,15.152842273712158,0.3718956282734871
FlexTok,imagenet,n03930630,160,0.27652345210313795,15.613092403411866,0.39812313973903657
FlexTok,imagenet,n03930630,208,0.2565741458535194,16.23330858230591,0.43626790791749953
FlexTok,imagenet,n03930630,256,0.2337435287237167,17.066017742156983,0.4717132514715195
FlexTok,imagenet,n03947888,8,0.48170306205749513,14.020818367004395,0.3320121343433857
FlexTok,imagenet,n03947888,16,0.44787822037935254,14.214853935241699,0.3340684378892183
FlexTok,imagenet,n03947888,32,0.4030384185910225,14.86569574356079,0.3566617824137211
FlexTok,imagenet,n03947888,64,0.346167608499527,15.641617412567138,0.3863551676273346
FlexTok,imagenet,n03947888,96,0.31118699640035624,16.42909023284912,0.42460365444421766
FlexTok,imagenet,n03947888,128,0.2716682022809982,17.338537826538087,0.46799081832170486
FlexTok,imagenet,n03947888,160,0.2544119434058666,17.810237140655516,0.4935690584778786
FlexTok,imagenet,n03947888,208,0.23466799706220623,18.328241291046144,0.5223724907636642
FlexTok,imagenet,n03947888,256,0.21121447369456287,19.057727184295654,0.5508717221021652
FlexTok,imagenet,n04086273,8,0.5137728774547576,12.995319347381592,0.3281336282193661
FlexTok,imagenet,n04086273,16,0.46787396132946013,13.508812522888183,0.3398190891742706
FlexTok,imagenet,n04086273,32,0.4095945331454277,14.431104488372803,0.36515130162239073
FlexTok,imagenet,n04086273,64,0.3370587080717087,15.558785495758057,0.40918794989585877
FlexTok,imagenet,n04086273,96,0.29868399560451503,16.764167938232422,0.46048076391220094
FlexTok,imagenet,n04086273,128,0.25854257002472875,18.033284149169923,0.5089791935682296
FlexTok,imagenet,n04086273,160,0.2395694017410278,18.582026653289795,0.5299022716283798
FlexTok,imagenet,n04086273,208,0.22051211729645726,19.42682897567749,0.5640604215860366
FlexTok,imagenet,n04086273,256,0.19344845861196514,20.54957447052002,0.5972999149560928
FlexTok,imagenet,n04118538,8,0.5394005316495896,11.490512113571167,0.17960455447435375
FlexTok,imagenet,n04118538,16,0.5050973492860794,11.748500747680664,0.18893153138458726
FlexTok,imagenet,n04118538,32,0.45786230683326723,12.206142616271972,0.20871615916490552
FlexTok,imagenet,n04118538,64,0.3968303415179253,12.907141342163087,0.23910874456167217
FlexTok,imagenet,n04118538,96,0.3595195788145065,13.818787994384765,0.28626620844006534
FlexTok,imagenet,n04118538,128,0.32288234114646913,14.679971179962159,0.33209842652082444
FlexTok,imagenet,n04118538,160,0.3039321607351303,15.217826499938965,0.3603655806183815
FlexTok,imagenet,n04118538,208,0.2750242459774017,15.970956401824951,0.4017315137386322
FlexTok,imagenet,n04118538,256,0.2467136117815971,16.92519708633423,0.4433864176273346
FlexTok,imagenet,n04133789,8,0.5673867130279541,12.974314422607423,0.27328587010502814
FlexTok,imagenet,n04133789,16,0.5083124560117721,13.55196018218994,0.2896248015761375
FlexTok,imagenet,n04133789,32,0.45419782638549805,14.33161973953247,0.31080367833375927
FlexTok,imagenet,n04133789,64,0.38654197931289674,15.341269989013671,0.3490149390697479
FlexTok,imagenet,n04133789,96,0.3343018159270287,16.431397953033446,0.39764042854309084
FlexTok,imagenet,n04133789,128,0.2910152402520179,17.415670318603517,0.4464144742488861
FlexTok,imagenet,n04133789,160,0.26924213647842404,17.973451480865478,0.4741091796755791
FlexTok,imagenet,n04133789,208,0.24411880820989607,18.682707996368407,0.5075112184882165
FlexTok,imagenet,n04133789,256,0.21808249711990352,19.715083446502685,0.542962466776371
FlexTok,imagenet,n04141076,8,0.5470789313316345,12.062313251495361,0.23667320422828195
FlexTok,imagenet,n04141076,16,0.5141782176494598,12.20608172416687,0.24065186403691766
FlexTok,imagenet,n04141076,32,0.4624240863323212,12.91500500679016,0.2798387265205383
FlexTok,imagenet,n04141076,64,0.4022298377752304,13.70141372680664,0.31813805401325224
FlexTok,imagenet,n04141076,96,0.3507516691088676,14.660592823028564,0.3720265331864357
FlexTok,imagenet,n04141076,128,0.309279570877552,15.578961944580078,0.4185201060771942
FlexTok,imagenet,n04141076,160,0.285581764280796,16.14452709197998,0.4466093236207962
FlexTok,imagenet,n04141076,208,0.2598391056060791,16.840094413757324,0.48563368678092955
FlexTok,imagenet,n04141076,256,0.2334364882111549,17.727509117126466,0.5231627714633942
FlexTok,imagenet,n04146614,8,0.49055814385414126,12.409234046936035,0.27023460671305655
FlexTok,imagenet,n04146614,16,0.4649889582395554,12.597002639770508,0.2798351110517978
FlexTok,imagenet,n04146614,32,0.40545393466949464,13.250758132934571,0.3081055165827274
FlexTok,imagenet,n04146614,64,0.3443998521566391,14.137073669433594,0.3454574966430664
FlexTok,imagenet,n04146614,96,0.3023261412978172,15.132182579040528,0.39552668541669844
FlexTok,imagenet,n04146614,128,0.2666199159622192,16.043598766326905,0.44112321257591247
FlexTok,imagenet,n04146614,160,0.24778326153755184,16.51856149673462,0.46894106149673465
FlexTok,imagenet,n04146614,208,0.22486205995082853,17.106418266296387,0.5001599264144897
FlexTok,imagenet,n04146614,256,0.2036050862073898,17.941132411956787,0.5326775228977203
FlexTok,imagenet,n04147183,8,0.4751653742790222,13.589313049316406,0.3588336300849915
FlexTok,imagenet,n04147183,16,0.4461011877655983,13.946777248382569,0.36641631931066515
FlexTok,imagenet,n04147183,32,0.39910765290260314,14.560926399230958,0.3903034761548042
FlexTok,imagenet,n04147183,64,0.3408101037144661,15.489460391998291,0.429252193570137
FlexTok,imagenet,n04147183,96,0.2895942541956901,16.772959995269776,0.4881403854489326
FlexTok,imagenet,n04147183,128,0.2503521355986595,17.91620185852051,0.5385197454690933
FlexTok,imagenet,n04147183,160,0.2330600620806217,18.51324426651001,0.5667788052558899
FlexTok,imagenet,n04147183,208,0.21340749040246007,19.055944423675538,0.5993490988016128
FlexTok,imagenet,n04147183,256,0.19028410166501997,20.07650119781494,0.6303961515426636
FlexTok,imagenet,n04192698,8,0.539403310418129,12.74114912033081,0.2465767716616392
FlexTok,imagenet,n04192698,16,0.5085743790864945,13.060003910064697,0.26023709952831264
FlexTok,imagenet,n04192698,32,0.4611444330215454,13.586643524169922,0.28613931030035017
FlexTok,imagenet,n04192698,64,0.37870141834020615,14.771959552764892,0.329346334785223
FlexTok,imagenet,n04192698,96,0.33234680086374285,15.835677261352538,0.3793173363804817
FlexTok,imagenet,n04192698,128,0.28779386818408964,16.899222259521483,0.42526441156864164
FlexTok,imagenet,n04192698,160,0.2690008446574211,17.342177028656007,0.451434066593647
FlexTok,imagenet,n04192698,208,0.2482690212130546,18.00886932373047,0.4848061525821686
FlexTok,imagenet,n04192698,256,0.22302073314785953,18.89355188369751,0.5180113369226456
FlexTok,imagenet,n04254680,8,0.5145441269874573,12.491433248519897,0.3228036752343178
FlexTok,imagenet,n04254680,16,0.4852211338281631,12.753053760528564,0.33242867298424245
FlexTok,imagenet,n04254680,32,0.4292924416065216,13.506029510498047,0.3585038658976555
FlexTok,imagenet,n04254680,64,0.3553034347295761,14.315012817382813,0.3970283468812704
FlexTok,imagenet,n04254680,96,0.2985089120268821,15.682470455169678,0.45228743225336077
FlexTok,imagenet,n04254680,128,0.2513974493741989,16.97949026107788,0.502273405045271
FlexTok,imagenet,n04254680,160,0.22955617442727086,17.63702886581421,0.5280990995466709
FlexTok,imagenet,n04254680,208,0.2068475870788097,18.49443441390991,0.5636876200139522
FlexTok,imagenet,n04254680,256,0.1777686950564384,19.774583339691162,0.6004523661732674
FlexTok,imagenet,n04266014,8,0.4815479153394699,13.744900598526002,0.3966571656614542
FlexTok,imagenet,n04266014,16,0.4541672396659851,14.154649181365967,0.41288979925215247
FlexTok,imagenet,n04266014,32,0.40354585006833077,14.924772167205811,0.43993883050978183
FlexTok,imagenet,n04266014,64,0.349980506375432,15.783488731384278,0.4683980771899223
FlexTok,imagenet,n04266014,96,0.3098196071386337,16.796918678283692,0.5132282888889312
FlexTok,imagenet,n04266014,128,0.27465595602989196,17.896439208984376,0.5503191542625427
FlexTok,imagenet,n04266014,160,0.257182917445898,18.40222858428955,0.575393640100956
FlexTok,imagenet,n04266014,208,0.23657330423593517,19.119957962036132,0.6015362840890884
FlexTok,imagenet,n04266014,256,0.2135300479456782,19.90154161453247,0.62831793487072
FlexTok,imagenet,n04275548,8,0.5366903972625733,14.911639709472656,0.251377738751471
FlexTok,imagenet,n04275548,16,0.5075183773040771,14.827558059692382,0.24952683653682467
FlexTok,imagenet,n04275548,32,0.46595496296882627,15.254759998321534,0.26580702558159824
FlexTok,imagenet,n04275548,64,0.4011030089855194,15.922432556152344,0.28758374765515327
FlexTok,imagenet,n04275548,96,0.364530970454216,16.54752611160278,0.32210614912211893
FlexTok,imagenet,n04275548,128,0.3253361487388611,17.331844406127928,0.3616882282495499
FlexTok,imagenet,n04275548,160,0.3083340987563133,17.675751914978026,0.3852997849881649
FlexTok,imagenet,n04275548,208,0.2857704755663871,17.970861377716066,0.4139535301923752
FlexTok,imagenet,n04275548,256,0.2618969045579433,18.793640098571778,0.45402830630540847
FlexTok,imagenet,n04310018,8,0.5365891224145889,12.926147041320801,0.2339703258126974
FlexTok,imagenet,n04310018,16,0.5092897593975068,12.978965091705323,0.2395707485824823
FlexTok,imagenet,n04310018,32,0.4660981100797653,13.554333782196045,0.2594225071370601
FlexTok,imagenet,n04310018,64,0.41141864061355593,14.236877403259278,0.28445190489292144
FlexTok,imagenet,n04310018,96,0.37027215838432315,15.117563800811768,0.328524382263422
FlexTok,imagenet,n04310018,128,0.3318524894118309,16.039396533966066,0.36908064275979996
FlexTok,imagenet,n04310018,160,0.3174833676218986,16.441365871429444,0.3956349691748619
FlexTok,imagenet,n04310018,208,0.2957458642125129,16.947156848907472,0.42666586190462114
FlexTok,imagenet,n04310018,256,0.26836005747318264,17.682428665161133,0.4575110903382301
FlexTok,imagenet,n04325704,8,0.6082590848207474,12.900699882507324,0.17439793080091473
FlexTok,imagenet,n04325704,16,0.5659598004817963,13.217051124572754,0.1836047629266977
FlexTok,imagenet,n04325704,32,0.4928455072641373,14.1632088470459,0.20778047196567054
FlexTok,imagenet,n04325704,64,0.40596967488527297,15.163477535247802,0.2418413512408733
FlexTok,imagenet,n04325704,96,0.35230272680521013,16.105782508850098,0.2824284379184246
FlexTok,imagenet,n04325704,128,0.31789204865694043,16.80068099975586,0.31547341369092463
FlexTok,imagenet,n04325704,160,0.29783880352973935,17.195971336364746,0.33748191565275193
FlexTok,imagenet,n04325704,208,0.28458088889718053,17.513831329345702,0.3626672577857971
FlexTok,imagenet,n04325704,256,0.25833503410220143,18.329955101013184,0.3938154332339764
FlexTok,imagenet,n04347754,8,0.48908918380737304,14.541809768676758,0.3254017274081707
FlexTok,imagenet,n04347754,16,0.4601380813121796,14.65972734451294,0.32497779741883276
FlexTok,imagenet,n04347754,32,0.4083025309443474,15.416541957855225,0.34804403126239775
FlexTok,imagenet,n04347754,64,0.34895303070545197,16.243622608184815,0.375161359757185
FlexTok,imagenet,n04347754,96,0.3102805650234222,17.137798080444338,0.4160978704690933
FlexTok,imagenet,n04347754,128,0.28038950115442274,17.98178478240967,0.4510747742652893
FlexTok,imagenet,n04347754,160,0.2624376556277275,18.30073003768921,0.47342380076646806
FlexTok,imagenet,n04347754,208,0.24046922296285625,18.839837779998778,0.5070023587346077
FlexTok,imagenet,n04347754,256,0.22135647177696224,19.594393177032472,0.5337720710039139
FlexTok,imagenet,n04389033,8,0.5349936538934708,12.777757911682128,0.2331945021450519
FlexTok,imagenet,n04389033,16,0.4999495482444763,13.059275398254394,0.24214889377355572
FlexTok,imagenet,n04389033,32,0.4618693608045578,13.62885835647583,0.26147335112094877
FlexTok,imagenet,n04389033,64,0.40267414927482603,14.3806760597229,0.29712173685431476
FlexTok,imagenet,n04389033,96,0.3686021584272385,15.257699394226075,0.3409252896904945
FlexTok,imagenet,n04389033,128,0.3329687464237213,16.20506622314453,0.38677681058645247
FlexTok,imagenet,n04389033,160,0.3120037508010864,16.671354484558105,0.41524294286966323
FlexTok,imagenet,n04389033,208,0.28898664355278014,17.20550928115845,0.4530509570240974
FlexTok,imagenet,n04389033,256,0.2634371197223663,18.15765209197998,0.48689543306827543
FlexTok,imagenet,n04409515,8,0.49894388049840926,13.79264024734497,0.347341516315937
FlexTok,imagenet,n04409515,16,0.4448819275200367,14.33374849319458,0.3659204131364822
FlexTok,imagenet,n04409515,32,0.38064842388033865,15.444270133972168,0.3966282670199871
FlexTok,imagenet,n04409515,64,0.30414189852774137,16.55818473815918,0.4358737739920616
FlexTok,imagenet,n04409515,96,0.25964484147727485,17.508156185150145,0.47576421782374384
FlexTok,imagenet,n04409515,128,0.21859652116894718,18.880053520202637,0.5250411608815193
FlexTok,imagenet,n04409515,160,0.20326318487524983,19.379062442779542,0.5460105085372925
FlexTok,imagenet,n04409515,208,0.18699459571391341,19.866500358581543,0.5680838766694069
FlexTok,imagenet,n04409515,256,0.16495431195944543,21.055971450805664,0.5979731917381287
FlexTok,imagenet,n04465501,8,0.5372189623117447,12.057170352935792,0.16613884352147576
FlexTok,imagenet,n04465501,16,0.49531966567039487,12.270647583007813,0.17053823605179783
FlexTok,imagenet,n04465501,32,0.4448583251237869,12.82895408630371,0.1872388496994972
FlexTok,imagenet,n04465501,64,0.38873077869415285,13.549517211914063,0.2143094834685325
FlexTok,imagenet,n04465501,96,0.3601360747218132,14.31233102798462,0.2492818427085876
FlexTok,imagenet,n04465501,128,0.3252871707081795,15.164903030395507,0.288769316971302
FlexTok,imagenet,n04465501,160,0.30671690434217447,15.552793426513672,0.31334531575441354
FlexTok,imagenet,n04465501,208,0.2854146599769592,16.099566593170167,0.34895160645246504
FlexTok,imagenet,n04465501,256,0.2630180674791336,16.79973903656006,0.37949542760849
FlexTok,imagenet,n04487394,8,0.5498833483457566,12.126464366912842,0.22156876459717748
FlexTok,imagenet,n04487394,16,0.521319095492363,12.430361804962159,0.23173800498247143
FlexTok,imagenet,n04487394,32,0.47123566091060637,13.068743038177491,0.25888319455087183
FlexTok,imagenet,n04487394,64,0.40542510330677034,13.8698929977417,0.30150485485792156
FlexTok,imagenet,n04487394,96,0.36005318522453306,14.735398826599122,0.35068931326270103
FlexTok,imagenet,n04487394,128,0.3189412331581115,15.81261854171753,0.404135667681694
FlexTok,imagenet,n04487394,160,0.29574718534946437,16.31228754043579,0.43678842633962633
FlexTok,imagenet,n04487394,208,0.26952650308609005,16.953338508605956,0.4713322028517723
FlexTok,imagenet,n04487394,256,0.24513644009828564,17.978900661468504,0.5129691451787949
FlexTok,imagenet,n04522168,8,0.5334564816951751,13.402339744567872,0.3367857204377651
FlexTok,imagenet,n04522168,16,0.498135689496994,13.739327716827393,0.3507565362751484
FlexTok,imagenet,n04522168,32,0.43538726776838305,14.723814449310304,0.3763715669512749
FlexTok,imagenet,n04522168,64,0.3635543644428253,15.583144130706787,0.41232889831066133
FlexTok,imagenet,n04522168,96,0.3203682106733322,16.53899477005005,0.4556735107302666
FlexTok,imagenet,n04522168,128,0.2812921774387359,17.576277122497558,0.4960001063346863
FlexTok,imagenet,n04522168,160,0.2616819632053375,18.069102039337157,0.518915609717369
FlexTok,imagenet,n04522168,208,0.23963177323341367,18.64755241394043,0.5483622366189956
FlexTok,imagenet,n04522168,256,0.2143463738262653,19.744183788299562,0.5811558187007904
FlexTok,imagenet,n04536866,8,0.5756604057550431,12.43630470275879,0.2372319064289331
FlexTok,imagenet,n04536866,16,0.5518414741754532,12.492399311065673,0.23939116582274433
FlexTok,imagenet,n04536866,32,0.5033902132511139,13.223884811401367,0.26350335121154783
FlexTok,imagenet,n04536866,64,0.4330805221199989,14.171231555938721,0.3041640819609165
FlexTok,imagenet,n04536866,96,0.37686421781778334,15.144588012695312,0.36061203718185425
FlexTok,imagenet,n04536866,128,0.327375168800354,16.258007106781005,0.4218045124411583
FlexTok,imagenet,n04536866,160,0.29938892185688015,16.85151571273804,0.4554965662956238
FlexTok,imagenet,n04536866,208,0.2675184132158756,17.57633674621582,0.4920832401514053
FlexTok,imagenet,n04536866,256,0.23488095894455907,18.67516550064087,0.5363343688845634
FlexTok,imagenet,n04552348,8,0.4451133507490158,14.613112487792968,0.5129568949341774
FlexTok,imagenet,n04552348,16,0.4120278713107109,14.905123500823974,0.521280194222927
FlexTok,imagenet,n04552348,32,0.3620727750658989,15.559267005920411,0.5444238036870956
FlexTok,imagenet,n04552348,64,0.2957627943158149,16.68432014465332,0.5772035539150238
FlexTok,imagenet,n04552348,96,0.26253382846713064,17.62587568283081,0.609633376300335
FlexTok,imagenet,n04552348,128,0.22749590486288068,18.924110317230223,0.6469344687461853
FlexTok,imagenet,n04552348,160,0.209951259791851,19.470700569152832,0.6674203842878341
FlexTok,imagenet,n04552348,208,0.18914095938205716,20.42375099182129,0.6942295521497727
FlexTok,imagenet,n04552348,256,0.16844980075955387,21.389360160827636,0.7190171778202057
FlexTok,imagenet,n04591713,8,0.570599025785923,11.565358085632324,0.23681098803877826
FlexTok,imagenet,n04591713,16,0.5378619652986526,11.839738550186157,0.24781239084899423
FlexTok,imagenet,n04591713,32,0.4815954485535622,12.776990528106689,0.2806709706038236
FlexTok,imagenet,n04591713,64,0.40255883350968363,13.806254501342773,0.3342547796666622
FlexTok,imagenet,n04591713,96,0.3535456931591034,14.971899528503418,0.38947489857673645
FlexTok,imagenet,n04591713,128,0.3075573414564132,16.140606632232664,0.44028014317154884
FlexTok,imagenet,n04591713,160,0.288716534525156,16.701502780914307,0.4690825526416302
FlexTok,imagenet,n04591713,208,0.26593309164047235,17.34870771408081,0.5020292285084724
FlexTok,imagenet,n04591713,256,0.23826614677906033,18.392527618408202,0.5397288534045219
FlexTok,imagenet,n07614500,8,0.5588421595096588,12.486620979309082,0.2773677849769592
FlexTok,imagenet,n07614500,16,0.5244952267408372,12.868058767318725,0.2951641040295362
FlexTok,imagenet,n07614500,32,0.46376352131366727,13.735463161468505,0.3266132408380508
FlexTok,imagenet,n07614500,64,0.39116153299808504,14.839986190795898,0.36671834453940394
FlexTok,imagenet,n07614500,96,0.3399578285217285,16.052925052642824,0.4166294512152672
FlexTok,imagenet,n07614500,128,0.2998837062716484,17.04304153442383,0.46372209399938585
FlexTok,imagenet,n07614500,160,0.2792785692214965,17.554820232391357,0.4896433797478676
FlexTok,imagenet,n07614500,208,0.2517118355631828,18.234469165802,0.5243248641490936
FlexTok,imagenet,n07614500,256,0.22354667574167247,19.395987377166747,0.5645652902126312
FlexTok,imagenet,n07693725,8,0.575945930480957,13.050127086639405,0.23865665569901462
FlexTok,imagenet,n07693725,16,0.5218209433555603,13.514183750152588,0.25447155863046644
FlexTok,imagenet,n07693725,32,0.4626015591621399,14.321635074615479,0.27984956786036486
FlexTok,imagenet,n07693725,64,0.3978398478031158,15.351306533813476,0.3159977184236049
FlexTok,imagenet,n07693725,96,0.3458253911137581,16.487084522247315,0.3657649821043015
FlexTok,imagenet,n07693725,128,0.2998278400301933,17.427611618041993,0.40497731536626813
FlexTok,imagenet,n07693725,160,0.28227981269359587,17.85795509338379,0.42777664244174957
FlexTok,imagenet,n07693725,208,0.26163708180189127,18.32536138534546,0.45616302073001863
FlexTok,imagenet,n07693725,256,0.23341793715953824,19.235061359405517,0.4900585788488388
FlexTok,imagenet,n07695742,8,0.5800805217027665,11.844706192016602,0.1844115003198385
FlexTok,imagenet,n07695742,16,0.5483336502313614,12.009779224395752,0.19560311481356618
FlexTok,imagenet,n07695742,32,0.4915824109315872,12.703224182128906,0.22292233765125272
FlexTok,imagenet,n07695742,64,0.4175967025756836,13.729048976898193,0.26841364607214924
FlexTok,imagenet,n07695742,96,0.3691728687286377,14.816445713043214,0.3207211808860302
FlexTok,imagenet,n07695742,128,0.323979369699955,15.961736316680907,0.3771268303692341
FlexTok,imagenet,n07695742,160,0.3005323964357376,16.5103989982605,0.40942671000957487
FlexTok,imagenet,n07695742,208,0.2745989865064621,17.17941152572632,0.4488025724887848
FlexTok,imagenet,n07695742,256,0.24606271058320994,18.205225582122804,0.490315320789814
FlexTok,imagenet,n07697313,8,0.5747711926698684,12.429585723876952,0.23044975653290745
FlexTok,imagenet,n07697313,16,0.5430316591262817,12.576569595336913,0.2384540025889873
FlexTok,imagenet,n07697313,32,0.4942309260368347,13.512051773071288,0.2661524897813797
FlexTok,imagenet,n07697313,64,0.42564257979393005,14.469003353118897,0.30364301264286037
FlexTok,imagenet,n07697313,96,0.3763271808624268,15.492218379974366,0.35402972877025607
FlexTok,imagenet,n07697313,128,0.33310510843992236,16.563062267303465,0.4061465683579445
FlexTok,imagenet,n07697313,160,0.31165667742490766,17.050266036987306,0.43193694949150085
FlexTok,imagenet,n07697313,208,0.2855625408887863,17.73629062652588,0.4674640506505966
FlexTok,imagenet,n07697313,256,0.25482683837413783,18.867736129760743,0.5082362359762191
FlexTok,imagenet,n07697537,8,0.5866965591907501,11.843064708709717,0.21556003376841543
FlexTok,imagenet,n07697537,16,0.5552443158626557,12.10728401184082,0.22305152088403699
FlexTok,imagenet,n07697537,32,0.5033278036117553,13.025088748931886,0.25190543398261067
FlexTok,imagenet,n07697537,64,0.4369534260034561,13.91826503753662,0.28770645350217816
FlexTok,imagenet,n07697537,96,0.3828431105613708,15.15022476196289,0.3406638529896736
FlexTok,imagenet,n07697537,128,0.33278865724802015,16.283128967285155,0.39408584386110307
FlexTok,imagenet,n07697537,160,0.30690342456102365,16.86474828720093,0.4247215181589127
FlexTok,imagenet,n07697537,208,0.28063013464212416,17.54841634750366,0.46501255691051485
FlexTok,imagenet,n07697537,256,0.24884686231613157,18.58454132080078,0.5050333917140961
FlexTok,imagenet,n07714571,8,0.5177821826934814,12.928915901184082,0.15831746563315388
FlexTok,imagenet,n07714571,16,0.48666040897369384,13.033753528594971,0.16240495435893532
FlexTok,imagenet,n07714571,32,0.4546751910448074,13.533253135681152,0.1765606245398521
FlexTok,imagenet,n07714571,64,0.4023768839240074,14.28589225769043,0.20183464720845218
FlexTok,imagenet,n07714571,96,0.36882253736257553,15.050493640899658,0.23980392813682552
FlexTok,imagenet,n07714571,128,0.33791573345661163,15.881921176910401,0.27451098367571825
FlexTok,imagenet,n07714571,160,0.3192086680233478,16.327139320373536,0.299924771040678
FlexTok,imagenet,n07714571,208,0.2961233055591583,16.825450897216797,0.3344224214553833
FlexTok,imagenet,n07714571,256,0.2705831329524517,17.620986824035644,0.36404800206422805
FlexTok,imagenet,n07714990,8,0.5489022314548493,12.421328506469727,0.20933742612600323
FlexTok,imagenet,n07714990,16,0.5201212579011917,12.6092378616333,0.22030790634453293
FlexTok,imagenet,n07714990,32,0.45963893830776215,13.381269226074219,0.24212453968822953
FlexTok,imagenet,n07714990,64,0.39552610844373703,14.244756145477295,0.27040343418717383
FlexTok,imagenet,n07714990,96,0.3556228658556938,15.047176856994628,0.30702797442674634
FlexTok,imagenet,n07714990,128,0.31957829445600505,15.801783046722413,0.34068378791213033
FlexTok,imagenet,n07714990,160,0.2995488949120044,16.26681568145752,0.3654460284113884
FlexTok,imagenet,n07714990,208,0.28015717104077337,16.73723342895508,0.394981622248888
FlexTok,imagenet,n07714990,256,0.2556034150719642,17.523729076385496,0.4243297979235649
FlexTok,imagenet,n07718472,8,0.58312131524086,12.020068264007568,0.20640119574964044
FlexTok,imagenet,n07718472,16,0.5420667219161988,12.452673950195312,0.2210364485532045
FlexTok,imagenet,n07718472,32,0.4803419241309166,13.352033557891845,0.24470297239720817
FlexTok,imagenet,n07718472,64,0.4006553488969803,14.511547355651855,0.2838890150189399
FlexTok,imagenet,n07718472,96,0.34585964113473894,15.685271320343018,0.33802407085895536
FlexTok,imagenet,n07718472,128,0.30068660050630563,16.85910213470459,0.3892665383219719
FlexTok,imagenet,n07718472,160,0.27843721628189083,17.36619602203369,0.41495026648044586
FlexTok,imagenet,n07718472,208,0.25642499476671216,17.837446212768555,0.44576394408941267
FlexTok,imagenet,n07718472,256,0.22747231796383854,18.91226781845093,0.4839518564939499
FlexTok,imagenet,n07720875,8,0.5281903982162476,12.246119632720948,0.2378128723800182
FlexTok,imagenet,n07720875,16,0.4928017210960388,12.495657653808594,0.24665666744112966
FlexTok,imagenet,n07720875,32,0.44314406156539915,13.319415206909179,0.27044550895690916
FlexTok,imagenet,n07720875,64,0.37350788921117783,14.432865734100341,0.3101640570163726
FlexTok,imagenet,n07720875,96,0.33236506044864655,15.43624807357788,0.35568046271800996
FlexTok,imagenet,n07720875,128,0.28373197749257084,16.576288604736327,0.4040165337920189
FlexTok,imagenet,n07720875,160,0.2608515144884586,17.132467803955077,0.4328577524423599
FlexTok,imagenet,n07720875,208,0.23751049324870105,17.750027141571046,0.4650509151816368
FlexTok,imagenet,n07720875,256,0.21058362931013103,18.941551189422608,0.5104637363553047
FlexTok,imagenet,n07734744,8,0.49562360405921935,12.784229125976562,0.15273034736514088
FlexTok,imagenet,n07734744,16,0.4674771898984909,13.094921131134033,0.16093925707042214
FlexTok,imagenet,n07734744,32,0.4236626148223877,13.586880702972412,0.17252609610557554
FlexTok,imagenet,n07734744,64,0.37725944638252257,14.203953247070313,0.1952311590313911
FlexTok,imagenet,n07734744,96,0.3424469068646431,14.91129804611206,0.22862955421209333
FlexTok,imagenet,n07734744,128,0.31041969418525694,15.658019847869873,0.2646530663967132
FlexTok,imagenet,n07734744,160,0.29609709620475766,16.02785203933716,0.289311005026102
FlexTok,imagenet,n07734744,208,0.27997187346220015,16.482237663269043,0.323296822309494
FlexTok,imagenet,n07734744,256,0.25884695380926126,17.15736660003662,0.354335078895092
FlexTok,imagenet,n07742313,8,0.48933367609977724,14.00228443145752,0.41360483393073083
FlexTok,imagenet,n07742313,16,0.44529210567474364,14.458701457977295,0.4269987154006958
FlexTok,imagenet,n07742313,32,0.3768976932764053,15.59943983078003,0.46570556923747064
FlexTok,imagenet,n07742313,64,0.2994214183092117,17.247573413848876,0.5154403820633888
FlexTok,imagenet,n07742313,96,0.25693748801946636,18.56819990158081,0.5565150459110737
FlexTok,imagenet,n07742313,128,0.2187881840765476,19.941386070251465,0.5991435664892196
FlexTok,imagenet,n07742313,160,0.2007838867604732,20.446618022918702,0.6199560371041298
FlexTok,imagenet,n07742313,208,0.18331503182649608,21.04623628616333,0.6388744276762008
FlexTok,imagenet,n07742313,256,0.16245652586221693,22.340259380340576,0.6679415333271027
FlexTok,imagenet,n07745940,8,0.5796706956624985,11.760865440368653,0.20678600884974
FlexTok,imagenet,n07745940,16,0.5515800398588181,11.99083703994751,0.2214215054363012
FlexTok,imagenet,n07745940,32,0.4919747197628021,12.940623588562012,0.24238408654928204
FlexTok,imagenet,n07745940,64,0.4236192911863327,13.789340496063232,0.27344145804643627
FlexTok,imagenet,n07745940,96,0.3736774811148644,14.849874248504639,0.31327408418059344
FlexTok,imagenet,n07745940,128,0.33356417536735533,15.643015842437745,0.3502405434846878
FlexTok,imagenet,n07745940,160,0.3097064492106437,16.083062343597412,0.3757564601302147
FlexTok,imagenet,n07745940,208,0.28520084187388417,16.650202713012696,0.4075735381245613
FlexTok,imagenet,n07745940,256,0.2540299122035503,17.6328959274292,0.4436622798442841
FlexTok,imagenet,n07749582,8,0.5076001414656639,13.008859558105469,0.33966062501072886
FlexTok,imagenet,n07749582,16,0.46776976257562636,13.427009773254394,0.3526665197312832
FlexTok,imagenet,n07749582,32,0.3991179183125496,14.446083259582519,0.38970734730362894
FlexTok,imagenet,n07749582,64,0.32939026176929476,15.707405738830566,0.43305275559425355
FlexTok,imagenet,n07749582,96,0.2778598019480705,17.003227405548095,0.48203499674797057
FlexTok,imagenet,n07749582,128,0.2399267643690109,18.114476222991943,0.5288841360807419
FlexTok,imagenet,n07749582,160,0.21953998565673824,18.6332666015625,0.5531342214345932
FlexTok,imagenet,n07749582,208,0.19868290394544597,19.19668695449829,0.5788925683498383
FlexTok,imagenet,n07749582,256,0.17121752932667728,20.448986473083497,0.6126343369483948
FlexTok,imagenet,n07753275,8,0.5274984228610993,12.471675071716309,0.19562421888113019
FlexTok,imagenet,n07753275,16,0.4982000601291656,12.59641237258911,0.20335968606173987
FlexTok,imagenet,n07753275,32,0.45938990950584413,13.192327194213867,0.2240142565965652
FlexTok,imagenet,n07753275,64,0.3939690512418747,14.01751693725586,0.2585245559364557
FlexTok,imagenet,n07753275,96,0.35957487404346467,14.778496913909912,0.3008136141300201
FlexTok,imagenet,n07753275,128,0.32545362889766694,15.497366409301758,0.3370926356315613
FlexTok,imagenet,n07753275,160,0.30533704102039333,15.892635192871094,0.3644858054816723
FlexTok,imagenet,n07753275,208,0.28508941113948816,16.48535219192505,0.3972709313035011
FlexTok,imagenet,n07753275,256,0.26070622190833087,17.296492500305177,0.43323513597249985
FlexTok,imagenet,n07753592,8,0.559882960319519,12.890523471832275,0.29012007214128965
FlexTok,imagenet,n07753592,16,0.5223477303981781,13.243255596160889,0.30396445188671345
FlexTok,imagenet,n07753592,32,0.45964977741241453,14.020088520050049,0.33240150056779383
FlexTok,imagenet,n07753592,64,0.37720119923353196,15.189333534240722,0.38248790591955184
FlexTok,imagenet,n07753592,96,0.3233756271004677,16.441681365966797,0.4362934508919716
FlexTok,imagenet,n07753592,128,0.27650153100490565,17.57760316848755,0.4838410164415836
FlexTok,imagenet,n07753592,160,0.25539231777191157,18.04106201171875,0.5088438272476197
FlexTok,imagenet,n07753592,208,0.22936925098299976,18.770701656341554,0.5446262806653976
FlexTok,imagenet,n07753592,256,0.2030018605291843,19.85420944213867,0.5813760530948638
FlexTok,imagenet,n07768694,8,0.5122989225387573,12.287768955230712,0.2294809070974588
FlexTok,imagenet,n07768694,16,0.47592474162578585,12.583932685852051,0.2421752210706472
FlexTok,imagenet,n07768694,32,0.4284717601537704,13.280655193328858,0.2686239133775234
FlexTok,imagenet,n07768694,64,0.3747163209319115,14.076854209899903,0.30127905696630475
FlexTok,imagenet,n07768694,96,0.33851123601198196,15.077945785522461,0.3448940770328045
FlexTok,imagenet,n07768694,128,0.3034989659488201,15.98260643005371,0.3860251620411873
FlexTok,imagenet,n07768694,160,0.2839851075410843,16.458062915802003,0.4110873745381832
FlexTok,imagenet,n07768694,208,0.26577764600515363,17.0360200881958,0.44104695558547974
FlexTok,imagenet,n07768694,256,0.2394241131842136,18.02018684387207,0.48079131871461867
FlexTok,imagenet,n07873807,8,0.5623468476533889,12.230495433807373,0.1478418835252523
FlexTok,imagenet,n07873807,16,0.5343496882915497,12.229448547363281,0.1530133476108312
FlexTok,imagenet,n07873807,32,0.49596747815608977,12.677209968566894,0.174235672801733
FlexTok,imagenet,n07873807,64,0.44514295518398284,13.432888584136963,0.2059979674220085
FlexTok,imagenet,n07873807,96,0.40074991941452026,14.31694169998169,0.24725278258323666
FlexTok,imagenet,n07873807,128,0.36544003427028654,15.094318275451661,0.28779439538717266
FlexTok,imagenet,n07873807,160,0.34420583784580233,15.489401950836182,0.3151713368296623
FlexTok,imagenet,n07873807,208,0.322152119576931,16.079877586364745,0.35071132391691207
FlexTok,imagenet,n07873807,256,0.29924311429262157,16.858062267303467,0.3876113486289978
FlexTok,imagenet,n07880968,8,0.5751669526100158,12.552733116149902,0.24306580841541287
FlexTok,imagenet,n07880968,16,0.5405040812492371,12.696314544677735,0.25205307155847545
FlexTok,imagenet,n07880968,32,0.48434946477413177,13.564979457855225,0.2806053821742534
FlexTok,imagenet,n07880968,64,0.41213518381118774,14.602124576568604,0.3273352113366127
FlexTok,imagenet,n07880968,96,0.36352903753519056,15.664594478607178,0.37103855833411215
FlexTok,imagenet,n07880968,128,0.32033930778503417,16.78169418334961,0.4205653178691864
FlexTok,imagenet,n07880968,160,0.298427200615406,17.380537033081055,0.4499702370166779
FlexTok,imagenet,n07880968,208,0.2759409752488136,18.088895988464355,0.48511490613222125
FlexTok,imagenet,n07880968,256,0.24429598540067668,19.173747539520264,0.5257470464706421
FlexTok,imagenet,n07920052,8,0.5179433578252792,12.86859058380127,0.31462352931499477
FlexTok,imagenet,n07920052,16,0.47420828104019164,13.363825874328613,0.3404428207874298
FlexTok,imagenet,n07920052,32,0.4075685718655586,14.349287853240966,0.38342788845300674
FlexTok,imagenet,n07920052,64,0.3344285959005356,15.563995056152343,0.43155891954898834
FlexTok,imagenet,n07920052,96,0.2826793619990349,16.94281150817871,0.496179835498333
FlexTok,imagenet,n07920052,128,0.23948700517415997,18.292194232940673,0.5548114591836929
FlexTok,imagenet,n07920052,160,0.21962353780865665,18.933231506347656,0.5845228159427642
FlexTok,imagenet,n07920052,208,0.19764597713947293,19.692316436767577,0.619223108291626
FlexTok,imagenet,n07920052,256,0.17121661111712452,20.902400283813478,0.6569908785820008
FlexTok,imagenet,n09472597,8,0.4531283903121948,16.940757579803467,0.48567486435174945
FlexTok,imagenet,n09472597,16,0.4149676841497421,17.07041961669922,0.49280303716659546
FlexTok,imagenet,n09472597,32,0.3692675718665123,17.855053119659424,0.5110108938813209
FlexTok,imagenet,n09472597,64,0.29682775914669035,19.134245204925538,0.5466930389404296
FlexTok,imagenet,n09472597,96,0.2584865608811378,20.303904285430907,0.57897962808609
FlexTok,imagenet,n09472597,128,0.2219564828276634,21.53455078125,0.6142407405376434
FlexTok,imagenet,n09472597,160,0.20725595310330389,21.944300327301026,0.6286775875091553
FlexTok,imagenet,n09472597,208,0.19596651375293728,22.228483600616457,0.6438606530427933
FlexTok,imagenet,n09472597,256,0.17589546680450435,23.135071678161623,0.6640525102615357
FlexTok,imagenet,n09835506,8,0.5575619685649872,12.225107593536377,0.20631710886955257
FlexTok,imagenet,n09835506,16,0.5095531490445137,12.37634199142456,0.20938769362866874
FlexTok,imagenet,n09835506,32,0.45257466197013857,13.016546001434326,0.23179125323891636
FlexTok,imagenet,n09835506,64,0.3794284665584564,13.93931447982788,0.2747566530108452
FlexTok,imagenet,n09835506,96,0.3324910633265972,14.965475025177001,0.326396441757679
FlexTok,imagenet,n09835506,128,0.2949076627194881,15.922004833221436,0.37049003958702087
FlexTok,imagenet,n09835506,160,0.2757504533231258,16.40457088470459,0.39702766001224515
FlexTok,imagenet,n09835506,208,0.2527105741202831,17.027454776763918,0.4311863359808922
FlexTok,imagenet,n09835506,256,0.23140062585473056,17.74892063140869,0.4632143360376358
FlexTok,imagenet,n10565667,8,0.4804878479242325,15.224504013061523,0.39571547850966454
FlexTok,imagenet,n10565667,16,0.44730486810207365,15.417772064208984,0.4036016671359539
FlexTok,imagenet,n10565667,32,0.40478018134832383,16.28294507980347,0.42522682577371596
FlexTok,imagenet,n10565667,64,0.3468202182650566,17.156610012054443,0.45286147624254225
FlexTok,imagenet,n10565667,96,0.3119151763617992,17.98243131637573,0.4770208379626274
FlexTok,imagenet,n10565667,128,0.27609910845756525,18.91242321014404,0.5182959201931954
FlexTok,imagenet,n10565667,160,0.2588346344232559,19.301272106170654,0.5329325556755066
FlexTok,imagenet,n10565667,208,0.2376760078966617,19.807263774871828,0.5556972005963325
FlexTok,imagenet,n10565667,256,0.21681265756487844,20.760654373168947,0.577888415157795
FlexTok,imagenet,n12267677,8,0.558904105424881,12.048059177398681,0.17257181935012336
FlexTok,imagenet,n12267677,16,0.5193738979101181,12.27116798400879,0.18131902672350403
FlexTok,imagenet,n12267677,32,0.47560264348983766,12.915933380126953,0.1998766797035932
FlexTok,imagenet,n12267677,64,0.4163257491588592,13.64967535018921,0.22766928538680073
FlexTok,imagenet,n12267677,96,0.37031039595603943,14.610471477508545,0.27103552907705303
FlexTok,imagenet,n12267677,128,0.32737849056720736,15.588398418426515,0.32040726751089094
FlexTok,imagenet,n12267677,160,0.306411098241806,16.070260562896728,0.3487837053835392
FlexTok,imagenet,n12267677,208,0.28508969485759733,16.635927047729492,0.38386854231357576
FlexTok,imagenet,n12267677,256,0.2585355335474014,17.612271003723144,0.4251424327492714
FlexTok,imagenet_r,n01443537,8,0.6100168412923813,11.7848739528656,0.31425540059804913
FlexTok,imagenet_r,n01443537,16,0.5680821877717972,12.095472736358643,0.3249835267663002
FlexTok,imagenet_r,n01443537,32,0.5068934726715087,12.762404174804688,0.34699152275919914
FlexTok,imagenet_r,n01443537,64,0.41257608771324156,13.806099710464478,0.39497491642832755
FlexTok,imagenet_r,n01443537,96,0.3547594690322876,14.842234306335449,0.4432695560157299
FlexTok,imagenet_r,n01443537,128,0.2997383794188499,15.832433223724365,0.49174705386161804
FlexTok,imagenet_r,n01443537,160,0.2697961343824863,16.400455284118653,0.5153541740775108
FlexTok,imagenet_r,n01443537,208,0.2366902111470699,17.040044841766356,0.5461704182624817
FlexTok,imagenet_r,n01443537,256,0.2000847858935594,18.18223056793213,0.582442706823349
FlexTok,imagenet_r,n01484850,8,0.5520407336950303,13.849756755828857,0.36290683567523957
FlexTok,imagenet_r,n01484850,16,0.5246391555666924,13.803462009429932,0.3606856791675091
FlexTok,imagenet_r,n01484850,32,0.46193628519773483,14.608778018951416,0.38692787289619446
FlexTok,imagenet_r,n01484850,64,0.3781147971749306,15.486391143798828,0.42464432001113894
FlexTok,imagenet_r,n01484850,96,0.33251239866018295,16.531014709472657,0.4714184807240963
FlexTok,imagenet_r,n01484850,128,0.2884690728783607,17.56367994308472,0.5193874272704124
FlexTok,imagenet_r,n01484850,160,0.27063988909125325,17.951972045898437,0.538694175183773
FlexTok,imagenet_r,n01484850,208,0.24068470090627667,18.492112274169923,0.5699168989062309
FlexTok,imagenet_r,n01484850,256,0.21139932274818418,19.6047340965271,0.5975622180104255
FlexTok,imagenet_r,n01494475,8,0.5607361751794815,14.230429878234863,0.38951613396406176
FlexTok,imagenet_r,n01494475,16,0.5245266282558441,14.238833713531495,0.38934650778770447
FlexTok,imagenet_r,n01494475,32,0.45906383007764817,15.24225664138794,0.43102575331926346
FlexTok,imagenet_r,n01494475,64,0.37351965248584745,16.231900539398193,0.4685406044125557
FlexTok,imagenet_r,n01494475,96,0.3258437773585319,17.203255405426024,0.5058270320296288
FlexTok,imagenet_r,n01494475,128,0.2820272499322891,18.17016736984253,0.5451463806629181
FlexTok,imagenet_r,n01494475,160,0.2608569249510765,18.582436447143554,0.567713460624218
FlexTok,imagenet_r,n01494475,208,0.23679383546113963,19.100234565734862,0.5976609146595001
FlexTok,imagenet_r,n01494475,256,0.21022230044007298,20.268235168457032,0.6290664422512054
FlexTok,imagenet_r,n01498041,8,0.5614342015981674,14.095183801651,0.41177635341882707
FlexTok,imagenet_r,n01498041,16,0.5126922941207885,14.22921570777893,0.4274858820438385
FlexTok,imagenet_r,n01498041,32,0.4485145479440689,15.017470083236695,0.4541606250405312
FlexTok,imagenet_r,n01498041,64,0.363641129732132,16.028221492767333,0.5038009369373322
FlexTok,imagenet_r,n01498041,96,0.30691969782114026,17.088257942199707,0.548151924610138
FlexTok,imagenet_r,n01498041,128,0.25666786998510355,18.316444931030272,0.593681572675705
FlexTok,imagenet_r,n01498041,160,0.23445469155907628,18.83567596435547,0.6179648065567016
FlexTok,imagenet_r,n01498041,208,0.21015649139881132,19.338954906463623,0.6457485657930374
FlexTok,imagenet_r,n01498041,256,0.18179429382085796,20.679812965393065,0.6787233823537826
FlexTok,imagenet_r,n01514859,8,0.5768201994895935,11.986180429458619,0.3353620732575655
FlexTok,imagenet_r,n01514859,16,0.5413785070180893,11.978371591567994,0.34055510692298413
FlexTok,imagenet_r,n01514859,32,0.48562111377716066,12.509166965484619,0.3667354017496109
FlexTok,imagenet_r,n01514859,64,0.40647730261087417,13.154565343856811,0.40840684086084367
FlexTok,imagenet_r,n01514859,96,0.3540890553593636,13.885894956588745,0.44709623992443087
FlexTok,imagenet_r,n01514859,128,0.3044202116131782,14.871592454910278,0.4944967168569565
FlexTok,imagenet_r,n01514859,160,0.280601212978363,15.224298038482665,0.5171930509805679
FlexTok,imagenet_r,n01514859,208,0.2494439740478992,15.83595542907715,0.5537480062246323
FlexTok,imagenet_r,n01514859,256,0.21663519173860546,16.80669158935547,0.5893432372808456
FlexTok,imagenet_r,n01518878,8,0.5490176719427109,12.473338022232056,0.4148434303700924
FlexTok,imagenet_r,n01518878,16,0.5014525240659714,12.546467161178589,0.44280960559844973
FlexTok,imagenet_r,n01518878,32,0.434956861436367,13.376102085113525,0.4717350573837757
FlexTok,imagenet_r,n01518878,64,0.3465025317668915,14.235034027099609,0.515440470725298
FlexTok,imagenet_r,n01518878,96,0.29623943924903867,15.131771793365479,0.5601053711771965
FlexTok,imagenet_r,n01518878,128,0.24957010239362712,16.095913410186768,0.606263213455677
FlexTok,imagenet_r,n01518878,160,0.22670766346156593,16.524328804016115,0.6309284290671349
FlexTok,imagenet_r,n01518878,208,0.20327963873744007,17.089935493469238,0.6621609845757485
FlexTok,imagenet_r,n01518878,256,0.17476600401103493,18.087320671081542,0.6927065697312355
FlexTok,imagenet_r,n01531178,8,0.5645934420824051,12.416974906921388,0.362870277389884
FlexTok,imagenet_r,n01531178,16,0.523321458697319,12.57326663017273,0.36692163430154323
FlexTok,imagenet_r,n01531178,32,0.4491335526108742,13.341751041412353,0.3971542432159185
FlexTok,imagenet_r,n01531178,64,0.3717800188064575,14.232175636291505,0.43783783972263335
FlexTok,imagenet_r,n01531178,96,0.3249194249510765,15.220635452270507,0.47638655245304107
FlexTok,imagenet_r,n01531178,128,0.2859319485723972,16.055252323150636,0.51194176197052
FlexTok,imagenet_r,n01531178,160,0.2615457351505756,16.603342151641847,0.5375680533051491
FlexTok,imagenet_r,n01531178,208,0.24082328513264653,17.09155637741089,0.5653708183765411
FlexTok,imagenet_r,n01531178,256,0.20960552312433717,18.12586618423462,0.5978463420271873
FlexTok,imagenet_r,n01534433,8,0.5076156815886498,14.075474271774292,0.4445228059589863
FlexTok,imagenet_r,n01534433,16,0.45881174445152284,14.4739360332489,0.4509467376768589
FlexTok,imagenet_r,n01534433,32,0.4014516970515251,15.225763187408447,0.4752227231860161
FlexTok,imagenet_r,n01534433,64,0.32112749084830283,16.439322891235353,0.5128769110143184
FlexTok,imagenet_r,n01534433,96,0.2781637063622474,17.446330699920654,0.5506194330751896
FlexTok,imagenet_r,n01534433,128,0.23985446989536283,18.45237331390381,0.5862500336766243
FlexTok,imagenet_r,n01534433,160,0.22147902265191075,18.941256637573243,0.6056091392040253
FlexTok,imagenet_r,n01534433,208,0.2084323531389236,19.31807554244995,0.627358982861042
FlexTok,imagenet_r,n01534433,256,0.1827390097081661,20.411153049468993,0.6532483345270157
FlexTok,imagenet_r,n01614925,8,0.5421347814798355,11.967241039276123,0.339193222746253
FlexTok,imagenet_r,n01614925,16,0.5058121383190155,12.348231601715089,0.3514219370484352
FlexTok,imagenet_r,n01614925,32,0.4409582170844078,13.101250667572021,0.37731395438313486
FlexTok,imagenet_r,n01614925,64,0.37500632643699644,13.828994274139404,0.41967109963297844
FlexTok,imagenet_r,n01614925,96,0.32526560992002485,14.86755163192749,0.46862868398427965
FlexTok,imagenet_r,n01614925,128,0.28150420337915416,15.91677484512329,0.506164456307888
FlexTok,imagenet_r,n01614925,160,0.2562732207775116,16.483692321777344,0.5334063175320626
FlexTok,imagenet_r,n01614925,208,0.23170758277177808,17.16045711517334,0.5653458026051521
FlexTok,imagenet_r,n01614925,256,0.20478258967399593,18.231163597106935,0.5940528029203415
FlexTok,imagenet_r,n01616318,8,0.5606995099782943,11.385154094696045,0.34818858876824377
FlexTok,imagenet_r,n01616318,16,0.5211932331323623,11.394360647201538,0.3622479917109013
FlexTok,imagenet_r,n01616318,32,0.45750082850456236,12.048610868453979,0.3941792458295822
FlexTok,imagenet_r,n01616318,64,0.3732831788063049,13.060970096588134,0.43816299706697465
FlexTok,imagenet_r,n01616318,96,0.31702123612165445,14.056728382110595,0.48647241443395617
FlexTok,imagenet_r,n01616318,128,0.2708520682156086,15.024334831237793,0.5268438991904258
FlexTok,imagenet_r,n01616318,160,0.24900830119848247,15.586866416931151,0.5526878458261489
FlexTok,imagenet_r,n01616318,208,0.22475887209177015,16.24411626815796,0.5828962242603302
FlexTok,imagenet_r,n01616318,256,0.19408037498593328,17.208010692596435,0.6158450365066528
FlexTok,imagenet_r,n01630670,8,0.5372773498296738,13.459729118347168,0.39513217598199846
FlexTok,imagenet_r,n01630670,16,0.5060531657934189,13.47174596786499,0.3994310960918665
FlexTok,imagenet_r,n01630670,32,0.4429121544957161,14.120351314544678,0.4295195025205612
FlexTok,imagenet_r,n01630670,64,0.34952797055244444,14.895373134613036,0.46921795129776
FlexTok,imagenet_r,n01630670,96,0.3065060099959373,15.740959510803222,0.5082490116357803
FlexTok,imagenet_r,n01630670,128,0.2640635906159877,16.66052885055542,0.546367384493351
FlexTok,imagenet_r,n01630670,160,0.24423460155725477,17.096268768310548,0.5652377697825431
FlexTok,imagenet_r,n01630670,208,0.22092555284500118,17.620818252563478,0.5916134104132652
FlexTok,imagenet_r,n01630670,256,0.19300090849399562,18.587264041900635,0.6238460198044777
FlexTok,imagenet_r,n01632777,8,0.5596234506368637,13.181849966049194,0.3866005988419056
FlexTok,imagenet_r,n01632777,16,0.5254054719209671,13.104037389755248,0.3946091002225876
FlexTok,imagenet_r,n01632777,32,0.4670065850019455,13.687887554168702,0.42400174617767333
FlexTok,imagenet_r,n01632777,64,0.38639325797557833,14.311439838409424,0.44922658808529375
FlexTok,imagenet_r,n01632777,96,0.33828633934259417,14.985054302215577,0.48655094832181933
FlexTok,imagenet_r,n01632777,128,0.2921761213243007,15.87271255493164,0.5336041475832463
FlexTok,imagenet_r,n01632777,160,0.2722905179858207,16.2477126121521,0.5579195985198021
FlexTok,imagenet_r,n01632777,208,0.2440986832976341,16.65741781234741,0.5902049830555915
FlexTok,imagenet_r,n01632777,256,0.2098444670438766,17.810485363006592,0.627899307012558
FlexTok,imagenet_r,n01644373,8,0.5341588592529297,13.108194770812988,0.3963469199836254
FlexTok,imagenet_r,n01644373,16,0.4853637802600861,13.2136106300354,0.3995440819859505
FlexTok,imagenet_r,n01644373,32,0.4232939419150352,13.836145401000977,0.42621408119797705
FlexTok,imagenet_r,n01644373,64,0.3555868172645568,14.577106647491455,0.4661846612393856
FlexTok,imagenet_r,n01644373,96,0.30511981964111323,15.660825862884522,0.5018716430664063
FlexTok,imagenet_r,n01644373,128,0.2624692484736442,16.562081851959228,0.5444721928238869
FlexTok,imagenet_r,n01644373,160,0.23959327965974805,17.10957305908203,0.5628577470779419
FlexTok,imagenet_r,n01644373,208,0.21678982511162753,17.714536018371582,0.594183951318264
FlexTok,imagenet_r,n01644373,256,0.19121712297201154,18.75575843811035,0.6253928542137146
FlexTok,imagenet_r,n01677366,8,0.5630762159824372,12.804309883117675,0.27428202062845225
FlexTok,imagenet_r,n01677366,16,0.5274973434209823,12.821886768341065,0.27700445778667926
FlexTok,imagenet_r,n01677366,32,0.4703150254487991,13.365085620880127,0.3031190954148769
FlexTok,imagenet_r,n01677366,64,0.39862611681222915,14.220009517669677,0.33482121661305425
FlexTok,imagenet_r,n01677366,96,0.36249045848846434,14.945657863616944,0.3684383940696716
FlexTok,imagenet_r,n01677366,128,0.32167600274086,15.690471382141114,0.4087250399589539
FlexTok,imagenet_r,n01677366,160,0.3013611316680908,16.12273485183716,0.43615405052900313
FlexTok,imagenet_r,n01677366,208,0.2780220782756805,16.680396404266357,0.46822734192013743
FlexTok,imagenet_r,n01677366,256,0.25152705326676367,17.511217651367186,0.5028907452523709
FlexTok,imagenet_r,n01694178,8,0.5536660009622574,12.267252140045166,0.3379066552221775
FlexTok,imagenet_r,n01694178,16,0.5038825291395187,12.454172496795655,0.35020765036344526
FlexTok,imagenet_r,n01694178,32,0.4440935668349266,13.139634246826171,0.3820235674083233
FlexTok,imagenet_r,n01694178,64,0.3706277513504028,13.93823902130127,0.416640343517065
FlexTok,imagenet_r,n01694178,96,0.32535248935222627,14.810263996124268,0.4590792027115822
FlexTok,imagenet_r,n01694178,128,0.2879642866551876,15.565053558349609,0.4945008137822151
FlexTok,imagenet_r,n01694178,160,0.2649941654503345,16.010716953277587,0.5191673719882965
FlexTok,imagenet_r,n01694178,208,0.23702004507184024,16.628811950683595,0.5538177013397216
FlexTok,imagenet_r,n01694178,256,0.20746801793575284,17.62425449371338,0.583730928003788
FlexTok,imagenet_r,n01748264,8,0.5556662368774414,12.017155857086182,0.2847430337965488
FlexTok,imagenet_r,n01748264,16,0.5206776285171508,12.267151231765746,0.2957405813038349
FlexTok,imagenet_r,n01748264,32,0.4558519321680069,12.951562232971192,0.32569114908576013
FlexTok,imagenet_r,n01748264,64,0.38217571914196014,13.763820247650147,0.3591498132050037
FlexTok,imagenet_r,n01748264,96,0.3352861922979355,14.56344331741333,0.39897137954831124
FlexTok,imagenet_r,n01748264,128,0.2955413818359375,15.497322025299072,0.4401308472454548
FlexTok,imagenet_r,n01748264,160,0.27466264173388477,15.949962863922119,0.46826986253261565
FlexTok,imagenet_r,n01748264,208,0.2498725253343582,16.47928010940552,0.5027208814024925
FlexTok,imagenet_r,n01748264,256,0.22298801898956294,17.394156646728515,0.5361093020439148
FlexTok,imagenet_r,n01770393,8,0.5539499992132186,13.187565240859985,0.3600091645121574
FlexTok,imagenet_r,n01770393,16,0.5154120343923568,13.2198184299469,0.3669277735054493
FlexTok,imagenet_r,n01770393,32,0.44594896674156187,14.054321193695069,0.3938454350829124
FlexTok,imagenet_r,n01770393,64,0.36768017113208773,14.836944046020507,0.42810653626918793
FlexTok,imagenet_r,n01770393,96,0.32159477204084397,15.707258319854736,0.46687270775437356
FlexTok,imagenet_r,n01770393,128,0.28296622395515436,16.541261501312256,0.5066661494970321
FlexTok,imagenet_r,n01770393,160,0.2610148155689239,16.990186443328856,0.5308545362949372
FlexTok,imagenet_r,n01770393,208,0.23755257472395894,17.602279891967772,0.5631255203485489
FlexTok,imagenet_r,n01770393,256,0.20978295549750325,18.537117137908936,0.5924606189131737
FlexTok,imagenet_r,n01774750,8,0.5674885481595993,12.016404876708984,0.28277712568640706
FlexTok,imagenet_r,n01774750,16,0.5317810922861099,12.05161217689514,0.2856279526650905
FlexTok,imagenet_r,n01774750,32,0.4797374600172043,12.71786316871643,0.32277338273823264
FlexTok,imagenet_r,n01774750,64,0.3905127987265587,13.559407482147217,0.36344084426760676
FlexTok,imagenet_r,n01774750,96,0.34857143729925155,14.346469583511352,0.40988494247198104
FlexTok,imagenet_r,n01774750,128,0.3042753681540489,15.238762474060058,0.4516408170759678
FlexTok,imagenet_r,n01774750,160,0.2816121262311935,15.71692440032959,0.47838215723633765
FlexTok,imagenet_r,n01774750,208,0.2554705566167831,16.24837785720825,0.5160678595304489
FlexTok,imagenet_r,n01774750,256,0.22618068918585774,17.215888748168947,0.5495570632815361
FlexTok,imagenet_r,n01784675,8,0.5279064774513245,14.132124996185302,0.37308185383677483
FlexTok,imagenet_r,n01784675,16,0.48095539689064026,14.465887241363525,0.3789267225563526
FlexTok,imagenet_r,n01784675,32,0.4264160257577896,14.780475234985351,0.39662076890468595
FlexTok,imagenet_r,n01784675,64,0.35121293663978576,15.693672676086425,0.42762074746191503
FlexTok,imagenet_r,n01784675,96,0.3138120999932289,16.49967161178589,0.4599577443301678
FlexTok,imagenet_r,n01784675,128,0.27733344897627826,17.24991325378418,0.4930490629374981
FlexTok,imagenet_r,n01784675,160,0.25893701985478396,17.653713150024416,0.5125358279049397
FlexTok,imagenet_r,n01784675,208,0.2348102736473083,18.185084381103515,0.5416632115840911
FlexTok,imagenet_r,n01784675,256,0.20681364357471463,19.05751426696777,0.5697165548801422
FlexTok,imagenet_r,n01806143,8,0.5685583138465882,12.220892429351807,0.26545767098665235
FlexTok,imagenet_r,n01806143,16,0.5315902119874955,12.2039031124115,0.2717692763358354
FlexTok,imagenet_r,n01806143,32,0.47317277431488036,12.765955257415772,0.29232293143868443
FlexTok,imagenet_r,n01806143,64,0.4060350322723389,13.490119409561157,0.3175963108241558
FlexTok,imagenet_r,n01806143,96,0.36651663184165956,14.066752033233643,0.3495195758342743
FlexTok,imagenet_r,n01806143,128,0.328096027970314,14.856011123657227,0.38642453998327253
FlexTok,imagenet_r,n01806143,160,0.30433438003063196,15.258950824737548,0.4116669969260693
FlexTok,imagenet_r,n01806143,208,0.27731664031744,15.684835700988769,0.4474288855493069
FlexTok,imagenet_r,n01806143,256,0.24885159566998477,16.592085781097413,0.48200122371315957
FlexTok,imagenet_r,n01820546,8,0.5763558357954025,11.7202161693573,0.30132164411246776
FlexTok,imagenet_r,n01820546,16,0.5208177757263184,12.18828004837036,0.3170503298938274
FlexTok,imagenet_r,n01820546,32,0.45403832584619525,13.173985719680786,0.35296054996550086
FlexTok,imagenet_r,n01820546,64,0.38131989032030106,14.258220977783203,0.388071171939373
FlexTok,imagenet_r,n01820546,96,0.32717680633068086,15.454254570007324,0.4368040630966425
FlexTok,imagenet_r,n01820546,128,0.27971691623330114,16.560575790405274,0.4799655857682228
FlexTok,imagenet_r,n01820546,160,0.2584829807281494,17.113826446533203,0.5043245317041873
FlexTok,imagenet_r,n01820546,208,0.23436909869313235,17.66431203842163,0.5316265676915646
FlexTok,imagenet_r,n01820546,256,0.20858603417873378,18.72397388458252,0.5623117071390152
FlexTok,imagenet_r,n01833805,8,0.5762733620405197,12.588206357955933,0.38512171849608423
FlexTok,imagenet_r,n01833805,16,0.5286602604389191,12.754154605865478,0.3928940838575363
FlexTok,imagenet_r,n01833805,32,0.461276119351387,13.520692958831788,0.42416572973132133
FlexTok,imagenet_r,n01833805,64,0.37942015349864955,14.329992179870606,0.4651213961839676
FlexTok,imagenet_r,n01833805,96,0.32797249853610994,15.282683773040771,0.5061345714330673
FlexTok,imagenet_r,n01833805,128,0.28479865729808806,16.179197521209716,0.5452024522423744
FlexTok,imagenet_r,n01833805,160,0.2624732466042041,16.70178192138672,0.568012660741806
FlexTok,imagenet_r,n01833805,208,0.235571257174015,17.32200984954834,0.5975152531266212
FlexTok,imagenet_r,n01833805,256,0.2035171820223331,18.485416145324706,0.6305825591087342
FlexTok,imagenet_r,n01843383,8,0.5738104152679443,11.449478387832642,0.315281283929944
FlexTok,imagenet_r,n01843383,16,0.5323056882619858,11.687016830444335,0.3257527083903551
FlexTok,imagenet_r,n01843383,32,0.4711278197169304,12.521734476089478,0.3562673472613096
FlexTok,imagenet_r,n01843383,64,0.3919947430491447,13.499815139770508,0.40066804401576517
FlexTok,imagenet_r,n01843383,96,0.3314003187417984,14.770117559432983,0.4552109980583191
FlexTok,imagenet_r,n01843383,128,0.2797909455001354,16.04526746749878,0.5044615995883942
FlexTok,imagenet_r,n01843383,160,0.2579343996942043,16.63546546936035,0.5305760630965233
FlexTok,imagenet_r,n01843383,208,0.22729708224534984,17.46928871154785,0.5663224822282791
FlexTok,imagenet_r,n01843383,256,0.19739951692521568,18.69294090270996,0.6048180764913559
FlexTok,imagenet_r,n01847000,8,0.5685462194681168,13.14693780899048,0.3899369655549526
FlexTok,imagenet_r,n01847000,16,0.528965003490448,13.299740619659424,0.39744366839528084
FlexTok,imagenet_r,n01847000,32,0.463502277135849,14.033589782714843,0.42534999415278435
FlexTok,imagenet_r,n01847000,64,0.37027428597211837,15.096444206237793,0.4688238252699375
FlexTok,imagenet_r,n01847000,96,0.31567380428314207,16.194619274139406,0.5180530002713204
FlexTok,imagenet_r,n01847000,128,0.2682348924875259,17.136717433929444,0.5619148069620132
FlexTok,imagenet_r,n01847000,160,0.23831442490220067,17.766807746887206,0.5881563818454743
FlexTok,imagenet_r,n01847000,208,0.21266158968210216,18.44263792037964,0.6179264363646507
FlexTok,imagenet_r,n01847000,256,0.18053012542426583,19.683769588470458,0.6518891802430153
FlexTok,imagenet_r,n01855672,8,0.5504842346906662,12.333722581863404,0.3821371125429869
FlexTok,imagenet_r,n01855672,16,0.5145724290609359,12.689039869308472,0.3936530890315771
FlexTok,imagenet_r,n01855672,32,0.44389752149581907,13.50858819961548,0.4220057770609856
FlexTok,imagenet_r,n01855672,64,0.37007979333400726,14.470135078430175,0.4666926310956478
FlexTok,imagenet_r,n01855672,96,0.31365084826946255,15.875874824523926,0.5133813771605492
FlexTok,imagenet_r,n01855672,128,0.26874652221798895,16.99694664001465,0.5606908026337624
FlexTok,imagenet_r,n01855672,160,0.24462269738316533,17.67792663574219,0.5871521165966987
FlexTok,imagenet_r,n01855672,208,0.22376052513718603,18.10510622024536,0.612923976778984
FlexTok,imagenet_r,n01855672,256,0.19183917894959446,19.540562553405763,0.6459286662936211
FlexTok,imagenet_r,n01860187,8,0.5621159946918488,12.131199741363526,0.3317926974967122
FlexTok,imagenet_r,n01860187,16,0.5203611016273498,12.395416193008423,0.3420688246563077
FlexTok,imagenet_r,n01860187,32,0.46386405169963835,13.024194812774658,0.3747146210819483
FlexTok,imagenet_r,n01860187,64,0.37973732441663743,13.891317024230958,0.41984667763113975
FlexTok,imagenet_r,n01860187,96,0.3261780499666929,15.076513004302978,0.4656876358389854
FlexTok,imagenet_r,n01860187,128,0.27970052182674404,16.33075616836548,0.5185887661576271
FlexTok,imagenet_r,n01860187,160,0.2549943624436855,16.894059314727784,0.5475263527035713
FlexTok,imagenet_r,n01860187,208,0.22819140180945394,17.62085958480835,0.5790141582489013
FlexTok,imagenet_r,n01860187,256,0.19819301843643186,18.847539825439455,0.6166148698329925
FlexTok,imagenet_r,n01882714,8,0.5738645625114441,11.908634767532348,0.32811965674161914
FlexTok,imagenet_r,n01882714,16,0.5423072999715806,11.958036708831788,0.3316992685198784
FlexTok,imagenet_r,n01882714,32,0.4755518811941147,12.611440658569336,0.35992279842495917
FlexTok,imagenet_r,n01882714,64,0.39610700875520705,13.355736751556396,0.3955456766486168
FlexTok,imagenet_r,n01882714,96,0.34325509011745453,14.339186515808105,0.4458068236708641
FlexTok,imagenet_r,n01882714,128,0.29426087975502013,15.402472972869873,0.49768772184848786
FlexTok,imagenet_r,n01882714,160,0.26955420225858684,15.920329608917235,0.5262789312005043
FlexTok,imagenet_r,n01882714,208,0.23849855139851567,16.673930053710937,0.5677166324853897
FlexTok,imagenet_r,n01882714,256,0.20648350656032557,17.82318929672241,0.6073710691928863
FlexTok,imagenet_r,n01910747,8,0.530697962641716,13.917573328018188,0.3971159263700247
FlexTok,imagenet_r,n01910747,16,0.4983469599485397,13.664521646499633,0.3958289251476526
FlexTok,imagenet_r,n01910747,32,0.4355178862810135,14.29220048904419,0.41942149847745896
FlexTok,imagenet_r,n01910747,64,0.3647171041369438,14.97931516647339,0.4533438991010189
FlexTok,imagenet_r,n01910747,96,0.3198449072241783,15.618743629455567,0.4920368665456772
FlexTok,imagenet_r,n01910747,128,0.27441722035408017,16.45570734024048,0.533261870443821
FlexTok,imagenet_r,n01910747,160,0.2502680855989456,16.82034559249878,0.5572626468539238
FlexTok,imagenet_r,n01910747,208,0.22842845037579532,17.10025421142578,0.58981590539217
FlexTok,imagenet_r,n01910747,256,0.19323768064379687,18.35991788864136,0.6293028390407562
FlexTok,imagenet_r,n01944390,8,0.5630803829431534,13.24977502822876,0.36280166417360304
FlexTok,imagenet_r,n01944390,16,0.5267616832256317,13.33232572555542,0.36512038797140123
FlexTok,imagenet_r,n01944390,32,0.4538504657149315,14.340224123001098,0.39659646049141883
FlexTok,imagenet_r,n01944390,64,0.3709560120105743,15.32582034111023,0.4308057025074959
FlexTok,imagenet_r,n01944390,96,0.31499660521745676,16.397345266342164,0.4795302549004555
FlexTok,imagenet_r,n01944390,128,0.2688269010186195,17.543985977172852,0.5334394717216492
FlexTok,imagenet_r,n01944390,160,0.2445618006587028,18.09990119934082,0.5591657280921936
FlexTok,imagenet_r,n01944390,208,0.21719666108489033,18.778837451934816,0.5937451666593552
FlexTok,imagenet_r,n01944390,256,0.19043004527688023,19.93855218887329,0.6290562796592712
FlexTok,imagenet_r,n01983481,8,0.5655501109361648,12.981290445327758,0.3326930928602815
FlexTok,imagenet_r,n01983481,16,0.5164320236444473,13.162631225585937,0.3394550099223852
FlexTok,imagenet_r,n01983481,32,0.456342521905899,13.739649085998535,0.3611378671228886
FlexTok,imagenet_r,n01983481,64,0.3840327736735344,14.51681427001953,0.39463560603559017
FlexTok,imagenet_r,n01983481,96,0.3341218450665474,15.405367450714111,0.4376517660915852
FlexTok,imagenet_r,n01983481,128,0.290466431081295,16.28605800628662,0.4796660867333412
FlexTok,imagenet_r,n01983481,160,0.26855235934257504,16.752411441802977,0.5039711514115334
FlexTok,imagenet_r,n01983481,208,0.24508660942316052,17.21564479827881,0.5351362192630768
FlexTok,imagenet_r,n01983481,256,0.21258360609412189,18.318510818481446,0.5723223388195038
FlexTok,imagenet_r,n01986214,8,0.5622365683317184,11.647023906707764,0.33122102700173855
FlexTok,imagenet_r,n01986214,16,0.522828122973442,11.651915864944458,0.33822969153523447
FlexTok,imagenet_r,n01986214,32,0.45748252034187314,12.237821063995362,0.3716226924955845
FlexTok,imagenet_r,n01986214,64,0.37673006653785707,12.963462352752686,0.4096957790851593
FlexTok,imagenet_r,n01986214,96,0.33072413593530653,13.689929180145263,0.4507816518843174
FlexTok,imagenet_r,n01986214,128,0.28783544898033137,14.520069179534913,0.49254737824201583
FlexTok,imagenet_r,n01986214,160,0.26152079477906226,15.108423080444336,0.5224540436267853
FlexTok,imagenet_r,n01986214,208,0.23594393000006672,15.796299285888672,0.5597182351350785
FlexTok,imagenet_r,n01986214,256,0.204683029204607,16.680510768890382,0.5945961749553681
FlexTok,imagenet_r,n02007558,8,0.5813649946451187,12.308029127120971,0.3098570859059691
FlexTok,imagenet_r,n02007558,16,0.5356739377975464,12.597567644119263,0.3141047853976488
FlexTok,imagenet_r,n02007558,32,0.4723470801115036,13.278608531951905,0.3407541876658797
FlexTok,imagenet_r,n02007558,64,0.3950960773229599,14.096951122283935,0.36685045436024666
FlexTok,imagenet_r,n02007558,96,0.34723251312971115,14.996421699523927,0.41011451184749603
FlexTok,imagenet_r,n02007558,128,0.30097352430224417,15.950776023864746,0.4552837146818638
FlexTok,imagenet_r,n02007558,160,0.27751006394624705,16.490351696014404,0.48153134047985074
FlexTok,imagenet_r,n02007558,208,0.25155539199709886,17.087910289764405,0.5155348658561707
FlexTok,imagenet_r,n02007558,256,0.21765445604920383,18.12549118041992,0.5522933322191238
FlexTok,imagenet_r,n02009912,8,0.5260184437036515,14.563209171295165,0.3963117019832134
FlexTok,imagenet_r,n02009912,16,0.4873612010478973,14.988786659240724,0.4074790289998054
FlexTok,imagenet_r,n02009912,32,0.4158167362213135,16.025118408203124,0.4323196625709534
FlexTok,imagenet_r,n02009912,64,0.34436173021793365,17.090833415985106,0.4612890210747719
FlexTok,imagenet_r,n02009912,96,0.2968174892663955,18.170186653137208,0.5037936407327652
FlexTok,imagenet_r,n02009912,128,0.2624545620381832,19.06947624206543,0.5423237457871437
FlexTok,imagenet_r,n02009912,160,0.24294444799423215,19.543350296020506,0.5624667632579804
FlexTok,imagenet_r,n02009912,208,0.22743216067552563,19.872610836029054,0.5830618405342102
FlexTok,imagenet_r,n02009912,256,0.20201041296124456,21.0157190322876,0.6148974806070328
FlexTok,imagenet_r,n02051845,8,0.5736529833078384,12.446121559143066,0.33299736857414247
FlexTok,imagenet_r,n02051845,16,0.5270641499757767,12.640610656738282,0.34198031842708587
FlexTok,imagenet_r,n02051845,32,0.45957858860492706,13.39711700439453,0.37747803404927255
FlexTok,imagenet_r,n02051845,64,0.37626801043748853,14.565589237213135,0.4196031752228737
FlexTok,imagenet_r,n02051845,96,0.3229540967941284,15.738737754821777,0.46869629830121995
FlexTok,imagenet_r,n02051845,128,0.2734162692725658,16.74246700286865,0.5145547839999199
FlexTok,imagenet_r,n02051845,160,0.24970876589417454,17.33352502822876,0.5414130827784538
FlexTok,imagenet_r,n02051845,208,0.22475765019655225,18.048275775909424,0.5730592459440231
FlexTok,imagenet_r,n02051845,256,0.19934797711670396,19.213699321746827,0.606066352725029
FlexTok,imagenet_r,n02056570,8,0.5543489050865174,11.986468906402587,0.3689346720278263
FlexTok,imagenet_r,n02056570,16,0.5224774670600891,12.221797542572022,0.379295637011528
FlexTok,imagenet_r,n02056570,32,0.4605906003713608,12.948424081802369,0.4076018866896629
FlexTok,imagenet_r,n02056570,64,0.3854895702004433,13.933144474029541,0.45308479815721514
FlexTok,imagenet_r,n02056570,96,0.3286601428687572,15.223463554382324,0.5053257718682289
FlexTok,imagenet_r,n02056570,128,0.2817278335988521,16.47312488555908,0.5537132483720779
FlexTok,imagenet_r,n02056570,160,0.25609457492828364,17.072699375152588,0.5786179596185684
FlexTok,imagenet_r,n02056570,208,0.23149682104587552,17.711030807495117,0.6119237679243088
FlexTok,imagenet_r,n02056570,256,0.19821517378091807,19.017794494628905,0.6471617102622986
FlexTok,imagenet_r,n02066245,8,0.5499946290254593,14.14722053527832,0.40238207280635835
FlexTok,imagenet_r,n02066245,16,0.503186028599739,14.417864284515382,0.412778407484293
FlexTok,imagenet_r,n02066245,32,0.43451785296201706,15.141689853668213,0.44124026790261267
FlexTok,imagenet_r,n02066245,64,0.34605512708425523,16.384524593353273,0.48440090253949164
FlexTok,imagenet_r,n02066245,96,0.29416668534278867,17.732333068847655,0.5334538409113884
FlexTok,imagenet_r,n02066245,128,0.2517970578372478,18.891012573242186,0.5728115573525429
FlexTok,imagenet_r,n02066245,160,0.23392365455627437,19.329894428253173,0.5918647274374962
FlexTok,imagenet_r,n02066245,208,0.21522669374942777,19.760529136657716,0.6163394173979759
FlexTok,imagenet_r,n02066245,256,0.18812830634415145,20.918577785491944,0.6423387569189072
FlexTok,imagenet_r,n02071294,8,0.5573248195648194,11.858186569213867,0.3796865376085043
FlexTok,imagenet_r,n02071294,16,0.5116936558485031,11.979865856170655,0.3962659838795662
FlexTok,imagenet_r,n02071294,32,0.45542859852313994,12.57307032585144,0.43101437121629715
FlexTok,imagenet_r,n02071294,64,0.37798192858695984,13.339900569915772,0.47479375392198564
FlexTok,imagenet_r,n02071294,96,0.31814546704292296,14.719316120147704,0.5308638922870159
FlexTok,imagenet_r,n02071294,128,0.26857396870851513,16.109625415802,0.5792264974117279
FlexTok,imagenet_r,n02071294,160,0.24311135068535802,16.83970397949219,0.6059738138318062
FlexTok,imagenet_r,n02071294,208,0.21191983401775358,17.9346661567688,0.6393802419304848
FlexTok,imagenet_r,n02071294,256,0.18308161035180087,19.198885955810546,0.6736264902353287
FlexTok,imagenet_r,n02077923,8,0.5498608243465424,13.897823505401611,0.37990427285432815
FlexTok,imagenet_r,n02077923,16,0.5091469824314118,14.115130882263184,0.3871127544343472
FlexTok,imagenet_r,n02077923,32,0.44132706165313723,15.098067569732667,0.4173397171497345
FlexTok,imagenet_r,n02077923,64,0.35867407828569414,16.123566341400146,0.4539809350669384
FlexTok,imagenet_r,n02077923,96,0.31124646604061124,17.18522075653076,0.4974718365073204
FlexTok,imagenet_r,n02077923,128,0.26666003510355946,18.243725090026857,0.5364857551455497
FlexTok,imagenet_r,n02077923,160,0.2456114941835403,18.802323265075685,0.5607795959711075
FlexTok,imagenet_r,n02077923,208,0.22142241567373272,19.46706838607788,0.5877331608533859
FlexTok,imagenet_r,n02077923,256,0.1929722528904676,20.492928943634034,0.617744751572609
FlexTok,imagenet_r,n02085620,8,0.5690410351753235,12.582194938659669,0.31068668253719806
FlexTok,imagenet_r,n02085620,16,0.52429308116436,12.896289157867432,0.33425770826637746
FlexTok,imagenet_r,n02085620,32,0.45684257805347445,13.722469787597657,0.3564540331065655
FlexTok,imagenet_r,n02085620,64,0.38083871245384215,14.655840301513672,0.3935043390095234
FlexTok,imagenet_r,n02085620,96,0.32949171125888826,15.644099979400634,0.4414418038725853
FlexTok,imagenet_r,n02085620,128,0.2796558663249015,16.58658296585083,0.4818582025170326
FlexTok,imagenet_r,n02085620,160,0.2571496999263763,17.13176586151123,0.5086326944828033
FlexTok,imagenet_r,n02085620,208,0.23444940298795697,17.723297843933107,0.5398981186747551
FlexTok,imagenet_r,n02085620,256,0.20547627031803128,18.75359386444092,0.5744892686605454
FlexTok,imagenet_r,n02086240,8,0.5317212557792663,13.062732515335084,0.2958503714203834
FlexTok,imagenet_r,n02086240,16,0.4877421164512634,13.23376420021057,0.3086535426974296
FlexTok,imagenet_r,n02086240,32,0.4330046343803406,13.916023683547973,0.3367342939227819
FlexTok,imagenet_r,n02086240,64,0.35901704132556916,14.659561347961425,0.3709421986341476
FlexTok,imagenet_r,n02086240,96,0.31694073766469955,15.599374313354492,0.4134368771314621
FlexTok,imagenet_r,n02086240,128,0.28025041818618773,16.56963508605957,0.4574858498573303
FlexTok,imagenet_r,n02086240,160,0.26076486140489574,17.074407844543458,0.48253898322582245
FlexTok,imagenet_r,n02086240,208,0.24165111213922497,17.582277526855467,0.5139109814167022
FlexTok,imagenet_r,n02086240,256,0.21283072009682652,18.660564956665038,0.551098148226738
FlexTok,imagenet_r,n02088094,8,0.5465975600481033,12.937323303222657,0.3466946365684271
FlexTok,imagenet_r,n02088094,16,0.48791023671627043,13.258980140686035,0.3555385480076075
FlexTok,imagenet_r,n02088094,32,0.42418106019496915,13.9372043800354,0.38582136705517767
FlexTok,imagenet_r,n02088094,64,0.35441447168588636,14.823141269683838,0.41610210090875627
FlexTok,imagenet_r,n02088094,96,0.3090502709150314,15.74692476272583,0.4591959711909294
FlexTok,imagenet_r,n02088094,128,0.2693867284059524,16.709965724945068,0.5054421856999397
FlexTok,imagenet_r,n02088094,160,0.24678441196680065,17.2132647895813,0.5325162151455879
FlexTok,imagenet_r,n02088094,208,0.22539184197783466,17.812209091186524,0.5677549040317535
FlexTok,imagenet_r,n02088094,256,0.1947505436837673,18.855147533416748,0.6038632786273956
FlexTok,imagenet_r,n02088238,8,0.5577667385339737,11.603470783233643,0.32939436737447975
FlexTok,imagenet_r,n02088238,16,0.520543839931488,11.8923468875885,0.34367013424634935
FlexTok,imagenet_r,n02088238,32,0.4509023332595825,12.908489294052124,0.38347190275788307
FlexTok,imagenet_r,n02088238,64,0.364097295999527,13.819313011169434,0.43302196487784383
FlexTok,imagenet_r,n02088238,96,0.3066268411278724,14.944185104370117,0.4804398086667061
FlexTok,imagenet_r,n02088238,128,0.26394036203622817,16.09841697692871,0.5287041768431664
FlexTok,imagenet_r,n02088238,160,0.24175575196743007,16.790730266571046,0.5567030587792396
FlexTok,imagenet_r,n02088238,208,0.21696271061897274,17.60503547668457,0.5895025902986526
FlexTok,imagenet_r,n02088238,256,0.18901076436042782,18.645361804962157,0.6229299962520599
FlexTok,imagenet_r,n02088364,8,0.5289633893966674,12.444916934967042,0.3673422279953957
FlexTok,imagenet_r,n02088364,16,0.4773034882545471,12.819278526306153,0.3849238964915276
FlexTok,imagenet_r,n02088364,32,0.41904042661190033,13.78296573638916,0.4141758942604065
FlexTok,imagenet_r,n02088364,64,0.33959778666496276,14.99485975265503,0.4632360318303108
FlexTok,imagenet_r,n02088364,96,0.29252524912357325,16.27061674118042,0.5084012696146964
FlexTok,imagenet_r,n02088364,128,0.24645731329917905,17.52445833206177,0.5518837010860443
FlexTok,imagenet_r,n02088364,160,0.2250434753298759,18.187815284729005,0.5764608949422836
FlexTok,imagenet_r,n02088364,208,0.20477268561720843,18.993239822387697,0.6080923527479172
FlexTok,imagenet_r,n02088364,256,0.17805423855781552,20.26871105194092,0.6388019609451294
FlexTok,imagenet_r,n02088466,8,0.48894542872905733,12.461914167404174,0.3478152060508728
FlexTok,imagenet_r,n02088466,16,0.4469007122516632,12.843017816543579,0.360701393187046
FlexTok,imagenet_r,n02088466,32,0.39181255966424944,13.393300666809083,0.38030875265598296
FlexTok,imagenet_r,n02088466,64,0.334321865439415,14.101251621246337,0.41192343294620515
FlexTok,imagenet_r,n02088466,96,0.2964404988288879,14.994676742553711,0.45165210485458374
FlexTok,imagenet_r,n02088466,128,0.26151095017790793,15.954606456756592,0.49194429725408556
FlexTok,imagenet_r,n02088466,160,0.23809212729334828,16.548979225158693,0.5183251556754113
FlexTok,imagenet_r,n02088466,208,0.21967959880828855,17.139982604980467,0.5520575827360154
FlexTok,imagenet_r,n02088466,256,0.19321546822786329,18.22839221954346,0.5828895428776741
FlexTok,imagenet_r,n02091032,8,0.49922258913517,13.533194828033448,0.38816778749227526
FlexTok,imagenet_r,n02091032,16,0.4572384592890739,13.810969734191895,0.4067852078378201
FlexTok,imagenet_r,n02091032,32,0.3998856142163277,14.469729995727539,0.42650816395878793
FlexTok,imagenet_r,n02091032,64,0.336152303814888,15.46285322189331,0.46094481721520425
FlexTok,imagenet_r,n02091032,96,0.29328331828117365,16.381490058898926,0.5012232953310013
FlexTok,imagenet_r,n02091032,128,0.2559431010484695,17.379709949493407,0.5393071547150612
FlexTok,imagenet_r,n02091032,160,0.23653641611337659,17.931898040771486,0.5627347779273987
FlexTok,imagenet_r,n02091032,208,0.21918362647294995,18.419911708831787,0.5906843274831772
FlexTok,imagenet_r,n02091032,256,0.19179988950490948,19.547182865142823,0.6228013283014298
FlexTok,imagenet_r,n02091134,8,0.5200433814525605,14.296293048858642,0.424745506644249
FlexTok,imagenet_r,n02091134,16,0.4757684987783432,14.337262096405029,0.4339822156727314
FlexTok,imagenet_r,n02091134,32,0.41043893098831175,15.13424669265747,0.45822967410087584
FlexTok,imagenet_r,n02091134,64,0.3367616525292397,16.151209812164307,0.49616378486156465
FlexTok,imagenet_r,n02091134,96,0.29233938902616496,17.044173221588135,0.532335302233696
FlexTok,imagenet_r,n02091134,128,0.25143628925085065,17.91232919692993,0.5691895040869713
FlexTok,imagenet_r,n02091134,160,0.23721569240093227,18.290129222869872,0.5890675953030586
FlexTok,imagenet_r,n02091134,208,0.2178599007427692,18.803667545318604,0.6207804304361343
FlexTok,imagenet_r,n02091134,256,0.1892423194646835,19.86124948501587,0.6495616000890732
FlexTok,imagenet_r,n02092339,8,0.5097590190172195,14.58270658493042,0.3167562029510736
FlexTok,imagenet_r,n02092339,16,0.4712158268690109,14.717228393554688,0.3285234409570694
FlexTok,imagenet_r,n02092339,32,0.4231617397069931,15.411083278656006,0.3493452632427216
FlexTok,imagenet_r,n02092339,64,0.3528854364156723,16.296545009613038,0.3815589578449726
FlexTok,imagenet_r,n02092339,96,0.3135270810127258,17.12050645828247,0.4218243969976902
FlexTok,imagenet_r,n02092339,128,0.2749290987849235,18.209830837249754,0.46515251725912093
FlexTok,imagenet_r,n02092339,160,0.2561464276909828,18.62144006729126,0.4861018243432045
FlexTok,imagenet_r,n02092339,208,0.23951404750347133,19.00800022125244,0.513426017165184
FlexTok,imagenet_r,n02092339,256,0.2150472086668014,20.138194065093995,0.546943471133709
FlexTok,imagenet_r,n02094433,8,0.4848661917448044,13.264093685150147,0.2912390047311783
FlexTok,imagenet_r,n02094433,16,0.44740319639444354,13.77630542755127,0.30549294888973233
FlexTok,imagenet_r,n02094433,32,0.394744293987751,14.549920825958251,0.3293938346207142
FlexTok,imagenet_r,n02094433,64,0.33043613091111185,15.37856170654297,0.3634753865003586
FlexTok,imagenet_r,n02094433,96,0.2911017227172851,16.28615713119507,0.4034072658419609
FlexTok,imagenet_r,n02094433,128,0.2611726531386375,17.029690742492676,0.43727883249521254
FlexTok,imagenet_r,n02094433,160,0.24467015877366063,17.48088680267334,0.45870778799057005
FlexTok,imagenet_r,n02094433,208,0.2264920490980148,17.960336627960206,0.48742654621601106
FlexTok,imagenet_r,n02094433,256,0.20254064112901685,18.86522481918335,0.5199322438240052
FlexTok,imagenet_r,n02096585,8,0.5384751588106156,10.665632524490356,0.3030030378699302
FlexTok,imagenet_r,n02096585,16,0.4989864081144333,10.770000324249267,0.3129594705253839
FlexTok,imagenet_r,n02096585,32,0.4301210471987724,11.660998525619506,0.34719053097069263
FlexTok,imagenet_r,n02096585,64,0.3611713084578514,12.507631015777587,0.3866765020787716
FlexTok,imagenet_r,n02096585,96,0.3125913102924823,13.649120121002197,0.43222401186823844
FlexTok,imagenet_r,n02096585,128,0.2721761447191238,14.838284511566162,0.4838889630138874
FlexTok,imagenet_r,n02096585,160,0.25092271685600276,15.581951808929443,0.5132189375162125
FlexTok,imagenet_r,n02096585,208,0.2259566619992256,16.59912935256958,0.551105252802372
FlexTok,imagenet_r,n02096585,256,0.19962176039814947,17.67443675994873,0.5865234506130218
FlexTok,imagenet_r,n02097298,8,0.5272219938039779,12.75838119506836,0.31145333811640735
FlexTok,imagenet_r,n02097298,16,0.4716244202852249,13.310639362335206,0.3324821801483631
FlexTok,imagenet_r,n02097298,32,0.4124410617351532,14.054891967773438,0.3600949454307556
FlexTok,imagenet_r,n02097298,64,0.3437123614549637,14.954393100738525,0.3986143232882023
FlexTok,imagenet_r,n02097298,96,0.3022291129827499,15.930103092193603,0.44097816735506057
FlexTok,imagenet_r,n02097298,128,0.25985798269510263,17.012343826293947,0.47643557757139204
FlexTok,imagenet_r,n02097298,160,0.23933658003807065,17.57955364227295,0.5004749247431755
FlexTok,imagenet_r,n02097298,208,0.21950829967856403,18.147793197631835,0.5268853634595871
FlexTok,imagenet_r,n02097298,256,0.1933971071243286,19.25522005081177,0.5577136921882629
FlexTok,imagenet_r,n02098286,8,0.5266730326414109,13.255068855285645,0.29818204089999195
FlexTok,imagenet_r,n02098286,16,0.48636431515216827,13.454652862548828,0.3098250808566808
FlexTok,imagenet_r,n02098286,32,0.42273032188415527,14.303719539642334,0.334380616247654
FlexTok,imagenet_r,n02098286,64,0.3588171061873436,15.247675819396973,0.36934866845607756
FlexTok,imagenet_r,n02098286,96,0.3214050778746605,16.06568119049072,0.40520796716213225
FlexTok,imagenet_r,n02098286,128,0.28625974759459494,16.973832530975344,0.44535547733306885
FlexTok,imagenet_r,n02098286,160,0.2664014323055744,17.37525821685791,0.468402644097805
FlexTok,imagenet_r,n02098286,208,0.24359287962317464,17.910929012298585,0.49981601297855377
FlexTok,imagenet_r,n02098286,256,0.21805768102407452,18.95178466796875,0.5323869150876999
FlexTok,imagenet_r,n02099601,8,0.5056261134147644,13.696619415283203,0.31383275792002674
FlexTok,imagenet_r,n02099601,16,0.46212301433086395,14.093584842681885,0.33066409930586815
FlexTok,imagenet_r,n02099601,32,0.40100641548633575,15.010728149414062,0.3515076361596584
FlexTok,imagenet_r,n02099601,64,0.33937938332557677,15.84351556777954,0.3798074692487717
FlexTok,imagenet_r,n02099601,96,0.30491596311330793,16.669999332427977,0.41394817471504214
FlexTok,imagenet_r,n02099601,128,0.27027695953845976,17.51709156036377,0.4509314826130867
FlexTok,imagenet_r,n02099601,160,0.2551588505506515,17.93059362411499,0.47330562353134153
FlexTok,imagenet_r,n02099601,208,0.23501158937811847,18.475407085418702,0.5037646967172623
FlexTok,imagenet_r,n02099601,256,0.21247026205062863,19.37641519546509,0.5375562620162964
FlexTok,imagenet_r,n02099712,8,0.492471182346344,13.007469100952148,0.29612965047359463
FlexTok,imagenet_r,n02099712,16,0.4509542179107666,13.613351631164551,0.3132007978856563
FlexTok,imagenet_r,n02099712,32,0.3952264904975891,14.6742578125,0.3491331143677235
FlexTok,imagenet_r,n02099712,64,0.3337853091955185,15.687726573944092,0.37832478046417234
FlexTok,imagenet_r,n02099712,96,0.29698379606008524,16.638501720428465,0.4172308927774429
FlexTok,imagenet_r,n02099712,128,0.2656042751669883,17.537171516418457,0.45511982768774034
FlexTok,imagenet_r,n02099712,160,0.24708362042903897,18.03317274093628,0.4794699677824974
FlexTok,imagenet_r,n02099712,208,0.22715964734554286,18.59392667770386,0.509722129702568
FlexTok,imagenet_r,n02099712,256,0.20697180435061452,19.581107273101807,0.5428486335277557
FlexTok,imagenet_r,n02102318,8,0.5184696763753891,12.870516414642333,0.31736753463745115
FlexTok,imagenet_r,n02102318,16,0.4757602298259735,13.198920936584473,0.3305625606328249
FlexTok,imagenet_r,n02102318,32,0.4163767284154892,14.045428009033204,0.3568213514983654
FlexTok,imagenet_r,n02102318,64,0.3423138466477394,14.917686595916749,0.39171734869480135
FlexTok,imagenet_r,n02102318,96,0.3073617950081825,15.769857234954834,0.42610032990574837
FlexTok,imagenet_r,n02102318,128,0.27143121659755703,16.6578342628479,0.46391574397683144
FlexTok,imagenet_r,n02102318,160,0.25498596876859664,17.08394811630249,0.4841001430153847
FlexTok,imagenet_r,n02102318,208,0.23959628522396084,17.61609525680542,0.5146275529265404
FlexTok,imagenet_r,n02102318,256,0.2135612569749355,18.54760498046875,0.5469094207882881
FlexTok,imagenet_r,n02106030,8,0.5427919292449951,12.664564876556396,0.29566962629556653
FlexTok,imagenet_r,n02106030,16,0.4977269822359085,12.906941509246826,0.3073135465383529
FlexTok,imagenet_r,n02106030,32,0.44524269938468936,13.827522201538086,0.3340192870795727
FlexTok,imagenet_r,n02106030,64,0.36779442250728606,14.78745855331421,0.36767969995737076
FlexTok,imagenet_r,n02106030,96,0.325091515481472,15.858327484130859,0.4113015055656433
FlexTok,imagenet_r,n02106030,128,0.28714193344116207,16.847407035827636,0.4532417756319046
FlexTok,imagenet_r,n02106030,160,0.26699661970138544,17.306256275177002,0.4772149574756622
FlexTok,imagenet_r,n02106030,208,0.24639697253704068,17.893926734924317,0.5076677238941193
FlexTok,imagenet_r,n02106030,256,0.2165742191672325,18.90936985015869,0.5424186623096466
FlexTok,imagenet_r,n02106166,8,0.5254262202978134,11.552096614837646,0.29665607981383796
FlexTok,imagenet_r,n02106166,16,0.48177778720855713,11.791145534515381,0.31612612083554265
FlexTok,imagenet_r,n02106166,32,0.4241490566730499,12.83189437866211,0.3552417075634003
FlexTok,imagenet_r,n02106166,64,0.3579590004682541,13.720305795669555,0.39240177571773527
FlexTok,imagenet_r,n02106166,96,0.31241730004549023,14.949788761138915,0.4410321143269539
FlexTok,imagenet_r,n02106166,128,0.27177023053169247,16.069892520904542,0.48374695211648944
FlexTok,imagenet_r,n02106166,160,0.25283227086067195,16.602542209625245,0.5068604475259781
FlexTok,imagenet_r,n02106166,208,0.23046025097370143,17.43924570083618,0.5391773211956025
FlexTok,imagenet_r,n02106166,256,0.20570122912526126,18.47567590713501,0.5739711540937423
FlexTok,imagenet_r,n02106550,8,0.5331116038560867,11.886445217132568,0.29440501466393465
FlexTok,imagenet_r,n02106550,16,0.486028818488121,12.233552503585816,0.30914717942476266
FlexTok,imagenet_r,n02106550,32,0.4343348181247711,13.215543766021728,0.3381542843580246
FlexTok,imagenet_r,n02106550,64,0.3589267858862877,14.252976579666138,0.3883845667541027
FlexTok,imagenet_r,n02106550,96,0.3131000953912735,15.349201202392578,0.4351674962043762
FlexTok,imagenet_r,n02106550,128,0.26838007152080534,16.419961204528807,0.4750992467999458
FlexTok,imagenet_r,n02106550,160,0.2460893905162811,17.012313442230223,0.503208819925785
FlexTok,imagenet_r,n02106550,208,0.22368737295269964,17.707934761047362,0.5341786456108093
FlexTok,imagenet_r,n02106550,256,0.196106793731451,18.841086292266844,0.5716050511598587
FlexTok,imagenet_r,n02106662,8,0.5154750978946686,12.383805236816407,0.34710485562682153
FlexTok,imagenet_r,n02106662,16,0.4696611028909683,12.60136224746704,0.3576136259734631
FlexTok,imagenet_r,n02106662,32,0.4082013541460037,13.413764724731445,0.3814841276407242
FlexTok,imagenet_r,n02106662,64,0.3382638266682625,14.549808464050294,0.42033564612269403
FlexTok,imagenet_r,n02106662,96,0.30124952763319013,15.59159234046936,0.46187430262565615
FlexTok,imagenet_r,n02106662,128,0.26513728618621824,16.67972833633423,0.5020679187774658
FlexTok,imagenet_r,n02106662,160,0.24341833174228664,17.306887855529784,0.5289971235394478
FlexTok,imagenet_r,n02106662,208,0.22360329493880268,18.036017112731933,0.5622424191236496
FlexTok,imagenet_r,n02106662,256,0.1973890697956085,19.11233512878418,0.5936469328403473
FlexTok,imagenet_r,n02108089,8,0.5161821246147156,12.261236324310303,0.3183801883459091
FlexTok,imagenet_r,n02108089,16,0.47168653130531313,12.6269979095459,0.34068874791264536
FlexTok,imagenet_r,n02108089,32,0.4121261963248253,13.477931327819825,0.365800841152668
FlexTok,imagenet_r,n02108089,64,0.35379569947719575,14.308491916656495,0.40203632175922394
FlexTok,imagenet_r,n02108089,96,0.3058594191074371,15.286500873565673,0.44275092244148256
FlexTok,imagenet_r,n02108089,128,0.2677123817801475,16.311076202392577,0.48885576367378236
FlexTok,imagenet_r,n02108089,160,0.25005752295255657,16.87648775100708,0.5147675079107285
FlexTok,imagenet_r,n02108089,208,0.22575905382633205,17.674195556640626,0.5510489797592163
FlexTok,imagenet_r,n02108089,256,0.1991944248974323,18.73478771209717,0.5880447906255722
FlexTok,imagenet_r,n02108915,8,0.5316449588537216,11.975635919570923,0.3584198419004679
FlexTok,imagenet_r,n02108915,16,0.49942408084869383,12.161254959106445,0.36312977477908137
FlexTok,imagenet_r,n02108915,32,0.4309770652651787,13.13310227394104,0.3948030049353838
FlexTok,imagenet_r,n02108915,64,0.35022941082715986,14.120625114440918,0.43995303720235823
FlexTok,imagenet_r,n02108915,96,0.299906111061573,15.248811435699462,0.4909157890081406
FlexTok,imagenet_r,n02108915,128,0.2583162900805473,16.218222370147704,0.5341488556563854
FlexTok,imagenet_r,n02108915,160,0.2356877791881561,16.843640937805176,0.5580145654082298
FlexTok,imagenet_r,n02108915,208,0.2136337791383266,17.588743877410888,0.5907290354371071
FlexTok,imagenet_r,n02108915,256,0.18771128013730046,18.61759349822998,0.6260743096470833
FlexTok,imagenet_r,n02109525,8,0.5042249900102616,11.836462774276733,0.34899268582463266
FlexTok,imagenet_r,n02109525,16,0.46932312786579133,12.015555171966552,0.36074407562613486
FlexTok,imagenet_r,n02109525,32,0.40994160264730456,12.79485990524292,0.39819510877132414
FlexTok,imagenet_r,n02109525,64,0.33532348573207854,13.714355182647704,0.4458280923962593
FlexTok,imagenet_r,n02109525,96,0.2945352879166603,14.708657512664795,0.4908278548717499
FlexTok,imagenet_r,n02109525,128,0.25728497654199595,15.838003673553466,0.5333667659759521
FlexTok,imagenet_r,n02109525,160,0.23770867928862568,16.333774547576905,0.5554780113697052
FlexTok,imagenet_r,n02109525,208,0.21890554368495937,16.997601222991943,0.5885029715299607
FlexTok,imagenet_r,n02109525,256,0.1927558763325214,18.0740417098999,0.6203569900989533
FlexTok,imagenet_r,n02110185,8,0.539782994389534,11.052832956314086,0.30464882805943483
FlexTok,imagenet_r,n02110185,16,0.5051735466718674,11.030796327590942,0.3316451356559992
FlexTok,imagenet_r,n02110185,32,0.4531489562988281,11.56988055229187,0.36509722359478475
FlexTok,imagenet_r,n02110185,64,0.38202830642461777,12.28135046005249,0.3967835932970047
FlexTok,imagenet_r,n02110185,96,0.33261965692043305,13.280033130645752,0.4485465331375599
FlexTok,imagenet_r,n02110185,128,0.28816257834434506,14.347304382324218,0.5001057040691376
FlexTok,imagenet_r,n02110185,160,0.26241145119071,15.002188835144043,0.533653998374939
FlexTok,imagenet_r,n02110185,208,0.23371638178825374,15.787274894714356,0.5712494033575058
FlexTok,imagenet_r,n02110185,256,0.20441014163196083,16.9796457862854,0.614877841770649
FlexTok,imagenet_r,n02110341,8,0.5240997660160065,12.061164073944092,0.37432316318154335
FlexTok,imagenet_r,n02110341,16,0.4756374874711037,12.03131628036499,0.37866386383771894
FlexTok,imagenet_r,n02110341,32,0.4196637353301048,12.493115711212159,0.40964314207434654
FlexTok,imagenet_r,n02110341,64,0.352051850259304,13.12177128791809,0.43238874420523643
FlexTok,imagenet_r,n02110341,96,0.31458701878786083,14.036793384552002,0.47522993475198744
FlexTok,imagenet_r,n02110341,128,0.27384116560220717,14.964603729248047,0.522216578423977
FlexTok,imagenet_r,n02110341,160,0.2504499870538711,15.521228160858154,0.5516529178619385
FlexTok,imagenet_r,n02110341,208,0.22439540818333623,16.19497776031494,0.5884260553121566
FlexTok,imagenet_r,n02110341,256,0.1957908251881599,17.423241233825685,0.6255218297243118
FlexTok,imagenet_r,n02110958,8,0.5212804162502289,12.552185420989991,0.37135606586933134
FlexTok,imagenet_r,n02110958,16,0.4807008635997772,12.77116008758545,0.38550245866179467
FlexTok,imagenet_r,n02110958,32,0.4157542908191681,13.51198154449463,0.4185678087174892
FlexTok,imagenet_r,n02110958,64,0.33824692010879515,14.101149978637695,0.45068754568696023
FlexTok,imagenet_r,n02110958,96,0.29555591493844985,15.051228122711182,0.4953286933898926
FlexTok,imagenet_r,n02110958,128,0.261295573413372,15.804050788879394,0.5364923387765884
FlexTok,imagenet_r,n02110958,160,0.23959388554096217,16.26312702178955,0.5643291312456131
FlexTok,imagenet_r,n02110958,208,0.2161964067816734,16.867425861358644,0.5966140586137771
FlexTok,imagenet_r,n02110958,256,0.1890539716184139,18.04940496444702,0.6333799225091934
FlexTok,imagenet_r,n02112018,8,0.519180703163147,13.12965754508972,0.32753583185374735
FlexTok,imagenet_r,n02112018,16,0.4841596233844757,13.474769353866577,0.3396466268599033
FlexTok,imagenet_r,n02112018,32,0.42663496643304827,14.275667343139649,0.36500728748738764
FlexTok,imagenet_r,n02112018,64,0.35601847499608996,15.187617893218993,0.4030710963904858
FlexTok,imagenet_r,n02112018,96,0.31433202922344206,16.221687088012697,0.4434954136610031
FlexTok,imagenet_r,n02112018,128,0.2767908850312233,17.15417699813843,0.47847034230828284
FlexTok,imagenet_r,n02112018,160,0.2570861858129501,17.6240185546875,0.5019657015800476
FlexTok,imagenet_r,n02112018,208,0.24052707433700557,18.184629650115966,0.528590726852417
FlexTok,imagenet_r,n02112018,256,0.21289364188909526,19.172104988098145,0.560283787548542
FlexTok,imagenet_r,n02112137,8,0.537066285610199,12.427516899108888,0.3190032829344272
FlexTok,imagenet_r,n02112137,16,0.5000328284502029,12.786348886489868,0.333599150031805
FlexTok,imagenet_r,n02112137,32,0.4319679802656174,13.5847909450531,0.3749055831134319
FlexTok,imagenet_r,n02112137,64,0.35530475854873655,14.466668844223022,0.4105830642580986
FlexTok,imagenet_r,n02112137,96,0.3080678571760654,15.44576280593872,0.46006741136312485
FlexTok,imagenet_r,n02112137,128,0.27268838018178937,16.35479103088379,0.4979593342542648
FlexTok,imagenet_r,n02112137,160,0.2560505275428295,16.797186851501465,0.5190122511982918
FlexTok,imagenet_r,n02112137,208,0.23870538398623464,17.275908164978027,0.5463487708568573
FlexTok,imagenet_r,n02112137,256,0.2121973422169685,18.27444679260254,0.5786953526735306
FlexTok,imagenet_r,n02113023,8,0.5536173593997955,12.92804708480835,0.36121250346302985
FlexTok,imagenet_r,n02113023,16,0.5066541886329651,13.135104122161865,0.3713667517900467
FlexTok,imagenet_r,n02113023,32,0.44194120913743973,13.790311555862427,0.4061098919808865
FlexTok,imagenet_r,n02113023,64,0.3631195193529129,14.838987865447997,0.4476179265975952
FlexTok,imagenet_r,n02113023,96,0.3098271548748016,15.94336456298828,0.4969137105345726
FlexTok,imagenet_r,n02113023,128,0.264238463640213,17.033942279815673,0.5407751813530922
FlexTok,imagenet_r,n02113023,160,0.2400524830818176,17.737808380126953,0.5675841462612152
FlexTok,imagenet_r,n02113023,208,0.21553130045533175,18.416022815704345,0.6000558227300644
FlexTok,imagenet_r,n02113023,256,0.18810635849833485,19.597965984344484,0.6336098670959472
FlexTok,imagenet_r,n02113624,8,0.5065923181176185,14.013133239746093,0.39363884143531325
FlexTok,imagenet_r,n02113624,16,0.45719321131706236,14.595140380859375,0.4084652168676257
FlexTok,imagenet_r,n02113624,32,0.40293535381555556,15.219053192138672,0.4349111747741699
FlexTok,imagenet_r,n02113624,64,0.3379732757806778,16.227672958374022,0.4585062316805124
FlexTok,imagenet_r,n02113624,96,0.2994211295247078,17.01042562484741,0.49125515162944794
FlexTok,imagenet_r,n02113624,128,0.26289286628365516,18.00823871612549,0.5309841978549957
FlexTok,imagenet_r,n02113624,160,0.24457735195755956,18.466226444244384,0.5500073805451393
FlexTok,imagenet_r,n02113624,208,0.22910834118723866,18.952670841217042,0.5760230734944344
FlexTok,imagenet_r,n02113624,256,0.20061429157853122,20.06875343322754,0.6071246626973152
FlexTok,imagenet_r,n02113799,8,0.5106030863523483,13.815374383926391,0.3486869692802429
FlexTok,imagenet_r,n02113799,16,0.47581320464611054,13.920625905990601,0.35839043334126475
FlexTok,imagenet_r,n02113799,32,0.41162821412086487,14.792985820770264,0.3880412305891514
FlexTok,imagenet_r,n02113799,64,0.3422630614042282,15.580919532775878,0.40789908677339554
FlexTok,imagenet_r,n02113799,96,0.29936399102211,16.422053661346435,0.44510022848844527
FlexTok,imagenet_r,n02113799,128,0.2615074191987514,17.33701608657837,0.48165880620479584
FlexTok,imagenet_r,n02113799,160,0.24582210183143613,17.733611164093016,0.5013946011662483
FlexTok,imagenet_r,n02113799,208,0.23113060519099232,18.11544786453247,0.5252645573019982
FlexTok,imagenet_r,n02113799,256,0.21060833901166912,18.99642511367798,0.5524250489473342
FlexTok,imagenet_r,n02114367,8,0.5415716075897217,13.039436931610107,0.2873837004601955
FlexTok,imagenet_r,n02114367,16,0.490647007226944,13.234007482528687,0.3010173042863607
FlexTok,imagenet_r,n02114367,32,0.43003084003925324,14.04401668548584,0.329258394613862
FlexTok,imagenet_r,n02114367,64,0.3662766480445862,14.7524422454834,0.35772218272089956
FlexTok,imagenet_r,n02114367,96,0.3293017092347145,15.61080213546753,0.3988732960820198
FlexTok,imagenet_r,n02114367,128,0.29280246466398235,16.63619758605957,0.4418076601624489
FlexTok,imagenet_r,n02114367,160,0.2771343970298767,17.07130006790161,0.4657181051373482
FlexTok,imagenet_r,n02114367,208,0.25538676202297206,17.766100635528563,0.500393194258213
FlexTok,imagenet_r,n02114367,256,0.22966082811355587,18.8717160987854,0.5364054742455483
FlexTok,imagenet_r,n02117135,8,0.5727742278575897,13.16976490020752,0.2946146064996719
FlexTok,imagenet_r,n02117135,16,0.5229655677080154,13.366813287734985,0.30391721531748767
FlexTok,imagenet_r,n02117135,32,0.4678130203485489,13.992688102722168,0.32940192982554434
FlexTok,imagenet_r,n02117135,64,0.3930793133378029,14.836208801269532,0.3635039636492729
FlexTok,imagenet_r,n02117135,96,0.34652274161577223,15.562493152618408,0.40691426157951355
FlexTok,imagenet_r,n02117135,128,0.30971086651086804,16.43196020126343,0.44764626294374465
FlexTok,imagenet_r,n02117135,160,0.28873422652482983,16.74874610900879,0.47047749370336533
FlexTok,imagenet_r,n02117135,208,0.268116819858551,17.199440364837645,0.4991354238986969
FlexTok,imagenet_r,n02117135,256,0.24032057195901868,18.190739707946776,0.534342207312584
FlexTok,imagenet_r,n02119022,8,0.5798357880115509,12.4998721408844,0.3050522261112928
FlexTok,imagenet_r,n02119022,16,0.5347245144844055,12.799554347991943,0.32364004611968994
FlexTok,imagenet_r,n02119022,32,0.4687493222951889,13.59459683418274,0.3455058392882347
FlexTok,imagenet_r,n02119022,64,0.38494391202926637,14.532789516448975,0.386111174672842
FlexTok,imagenet_r,n02119022,96,0.33312308579683303,15.631472492218018,0.4302012103796005
FlexTok,imagenet_r,n02119022,128,0.28873541355133053,16.719576911926268,0.4724601799249649
FlexTok,imagenet_r,n02119022,160,0.2679043386876583,17.342866134643554,0.4955339121818543
FlexTok,imagenet_r,n02119022,208,0.24253906965255734,18.105116596221922,0.5259063068032265
FlexTok,imagenet_r,n02119022,256,0.2148227988183498,19.127836837768555,0.5559421774744987
FlexTok,imagenet_r,n02123045,8,0.5663889980316162,12.209351902008057,0.26148841530084604
FlexTok,imagenet_r,n02123045,16,0.5351610219478607,12.400431365966798,0.2694066190719604
FlexTok,imagenet_r,n02123045,32,0.48099144399166105,13.00834177017212,0.28974856972694396
FlexTok,imagenet_r,n02123045,64,0.40423088997602463,13.905768451690674,0.32865237891674043
FlexTok,imagenet_r,n02123045,96,0.3663005319237709,14.642298965454101,0.3684564593434334
FlexTok,imagenet_r,n02123045,128,0.32293341666460035,15.453935127258301,0.40855762988328936
FlexTok,imagenet_r,n02123045,160,0.3009107160568237,15.999260025024414,0.43635284900665283
FlexTok,imagenet_r,n02123045,208,0.27798734962940214,16.623959522247315,0.46960466742515566
FlexTok,imagenet_r,n02123045,256,0.2522536653280258,17.537791709899903,0.5017782455682754
FlexTok,imagenet_r,n02128385,8,0.5581621360778809,12.41041069984436,0.24268842073157426
FlexTok,imagenet_r,n02128385,16,0.5098126071691513,12.510001831054687,0.24421658866689536
FlexTok,imagenet_r,n02128385,32,0.44754979610443113,13.18219916343689,0.27387477089650925
FlexTok,imagenet_r,n02128385,64,0.368250766992569,13.979082450866699,0.3066533063724637
FlexTok,imagenet_r,n02128385,96,0.3315526416897774,14.551466522216797,0.34138573467731476
FlexTok,imagenet_r,n02128385,128,0.2977313584089279,15.152788944244385,0.37737268328666684
FlexTok,imagenet_r,n02128385,160,0.27845878094434734,15.48947527885437,0.40226828441023826
FlexTok,imagenet_r,n02128385,208,0.2615972658991813,15.926336479187011,0.43505376398563383
FlexTok,imagenet_r,n02128385,256,0.23885033160448071,16.537209892272948,0.4671803146600723
FlexTok,imagenet_r,n02128757,8,0.521186175942421,12.526278505325317,0.24088261520490048
FlexTok,imagenet_r,n02128757,16,0.4771889305114746,12.616283206939697,0.2491161178797483
FlexTok,imagenet_r,n02128757,32,0.4286046814918518,13.21472737312317,0.2714315619692206
FlexTok,imagenet_r,n02128757,64,0.37011682212352753,13.776239709854126,0.2977890412509441
FlexTok,imagenet_r,n02128757,96,0.3447220313549042,14.103457555770873,0.3290478894114494
FlexTok,imagenet_r,n02128757,128,0.3147277352213859,14.77307339668274,0.3638087044656277
FlexTok,imagenet_r,n02128757,160,0.2972834867238998,15.08650894165039,0.38959784552454946
FlexTok,imagenet_r,n02128757,208,0.28213744431734084,15.455917129516601,0.4234686507284641
FlexTok,imagenet_r,n02128757,256,0.2571901351213455,16.221395568847655,0.45709011390805243
FlexTok,imagenet_r,n02129165,8,0.5569317960739135,13.0594082736969,0.32764427945017816
FlexTok,imagenet_r,n02129165,16,0.5251079416275024,13.040628871917725,0.33245727106928824
FlexTok,imagenet_r,n02129165,32,0.46943332105875013,13.673519945144653,0.3575364942848682
FlexTok,imagenet_r,n02129165,64,0.3928457450866699,14.328771858215331,0.39212127655744555
FlexTok,imagenet_r,n02129165,96,0.352851819396019,15.107852230072021,0.4413200353085995
FlexTok,imagenet_r,n02129165,128,0.3079695206880569,15.98567328453064,0.48204972356557846
FlexTok,imagenet_r,n02129165,160,0.28477159336209296,16.43282072067261,0.5065221002697945
FlexTok,imagenet_r,n02129165,208,0.256677628904581,17.08127840042114,0.5464442452788353
FlexTok,imagenet_r,n02129165,256,0.22494249820709225,18.139787521362305,0.5813902992010117
FlexTok,imagenet_r,n02129604,8,0.5467084783315659,12.247015399932861,0.2313255719095468
FlexTok,imagenet_r,n02129604,16,0.5123624610900879,12.425495033264161,0.24257065981626508
FlexTok,imagenet_r,n02129604,32,0.4699124205112457,13.031268615722656,0.26368590772151945
FlexTok,imagenet_r,n02129604,64,0.40807860225439074,13.663811187744141,0.29161865070462223
FlexTok,imagenet_r,n02129604,96,0.3715400391817093,14.335208377838136,0.32730220854282377
FlexTok,imagenet_r,n02129604,128,0.33097999781370163,15.128275775909424,0.3700751200318336
FlexTok,imagenet_r,n02129604,160,0.3132763102650642,15.531150588989258,0.39744278728961946
FlexTok,imagenet_r,n02129604,208,0.2893713667988777,16.165736274719237,0.4340625870227814
FlexTok,imagenet_r,n02129604,256,0.2626996165513992,16.97725854873657,0.47340731620788573
FlexTok,imagenet_r,n02130308,8,0.5729677337408066,12.068942756652833,0.2907555382698774
FlexTok,imagenet_r,n02130308,16,0.5401802933216096,12.101558294296265,0.29425106488168234
FlexTok,imagenet_r,n02130308,32,0.4785538649559021,12.50631633758545,0.31957038208842276
FlexTok,imagenet_r,n02130308,64,0.39466442197561263,13.18702211380005,0.35000704556703566
FlexTok,imagenet_r,n02130308,96,0.3466901570558548,13.954343128204346,0.39344027772545814
FlexTok,imagenet_r,n02130308,128,0.300109021961689,14.662021617889405,0.435958614051342
FlexTok,imagenet_r,n02130308,160,0.2778787153959274,15.09759084701538,0.46293789982795713
FlexTok,imagenet_r,n02130308,208,0.2581361989676952,15.603021240234375,0.4947165569663048
FlexTok,imagenet_r,n02130308,256,0.2293737471103668,16.379534587860107,0.5288506433367729
FlexTok,imagenet_r,n02134084,8,0.5427978038787842,14.064140453338624,0.4030632469058037
FlexTok,imagenet_r,n02134084,16,0.5071406924724579,14.191605262756347,0.41071817666292193
FlexTok,imagenet_r,n02134084,32,0.4561973690986633,14.920066699981689,0.44064453691244126
FlexTok,imagenet_r,n02134084,64,0.3802792876958847,15.872497024536132,0.47493624716997146
FlexTok,imagenet_r,n02134084,96,0.3321290573477745,16.8006831741333,0.519479111135006
FlexTok,imagenet_r,n02134084,128,0.2827314248681068,18.111294498443602,0.5684077605605126
FlexTok,imagenet_r,n02134084,160,0.2577217100560665,18.623055267333985,0.5937263435125351
FlexTok,imagenet_r,n02134084,208,0.23260846033692356,19.164408378601074,0.6277761721611023
FlexTok,imagenet_r,n02134084,256,0.20043674528598782,20.478583660125732,0.6584295481443405
FlexTok,imagenet_r,n02138441,8,0.5297357481718064,14.16171625137329,0.4040942525863647
FlexTok,imagenet_r,n02138441,16,0.4869749164581299,14.289047241210938,0.41857817709445955
FlexTok,imagenet_r,n02138441,32,0.4252481883764267,14.996026039123535,0.4487656763195991
FlexTok,imagenet_r,n02138441,64,0.35980028569698336,15.719318561553955,0.4711919516324997
FlexTok,imagenet_r,n02138441,96,0.310602892935276,16.575770263671874,0.5114482301473617
FlexTok,imagenet_r,n02138441,128,0.2695722886919975,17.46995225906372,0.5471023312211036
FlexTok,imagenet_r,n02138441,160,0.24866300642490383,17.906368408203125,0.5688715788722039
FlexTok,imagenet_r,n02138441,208,0.22859070941805837,18.208898487091066,0.5928839042782783
FlexTok,imagenet_r,n02138441,256,0.20075821220874782,19.3178617477417,0.6233255738019943
FlexTok,imagenet_r,n02165456,8,0.5835118585824967,12.04367561340332,0.3109753839671611
FlexTok,imagenet_r,n02165456,16,0.5370837062597275,12.26199478149414,0.31839029699563975
FlexTok,imagenet_r,n02165456,32,0.4640320581197739,13.152681770324707,0.3523613917827606
FlexTok,imagenet_r,n02165456,64,0.3728307744860649,14.038089637756348,0.39141836628317833
FlexTok,imagenet_r,n02165456,96,0.3156270796060562,15.176646175384521,0.44171001717448233
FlexTok,imagenet_r,n02165456,128,0.26090859606862066,16.35029453277588,0.49013623744249346
FlexTok,imagenet_r,n02165456,160,0.23613576129078861,16.900915775299072,0.5128026786446571
FlexTok,imagenet_r,n02165456,208,0.20983340531587596,17.717676639556885,0.5431242871284485
FlexTok,imagenet_r,n02165456,256,0.17836327180266376,18.797455348968505,0.5781028047204018
FlexTok,imagenet_r,n02190166,8,0.5290669301152229,13.462439708709717,0.4051302682608366
FlexTok,imagenet_r,n02190166,16,0.4883980080485344,13.537243909835816,0.41036439263727514
FlexTok,imagenet_r,n02190166,32,0.42465280383825305,14.155733242034913,0.43459295883774757
FlexTok,imagenet_r,n02190166,64,0.35078751847147943,14.754669094085694,0.4680195805430412
FlexTok,imagenet_r,n02190166,96,0.30346538886427876,15.470629425048829,0.506501998603344
FlexTok,imagenet_r,n02190166,128,0.25791377156972883,16.291994066238402,0.5467020598053932
FlexTok,imagenet_r,n02190166,160,0.23745447188615795,16.759577999114992,0.5696884071826935
FlexTok,imagenet_r,n02190166,208,0.21714809030294416,17.308812580108643,0.5995880809426307
FlexTok,imagenet_r,n02190166,256,0.1881205783784389,18.221545486450196,0.6303712064027787
FlexTok,imagenet_r,n02206856,8,0.5946921122074127,11.310842895507813,0.30232333756983276
FlexTok,imagenet_r,n02206856,16,0.5552882421016693,11.55782000541687,0.31299375146627423
FlexTok,imagenet_r,n02206856,32,0.5005152750015259,11.943641166687012,0.336980153247714
FlexTok,imagenet_r,n02206856,64,0.41537564128637317,12.712985763549804,0.3707885031402111
FlexTok,imagenet_r,n02206856,96,0.3668241494894028,13.704559001922608,0.42079012930393217
FlexTok,imagenet_r,n02206856,128,0.31257021188735956,14.694709396362304,0.4682893215119839
FlexTok,imagenet_r,n02206856,160,0.28307208925485605,15.298343887329102,0.49691776782274244
FlexTok,imagenet_r,n02206856,208,0.256659273058176,15.994736003875733,0.5340388190746307
FlexTok,imagenet_r,n02206856,256,0.22405686840414998,17.00143711090088,0.5727053752541542
FlexTok,imagenet_r,n02219486,8,0.5676098865270615,13.471749649047851,0.35425221487879754
FlexTok,imagenet_r,n02219486,16,0.5288197594881058,13.588098278045655,0.35514752581715586
FlexTok,imagenet_r,n02219486,32,0.46224055051803586,14.300912742614747,0.3878250551223755
FlexTok,imagenet_r,n02219486,64,0.3825624743103981,15.03969663619995,0.4136223590373993
FlexTok,imagenet_r,n02219486,96,0.3277877214550972,16.087289085388182,0.45523900777101517
FlexTok,imagenet_r,n02219486,128,0.28468564346432684,17.058867855072023,0.4968500676751137
FlexTok,imagenet_r,n02219486,160,0.26190605059266087,17.579641265869142,0.5224602976441384
FlexTok,imagenet_r,n02219486,208,0.23756144471466537,18.380761070251467,0.5554979425668717
FlexTok,imagenet_r,n02219486,256,0.21171964183449743,19.31756914138794,0.589853008389473
FlexTok,imagenet_r,n02226429,8,0.5448186761140823,13.242749557495117,0.36878790497779845
FlexTok,imagenet_r,n02226429,16,0.5081944197416306,13.398544721603393,0.37890656806528566
FlexTok,imagenet_r,n02226429,32,0.44229135930538177,14.040976848602295,0.4083733256161213
FlexTok,imagenet_r,n02226429,64,0.35725283473730085,15.010836277008057,0.4552013135701418
FlexTok,imagenet_r,n02226429,96,0.3079141223430633,15.900881729125977,0.4956479212641716
FlexTok,imagenet_r,n02226429,128,0.26739900201559064,16.803792152404785,0.538967274427414
FlexTok,imagenet_r,n02226429,160,0.24634303912520406,17.26840435028076,0.5638543877005577
FlexTok,imagenet_r,n02226429,208,0.22734868288040158,17.797926330566405,0.5935962724685669
FlexTok,imagenet_r,n02226429,256,0.199912177324295,18.791544342041014,0.6252303621172906
FlexTok,imagenet_r,n02233338,8,0.5580964159965515,12.56963508605957,0.3351247904449701
FlexTok,imagenet_r,n02233338,16,0.521614806652069,12.717460165023803,0.3419328242540359
FlexTok,imagenet_r,n02233338,32,0.4634005057811737,13.45185956954956,0.36831187903881074
FlexTok,imagenet_r,n02233338,64,0.38983186453580854,14.068782844543456,0.4046728606522083
FlexTok,imagenet_r,n02233338,96,0.3405044302344322,14.981135139465332,0.4545986810326576
FlexTok,imagenet_r,n02233338,128,0.2998289868235588,15.859108390808105,0.5016143441200256
FlexTok,imagenet_r,n02233338,160,0.2711431577801704,16.459395313262938,0.5325353673100471
FlexTok,imagenet_r,n02233338,208,0.24246298193931576,17.175069561004637,0.5700395464897156
FlexTok,imagenet_r,n02233338,256,0.20819120235741134,18.37414228439331,0.609309493303299
FlexTok,imagenet_r,n02236044,8,0.5619262862205505,12.793981275558473,0.36706398613750935
FlexTok,imagenet_r,n02236044,16,0.5261787420511246,12.931354360580444,0.3737571454793215
FlexTok,imagenet_r,n02236044,32,0.46649801552295683,13.461372804641723,0.40087768755853176
FlexTok,imagenet_r,n02236044,64,0.38064540654420853,14.268274688720703,0.4360115151107311
FlexTok,imagenet_r,n02236044,96,0.32583811283111574,15.011499061584473,0.4754780188202858
FlexTok,imagenet_r,n02236044,128,0.2830711784958839,15.85159734725952,0.5182549688220024
FlexTok,imagenet_r,n02236044,160,0.26173005729913706,16.316007862091066,0.5429532450437545
FlexTok,imagenet_r,n02236044,208,0.23530153423547742,16.92417329788208,0.5786703705787659
FlexTok,imagenet_r,n02236044,256,0.2049618726968765,17.919707355499266,0.6089418864250183
FlexTok,imagenet_r,n02268443,8,0.5896644246578217,13.957250452041626,0.2748504319787025
FlexTok,imagenet_r,n02268443,16,0.5502919489145279,14.094565820693969,0.28165346749126907
FlexTok,imagenet_r,n02268443,32,0.4892318731546402,14.735714454650878,0.29596046596765513
FlexTok,imagenet_r,n02268443,64,0.40970457047224046,15.582595615386962,0.3248800133168697
FlexTok,imagenet_r,n02268443,96,0.35624935626983645,16.60444101333618,0.3678406271338463
FlexTok,imagenet_r,n02268443,128,0.3118834540247917,17.51193561553955,0.4096013967692852
FlexTok,imagenet_r,n02268443,160,0.29438781499862665,17.962172088623046,0.43276885271072385
FlexTok,imagenet_r,n02268443,208,0.26969617605209345,18.47464511871338,0.4581193521618843
FlexTok,imagenet_r,n02268443,256,0.2450870484113693,19.31949129104614,0.49074193120002746
FlexTok,imagenet_r,n02279972,8,0.5553584104776382,11.248711977005005,0.25731147088110445
FlexTok,imagenet_r,n02279972,16,0.5106650698184967,11.589580764770508,0.2687494415789842
FlexTok,imagenet_r,n02279972,32,0.45030215591192246,12.315393161773681,0.2945198542065918
FlexTok,imagenet_r,n02279972,64,0.37878032237291337,13.12595848083496,0.3281208284385502
FlexTok,imagenet_r,n02279972,96,0.33453923046588896,13.959568729400635,0.3732769126445055
FlexTok,imagenet_r,n02279972,128,0.2873255214095115,14.656753177642821,0.41219950422644613
FlexTok,imagenet_r,n02279972,160,0.26671727448701854,15.189842224121094,0.44053152211010455
FlexTok,imagenet_r,n02279972,208,0.24275287389755246,15.78807762145996,0.4740780026465654
FlexTok,imagenet_r,n02279972,256,0.21238591924309727,16.539214191436766,0.5081204909831285
FlexTok,imagenet_r,n02317335,8,0.5910638731718063,12.739512910842896,0.3074116605520248
FlexTok,imagenet_r,n02317335,16,0.5499751883745193,12.908201656341554,0.32509467750787735
FlexTok,imagenet_r,n02317335,32,0.47046782314777374,13.864208755493165,0.3577302815020084
FlexTok,imagenet_r,n02317335,64,0.3792258334159851,14.84000810623169,0.38609705328941346
FlexTok,imagenet_r,n02317335,96,0.3316435271501541,15.730984497070313,0.4196079671382904
FlexTok,imagenet_r,n02317335,128,0.2852466909587383,16.637458114624025,0.4616501949727535
FlexTok,imagenet_r,n02317335,160,0.2677731320261955,17.044227523803713,0.4840597242116928
FlexTok,imagenet_r,n02317335,208,0.2474800895154476,17.4371635055542,0.5098653700947762
FlexTok,imagenet_r,n02317335,256,0.2210751955211162,18.435408630371093,0.5434969010949134
FlexTok,imagenet_r,n02325366,8,0.5622826087474823,13.232402667999267,0.2950394370406866
FlexTok,imagenet_r,n02325366,16,0.5257713323831559,13.334627704620361,0.2985023844614625
FlexTok,imagenet_r,n02325366,32,0.4639500692486763,13.999007587432862,0.3235579976439476
FlexTok,imagenet_r,n02325366,64,0.3799215179681778,14.956372013092041,0.3635903565585613
FlexTok,imagenet_r,n02325366,96,0.33254254430532454,15.804984893798828,0.4057913927733898
FlexTok,imagenet_r,n02325366,128,0.2912873268127441,16.68893171310425,0.44275369599461556
FlexTok,imagenet_r,n02325366,160,0.272073974609375,17.169917945861815,0.46704392448067666
FlexTok,imagenet_r,n02325366,208,0.25130381792783735,17.637622051239013,0.4945987430214882
FlexTok,imagenet_r,n02325366,256,0.22713909327983853,18.516496772766114,0.525601980984211
FlexTok,imagenet_r,n02346627,8,0.5815253788232804,12.388494119644164,0.29006130009889597
FlexTok,imagenet_r,n02346627,16,0.5378386157751084,12.407293653488159,0.2973223643004894
FlexTok,imagenet_r,n02346627,32,0.47820430994033813,13.063130760192871,0.3209731775522232
FlexTok,imagenet_r,n02346627,64,0.38789320826530455,13.847782344818116,0.364416720867157
FlexTok,imagenet_r,n02346627,96,0.3358690574765205,14.580214290618896,0.4078524672985077
FlexTok,imagenet_r,n02346627,128,0.2988028785586357,15.169607334136963,0.44176639765501025
FlexTok,imagenet_r,n02346627,160,0.2731709736585617,15.54929494857788,0.466636606156826
FlexTok,imagenet_r,n02346627,208,0.24911596015095708,15.986204795837402,0.5001267695426941
FlexTok,imagenet_r,n02346627,256,0.22184986710548396,16.822746753692627,0.5365838706493378
FlexTok,imagenet_r,n02356798,8,0.5550803953409195,12.671520175933837,0.3352825681865215
FlexTok,imagenet_r,n02356798,16,0.5221260589361191,12.838626956939697,0.33954017102718353
FlexTok,imagenet_r,n02356798,32,0.4596097218990326,13.374385681152344,0.3681469175219536
FlexTok,imagenet_r,n02356798,64,0.3803440949320793,14.279401054382324,0.4036299392580986
FlexTok,imagenet_r,n02356798,96,0.32783646911382675,15.170461730957031,0.4433766108751297
FlexTok,imagenet_r,n02356798,128,0.278706477433443,16.192074604034424,0.4841247257590294
FlexTok,imagenet_r,n02356798,160,0.25605023145675654,16.669858226776125,0.5081515938043595
FlexTok,imagenet_r,n02356798,208,0.23623673170804974,17.107593669891358,0.5378757160902023
FlexTok,imagenet_r,n02356798,256,0.20652430251240728,18.165727977752685,0.5676748830080033
FlexTok,imagenet_r,n02363005,8,0.5777610862255096,11.771563472747802,0.35841515168547633
FlexTok,imagenet_r,n02363005,16,0.5453162997961044,11.8215322971344,0.3720871102809906
FlexTok,imagenet_r,n02363005,32,0.4767798066139221,12.43911540031433,0.4063644516468048
FlexTok,imagenet_r,n02363005,64,0.38087922483682635,13.196176090240478,0.44860946968197823
FlexTok,imagenet_r,n02363005,96,0.3254651713371277,14.190836486816407,0.5046287083625793
FlexTok,imagenet_r,n02363005,128,0.27587944895029065,15.184843521118164,0.5547127297520638
FlexTok,imagenet_r,n02363005,160,0.24657988667488095,15.774058895111084,0.5864280611276627
FlexTok,imagenet_r,n02363005,208,0.214049399793148,16.52331907272339,0.6268702721595765
FlexTok,imagenet_r,n02363005,256,0.1811901286244392,17.66914279937744,0.6634695374965668
FlexTok,imagenet_r,n02364673,8,0.5797261375188828,12.77791729927063,0.37276084259152414
FlexTok,imagenet_r,n02364673,16,0.5330959850549698,12.935325298309326,0.38048151686787607
FlexTok,imagenet_r,n02364673,32,0.4717693543434143,13.442808322906494,0.4081446042656898
FlexTok,imagenet_r,n02364673,64,0.3836100724339485,14.305156536102295,0.4486421653628349
FlexTok,imagenet_r,n02364673,96,0.33483396857976916,15.251625900268555,0.49209110379219057
FlexTok,imagenet_r,n02364673,128,0.28879247426986693,16.173954200744628,0.5322662660479546
FlexTok,imagenet_r,n02364673,160,0.2639199951291084,16.604383029937743,0.5527406018972397
FlexTok,imagenet_r,n02364673,208,0.24464676737785335,16.990065097808838,0.5768570917844772
FlexTok,imagenet_r,n02364673,256,0.21257493793964383,18.062789192199705,0.6084966051578522
FlexTok,imagenet_r,n02391049,8,0.5650668489933014,12.249202136993409,0.2914339895546436
FlexTok,imagenet_r,n02391049,16,0.5250871580839157,12.421724414825439,0.30664716899394984
FlexTok,imagenet_r,n02391049,32,0.46543086886405943,12.833609352111816,0.33000886127352713
FlexTok,imagenet_r,n02391049,64,0.3774604165554047,13.283912563323975,0.36758492916822433
FlexTok,imagenet_r,n02391049,96,0.3307722222805023,14.038254165649414,0.42392974078655243
FlexTok,imagenet_r,n02391049,128,0.2868812963366508,14.863003196716308,0.4701890432834625
FlexTok,imagenet_r,n02391049,160,0.26426386445760724,15.352334880828858,0.5014753583073616
FlexTok,imagenet_r,n02391049,208,0.23977993607521053,16.116863117218017,0.543322381079197
FlexTok,imagenet_r,n02391049,256,0.21374253690242764,16.988610954284667,0.5817725777626037
FlexTok,imagenet_r,n02395406,8,0.5549860680103302,13.181531810760498,0.380084333717823
FlexTok,imagenet_r,n02395406,16,0.5196583807468415,13.24223825454712,0.38598681300878523
FlexTok,imagenet_r,n02395406,32,0.4569524985551834,13.924029235839845,0.41931069061160087
FlexTok,imagenet_r,n02395406,64,0.3721591475605965,14.616483001708984,0.4620406131446362
FlexTok,imagenet_r,n02395406,96,0.3160564061999321,15.633286209106446,0.5132790747284889
FlexTok,imagenet_r,n02395406,128,0.2709699064493179,16.487241592407226,0.5645159256458282
FlexTok,imagenet_r,n02395406,160,0.24377082079648968,17.15353500366211,0.5944672697782516
FlexTok,imagenet_r,n02395406,208,0.2158240586519241,17.778158588409426,0.6271817195415497
FlexTok,imagenet_r,n02395406,256,0.18511368498206135,18.92117395401001,0.6674815732240676
FlexTok,imagenet_r,n02398521,8,0.5823845773935318,12.932580242156982,0.34033637315034865
FlexTok,imagenet_r,n02398521,16,0.5391987556219101,13.040921077728271,0.34611791998147967
FlexTok,imagenet_r,n02398521,32,0.4782265603542328,13.93611644744873,0.37486466377973554
FlexTok,imagenet_r,n02398521,64,0.39804857075214384,14.740945587158203,0.40784284472465515
FlexTok,imagenet_r,n02398521,96,0.3466422891616821,15.476777629852295,0.4527771031856537
FlexTok,imagenet_r,n02398521,128,0.29815580338239667,16.268344917297362,0.4964301630854607
FlexTok,imagenet_r,n02398521,160,0.2746173018217086,16.66792434692383,0.5209785065054894
FlexTok,imagenet_r,n02398521,208,0.2514283454418182,16.997065353393555,0.5508542782068253
FlexTok,imagenet_r,n02398521,256,0.21582711085677142,18.129158039093017,0.589301393032074
FlexTok,imagenet_r,n02410509,8,0.5647248685359955,13.11603645324707,0.30034888878464694
FlexTok,imagenet_r,n02410509,16,0.526513289809227,13.081159172058106,0.30019707567989823
FlexTok,imagenet_r,n02410509,32,0.46889196455478666,13.72159257888794,0.3220263232290745
FlexTok,imagenet_r,n02410509,64,0.3963649773597717,14.479223279953002,0.3565924496948719
FlexTok,imagenet_r,n02410509,96,0.3534729650616646,15.210932369232177,0.3966083151102066
FlexTok,imagenet_r,n02410509,128,0.31064723581075665,15.97755039215088,0.43380868270993234
FlexTok,imagenet_r,n02410509,160,0.29245523661375045,16.347285556793214,0.45645551338791845
FlexTok,imagenet_r,n02410509,208,0.2704622161388397,16.86050283432007,0.49053494945168497
FlexTok,imagenet_r,n02410509,256,0.24095785006880757,17.740075168609618,0.5208806562423706
FlexTok,imagenet_r,n02423022,8,0.5458694994449615,13.517024097442627,0.4023695647716522
FlexTok,imagenet_r,n02423022,16,0.5056385111808777,13.681145420074463,0.4157378703355789
FlexTok,imagenet_r,n02423022,32,0.43594344913959504,14.04033670425415,0.4394128777086735
FlexTok,imagenet_r,n02423022,64,0.3628554281592369,14.792194194793701,0.47442629605531694
FlexTok,imagenet_r,n02423022,96,0.3067799752950668,15.594607067108154,0.516487348973751
FlexTok,imagenet_r,n02423022,128,0.26690919548273084,16.475110950469972,0.5537475249171258
FlexTok,imagenet_r,n02423022,160,0.24134011119604107,17.018909759521485,0.5784844028949737
FlexTok,imagenet_r,n02423022,208,0.22255424633622167,17.459925842285156,0.6058855849504471
FlexTok,imagenet_r,n02423022,256,0.19373683527112004,18.49490425109863,0.6353375655412674
FlexTok,imagenet_r,n02437616,8,0.5543105345964432,13.224398574829102,0.3993524459004402
FlexTok,imagenet_r,n02437616,16,0.5096989101171494,13.180140066146851,0.40810674503445626
FlexTok,imagenet_r,n02437616,32,0.44012477904558184,13.916642742156982,0.43932017907500265
FlexTok,imagenet_r,n02437616,64,0.365115225315094,14.70388599395752,0.47581651926040647
FlexTok,imagenet_r,n02437616,96,0.3131709989905357,15.554832544326782,0.518535777926445
FlexTok,imagenet_r,n02437616,128,0.27051524147391315,16.45427997589111,0.5616310596466064
FlexTok,imagenet_r,n02437616,160,0.24829072609543798,16.96053030014038,0.5864473748207092
FlexTok,imagenet_r,n02437616,208,0.2272507932782173,17.275890922546388,0.6156931975483895
FlexTok,imagenet_r,n02437616,256,0.19333868443965907,18.524862041473387,0.6516097038984299
FlexTok,imagenet_r,n02445715,8,0.5700879597663879,10.97642086982727,0.33247268967330457
FlexTok,imagenet_r,n02445715,16,0.5380830025672912,11.054611206054688,0.3449635736644268
FlexTok,imagenet_r,n02445715,32,0.4656769585609436,11.597626476287841,0.38427382841706276
FlexTok,imagenet_r,n02445715,64,0.38558907687664035,12.271816825866699,0.4322963947057724
FlexTok,imagenet_r,n02445715,96,0.3271905705332756,13.628809843063355,0.4916538816690445
FlexTok,imagenet_r,n02445715,128,0.2780218008160591,14.919947624206543,0.5487220022082329
FlexTok,imagenet_r,n02445715,160,0.24707121968269344,15.778452892303466,0.5841059651970864
FlexTok,imagenet_r,n02445715,208,0.20716699108481404,16.88198881149292,0.6272624182701111
FlexTok,imagenet_r,n02445715,256,0.17824195288121697,18.12136083602905,0.663152487874031
FlexTok,imagenet_r,n02447366,8,0.5667623847723007,11.386805028915406,0.3219055451452732
FlexTok,imagenet_r,n02447366,16,0.5218684089183807,11.39815405845642,0.33159507557749746
FlexTok,imagenet_r,n02447366,32,0.4544562757015228,12.021902666091918,0.3664061112701893
FlexTok,imagenet_r,n02447366,64,0.37659998655319216,12.701094894409179,0.4073715671896935
FlexTok,imagenet_r,n02447366,96,0.32049588799476625,13.831140995025635,0.4581441408395767
FlexTok,imagenet_r,n02447366,128,0.2778258153796196,14.864202480316163,0.5034524062275887
FlexTok,imagenet_r,n02447366,160,0.2551481360197067,15.456745548248291,0.5292129394412041
FlexTok,imagenet_r,n02447366,208,0.22857670381665227,16.184846725463867,0.5645132839679718
FlexTok,imagenet_r,n02447366,256,0.19918721273541448,17.228152980804442,0.5974381431937218
FlexTok,imagenet_r,n02480495,8,0.5680015742778778,12.687069873809815,0.2801357777416706
FlexTok,imagenet_r,n02480495,16,0.5247880703210831,13.29454870223999,0.30193397916853426
FlexTok,imagenet_r,n02480495,32,0.45395336002111436,14.147871570587158,0.32814793810248377
FlexTok,imagenet_r,n02480495,64,0.3732388183474541,15.355700511932373,0.37125728189945223
FlexTok,imagenet_r,n02480495,96,0.3254779198765755,16.340914821624757,0.4089266720414162
FlexTok,imagenet_r,n02480495,128,0.28850533217191693,17.234867019653322,0.4481296753883362
FlexTok,imagenet_r,n02480495,160,0.2644899401068687,17.75703374862671,0.4715284970402718
FlexTok,imagenet_r,n02480495,208,0.2407326707243919,18.33701385498047,0.5021673974394798
FlexTok,imagenet_r,n02480495,256,0.21613388210535045,19.237138137817382,0.5308153301477432
FlexTok,imagenet_r,n02480855,8,0.586532500386238,11.707607746124268,0.2424308995902538
FlexTok,imagenet_r,n02480855,16,0.56412014067173,11.777333278656005,0.24769988693296907
FlexTok,imagenet_r,n02480855,32,0.5034343004226685,12.374372920989991,0.2756973984837532
FlexTok,imagenet_r,n02480855,64,0.4240631598234177,13.167482395172119,0.31142525926232334
FlexTok,imagenet_r,n02480855,96,0.3757182991504669,14.143660755157471,0.35587252795696256
FlexTok,imagenet_r,n02480855,128,0.3315719273686409,15.07152099609375,0.40305093467235564
FlexTok,imagenet_r,n02480855,160,0.30577487677335735,15.63293836593628,0.4340848508477211
FlexTok,imagenet_r,n02480855,208,0.27753603518009184,16.336790618896483,0.4713210590183735
FlexTok,imagenet_r,n02480855,256,0.2487324512004852,17.273768882751465,0.5107680405676365
FlexTok,imagenet_r,n02481823,8,0.5259603488445282,12.209351511001588,0.3318887080252171
FlexTok,imagenet_r,n02481823,16,0.48655139207839965,12.486245975494384,0.34305080838501456
FlexTok,imagenet_r,n02481823,32,0.4273017764091492,13.293853511810303,0.37212342843413354
FlexTok,imagenet_r,n02481823,64,0.3550679886341095,14.17628176689148,0.40885289177298545
FlexTok,imagenet_r,n02481823,96,0.31537439107894893,15.11313470840454,0.44979054629802706
FlexTok,imagenet_r,n02481823,128,0.27410953909158703,16.036209926605224,0.489216696023941
FlexTok,imagenet_r,n02481823,160,0.25080856055021283,16.569552879333497,0.5156970405578614
FlexTok,imagenet_r,n02481823,208,0.22907715380191798,17.195552616119386,0.550785844027996
FlexTok,imagenet_r,n02481823,256,0.20161297798156735,18.21411600112915,0.5829629927873612
FlexTok,imagenet_r,n02483362,8,0.5495052516460419,13.599667520523072,0.359042479917407
FlexTok,imagenet_r,n02483362,16,0.5123291832208633,13.643089590072632,0.3737920094281435
FlexTok,imagenet_r,n02483362,32,0.4516936671733856,14.229220180511474,0.3945807129889727
FlexTok,imagenet_r,n02483362,64,0.36979577541351316,15.077251567840577,0.42728090822696685
FlexTok,imagenet_r,n02483362,96,0.3206577315926552,15.864961948394775,0.4706744974851608
FlexTok,imagenet_r,n02483362,128,0.2826950435340404,16.822134227752684,0.5084340512752533
FlexTok,imagenet_r,n02483362,160,0.263052654415369,17.272899112701417,0.5308211022615432
FlexTok,imagenet_r,n02483362,208,0.2451295784115791,17.637040615081787,0.5595639756321907
FlexTok,imagenet_r,n02483362,256,0.2158777759969234,18.683450527191162,0.5918860548734665
FlexTok,imagenet_r,n02486410,8,0.5764634370803833,11.967684478759766,0.30750617451965806
FlexTok,imagenet_r,n02486410,16,0.5464337909221649,11.937360715866088,0.31027888305485246
FlexTok,imagenet_r,n02486410,32,0.48303950428962705,12.680954055786133,0.34363677322864533
FlexTok,imagenet_r,n02486410,64,0.4117846941947937,13.43213849067688,0.37277054250240327
FlexTok,imagenet_r,n02486410,96,0.36077637791633604,14.368031520843505,0.41279923111200334
FlexTok,imagenet_r,n02486410,128,0.3116660177707672,15.285892963409424,0.4600752970576286
FlexTok,imagenet_r,n02486410,160,0.2812050867080688,15.856458110809326,0.49104667007923125
FlexTok,imagenet_r,n02486410,208,0.25670820385217663,16.39968557357788,0.521666548550129
FlexTok,imagenet_r,n02486410,256,0.226714883595705,17.41954580307007,0.5601535433530808
FlexTok,imagenet_r,n02510455,8,0.5680851751565933,10.940518369674683,0.2855259288102388
FlexTok,imagenet_r,n02510455,16,0.5278235179185867,11.092967567443848,0.29000479742884633
FlexTok,imagenet_r,n02510455,32,0.4727102440595627,11.734535369873047,0.3208146108686924
FlexTok,imagenet_r,n02510455,64,0.40397004544734955,12.515649700164795,0.36479588225483894
FlexTok,imagenet_r,n02510455,96,0.34509267181158065,13.806560230255126,0.42749651402235034
FlexTok,imagenet_r,n02510455,128,0.2967424017190933,15.16799186706543,0.4860613358020782
FlexTok,imagenet_r,n02510455,160,0.26863578170537944,15.985030174255371,0.5199021524190903
FlexTok,imagenet_r,n02510455,208,0.23902939379215238,17.020995445251465,0.5605937674641609
FlexTok,imagenet_r,n02510455,256,0.20846008539199826,18.305197525024415,0.5991229537129402
FlexTok,imagenet_r,n02526121,8,0.5629143285751342,12.241231498718262,0.3424417657405138
FlexTok,imagenet_r,n02526121,16,0.5256396728754044,12.342893323898316,0.35315586157143114
FlexTok,imagenet_r,n02526121,32,0.4650295829772949,12.782691297531128,0.3811452405899763
FlexTok,imagenet_r,n02526121,64,0.38173003375530246,13.682667779922486,0.42697713509202
FlexTok,imagenet_r,n02526121,96,0.33056782484054564,14.587991828918456,0.472996896058321
FlexTok,imagenet_r,n02526121,128,0.28167963460087775,15.451420555114746,0.5231365785002708
FlexTok,imagenet_r,n02526121,160,0.2549435034394264,15.893096103668213,0.5509576997160912
FlexTok,imagenet_r,n02526121,208,0.22764486253261562,16.427321395874024,0.5891536495089531
FlexTok,imagenet_r,n02526121,256,0.1926084494590759,17.46577564239502,0.6252934122085572
FlexTok,imagenet_r,n02607072,8,0.5782962101697922,12.113429431915284,0.3108588925004005
FlexTok,imagenet_r,n02607072,16,0.5382351964712143,12.209115619659423,0.3085110498964786
FlexTok,imagenet_r,n02607072,32,0.48636753380298614,12.794867172241212,0.3260517689585686
FlexTok,imagenet_r,n02607072,64,0.4133593109250069,13.522175388336182,0.36179874271154405
FlexTok,imagenet_r,n02607072,96,0.3504488888382912,14.83689073562622,0.4076795007288456
FlexTok,imagenet_r,n02607072,128,0.29554409384727476,16.084973125457765,0.4570413389801979
FlexTok,imagenet_r,n02607072,160,0.2720198233425617,16.672056579589842,0.48498689144849777
FlexTok,imagenet_r,n02607072,208,0.2415289133787155,17.497742500305176,0.5205489677190781
FlexTok,imagenet_r,n02607072,256,0.20968308381736275,18.67931261062622,0.5586967065930366
FlexTok,imagenet_r,n02655020,8,0.546556059718132,12.671964530944825,0.336947540268302
FlexTok,imagenet_r,n02655020,16,0.5100514513254165,12.866500558853149,0.34625656962394713
FlexTok,imagenet_r,n02655020,32,0.4531339359283447,13.602224006652833,0.369521494358778
FlexTok,imagenet_r,n02655020,64,0.378106050491333,14.315631313323975,0.4021547795832157
FlexTok,imagenet_r,n02655020,96,0.3354789400100708,15.221223888397217,0.436519223600626
FlexTok,imagenet_r,n02655020,128,0.298217604458332,16.048189086914064,0.47363740772008894
FlexTok,imagenet_r,n02655020,160,0.274850802719593,16.51093629837036,0.49811900466680525
FlexTok,imagenet_r,n02655020,208,0.25112016662955283,17.000269088745117,0.5260288193821907
FlexTok,imagenet_r,n02655020,256,0.22478963866829868,17.906155853271486,0.5595520105957985
FlexTok,imagenet_r,n02672831,8,0.5652863103151321,11.774400749206542,0.3005301351472735
FlexTok,imagenet_r,n02672831,16,0.5223198664188385,11.721939477920532,0.31255149230360985
FlexTok,imagenet_r,n02672831,32,0.4675727942585945,12.14917929649353,0.33816737934947017
FlexTok,imagenet_r,n02672831,64,0.39539007633924483,12.725198163986207,0.36464435830712316
FlexTok,imagenet_r,n02672831,96,0.3490672731399536,13.362611989974976,0.4133459374308586
FlexTok,imagenet_r,n02672831,128,0.30684001594781873,14.191578598022462,0.4598854288458824
FlexTok,imagenet_r,n02672831,160,0.2831476682424545,14.626824531555176,0.49107077836990354
FlexTok,imagenet_r,n02672831,208,0.25653752714395517,15.116829891204834,0.5315976798534393
FlexTok,imagenet_r,n02672831,256,0.2252352394163608,15.999507942199706,0.5677861568331718
FlexTok,imagenet_r,n02701002,8,0.5409890997409821,11.829389581680298,0.3734401623159647
FlexTok,imagenet_r,n02701002,16,0.4996580085158348,11.845672378540039,0.38359077550470827
FlexTok,imagenet_r,n02701002,32,0.44499627739191056,12.409121570587159,0.416010617762804
FlexTok,imagenet_r,n02701002,64,0.367496597468853,12.909503688812256,0.4549518151581287
FlexTok,imagenet_r,n02701002,96,0.3186172290146351,13.864060707092285,0.5196624664962292
FlexTok,imagenet_r,n02701002,128,0.2728996147215366,14.862275485992432,0.5775576403737068
FlexTok,imagenet_r,n02701002,160,0.2476306742429733,15.43294324874878,0.6099143442511559
FlexTok,imagenet_r,n02701002,208,0.22023236051201817,16.114219131469728,0.6461625307798385
FlexTok,imagenet_r,n02701002,256,0.1868510667979717,17.229900608062746,0.6857210120558739
FlexTok,imagenet_r,n02749479,8,0.5206816154718399,12.420705184936523,0.40107983976602557
FlexTok,imagenet_r,n02749479,16,0.47879811882972717,12.704133853912353,0.41085049480199815
FlexTok,imagenet_r,n02749479,32,0.4210043451189995,13.504151821136475,0.44139798000454905
FlexTok,imagenet_r,n02749479,64,0.34285689175128936,14.603201198577882,0.4794100275635719
FlexTok,imagenet_r,n02749479,96,0.2954646691679954,15.711565551757813,0.5305301152169705
FlexTok,imagenet_r,n02749479,128,0.2561456480622291,16.90325222015381,0.5725288638472557
FlexTok,imagenet_r,n02749479,160,0.2365097531676292,17.5350514793396,0.5976079720258712
FlexTok,imagenet_r,n02749479,208,0.2148712886869907,18.114263114929198,0.6263228678703308
FlexTok,imagenet_r,n02749479,256,0.18850393727421758,19.253946647644042,0.6591443124413491
FlexTok,imagenet_r,n02769748,8,0.5681568306684494,11.984025964736938,0.3483232481777668
FlexTok,imagenet_r,n02769748,16,0.5378083235025406,11.973182554244994,0.3507599703967571
FlexTok,imagenet_r,n02769748,32,0.4711726242303848,12.431174421310425,0.38129604250192645
FlexTok,imagenet_r,n02769748,64,0.3882938873767853,13.205479793548584,0.427084641456604
FlexTok,imagenet_r,n02769748,96,0.33398791700601577,13.91668773651123,0.47424549847841263
FlexTok,imagenet_r,n02769748,128,0.28536066889762873,14.763219757080078,0.5242740932106972
FlexTok,imagenet_r,n02769748,160,0.25824718624353404,15.301812477111817,0.5569376999139786
FlexTok,imagenet_r,n02769748,208,0.2310985121130943,15.771507301330566,0.5950697100162506
FlexTok,imagenet_r,n02769748,256,0.1965552362799644,16.92318355560303,0.6374991446733475
FlexTok,imagenet_r,n02793495,8,0.6170701479911804,13.172907695770263,0.27210187822580334
FlexTok,imagenet_r,n02793495,16,0.5704446578025818,13.244757747650146,0.2724150018393993
FlexTok,imagenet_r,n02793495,32,0.5112133193016052,14.064080028533935,0.3010353760421276
FlexTok,imagenet_r,n02793495,64,0.42970040410757065,15.032675952911378,0.33513546660542487
FlexTok,imagenet_r,n02793495,96,0.37427964895963667,16.058854846954347,0.3830778011679649
FlexTok,imagenet_r,n02793495,128,0.3251672500371933,16.983543510437013,0.42692630261182785
FlexTok,imagenet_r,n02793495,160,0.30516255050897595,17.429480152130125,0.4531466248631477
FlexTok,imagenet_r,n02793495,208,0.28295646280050274,17.916236648559572,0.48136958718299866
FlexTok,imagenet_r,n02793495,256,0.25040334373712536,18.88452661514282,0.5157620912790298
FlexTok,imagenet_r,n02797295,8,0.5904000508785248,12.22382266998291,0.27690768526867027
FlexTok,imagenet_r,n02797295,16,0.5512192207574844,12.356713886260986,0.2874450843781233
FlexTok,imagenet_r,n02797295,32,0.4953679543733597,13.17131646156311,0.3166003876179456
FlexTok,imagenet_r,n02797295,64,0.4130985361337662,14.086871166229248,0.3564429999142885
FlexTok,imagenet_r,n02797295,96,0.3677075809240341,14.8704691696167,0.3941118836402893
FlexTok,imagenet_r,n02797295,128,0.3276866680383682,15.765346927642822,0.4367609930038452
FlexTok,imagenet_r,n02797295,160,0.3049710756540298,16.19672472000122,0.4627124026417732
FlexTok,imagenet_r,n02797295,208,0.27867282122373577,16.687638816833495,0.49617609709501265
FlexTok,imagenet_r,n02797295,256,0.25044803664088244,17.638474426269532,0.5296647530794144
FlexTok,imagenet_r,n02802426,8,0.5667498317360878,11.409130325317383,0.35927362203598023
FlexTok,imagenet_r,n02802426,16,0.5314877462387085,11.5140198802948,0.361697536110878
FlexTok,imagenet_r,n02802426,32,0.47142195135355,12.15658296585083,0.3952236853539944
FlexTok,imagenet_r,n02802426,64,0.3907919710874557,13.082510614395142,0.4344720208644867
FlexTok,imagenet_r,n02802426,96,0.33153177946805956,14.056762199401856,0.4849733546376228
FlexTok,imagenet_r,n02802426,128,0.28295081533491606,14.985758533477783,0.5304918509721755
FlexTok,imagenet_r,n02802426,160,0.2569930531084537,15.563601398468018,0.5579375809431076
FlexTok,imagenet_r,n02802426,208,0.2287719070166349,16.170414237976075,0.5925396245718002
FlexTok,imagenet_r,n02802426,256,0.19599575243890283,17.15464828491211,0.6277530908584594
FlexTok,imagenet_r,n02808440,8,0.5741875904798508,13.458148889541626,0.3489947209507227
FlexTok,imagenet_r,n02808440,16,0.5289526885747909,13.3674609375,0.3503496564179659
FlexTok,imagenet_r,n02808440,32,0.4611078578233719,13.995044670104981,0.3806578706204891
FlexTok,imagenet_r,n02808440,64,0.3838557913899422,14.613977184295655,0.41728592619299887
FlexTok,imagenet_r,n02808440,96,0.33493662506341937,15.454911861419678,0.46634953156113623
FlexTok,imagenet_r,n02808440,128,0.288340802937746,16.50256753921509,0.5180578717589378
FlexTok,imagenet_r,n02808440,160,0.2678467087447643,16.94873764038086,0.5439707842469216
FlexTok,imagenet_r,n02808440,208,0.24331889331340786,17.392984046936036,0.5751251277327537
FlexTok,imagenet_r,n02808440,256,0.211187909245491,18.405524444580077,0.6105912059545517
FlexTok,imagenet_r,n02814860,8,0.561661384999752,13.65705596923828,0.3579947619140148
FlexTok,imagenet_r,n02814860,16,0.5266236108541489,13.583940353393555,0.366252720952034
FlexTok,imagenet_r,n02814860,32,0.472011011838913,14.140588893890381,0.38767748028039933
FlexTok,imagenet_r,n02814860,64,0.38629292994737624,15.187867851257325,0.42696208715438844
FlexTok,imagenet_r,n02814860,96,0.33516370117664335,16.159602756500245,0.46938532412052153
FlexTok,imagenet_r,n02814860,128,0.2984767699241638,17.21567621231079,0.5087109336256981
FlexTok,imagenet_r,n02814860,160,0.27594770744442937,17.571963329315185,0.5309224763512611
FlexTok,imagenet_r,n02814860,208,0.2539801852405071,17.92378604888916,0.5606637564301491
FlexTok,imagenet_r,n02814860,256,0.2230876865983009,18.82307975769043,0.5924332976341248
FlexTok,imagenet_r,n02823750,8,0.5550559419393539,12.028362627029418,0.3857233684137464
FlexTok,imagenet_r,n02823750,16,0.5149424162507057,12.168627052307128,0.39028718855232003
FlexTok,imagenet_r,n02823750,32,0.44854094326496124,12.860677127838136,0.4249558974429965
FlexTok,imagenet_r,n02823750,64,0.36609556660056114,13.691038055419922,0.46143421314656735
FlexTok,imagenet_r,n02823750,96,0.30964805319905275,14.751143341064454,0.505882211625576
FlexTok,imagenet_r,n02823750,128,0.2687849526107311,15.734251060485839,0.5527589163184166
FlexTok,imagenet_r,n02823750,160,0.24117386162281032,16.225216236114502,0.5758169651031494
FlexTok,imagenet_r,n02823750,208,0.21710025817155834,16.78898651123047,0.6034841901063919
FlexTok,imagenet_r,n02823750,256,0.19095983661711213,17.783751468658448,0.6382588431239128
FlexTok,imagenet_r,n02841315,8,0.5694194388389587,11.308181715011596,0.30227633185684677
FlexTok,imagenet_r,n02841315,16,0.5261953961849213,11.430657424926757,0.3135700174793601
FlexTok,imagenet_r,n02841315,32,0.4685699951648712,12.110707120895386,0.34555632948875425
FlexTok,imagenet_r,n02841315,64,0.3823297646641731,12.908882274627686,0.38453364595770834
FlexTok,imagenet_r,n02841315,96,0.33150947600603103,13.924960136413574,0.43954457372426986
FlexTok,imagenet_r,n02841315,128,0.2901458190381527,14.812663364410401,0.4802106833457947
FlexTok,imagenet_r,n02841315,160,0.26573754906654357,15.252319831848144,0.5097768202424049
FlexTok,imagenet_r,n02841315,208,0.24023597821593282,15.819505710601806,0.5476444652676582
FlexTok,imagenet_r,n02841315,256,0.20685664325952527,16.871220874786378,0.582955892086029
FlexTok,imagenet_r,n02843684,8,0.5880364918708801,13.063040189743042,0.3303214944899082
FlexTok,imagenet_r,n02843684,16,0.5598528057336807,12.958132286071777,0.3299922470748424
FlexTok,imagenet_r,n02843684,32,0.4846609622240067,13.65178617477417,0.35782171711325644
FlexTok,imagenet_r,n02843684,64,0.403597865998745,14.367023353576661,0.38740411221981047
FlexTok,imagenet_r,n02843684,96,0.34813068479299547,15.205657596588134,0.4323311381042004
FlexTok,imagenet_r,n02843684,128,0.29748929440975186,16.15869676589966,0.4801893445849419
FlexTok,imagenet_r,n02843684,160,0.2716606250405311,16.621223430633545,0.5082264935970306
FlexTok,imagenet_r,n02843684,208,0.24449313536286352,17.188370246887207,0.5431970518827438
FlexTok,imagenet_r,n02843684,256,0.21516565993428227,18.137856044769286,0.5771646496653556
FlexTok,imagenet_r,n02883205,8,0.5601020723581314,11.979468822479248,0.3693056230992079
FlexTok,imagenet_r,n02883205,16,0.5178175222873688,12.032369842529297,0.377030103802681
FlexTok,imagenet_r,n02883205,32,0.45296880811452866,12.813232488632202,0.4065087851881981
FlexTok,imagenet_r,n02883205,64,0.37518534511327745,13.689234790802002,0.44975037075579166
FlexTok,imagenet_r,n02883205,96,0.3160992050170898,14.753218040466308,0.5061699756979943
FlexTok,imagenet_r,n02883205,128,0.2676025108993053,15.791817893981934,0.554188277721405
FlexTok,imagenet_r,n02883205,160,0.2441545861959457,16.44365825653076,0.5844712302088737
FlexTok,imagenet_r,n02883205,208,0.21728922739624973,17.1745357131958,0.6182450598478317
FlexTok,imagenet_r,n02883205,256,0.1882130081951618,18.337540493011474,0.6523447036743164
FlexTok,imagenet_r,n02906734,8,0.5750003480911254,11.483906288146972,0.3650356417894363
FlexTok,imagenet_r,n02906734,16,0.5452434182167053,11.591828994750976,0.36746601402759554
FlexTok,imagenet_r,n02906734,32,0.4830686986446381,12.458506841659545,0.40135042011737826
FlexTok,imagenet_r,n02906734,64,0.3999261894822121,13.238701496124268,0.4426285445690155
FlexTok,imagenet_r,n02906734,96,0.34250739991664886,14.24724241256714,0.49034477412700656
FlexTok,imagenet_r,n02906734,128,0.29194937288761136,15.186788311004639,0.5378744643926621
FlexTok,imagenet_r,n02906734,160,0.2648385328054428,15.73606906890869,0.5680557370185852
FlexTok,imagenet_r,n02906734,208,0.23495930030941958,16.35678321838379,0.599854765534401
FlexTok,imagenet_r,n02906734,256,0.2037433752417564,17.365355682373046,0.6343542069196701
FlexTok,imagenet_r,n02909870,8,0.5714428102970124,12.426126117706298,0.37931126818060873
FlexTok,imagenet_r,n02909870,16,0.5309884130954743,12.490619382858277,0.38723529160022735
FlexTok,imagenet_r,n02909870,32,0.46796845734119413,13.05623441696167,0.41717367559671403
FlexTok,imagenet_r,n02909870,64,0.3808918398618698,13.726761474609376,0.46307765305042264
FlexTok,imagenet_r,n02909870,96,0.32107875019311904,14.648443851470947,0.5074699181318283
FlexTok,imagenet_r,n02909870,128,0.2720687547326088,15.507430229187012,0.5509883877635002
FlexTok,imagenet_r,n02909870,160,0.2452026319503784,16.02566873550415,0.5811867436766625
FlexTok,imagenet_r,n02909870,208,0.22054241299629207,16.601290893554687,0.6139462614059448
FlexTok,imagenet_r,n02909870,256,0.18929924532771106,17.598683891296385,0.6497306025028229
FlexTok,imagenet_r,n02939185,8,0.5676277117803693,12.70464144706726,0.2825979860126972
FlexTok,imagenet_r,n02939185,16,0.529046437293291,12.902193994522095,0.30091524798423047
FlexTok,imagenet_r,n02939185,32,0.47490545380860566,13.520221366882325,0.325064518712461
FlexTok,imagenet_r,n02939185,64,0.39205473664507734,14.613457574844361,0.3646171472221613
FlexTok,imagenet_r,n02939185,96,0.34209122827771354,15.468269557952881,0.40611537963151934
FlexTok,imagenet_r,n02939185,128,0.30186170645407395,16.418027935028075,0.45063275054097174
FlexTok,imagenet_r,n02939185,160,0.2790485186106525,16.83945369720459,0.47679625913500784
FlexTok,imagenet_r,n02939185,208,0.25778500235173846,17.279892597198486,0.5055930659174919
FlexTok,imagenet_r,n02939185,256,0.22855747452937064,18.297109508514403,0.5410470846295357
FlexTok,imagenet_r,n02948072,8,0.576243679523468,13.135301322937012,0.39026451740413903
FlexTok,imagenet_r,n02948072,16,0.539909634590149,13.09768786430359,0.39275589350610973
FlexTok,imagenet_r,n02948072,32,0.45727203249931336,13.617239570617675,0.42651652440428733
FlexTok,imagenet_r,n02948072,64,0.3679306736588478,14.437536487579345,0.4716483866423368
FlexTok,imagenet_r,n02948072,96,0.31572946459054946,15.183136215209961,0.5143763965368271
FlexTok,imagenet_r,n02948072,128,0.27019192993640895,16.0384566116333,0.5595158869028092
FlexTok,imagenet_r,n02948072,160,0.24740892484784122,16.501787872314452,0.5819142764806747
FlexTok,imagenet_r,n02948072,208,0.22315536230802532,16.870088291168212,0.6099245357513428
FlexTok,imagenet_r,n02948072,256,0.19071435332298275,17.93545961380005,0.6448183459043503
FlexTok,imagenet_r,n02950826,8,0.5369532412290573,12.472983455657959,0.37230384558439256
FlexTok,imagenet_r,n02950826,16,0.49918117851018906,12.570478534698486,0.38073768429458144
FlexTok,imagenet_r,n02950826,32,0.4290336260199547,13.19264726638794,0.41224116779863834
FlexTok,imagenet_r,n02950826,64,0.35547556579113004,13.98907693862915,0.4484297287464142
FlexTok,imagenet_r,n02950826,96,0.31481391102075573,14.709828186035157,0.4904142068326473
FlexTok,imagenet_r,n02950826,128,0.27944983616471286,15.627776336669921,0.5315316894650459
FlexTok,imagenet_r,n02950826,160,0.25368658110499376,16.077844734191896,0.5604522153735161
FlexTok,imagenet_r,n02950826,208,0.2307247547805309,16.603029880523682,0.5933331459760666
FlexTok,imagenet_r,n02950826,256,0.20265956729650494,17.55840026855469,0.6276310729980469
FlexTok,imagenet_r,n02951358,8,0.5910049879550934,13.228565893173219,0.2856809929013252
FlexTok,imagenet_r,n02951358,16,0.5532309591770173,13.354253044128418,0.2967038212716579
FlexTok,imagenet_r,n02951358,32,0.4874201714992523,14.33614652633667,0.319028288424015
FlexTok,imagenet_r,n02951358,64,0.40491101950407027,15.281910228729249,0.3516825632750988
FlexTok,imagenet_r,n02951358,96,0.35374158903956415,16.20779945373535,0.3912680821120739
FlexTok,imagenet_r,n02951358,128,0.3103865014016628,17.20158233642578,0.4328434431552887
FlexTok,imagenet_r,n02951358,160,0.2904413394629955,17.656262645721437,0.4572848805785179
FlexTok,imagenet_r,n02951358,208,0.2706874062120914,18.137742862701415,0.4843780186772346
FlexTok,imagenet_r,n02951358,256,0.24431143760681148,19.01828945159912,0.5121104499697685
FlexTok,imagenet_r,n02966193,8,0.5743035554885865,12.625211820602416,0.30444765012711283
FlexTok,imagenet_r,n02966193,16,0.5447212827205657,12.79015130996704,0.3097023860737681
FlexTok,imagenet_r,n02966193,32,0.4905509281158447,13.228284549713134,0.33235337883234023
FlexTok,imagenet_r,n02966193,64,0.4126624858379364,13.76957317352295,0.3699870788305998
FlexTok,imagenet_r,n02966193,96,0.3716604155302048,14.261494407653808,0.4084492863714695
FlexTok,imagenet_r,n02966193,128,0.3352162945270538,15.019067611694336,0.4450241155922413
FlexTok,imagenet_r,n02966193,160,0.3139987283945083,15.379476032257081,0.4694346173107624
FlexTok,imagenet_r,n02966193,208,0.2878957930207252,15.696485385894775,0.5018760323524475
FlexTok,imagenet_r,n02966193,256,0.25649460643529887,16.567539501190186,0.5352546164393425
FlexTok,imagenet_r,n02980441,8,0.5824683696031571,14.010927028656006,0.3137493932247162
FlexTok,imagenet_r,n02980441,16,0.5481284296512604,13.805971031188966,0.31615697860717773
FlexTok,imagenet_r,n02980441,32,0.4978222054243088,14.366100940704346,0.33615204349160194
FlexTok,imagenet_r,n02980441,64,0.42883513033390047,15.027210254669189,0.3683892212808132
FlexTok,imagenet_r,n02980441,96,0.3823665946722031,15.670480842590331,0.4081185829639435
FlexTok,imagenet_r,n02980441,128,0.3408859732747078,16.406491317749023,0.44536351174116134
FlexTok,imagenet_r,n02980441,160,0.31864395976066584,16.77030860900879,0.4705306860804558
FlexTok,imagenet_r,n02980441,208,0.2902748671174049,17.083667831420897,0.499568897485733
FlexTok,imagenet_r,n02980441,256,0.26017694085836407,17.974039039611817,0.5349321895837784
FlexTok,imagenet_r,n02992529,8,0.5223416867852211,12.38636487007141,0.41059223242104054
FlexTok,imagenet_r,n02992529,16,0.47495916903018953,12.707571315765382,0.4299691184610128
FlexTok,imagenet_r,n02992529,32,0.41182051062583924,13.210138473510742,0.45752366274595263
FlexTok,imagenet_r,n02992529,64,0.3358708557486534,13.957148942947388,0.5059587648510933
FlexTok,imagenet_r,n02992529,96,0.2831417334079742,14.946162986755372,0.5571193698048592
FlexTok,imagenet_r,n02992529,128,0.23862396910786626,16.052693977355958,0.608156760931015
FlexTok,imagenet_r,n02992529,160,0.2180415683984756,16.56413585662842,0.637789920270443
FlexTok,imagenet_r,n02992529,208,0.1936544176936149,17.167311515808105,0.6708046054840088
FlexTok,imagenet_r,n02992529,256,0.17079546377062793,18.13446180343628,0.7008514976501465
FlexTok,imagenet_r,n03124170,8,0.5711306869983673,11.581076774597168,0.3077754013985395
FlexTok,imagenet_r,n03124170,16,0.5368263924121857,11.805253429412842,0.3175262764841318
FlexTok,imagenet_r,n03124170,32,0.468482186794281,12.246076412200928,0.3441610755771399
FlexTok,imagenet_r,n03124170,64,0.39312625885009767,13.040086793899537,0.3869286380708218
FlexTok,imagenet_r,n03124170,96,0.3421513983607292,14.045579795837403,0.4353223964571953
FlexTok,imagenet_r,n03124170,128,0.30171948462724685,14.985393581390381,0.48004574298858643
FlexTok,imagenet_r,n03124170,160,0.27774303749203677,15.51387725830078,0.5106931874155998
FlexTok,imagenet_r,n03124170,208,0.25343712404370305,16.08295581817627,0.5470456996560097
FlexTok,imagenet_r,n03124170,256,0.22087909340858455,17.09422660827637,0.5832883036136627
FlexTok,imagenet_r,n03272010,8,0.5425873294472694,12.723035507202148,0.40005582258105277
FlexTok,imagenet_r,n03272010,16,0.5167161908745765,12.809583463668822,0.39890975415706637
FlexTok,imagenet_r,n03272010,32,0.44575359880924226,13.576573638916015,0.4410840886831284
FlexTok,imagenet_r,n03272010,64,0.3682264909148216,14.351335144042968,0.4781343957781792
FlexTok,imagenet_r,n03272010,96,0.3244302858412266,15.075010681152344,0.5125703766942025
FlexTok,imagenet_r,n03272010,128,0.28216957405209536,15.862424011230468,0.5508019471168518
FlexTok,imagenet_r,n03272010,160,0.25975381478667253,16.32245040893555,0.5699600791931152
FlexTok,imagenet_r,n03272010,208,0.23609916955232615,16.841817111968993,0.6036289674043656
FlexTok,imagenet_r,n03272010,256,0.2080741629004478,17.715494079589845,0.6314927631616593
FlexTok,imagenet_r,n03345487,8,0.5644847142696381,11.413646183013917,0.31477951437234875
FlexTok,imagenet_r,n03345487,16,0.5162643939256668,11.711579990386962,0.3295579469203949
FlexTok,imagenet_r,n03345487,32,0.4574822783470154,12.22267930984497,0.36255794823169707
FlexTok,imagenet_r,n03345487,64,0.3770982438325882,12.806453876495361,0.399212476760149
FlexTok,imagenet_r,n03345487,96,0.3278259420394897,13.624742221832275,0.4490898209810257
FlexTok,imagenet_r,n03345487,128,0.2812894186377525,14.580008182525635,0.5018821248412132
FlexTok,imagenet_r,n03345487,160,0.25874001577496525,15.030190258026122,0.5300834992527962
FlexTok,imagenet_r,n03345487,208,0.2341390778124332,15.560912971496583,0.5666001680493354
FlexTok,imagenet_r,n03345487,256,0.20429467037320134,16.46790117263794,0.6042527055740357
FlexTok,imagenet_r,n03372029,8,0.5532813823223114,12.876789951324463,0.3221356588602066
FlexTok,imagenet_r,n03372029,16,0.5197433292865753,12.827090444564819,0.3269496054947376
FlexTok,imagenet_r,n03372029,32,0.46223635971546173,13.308542909622192,0.35084095373749735
FlexTok,imagenet_r,n03372029,64,0.4002411836385727,14.05978401184082,0.38176951885223387
FlexTok,imagenet_r,n03372029,96,0.3526397109031677,14.773125209808349,0.42452514052391055
FlexTok,imagenet_r,n03372029,128,0.3094700613617897,15.64093463897705,0.46617568463087083
FlexTok,imagenet_r,n03372029,160,0.2848301911354065,16.099898681640624,0.49636754125356675
FlexTok,imagenet_r,n03372029,208,0.2572659575939178,16.59988317489624,0.5324560436606407
FlexTok,imagenet_r,n03372029,256,0.22497223228216168,17.704174194335938,0.5727668684720993
FlexTok,imagenet_r,n03424325,8,0.5769531708955765,12.071271238327027,0.23565490566194053
FlexTok,imagenet_r,n03424325,16,0.5500079834461212,12.20839931488037,0.24474191561341282
FlexTok,imagenet_r,n03424325,32,0.4904151594638824,12.976799087524414,0.2764135723561048
FlexTok,imagenet_r,n03424325,64,0.41745145857334137,13.782929019927979,0.32194468900561335
FlexTok,imagenet_r,n03424325,96,0.36647747218608856,14.764001312255859,0.3770135709643364
FlexTok,imagenet_r,n03424325,128,0.3165192511677742,15.83203956604004,0.43169349163770676
FlexTok,imagenet_r,n03424325,160,0.2949075666069984,16.3656650352478,0.4614560306072235
FlexTok,imagenet_r,n03424325,208,0.26873421430587763,17.039611263275148,0.49885464072227476
FlexTok,imagenet_r,n03424325,256,0.23657025292515751,18.112960262298586,0.54026496052742
FlexTok,imagenet_r,n03452741,8,0.5672529470920563,12.08322525024414,0.27973892159759994
FlexTok,imagenet_r,n03452741,16,0.5291307467222214,12.299773006439208,0.29212274760007856
FlexTok,imagenet_r,n03452741,32,0.4729291957616806,12.954817790985107,0.3248580617457628
FlexTok,imagenet_r,n03452741,64,0.39843411117792127,13.835436534881591,0.36339284904301167
FlexTok,imagenet_r,n03452741,96,0.3413228359818459,14.983481273651122,0.4214962121844292
FlexTok,imagenet_r,n03452741,128,0.29309001982212063,16.152168846130373,0.4753867466747761
FlexTok,imagenet_r,n03452741,160,0.26751842290163036,16.82801902770996,0.5057761332392693
FlexTok,imagenet_r,n03452741,208,0.2399050080776214,17.63212110519409,0.5426880019903183
FlexTok,imagenet_r,n03452741,256,0.212788343578577,18.59996566772461,0.5804918402433396
FlexTok,imagenet_r,n03467068,8,0.5433994555473327,12.729064073562622,0.354455426633358
FlexTok,imagenet_r,n03467068,16,0.5191966265439987,12.540137062072754,0.35323272600769995
FlexTok,imagenet_r,n03467068,32,0.46153033554553985,13.049375686645508,0.3783168438076973
FlexTok,imagenet_r,n03467068,64,0.3815673840045929,13.900978679656982,0.42034972459077835
FlexTok,imagenet_r,n03467068,96,0.3328740647435188,14.795306606292725,0.4713072383403778
FlexTok,imagenet_r,n03467068,128,0.2874828267097473,15.635415592193603,0.5158598637580871
FlexTok,imagenet_r,n03467068,160,0.26772317796945566,16.09611530303955,0.5421409434080124
FlexTok,imagenet_r,n03467068,208,0.24171404793858525,16.58331480026245,0.5780739653110504
FlexTok,imagenet_r,n03467068,256,0.2106055676937103,17.616184959411623,0.6126320511102676
FlexTok,imagenet_r,n03481172,8,0.5484528911113739,12.47896162033081,0.4026167841255665
FlexTok,imagenet_r,n03481172,16,0.5053046005964279,12.563192749023438,0.41414333641529083
FlexTok,imagenet_r,n03481172,32,0.4401318809390068,13.295897026062011,0.44333763122558595
FlexTok,imagenet_r,n03481172,64,0.3641907662153244,14.069790916442871,0.48238780289888383
FlexTok,imagenet_r,n03481172,96,0.30893560275435444,15.040347061157227,0.5311390718817711
FlexTok,imagenet_r,n03481172,128,0.26487513616681096,15.956749687194824,0.573414343893528
FlexTok,imagenet_r,n03481172,160,0.24046798944473263,16.440863342285155,0.598189067542553
FlexTok,imagenet_r,n03481172,208,0.21814959757030006,16.99046106338501,0.630507984161377
FlexTok,imagenet_r,n03481172,256,0.1864847177267074,18.232777729034424,0.6638619893789292
FlexTok,imagenet_r,n03494278,8,0.5865064555406571,12.233218612670898,0.26866668228060003
FlexTok,imagenet_r,n03494278,16,0.5512657761573792,12.186633596420288,0.2823070147261023
FlexTok,imagenet_r,n03494278,32,0.49802400946617126,12.808675775527954,0.3006617184355855
FlexTok,imagenet_r,n03494278,64,0.41459974259138105,13.477563343048097,0.33143021576106546
FlexTok,imagenet_r,n03494278,96,0.36580043941736223,14.23170721054077,0.3810999338328838
FlexTok,imagenet_r,n03494278,128,0.3196425732970237,15.049836273193359,0.42315809309482577
FlexTok,imagenet_r,n03494278,160,0.2909640909731388,15.538509540557861,0.45483981892466546
FlexTok,imagenet_r,n03494278,208,0.2639975985884666,16.078831443786623,0.4911497603356838
FlexTok,imagenet_r,n03494278,256,0.23460462331771847,17.056734523773194,0.5290103928744793
FlexTok,imagenet_r,n03495258,8,0.5790183132886887,13.19467204093933,0.303505199579522
FlexTok,imagenet_r,n03495258,16,0.5403319799900055,13.317780256271362,0.3109040261805057
FlexTok,imagenet_r,n03495258,32,0.47553573429584506,14.004558773040772,0.3390651015820913
FlexTok,imagenet_r,n03495258,64,0.4016393220424652,14.743964653015137,0.37277898881584404
FlexTok,imagenet_r,n03495258,96,0.3526421269774437,15.532677974700928,0.41952545806765557
FlexTok,imagenet_r,n03495258,128,0.3067970252037048,16.422254009246828,0.4659320798516273
FlexTok,imagenet_r,n03495258,160,0.2813768950104713,16.861367015838624,0.49575975120067595
FlexTok,imagenet_r,n03495258,208,0.25720560967922207,17.34575325012207,0.5304482442140579
FlexTok,imagenet_r,n03495258,256,0.22454716175794598,18.371983489990235,0.5653087270259857
FlexTok,imagenet_r,n03498962,8,0.5606624513864518,12.777384090423585,0.3842891538143158
FlexTok,imagenet_r,n03498962,16,0.5211516016721726,12.941911916732789,0.39377831257879736
FlexTok,imagenet_r,n03498962,32,0.4528559046983719,13.51986735343933,0.42082550972700117
FlexTok,imagenet_r,n03498962,64,0.3710501006245613,14.275538215637207,0.4593222078680992
FlexTok,imagenet_r,n03498962,96,0.3192908033728599,15.294883937835694,0.506513192653656
FlexTok,imagenet_r,n03498962,128,0.2749164226651191,16.200474510192873,0.5469482693076134
FlexTok,imagenet_r,n03498962,160,0.2501455733180046,16.73871841430664,0.5720582413673401
FlexTok,imagenet_r,n03498962,208,0.22850144580006596,17.3495339012146,0.6031847006082535
FlexTok,imagenet_r,n03498962,256,0.19965066507458684,18.301921443939207,0.6359683042764663
FlexTok,imagenet_r,n03594945,8,0.5321203273534775,12.59598217010498,0.3262087621539831
FlexTok,imagenet_r,n03594945,16,0.49353531301021575,12.919902324676514,0.3412462419271469
FlexTok,imagenet_r,n03594945,32,0.43152468621730805,13.751548042297363,0.3749989286065102
FlexTok,imagenet_r,n03594945,64,0.36231508702039716,14.600885372161866,0.41540104120969773
FlexTok,imagenet_r,n03594945,96,0.3193605551123619,15.46079969406128,0.45686070680618285
FlexTok,imagenet_r,n03594945,128,0.2801433891057968,16.492031936645507,0.5019685515761375
FlexTok,imagenet_r,n03594945,160,0.26152138024568555,16.995096492767335,0.5306225496530533
FlexTok,imagenet_r,n03594945,208,0.23631548196077343,17.76518600463867,0.5684370344877243
FlexTok,imagenet_r,n03594945,256,0.2096987986564636,18.707025508880616,0.6038148385286332
FlexTok,imagenet_r,n03602883,8,0.5857601273059845,12.495788879394532,0.3412994369119406
FlexTok,imagenet_r,n03602883,16,0.5412306183576584,12.632962837219239,0.359473392367363
FlexTok,imagenet_r,n03602883,32,0.4644545719027519,13.314411811828613,0.38835502207279204
FlexTok,imagenet_r,n03602883,64,0.3871611416339874,14.016829090118408,0.42539981737732885
FlexTok,imagenet_r,n03602883,96,0.33258172646164896,15.03202184677124,0.476623891890049
FlexTok,imagenet_r,n03602883,128,0.28643579468131064,16.084653625488283,0.5253174662590027
FlexTok,imagenet_r,n03602883,160,0.25971601307392117,16.721622123718262,0.55307611733675
FlexTok,imagenet_r,n03602883,208,0.22928654372692103,17.41303565979004,0.5914131477475166
FlexTok,imagenet_r,n03602883,256,0.19619389124214645,18.61038812637329,0.6310265550017357
FlexTok,imagenet_r,n03630383,8,0.5550931745767593,12.183586645126343,0.40651787385344507
FlexTok,imagenet_r,n03630383,16,0.518794372677803,12.170011348724366,0.4027573989704251
FlexTok,imagenet_r,n03630383,32,0.4620650741457939,12.689996786117554,0.43091208040714263
FlexTok,imagenet_r,n03630383,64,0.38576527893543244,13.554844951629638,0.47769789904356
FlexTok,imagenet_r,n03630383,96,0.32126511305570604,14.483719291687011,0.5341308483481407
FlexTok,imagenet_r,n03630383,128,0.27370726853609084,15.512888736724854,0.5888268661499023
FlexTok,imagenet_r,n03630383,160,0.24575628638267513,16.106754493713378,0.6222441700100899
FlexTok,imagenet_r,n03630383,208,0.21485333234071727,16.585770816802977,0.6612598603963852
FlexTok,imagenet_r,n03630383,256,0.18245199710130688,17.912831363677977,0.7005176270008087
FlexTok,imagenet_r,n03649909,8,0.5337562495470047,12.602355327606201,0.37371037192642687
FlexTok,imagenet_r,n03649909,16,0.496843746304512,12.786477661132812,0.3827347014844418
FlexTok,imagenet_r,n03649909,32,0.4375471186637878,13.371374816894532,0.41252547621726987
FlexTok,imagenet_r,n03649909,64,0.34555510818958285,14.112107601165771,0.45699449062347414
FlexTok,imagenet_r,n03649909,96,0.29214576989412305,14.91344606399536,0.5045873020589352
FlexTok,imagenet_r,n03649909,128,0.2529111525416374,15.647987327575684,0.5449515196681023
FlexTok,imagenet_r,n03649909,160,0.23153222650289532,16.11952844619751,0.5724148839712143
FlexTok,imagenet_r,n03649909,208,0.2073698857426643,16.588665294647218,0.6081752160191536
FlexTok,imagenet_r,n03649909,256,0.1830379474163055,17.420562076568604,0.6374963364005088
FlexTok,imagenet_r,n03676483,8,0.5910476839542389,12.732202043533325,0.37942356467247007
FlexTok,imagenet_r,n03676483,16,0.551855870783329,12.618213624954224,0.38029473535716535
FlexTok,imagenet_r,n03676483,32,0.49025908917188643,13.319234085083007,0.41153191834688185
FlexTok,imagenet_r,n03676483,64,0.39914099156856536,14.346886444091798,0.4593188965320587
FlexTok,imagenet_r,n03676483,96,0.3309340526163578,15.49959571838379,0.5192312887310981
FlexTok,imagenet_r,n03676483,128,0.27958648756146426,16.55906457901001,0.5708496838808059
FlexTok,imagenet_r,n03676483,160,0.25254440948367113,17.14331747055054,0.5992094457149506
FlexTok,imagenet_r,n03676483,208,0.22527174860239024,17.834339218139647,0.635252315402031
FlexTok,imagenet_r,n03676483,256,0.1946076204627752,19.023633403778078,0.6717443650960923
FlexTok,imagenet_r,n03710193,8,0.5617373913526535,12.561842365264893,0.3803617241233587
FlexTok,imagenet_r,n03710193,16,0.5220735430717468,12.608805027008056,0.3823858914524317
FlexTok,imagenet_r,n03710193,32,0.45652200996875764,13.40312638282776,0.4153697933256626
FlexTok,imagenet_r,n03710193,64,0.37289572358131406,14.39431001663208,0.44987382397055625
FlexTok,imagenet_r,n03710193,96,0.3167248114943504,15.470025291442871,0.5011303013563156
FlexTok,imagenet_r,n03710193,128,0.2731745001673698,16.58161392211914,0.5462918195128441
FlexTok,imagenet_r,n03710193,160,0.25113158568739885,17.074039821624755,0.5692789047956467
FlexTok,imagenet_r,n03710193,208,0.22656857572495934,17.68880947113037,0.5976753482222557
FlexTok,imagenet_r,n03710193,256,0.19523195713758465,18.867540893554686,0.6347714596986771
FlexTok,imagenet_r,n03773504,8,0.5564897206425666,12.3655872631073,0.3456382889300585
FlexTok,imagenet_r,n03773504,16,0.52696892619133,12.47975034713745,0.3537858937680721
FlexTok,imagenet_r,n03773504,32,0.4597881051898003,13.435151042938232,0.3897068199515343
FlexTok,imagenet_r,n03773504,64,0.3801138134300709,14.38058141708374,0.43153870061039923
FlexTok,imagenet_r,n03773504,96,0.33020119696855543,15.482292461395264,0.4810782523453236
FlexTok,imagenet_r,n03773504,128,0.2792123124748468,16.52329843521118,0.5246728152036667
FlexTok,imagenet_r,n03773504,160,0.2585906187817454,17.116678619384764,0.5473592707514763
FlexTok,imagenet_r,n03773504,208,0.23809043064713475,17.697097091674806,0.5774179396033287
FlexTok,imagenet_r,n03773504,256,0.20753886848688122,18.678840579986574,0.6100117459893226
FlexTok,imagenet_r,n03775071,8,0.568465588092804,12.721319904327393,0.3660974927246571
FlexTok,imagenet_r,n03775071,16,0.5326977017521858,12.737844362258912,0.37046470038592816
FlexTok,imagenet_r,n03775071,32,0.46772688508033755,13.34272171974182,0.39210054188966753
FlexTok,imagenet_r,n03775071,64,0.381192312836647,14.178837165832519,0.43378325298428533
FlexTok,imagenet_r,n03775071,96,0.33398058474063874,14.98624303817749,0.47671067968010905
FlexTok,imagenet_r,n03775071,128,0.2811332120001316,15.894090023040771,0.5227722802758217
FlexTok,imagenet_r,n03775071,160,0.25289876542985434,16.415942096710204,0.5531477841734886
FlexTok,imagenet_r,n03775071,208,0.228954164981842,16.87898006439209,0.5851778811216355
FlexTok,imagenet_r,n03775071,256,0.19653797991573807,18.068775119781495,0.6236651170253754
FlexTok,imagenet_r,n03888257,8,0.577218565940857,13.013020219802856,0.37174363154917955
FlexTok,imagenet_r,n03888257,16,0.5327629625797272,12.949017486572266,0.377592842951417
FlexTok,imagenet_r,n03888257,32,0.45779353499412534,13.629145765304566,0.4065045250207186
FlexTok,imagenet_r,n03888257,64,0.3829880928993225,14.268738136291503,0.4395098601281643
FlexTok,imagenet_r,n03888257,96,0.33524719268083575,15.149414100646972,0.4816096788644791
FlexTok,imagenet_r,n03888257,128,0.2910142287611961,15.91541254043579,0.524152005314827
FlexTok,imagenet_r,n03888257,160,0.2677299533784389,16.34611358642578,0.5460872182250023
FlexTok,imagenet_r,n03888257,208,0.23974765166640277,16.790233345031737,0.5770349523425102
FlexTok,imagenet_r,n03888257,256,0.20686086192727085,17.80733757019043,0.6124012598395348
FlexTok,imagenet_r,n03930630,8,0.49806056141853333,13.249116611480712,0.3927951833605766
FlexTok,imagenet_r,n03930630,16,0.44921161770820617,13.585442142486572,0.40419170558452605
FlexTok,imagenet_r,n03930630,32,0.3877008026838303,14.302692394256592,0.43022352874279024
FlexTok,imagenet_r,n03930630,64,0.31724811404943465,15.219945478439332,0.4681855535507202
FlexTok,imagenet_r,n03930630,96,0.27625156670808787,16.138292655944824,0.5166056075692177
FlexTok,imagenet_r,n03930630,128,0.23642313659191128,17.11311647415161,0.5647312504053116
FlexTok,imagenet_r,n03930630,160,0.2188396084308624,17.59101001739502,0.5880541318655014
FlexTok,imagenet_r,n03930630,208,0.1985579542815685,18.106955127716063,0.6211674523353576
FlexTok,imagenet_r,n03930630,256,0.172846904695034,19.098057594299316,0.6496064633131027
FlexTok,imagenet_r,n03947888,8,0.5735431712865829,12.561269302368164,0.2824568165838718
FlexTok,imagenet_r,n03947888,16,0.5434926164150238,12.72184185028076,0.2933467814326286
FlexTok,imagenet_r,n03947888,32,0.49606392860412596,13.22726375579834,0.32135668873786927
FlexTok,imagenet_r,n03947888,64,0.4209025347232819,13.958719997406005,0.3568449802696705
FlexTok,imagenet_r,n03947888,96,0.36800206661224366,14.917233543395996,0.41003418058156965
FlexTok,imagenet_r,n03947888,128,0.3231221127510071,15.806904735565185,0.4571222630143166
FlexTok,imagenet_r,n03947888,160,0.29807613193988797,16.235718097686767,0.48352680772542955
FlexTok,imagenet_r,n03947888,208,0.27079426467418666,16.93212299346924,0.519285160601139
FlexTok,imagenet_r,n03947888,256,0.23951196491718288,17.968238697052,0.5575485908985138
FlexTok,imagenet_r,n04086273,8,0.5368650543689728,12.59600160598755,0.38067239701747896
FlexTok,imagenet_r,n04086273,16,0.504367088675499,12.600029401779175,0.3785461550951004
FlexTok,imagenet_r,n04086273,32,0.4510835367441177,13.237942638397216,0.40895721420645714
FlexTok,imagenet_r,n04086273,64,0.37356783330440524,14.031165046691894,0.4511659161746502
FlexTok,imagenet_r,n04086273,96,0.3263987269997597,14.975462112426758,0.5041034147143364
FlexTok,imagenet_r,n04086273,128,0.27809326767921444,15.932127056121827,0.5479150518774987
FlexTok,imagenet_r,n04086273,160,0.2540964052081108,16.36461519241333,0.5744264191389084
FlexTok,imagenet_r,n04086273,208,0.22845634862780567,16.9672594833374,0.6065927395224571
FlexTok,imagenet_r,n04086273,256,0.19783583536744115,18.082728462219237,0.6448513454198838
FlexTok,imagenet_r,n04118538,8,0.5875801289081574,9.668183012008667,0.3331560271978378
FlexTok,imagenet_r,n04118538,16,0.5506175327301025,9.810085821151734,0.34018207430839537
FlexTok,imagenet_r,n04118538,32,0.4769650900363922,10.342373113632203,0.38325934022665026
FlexTok,imagenet_r,n04118538,64,0.3851424640417099,11.104328308105469,0.4273920038342476
FlexTok,imagenet_r,n04118538,96,0.3256012724339962,12.129278144836427,0.4845704564452171
FlexTok,imagenet_r,n04118538,128,0.2756661814451217,13.102567005157471,0.5390661412477493
FlexTok,imagenet_r,n04118538,160,0.24685231670737262,13.684494972229004,0.5752332186698914
FlexTok,imagenet_r,n04118538,208,0.21602301731705661,14.424349174499511,0.6208986610174179
FlexTok,imagenet_r,n04118538,256,0.18478768944740293,15.520006275177002,0.6605848693847656
FlexTok,imagenet_r,n04133789,8,0.5658719384670258,13.031387786865235,0.37852263323962687
FlexTok,imagenet_r,n04133789,16,0.5153843575716018,13.174410762786865,0.38778598450124263
FlexTok,imagenet_r,n04133789,32,0.4445505142211914,14.029577445983886,0.41924490123987196
FlexTok,imagenet_r,n04133789,64,0.36587661266326904,14.933204307556153,0.45714356265962125
FlexTok,imagenet_r,n04133789,96,0.31531047612428664,15.70863452911377,0.5019064655900002
FlexTok,imagenet_r,n04133789,128,0.2675508540868759,16.580824298858644,0.5450803749263287
FlexTok,imagenet_r,n04133789,160,0.244329832047224,16.949175033569336,0.5684452699124813
FlexTok,imagenet_r,n04133789,208,0.22459998488426205,17.40627098083496,0.5990156397223473
FlexTok,imagenet_r,n04133789,256,0.1925658808648586,18.432967205047607,0.6318678942322731
FlexTok,imagenet_r,n04141076,8,0.5597945612668991,12.403993244171142,0.372639319114387
FlexTok,imagenet_r,n04141076,16,0.5204172450304031,12.700401506423951,0.3869698515161872
FlexTok,imagenet_r,n04141076,32,0.45627853870391843,13.338073091506958,0.4201597952842712
FlexTok,imagenet_r,n04141076,64,0.38371562868356707,13.999608297348022,0.4495750036090612
FlexTok,imagenet_r,n04141076,96,0.3350183066725731,14.69912317276001,0.4895134274661541
FlexTok,imagenet_r,n04141076,128,0.2888475209474563,15.507476768493653,0.5262434196472168
FlexTok,imagenet_r,n04141076,160,0.2678437921404838,15.941855964660645,0.5500850886106491
FlexTok,imagenet_r,n04141076,208,0.24430061399936673,16.363006782531738,0.5804301422834396
FlexTok,imagenet_r,n04141076,256,0.21344223275780674,17.30114324569702,0.6135434260964394
FlexTok,imagenet_r,n04146614,8,0.5677557623386383,11.85014624595642,0.30081302523612974
FlexTok,imagenet_r,n04146614,16,0.5273915505409241,12.065538454055787,0.30028127878904337
FlexTok,imagenet_r,n04146614,32,0.4702771884202957,12.656887187957764,0.32589109674096106
FlexTok,imagenet_r,n04146614,64,0.39210731685161593,13.493215599060058,0.3715873631834984
FlexTok,imagenet_r,n04146614,96,0.3328228434920311,14.596291847229004,0.43634275674819945
FlexTok,imagenet_r,n04146614,128,0.28162877485156057,15.574459285736085,0.49403458058834077
FlexTok,imagenet_r,n04146614,160,0.2614204841852188,16.080170555114748,0.5223649060726165
FlexTok,imagenet_r,n04146614,208,0.23223593890666958,16.7824723815918,0.559293400645256
FlexTok,imagenet_r,n04146614,256,0.20207621991634364,17.892903480529785,0.5980301928520203
FlexTok,imagenet_r,n04147183,8,0.5092795890569687,14.434996414184571,0.3552025628089905
FlexTok,imagenet_r,n04147183,16,0.4827272355556488,14.56761734008789,0.35421552389860156
FlexTok,imagenet_r,n04147183,32,0.4256838282942772,15.299237880706787,0.38440095335245134
FlexTok,imagenet_r,n04147183,64,0.3547672578692436,16.184999599456788,0.42261388659477234
FlexTok,imagenet_r,n04147183,96,0.3120466589927673,17.151436920166017,0.4696643689274788
FlexTok,imagenet_r,n04147183,128,0.2718523851037025,18.25672119140625,0.5184272044897079
FlexTok,imagenet_r,n04147183,160,0.2549910461902618,18.69973388671875,0.541661102771759
FlexTok,imagenet_r,n04147183,208,0.23477985233068463,19.33354393005371,0.5728429621458053
FlexTok,imagenet_r,n04147183,256,0.2112644806504249,20.228540954589842,0.6029592818021774
FlexTok,imagenet_r,n04192698,8,0.5501825904846191,12.40352967262268,0.34601830184459687
FlexTok,imagenet_r,n04192698,16,0.5162760853767395,12.509741849899292,0.3605528423190117
FlexTok,imagenet_r,n04192698,32,0.45527068972587587,13.085454416275024,0.39142182141542436
FlexTok,imagenet_r,n04192698,64,0.38042396157979963,13.901252794265748,0.4221580415964127
FlexTok,imagenet_r,n04192698,96,0.3337993651628494,14.773202171325684,0.4637717056274414
FlexTok,imagenet_r,n04192698,128,0.2914250093698501,15.78655158996582,0.5118923339247704
FlexTok,imagenet_r,n04192698,160,0.2703722992539406,16.25104429244995,0.5363377794623375
FlexTok,imagenet_r,n04192698,208,0.24620683684945102,16.853065967559814,0.5694118693470955
FlexTok,imagenet_r,n04192698,256,0.21745065376162526,17.803869743347168,0.6008430480957031
FlexTok,imagenet_r,n04254680,8,0.5310331153869629,11.052399444580079,0.3633996786177158
FlexTok,imagenet_r,n04254680,16,0.4949060130119324,11.080667095184326,0.3728252398967743
FlexTok,imagenet_r,n04254680,32,0.43807552486658097,11.729188995361328,0.41107585608959196
FlexTok,imagenet_r,n04254680,64,0.36435689926147463,12.666355619430542,0.4542557106912136
FlexTok,imagenet_r,n04254680,96,0.30491429686546323,14.071002044677734,0.5139770320057869
FlexTok,imagenet_r,n04254680,128,0.2520423521101474,15.425993919372559,0.5683819907903671
FlexTok,imagenet_r,n04254680,160,0.22779085427522655,16.119927215576173,0.5993280208110809
FlexTok,imagenet_r,n04254680,208,0.19994568854570385,17.103127899169923,0.634858173429966
FlexTok,imagenet_r,n04254680,256,0.17140872210264202,18.356329231262208,0.6715139380097389
FlexTok,imagenet_r,n04266014,8,0.5932009601593018,11.628991317749023,0.35680161371827124
FlexTok,imagenet_r,n04266014,16,0.559752966761589,11.580350971221923,0.35855031326413156
FlexTok,imagenet_r,n04266014,32,0.49601410686969755,12.12154236793518,0.3989975985884666
FlexTok,imagenet_r,n04266014,64,0.40286567389965056,12.934384784698487,0.4415810550749302
FlexTok,imagenet_r,n04266014,96,0.34444412767887117,13.81557846069336,0.48676437854766846
FlexTok,imagenet_r,n04266014,128,0.298477486371994,14.827604084014892,0.5369910195469856
FlexTok,imagenet_r,n04266014,160,0.2712810149788856,15.298129024505615,0.567151991724968
FlexTok,imagenet_r,n04266014,208,0.23982327640056605,15.82334810256958,0.6051781487464905
FlexTok,imagenet_r,n04266014,256,0.2063159546256065,16.858971061706544,0.6400289189815521
FlexTok,imagenet_r,n04275548,8,0.58561956346035,12.785663423538209,0.24454435825347898
FlexTok,imagenet_r,n04275548,16,0.5422839164733887,12.766946954727173,0.25700923312455415
FlexTok,imagenet_r,n04275548,32,0.48725209265947345,13.392674322128295,0.28337261386215684
FlexTok,imagenet_r,n04275548,64,0.40713038951158526,13.980163536071778,0.31060796380043026
FlexTok,imagenet_r,n04275548,96,0.3664606940746307,14.548080406188966,0.3480318021774292
FlexTok,imagenet_r,n04275548,128,0.3221009087562561,15.30253288269043,0.3923302488029003
FlexTok,imagenet_r,n04275548,160,0.29946159273385997,15.688416957855225,0.42178173914551736
FlexTok,imagenet_r,n04275548,208,0.27439787700772283,16.22544471740723,0.4580620186030865
FlexTok,imagenet_r,n04275548,256,0.2441953897476196,17.086425285339356,0.49908911913633347
FlexTok,imagenet_r,n04310018,8,0.5517801648378372,11.821649169921875,0.23126806423068044
FlexTok,imagenet_r,n04310018,16,0.5288124704360961,11.808831167221069,0.23547856584191318
FlexTok,imagenet_r,n04310018,32,0.47497752428054807,12.490747909545899,0.26040803514420985
FlexTok,imagenet_r,n04310018,64,0.4066176736354828,13.293750057220459,0.30792427971959113
FlexTok,imagenet_r,n04310018,96,0.365295330286026,14.155255737304687,0.3554577426612377
FlexTok,imagenet_r,n04310018,128,0.3258510619401932,15.028848495483398,0.4030104419589043
FlexTok,imagenet_r,n04310018,160,0.3041382431983947,15.458166599273682,0.4303177833557129
FlexTok,imagenet_r,n04310018,208,0.2819116449356079,16.02717580795288,0.4659473478794098
FlexTok,imagenet_r,n04310018,256,0.2541124173998832,16.83598394393921,0.5003527331352234
FlexTok,imagenet_r,n04325704,8,0.5324442785978317,12.259102458953857,0.4235479129850864
FlexTok,imagenet_r,n04325704,16,0.5017141234874726,12.449704456329346,0.42679047837853434
FlexTok,imagenet_r,n04325704,32,0.44616260021924975,13.02966251373291,0.4592445757985115
FlexTok,imagenet_r,n04325704,64,0.3627453306317329,13.772243270874023,0.49892090141773227
FlexTok,imagenet_r,n04325704,96,0.30718660578131673,14.939432163238525,0.5451450836658478
FlexTok,imagenet_r,n04325704,128,0.2597539322078228,15.960126399993896,0.5946835613250733
FlexTok,imagenet_r,n04325704,160,0.2323156940937042,16.57050645828247,0.6225034201145172
FlexTok,imagenet_r,n04325704,208,0.20724160671234126,17.21013177871704,0.653771441578865
FlexTok,imagenet_r,n04325704,256,0.17362554445862766,18.522120571136476,0.6952904093265534
FlexTok,imagenet_r,n04347754,8,0.5687499392032623,12.945831356048584,0.34624188154935837
FlexTok,imagenet_r,n04347754,16,0.5279052847623825,13.28399040222168,0.3531615089252591
FlexTok,imagenet_r,n04347754,32,0.4654685980081558,14.130579776763916,0.38984661988914016
FlexTok,imagenet_r,n04347754,64,0.38545006096363066,15.1461962890625,0.42748715668916704
FlexTok,imagenet_r,n04347754,96,0.3390564581751823,16.058927154541017,0.4682028240710497
FlexTok,imagenet_r,n04347754,128,0.29315963506698606,17.02559679031372,0.5107268530875444
FlexTok,imagenet_r,n04347754,160,0.2717035007476806,17.463433303833007,0.5324710212647915
FlexTok,imagenet_r,n04347754,208,0.24662659212946889,18.121593647003174,0.5598412415385247
FlexTok,imagenet_r,n04347754,256,0.2181814809143543,18.993644256591796,0.5885703019797802
FlexTok,imagenet_r,n04389033,8,0.5516666090488433,12.916644954681397,0.28841338939964767
FlexTok,imagenet_r,n04389033,16,0.5183801531791687,13.16341194152832,0.3035340346395969
FlexTok,imagenet_r,n04389033,32,0.46417841494083406,13.924298171997071,0.33557202309370043
FlexTok,imagenet_r,n04389033,64,0.38644102871418,14.70754090309143,0.3724923172593117
FlexTok,imagenet_r,n04389033,96,0.34371499180793763,15.425237274169922,0.41740630716085436
FlexTok,imagenet_r,n04389033,128,0.30376747399568554,16.392432537078857,0.4652691486477852
FlexTok,imagenet_r,n04389033,160,0.28558045566081997,16.775103588104248,0.4889639949798584
FlexTok,imagenet_r,n04389033,208,0.2661708205938339,17.255872688293458,0.5225775569677353
FlexTok,imagenet_r,n04389033,256,0.23813163489103314,18.17193572998047,0.5570070719718934
FlexTok,imagenet_r,n04409515,8,0.5339458012580871,12.538885688781738,0.4119016043841839
FlexTok,imagenet_r,n04409515,16,0.4929201376438141,12.797261562347412,0.43879858508706093
FlexTok,imagenet_r,n04409515,32,0.41814866065979006,13.611867866516114,0.4691147069633007
FlexTok,imagenet_r,n04409515,64,0.3333019044995308,14.655230388641357,0.5162837922573089
FlexTok,imagenet_r,n04409515,96,0.28033021405339237,15.818847312927247,0.5630923378467559
FlexTok,imagenet_r,n04409515,128,0.2313359974324703,17.076588401794435,0.6066382560133934
FlexTok,imagenet_r,n04409515,160,0.20726936593651768,17.7602179145813,0.633359067440033
FlexTok,imagenet_r,n04409515,208,0.18097313843667504,18.484148216247558,0.6629136645793915
FlexTok,imagenet_r,n04409515,256,0.1533095490187406,19.860260105133058,0.6943866032361984
FlexTok,imagenet_r,n04465501,8,0.5691214823722839,11.622619619369507,0.25822183933109044
FlexTok,imagenet_r,n04465501,16,0.541171229481697,11.884450273513794,0.26132807269692415
FlexTok,imagenet_r,n04465501,32,0.47959275662899015,12.396096591949464,0.2847806283831596
FlexTok,imagenet_r,n04465501,64,0.41021385461091997,13.207387647628785,0.3181942823529243
FlexTok,imagenet_r,n04465501,96,0.36444531083106996,14.147444343566894,0.36358383670449257
FlexTok,imagenet_r,n04465501,128,0.3211901095509529,15.057653846740722,0.4075489902496338
FlexTok,imagenet_r,n04465501,160,0.3002206659317016,15.502976112365722,0.43385662108659745
FlexTok,imagenet_r,n04465501,208,0.2712493246793747,16.15967119216919,0.4706318187713623
FlexTok,imagenet_r,n04465501,256,0.24165213316678996,17.035515422821046,0.5042975652217865
FlexTok,imagenet_r,n04487394,8,0.5593903356790543,12.150095987319947,0.3715096931159496
FlexTok,imagenet_r,n04487394,16,0.53024343252182,12.058295764923095,0.3746126998215914
FlexTok,imagenet_r,n04487394,32,0.4618479198217392,12.712463655471801,0.4097403617203236
FlexTok,imagenet_r,n04487394,64,0.38243753343820575,13.454647521972657,0.45102571085095405
FlexTok,imagenet_r,n04487394,96,0.32291363418102265,14.369861164093017,0.5026964274048805
FlexTok,imagenet_r,n04487394,128,0.2761813315749168,15.310192241668702,0.5510878413915634
FlexTok,imagenet_r,n04487394,160,0.25042917340993875,15.787024745941162,0.5796047326922417
FlexTok,imagenet_r,n04487394,208,0.2209488984942436,16.274114322662353,0.6134558165073395
FlexTok,imagenet_r,n04487394,256,0.18705124519765373,17.384028015136717,0.6503308463096619
FlexTok,imagenet_r,n04522168,8,0.5493873643875122,13.402705821990967,0.372170135974884
FlexTok,imagenet_r,n04522168,16,0.5164003282785415,13.31249062538147,0.37630193136632445
FlexTok,imagenet_r,n04522168,32,0.4504057177901268,14.126309776306153,0.401526991724968
FlexTok,imagenet_r,n04522168,64,0.3693384170532227,14.863422679901124,0.4279057861864567
FlexTok,imagenet_r,n04522168,96,0.33190200448036195,15.531550312042237,0.45953119054436686
FlexTok,imagenet_r,n04522168,128,0.29567261010408397,16.259910926818847,0.49259212240576744
FlexTok,imagenet_r,n04522168,160,0.27421562075614925,16.58574550628662,0.514908210337162
FlexTok,imagenet_r,n04522168,208,0.25458156958222383,16.822832813262938,0.5394620019197464
FlexTok,imagenet_r,n04522168,256,0.22525933310389515,17.957511024475096,0.5723353353142738
FlexTok,imagenet_r,n04536866,8,0.5739486491680146,12.546599082946777,0.3656078867614269
FlexTok,imagenet_r,n04536866,16,0.5315446096658707,12.758193073272706,0.37982264399528504
FlexTok,imagenet_r,n04536866,32,0.4593641138076782,13.475985927581787,0.4134704773128033
FlexTok,imagenet_r,n04536866,64,0.3857762885093689,14.270456657409667,0.44917360663414
FlexTok,imagenet_r,n04536866,96,0.3371409395337105,14.925864925384522,0.48959094554185867
FlexTok,imagenet_r,n04536866,128,0.28996436208486553,15.8060809135437,0.5330429521203041
FlexTok,imagenet_r,n04536866,160,0.2662693533301353,16.218181838989256,0.5556514975428581
FlexTok,imagenet_r,n04536866,208,0.24397252261638638,16.566167030334473,0.5830807024240494
FlexTok,imagenet_r,n04536866,256,0.21338549241423604,17.62121696472168,0.6179199820756912
FlexTok,imagenet_r,n04552348,8,0.534441419839859,12.991073627471923,0.38625608026981356
FlexTok,imagenet_r,n04552348,16,0.506445944905281,13.035373077392578,0.383866420686245
FlexTok,imagenet_r,n04552348,32,0.4421368908882141,13.965448551177978,0.4222149309515953
FlexTok,imagenet_r,n04552348,64,0.36261414289474486,14.938604106903076,0.4566515678167343
FlexTok,imagenet_r,n04552348,96,0.32047089040279386,15.981625442504884,0.5035309222340584
FlexTok,imagenet_r,n04552348,128,0.281843563914299,17.064162788391112,0.5493125700950623
FlexTok,imagenet_r,n04552348,160,0.2633525240421295,17.560276603698732,0.5714416116476059
FlexTok,imagenet_r,n04552348,208,0.24239397734403606,18.158800582885743,0.6025749069452285
FlexTok,imagenet_r,n04552348,256,0.2180263194441795,19.21456081390381,0.6344741302728653
FlexTok,imagenet_r,n04591713,8,0.586392588019371,12.455805110931397,0.29537548737600444
FlexTok,imagenet_r,n04591713,16,0.5460008776187897,12.464439535140992,0.30135860085487365
FlexTok,imagenet_r,n04591713,32,0.474856564104557,13.297632112503052,0.333065178040415
FlexTok,imagenet_r,n04591713,64,0.4037963753938675,14.524011554718017,0.3825050139427185
FlexTok,imagenet_r,n04591713,96,0.3490453749895096,15.582479076385498,0.42966618001461027
FlexTok,imagenet_r,n04591713,128,0.3032704263925552,16.62434841156006,0.4741291879117489
FlexTok,imagenet_r,n04591713,160,0.28110100433230395,17.151080951690673,0.4969654880464077
FlexTok,imagenet_r,n04591713,208,0.25482096865773196,17.744177627563477,0.5261833706498146
FlexTok,imagenet_r,n04591713,256,0.22568011268973348,18.754094352722166,0.5601305431127548
FlexTok,imagenet_r,n07614500,8,0.5756382799148559,12.110707292556762,0.36788214832544325
FlexTok,imagenet_r,n07614500,16,0.5365112766623497,12.374592065811157,0.37589169837534425
FlexTok,imagenet_r,n07614500,32,0.46650328129529955,13.024139804840088,0.40699890099465846
FlexTok,imagenet_r,n07614500,64,0.37483948081731794,13.970068569183349,0.4452776725590229
FlexTok,imagenet_r,n07614500,96,0.31939532220363615,15.016759872436523,0.4966893893480301
FlexTok,imagenet_r,n07614500,128,0.2797745844721794,15.883595695495606,0.5397103604674339
FlexTok,imagenet_r,n07614500,160,0.2552618037164211,16.345044708251955,0.5686473289132118
FlexTok,imagenet_r,n07614500,208,0.2286500349640846,16.870987319946288,0.6032613611221314
FlexTok,imagenet_r,n07614500,256,0.1981103807687759,18.017419471740723,0.6413601672649384
FlexTok,imagenet_r,n07693725,8,0.5566938245296478,12.540359239578247,0.3164890899509191
FlexTok,imagenet_r,n07693725,16,0.5245997726917266,12.485485782623291,0.32558040611445904
FlexTok,imagenet_r,n07693725,32,0.4556181049346924,13.249635286331177,0.35806981422007084
FlexTok,imagenet_r,n07693725,64,0.3692294150590897,14.061595773696899,0.403736432492733
FlexTok,imagenet_r,n07693725,96,0.31662591129541395,14.821254978179931,0.454997468367219
FlexTok,imagenet_r,n07693725,128,0.27541455954313276,15.686256637573242,0.5062271489202976
FlexTok,imagenet_r,n07693725,160,0.24964500457048414,16.096506214141847,0.531795515269041
FlexTok,imagenet_r,n07693725,208,0.22454417169094082,16.703020515441896,0.5688619917631149
FlexTok,imagenet_r,n07693725,256,0.1951529404520988,17.710252532958986,0.6084239023923874
FlexTok,imagenet_r,n07695742,8,0.5437785089015961,12.554242668151856,0.3566836242377758
FlexTok,imagenet_r,n07695742,16,0.5046960008144379,12.806415901184081,0.36863979503512384
FlexTok,imagenet_r,n07695742,32,0.4365081411600113,13.489373664855957,0.4004521545022726
FlexTok,imagenet_r,n07695742,64,0.36051965653896334,14.315727806091308,0.44096575006842614
FlexTok,imagenet_r,n07695742,96,0.30546398460865015,15.380264053344726,0.4928669834136963
FlexTok,imagenet_r,n07695742,128,0.26030719846487044,16.43563673019409,0.5389948487281799
FlexTok,imagenet_r,n07695742,160,0.23708081513643262,16.97985757827759,0.5654194042086601
FlexTok,imagenet_r,n07695742,208,0.21284113362431523,17.57220417022705,0.5980262169241906
FlexTok,imagenet_r,n07695742,256,0.18640097305178638,18.600547466278076,0.6356318145990372
FlexTok,imagenet_r,n07697313,8,0.583187096118927,12.787693939208985,0.31792265310883516
FlexTok,imagenet_r,n07697313,16,0.5523158511519433,12.794135761260986,0.32295586057007314
FlexTok,imagenet_r,n07697313,32,0.48889090090990067,13.416460161209107,0.3486652135103941
FlexTok,imagenet_r,n07697313,64,0.40716652542352677,14.344438972473144,0.39023430868983267
FlexTok,imagenet_r,n07697313,96,0.34740060806274414,15.466145286560058,0.4405814573168755
FlexTok,imagenet_r,n07697313,128,0.3003722706437111,16.500047988891602,0.4874182593822479
FlexTok,imagenet_r,n07697313,160,0.276833331733942,17.020381660461425,0.5127625134587288
FlexTok,imagenet_r,n07697313,208,0.25326850429177283,17.524758281707765,0.5431416869163513
FlexTok,imagenet_r,n07697313,256,0.22254751995205876,18.430941410064698,0.5800498336553573
FlexTok,imagenet_r,n07697537,8,0.570139948129654,12.277489490509033,0.3821190822124481
FlexTok,imagenet_r,n07697537,16,0.5267274528741837,12.418585987091065,0.38735035449266436
FlexTok,imagenet_r,n07697537,32,0.4546104675531387,13.17354814529419,0.4260138761997223
FlexTok,imagenet_r,n07697537,64,0.3665566661953926,14.201042633056641,0.47162068128585816
FlexTok,imagenet_r,n07697537,96,0.30876137942075726,15.489312210083007,0.5335292854905128
FlexTok,imagenet_r,n07697537,128,0.2507896897196769,16.76133289337158,0.5883941721916198
FlexTok,imagenet_r,n07697537,160,0.22792174682021138,17.38526798248291,0.618986104130745
FlexTok,imagenet_r,n07697537,208,0.20004916027188296,18.197490329742433,0.6556173199415207
FlexTok,imagenet_r,n07697537,256,0.17325862571597095,19.326385593414308,0.6902874463796616
FlexTok,imagenet_r,n07714571,8,0.5361920908093453,13.37487033843994,0.30519969195127483
FlexTok,imagenet_r,n07714571,16,0.5040784963965416,13.498140678405761,0.30682838991284367
FlexTok,imagenet_r,n07714571,32,0.45403528928756715,14.061891078948975,0.32789666071534157
FlexTok,imagenet_r,n07714571,64,0.37972617328166963,14.973390464782716,0.3624042868614197
FlexTok,imagenet_r,n07714571,96,0.34226674020290376,15.791724090576173,0.39738491356372835
FlexTok,imagenet_r,n07714571,128,0.3010381110012531,16.53222520828247,0.4373263818025589
FlexTok,imagenet_r,n07714571,160,0.2789688394963741,16.958428440093993,0.46242724686861036
FlexTok,imagenet_r,n07714571,208,0.25499067097902295,17.412937870025633,0.4973092815279961
FlexTok,imagenet_r,n07714571,256,0.23086843043565747,18.42209095001221,0.5313453942537307
FlexTok,imagenet_r,n07714990,8,0.5601302427053452,11.512046041488647,0.34926571196876466
FlexTok,imagenet_r,n07714990,16,0.5262224000692367,11.532097568511963,0.3541640208708122
FlexTok,imagenet_r,n07714990,32,0.4473653954267502,12.386519813537598,0.389825389906764
FlexTok,imagenet_r,n07714990,64,0.35646342128515246,13.492903633117676,0.44310823030769825
FlexTok,imagenet_r,n07714990,96,0.30549103736877437,14.390541706085205,0.489796629101038
FlexTok,imagenet_r,n07714990,128,0.26205840989947315,15.343701333999634,0.5332995378971099
FlexTok,imagenet_r,n07714990,160,0.2351600125432014,16.008924140930176,0.5606850108504295
FlexTok,imagenet_r,n07714990,208,0.20862625807523724,16.533771800994874,0.5913723462820053
FlexTok,imagenet_r,n07714990,256,0.17907267227768894,17.737989597320556,0.6265331602096558
FlexTok,imagenet_r,n07718472,8,0.5537854552268981,12.77738977432251,0.36948625221848486
FlexTok,imagenet_r,n07718472,16,0.514796193242073,12.980672149658202,0.3824299277365208
FlexTok,imagenet_r,n07718472,32,0.4434998753666878,13.795993919372558,0.4180609245598316
FlexTok,imagenet_r,n07718472,64,0.3526760083436966,14.833879680633546,0.4558366709947586
FlexTok,imagenet_r,n07718472,96,0.29766812011599536,16.077011165618895,0.508654257953167
FlexTok,imagenet_r,n07718472,128,0.25565374702215193,17.106343002319335,0.5545791858434677
FlexTok,imagenet_r,n07718472,160,0.23508515477180478,17.672013931274414,0.578102915585041
FlexTok,imagenet_r,n07718472,208,0.2144059798121452,18.250297393798828,0.6040330788493157
FlexTok,imagenet_r,n07718472,256,0.19175161369144914,19.367625045776368,0.6375117295980454
FlexTok,imagenet_r,n07720875,8,0.537612389922142,13.45599802017212,0.36412844091653823
FlexTok,imagenet_r,n07720875,16,0.48243839472532274,13.757207088470459,0.3785592833906412
FlexTok,imagenet_r,n07720875,32,0.41680951952934264,14.530998916625977,0.4088090091943741
FlexTok,imagenet_r,n07720875,64,0.3342900550365448,15.428357276916504,0.43529960215091706
FlexTok,imagenet_r,n07720875,96,0.2870434483885765,16.498125762939452,0.47909657180309295
FlexTok,imagenet_r,n07720875,128,0.23993064686655996,17.63694179534912,0.523172325193882
FlexTok,imagenet_r,n07720875,160,0.22345623612403867,18.03801050186157,0.545330929160118
FlexTok,imagenet_r,n07720875,208,0.20600124999880787,18.54121332168579,0.5764948555827141
FlexTok,imagenet_r,n07720875,256,0.17998007163405416,19.67096080780029,0.6086514636874198
FlexTok,imagenet_r,n07734744,8,0.5712974321842194,12.447023983001708,0.3232461380213499
FlexTok,imagenet_r,n07734744,16,0.5401138967275619,12.55583176612854,0.33721331872045995
FlexTok,imagenet_r,n07734744,32,0.46994553685188295,13.390121049880982,0.36916927170008423
FlexTok,imagenet_r,n07734744,64,0.3896960681676865,14.13711633682251,0.4081030283123255
FlexTok,imagenet_r,n07734744,96,0.3366384357213974,15.158575077056884,0.4584611476957798
FlexTok,imagenet_r,n07734744,128,0.2923486694693565,16.11926893234253,0.504905826151371
FlexTok,imagenet_r,n07734744,160,0.26817165836691853,16.603103942871094,0.532041285932064
FlexTok,imagenet_r,n07734744,208,0.23892646998167033,17.290901737213133,0.5698720595240593
FlexTok,imagenet_r,n07734744,256,0.2037656725943088,18.450835056304932,0.6059410303831101
FlexTok,imagenet_r,n07742313,8,0.5625745415687561,13.346758232116699,0.35590237222611903
FlexTok,imagenet_r,n07742313,16,0.5172658631205559,13.5314040184021,0.3668256182223558
FlexTok,imagenet_r,n07742313,32,0.4374144291877747,14.616905269622803,0.40048453815281393
FlexTok,imagenet_r,n07742313,64,0.3576559510827064,15.723729076385498,0.4464547535777092
FlexTok,imagenet_r,n07742313,96,0.3055852535367012,16.80492458343506,0.4959645608067513
FlexTok,imagenet_r,n07742313,128,0.2598359686136245,18.088372783660887,0.5454805088043213
FlexTok,imagenet_r,n07742313,160,0.24154783740639682,18.581588401794434,0.569332045018673
FlexTok,imagenet_r,n07742313,208,0.21891909107565877,19.09441837310791,0.5916953098773956
FlexTok,imagenet_r,n07742313,256,0.19086646944284436,20.348478050231932,0.627449015378952
FlexTok,imagenet_r,n07745940,8,0.5940991896390915,12.002857465744018,0.33579523622989654
FlexTok,imagenet_r,n07745940,16,0.5545653653144836,12.173071441650391,0.3427926240861416
FlexTok,imagenet_r,n07745940,32,0.4835203105211258,13.018512411117554,0.37688755363225934
FlexTok,imagenet_r,n07745940,64,0.4060137367248535,13.897586441040039,0.40546571284532545
FlexTok,imagenet_r,n07745940,96,0.34790952056646346,14.955185451507568,0.451097754240036
FlexTok,imagenet_r,n07745940,128,0.30106172204017634,15.892236404418945,0.4920046052336693
FlexTok,imagenet_r,n07745940,160,0.27450705289840693,16.50513744354248,0.5178277978301048
FlexTok,imagenet_r,n07745940,208,0.24389866381883618,17.107531414031982,0.5462563616037369
FlexTok,imagenet_r,n07745940,256,0.20978438228368756,18.21312246322632,0.5858831608295441
FlexTok,imagenet_r,n07749582,8,0.5666658163070679,12.347705192565918,0.3268468274921179
FlexTok,imagenet_r,n07749582,16,0.5310449624061584,12.51341365814209,0.33462745368480684
FlexTok,imagenet_r,n07749582,32,0.4651703718304634,13.30391263961792,0.36308379262685775
FlexTok,imagenet_r,n07749582,64,0.38227325916290283,14.305852947235108,0.39972068384289744
FlexTok,imagenet_r,n07749582,96,0.32821703851222994,15.324716548919678,0.44085273653268814
FlexTok,imagenet_r,n07749582,128,0.2847599050402641,16.201623554229737,0.48004033267498014
FlexTok,imagenet_r,n07749582,160,0.26735144138336175,16.694872913360594,0.5022536543011665
FlexTok,imagenet_r,n07749582,208,0.24046236827969547,17.210859851837156,0.5304270988702774
FlexTok,imagenet_r,n07749582,256,0.21427746370434758,18.269813385009765,0.5597384271025657
FlexTok,imagenet_r,n07753275,8,0.5705201411247254,12.406249141693115,0.3122290530055761
FlexTok,imagenet_r,n07753275,16,0.5383116954565048,12.415034084320068,0.31114587165415286
FlexTok,imagenet_r,n07753275,32,0.47540565848350524,13.152965087890625,0.3339659260958433
FlexTok,imagenet_r,n07753275,64,0.39179179251194,14.007177600860595,0.3649908696860075
FlexTok,imagenet_r,n07753275,96,0.34083763033151626,14.834263401031494,0.4093612226843834
FlexTok,imagenet_r,n07753275,128,0.29613850355148313,15.690614624023437,0.4538349829614162
FlexTok,imagenet_r,n07753275,160,0.2710440146923065,16.126116676330568,0.4809815029799938
FlexTok,imagenet_r,n07753275,208,0.24563677802681919,16.665861911773682,0.5172240385413169
FlexTok,imagenet_r,n07753275,256,0.216076957732439,17.709251232147217,0.5550797700881958
FlexTok,imagenet_r,n07753592,8,0.5658439975976944,13.273468704223633,0.41155578032135964
FlexTok,imagenet_r,n07753592,16,0.5139782929420471,13.658205184936524,0.42630436733365057
FlexTok,imagenet_r,n07753592,32,0.4367384421825409,14.590140075683594,0.45696659445762633
FlexTok,imagenet_r,n07753592,64,0.3418886898458004,15.759227771759033,0.5045797204971314
FlexTok,imagenet_r,n07753592,96,0.2815281035751104,16.965585689544678,0.5517526112496853
FlexTok,imagenet_r,n07753592,128,0.23697564542293545,18.191385192871095,0.5971576797962189
FlexTok,imagenet_r,n07753592,160,0.21548605449497696,18.734009552001954,0.6204008796811104
FlexTok,imagenet_r,n07753592,208,0.19500588320195672,19.322946376800537,0.6468463009595871
FlexTok,imagenet_r,n07753592,256,0.16738969452679153,20.577167224884032,0.6782566857337952
FlexTok,imagenet_r,n07768694,8,0.5759992796182632,11.903124742507934,0.2566869123280048
FlexTok,imagenet_r,n07768694,16,0.5413946515321731,12.237207107543945,0.26766470454633234
FlexTok,imagenet_r,n07768694,32,0.46821443021297454,13.21123077392578,0.2921449568122625
FlexTok,imagenet_r,n07768694,64,0.38682744204998015,13.960517692565919,0.3286512051522732
FlexTok,imagenet_r,n07768694,96,0.33711988121271136,14.724320163726807,0.36922331154346466
FlexTok,imagenet_r,n07768694,128,0.2962167769670486,15.582624378204345,0.41559222161769865
FlexTok,imagenet_r,n07768694,160,0.2742954367399215,16.090521717071532,0.4432878509163857
FlexTok,imagenet_r,n07768694,208,0.24993873596191402,16.659947242736816,0.4749935927987099
FlexTok,imagenet_r,n07768694,256,0.2250188736617565,17.60761688232422,0.5130100458860397
FlexTok,imagenet_r,n07873807,8,0.5688609272241593,12.184665250778199,0.32569635301828387
FlexTok,imagenet_r,n07873807,16,0.539478965997696,12.060748605728149,0.3300325705111027
FlexTok,imagenet_r,n07873807,32,0.4812564492225647,12.746561822891236,0.3602056704461575
FlexTok,imagenet_r,n07873807,64,0.39888098984956744,13.634755687713623,0.4020824238657951
FlexTok,imagenet_r,n07873807,96,0.35036334335803987,14.47743558883667,0.4495875680446625
FlexTok,imagenet_r,n07873807,128,0.3041908314824104,15.456534595489503,0.49803775370121
FlexTok,imagenet_r,n07873807,160,0.277420625090599,15.9821626663208,0.5308879831433296
FlexTok,imagenet_r,n07873807,208,0.2463758178055286,16.61563217163086,0.5697307425737381
FlexTok,imagenet_r,n07873807,256,0.21281955972313876,17.73628427505493,0.6092389878630639
FlexTok,imagenet_r,n07880968,8,0.5562177640199661,12.467687568664552,0.37692501418292523
FlexTok,imagenet_r,n07880968,16,0.5166150164604187,12.57015585899353,0.3896576593071222
FlexTok,imagenet_r,n07880968,32,0.4564978152513504,13.072988243103028,0.4238206745684147
FlexTok,imagenet_r,n07880968,64,0.36506485760211943,13.706720695495605,0.4687049287557602
FlexTok,imagenet_r,n07880968,96,0.3112856939435005,14.607310466766357,0.5179434731602669
FlexTok,imagenet_r,n07880968,128,0.26072668030858037,15.567079048156739,0.5652861285209656
FlexTok,imagenet_r,n07880968,160,0.2339968132972717,16.11397331237793,0.5920995038747787
FlexTok,imagenet_r,n07880968,208,0.2098705986142158,16.653947372436523,0.6263198226690292
FlexTok,imagenet_r,n07880968,256,0.1807996520400047,17.71824848175049,0.6572406715154648
FlexTok,imagenet_r,n07920052,8,0.5366272389888763,12.972727966308593,0.43206016659736635
FlexTok,imagenet_r,n07920052,16,0.4837905180454254,13.08840118408203,0.43892470344901086
FlexTok,imagenet_r,n07920052,32,0.4116682827472687,13.636893901824951,0.47062969133257865
FlexTok,imagenet_r,n07920052,64,0.32957341223955156,14.386053428649902,0.5115850356221199
FlexTok,imagenet_r,n07920052,96,0.27467353314161297,15.614752197265625,0.5682425427436829
FlexTok,imagenet_r,n07920052,128,0.22886336758732792,16.791953220367432,0.6243968477845192
FlexTok,imagenet_r,n07920052,160,0.20459794506430623,17.387454261779784,0.6527516227960587
FlexTok,imagenet_r,n07920052,208,0.1822841380536556,18.0382338142395,0.6820985206961632
FlexTok,imagenet_r,n07920052,256,0.15487310148775574,19.321111660003663,0.7166779828071594
FlexTok,imagenet_r,n09472597,8,0.5912858569622039,12.565809412002563,0.2991748877614736
FlexTok,imagenet_r,n09472597,16,0.5610261142253876,12.520249128341675,0.30264251545071597
FlexTok,imagenet_r,n09472597,32,0.5086926275491714,13.218005743026733,0.32404804944992066
FlexTok,imagenet_r,n09472597,64,0.42709300309419634,14.255569477081298,0.3710112500190735
FlexTok,imagenet_r,n09472597,96,0.37616832852363585,15.169531917572021,0.41459993183612825
FlexTok,imagenet_r,n09472597,128,0.3281738656759262,16.050971622467042,0.45436604380607604
FlexTok,imagenet_r,n09472597,160,0.30309465467929836,16.492563591003417,0.47653480499982837
FlexTok,imagenet_r,n09472597,208,0.2729240660369396,16.965379238128662,0.5052043932676316
FlexTok,imagenet_r,n09472597,256,0.24147952705621717,17.903807067871092,0.5395366385579109
FlexTok,imagenet_r,n09835506,8,0.5447546917200089,12.893833026885986,0.35640167161822317
FlexTok,imagenet_r,n09835506,16,0.5056480395793915,13.025517749786378,0.36574264243245125
FlexTok,imagenet_r,n09835506,32,0.4485724031925201,13.670820178985595,0.37952314138412474
FlexTok,imagenet_r,n09835506,64,0.3792153435945511,14.420807723999024,0.4179471369087696
FlexTok,imagenet_r,n09835506,96,0.32956643104553224,15.429707298278808,0.4669430696964264
FlexTok,imagenet_r,n09835506,128,0.286127690076828,16.359498081207274,0.5127918499708176
FlexTok,imagenet_r,n09835506,160,0.2616330701112747,16.824209899902343,0.5379261839389801
FlexTok,imagenet_r,n09835506,208,0.23770770058035848,17.420535221099854,0.5749352866411209
FlexTok,imagenet_r,n09835506,256,0.20802072942256924,18.550906391143798,0.6159560227394104
FlexTok,imagenet_r,n10565667,8,0.5541040712594986,12.843643283843994,0.35439069122076033
FlexTok,imagenet_r,n10565667,16,0.5172957062721253,12.936347665786743,0.3568240875005722
FlexTok,imagenet_r,n10565667,32,0.45876589357852937,13.582368154525756,0.3783543561398983
FlexTok,imagenet_r,n10565667,64,0.3908815515041351,14.33908203125,0.4178434476256371
FlexTok,imagenet_r,n10565667,96,0.34049239158630373,15.282699022293091,0.46201118439435956
FlexTok,imagenet_r,n10565667,128,0.29906865775585173,16.262429733276367,0.5067301616072655
FlexTok,imagenet_r,n10565667,160,0.27496196329593653,16.820186805725097,0.5314574638009071
FlexTok,imagenet_r,n10565667,208,0.24492929354310033,17.408532638549804,0.5661458599567414
FlexTok,imagenet_r,n10565667,256,0.21672010526061056,18.41112588882446,0.5993638998270034
FlexTok,imagenet_r,n12267677,8,0.5225998711585998,13.648473653793335,0.40763003040105106
FlexTok,imagenet_r,n12267677,16,0.48397468015551565,13.966837348937988,0.4255031053721905
FlexTok,imagenet_r,n12267677,32,0.41516596019268037,14.762006969451905,0.4578380875661969
FlexTok,imagenet_r,n12267677,64,0.3324426031112671,15.929159183502197,0.49445507526397703
FlexTok,imagenet_r,n12267677,96,0.2871552364528179,16.919547538757325,0.5341631066799164
FlexTok,imagenet_r,n12267677,128,0.24519872605800624,18.143810863494874,0.5744199451804161
FlexTok,imagenet_r,n12267677,160,0.22651720419526097,18.706244430541993,0.59322380900383
FlexTok,imagenet_r,n12267677,208,0.20308931961655613,19.353929023742676,0.6192557561397553
FlexTok,imagenet_r,n12267677,256,0.1752816836163401,20.6322607421875,0.6566132235527039
One-D-Piece,imagenet,n01443537,8,0.6046944218873977,15.093109474182128,0.46785415083169934
One-D-Piece,imagenet,n01443537,16,0.5004701191186904,16.328998165130614,0.4808205470442772
One-D-Piece,imagenet,n01443537,32,0.4044676810503006,17.35095947265625,0.48764205127954485
One-D-Piece,imagenet,n01443537,64,0.3120529681444168,18.61355863571167,0.5156454238295555
One-D-Piece,imagenet,n01443537,96,0.26067076712846754,19.272160301208498,0.5366035416722298
One-D-Piece,imagenet,n01443537,128,0.23340255022048947,19.80129753112793,0.5505065453052521
One-D-Piece,imagenet,n01443537,160,0.21839690819382665,20.15851251602173,0.558878259062767
One-D-Piece,imagenet,n01443537,208,0.20623542472720144,20.431745471954347,0.5664273405075073
One-D-Piece,imagenet,n01443537,256,0.20335058018565175,20.607721004486084,0.5685510396957397
One-D-Piece,imagenet,n01484850,8,0.4712089610099792,15.819534816741943,0.49095061704516413
One-D-Piece,imagenet,n01484850,16,0.37818845808506013,16.91943323135376,0.5056078770756721
One-D-Piece,imagenet,n01484850,32,0.3023520645499229,17.989506816864015,0.5245698091387748
One-D-Piece,imagenet,n01484850,64,0.22816767767071722,19.326307067871095,0.5574180117249489
One-D-Piece,imagenet,n01484850,96,0.19262054160237307,20.167952365875244,0.5790584248304367
One-D-Piece,imagenet,n01484850,128,0.17273601219058032,20.626895236968995,0.5954692232608795
One-D-Piece,imagenet,n01484850,160,0.16390226632356641,20.838180198669434,0.6046603563427925
One-D-Piece,imagenet,n01484850,208,0.1562509588897228,21.293331222534178,0.6120538279414177
One-D-Piece,imagenet,n01484850,256,0.15318354487419125,21.41935478210449,0.6133870381116867
One-D-Piece,imagenet,n01494475,8,0.4592141625285149,16.227348308563233,0.5344415482878685
One-D-Piece,imagenet,n01494475,16,0.3746253001689911,17.657588520050048,0.5600970011949539
One-D-Piece,imagenet,n01494475,32,0.3038272580504417,19.02822395324707,0.5898531195521355
One-D-Piece,imagenet,n01494475,64,0.233781366944313,20.715728187561034,0.6234781748056412
One-D-Piece,imagenet,n01494475,96,0.19302718803286548,21.542522773742675,0.6458590006828309
One-D-Piece,imagenet,n01494475,128,0.17420849889516826,22.229926815032957,0.6591488984227181
One-D-Piece,imagenet,n01494475,160,0.1631154307723045,22.623155517578127,0.6689763736724853
One-D-Piece,imagenet,n01494475,208,0.1565922455489635,22.87202730178833,0.6740681535005569
One-D-Piece,imagenet,n01494475,256,0.15330652669072148,23.102535457611083,0.6780850505828857
One-D-Piece,imagenet,n01498041,8,0.5238441550731658,16.09693256378174,0.40123948097229006
One-D-Piece,imagenet,n01498041,16,0.44557208776474,17.01894353866577,0.4030210161209106
One-D-Piece,imagenet,n01498041,32,0.3637187534570694,18.047779579162597,0.4009439662098885
One-D-Piece,imagenet,n01498041,64,0.2842203146219253,19.16438144683838,0.4119028437137604
One-D-Piece,imagenet,n01498041,96,0.24923396393656727,19.68314880371094,0.4264261108636856
One-D-Piece,imagenet,n01498041,128,0.2284211032092571,20.060528984069823,0.4326239401102066
One-D-Piece,imagenet,n01498041,160,0.21662483319640155,20.40525495529175,0.43992924988269805
One-D-Piece,imagenet,n01498041,208,0.20838290661573405,20.70351833343506,0.4464922970533371
One-D-Piece,imagenet,n01498041,256,0.20537417486310003,20.794984455108644,0.4482069766521454
One-D-Piece,imagenet,n01514859,8,0.6775391936302185,13.946929740905762,0.20707927063107487
One-D-Piece,imagenet,n01514859,16,0.541872860789299,14.492150173187255,0.20621903285384174
One-D-Piece,imagenet,n01514859,32,0.41015900790691373,15.200513763427734,0.197385269254446
One-D-Piece,imagenet,n01514859,64,0.32229158222675325,15.810786895751953,0.21377913683652874
One-D-Piece,imagenet,n01514859,96,0.2807933503389358,16.200876579284667,0.23474991008639332
One-D-Piece,imagenet,n01514859,128,0.2569700145721435,16.410901699066162,0.24380933746695516
One-D-Piece,imagenet,n01514859,160,0.24230044722557065,16.576694278717042,0.2542288666963577
One-D-Piece,imagenet,n01514859,208,0.23312066614627835,16.805046768188475,0.26150636270642275
One-D-Piece,imagenet,n01514859,256,0.23008937656879422,16.83834800720215,0.26258979275822636
One-D-Piece,imagenet,n01518878,8,0.6216481268405915,14.678302764892578,0.3253523714840412
One-D-Piece,imagenet,n01518878,16,0.48531671583652497,15.380587425231933,0.32837036564946176
One-D-Piece,imagenet,n01518878,32,0.36289444744586946,16.25101936340332,0.3219353058934212
One-D-Piece,imagenet,n01518878,64,0.28461606591939925,17.14246835708618,0.34469167500734327
One-D-Piece,imagenet,n01518878,96,0.24525080591440196,17.7263055229187,0.3638731756806374
One-D-Piece,imagenet,n01518878,128,0.22157371759414668,18.110538520812987,0.37720736488699913
One-D-Piece,imagenet,n01518878,160,0.20981950789690015,18.40523483276367,0.3857379354536533
One-D-Piece,imagenet,n01518878,208,0.19906067594885823,18.599306087493897,0.39295161157846453
One-D-Piece,imagenet,n01518878,256,0.19588121771812436,18.723589305877685,0.3956382614374161
One-D-Piece,imagenet,n01531178,8,0.600204666852951,14.624895629882813,0.4420339807868004
One-D-Piece,imagenet,n01531178,16,0.47699890673160555,15.424787425994873,0.45667396768927576
One-D-Piece,imagenet,n01531178,32,0.36124892592430113,16.105481567382814,0.4691041477024555
One-D-Piece,imagenet,n01531178,64,0.2655106848478317,17.12979040145874,0.5109610991179943
One-D-Piece,imagenet,n01531178,96,0.21773279994726177,17.841405200958253,0.5389804685115814
One-D-Piece,imagenet,n01531178,128,0.1980834965407848,18.207525997161866,0.5571224159002304
One-D-Piece,imagenet,n01531178,160,0.18434809729456897,18.431475505828857,0.566236664056778
One-D-Piece,imagenet,n01531178,208,0.17393131285905836,18.77539245605469,0.5756894183158875
One-D-Piece,imagenet,n01531178,256,0.17048892304301258,18.899283714294434,0.5804352125525475
One-D-Piece,imagenet,n01534433,8,0.598343523144722,14.915104961395263,0.4258072111010551
One-D-Piece,imagenet,n01534433,16,0.4946799021959305,15.653977928161622,0.4332960197329521
One-D-Piece,imagenet,n01534433,32,0.3623488831520081,16.382461624145506,0.445390487909317
One-D-Piece,imagenet,n01534433,64,0.2760361903905868,17.098396339416503,0.4715983806550503
One-D-Piece,imagenet,n01534433,96,0.234156082868576,17.90257614135742,0.49850992769002916
One-D-Piece,imagenet,n01534433,128,0.20916272386908527,18.33369634628296,0.519108320325613
One-D-Piece,imagenet,n01534433,160,0.19525926232337948,18.70015953063965,0.5292304901778698
One-D-Piece,imagenet,n01534433,208,0.18575960099697109,19.004127941131593,0.5370681440830231
One-D-Piece,imagenet,n01534433,256,0.18360060557723043,19.070311794281007,0.5388691598176956
One-D-Piece,imagenet,n01614925,8,0.5134568357467652,14.009896640777589,0.4483341582119465
One-D-Piece,imagenet,n01614925,16,0.3987028533220291,15.111567878723145,0.4596592627465725
One-D-Piece,imagenet,n01614925,32,0.3023160898685455,16.217715225219727,0.48179749712347986
One-D-Piece,imagenet,n01614925,64,0.2227806523442268,17.259282760620117,0.5197431714832783
One-D-Piece,imagenet,n01614925,96,0.18423312216997142,18.214047832489015,0.5533215650916099
One-D-Piece,imagenet,n01614925,128,0.16561117149889465,18.6415110206604,0.5699354687333107
One-D-Piece,imagenet,n01614925,160,0.1552849748730659,18.777788105010988,0.5765487456321716
One-D-Piece,imagenet,n01614925,208,0.1465990867465734,19.116892127990724,0.5861540400981903
One-D-Piece,imagenet,n01614925,256,0.1442590187489986,19.235409622192382,0.589025605916977
One-D-Piece,imagenet,n01616318,8,0.5608382570743561,14.685328197479247,0.37709719583392143
One-D-Piece,imagenet,n01616318,16,0.4481827422976494,15.444972381591796,0.3890967804193497
One-D-Piece,imagenet,n01616318,32,0.3340923237800598,16.280235366821287,0.3983325131237507
One-D-Piece,imagenet,n01616318,64,0.2572418899834156,17.15569398880005,0.42166037768125536
One-D-Piece,imagenet,n01616318,96,0.22105670094490049,17.79995309829712,0.44169120967388154
One-D-Piece,imagenet,n01616318,128,0.201212495714426,18.14454038619995,0.454040939360857
One-D-Piece,imagenet,n01616318,160,0.18993943870067592,18.378371810913087,0.4618896786868572
One-D-Piece,imagenet,n01616318,208,0.18107030794024465,18.66546110153198,0.4692633382976055
One-D-Piece,imagenet,n01616318,256,0.17856337606906889,18.789325313568114,0.4712263272702694
One-D-Piece,imagenet,n01630670,8,0.6310362601280213,15.496404037475585,0.34359912380576135
One-D-Piece,imagenet,n01630670,16,0.516381431221962,16.1002795791626,0.34657704576849935
One-D-Piece,imagenet,n01630670,32,0.4000518548488617,16.71801746368408,0.34064570151269435
One-D-Piece,imagenet,n01630670,64,0.3183260205388069,17.51231611251831,0.3529400786012411
One-D-Piece,imagenet,n01630670,96,0.2790385708212852,17.836850032806396,0.3706911028921604
One-D-Piece,imagenet,n01630670,128,0.2535224241018295,18.163411464691162,0.38366284132003786
One-D-Piece,imagenet,n01630670,160,0.2414415735006332,18.375612144470214,0.39087237179279327
One-D-Piece,imagenet,n01630670,208,0.23074557602405543,18.645033569335936,0.39841278925538065
One-D-Piece,imagenet,n01630670,256,0.22694564223289487,18.72973274230957,0.39944956958293915
One-D-Piece,imagenet,n01632777,8,0.6312042605876923,14.446190929412841,0.40527815267443656
One-D-Piece,imagenet,n01632777,16,0.5345123779773712,15.434565353393555,0.42451890170574186
One-D-Piece,imagenet,n01632777,32,0.41612228870391843,16.77509183883667,0.4359694445133209
One-D-Piece,imagenet,n01632777,64,0.3232320177555084,18.256895465850832,0.4686864879727364
One-D-Piece,imagenet,n01632777,96,0.2708753582835197,19.115869255065917,0.4977731829881668
One-D-Piece,imagenet,n01632777,128,0.24259880304336545,19.609253883361816,0.5169349935650825
One-D-Piece,imagenet,n01632777,160,0.226303493976593,19.9938907623291,0.5288082495331764
One-D-Piece,imagenet,n01632777,208,0.21509224653244016,20.347840423583985,0.5369225904345513
One-D-Piece,imagenet,n01632777,256,0.21075148582458492,20.5334489440918,0.5412055698037147
One-D-Piece,imagenet,n01644373,8,0.6040877479314805,14.727846603393555,0.37276247307658195
One-D-Piece,imagenet,n01644373,16,0.498498694896698,15.474372348785401,0.3885578352212906
One-D-Piece,imagenet,n01644373,32,0.38619478434324267,16.312870597839357,0.4032520188391209
One-D-Piece,imagenet,n01644373,64,0.3000129050016403,17.298834800720215,0.4378840307891369
One-D-Piece,imagenet,n01644373,96,0.252696273624897,17.965400104522704,0.46581706777215004
One-D-Piece,imagenet,n01644373,128,0.2281189182400703,18.3199845123291,0.480530376881361
One-D-Piece,imagenet,n01644373,160,0.2116861586272716,18.67553291320801,0.4935333429276943
One-D-Piece,imagenet,n01644373,208,0.20007315352559085,19.040244541168214,0.5039620777964592
One-D-Piece,imagenet,n01644373,256,0.19589589357376094,19.206825370788575,0.5074032467603683
One-D-Piece,imagenet,n01677366,8,0.6973676323890686,13.845025444030762,0.22626485422253606
One-D-Piece,imagenet,n01677366,16,0.5873567974567413,14.497713680267333,0.23991136267781255
One-D-Piece,imagenet,n01677366,32,0.45480103850364684,15.011070384979249,0.23978988289833064
One-D-Piece,imagenet,n01677366,64,0.3529753762483597,15.703012943267822,0.2693370042741298
One-D-Piece,imagenet,n01677366,96,0.3051862224936485,16.10848659515381,0.293983631581068
One-D-Piece,imagenet,n01677366,128,0.2774302303791046,16.39517318725586,0.3139995411038398
One-D-Piece,imagenet,n01677366,160,0.26040479838848113,16.53324359893799,0.3237511250376701
One-D-Piece,imagenet,n01677366,208,0.2461031478643417,16.811614112854002,0.33296151712536814
One-D-Piece,imagenet,n01677366,256,0.2419958400726318,16.840014934539795,0.33435784325003626
One-D-Piece,imagenet,n01694178,8,0.6625968003273011,14.98539316177368,0.3261625253409147
One-D-Piece,imagenet,n01694178,16,0.5505456990003585,15.649491558074951,0.33944259837269786
One-D-Piece,imagenet,n01694178,32,0.41923253118991854,16.16618902206421,0.3570788963139057
One-D-Piece,imagenet,n01694178,64,0.31980819523334497,16.72237201690674,0.38943260177969935
One-D-Piece,imagenet,n01694178,96,0.27138542771339413,17.143405818939208,0.42111862257122995
One-D-Piece,imagenet,n01694178,128,0.2466248458623886,17.36822265625,0.4389639356732368
One-D-Piece,imagenet,n01694178,160,0.23449452757835385,17.5267400932312,0.449532780200243
One-D-Piece,imagenet,n01694178,208,0.2238796882331371,17.724209308624268,0.4594741344451904
One-D-Piece,imagenet,n01694178,256,0.22047543093562122,17.790379161834718,0.46131745174527167
One-D-Piece,imagenet,n01748264,8,0.6533353590965271,14.516149215698242,0.29955568537116045
One-D-Piece,imagenet,n01748264,16,0.5289538824558258,15.224857120513915,0.30654246807098384
One-D-Piece,imagenet,n01748264,32,0.3895891559123993,16.10976016998291,0.3208237108588219
One-D-Piece,imagenet,n01748264,64,0.29591077625751494,17.091741275787353,0.3420671996474266
One-D-Piece,imagenet,n01748264,96,0.25529207348823546,17.59828832626343,0.3656275670230389
One-D-Piece,imagenet,n01748264,128,0.235858878493309,17.85228023529053,0.3786554542183876
One-D-Piece,imagenet,n01748264,160,0.22235066711902615,17.982449474334718,0.38274106025695803
One-D-Piece,imagenet,n01748264,208,0.2131230720877647,18.198637046813964,0.3889857977628708
One-D-Piece,imagenet,n01748264,256,0.20912085980176923,18.281307525634766,0.391647529900074
One-D-Piece,imagenet,n01770393,8,0.6092612963914871,14.814836940765382,0.3838587100803852
One-D-Piece,imagenet,n01770393,16,0.5129736924171447,15.330361881256103,0.38820837512612344
One-D-Piece,imagenet,n01770393,32,0.39542287290096284,16.430037021636963,0.3989403745532036
One-D-Piece,imagenet,n01770393,64,0.3000820621848106,17.284851093292236,0.41838852658867837
One-D-Piece,imagenet,n01770393,96,0.24820856198668476,17.850158596038817,0.44379702508449553
One-D-Piece,imagenet,n01770393,128,0.2241767758131027,18.175072536468505,0.4597233347594738
One-D-Piece,imagenet,n01770393,160,0.21094636082649226,18.504983615875243,0.47012701332569123
One-D-Piece,imagenet,n01770393,208,0.2004091793298721,18.716758613586425,0.477724693864584
One-D-Piece,imagenet,n01770393,256,0.19672980114817615,18.837282371520995,0.47915222942829133
One-D-Piece,imagenet,n01774750,8,0.6635491919517517,14.070782051086425,0.24749685466289517
One-D-Piece,imagenet,n01774750,16,0.5452669054269791,14.7981441116333,0.2551204468309879
One-D-Piece,imagenet,n01774750,32,0.4293481069803238,15.3660418510437,0.25578118517994874
One-D-Piece,imagenet,n01774750,64,0.3399202996492386,16.23036994934082,0.2886932910978794
One-D-Piece,imagenet,n01774750,96,0.2966845099627971,16.87813018798828,0.3153692406415939
One-D-Piece,imagenet,n01774750,128,0.2715796729922294,17.268121356964112,0.3323801824450493
One-D-Piece,imagenet,n01774750,160,0.2576365801692009,17.45931205749512,0.3403927358984947
One-D-Piece,imagenet,n01774750,208,0.2462117618322372,17.648299522399903,0.34717113852500914
One-D-Piece,imagenet,n01774750,256,0.2424143627285957,17.67906888961792,0.3484062242507935
One-D-Piece,imagenet,n01784675,8,0.623239426612854,15.129695205688476,0.33394729435443876
One-D-Piece,imagenet,n01784675,16,0.5143557038903236,15.910541591644288,0.3440635186433792
One-D-Piece,imagenet,n01784675,32,0.3965381211042404,16.59358251571655,0.34581558361649506
One-D-Piece,imagenet,n01784675,64,0.3065855066478252,17.34813220977783,0.3679316425323486
One-D-Piece,imagenet,n01784675,96,0.26736082509160036,17.74969524383545,0.38555755361914634
One-D-Piece,imagenet,n01784675,128,0.24422374114394185,18.109175567626952,0.3981396532058716
One-D-Piece,imagenet,n01784675,160,0.23156746283173557,18.309397716522216,0.40583797976374625
One-D-Piece,imagenet,n01784675,208,0.22146470844745633,18.504735832214354,0.4109162816405296
One-D-Piece,imagenet,n01784675,256,0.21736747130751607,18.659668579101563,0.4131331230700016
One-D-Piece,imagenet,n01806143,8,0.6883938592672348,14.341003646850586,0.19850906714797018
One-D-Piece,imagenet,n01806143,16,0.5554681241512298,14.867700157165528,0.19577059745788572
One-D-Piece,imagenet,n01806143,32,0.426575228869915,15.278072872161864,0.19065241217613216
One-D-Piece,imagenet,n01806143,64,0.34551319360733035,15.618832759857177,0.2011168176680803
One-D-Piece,imagenet,n01806143,96,0.3019271273910999,15.878622341156007,0.21586182281374927
One-D-Piece,imagenet,n01806143,128,0.2787582363188266,16.09780204772949,0.22676218330860134
One-D-Piece,imagenet,n01806143,160,0.2605354315042495,16.200541687011718,0.23421412765979763
One-D-Piece,imagenet,n01806143,208,0.2520188306272029,16.319962005615235,0.23908838093280788
One-D-Piece,imagenet,n01806143,256,0.24941464617848394,16.35249897003174,0.2403803618252277
One-D-Piece,imagenet,n01820546,8,0.6472003686428071,13.217197895050049,0.3113962402939796
One-D-Piece,imagenet,n01820546,16,0.5215063506364822,13.725178489685058,0.312245679795742
One-D-Piece,imagenet,n01820546,32,0.3927247151732445,14.542616634368896,0.32118422657251355
One-D-Piece,imagenet,n01820546,64,0.3054471287131309,15.609718799591064,0.3546201646327972
One-D-Piece,imagenet,n01820546,96,0.25545468777418134,16.334966526031494,0.3836769559979439
One-D-Piece,imagenet,n01820546,128,0.2307522881031036,16.770027847290038,0.4030455330014229
One-D-Piece,imagenet,n01820546,160,0.21807313665747638,16.946819972991943,0.40963830769062043
One-D-Piece,imagenet,n01820546,208,0.20755330607295033,17.22245496749878,0.4191742268204689
One-D-Piece,imagenet,n01820546,256,0.2029074946045875,17.33085432052612,0.4216745281219482
One-D-Piece,imagenet,n01833805,8,0.572290126979351,14.963575782775878,0.526168838441372
One-D-Piece,imagenet,n01833805,16,0.4475211650133133,15.595091896057129,0.5374494230747223
One-D-Piece,imagenet,n01833805,32,0.3293072989583015,16.714599437713623,0.5586964282393455
One-D-Piece,imagenet,n01833805,64,0.23951361969113347,17.971555042266846,0.605575148165226
One-D-Piece,imagenet,n01833805,96,0.19507530443370338,18.87190158843994,0.6357464107871056
One-D-Piece,imagenet,n01833805,128,0.17079264633357522,19.454368553161622,0.6545156499743462
One-D-Piece,imagenet,n01833805,160,0.16001167267560956,19.720596771240235,0.6636480042338371
One-D-Piece,imagenet,n01833805,208,0.1506462264806032,20.19181962966919,0.673650566637516
One-D-Piece,imagenet,n01833805,256,0.14754769995808598,20.388529777526855,0.6775036466121673
One-D-Piece,imagenet,n01843383,8,0.6774972927570343,12.93041790008545,0.3041337476670742
One-D-Piece,imagenet,n01843383,16,0.5608673906326294,13.504446601867675,0.312771018743515
One-D-Piece,imagenet,n01843383,32,0.42284087717533114,14.626208667755128,0.32683412298560144
One-D-Piece,imagenet,n01843383,64,0.3155450123548507,15.765858821868896,0.36507220834493637
One-D-Piece,imagenet,n01843383,96,0.26494563400745386,16.382042636871336,0.398249160349369
One-D-Piece,imagenet,n01843383,128,0.2370801222324371,16.876068382263185,0.41821391552686693
One-D-Piece,imagenet,n01843383,160,0.22221288010478016,17.157268676757813,0.42966865181922914
One-D-Piece,imagenet,n01843383,208,0.21146770425140854,17.414453144073487,0.4410700185596943
One-D-Piece,imagenet,n01843383,256,0.2067497658729553,17.513399906158448,0.44456846460700034
One-D-Piece,imagenet,n01847000,8,0.6146600186824799,14.407764320373536,0.31354384794831275
One-D-Piece,imagenet,n01847000,16,0.4995924484729767,14.857638263702393,0.3170312228798866
One-D-Piece,imagenet,n01847000,32,0.383689746260643,15.72234302520752,0.31764284968376155
One-D-Piece,imagenet,n01847000,64,0.29427427440881726,16.585069484710694,0.33519540801644326
One-D-Piece,imagenet,n01847000,96,0.25230465948581693,17.073378410339355,0.3561012016236782
One-D-Piece,imagenet,n01847000,128,0.2307554823160171,17.50357151031494,0.37198443174362184
One-D-Piece,imagenet,n01847000,160,0.21575196698307988,17.729681816101074,0.38062006175518037
One-D-Piece,imagenet,n01847000,208,0.20518455207347866,17.987707481384277,0.3885554948449135
One-D-Piece,imagenet,n01847000,256,0.2015881648659706,18.10119499206543,0.3900004389882088
One-D-Piece,imagenet,n01855672,8,0.6183863726258277,14.653996334075927,0.3172223702073097
One-D-Piece,imagenet,n01855672,16,0.49984179854393007,15.361253604888915,0.31660488471388815
One-D-Piece,imagenet,n01855672,32,0.3823877885937691,16.1677845954895,0.31608782559633253
One-D-Piece,imagenet,n01855672,64,0.2879922823607921,17.120106163024904,0.33403692692518233
One-D-Piece,imagenet,n01855672,96,0.24459546029567714,17.670937423706054,0.35169846326112747
One-D-Piece,imagenet,n01855672,128,0.22321175694465634,18.00273635864258,0.36488275721669194
One-D-Piece,imagenet,n01855672,160,0.20979904912412162,18.253659782409667,0.3726781763136387
One-D-Piece,imagenet,n01855672,208,0.19921105578541753,18.434814796447753,0.3788359735906124
One-D-Piece,imagenet,n01855672,256,0.19477903738617894,18.541694526672362,0.3807839585840702
One-D-Piece,imagenet,n01860187,8,0.6009732222557068,14.566318283081054,0.3349523802101612
One-D-Piece,imagenet,n01860187,16,0.4735236021876335,15.33702049255371,0.33600396186113357
One-D-Piece,imagenet,n01860187,32,0.36036722123622894,16.13744514465332,0.33396989956498147
One-D-Piece,imagenet,n01860187,64,0.27621452808380126,17.217224082946778,0.350810210108757
One-D-Piece,imagenet,n01860187,96,0.23497783958911891,17.744332180023193,0.3669226221740246
One-D-Piece,imagenet,n01860187,128,0.21414226353168483,18.06911600112915,0.380834721326828
One-D-Piece,imagenet,n01860187,160,0.20266639739274975,18.18359010696411,0.38626871854066847
One-D-Piece,imagenet,n01860187,208,0.19278643473982807,18.428125667572022,0.3944161231815815
One-D-Piece,imagenet,n01860187,256,0.19058233126997945,18.38074649810791,0.3924116683006287
One-D-Piece,imagenet,n01882714,8,0.7011815941333771,13.312241744995116,0.2115075951814651
One-D-Piece,imagenet,n01882714,16,0.5792291367053986,13.698335857391358,0.2058174847066402
One-D-Piece,imagenet,n01882714,32,0.44192365050315857,14.3750075340271,0.20446691602468486
One-D-Piece,imagenet,n01882714,64,0.34558149486780165,15.255305194854737,0.23348086476325985
One-D-Piece,imagenet,n01882714,96,0.2982757666707039,15.758428955078125,0.26131071880459783
One-D-Piece,imagenet,n01882714,128,0.2730222153663635,16.090617656707764,0.28044648006558415
One-D-Piece,imagenet,n01882714,160,0.2580271482467651,16.224492301940916,0.28780059099197386
One-D-Piece,imagenet,n01882714,208,0.2451031300425529,16.48493606567383,0.29799085840582845
One-D-Piece,imagenet,n01882714,256,0.24066552877426145,16.55391731262207,0.2997779886424541
One-D-Piece,imagenet,n01910747,8,0.46707691729068757,16.074277515411378,0.45986748337745664
One-D-Piece,imagenet,n01910747,16,0.3896704316139221,17.406439628601074,0.49072964876890185
One-D-Piece,imagenet,n01910747,32,0.31701832592487333,18.57854368209839,0.5052029877901077
One-D-Piece,imagenet,n01910747,64,0.2440743915736675,19.72148983001709,0.5274161541461945
One-D-Piece,imagenet,n01910747,96,0.20788514763116833,20.396630039215086,0.5440275555849076
One-D-Piece,imagenet,n01910747,128,0.18967025674879548,20.82789161682129,0.5516687151789665
One-D-Piece,imagenet,n01910747,160,0.1786997643113136,21.07666639328003,0.5584420683979988
One-D-Piece,imagenet,n01910747,208,0.17108955584466454,21.384543266296387,0.567272253036499
One-D-Piece,imagenet,n01910747,256,0.16812573119997976,21.62033588409424,0.570094167292118
One-D-Piece,imagenet,n01944390,8,0.6561372745037078,13.91133535385132,0.29816244006156917
One-D-Piece,imagenet,n01944390,16,0.5490406984090805,14.586639442443847,0.30644201248884195
One-D-Piece,imagenet,n01944390,32,0.4155541270971298,15.641913986206054,0.31950688734650606
One-D-Piece,imagenet,n01944390,64,0.32106743395328524,16.6109893989563,0.3495338466763496
One-D-Piece,imagenet,n01944390,96,0.2719700759649276,17.137704277038573,0.3742790837585926
One-D-Piece,imagenet,n01944390,128,0.24747840255498882,17.562600841522215,0.39529645577073097
One-D-Piece,imagenet,n01944390,160,0.2331482560932636,17.81817184448242,0.4065627485513687
One-D-Piece,imagenet,n01944390,208,0.2198524586856365,18.13692295074463,0.41527398452162745
One-D-Piece,imagenet,n01944390,256,0.21619811236858363,18.246302585601807,0.4182636523246765
One-D-Piece,imagenet,n01983481,8,0.6683882427215576,13.213997192382813,0.27158060818910595
One-D-Piece,imagenet,n01983481,16,0.559105948805809,13.776355819702149,0.27345493167638774
One-D-Piece,imagenet,n01983481,32,0.4398834651708603,14.712419033050537,0.2818944318592548
One-D-Piece,imagenet,n01983481,64,0.34225368320941923,15.454781513214112,0.3160314467549324
One-D-Piece,imagenet,n01983481,96,0.2922143059968948,16.088346576690675,0.34234893262386323
One-D-Piece,imagenet,n01983481,128,0.26216800212860103,16.447340297698975,0.3599486243724823
One-D-Piece,imagenet,n01983481,160,0.2447441121935844,16.696002254486086,0.3732429099082947
One-D-Piece,imagenet,n01983481,208,0.23102251708507535,16.95770725250244,0.3837682354450226
One-D-Piece,imagenet,n01983481,256,0.22680133461952207,17.07099540710449,0.38753201633691786
One-D-Piece,imagenet,n01986214,8,0.6261152654886246,14.47213815689087,0.33762655302882194
One-D-Piece,imagenet,n01986214,16,0.5211998176574707,15.250512351989746,0.34236781150102613
One-D-Piece,imagenet,n01986214,32,0.40994125306606294,16.120318183898927,0.34190489232540133
One-D-Piece,imagenet,n01986214,64,0.3215972873568535,17.150833282470703,0.36159425750374796
One-D-Piece,imagenet,n01986214,96,0.27391566723585126,17.766975631713866,0.3845462204515934
One-D-Piece,imagenet,n01986214,128,0.2480482196807861,18.16215612411499,0.4006785851716995
One-D-Piece,imagenet,n01986214,160,0.23533028721809385,18.39496494293213,0.4078154693543911
One-D-Piece,imagenet,n01986214,208,0.22334775775671,18.723536911010743,0.4149950997531414
One-D-Piece,imagenet,n01986214,256,0.219406052082777,18.78731466293335,0.4157626558840275
One-D-Piece,imagenet,n02007558,8,0.6041289258003235,14.081503925323487,0.3430908426642418
One-D-Piece,imagenet,n02007558,16,0.46734828561544417,14.971746139526367,0.3477999573945999
One-D-Piece,imagenet,n02007558,32,0.36021125108003615,15.932853450775147,0.3548692557215691
One-D-Piece,imagenet,n02007558,64,0.27312449946999545,17.01434694290161,0.39072493121027946
One-D-Piece,imagenet,n02007558,96,0.2319504844397306,17.69310359954834,0.42057427257299423
One-D-Piece,imagenet,n02007558,128,0.20914262928068633,18.200957927703858,0.4379443448781967
One-D-Piece,imagenet,n02007558,160,0.19677888959646223,18.496509799957277,0.44618412643671035
One-D-Piece,imagenet,n02007558,208,0.18617669254541394,18.849141845703127,0.45558416843414307
One-D-Piece,imagenet,n02007558,256,0.18259914144873615,18.926248722076416,0.4579943412542343
One-D-Piece,imagenet,n02009912,8,0.5854712438583374,15.084069213867188,0.37332589432597163
One-D-Piece,imagenet,n02009912,16,0.4567573857307434,15.807860145568847,0.3822955960035324
One-D-Piece,imagenet,n02009912,32,0.34178127586841583,16.821812076568605,0.3852773390710354
One-D-Piece,imagenet,n02009912,64,0.25756663784384726,17.885068435668945,0.4154604433476925
One-D-Piece,imagenet,n02009912,96,0.21816198140382764,18.584952297210695,0.4384646591544151
One-D-Piece,imagenet,n02009912,128,0.19878636151552198,18.97009292602539,0.45638920277357103
One-D-Piece,imagenet,n02009912,160,0.1863623975217342,19.20871850967407,0.46324417799711226
One-D-Piece,imagenet,n02009912,208,0.17792964830994604,19.451192798614503,0.47087936639785766
One-D-Piece,imagenet,n02009912,256,0.17582665503025052,19.526115016937254,0.47434104889631273
One-D-Piece,imagenet,n02051845,8,0.5787767004966736,14.120685291290282,0.3919324192404747
One-D-Piece,imagenet,n02051845,16,0.4666516426205635,14.710979557037353,0.39686611622571943
One-D-Piece,imagenet,n02051845,32,0.357489532828331,15.558356838226318,0.40699985370039937
One-D-Piece,imagenet,n02051845,64,0.2657546205818653,16.64109401702881,0.43473548501729964
One-D-Piece,imagenet,n02051845,96,0.22276319399476047,17.31053586959839,0.45719228744506835
One-D-Piece,imagenet,n02051845,128,0.19764983013272283,17.715703392028807,0.4736060717701912
One-D-Piece,imagenet,n02051845,160,0.18469163462519642,17.952306728363038,0.4849276867508888
One-D-Piece,imagenet,n02051845,208,0.1759440834075212,18.28354389190674,0.494596286714077
One-D-Piece,imagenet,n02051845,256,0.1740181019157171,18.31843563079834,0.49629073053598405
One-D-Piece,imagenet,n02056570,8,0.6450654792785645,13.409073715209962,0.318863532692194
One-D-Piece,imagenet,n02056570,16,0.5295425373315811,14.153812732696533,0.318772969096899
One-D-Piece,imagenet,n02056570,32,0.393887442946434,15.30720064163208,0.325705074518919
One-D-Piece,imagenet,n02056570,64,0.3095948043465614,16.208341083526612,0.3491026495397091
One-D-Piece,imagenet,n02056570,96,0.26214724898338315,16.83012035369873,0.3762741130590439
One-D-Piece,imagenet,n02056570,128,0.23655428647994992,17.233180961608888,0.392799214720726
One-D-Piece,imagenet,n02056570,160,0.223062832057476,17.529287891387938,0.4014785361289978
One-D-Piece,imagenet,n02056570,208,0.21129571467638011,17.839156455993653,0.41238676697015764
One-D-Piece,imagenet,n02056570,256,0.20784787923097606,17.913655643463134,0.4149337786436081
One-D-Piece,imagenet,n02066245,8,0.5066606307029724,15.79768533706665,0.28821625381708144
One-D-Piece,imagenet,n02066245,16,0.3932703587412834,16.35876485824585,0.27842907980084414
One-D-Piece,imagenet,n02066245,32,0.3147586017847061,17.19361295700073,0.275655992180109
One-D-Piece,imagenet,n02066245,64,0.2615946120023727,17.620443592071535,0.2864630606770515
One-D-Piece,imagenet,n02066245,96,0.2323503395915031,17.979596977233886,0.2973122404515743
One-D-Piece,imagenet,n02066245,128,0.21621046081185338,18.192743721008302,0.3083642423152923
One-D-Piece,imagenet,n02066245,160,0.2053484362363815,18.32711841583252,0.314418778270483
One-D-Piece,imagenet,n02066245,208,0.19846571862697598,18.550014629364014,0.3195580810308456
One-D-Piece,imagenet,n02066245,256,0.19644303336739535,18.59269395828247,0.32044109389185904
One-D-Piece,imagenet,n02071294,8,0.48969307482242586,15.636657524108887,0.3425533138215542
One-D-Piece,imagenet,n02071294,16,0.3825377210974693,16.69091537475586,0.3384851908683777
One-D-Piece,imagenet,n02071294,32,0.30799535781145093,17.3653249168396,0.33407988503575325
One-D-Piece,imagenet,n02071294,64,0.24454476386308666,18.25910383224487,0.35255279019474983
One-D-Piece,imagenet,n02071294,96,0.21440812677145002,18.87680784225464,0.3725575223565102
One-D-Piece,imagenet,n02071294,128,0.19788121968507763,19.288889122009277,0.38471043691039086
One-D-Piece,imagenet,n02071294,160,0.1874275919795036,19.536492252349852,0.39064437270164487
One-D-Piece,imagenet,n02071294,208,0.17951868444681163,19.802866134643555,0.39689657792448996
One-D-Piece,imagenet,n02071294,256,0.17606340482830998,19.957573337554933,0.39924621149897577
One-D-Piece,imagenet,n02077923,8,0.6301460373401642,14.057678833007813,0.3090349471569061
One-D-Piece,imagenet,n02077923,16,0.5284453177452088,14.787341289520263,0.31473406672477716
One-D-Piece,imagenet,n02077923,32,0.4011669933795929,15.825835342407226,0.3233275654911995
One-D-Piece,imagenet,n02077923,64,0.30993910938501357,16.624710750579833,0.34230707079172135
One-D-Piece,imagenet,n02077923,96,0.2668753242492675,17.20361026763916,0.36370708167552945
One-D-Piece,imagenet,n02077923,128,0.24304254144430157,17.45018865585327,0.3788034352660179
One-D-Piece,imagenet,n02077923,160,0.22942618429660794,17.777884712219237,0.38889347106218336
One-D-Piece,imagenet,n02077923,208,0.21715158775448795,18.08540023803711,0.39620416015386584
One-D-Piece,imagenet,n02077923,256,0.21223268553614613,18.253598785400392,0.3984546613693237
One-D-Piece,imagenet,n02085620,8,0.6299001514911652,13.358597755432129,0.36157753348350524
One-D-Piece,imagenet,n02085620,16,0.5153695207834244,14.274993839263916,0.37204880118370054
One-D-Piece,imagenet,n02085620,32,0.39998353719711305,15.451889972686768,0.38612142831087115
One-D-Piece,imagenet,n02085620,64,0.3018123278021812,16.725985584259032,0.420636765062809
One-D-Piece,imagenet,n02085620,96,0.24943932235240932,17.692924041748046,0.453750858604908
One-D-Piece,imagenet,n02085620,128,0.22027817994356153,18.299394054412844,0.475598649084568
One-D-Piece,imagenet,n02085620,160,0.2048492723703384,18.62901668548584,0.48668198704719545
One-D-Piece,imagenet,n02085620,208,0.19307649731636045,18.895793685913088,0.4949095892906189
One-D-Piece,imagenet,n02085620,256,0.18860641658306118,19.009162006378173,0.49853531301021575
One-D-Piece,imagenet,n02086240,8,0.5950196236371994,14.038641681671143,0.34412064343690874
One-D-Piece,imagenet,n02086240,16,0.4785071587562561,14.877714176177978,0.3446386659145355
One-D-Piece,imagenet,n02086240,32,0.36408410489559173,15.929099845886231,0.34224257826805116
One-D-Piece,imagenet,n02086240,64,0.27815825760364526,17.246987609863282,0.3757045476138592
One-D-Piece,imagenet,n02086240,96,0.23463163495063777,18.004067687988282,0.40271467983722686
One-D-Piece,imagenet,n02086240,128,0.20939531385898585,18.547001552581786,0.418688083589077
One-D-Piece,imagenet,n02086240,160,0.19527388423681255,18.810813350677492,0.4274845376610756
One-D-Piece,imagenet,n02086240,208,0.1848769089579582,19.1005788230896,0.43434648007154464
One-D-Piece,imagenet,n02086240,256,0.18112416028976436,19.26076219558716,0.43843271940946577
One-D-Piece,imagenet,n02088094,8,0.6242175388336182,14.10447904586792,0.28835588872432705
One-D-Piece,imagenet,n02088094,16,0.5056651866436005,14.703991355895996,0.2851800230145454
One-D-Piece,imagenet,n02088094,32,0.37520758479833605,15.281397686004638,0.27004069238901135
One-D-Piece,imagenet,n02088094,64,0.2930756643414497,16.17772228240967,0.2899522620439529
One-D-Piece,imagenet,n02088094,96,0.24942277044057842,16.665119800567627,0.31446102917194363
One-D-Piece,imagenet,n02088094,128,0.22504596799612042,17.016800804138185,0.3328994145989418
One-D-Piece,imagenet,n02088094,160,0.2131692253053188,17.284531154632568,0.3434306249022484
One-D-Piece,imagenet,n02088094,208,0.20314923316240308,17.520849838256837,0.3514953291416168
One-D-Piece,imagenet,n02088094,256,0.19929758042097087,17.646605167388916,0.35434881746768954
One-D-Piece,imagenet,n02088238,8,0.6453863155841827,13.476668949127196,0.3321154138445854
One-D-Piece,imagenet,n02088238,16,0.5195888060331345,14.057229671478272,0.33809938699007036
One-D-Piece,imagenet,n02088238,32,0.399871484041214,15.060422496795654,0.3394557778537273
One-D-Piece,imagenet,n02088238,64,0.29784539282321926,16.37279830932617,0.3708290711045265
One-D-Piece,imagenet,n02088238,96,0.25111732035875317,17.229686546325684,0.4005379056930542
One-D-Piece,imagenet,n02088238,128,0.22601312965154643,17.81292070388794,0.4230292227864265
One-D-Piece,imagenet,n02088238,160,0.2126659274101257,18.04917287826538,0.4324062097072601
One-D-Piece,imagenet,n02088238,208,0.19971731305122373,18.3738952255249,0.4406256532669067
One-D-Piece,imagenet,n02088238,256,0.1958052775263786,18.506444396972658,0.4437012305855751
One-D-Piece,imagenet,n02088364,8,0.6373372936248779,13.72076581954956,0.32734100878238676
One-D-Piece,imagenet,n02088364,16,0.5115199780464172,14.53608518600464,0.3340384967625141
One-D-Piece,imagenet,n02088364,32,0.3758060124516487,15.567387428283691,0.3440938453376293
One-D-Piece,imagenet,n02088364,64,0.27921468198299404,16.689166622161864,0.37230917379260065
One-D-Piece,imagenet,n02088364,96,0.23561211973428722,17.562659072875977,0.3997026351094246
One-D-Piece,imagenet,n02088364,128,0.21114738434553143,18.055486965179444,0.41641275584697723
One-D-Piece,imagenet,n02088364,160,0.19709792047739025,18.36911874771118,0.42661056235432626
One-D-Piece,imagenet,n02088364,208,0.1871364603936672,18.71355100631714,0.4347695228457451
One-D-Piece,imagenet,n02088364,256,0.18323545426130292,18.876398792266844,0.43838131755590437
One-D-Piece,imagenet,n02088466,8,0.6259049820899963,14.316003704071045,0.336620352268219
One-D-Piece,imagenet,n02088466,16,0.5070423668622971,14.921651973724366,0.3367956131696701
One-D-Piece,imagenet,n02088466,32,0.3878771623969078,15.78874532699585,0.33410723119974134
One-D-Piece,imagenet,n02088466,64,0.2979323342442512,16.639166736602782,0.3579960629343987
One-D-Piece,imagenet,n02088466,96,0.25171704351902,17.419281749725343,0.38069978028535845
One-D-Piece,imagenet,n02088466,128,0.228545885682106,17.897586669921875,0.39570540279150007
One-D-Piece,imagenet,n02088466,160,0.2146395520865917,18.22307601928711,0.4075432851910591
One-D-Piece,imagenet,n02088466,208,0.20278922915458675,18.5158731842041,0.4162082350254059
One-D-Piece,imagenet,n02088466,256,0.1989672768115997,18.61784646987915,0.4188280498981476
One-D-Piece,imagenet,n02091032,8,0.643536183834076,14.098892269134522,0.34595918372273443
One-D-Piece,imagenet,n02091032,16,0.5350310701131821,14.790516967773437,0.35209637612104416
One-D-Piece,imagenet,n02091032,32,0.40376543283462524,15.841804065704345,0.3619662155210972
One-D-Piece,imagenet,n02091032,64,0.30071531236171717,16.850865497589112,0.38830972254276275
One-D-Piece,imagenet,n02091032,96,0.2525610464811325,17.480263500213624,0.4171760831773281
One-D-Piece,imagenet,n02091032,128,0.22613888084888456,17.900716190338134,0.43554695427417756
One-D-Piece,imagenet,n02091032,160,0.20954809859395024,18.180288829803466,0.44549147695302965
One-D-Piece,imagenet,n02091032,208,0.19962960407137867,18.481613845825194,0.4512967540323734
One-D-Piece,imagenet,n02091032,256,0.19557460501790044,18.6395703125,0.4542397898435593
One-D-Piece,imagenet,n02091134,8,0.6062666636705398,14.795744571685791,0.31038582012057303
One-D-Piece,imagenet,n02091134,16,0.4817232000827789,15.323152694702149,0.3123533609509468
One-D-Piece,imagenet,n02091134,32,0.3549572092294693,16.05548740386963,0.29995494484901425
One-D-Piece,imagenet,n02091134,64,0.27802678465843195,16.811136474609373,0.31552712231874463
One-D-Piece,imagenet,n02091134,96,0.2383481407165527,17.410397605895994,0.33651322826743124
One-D-Piece,imagenet,n02091134,128,0.21725436985492702,17.82138204574585,0.3501897396147251
One-D-Piece,imagenet,n02091134,160,0.20709993213415143,18.098455924987793,0.35750744059681894
One-D-Piece,imagenet,n02091134,208,0.19703547120094295,18.36657022476196,0.3680279670655727
One-D-Piece,imagenet,n02091134,256,0.19464162707328792,18.41508623123169,0.3678704522550106
One-D-Piece,imagenet,n02092339,8,0.6107992064952851,13.965324287414552,0.3080569568276405
One-D-Piece,imagenet,n02092339,16,0.4879515129327774,14.551043910980225,0.31163712769746776
One-D-Piece,imagenet,n02092339,32,0.3641449332237244,15.4402099609375,0.30903754457831384
One-D-Piece,imagenet,n02092339,64,0.2840176850557327,16.378356189727782,0.33991062834858893
One-D-Piece,imagenet,n02092339,96,0.24137458652257915,17.033672122955323,0.36769562810659406
One-D-Piece,imagenet,n02092339,128,0.21638428062200543,17.549922618865967,0.38937494784593585
One-D-Piece,imagenet,n02092339,160,0.20367354974150653,17.782595920562745,0.39761339873075485
One-D-Piece,imagenet,n02092339,208,0.19428206175565715,18.157315311431883,0.40795320481061936
One-D-Piece,imagenet,n02092339,256,0.1905960728228092,18.2707110786438,0.41064743131399156
One-D-Piece,imagenet,n02094433,8,0.6047552114725113,13.943478565216065,0.3045790690183639
One-D-Piece,imagenet,n02094433,16,0.48889427244663236,14.610785064697266,0.30356059879064556
One-D-Piece,imagenet,n02094433,32,0.3767398500442505,15.362703876495361,0.29946202173829073
One-D-Piece,imagenet,n02094433,64,0.2856774905323982,16.54260711669922,0.3326798066496849
One-D-Piece,imagenet,n02094433,96,0.23917366743087765,17.3877534866333,0.36263020962476733
One-D-Piece,imagenet,n02094433,128,0.2161471718549728,17.90703876495361,0.37728718370199205
One-D-Piece,imagenet,n02094433,160,0.20285839378833767,18.188525409698485,0.3860049292445183
One-D-Piece,imagenet,n02094433,208,0.19488468542695042,18.3888205909729,0.39304222375154496
One-D-Piece,imagenet,n02094433,256,0.19124917179346082,18.475817375183105,0.3958775267004967
One-D-Piece,imagenet,n02096585,8,0.6352521359920502,12.925615673065186,0.32196221724152563
One-D-Piece,imagenet,n02096585,16,0.5125056624412536,13.772990703582764,0.33689822554588317
One-D-Piece,imagenet,n02096585,32,0.3906078791618347,14.823835849761963,0.35069931238889696
One-D-Piece,imagenet,n02096585,64,0.2950263130664825,16.164432182312012,0.3891828006505966
One-D-Piece,imagenet,n02096585,96,0.24877605855464932,16.99828287124634,0.41788199186325076
One-D-Piece,imagenet,n02096585,128,0.22082542330026622,17.518047466278077,0.44057268679142
One-D-Piece,imagenet,n02096585,160,0.20556649416685102,17.81955940246582,0.4499624152481556
One-D-Piece,imagenet,n02096585,208,0.1943867067992687,18.172897033691406,0.4612912377715111
One-D-Piece,imagenet,n02096585,256,0.18970513626933094,18.305025997161867,0.46394571766257287
One-D-Piece,imagenet,n02097298,8,0.6029005455970764,13.719716529846192,0.28260318547487256
One-D-Piece,imagenet,n02097298,16,0.48611013531684877,14.59079038619995,0.2822862765192985
One-D-Piece,imagenet,n02097298,32,0.3772518616914749,15.629270153045654,0.2798960934579372
One-D-Piece,imagenet,n02097298,64,0.2908170586824417,16.964463748931884,0.30777640551328656
One-D-Piece,imagenet,n02097298,96,0.2499445423483848,17.50692855834961,0.32850721389055254
One-D-Piece,imagenet,n02097298,128,0.22451002955436702,18.005953044891356,0.34430211186409
One-D-Piece,imagenet,n02097298,160,0.21346532762050624,18.18616861343384,0.35069729149341583
One-D-Piece,imagenet,n02097298,208,0.20187710821628568,18.443270835876465,0.3567812913656235
One-D-Piece,imagenet,n02097298,256,0.19834128648042676,18.507975425720215,0.3591608554124832
One-D-Piece,imagenet,n02098286,8,0.5963244414329529,14.487934036254883,0.3321331597864628
One-D-Piece,imagenet,n02098286,16,0.47513829946517944,15.617360935211181,0.3510093414783478
One-D-Piece,imagenet,n02098286,32,0.36887111008167267,16.532809734344482,0.35598398715257645
One-D-Piece,imagenet,n02098286,64,0.28681438982486723,17.723484115600584,0.38718532890081403
One-D-Piece,imagenet,n02098286,96,0.24126615464687343,18.547643337249756,0.40975927501916887
One-D-Piece,imagenet,n02098286,128,0.2182242158055305,19.072514877319335,0.4253744423389435
One-D-Piece,imagenet,n02098286,160,0.20516422152519223,19.32562412261963,0.43142840534448623
One-D-Piece,imagenet,n02098286,208,0.19584411501884458,19.638865871429445,0.4386572369933128
One-D-Piece,imagenet,n02098286,256,0.19165815442800518,19.7970352935791,0.4420304626226425
One-D-Piece,imagenet,n02099601,8,0.6316077417135239,14.046820430755615,0.31229980438947674
One-D-Piece,imagenet,n02099601,16,0.5107003825902939,14.676799430847169,0.3136644339561462
One-D-Piece,imagenet,n02099601,32,0.383216580748558,15.653907375335693,0.3136764988303184
One-D-Piece,imagenet,n02099601,64,0.2937021607160568,16.893498210906984,0.34369139224290846
One-D-Piece,imagenet,n02099601,96,0.24848805695772166,17.516474952697752,0.3659932270646095
One-D-Piece,imagenet,n02099601,128,0.22507865488529202,17.86716655731201,0.38428605020046236
One-D-Piece,imagenet,n02099601,160,0.2111057439446449,18.148219242095948,0.39490422278642656
One-D-Piece,imagenet,n02099601,208,0.19967053383588787,18.487418212890624,0.40484364598989486
One-D-Piece,imagenet,n02099601,256,0.19628269940614695,18.623328399658202,0.4074515354633331
One-D-Piece,imagenet,n02099712,8,0.6065527510643005,14.197358779907226,0.3634218190610409
One-D-Piece,imagenet,n02099712,16,0.4793681067228317,15.13596996307373,0.3722572273015976
One-D-Piece,imagenet,n02099712,32,0.36128430724143984,16.300997829437257,0.3787682130932808
One-D-Piece,imagenet,n02099712,64,0.2736812126636505,17.45529493331909,0.41146226674318315
One-D-Piece,imagenet,n02099712,96,0.23067652136087413,18.350812911987305,0.439021583199501
One-D-Piece,imagenet,n02099712,128,0.20794880509376523,18.871598205566407,0.45742291152477266
One-D-Piece,imagenet,n02099712,160,0.19610528796911236,19.14373966217041,0.4664865207672119
One-D-Piece,imagenet,n02099712,208,0.18497003883123395,19.48630168914795,0.4751141947507858
One-D-Piece,imagenet,n02099712,256,0.18167564153671262,19.592771701812744,0.47947018921375273
One-D-Piece,imagenet,n02102318,8,0.612826087474823,13.897664775848389,0.29347202822566026
One-D-Piece,imagenet,n02102318,16,0.4929984140396118,14.794497337341308,0.2989540764689445
One-D-Piece,imagenet,n02102318,32,0.3736324042081833,15.649357051849366,0.29145623490214345
One-D-Piece,imagenet,n02102318,64,0.28589257717132566,16.754677143096924,0.3220757411420345
One-D-Piece,imagenet,n02102318,96,0.24358173608779904,17.395942478179933,0.3503553032875061
One-D-Piece,imagenet,n02102318,128,0.21555857867002484,17.952953510284424,0.37090547174215316
One-D-Piece,imagenet,n02102318,160,0.20385849386453625,18.23151725769043,0.37916809782385824
One-D-Piece,imagenet,n02102318,208,0.1926063874363899,18.54576177597046,0.38733119070529937
One-D-Piece,imagenet,n02102318,256,0.18873628973960874,18.672599544525145,0.3896739046275616
One-D-Piece,imagenet,n02106030,8,0.6092451721429825,13.725094318389893,0.28594392552971837
One-D-Piece,imagenet,n02106030,16,0.47081410229206083,14.573560810089111,0.2923766787350177
One-D-Piece,imagenet,n02106030,32,0.3500847810506821,15.316419696807861,0.2885783132910728
One-D-Piece,imagenet,n02106030,64,0.27149399608373637,16.630735569000244,0.326145284473896
One-D-Piece,imagenet,n02106030,96,0.23100590646266933,17.434718914031983,0.3571045371890068
One-D-Piece,imagenet,n02106030,128,0.2083246752619743,17.90412202835083,0.37490127682685853
One-D-Piece,imagenet,n02106030,160,0.1955018642544746,18.151220703125,0.383829827606678
One-D-Piece,imagenet,n02106030,208,0.1861569425463676,18.415930404663087,0.3913175344467163
One-D-Piece,imagenet,n02106030,256,0.1834690828621387,18.575455379486083,0.3942589870095253
One-D-Piece,imagenet,n02106166,8,0.6459847629070282,12.906293659210204,0.27037307441234587
One-D-Piece,imagenet,n02106166,16,0.5032641804218292,13.773346614837646,0.28228648051619526
One-D-Piece,imagenet,n02106166,32,0.37880709648132327,14.755914249420165,0.29047942847013475
One-D-Piece,imagenet,n02106166,64,0.2916178902983665,16.025566310882567,0.3302695368230343
One-D-Piece,imagenet,n02106166,96,0.24911789089441297,16.814553966522215,0.3602952668070793
One-D-Piece,imagenet,n02106166,128,0.222353021800518,17.303219089508058,0.38197871834039687
One-D-Piece,imagenet,n02106166,160,0.2083112987875938,17.593261375427247,0.3915690180659294
One-D-Piece,imagenet,n02106166,208,0.19916569143533702,17.854013538360597,0.40186361104249957
One-D-Piece,imagenet,n02106166,256,0.19537409842014308,17.921456565856932,0.40391940593719483
One-D-Piece,imagenet,n02106550,8,0.6116772782802582,13.742835006713868,0.304434959590435
One-D-Piece,imagenet,n02106550,16,0.4800139224529266,14.733695735931397,0.30471795320510864
One-D-Piece,imagenet,n02106550,32,0.3662757039070129,15.47515281677246,0.3024572396278381
One-D-Piece,imagenet,n02106550,64,0.2814795675873756,16.487925605773924,0.33109957188367845
One-D-Piece,imagenet,n02106550,96,0.24221621394157405,17.16756851196289,0.35742970764636994
One-D-Piece,imagenet,n02106550,128,0.216532529592514,17.543357410430907,0.3733339896798134
One-D-Piece,imagenet,n02106550,160,0.20372505649924275,17.82371269226074,0.3831854373216629
One-D-Piece,imagenet,n02106550,208,0.19316485345363613,18.080151977539064,0.39506576389074327
One-D-Piece,imagenet,n02106550,256,0.18967171907424923,18.196451473236085,0.39696826338768004
One-D-Piece,imagenet,n02106662,8,0.6397940999269486,13.438354640007018,0.28381052479147906
One-D-Piece,imagenet,n02106662,16,0.49612347424030306,14.292422313690185,0.29455152049660677
One-D-Piece,imagenet,n02106662,32,0.37373573482036593,15.217968158721924,0.2892336072027683
One-D-Piece,imagenet,n02106662,64,0.28648399651050566,16.33065797805786,0.31821853846311565
One-D-Piece,imagenet,n02106662,96,0.24596288084983822,16.905797634124756,0.3438446035981178
One-D-Piece,imagenet,n02106662,128,0.2219507417082786,17.34836347579956,0.3638331386446953
One-D-Piece,imagenet,n02106662,160,0.20721978455781934,17.5653316116333,0.3695948439836502
One-D-Piece,imagenet,n02106662,208,0.1968335965275764,17.827333068847658,0.37879258424043655
One-D-Piece,imagenet,n02106662,256,0.19425674736499782,17.95849691390991,0.3819908019900322
One-D-Piece,imagenet,n02108089,8,0.6372933202981949,13.598310508728026,0.2864678965508938
One-D-Piece,imagenet,n02108089,16,0.5127669370174408,14.45700294494629,0.29134048536419865
One-D-Piece,imagenet,n02108089,32,0.38839893221855165,15.22797088623047,0.2891432358324527
One-D-Piece,imagenet,n02108089,64,0.29863142758607863,16.26266923904419,0.32017595052719117
One-D-Piece,imagenet,n02108089,96,0.2552973341941833,17.04574214935303,0.3488388241827488
One-D-Piece,imagenet,n02108089,128,0.22815095663070675,17.52957103729248,0.3671413147449493
One-D-Piece,imagenet,n02108089,160,0.21436476230621335,17.848833122253417,0.3772793564200401
One-D-Piece,imagenet,n02108089,208,0.2027190953493118,18.10214916229248,0.3871161082386971
One-D-Piece,imagenet,n02108089,256,0.1994870418310165,18.176632499694826,0.38966336905956267
One-D-Piece,imagenet,n02108915,8,0.6132817375659942,13.390015106201172,0.3647668965160847
One-D-Piece,imagenet,n02108915,16,0.4983455842733383,14.260942020416259,0.3773828412592411
One-D-Piece,imagenet,n02108915,32,0.3741662436723709,15.542983989715577,0.39419366911053655
One-D-Piece,imagenet,n02108915,64,0.2756268733739853,17.19044044494629,0.43148650854825976
One-D-Piece,imagenet,n02108915,96,0.22949277013540265,17.99527763366699,0.4612677851319313
One-D-Piece,imagenet,n02108915,128,0.20585450530052182,18.48359592437744,0.47738676488399506
One-D-Piece,imagenet,n02108915,160,0.19069339290261264,18.82419822692871,0.48861596047878264
One-D-Piece,imagenet,n02108915,208,0.17929135560989376,19.09278995513916,0.4972439107298851
One-D-Piece,imagenet,n02108915,256,0.17567159458994863,19.28350269317627,0.501209856569767
One-D-Piece,imagenet,n02109525,8,0.6297706598043442,13.303690586090088,0.3315775403380394
One-D-Piece,imagenet,n02109525,16,0.5120637100934983,14.134217262268066,0.3359390959143639
One-D-Piece,imagenet,n02109525,32,0.3797522497177124,15.345813236236573,0.34179907619953154
One-D-Piece,imagenet,n02109525,64,0.2887813803553581,16.5959090423584,0.37027458667755125
One-D-Piece,imagenet,n02109525,96,0.24448683142662045,17.44294729232788,0.39898011952638623
One-D-Piece,imagenet,n02109525,128,0.21818625211715695,17.916344242095946,0.4171400484442711
One-D-Piece,imagenet,n02109525,160,0.20374003291130063,18.211808643341065,0.42594216763973236
One-D-Piece,imagenet,n02109525,208,0.19257257163524624,18.51195295333862,0.43639417946338654
One-D-Piece,imagenet,n02109525,256,0.1891937036812305,18.630821323394777,0.43953504532575605
One-D-Piece,imagenet,n02110185,8,0.6548857390880585,13.454163341522216,0.31651854440569877
One-D-Piece,imagenet,n02110185,16,0.5287592136859893,14.062519664764404,0.32209214627742766
One-D-Piece,imagenet,n02110185,32,0.39676813066005706,15.065250930786133,0.3301267911493778
One-D-Piece,imagenet,n02110185,64,0.30315680831670755,16.307011737823487,0.36330325439572336
One-D-Piece,imagenet,n02110185,96,0.255451602935791,17.106332721710206,0.39910041242837907
One-D-Piece,imagenet,n02110185,128,0.22740398824214933,17.7113653755188,0.4223715087771416
One-D-Piece,imagenet,n02110185,160,0.2142689663171768,18.05631805419922,0.43281637579202653
One-D-Piece,imagenet,n02110185,208,0.2040191504359245,18.412511253356932,0.4428760576248169
One-D-Piece,imagenet,n02110185,256,0.20038758277893062,18.53133569717407,0.4456680738925934
One-D-Piece,imagenet,n02110341,8,0.6358257782459259,12.53601650238037,0.271141699552536
One-D-Piece,imagenet,n02110341,16,0.5077955377101898,13.099555377960206,0.27590225949883457
One-D-Piece,imagenet,n02110341,32,0.3857778137922287,13.998094139099122,0.292639482319355
One-D-Piece,imagenet,n02110341,64,0.30097279489040374,14.904971408843995,0.33061587005853654
One-D-Piece,imagenet,n02110341,96,0.25399579346179957,15.604769134521485,0.3674179005622864
One-D-Piece,imagenet,n02110341,128,0.2292179828882217,16.021864929199218,0.3897289043664932
One-D-Piece,imagenet,n02110341,160,0.2149344506859779,16.25654094696045,0.40256512343883516
One-D-Piece,imagenet,n02110341,208,0.20310121119022365,16.51596076965332,0.41229135781526566
One-D-Piece,imagenet,n02110341,256,0.1993388000130653,16.62158348083496,0.41504516422748566
One-D-Piece,imagenet,n02110958,8,0.6560624140501022,13.219975910186768,0.3103942716121673
One-D-Piece,imagenet,n02110958,16,0.5335793906450271,14.054703559875488,0.31785654991865153
One-D-Piece,imagenet,n02110958,32,0.40910340785980226,15.133188610076905,0.32632737800478934
One-D-Piece,imagenet,n02110958,64,0.30632906824350353,16.189852085113525,0.35672412902116774
One-D-Piece,imagenet,n02110958,96,0.25817273736000057,16.982392406463624,0.3870898789167404
One-D-Piece,imagenet,n02110958,128,0.23028767287731167,17.53849275588989,0.40710801154375076
One-D-Piece,imagenet,n02110958,160,0.21497618466615673,17.766703453063965,0.4177356827259064
One-D-Piece,imagenet,n02110958,208,0.20402606576681134,18.008632946014405,0.4242097982764244
One-D-Piece,imagenet,n02110958,256,0.20025371402502057,18.08486680984497,0.42633882820606234
One-D-Piece,imagenet,n02112018,8,0.5849865490198135,14.719385967254638,0.37346636891365054
One-D-Piece,imagenet,n02112018,16,0.4626457691192627,15.58025520324707,0.38322406470775605
One-D-Piece,imagenet,n02112018,32,0.34432643979787825,16.585799770355223,0.37822598338127134
One-D-Piece,imagenet,n02112018,64,0.2604174694418907,17.72366865158081,0.4088899803161621
One-D-Piece,imagenet,n02112018,96,0.22147791773080822,18.60110147476196,0.43588927447795867
One-D-Piece,imagenet,n02112018,128,0.1981946778297424,19.189074211120605,0.45123411059379576
One-D-Piece,imagenet,n02112018,160,0.18560027658939357,19.44185894012451,0.4563983327150345
One-D-Piece,imagenet,n02112018,208,0.17770647853612898,19.689689922332764,0.46143814563751223
One-D-Piece,imagenet,n02112018,256,0.1743669746816158,19.800757637023924,0.46375729084014894
One-D-Piece,imagenet,n02112137,8,0.6354535472393036,14.297699928283691,0.3290386933088303
One-D-Piece,imagenet,n02112137,16,0.5052821075916291,15.034213199615479,0.3325752365589142
One-D-Piece,imagenet,n02112137,32,0.37057781755924224,16.22458385467529,0.3292352123558521
One-D-Piece,imagenet,n02112137,64,0.2836663058400154,17.32052740097046,0.3532989101111889
One-D-Piece,imagenet,n02112137,96,0.24212840586900708,18.07969738006592,0.37894114941358564
One-D-Piece,imagenet,n02112137,128,0.2186977210640907,18.63228483200073,0.39729278564453124
One-D-Piece,imagenet,n02112137,160,0.20646872013807294,18.894491271972655,0.4044078677892685
One-D-Piece,imagenet,n02112137,208,0.19715589135885236,19.193755283355713,0.41296864092350005
One-D-Piece,imagenet,n02112137,256,0.19440463215112683,19.27235345840454,0.4149606764316559
One-D-Piece,imagenet,n02113023,8,0.6218239790201188,14.19718454360962,0.3688477775454521
One-D-Piece,imagenet,n02113023,16,0.5021111243963241,15.089845619201661,0.375676955729723
One-D-Piece,imagenet,n02113023,32,0.37938897430896756,16.31362350463867,0.3800880950689316
One-D-Piece,imagenet,n02113023,64,0.28072636604309076,17.51126724243164,0.4121553157269955
One-D-Piece,imagenet,n02113023,96,0.23904242575168605,18.222006072998045,0.43626215517520905
One-D-Piece,imagenet,n02113023,128,0.21362504869699475,18.644661483764647,0.4529514944553375
One-D-Piece,imagenet,n02113023,160,0.1976320920884609,18.92439453125,0.460247143805027
One-D-Piece,imagenet,n02113023,208,0.18558648794889446,19.267194538116456,0.46955744683742523
One-D-Piece,imagenet,n02113023,256,0.18212788522243495,19.430439624786377,0.4718631291389465
One-D-Piece,imagenet,n02113624,8,0.5952237099409103,14.529571571350097,0.38414943546056746
One-D-Piece,imagenet,n02113624,16,0.4791891974210739,15.547333736419677,0.3867015127837658
One-D-Piece,imagenet,n02113624,32,0.3767364364862442,16.504198760986327,0.3874742552638054
One-D-Piece,imagenet,n02113624,64,0.28053454428911206,17.935504970550536,0.4179754823446274
One-D-Piece,imagenet,n02113624,96,0.23506592482328412,18.62350896835327,0.44298034727573393
One-D-Piece,imagenet,n02113624,128,0.20869554489850994,19.36435615539551,0.4600221598148346
One-D-Piece,imagenet,n02113624,160,0.1955479401350021,19.685462532043456,0.4682431358098984
One-D-Piece,imagenet,n02113624,208,0.18442231893539426,19.96201843261719,0.4754608458280563
One-D-Piece,imagenet,n02113624,256,0.17995004341006277,20.16666202545166,0.4789452904462814
One-D-Piece,imagenet,n02113799,8,0.6158042442798615,13.42719934463501,0.3114151722192764
One-D-Piece,imagenet,n02113799,16,0.49061487793922426,14.397743682861329,0.3116158585250377
One-D-Piece,imagenet,n02113799,32,0.3726583108305931,15.53385238647461,0.312287288159132
One-D-Piece,imagenet,n02113799,64,0.2877823945879936,16.815408325195314,0.3447747629880905
One-D-Piece,imagenet,n02113799,96,0.2447001305222511,17.44535036087036,0.3695803916454315
One-D-Piece,imagenet,n02113799,128,0.22194160789251324,17.88233880996704,0.38343723863363266
One-D-Piece,imagenet,n02113799,160,0.20800095587968823,18.144978599548338,0.39237009137868883
One-D-Piece,imagenet,n02113799,208,0.19603377923369403,18.494039573669433,0.40160778105258943
One-D-Piece,imagenet,n02113799,256,0.19240221858024595,18.571971778869628,0.40302450954914093
One-D-Piece,imagenet,n02114367,8,0.6331680917739868,14.060000972747803,0.28042471200227737
One-D-Piece,imagenet,n02114367,16,0.5074587482213974,14.675993328094483,0.284190896898508
One-D-Piece,imagenet,n02114367,32,0.38368701934814453,15.630766410827636,0.2864795786142349
One-D-Piece,imagenet,n02114367,64,0.29610990732908243,16.67310203552246,0.31556496098637576
One-D-Piece,imagenet,n02114367,96,0.25796386897563933,17.270088596343996,0.3430454942584038
One-D-Piece,imagenet,n02114367,128,0.23419988751411436,17.743742141723633,0.36306638926267626
One-D-Piece,imagenet,n02114367,160,0.22123703062534328,18.01384698867798,0.3731390425562859
One-D-Piece,imagenet,n02114367,208,0.2122337573766708,18.257506942749025,0.38036307364702227
One-D-Piece,imagenet,n02114367,256,0.20814485460519788,18.31883539199829,0.3830699846148491
One-D-Piece,imagenet,n02117135,8,0.6420797938108445,15.89999900817871,0.23961626380681988
One-D-Piece,imagenet,n02117135,16,0.5223938071727753,16.46354118347168,0.2408684909343719
One-D-Piece,imagenet,n02117135,32,0.37805853635072706,16.838186283111572,0.2217644621431827
One-D-Piece,imagenet,n02117135,64,0.30314669877290723,17.27804277420044,0.22586585506796833
One-D-Piece,imagenet,n02117135,96,0.2697027304768562,17.604758777618407,0.24108340829610822
One-D-Piece,imagenet,n02117135,128,0.25218753486871714,17.87776496887207,0.25153262376785274
One-D-Piece,imagenet,n02117135,160,0.24239863246679302,18.02302017211914,0.2574528697133064
One-D-Piece,imagenet,n02117135,208,0.23501497268676755,18.224888381958007,0.2657784733176231
One-D-Piece,imagenet,n02117135,256,0.2311126537621021,18.224170932769777,0.2652759866416454
One-D-Piece,imagenet,n02119022,8,0.639189749956131,14.592821865081786,0.3134778706729412
One-D-Piece,imagenet,n02119022,16,0.5163408643007279,15.299585132598876,0.3139509972929954
One-D-Piece,imagenet,n02119022,32,0.3909985706210136,16.088446464538574,0.3051578910648822
One-D-Piece,imagenet,n02119022,64,0.2996968445181846,17.01362844467163,0.32978673189878466
One-D-Piece,imagenet,n02119022,96,0.2574805665016174,17.633568382263185,0.35569783255457876
One-D-Piece,imagenet,n02119022,128,0.23408319950103756,18.048600807189942,0.37246300384402276
One-D-Piece,imagenet,n02119022,160,0.22036212772130961,18.276886043548583,0.38163078904151915
One-D-Piece,imagenet,n02119022,208,0.210568433701992,18.535391387939452,0.3894776353240013
One-D-Piece,imagenet,n02119022,256,0.20707356259226795,18.62723201751709,0.39240719988942147
One-D-Piece,imagenet,n02123045,8,0.6213276326656342,14.009339523315429,0.3039858655631542
One-D-Piece,imagenet,n02123045,16,0.499189612865448,14.60574520111084,0.3061341146379709
One-D-Piece,imagenet,n02123045,32,0.3854288199543953,15.602240886688232,0.30839516200125217
One-D-Piece,imagenet,n02123045,64,0.30069751948118206,16.840106468200684,0.3378488202393055
One-D-Piece,imagenet,n02123045,96,0.2610329490900039,17.42651456832886,0.3626115208864212
One-D-Piece,imagenet,n02123045,128,0.23653711840510364,17.85145534515381,0.38193630129098893
One-D-Piece,imagenet,n02123045,160,0.22256260722875593,18.113654327392577,0.39080831736326216
One-D-Piece,imagenet,n02123045,208,0.21222058832645413,18.340350608825684,0.40027505815029146
One-D-Piece,imagenet,n02123045,256,0.20886318951845165,18.42815124511719,0.4030441811680794
One-D-Piece,imagenet,n02128385,8,0.5832021880149841,14.10003023147583,0.24425503514707084
One-D-Piece,imagenet,n02128385,16,0.4569169104099274,14.354912452697754,0.24098408266901966
One-D-Piece,imagenet,n02128385,32,0.35925665944814683,14.516658172607421,0.2426611518859863
One-D-Piece,imagenet,n02128385,64,0.27908490061759944,15.131846389770509,0.27782228410243986
One-D-Piece,imagenet,n02128385,96,0.23986548691987988,15.44579568862915,0.29954322069883343
One-D-Piece,imagenet,n02128385,128,0.2200491431355476,15.690908851623535,0.3171331962943077
One-D-Piece,imagenet,n02128385,160,0.20962444245815273,15.792345085144042,0.32692414462566377
One-D-Piece,imagenet,n02128385,208,0.20139704853296275,15.943216285705567,0.33330832690000534
One-D-Piece,imagenet,n02128385,256,0.200150506645441,15.97751470565796,0.3359732148051262
One-D-Piece,imagenet,n02128757,8,0.6503533840179443,13.695806331634522,0.24090829297900196
One-D-Piece,imagenet,n02128757,16,0.521698278784752,14.184076652526855,0.23974778726696966
One-D-Piece,imagenet,n02128757,32,0.39078306198120116,14.847373313903809,0.24062194317579266
One-D-Piece,imagenet,n02128757,64,0.31297653615474696,15.607823085784911,0.2674580375105142
One-D-Piece,imagenet,n02128757,96,0.27329558134078974,15.945013790130615,0.2911358922719955
One-D-Piece,imagenet,n02128757,128,0.25300284057855604,16.21354705810547,0.3101523049175739
One-D-Piece,imagenet,n02128757,160,0.24084749996662136,16.398991451263427,0.3195701661705971
One-D-Piece,imagenet,n02128757,208,0.2318202358484268,16.61247064590454,0.32690388143062593
One-D-Piece,imagenet,n02128757,256,0.22905572503805158,16.70965486526489,0.3301688386499882
One-D-Piece,imagenet,n02129165,8,0.6234710657596588,14.36430419921875,0.3067634326219558
One-D-Piece,imagenet,n02129165,16,0.511472424864769,15.1596875,0.3110500320792198
One-D-Piece,imagenet,n02129165,32,0.3882866042852402,16.029511127471924,0.30962060451507567
One-D-Piece,imagenet,n02129165,64,0.3001851576566696,17.09316982269287,0.33714445024728773
One-D-Piece,imagenet,n02129165,96,0.2584566810727119,17.703057327270507,0.3610244691371918
One-D-Piece,imagenet,n02129165,128,0.23119530752301212,18.16969108581543,0.37708905458450315
One-D-Piece,imagenet,n02129165,160,0.2186564294993877,18.467201404571533,0.3868810510635376
One-D-Piece,imagenet,n02129165,208,0.2086510060727596,18.77450759887695,0.3950367617607117
One-D-Piece,imagenet,n02129165,256,0.20544293060898777,18.905912170410158,0.397347514629364
One-D-Piece,imagenet,n02129604,8,0.6443955469131469,13.484352989196777,0.2184144443273544
One-D-Piece,imagenet,n02129604,16,0.5206031024456024,13.89788372039795,0.21729608774185177
One-D-Piece,imagenet,n02129604,32,0.4006715440750122,14.320724639892578,0.2175766865164041
One-D-Piece,imagenet,n02129604,64,0.318269310593605,14.98455530166626,0.2495998418331146
One-D-Piece,imagenet,n02129604,96,0.2764199966192245,15.448930206298828,0.2762847855687141
One-D-Piece,imagenet,n02129604,128,0.252960352897644,15.70290699005127,0.2972054846584797
One-D-Piece,imagenet,n02129604,160,0.2372532647848129,15.917070350646974,0.310310101211071
One-D-Piece,imagenet,n02129604,208,0.2271592181921005,16.091255168914795,0.31869334086775775
One-D-Piece,imagenet,n02129604,256,0.22374216809868808,16.162764453887938,0.32158261924982073
One-D-Piece,imagenet,n02130308,8,0.6175329530239105,14.756021957397461,0.24340276420116422
One-D-Piece,imagenet,n02130308,16,0.4824217772483826,14.990382995605469,0.24006295949220655
One-D-Piece,imagenet,n02130308,32,0.36464650452136993,15.068094062805176,0.23716842621564863
One-D-Piece,imagenet,n02130308,64,0.2960073700547218,15.506860828399658,0.2536352342367172
One-D-Piece,imagenet,n02130308,96,0.26078292876482007,15.83942138671875,0.27060045853257175
One-D-Piece,imagenet,n02130308,128,0.24137093663215634,15.99117654800415,0.2822668454051017
One-D-Piece,imagenet,n02130308,160,0.2292164924740791,16.094721240997316,0.28905799731612203
One-D-Piece,imagenet,n02130308,208,0.21943114265799518,16.238303508758545,0.29545805037021633
One-D-Piece,imagenet,n02130308,256,0.21626849234104153,16.26363233566284,0.2962538921833038
One-D-Piece,imagenet,n02134084,8,0.5634005218744278,15.696483306884765,0.4484924909472465
One-D-Piece,imagenet,n02134084,16,0.4554293659329414,16.541898593902587,0.4432409243285656
One-D-Piece,imagenet,n02134084,32,0.35978680551052095,17.43716718673706,0.44060163453221324
One-D-Piece,imagenet,n02134084,64,0.2774099233746528,18.50230989456177,0.4587059210240841
One-D-Piece,imagenet,n02134084,96,0.2361694166064262,19.305903301239013,0.48421402156353
One-D-Piece,imagenet,n02134084,128,0.2140251418948173,19.812114181518556,0.5007459050416947
One-D-Piece,imagenet,n02134084,160,0.2001715053617954,20.227321968078613,0.5101208591461182
One-D-Piece,imagenet,n02134084,208,0.18965742528438564,20.610027503967284,0.5182017359137535
One-D-Piece,imagenet,n02134084,256,0.18678935304284092,20.6942405128479,0.5187047547101975
One-D-Piece,imagenet,n02138441,8,0.6279322332143784,14.368685970306396,0.31107405886054035
One-D-Piece,imagenet,n02138441,16,0.4982744216918945,14.876979427337647,0.31914266392588614
One-D-Piece,imagenet,n02138441,32,0.3742781090736389,15.97584587097168,0.32514057740569113
One-D-Piece,imagenet,n02138441,64,0.29566882684826845,16.935386543273925,0.3512432146072388
One-D-Piece,imagenet,n02138441,96,0.25421281605958934,17.59213056564331,0.3752326039969921
One-D-Piece,imagenet,n02138441,128,0.22939458221197126,17.96506420135498,0.39095302239060403
One-D-Piece,imagenet,n02138441,160,0.21639078065752979,18.193298263549806,0.4001797717809677
One-D-Piece,imagenet,n02138441,208,0.20547737985849376,18.51004066467285,0.40904427975416185
One-D-Piece,imagenet,n02138441,256,0.20090629100799556,18.64658483505249,0.41114461064338687
One-D-Piece,imagenet,n02165456,8,0.6127507895231247,13.83410270690918,0.35695417046546934
One-D-Piece,imagenet,n02165456,16,0.495779784321785,14.456719665527343,0.3706256258487701
One-D-Piece,imagenet,n02165456,32,0.38114550679922105,15.463575000762939,0.38584714755415916
One-D-Piece,imagenet,n02165456,64,0.29502618610858916,16.58863878250122,0.4211865335702896
One-D-Piece,imagenet,n02165456,96,0.24565400376915927,17.25371923446655,0.45056262478232384
One-D-Piece,imagenet,n02165456,128,0.22286346733570095,17.68897274017334,0.46835580676794053
One-D-Piece,imagenet,n02165456,160,0.20895926296710965,18.044339332580567,0.48037998914718627
One-D-Piece,imagenet,n02165456,208,0.19707139208912847,18.301959342956543,0.48760046988725664
One-D-Piece,imagenet,n02165456,256,0.19426636844873424,18.419792003631592,0.49093185901641845
One-D-Piece,imagenet,n02190166,8,0.6046559369564056,14.079448184967042,0.3712222076952457
One-D-Piece,imagenet,n02190166,16,0.5009304338693619,14.836613864898682,0.3803005641698837
One-D-Piece,imagenet,n02190166,32,0.39857410728931425,15.578503684997559,0.387825403958559
One-D-Piece,imagenet,n02190166,64,0.3071274998784065,16.523160533905028,0.42107380136847494
One-D-Piece,imagenet,n02190166,96,0.25583799213171,17.20578510284424,0.4487538680434227
One-D-Piece,imagenet,n02190166,128,0.230527785718441,17.63419828414917,0.4686620308458805
One-D-Piece,imagenet,n02190166,160,0.21588178589940069,17.812866592407225,0.4782307383418083
One-D-Piece,imagenet,n02190166,208,0.2048970058560371,18.09280111312866,0.48762291759252546
One-D-Piece,imagenet,n02190166,256,0.19993425905704496,18.206678085327148,0.4916925436258316
One-D-Piece,imagenet,n02206856,8,0.6376185089349746,13.091867961883544,0.3157734288275241
One-D-Piece,imagenet,n02206856,16,0.527835259437561,13.8289803314209,0.3202630549669266
One-D-Piece,imagenet,n02206856,32,0.418355285525322,14.655582046508789,0.32696331694722175
One-D-Piece,imagenet,n02206856,64,0.32349652141332624,15.525089855194091,0.3674500493705273
One-D-Piece,imagenet,n02206856,96,0.27348021030426023,16.194538917541504,0.39968769282102584
One-D-Piece,imagenet,n02206856,128,0.24669379860162732,16.67437822341919,0.4198569652438164
One-D-Piece,imagenet,n02206856,160,0.23042049050331112,16.985645904541016,0.43126109734177587
One-D-Piece,imagenet,n02206856,208,0.21809645161032673,17.239403343200685,0.4439972673356533
One-D-Piece,imagenet,n02206856,256,0.21451202109456058,17.33525573730469,0.44865979433059694
One-D-Piece,imagenet,n02219486,8,0.5800939977169037,14.635073986053467,0.4050300568342209
One-D-Piece,imagenet,n02219486,16,0.4797753697633743,15.399951820373536,0.4140687078237534
One-D-Piece,imagenet,n02219486,32,0.37969049900770185,16.22265687942505,0.4207879564166069
One-D-Piece,imagenet,n02219486,64,0.29531062990427015,17.103767547607422,0.4505569013953209
One-D-Piece,imagenet,n02219486,96,0.24960943579673764,17.86992820739746,0.48080328419804574
One-D-Piece,imagenet,n02219486,128,0.22373520761728283,18.25910167694092,0.49793741390109064
One-D-Piece,imagenet,n02219486,160,0.20821541160345075,18.581908454895018,0.5099218325316905
One-D-Piece,imagenet,n02219486,208,0.19634054884314533,18.8421648979187,0.5193755416572094
One-D-Piece,imagenet,n02219486,256,0.19231764450669286,18.996214389801025,0.5227452854812146
One-D-Piece,imagenet,n02226429,8,0.6296375352144241,14.1006103515625,0.36896060399711134
One-D-Piece,imagenet,n02226429,16,0.514761084318161,15.027287635803223,0.3765453303605318
One-D-Piece,imagenet,n02226429,32,0.39680664718151093,15.989896640777587,0.39238149255514143
One-D-Piece,imagenet,n02226429,64,0.3007731118798256,16.840778522491455,0.42635155729949475
One-D-Piece,imagenet,n02226429,96,0.25301928371191024,17.480501956939698,0.45811433874070645
One-D-Piece,imagenet,n02226429,128,0.2250641846656799,18.064705390930175,0.4794003274291754
One-D-Piece,imagenet,n02226429,160,0.2120598122477531,18.313404159545897,0.49154008038342
One-D-Piece,imagenet,n02226429,208,0.20042225986719128,18.61921371459961,0.5029704163968564
One-D-Piece,imagenet,n02226429,256,0.19827618747949596,18.73634714126587,0.5052661325782537
One-D-Piece,imagenet,n02233338,8,0.5757181221246719,15.337924880981445,0.4019611071050167
One-D-Piece,imagenet,n02233338,16,0.478228771686554,16.213055629730224,0.40971086993813516
One-D-Piece,imagenet,n02233338,32,0.3830233752727509,17.216853065490724,0.4155948756635189
One-D-Piece,imagenet,n02233338,64,0.3001865319907665,18.0857555770874,0.4354939690232277
One-D-Piece,imagenet,n02233338,96,0.25540519088506697,18.637328128814698,0.45511597365140916
One-D-Piece,imagenet,n02233338,128,0.23025495707988736,19.10355546951294,0.4677352072298527
One-D-Piece,imagenet,n02233338,160,0.2189760139584541,19.444427947998047,0.4749713282287121
One-D-Piece,imagenet,n02233338,208,0.20655571207404133,19.801160087585448,0.4788794793188572
One-D-Piece,imagenet,n02233338,256,0.20213248595595357,19.965573806762695,0.48229845687747
One-D-Piece,imagenet,n02236044,8,0.6066011899709701,14.805837268829345,0.4154252192378044
One-D-Piece,imagenet,n02236044,16,0.5067619115114212,15.332715244293214,0.4267807830125093
One-D-Piece,imagenet,n02236044,32,0.38614912003278734,16.389851055145265,0.4489728348702192
One-D-Piece,imagenet,n02236044,64,0.2871260884404182,17.662813720703124,0.4963158743828535
One-D-Piece,imagenet,n02236044,96,0.23558135792613025,18.503214225769042,0.5309909671545029
One-D-Piece,imagenet,n02236044,128,0.20983866244554517,18.92524606704712,0.55348273858428
One-D-Piece,imagenet,n02236044,160,0.1969820640236139,19.20677402496338,0.5621122173964977
One-D-Piece,imagenet,n02236044,208,0.18651828944683072,19.6439280128479,0.5730968494713307
One-D-Piece,imagenet,n02236044,256,0.1824727342277765,19.7479483795166,0.5764442054927349
One-D-Piece,imagenet,n02268443,8,0.6096734291315079,14.776159915924072,0.4111272294819355
One-D-Piece,imagenet,n02268443,16,0.5115212732553482,15.168313121795654,0.4162373760342598
One-D-Piece,imagenet,n02268443,32,0.3881633371114731,16.16183219909668,0.4367151354253292
One-D-Piece,imagenet,n02268443,64,0.2904267024993896,17.251197147369385,0.479557628929615
One-D-Piece,imagenet,n02268443,96,0.23910655707120892,17.9216095161438,0.5074250560998916
One-D-Piece,imagenet,n02268443,128,0.21379009291529652,18.308214988708496,0.5270780697464943
One-D-Piece,imagenet,n02268443,160,0.19994256064295765,18.57791160583496,0.5374272346496582
One-D-Piece,imagenet,n02268443,208,0.18927170291543002,18.841536178588868,0.5449693647027015
One-D-Piece,imagenet,n02268443,256,0.1862907256186008,18.973192615509035,0.5479443898797035
One-D-Piece,imagenet,n02279972,8,0.6338602709770202,13.141729316711427,0.2760238710045814
One-D-Piece,imagenet,n02279972,16,0.5074823313951492,13.344276714324952,0.27466762468218797
One-D-Piece,imagenet,n02279972,32,0.3935771501064301,13.778840007781982,0.27570583850145336
One-D-Piece,imagenet,n02279972,64,0.3064851835370063,14.397450637817382,0.30438960194587705
One-D-Piece,imagenet,n02279972,96,0.2655151697993278,14.732604579925537,0.32828431457281115
One-D-Piece,imagenet,n02279972,128,0.24145527154207225,14.98316261291504,0.34485060811042784
One-D-Piece,imagenet,n02279972,160,0.22825546935200688,15.164050006866455,0.35530819922685625
One-D-Piece,imagenet,n02279972,208,0.21865705698728558,15.319061012268067,0.36401964858174324
One-D-Piece,imagenet,n02279972,256,0.21508001148700712,15.361336460113526,0.36605398878455164
One-D-Piece,imagenet,n02317335,8,0.7026348733901977,14.051745853424073,0.23118679389357563
One-D-Piece,imagenet,n02317335,16,0.5756029760837555,14.660312004089356,0.22997224770486352
One-D-Piece,imagenet,n02317335,32,0.4449902093410492,15.366385364532471,0.233302000015974
One-D-Piece,imagenet,n02317335,64,0.3512525099515915,16.10604866027832,0.2576197405159473
One-D-Piece,imagenet,n02317335,96,0.2998371043801307,16.695280590057372,0.28060538902878757
One-D-Piece,imagenet,n02317335,128,0.27272827178239817,17.013507232666015,0.2960831163823604
One-D-Piece,imagenet,n02317335,160,0.2579267001152038,17.278902740478514,0.3064852498471737
One-D-Piece,imagenet,n02317335,208,0.24575115650892254,17.477849349975585,0.3125486359000206
One-D-Piece,imagenet,n02317335,256,0.24140194505453105,17.555440158843993,0.31411686331033706
One-D-Piece,imagenet,n02325366,8,0.6297485399246215,15.750631408691406,0.2517707128822803
One-D-Piece,imagenet,n02325366,16,0.48940864086151126,16.12449899673462,0.24251711592078207
One-D-Piece,imagenet,n02325366,32,0.37049331665039065,16.348336334228517,0.22358065761625764
One-D-Piece,imagenet,n02325366,64,0.2989374074339866,16.819635066986084,0.23649062320590017
One-D-Piece,imagenet,n02325366,96,0.25985886961221694,17.22844789505005,0.25618206247687336
One-D-Piece,imagenet,n02325366,128,0.2433792486786842,17.55569257736206,0.26998045966029166
One-D-Piece,imagenet,n02325366,160,0.23106695562601087,17.769085350036622,0.27689713940024374
One-D-Piece,imagenet,n02325366,208,0.22016282439231868,17.999791011810302,0.28311924844980235
One-D-Piece,imagenet,n02325366,256,0.2172456774115562,18.06095630645752,0.2838782878220081
One-D-Piece,imagenet,n02346627,8,0.6580022644996643,14.159477996826173,0.20804134666919705
One-D-Piece,imagenet,n02346627,16,0.5335602504014969,14.573486080169678,0.19819889500737187
One-D-Piece,imagenet,n02346627,32,0.42077125191688536,14.948352661132812,0.18755880042910572
One-D-Piece,imagenet,n02346627,64,0.3312115544080734,15.476404724121094,0.20936709910631177
One-D-Piece,imagenet,n02346627,96,0.2906677410006523,15.8851788520813,0.22703660145401952
One-D-Piece,imagenet,n02346627,128,0.2707286486029625,16.124649047851562,0.24019053325057027
One-D-Piece,imagenet,n02346627,160,0.25572470128536223,16.278790721893312,0.2473072354495525
One-D-Piece,imagenet,n02346627,208,0.24463831216096873,16.355952663421633,0.2531031787395477
One-D-Piece,imagenet,n02346627,256,0.24127457082271572,16.39556625366211,0.2544074927270412
One-D-Piece,imagenet,n02356798,8,0.6849370402097702,14.54750337600708,0.28335088014602655
One-D-Piece,imagenet,n02356798,16,0.5742129153013229,15.180769920349121,0.2850374265015125
One-D-Piece,imagenet,n02356798,32,0.4241010558605194,15.850344314575196,0.27990147620439526
One-D-Piece,imagenet,n02356798,64,0.32057695865631103,16.726862678527834,0.30043025285005565
One-D-Piece,imagenet,n02356798,96,0.2778642827272415,17.270685062408447,0.31921034857630726
One-D-Piece,imagenet,n02356798,128,0.2513503515720367,17.546582164764406,0.33481632500886915
One-D-Piece,imagenet,n02356798,160,0.23807520180940625,17.787386379241944,0.34204323559999467
One-D-Piece,imagenet,n02356798,208,0.2272339272499084,18.03223726272583,0.34929762959480287
One-D-Piece,imagenet,n02356798,256,0.22325958311557767,18.14644729614258,0.3511194747686386
One-D-Piece,imagenet,n02363005,8,0.6175787705183029,14.814081230163573,0.2694176943600177
One-D-Piece,imagenet,n02363005,16,0.49393117666244507,15.6803560256958,0.2656796386837959
One-D-Piece,imagenet,n02363005,32,0.378461599946022,16.2134450340271,0.2552327331900596
One-D-Piece,imagenet,n02363005,64,0.3074155324697494,16.882109413146974,0.2695734156668186
One-D-Piece,imagenet,n02363005,96,0.26700310468673705,17.288195781707763,0.2839732393622398
One-D-Piece,imagenet,n02363005,128,0.24768923699855802,17.50692186355591,0.2936123229563236
One-D-Piece,imagenet,n02363005,160,0.23372765198349948,17.688704795837403,0.30025645568966863
One-D-Piece,imagenet,n02363005,208,0.22418242990970608,17.87010004043579,0.30479061543941494
One-D-Piece,imagenet,n02363005,256,0.22038299381732937,17.974632225036622,0.3070929652452469
One-D-Piece,imagenet,n02364673,8,0.6127484554052353,13.680994663238526,0.3581391215324402
One-D-Piece,imagenet,n02364673,16,0.4954283046722412,14.620399227142334,0.36774345964193345
One-D-Piece,imagenet,n02364673,32,0.38458558797836306,15.906022701263428,0.3809854444861412
One-D-Piece,imagenet,n02364673,64,0.28854292571544643,17.256041107177733,0.41591860085725785
One-D-Piece,imagenet,n02364673,96,0.23828846275806423,18.06918327331543,0.4459005495905876
One-D-Piece,imagenet,n02364673,128,0.21226821869611737,18.64439151763916,0.4630041283369064
One-D-Piece,imagenet,n02364673,160,0.1961932989954948,19.049575672149658,0.472139356136322
One-D-Piece,imagenet,n02364673,208,0.18516131967306135,19.409474086761474,0.48081055402755735
One-D-Piece,imagenet,n02364673,256,0.18068293839693067,19.62053045272827,0.48502321511507035
One-D-Piece,imagenet,n02391049,8,0.6155676484107971,13.018680076599122,0.19480825848877426
One-D-Piece,imagenet,n02391049,16,0.5002864193916321,13.150924892425538,0.19405328102409836
One-D-Piece,imagenet,n02391049,32,0.3848061800003052,13.40249921798706,0.19682691067457195
One-D-Piece,imagenet,n02391049,64,0.2989982593059539,13.904635200500488,0.23237595185637472
One-D-Piece,imagenet,n02391049,96,0.2565488258004188,14.234154148101807,0.2601145006716251
One-D-Piece,imagenet,n02391049,128,0.2370304450392723,14.436245651245118,0.2791067299246788
One-D-Piece,imagenet,n02391049,160,0.22280846148729322,14.65213415145874,0.29196168810129164
One-D-Piece,imagenet,n02391049,208,0.2132835483551025,14.787365760803223,0.2991765937209129
One-D-Piece,imagenet,n02391049,256,0.20975588172674176,14.824338455200195,0.30156113922595973
One-D-Piece,imagenet,n02395406,8,0.6726969736814499,14.05583526611328,0.24522677943110463
One-D-Piece,imagenet,n02395406,16,0.5519173192977905,14.660124988555909,0.2523170505464077
One-D-Piece,imagenet,n02395406,32,0.43338490784168243,15.373085746765137,0.2520416516065597
One-D-Piece,imagenet,n02395406,64,0.339439460337162,16.257282848358155,0.2716908964514732
One-D-Piece,imagenet,n02395406,96,0.29286600440740584,16.7310164642334,0.2935721363127231
One-D-Piece,imagenet,n02395406,128,0.2663247659802436,17.026510334014894,0.30964054137468333
One-D-Piece,imagenet,n02395406,160,0.250646795630455,17.232560958862305,0.317086963802576
One-D-Piece,imagenet,n02395406,208,0.23914368629455562,17.468302021026613,0.3226936733722687
One-D-Piece,imagenet,n02395406,256,0.2345628514885902,17.59204122543335,0.3257326591014862
One-D-Piece,imagenet,n02398521,8,0.6438791716098785,14.933646030426026,0.2987477362155914
One-D-Piece,imagenet,n02398521,16,0.538745203614235,15.341031322479248,0.29529994845390317
One-D-Piece,imagenet,n02398521,32,0.42313745081424714,16.041780529022216,0.2820787990093231
One-D-Piece,imagenet,n02398521,64,0.33937759160995484,16.81075002670288,0.28786605343222615
One-D-Piece,imagenet,n02398521,96,0.2897969514131546,17.20845506668091,0.30786125838756556
One-D-Piece,imagenet,n02398521,128,0.26418041348457333,17.563553409576414,0.32349451214075087
One-D-Piece,imagenet,n02398521,160,0.24846796154975886,17.783386459350584,0.33222563564777374
One-D-Piece,imagenet,n02398521,208,0.23843175798654553,18.050481395721434,0.3384083670377731
One-D-Piece,imagenet,n02398521,256,0.23435190737247463,18.118914470672607,0.3398989103734493
One-D-Piece,imagenet,n02410509,8,0.619010369181633,15.001263771057129,0.2763309887051582
One-D-Piece,imagenet,n02410509,16,0.493689689040184,15.71018424987793,0.2773877982795238
One-D-Piece,imagenet,n02410509,32,0.38574695110321044,16.153863735198975,0.26020495489239687
One-D-Piece,imagenet,n02410509,64,0.3035271009802818,17.026010875701903,0.2785590387880802
One-D-Piece,imagenet,n02410509,96,0.2617215570807457,17.481993656158448,0.29652256518602366
One-D-Piece,imagenet,n02410509,128,0.24185971558094022,17.835967407226562,0.3099100063741207
One-D-Piece,imagenet,n02410509,160,0.23005728095769878,18.078250846862794,0.31890058085322376
One-D-Piece,imagenet,n02410509,208,0.21759454801678654,18.30883892059326,0.3265566936135292
One-D-Piece,imagenet,n02410509,256,0.21492187976837154,18.414679584503173,0.3280154865980148
One-D-Piece,imagenet,n02423022,8,0.6346799212694169,15.6542045211792,0.2763490410149097
One-D-Piece,imagenet,n02423022,16,0.5014730608463287,16.185446548461915,0.27438570901751513
One-D-Piece,imagenet,n02423022,32,0.37627875447273257,16.71152660369873,0.2538226959109306
One-D-Piece,imagenet,n02423022,64,0.30412820190191264,17.357697143554688,0.26049304261803624
One-D-Piece,imagenet,n02423022,96,0.26652476966381067,17.68693376541138,0.2772627171874046
One-D-Piece,imagenet,n02423022,128,0.24629180341958995,17.95941650390625,0.2884875805675983
One-D-Piece,imagenet,n02423022,160,0.2346636977791786,18.128082752227783,0.2963188369572162
One-D-Piece,imagenet,n02423022,208,0.22503062576055524,18.317023334503173,0.3019868147373199
One-D-Piece,imagenet,n02423022,256,0.22265093147754667,18.340830116271974,0.30317028477787966
One-D-Piece,imagenet,n02437616,8,0.6453979992866516,13.792205276489257,0.3104546737670898
One-D-Piece,imagenet,n02437616,16,0.5211115396022796,14.508036079406738,0.31687804281711573
One-D-Piece,imagenet,n02437616,32,0.39470851063728335,15.57230079650879,0.3181451392173767
One-D-Piece,imagenet,n02437616,64,0.29851636737585063,16.757391624450683,0.3519460371136665
One-D-Piece,imagenet,n02437616,96,0.2559413069486618,17.392155399322508,0.37684111297130585
One-D-Piece,imagenet,n02437616,128,0.2298303014039993,17.860698928833006,0.395814069211483
One-D-Piece,imagenet,n02437616,160,0.21462303966283794,18.152696266174317,0.4066571590304375
One-D-Piece,imagenet,n02437616,208,0.20335758522152897,18.456227989196776,0.4149802675843239
One-D-Piece,imagenet,n02437616,256,0.20020973861217495,18.494161739349366,0.4174258589744568
One-D-Piece,imagenet,n02445715,8,0.6800020503997802,13.631746768951416,0.249454378709197
One-D-Piece,imagenet,n02445715,16,0.5541681224107742,14.384793796539306,0.2542222841084003
One-D-Piece,imagenet,n02445715,32,0.41814503908157347,15.476954288482666,0.26446042448282236
One-D-Piece,imagenet,n02445715,64,0.3279012396931648,16.42651340484619,0.2898639133572578
One-D-Piece,imagenet,n02445715,96,0.279877196252346,17.06396312713623,0.31742306038737295
One-D-Piece,imagenet,n02445715,128,0.25359887719154356,17.55046350479126,0.33652436047792433
One-D-Piece,imagenet,n02445715,160,0.23764065146446225,17.765860862731934,0.3448502343893051
One-D-Piece,imagenet,n02445715,208,0.22642314881086345,17.972509651184083,0.3520934996008873
One-D-Piece,imagenet,n02445715,256,0.22249529510736463,18.06965805053711,0.3545177820324898
One-D-Piece,imagenet,n02447366,8,0.6682966554164886,14.335592479705811,0.22993331700563427
One-D-Piece,imagenet,n02447366,16,0.5425608730316163,14.793268909454346,0.23308023422956464
One-D-Piece,imagenet,n02447366,32,0.39881099402904513,15.505098171234131,0.2338475704938173
One-D-Piece,imagenet,n02447366,64,0.3134330260753631,16.44097063064575,0.258525171726942
One-D-Piece,imagenet,n02447366,96,0.267694573700428,17.019569988250733,0.28292198702692983
One-D-Piece,imagenet,n02447366,128,0.24363904535770411,17.41251832962036,0.29937524437904356
One-D-Piece,imagenet,n02447366,160,0.22944061741232868,17.677039203643798,0.30614177286624905
One-D-Piece,imagenet,n02447366,208,0.2194673396646976,17.890133152008058,0.31360998943448065
One-D-Piece,imagenet,n02447366,256,0.21570218116044995,17.97356086730957,0.3150004501640796
One-D-Piece,imagenet,n02480495,8,0.6697289371490478,14.14813398361206,0.2627364882826805
One-D-Piece,imagenet,n02480495,16,0.5552016907930374,14.648863410949707,0.2668291705846786
One-D-Piece,imagenet,n02480495,32,0.4118704181909561,15.549248332977294,0.2702604134380817
One-D-Piece,imagenet,n02480495,64,0.313004495203495,16.28234182357788,0.29141668289899825
One-D-Piece,imagenet,n02480495,96,0.266282530426979,16.803971824645995,0.3152264933288097
One-D-Piece,imagenet,n02480495,128,0.24215534240007397,17.134486045837402,0.333059709072113
One-D-Piece,imagenet,n02480495,160,0.22860080450773235,17.37931447982788,0.345080393999815
One-D-Piece,imagenet,n02480495,208,0.21804506123065945,17.588501224517824,0.352062052488327
One-D-Piece,imagenet,n02480495,256,0.21493117481470103,17.71202917098999,0.3560583034157753
One-D-Piece,imagenet,n02480855,8,0.6370102173089981,14.274461116790771,0.27895421177148816
One-D-Piece,imagenet,n02480855,16,0.5267849719524383,14.864300708770752,0.2857390812039375
One-D-Piece,imagenet,n02480855,32,0.3971998572349548,15.68466199874878,0.287082003057003
One-D-Piece,imagenet,n02480855,64,0.31054393440484995,16.497381973266602,0.3149357095360756
One-D-Piece,imagenet,n02480855,96,0.26822138100862497,17.046337604522705,0.34190562754869464
One-D-Piece,imagenet,n02480855,128,0.24131767123937603,17.448848400115967,0.35898262828588484
One-D-Piece,imagenet,n02480855,160,0.22691303104162214,17.606124649047853,0.3665786316990852
One-D-Piece,imagenet,n02480855,208,0.21727988660335537,17.879578132629394,0.3734723514318466
One-D-Piece,imagenet,n02480855,256,0.21427566140890117,17.930988578796388,0.37575843691825866
One-D-Piece,imagenet,n02481823,8,0.6358352839946747,13.753320827484131,0.27046126604080195
One-D-Piece,imagenet,n02481823,16,0.5223258727788925,14.530232963562012,0.2762582793831825
One-D-Piece,imagenet,n02481823,32,0.39740072190761566,15.33431573867798,0.2807685567438602
One-D-Piece,imagenet,n02481823,64,0.3120545363426208,16.2967160987854,0.30918044373393055
One-D-Piece,imagenet,n02481823,96,0.2672987392544746,16.918017559051513,0.33754057198762893
One-D-Piece,imagenet,n02481823,128,0.24021789878606792,17.39499486923218,0.3575396151840687
One-D-Piece,imagenet,n02481823,160,0.2265380015969276,17.60502321243286,0.36727446869015695
One-D-Piece,imagenet,n02481823,208,0.21596483200788494,17.829257755279542,0.37476096346974375
One-D-Piece,imagenet,n02481823,256,0.211016504317522,17.953628616333006,0.37869386330246924
One-D-Piece,imagenet,n02483362,8,0.662661337852478,13.734842090606689,0.2955477903783321
One-D-Piece,imagenet,n02483362,16,0.5531686925888062,14.319588985443115,0.3027896992862224
One-D-Piece,imagenet,n02483362,32,0.4093649637699127,15.213675918579101,0.3160832814872265
One-D-Piece,imagenet,n02483362,64,0.3105152854323387,16.330107116699217,0.35398547679185866
One-D-Piece,imagenet,n02483362,96,0.2654891631007194,17.0269877243042,0.3883754952251911
One-D-Piece,imagenet,n02483362,128,0.23909060567617413,17.461489868164062,0.40682903945446014
One-D-Piece,imagenet,n02483362,160,0.22342929780483242,17.72462631225586,0.41652241051197053
One-D-Piece,imagenet,n02483362,208,0.21227425858378407,18.03117416381836,0.4256833463907242
One-D-Piece,imagenet,n02483362,256,0.2088129664957523,18.14867073059082,0.4286743554472923
One-D-Piece,imagenet,n02486410,8,0.6323637062311173,15.18212043762207,0.3101491099596023
One-D-Piece,imagenet,n02486410,16,0.5195781427621842,15.870181560516357,0.3110917210578918
One-D-Piece,imagenet,n02486410,32,0.38251363098621366,16.641139259338377,0.3000448101758957
One-D-Piece,imagenet,n02486410,64,0.2996771132946014,17.538912086486818,0.31187888309359546
One-D-Piece,imagenet,n02486410,96,0.2580072274804115,18.034932842254637,0.33336138367652896
One-D-Piece,imagenet,n02486410,128,0.23416758626699444,18.473453674316406,0.3491103348135948
One-D-Piece,imagenet,n02486410,160,0.2225096336007118,18.70039073944092,0.35716039180755615
One-D-Piece,imagenet,n02486410,208,0.21385371789336202,18.91306173324585,0.3634017702937126
One-D-Piece,imagenet,n02486410,256,0.21049217313528057,18.985321235656738,0.36517739087343215
One-D-Piece,imagenet,n02510455,8,0.6735576367378235,13.278391666412354,0.26930014923214907
One-D-Piece,imagenet,n02510455,16,0.5511968976259232,13.885050067901611,0.28033795699477193
One-D-Piece,imagenet,n02510455,32,0.4094866645336151,15.221399307250977,0.3030198304355144
One-D-Piece,imagenet,n02510455,64,0.31398278713226313,16.431051235198975,0.3460625492036343
One-D-Piece,imagenet,n02510455,96,0.26654656052589415,17.186932067871094,0.37553274050354957
One-D-Piece,imagenet,n02510455,128,0.23590212821960446,17.650137367248536,0.39555322781205177
One-D-Piece,imagenet,n02510455,160,0.21877809703350062,17.904182262420655,0.405711418390274
One-D-Piece,imagenet,n02510455,208,0.20986758723855015,18.053329868316652,0.4132163894176483
One-D-Piece,imagenet,n02510455,256,0.20688253849744792,18.16269498825073,0.4163295345008373
One-D-Piece,imagenet,n02526121,8,0.6602025651931762,14.19004259109497,0.254494593963027
One-D-Piece,imagenet,n02526121,16,0.5482687002420426,14.944420738220215,0.2644473188370466
One-D-Piece,imagenet,n02526121,32,0.42851680248975754,15.838354072570802,0.265541793256998
One-D-Piece,imagenet,n02526121,64,0.337893049120903,16.69251865386963,0.2844665236771106
One-D-Piece,imagenet,n02526121,96,0.2933076265454292,17.14483278274536,0.3053323349356651
One-D-Piece,imagenet,n02526121,128,0.26904792040586467,17.44949562072754,0.31946831360459327
One-D-Piece,imagenet,n02526121,160,0.257221168577671,17.662147407531737,0.32858397826552393
One-D-Piece,imagenet,n02526121,208,0.246066600382328,17.957222995758055,0.33687559351325036
One-D-Piece,imagenet,n02526121,256,0.24162171751260753,18.053621807098388,0.3390227980911732
One-D-Piece,imagenet,n02607072,8,0.619496346116066,13.433650169372559,0.243421529084444
One-D-Piece,imagenet,n02607072,16,0.5147315359115601,13.97940860748291,0.24496123589575286
One-D-Piece,imagenet,n02607072,32,0.4157131540775299,14.75469211578369,0.25314875230193135
One-D-Piece,imagenet,n02607072,64,0.3319451344013214,15.686424922943115,0.2862015378475189
One-D-Piece,imagenet,n02607072,96,0.2837605844438076,16.197477836608886,0.31269906789064406
One-D-Piece,imagenet,n02607072,128,0.2557560974359512,16.561252422332764,0.3322253729403019
One-D-Piece,imagenet,n02607072,160,0.2399102587997913,16.847998943328857,0.3452864791452885
One-D-Piece,imagenet,n02607072,208,0.22979068398475644,17.061266174316405,0.3558714070916176
One-D-Piece,imagenet,n02607072,256,0.22653379872441287,17.099865112304688,0.3580980086326599
One-D-Piece,imagenet,n02655020,8,0.6231818783283234,14.794442310333253,0.31111335307359694
One-D-Piece,imagenet,n02655020,16,0.5193695545196533,15.376401920318603,0.31244213700294493
One-D-Piece,imagenet,n02655020,32,0.4051349359750748,16.24954339981079,0.3102013254165649
One-D-Piece,imagenet,n02655020,64,0.32348273813724515,17.011759757995605,0.3261226896941662
One-D-Piece,imagenet,n02655020,96,0.2795004048943519,17.454268321990966,0.34751674577593805
One-D-Piece,imagenet,n02655020,128,0.2535452899336815,17.827955837249757,0.36322841107845305
One-D-Piece,imagenet,n02655020,160,0.24147071123123165,18.002166271209717,0.3718083694577217
One-D-Piece,imagenet,n02655020,208,0.22969698220491405,18.323773250579833,0.379020476937294
One-D-Piece,imagenet,n02655020,256,0.22611979246139524,18.461727237701417,0.3816562849283218
One-D-Piece,imagenet,n02672831,8,0.6628045338392258,12.903587284088134,0.25265147186815734
One-D-Piece,imagenet,n02672831,16,0.5466400676965714,13.425912742614747,0.2668251159787178
One-D-Piece,imagenet,n02672831,32,0.4259271287918091,14.120429401397706,0.2896994630992412
One-D-Piece,imagenet,n02672831,64,0.322818218767643,15.053909664154054,0.34179822996258735
One-D-Piece,imagenet,n02672831,96,0.27051217138767236,15.649137554168702,0.37844119399785997
One-D-Piece,imagenet,n02672831,128,0.2445314662158489,16.041983432769776,0.4037022939324379
One-D-Piece,imagenet,n02672831,160,0.22772781550884244,16.330993041992187,0.41687562882900236
One-D-Piece,imagenet,n02672831,208,0.21548348546028134,16.57846618652344,0.42975403398275375
One-D-Piece,imagenet,n02672831,256,0.2124966230988502,16.656059131622314,0.43168876886367796
One-D-Piece,imagenet,n02701002,8,0.6107446283102036,12.209801979064942,0.26873744696378704
One-D-Piece,imagenet,n02701002,16,0.4684048366546631,12.788551540374756,0.2617903077602386
One-D-Piece,imagenet,n02701002,32,0.3761798018217087,13.472678241729737,0.2750500482320785
One-D-Piece,imagenet,n02701002,64,0.29616365313529963,14.338401432037353,0.32112080812454225
One-D-Piece,imagenet,n02701002,96,0.24793406367301937,14.986527042388916,0.3572108814120293
One-D-Piece,imagenet,n02701002,128,0.22123078823089595,15.307213973999023,0.37861167192459105
One-D-Piece,imagenet,n02701002,160,0.20797679960727689,15.554067211151123,0.39189156889915466
One-D-Piece,imagenet,n02701002,208,0.19789042711257931,15.768950004577636,0.4033628726005554
One-D-Piece,imagenet,n02701002,256,0.19413191258907314,15.824365463256836,0.4053846323490143
One-D-Piece,imagenet,n02749479,8,0.668609344959259,13.25220766067505,0.29960562877357
One-D-Piece,imagenet,n02749479,16,0.5548454654216767,13.905922069549561,0.3027402906864881
One-D-Piece,imagenet,n02749479,32,0.4277700990438461,14.648625354766846,0.3086137127876281
One-D-Piece,imagenet,n02749479,64,0.3246421018242836,15.524283981323242,0.3383438776433468
One-D-Piece,imagenet,n02749479,96,0.2760902327299118,16.120408802032472,0.3641986580193043
One-D-Piece,imagenet,n02749479,128,0.2497105704247951,16.452289295196532,0.38238806203007697
One-D-Piece,imagenet,n02749479,160,0.2349822406470775,16.631109523773194,0.3938898392021656
One-D-Piece,imagenet,n02749479,208,0.22324237599968907,16.82835693359375,0.403005078881979
One-D-Piece,imagenet,n02749479,256,0.22033740729093548,16.938384037017823,0.4057606302201748
One-D-Piece,imagenet,n02769748,8,0.6342102575302124,13.031469135284423,0.3581803205609322
One-D-Piece,imagenet,n02769748,16,0.5160682994127274,13.897193660736084,0.3728140816092491
One-D-Piece,imagenet,n02769748,32,0.3978738284111023,14.880953750610352,0.39105392634868624
One-D-Piece,imagenet,n02769748,64,0.30496378213167186,15.912489109039306,0.421477829515934
One-D-Piece,imagenet,n02769748,96,0.25329823106527327,16.7580881690979,0.45413832157850265
One-D-Piece,imagenet,n02769748,128,0.22290995910763736,17.315301628112792,0.47866022914648054
One-D-Piece,imagenet,n02769748,160,0.2082940788567066,17.651476001739503,0.4885991677641869
One-D-Piece,imagenet,n02769748,208,0.19524490907788272,17.97250467300415,0.5003797441720963
One-D-Piece,imagenet,n02769748,256,0.192318685054779,18.10588432312012,0.5039772918820381
One-D-Piece,imagenet,n02793495,8,0.5747413605451583,13.853554725646973,0.3038709652423859
One-D-Piece,imagenet,n02793495,16,0.45661903738975523,14.535054512023926,0.30010389573872087
One-D-Piece,imagenet,n02793495,32,0.3695568537712097,15.269451026916505,0.313596600741148
One-D-Piece,imagenet,n02793495,64,0.2789266589283943,16.42308126449585,0.34928198158741
One-D-Piece,imagenet,n02793495,96,0.23557498395442958,16.99558744430542,0.3749103756248951
One-D-Piece,imagenet,n02793495,128,0.21452221512794492,17.393447360992432,0.390302607268095
One-D-Piece,imagenet,n02793495,160,0.20197483539581296,17.556586818695067,0.3966418467462063
One-D-Piece,imagenet,n02793495,208,0.193075997531414,17.7308980178833,0.404270276427269
One-D-Piece,imagenet,n02793495,256,0.18981338620185847,17.79603277206421,0.4062886396050453
One-D-Piece,imagenet,n02797295,8,0.6959668791294098,13.642896270751953,0.23574546292424198
One-D-Piece,imagenet,n02797295,16,0.5865556192398071,14.182185745239257,0.23582676634192462
One-D-Piece,imagenet,n02797295,32,0.4506251734495163,14.684999141693115,0.22963980779051776
One-D-Piece,imagenet,n02797295,64,0.35474836468696597,15.26194263458252,0.2438884615898132
One-D-Piece,imagenet,n02797295,96,0.30535841822624205,15.646831359863281,0.2641461099684238
One-D-Piece,imagenet,n02797295,128,0.2772622162103653,15.91499225616455,0.28001661896705626
One-D-Piece,imagenet,n02797295,160,0.2598161187767982,16.089492931365967,0.2884525273740291
One-D-Piece,imagenet,n02797295,208,0.24570837795734402,16.28729772567749,0.29951547995209693
One-D-Piece,imagenet,n02797295,256,0.2428751894831657,16.361789836883545,0.3012304317951202
One-D-Piece,imagenet,n02802426,8,0.6648216128349305,13.354755020141601,0.3228678685426712
One-D-Piece,imagenet,n02802426,16,0.5460734850168228,14.090605030059814,0.32051055431365966
One-D-Piece,imagenet,n02802426,32,0.4303083086013794,14.771175575256347,0.3207843855023384
One-D-Piece,imagenet,n02802426,64,0.3284982341527939,15.636081733703612,0.35658230364322663
One-D-Piece,imagenet,n02802426,96,0.2780445444583892,16.238476486206054,0.3852072548866272
One-D-Piece,imagenet,n02802426,128,0.24708101183176037,16.763446826934814,0.4081151634454727
One-D-Piece,imagenet,n02802426,160,0.23185891926288602,17.060607585906983,0.4197490495443344
One-D-Piece,imagenet,n02802426,208,0.21982128024101255,17.351772689819335,0.4314099586009979
One-D-Piece,imagenet,n02802426,256,0.21573133438825604,17.474518718719484,0.4338973581790924
One-D-Piece,imagenet,n02808440,8,0.6131233805418015,14.164295978546143,0.4592606943845749
One-D-Piece,imagenet,n02808440,16,0.4971701788902283,15.30932601928711,0.46393665999174116
One-D-Piece,imagenet,n02808440,32,0.37868330597877503,16.580291233062745,0.48175285905599596
One-D-Piece,imagenet,n02808440,64,0.27673360288143156,18.092425918579103,0.5193138083815575
One-D-Piece,imagenet,n02808440,96,0.2284349352121353,18.86980707168579,0.549900915324688
One-D-Piece,imagenet,n02808440,128,0.20228677600622175,19.501245498657227,0.5711984834074975
One-D-Piece,imagenet,n02808440,160,0.18718086659908292,19.833060359954835,0.5799066069722175
One-D-Piece,imagenet,n02808440,208,0.17433333471417423,20.252988166809082,0.5909214708209037
One-D-Piece,imagenet,n02808440,256,0.17010556325316425,20.488054008483886,0.594614884853363
One-D-Piece,imagenet,n02814860,8,0.46183382511138915,15.117459564208984,0.49280626952648166
One-D-Piece,imagenet,n02814860,16,0.36309274166822436,15.960274810791015,0.501870833337307
One-D-Piece,imagenet,n02814860,32,0.2924564780294895,16.902328243255614,0.5254541236162186
One-D-Piece,imagenet,n02814860,64,0.2160348819196224,18.494703578948975,0.5588307583332062
One-D-Piece,imagenet,n02814860,96,0.18319962754845615,19.143862266540527,0.5824746888875961
One-D-Piece,imagenet,n02814860,128,0.16452378571033474,19.609863243103028,0.5964516508579254
One-D-Piece,imagenet,n02814860,160,0.1521325612068176,19.972378730773926,0.6043235313892364
One-D-Piece,imagenet,n02814860,208,0.14655925348401067,20.26031826019287,0.6102405196428299
One-D-Piece,imagenet,n02814860,256,0.14334744729101653,20.363858661651612,0.6102338349819183
One-D-Piece,imagenet,n02823750,8,0.6341453063488006,13.39203468322754,0.3705792525410652
One-D-Piece,imagenet,n02823750,16,0.5036901909112931,14.462862091064453,0.3919693884253502
One-D-Piece,imagenet,n02823750,32,0.38911792129278183,15.614747200012207,0.41591864347457885
One-D-Piece,imagenet,n02823750,64,0.2940266431868076,16.810087890625,0.45922573685646056
One-D-Piece,imagenet,n02823750,96,0.24313596360385414,17.501838569641112,0.48684158504009245
One-D-Piece,imagenet,n02823750,128,0.21834435462951657,17.998818645477296,0.5073976027965545
One-D-Piece,imagenet,n02823750,160,0.20363808482885357,18.351543579101563,0.5191256093978882
One-D-Piece,imagenet,n02823750,208,0.19229204386472698,18.62664203643799,0.5280298900604248
One-D-Piece,imagenet,n02823750,256,0.18829706147313113,18.739252586364746,0.5332085353136062
One-D-Piece,imagenet,n02841315,8,0.6367929530143738,13.1171746635437,0.34706291630864144
One-D-Piece,imagenet,n02841315,16,0.5221330684423446,13.884999294281005,0.3573079867660999
One-D-Piece,imagenet,n02841315,32,0.40061200231313704,14.867759399414062,0.37298540234565736
One-D-Piece,imagenet,n02841315,64,0.29824729353189466,15.89405324935913,0.41254514396190645
One-D-Piece,imagenet,n02841315,96,0.24716721475124356,16.695387592315672,0.4428173130750656
One-D-Piece,imagenet,n02841315,128,0.21889846518635747,17.177500190734865,0.46349347323179246
One-D-Piece,imagenet,n02841315,160,0.20522731781005857,17.505788135528565,0.4757456764578819
One-D-Piece,imagenet,n02841315,208,0.1922892107069492,17.832203960418703,0.4881004378199577
One-D-Piece,imagenet,n02841315,256,0.1880773791670799,17.996502342224122,0.4925955379009247
One-D-Piece,imagenet,n02843684,8,0.6916075438261032,13.175575561523438,0.27894401207566255
One-D-Piece,imagenet,n02843684,16,0.5666474848985672,13.708378028869628,0.2783427132666111
One-D-Piece,imagenet,n02843684,32,0.44208906948566434,14.430693759918213,0.2778297048807144
One-D-Piece,imagenet,n02843684,64,0.33978339612483976,15.44295274734497,0.3082381349802017
One-D-Piece,imagenet,n02843684,96,0.2881842571496963,16.058666744232177,0.3367668879032135
One-D-Piece,imagenet,n02843684,128,0.2570647376775741,16.434657096862793,0.35816057115793226
One-D-Piece,imagenet,n02843684,160,0.24030916064977642,16.644738540649413,0.36685784012079237
One-D-Piece,imagenet,n02843684,208,0.2303185340762138,16.895122261047362,0.37647867411375047
One-D-Piece,imagenet,n02843684,256,0.2265193228423595,16.972827281951904,0.37913873463869097
One-D-Piece,imagenet,n02883205,8,0.5837200278043747,12.90269983291626,0.3760801061987877
One-D-Piece,imagenet,n02883205,16,0.4833287912607193,13.658942470550537,0.39815118461847304
One-D-Piece,imagenet,n02883205,32,0.37338209539651873,15.153877620697022,0.4308404389023781
One-D-Piece,imagenet,n02883205,64,0.2757481852173805,16.68342945098877,0.4870541527867317
One-D-Piece,imagenet,n02883205,96,0.22836349993944163,17.516836185455322,0.5200522366166115
One-D-Piece,imagenet,n02883205,128,0.20053528174757954,18.15540967941284,0.5376142060756683
One-D-Piece,imagenet,n02883205,160,0.18667143926024432,18.528496780395507,0.5501560634374618
One-D-Piece,imagenet,n02883205,208,0.17446755215525622,18.929150886535645,0.5659286999702453
One-D-Piece,imagenet,n02883205,256,0.16999033659696575,19.043947620391847,0.5692595642805099
One-D-Piece,imagenet,n02906734,8,0.6818466544151306,13.959569454193115,0.28829869233071803
One-D-Piece,imagenet,n02906734,16,0.5472024846076965,14.841207828521728,0.290122897028923
One-D-Piece,imagenet,n02906734,32,0.4230040121078491,15.65800148010254,0.28972058966755865
One-D-Piece,imagenet,n02906734,64,0.31812922954559325,16.574067783355712,0.3153801523149013
One-D-Piece,imagenet,n02906734,96,0.2712609642744064,17.021894760131836,0.3348658277094364
One-D-Piece,imagenet,n02906734,128,0.24551912039518353,17.382674350738526,0.3495269736647606
One-D-Piece,imagenet,n02906734,160,0.23058602482080456,17.60210838317871,0.35825090706348417
One-D-Piece,imagenet,n02906734,208,0.21875591665506358,17.80064661026001,0.3655478924512863
One-D-Piece,imagenet,n02906734,256,0.21472864508628842,17.88259717941284,0.369185838252306
One-D-Piece,imagenet,n02909870,8,0.6377629190683365,13.849605159759522,0.38374658435583114
One-D-Piece,imagenet,n02909870,16,0.5039858567714691,14.642297496795655,0.3897717976570129
One-D-Piece,imagenet,n02909870,32,0.3701538395881653,15.6218701171875,0.4025693756341934
One-D-Piece,imagenet,n02909870,64,0.2758110861480236,16.857616233825684,0.4344102807343006
One-D-Piece,imagenet,n02909870,96,0.23016128718852993,17.522959022521974,0.46037562280893324
One-D-Piece,imagenet,n02909870,128,0.20468707159161564,18.07999994277954,0.47645398169755937
One-D-Piece,imagenet,n02909870,160,0.19108794718980784,18.408041400909426,0.48736733958125117
One-D-Piece,imagenet,n02909870,208,0.17990641593933102,18.778277435302734,0.49659222319722174
One-D-Piece,imagenet,n02909870,256,0.17565110251307484,18.869693088531495,0.500798246562481
One-D-Piece,imagenet,n02939185,8,0.6816444516181945,13.284077262878418,0.26803059771656984
One-D-Piece,imagenet,n02939185,16,0.5727462410926819,13.72019639968872,0.2712025827169418
One-D-Piece,imagenet,n02939185,32,0.4439566630125046,14.709986324310302,0.2848799884319305
One-D-Piece,imagenet,n02939185,64,0.33882615208625794,15.654978771209716,0.32042815402150154
One-D-Piece,imagenet,n02939185,96,0.2903027001023292,16.13112352371216,0.3497920326888561
One-D-Piece,imagenet,n02939185,128,0.2608076050877571,16.63065902709961,0.3718754285573959
One-D-Piece,imagenet,n02939185,160,0.2440091241896152,16.885844669342042,0.38414303958415985
One-D-Piece,imagenet,n02939185,208,0.23105007916688916,17.139999504089356,0.3945195165276527
One-D-Piece,imagenet,n02939185,256,0.22656317278742788,17.255704975128175,0.39909575402736663
One-D-Piece,imagenet,n02948072,8,0.5786796247959137,14.147291603088378,0.4039725911617279
One-D-Piece,imagenet,n02948072,16,0.4681175062060356,15.419084358215333,0.4429903733730316
One-D-Piece,imagenet,n02948072,32,0.36198276534676554,16.670384254455566,0.47012809455394744
One-D-Piece,imagenet,n02948072,64,0.27184921175241467,18.10150915145874,0.5200065195560455
One-D-Piece,imagenet,n02948072,96,0.22629606798291202,18.984574012756347,0.5539701321721077
One-D-Piece,imagenet,n02948072,128,0.2001431459188461,19.543093643188477,0.5726195886731148
One-D-Piece,imagenet,n02948072,160,0.18608093932271,19.835124320983887,0.5855756634473801
One-D-Piece,imagenet,n02948072,208,0.17536826234310862,20.23350004196167,0.5968200773000717
One-D-Piece,imagenet,n02948072,256,0.1726664514839649,20.3276300239563,0.6000019228458404
One-D-Piece,imagenet,n02950826,8,0.6441753798723221,13.620287857055665,0.29455706402659415
One-D-Piece,imagenet,n02950826,16,0.5304183828830719,14.412660636901855,0.30416933551430697
One-D-Piece,imagenet,n02950826,32,0.41124810427427294,14.99312448501587,0.3055418163537979
One-D-Piece,imagenet,n02950826,64,0.31734598726034163,15.75037483215332,0.3272874511778355
One-D-Piece,imagenet,n02950826,96,0.26771143972873684,16.334464073181152,0.35435840874910357
One-D-Piece,imagenet,n02950826,128,0.24358968064188954,16.68255916595459,0.3738492065668106
One-D-Piece,imagenet,n02950826,160,0.22869107440114017,16.862814121246338,0.383077946305275
One-D-Piece,imagenet,n02950826,208,0.21597515895962713,17.12674337387085,0.39342174381017686
One-D-Piece,imagenet,n02950826,256,0.21294400900602337,17.182822265625,0.39574602246284485
One-D-Piece,imagenet,n02951358,8,0.5829522377252578,14.282093200683594,0.2795568791031837
One-D-Piece,imagenet,n02951358,16,0.47098437428474427,14.768453960418702,0.2671536476910114
One-D-Piece,imagenet,n02951358,32,0.3807704085111618,15.25703239440918,0.2594579684734344
One-D-Piece,imagenet,n02951358,64,0.3089973911643028,15.965744171142578,0.27484071329236026
One-D-Piece,imagenet,n02951358,96,0.26737276285886763,16.37972978591919,0.2961960119009018
One-D-Piece,imagenet,n02951358,128,0.24195920169353483,16.686306133270264,0.3127374601364135
One-D-Piece,imagenet,n02951358,160,0.22885874599218364,16.86622007369995,0.32081684589385984
One-D-Piece,imagenet,n02951358,208,0.21878130048513408,17.08689365386963,0.3295403391122818
One-D-Piece,imagenet,n02951358,256,0.21521533772349355,17.108736743927,0.3307972863316536
One-D-Piece,imagenet,n02966193,8,0.70972940325737,12.941223468780517,0.1975913786888122
One-D-Piece,imagenet,n02966193,16,0.5924105894565582,13.427851123809814,0.2007985761761665
One-D-Piece,imagenet,n02966193,32,0.4730968225002289,13.82520212173462,0.19979834891855713
One-D-Piece,imagenet,n02966193,64,0.3902810764312744,14.32198673248291,0.2204473732411861
One-D-Piece,imagenet,n02966193,96,0.3403745451569557,14.707441711425782,0.24647241577506063
One-D-Piece,imagenet,n02966193,128,0.311046512722969,14.967704544067383,0.26452241882681843
One-D-Piece,imagenet,n02966193,160,0.2937390583753585,15.133708629608154,0.2752782922983169
One-D-Piece,imagenet,n02966193,208,0.2825325882434845,15.298698101043701,0.2835974635183811
One-D-Piece,imagenet,n02966193,256,0.27895052552223204,15.375453414916992,0.2864904016256332
One-D-Piece,imagenet,n02980441,8,0.5938880395889282,14.029735870361328,0.324837279766798
One-D-Piece,imagenet,n02980441,16,0.47977148115634916,14.62346134185791,0.3216175512969494
One-D-Piece,imagenet,n02980441,32,0.3928122860193253,15.356046104431153,0.3281418411433697
One-D-Piece,imagenet,n02980441,64,0.3109293127059936,16.269787921905518,0.365126116424799
One-D-Piece,imagenet,n02980441,96,0.26843904882669445,16.842603492736817,0.3908758506178856
One-D-Piece,imagenet,n02980441,128,0.24362728059291835,17.311231937408447,0.4076171731948853
One-D-Piece,imagenet,n02980441,160,0.2299891501665115,17.57899356842041,0.4156976768374443
One-D-Piece,imagenet,n02980441,208,0.21910265833139417,17.90215660095215,0.42466884076595307
One-D-Piece,imagenet,n02980441,256,0.2160452479124069,18.02100763320923,0.42795690447092055
One-D-Piece,imagenet,n02992529,8,0.5639664888381958,12.827142505645751,0.3931000131368637
One-D-Piece,imagenet,n02992529,16,0.4491058039665222,13.675554161071778,0.4137635492533445
One-D-Piece,imagenet,n02992529,32,0.3365920141339302,14.95225549697876,0.4559149961173534
One-D-Piece,imagenet,n02992529,64,0.24210287034511563,16.437747325897217,0.5177253589034081
One-D-Piece,imagenet,n02992529,96,0.19800369352102276,17.215447387695313,0.5553660300374031
One-D-Piece,imagenet,n02992529,128,0.175186176598072,17.619207305908205,0.5775674393773079
One-D-Piece,imagenet,n02992529,160,0.1633952714502811,17.93348331451416,0.5919068604707718
One-D-Piece,imagenet,n02992529,208,0.15323111250996585,18.354996795654298,0.604255359172821
One-D-Piece,imagenet,n02992529,256,0.15092783406376836,18.39869400024414,0.6073871278762817
One-D-Piece,imagenet,n03124170,8,0.6411716550588608,12.855754280090332,0.35169229835271837
One-D-Piece,imagenet,n03124170,16,0.5233473753929139,13.805687675476074,0.3612560561299324
One-D-Piece,imagenet,n03124170,32,0.4049762463569641,14.794085884094239,0.3726919177174568
One-D-Piece,imagenet,n03124170,64,0.3030884408950805,16.221008625030517,0.4092887207865715
One-D-Piece,imagenet,n03124170,96,0.25038464128971094,16.931318321228026,0.43980667889118197
One-D-Piece,imagenet,n03124170,128,0.22053772866725918,17.352380638122558,0.4622545963525772
One-D-Piece,imagenet,n03124170,160,0.20657712355256078,17.65298801422119,0.4756619068980217
One-D-Piece,imagenet,n03124170,208,0.19428759559988973,18.03743215560913,0.49012216985225676
One-D-Piece,imagenet,n03124170,256,0.1898927970230579,18.13094659805298,0.49221970975399015
One-D-Piece,imagenet,n03272010,8,0.6913183200359344,12.768391437530518,0.29260831937193865
One-D-Piece,imagenet,n03272010,16,0.5818576967716217,13.413564052581787,0.30855766668915746
One-D-Piece,imagenet,n03272010,32,0.4590804821252823,14.301017112731934,0.3280323824286461
One-D-Piece,imagenet,n03272010,64,0.3514526081085205,15.283160362243652,0.3669903974235058
One-D-Piece,imagenet,n03272010,96,0.29903154402971266,15.951120719909667,0.4022394707798958
One-D-Piece,imagenet,n03272010,128,0.2661782646179199,16.415296268463134,0.42721162885427477
One-D-Piece,imagenet,n03272010,160,0.2455130153894424,16.663935642242432,0.43772758334875106
One-D-Piece,imagenet,n03272010,208,0.23077464848756787,16.915508842468263,0.4482140910625458
One-D-Piece,imagenet,n03272010,256,0.2260913440585136,17.001082191467287,0.45205665439367293
One-D-Piece,imagenet,n03345487,8,0.6426074963808059,13.213752403259278,0.2729440583288669
One-D-Piece,imagenet,n03345487,16,0.5144226741790772,13.58712547302246,0.26659047514200207
One-D-Piece,imagenet,n03345487,32,0.4088192078471184,14.08829381942749,0.2701385213434696
One-D-Piece,imagenet,n03345487,64,0.3232783830165863,14.717313995361328,0.30090188115835187
One-D-Piece,imagenet,n03345487,96,0.2762104386091232,15.100834045410156,0.32730842649936676
One-D-Piece,imagenet,n03345487,128,0.25023009747266767,15.420796794891357,0.34854817286133766
One-D-Piece,imagenet,n03345487,160,0.23435406208038326,15.64117353439331,0.3587998735904694
One-D-Piece,imagenet,n03345487,208,0.22390156894922253,15.84029697418213,0.3687152001261711
One-D-Piece,imagenet,n03345487,256,0.21990625768899913,15.919060153961182,0.3711540320515633
One-D-Piece,imagenet,n03372029,8,0.6665489619970322,12.834811210632324,0.2958221679925918
One-D-Piece,imagenet,n03372029,16,0.5498166394233703,13.50367467880249,0.3093158039450645
One-D-Piece,imagenet,n03372029,32,0.42369264662265776,14.436372909545899,0.32760716319084165
One-D-Piece,imagenet,n03372029,64,0.32433011949062346,15.51272876739502,0.36523537993431093
One-D-Piece,imagenet,n03372029,96,0.27424182951450343,16.23098886489868,0.39947368562221525
One-D-Piece,imagenet,n03372029,128,0.2449304214119911,16.636951808929442,0.42065869718790055
One-D-Piece,imagenet,n03372029,160,0.2275668933987617,16.907912292480468,0.43379442930221557
One-D-Piece,imagenet,n03372029,208,0.2155550071597099,17.261008586883545,0.4457286635041237
One-D-Piece,imagenet,n03372029,256,0.21182971745729443,17.374165477752687,0.4485582786798477
One-D-Piece,imagenet,n03424325,8,0.6115216654539108,12.961526832580567,0.35587167605757714
One-D-Piece,imagenet,n03424325,16,0.5009038031101227,13.784472408294677,0.3720162422955036
One-D-Piece,imagenet,n03424325,32,0.38656842678785325,14.770429439544678,0.3918970727920532
One-D-Piece,imagenet,n03424325,64,0.28672571837902067,16.278109855651856,0.44727897822856905
One-D-Piece,imagenet,n03424325,96,0.23984460085630413,17.01593318939209,0.47793951392173767
One-D-Piece,imagenet,n03424325,128,0.21316852912306783,17.538667259216307,0.5007680448889732
One-D-Piece,imagenet,n03424325,160,0.1976417180895805,17.849518718719484,0.5148066857457161
One-D-Piece,imagenet,n03424325,208,0.18628786280751225,18.15683115005493,0.5270398887991905
One-D-Piece,imagenet,n03424325,256,0.18300180375576017,18.320682525634766,0.5307848060131073
One-D-Piece,imagenet,n03452741,8,0.6616698640584946,12.61144790649414,0.3033021150529384
One-D-Piece,imagenet,n03452741,16,0.5446308696269989,13.38349027633667,0.3209361246228218
One-D-Piece,imagenet,n03452741,32,0.41220439076423643,14.374211692810059,0.34406843602657317
One-D-Piece,imagenet,n03452741,64,0.3073894393444061,15.611905822753906,0.38923397421836853
One-D-Piece,imagenet,n03452741,96,0.25516045004129406,16.4491579246521,0.4256176194548607
One-D-Piece,imagenet,n03452741,128,0.22789797484874721,16.98414255142212,0.4536770015954971
One-D-Piece,imagenet,n03452741,160,0.2129399901628494,17.208791313171385,0.46798075318336485
One-D-Piece,imagenet,n03452741,208,0.20065869987010954,17.471813793182374,0.4780443835258484
One-D-Piece,imagenet,n03452741,256,0.19505748316645619,17.626738662719728,0.4828558576107025
One-D-Piece,imagenet,n03467068,8,0.6652375108003616,13.45213129043579,0.31741627708077425
One-D-Piece,imagenet,n03467068,16,0.5408019387722015,14.100867366790771,0.32018959999084473
One-D-Piece,imagenet,n03467068,32,0.4153608301281929,15.193632717132568,0.3286248932778835
One-D-Piece,imagenet,n03467068,64,0.31940321356058116,16.20103105545044,0.35994801312685015
One-D-Piece,imagenet,n03467068,96,0.27097100511193273,16.852664470672607,0.38657931953668595
One-D-Piece,imagenet,n03467068,128,0.24614034116268155,17.259537715911865,0.40395193189382556
One-D-Piece,imagenet,n03467068,160,0.23013369292020794,17.489202156066895,0.41542459428310397
One-D-Piece,imagenet,n03467068,208,0.21812558308243749,17.77782768249512,0.4265538227558136
One-D-Piece,imagenet,n03467068,256,0.2139389088749885,17.874337062835693,0.42796980768442155
One-D-Piece,imagenet,n03481172,8,0.6437229007482529,14.188458080291747,0.37086953207850454
One-D-Piece,imagenet,n03481172,16,0.540128477215767,14.948276596069336,0.3804744026064873
One-D-Piece,imagenet,n03481172,32,0.41997962653636933,16.23481014251709,0.39851182982325556
One-D-Piece,imagenet,n03481172,64,0.3167394976317882,17.253498344421388,0.427599575817585
One-D-Piece,imagenet,n03481172,96,0.26365728914737696,18.00261405944824,0.45248971074819566
One-D-Piece,imagenet,n03481172,128,0.23437391132116314,18.50349094390869,0.47083624482154846
One-D-Piece,imagenet,n03481172,160,0.2177518360316753,18.89561010360718,0.4831686317920685
One-D-Piece,imagenet,n03481172,208,0.206979649066925,19.299245948791505,0.4922049543261528
One-D-Piece,imagenet,n03481172,256,0.20227920621633527,19.452505741119385,0.4963020247220993
One-D-Piece,imagenet,n03494278,8,0.6404948854446411,13.26260841369629,0.34344457000494005
One-D-Piece,imagenet,n03494278,16,0.5262323188781738,13.830566272735595,0.35815038070082666
One-D-Piece,imagenet,n03494278,32,0.4031895899772644,15.019975318908692,0.3879206468164921
One-D-Piece,imagenet,n03494278,64,0.29883314877748485,16.40512870788574,0.4381676161289215
One-D-Piece,imagenet,n03494278,96,0.2496628066897392,17.204459171295166,0.47312585592269896
One-D-Piece,imagenet,n03494278,128,0.221328712105751,17.622130908966064,0.49306758373975756
One-D-Piece,imagenet,n03494278,160,0.20616054505109782,17.860133628845215,0.5048011538386344
One-D-Piece,imagenet,n03494278,208,0.1943788759410381,18.12590162277222,0.5138905054330826
One-D-Piece,imagenet,n03494278,256,0.1901151059567928,18.30168561935425,0.5181864604353905
One-D-Piece,imagenet,n03495258,8,0.7429670560359954,12.929473896026611,0.25869046077132224
One-D-Piece,imagenet,n03495258,16,0.6238028502464295,13.576640548706054,0.2654230840504169
One-D-Piece,imagenet,n03495258,32,0.46998911917209624,14.445582485198974,0.2695079343020916
One-D-Piece,imagenet,n03495258,64,0.3550419780611992,15.346993103027344,0.3011781334877014
One-D-Piece,imagenet,n03495258,96,0.29792668759822843,15.91399559020996,0.32861211061477663
One-D-Piece,imagenet,n03495258,128,0.2666090622544288,16.312874031066894,0.34788216710090636
One-D-Piece,imagenet,n03495258,160,0.25229984462261196,16.563567810058593,0.3579896873235702
One-D-Piece,imagenet,n03495258,208,0.23652277976274486,16.874837856292725,0.36967247307300566
One-D-Piece,imagenet,n03495258,256,0.23146653234958645,16.988491935729982,0.3737519654631615
One-D-Piece,imagenet,n03498962,8,0.6880032110214234,13.654024391174316,0.3088798181712627
One-D-Piece,imagenet,n03498962,16,0.5691065782308579,14.053155345916748,0.3077765606343746
One-D-Piece,imagenet,n03498962,32,0.43639353156089783,15.150435829162598,0.3184160767495632
One-D-Piece,imagenet,n03498962,64,0.33399241268634794,16.188659896850584,0.34557728603482246
One-D-Piece,imagenet,n03498962,96,0.28022284924983976,16.88783378601074,0.37345638155937194
One-D-Piece,imagenet,n03498962,128,0.2512251192331314,17.25291358947754,0.3897303508222103
One-D-Piece,imagenet,n03498962,160,0.23433528468012807,17.48913776397705,0.39815921142697336
One-D-Piece,imagenet,n03498962,208,0.22191109389066693,17.660740394592285,0.40609241247177125
One-D-Piece,imagenet,n03498962,256,0.21846216246485706,17.775783729553222,0.4091471429169178
One-D-Piece,imagenet,n03594945,8,0.6207190269231796,13.555171337127685,0.2883907264471054
One-D-Piece,imagenet,n03594945,16,0.4991709667444229,13.994772872924806,0.28109274372458454
One-D-Piece,imagenet,n03594945,32,0.3922821319103241,14.761968288421631,0.2863173966109752
One-D-Piece,imagenet,n03594945,64,0.3137806364893913,15.496590709686279,0.3148279757797718
One-D-Piece,imagenet,n03594945,96,0.2679977521300316,16.009718952178954,0.34371828779578206
One-D-Piece,imagenet,n03594945,128,0.24035561054944987,16.35305553436279,0.3632161436975002
One-D-Piece,imagenet,n03594945,160,0.22653964579105373,16.543745861053466,0.37078235104680063
One-D-Piece,imagenet,n03594945,208,0.21788255140185353,16.735404720306395,0.37953458577394483
One-D-Piece,imagenet,n03594945,256,0.21411718681454656,16.829744243621825,0.3830612298846245
One-D-Piece,imagenet,n03602883,8,0.6158124959468841,12.709086112976074,0.40231764063239095
One-D-Piece,imagenet,n03602883,16,0.5067676991224289,13.91984167098999,0.41718655422329903
One-D-Piece,imagenet,n03602883,32,0.3889298570156097,15.323053760528564,0.44624125584959984
One-D-Piece,imagenet,n03602883,64,0.28107184559106824,16.773262844085693,0.4970138171315193
One-D-Piece,imagenet,n03602883,96,0.22479269966483112,17.54160448074341,0.5373955176770687
One-D-Piece,imagenet,n03602883,128,0.1963104988634586,18.087800102233885,0.5649753303825855
One-D-Piece,imagenet,n03602883,160,0.18228807449340817,18.41132637023926,0.5799160680174827
One-D-Piece,imagenet,n03602883,208,0.17164240971207614,18.74937686920166,0.5920838955044746
One-D-Piece,imagenet,n03602883,256,0.16797906488180156,18.93753532409668,0.5981469276547432
One-D-Piece,imagenet,n03630383,8,0.6242202001810074,13.083036441802978,0.4242421954870224
One-D-Piece,imagenet,n03630383,16,0.5223665130138397,14.01809850692749,0.42731699854135513
One-D-Piece,imagenet,n03630383,32,0.41215986788272857,15.234048137664795,0.42724515467882157
One-D-Piece,imagenet,n03630383,64,0.30972747772932047,16.5348606300354,0.4689731654524803
One-D-Piece,imagenet,n03630383,96,0.25827852517366406,17.362966442108153,0.5034696912765503
One-D-Piece,imagenet,n03630383,128,0.22853592276573179,17.82959098815918,0.5208160763978958
One-D-Piece,imagenet,n03630383,160,0.2111197072267532,18.222658042907714,0.5346738755702972
One-D-Piece,imagenet,n03630383,208,0.19801087290048597,18.545069522857666,0.5439437460899353
One-D-Piece,imagenet,n03630383,256,0.19423898488283153,18.624837779998778,0.5457762449979782
One-D-Piece,imagenet,n03649909,8,0.679597818851471,14.346702194213867,0.26371504142880436
One-D-Piece,imagenet,n03649909,16,0.5589287847280502,14.867821445465088,0.26106160208582874
One-D-Piece,imagenet,n03649909,32,0.41701065123081205,15.54906795501709,0.25294680252671237
One-D-Piece,imagenet,n03649909,64,0.3162170585989952,16.177442569732666,0.26218434065580365
One-D-Piece,imagenet,n03649909,96,0.2689354965090751,16.61098171234131,0.27994866788387296
One-D-Piece,imagenet,n03649909,128,0.2430934891104698,16.777140426635743,0.2932192166149616
One-D-Piece,imagenet,n03649909,160,0.22845896422863002,17.04994876861572,0.3031606908142566
One-D-Piece,imagenet,n03649909,208,0.21746407657861705,17.33102216720581,0.3107305075228214
One-D-Piece,imagenet,n03649909,256,0.21446804493665692,17.40817783355713,0.31423005461692805
One-D-Piece,imagenet,n03676483,8,0.6355325096845627,12.968936462402343,0.42578191541135313
One-D-Piece,imagenet,n03676483,16,0.5155494260787964,13.766909046173096,0.4414303433895111
One-D-Piece,imagenet,n03676483,32,0.3929265400767326,14.92006700515747,0.47289777457714083
One-D-Piece,imagenet,n03676483,64,0.2765514057874679,16.540189208984376,0.526951875090599
One-D-Piece,imagenet,n03676483,96,0.2276996891200542,17.328381328582765,0.5630977955460549
One-D-Piece,imagenet,n03676483,128,0.20095810875296588,17.883731098175048,0.5839466208219528
One-D-Piece,imagenet,n03676483,160,0.18477190196514126,18.24788850784302,0.5950007924437523
One-D-Piece,imagenet,n03676483,208,0.17345451071858403,18.64352300643921,0.6057987707853317
One-D-Piece,imagenet,n03676483,256,0.1690229524672031,18.833836822509767,0.6101382169127464
One-D-Piece,imagenet,n03710193,8,0.6327547144889831,13.478437366485595,0.3151367302238941
One-D-Piece,imagenet,n03710193,16,0.5035052520036697,14.385663681030273,0.32044080153107646
One-D-Piece,imagenet,n03710193,32,0.3860430830717087,15.468453464508057,0.32825686916708946
One-D-Piece,imagenet,n03710193,64,0.29320431292057036,16.33064926147461,0.3536917245388031
One-D-Piece,imagenet,n03710193,96,0.24825257971882816,16.89069803237915,0.37936003983020783
One-D-Piece,imagenet,n03710193,128,0.22320849955081937,17.257527618408204,0.39724801152944567
One-D-Piece,imagenet,n03710193,160,0.2092461764812469,17.529779472351073,0.40760650992393493
One-D-Piece,imagenet,n03710193,208,0.19758922755718228,17.79677188873291,0.41782373875379564
One-D-Piece,imagenet,n03710193,256,0.19472265645861622,17.861256217956544,0.4207178056240082
One-D-Piece,imagenet,n03773504,8,0.579880923628807,13.648295612335206,0.4353805115818977
One-D-Piece,imagenet,n03773504,16,0.4818927401304245,14.415751419067384,0.4439868775010109
One-D-Piece,imagenet,n03773504,32,0.3755792066454887,15.536546802520752,0.4607383075356484
One-D-Piece,imagenet,n03773504,64,0.28070058375596996,16.681109962463378,0.4967418313026428
One-D-Piece,imagenet,n03773504,96,0.23581667378544804,17.378302516937257,0.5219700226187706
One-D-Piece,imagenet,n03773504,128,0.21126111999154087,17.733170680999756,0.5387844172120094
One-D-Piece,imagenet,n03773504,160,0.1960881847143173,18.07248996734619,0.550448215007782
One-D-Piece,imagenet,n03773504,208,0.1860137319564819,18.435139713287352,0.559506616294384
One-D-Piece,imagenet,n03773504,256,0.18215959712862964,18.56444814682007,0.5632249891757966
One-D-Piece,imagenet,n03775071,8,0.6397354805469513,13.60913288116455,0.28602983385324476
One-D-Piece,imagenet,n03775071,16,0.5108177429437637,14.6832932472229,0.3001450018584728
One-D-Piece,imagenet,n03775071,32,0.3898234552145004,15.561319789886475,0.31455781400203703
One-D-Piece,imagenet,n03775071,64,0.29210466027259824,16.60532688140869,0.3470147442817688
One-D-Piece,imagenet,n03775071,96,0.24937227845191953,17.115794677734375,0.36779567748308184
One-D-Piece,imagenet,n03775071,128,0.22559075862169262,17.47892105102539,0.3809991891682148
One-D-Piece,imagenet,n03775071,160,0.21083553090691562,17.739614143371583,0.387983887642622
One-D-Piece,imagenet,n03775071,208,0.2019856099784374,18.00386157989502,0.39543941274285316
One-D-Piece,imagenet,n03775071,256,0.19745675712823865,18.100206832885743,0.3980227780342102
One-D-Piece,imagenet,n03888257,8,0.4521209594607353,15.40780237197876,0.6102231895923614
One-D-Piece,imagenet,n03888257,16,0.3573709344863892,16.08201801300049,0.6239109975099564
One-D-Piece,imagenet,n03888257,32,0.2694122545421123,17.21495677947998,0.6464666926860809
One-D-Piece,imagenet,n03888257,64,0.191308329552412,18.849801483154298,0.6747231101989746
One-D-Piece,imagenet,n03888257,96,0.15556751817464826,19.815283393859865,0.6961971265077591
One-D-Piece,imagenet,n03888257,128,0.13718185104429717,20.2802321434021,0.7078852307796478
One-D-Piece,imagenet,n03888257,160,0.1284856085479259,20.603347244262697,0.7118784767389298
One-D-Piece,imagenet,n03888257,208,0.12056359253823754,20.92179168701172,0.7186360836029053
One-D-Piece,imagenet,n03888257,256,0.11836533978581425,21.055389518737794,0.7206993526220322
One-D-Piece,imagenet,n03930630,8,0.629979093670845,12.4992205619812,0.24071062415838237
One-D-Piece,imagenet,n03930630,16,0.5068555408716202,12.939166641235351,0.23775633469223972
One-D-Piece,imagenet,n03930630,32,0.40480505526065824,13.668034534454346,0.25533671900629995
One-D-Piece,imagenet,n03930630,64,0.31698611885309214,14.541575984954834,0.30072041675448413
One-D-Piece,imagenet,n03930630,96,0.26895935595035547,15.064808826446534,0.3341030049324036
One-D-Piece,imagenet,n03930630,128,0.2431695622205734,15.397869453430175,0.35337130188941956
One-D-Piece,imagenet,n03930630,160,0.22953543901443477,15.622501125335694,0.3648306384682655
One-D-Piece,imagenet,n03930630,208,0.21720864623785016,15.832141304016114,0.3743212160468101
One-D-Piece,imagenet,n03930630,256,0.21310865789651867,15.919397487640381,0.377578532397747
One-D-Piece,imagenet,n03947888,8,0.5237770166993141,14.773836421966553,0.36890337139368057
One-D-Piece,imagenet,n03947888,16,0.43466838628053667,15.335804138183594,0.37016865581274033
One-D-Piece,imagenet,n03947888,32,0.3588463431596756,15.791092777252198,0.37832666009664534
One-D-Piece,imagenet,n03947888,64,0.27785471931099887,16.567159729003905,0.40676720708608627
One-D-Piece,imagenet,n03947888,96,0.23774551987648007,17.050085220336914,0.4325696325302124
One-D-Piece,imagenet,n03947888,128,0.213435146510601,17.33540361404419,0.4483247947692871
One-D-Piece,imagenet,n03947888,160,0.19894569531083103,17.608091468811036,0.455163536965847
One-D-Piece,imagenet,n03947888,208,0.19041571468114848,17.869297580718992,0.46458897590637205
One-D-Piece,imagenet,n03947888,256,0.18744822502136227,17.953691844940185,0.46630239605903623
One-D-Piece,imagenet,n04086273,8,0.5902356457710266,13.867650623321532,0.4060878822207451
One-D-Piece,imagenet,n04086273,16,0.47051570475101473,14.70231424331665,0.4143208846449852
One-D-Piece,imagenet,n04086273,32,0.3635321259498596,15.465280170440673,0.4222416278719902
One-D-Piece,imagenet,n04086273,64,0.26900068610906597,16.8162802696228,0.458822263777256
One-D-Piece,imagenet,n04086273,96,0.22414770305156703,17.56782653808594,0.48744811773300173
One-D-Piece,imagenet,n04086273,128,0.20005704700946805,18.038159198760987,0.5053070455789566
One-D-Piece,imagenet,n04086273,160,0.18689392924308773,18.360787410736084,0.5142088934779168
One-D-Piece,imagenet,n04086273,208,0.17838678583502765,18.634430122375488,0.5200788596272469
One-D-Piece,imagenet,n04086273,256,0.17448287561535833,18.800169105529786,0.5231072714924813
One-D-Piece,imagenet,n04118538,8,0.6676901686191559,12.908355560302734,0.2669731795787811
One-D-Piece,imagenet,n04118538,16,0.5438013064861298,13.314930095672608,0.26487693369388576
One-D-Piece,imagenet,n04118538,32,0.42060570359230043,14.010817527770996,0.2696283853054046
One-D-Piece,imagenet,n04118538,64,0.33000027149915695,14.771289138793945,0.3005034592747688
One-D-Piece,imagenet,n04118538,96,0.27941715925931926,15.35874475479126,0.3316099616885185
One-D-Piece,imagenet,n04118538,128,0.25013709127902983,15.765725841522217,0.3527339607477188
One-D-Piece,imagenet,n04118538,160,0.23482196077704426,16.032099189758302,0.3654491448402405
One-D-Piece,imagenet,n04118538,208,0.22403398215770717,16.29290050506592,0.3749158495664597
One-D-Piece,imagenet,n04118538,256,0.22110756352543828,16.35710485458374,0.3766713058948517
One-D-Piece,imagenet,n04133789,8,0.6215974581241608,14.271583499908447,0.35940866231918334
One-D-Piece,imagenet,n04133789,16,0.5100768059492111,14.9682102394104,0.36925747752189636
One-D-Piece,imagenet,n04133789,32,0.3989550107717514,15.823970565795898,0.37829006522893904
One-D-Piece,imagenet,n04133789,64,0.3060816800594329,16.763037281036375,0.40444772839546206
One-D-Piece,imagenet,n04133789,96,0.25248183846473693,17.33247764587402,0.4314591878652573
One-D-Piece,imagenet,n04133789,128,0.22343820422887797,17.78869358062744,0.45032315760850905
One-D-Piece,imagenet,n04133789,160,0.2085924285650253,18.15363191604614,0.4637778124213219
One-D-Piece,imagenet,n04133789,208,0.19752488315105435,18.478867568969726,0.4741895204782486
One-D-Piece,imagenet,n04133789,256,0.19356933414936062,18.61733932495117,0.4772115716338158
One-D-Piece,imagenet,n04141076,8,0.641250781416893,13.072790336608886,0.28938164405524724
One-D-Piece,imagenet,n04141076,16,0.5289653617143631,13.798905277252198,0.3036874334514141
One-D-Piece,imagenet,n04141076,32,0.41232523500919344,14.654474773406982,0.32979740083217624
One-D-Piece,imagenet,n04141076,64,0.3187769246101379,15.471467342376709,0.37379720211029055
One-D-Piece,imagenet,n04141076,96,0.2709492745995521,16.036320629119874,0.4059528887271881
One-D-Piece,imagenet,n04141076,128,0.24519262105226514,16.41637622833252,0.4211727663874626
One-D-Piece,imagenet,n04141076,160,0.23128362298011776,16.64478464126587,0.43295238047838214
One-D-Piece,imagenet,n04141076,208,0.21866595327854152,16.888103904724122,0.44508896946907045
One-D-Piece,imagenet,n04141076,256,0.2144961133599281,16.984511528015137,0.4480713814496994
One-D-Piece,imagenet,n04146614,8,0.6024307596683502,13.301104831695557,0.3341754776239395
One-D-Piece,imagenet,n04146614,16,0.48139503836631775,13.852488479614259,0.33359231129288675
One-D-Piece,imagenet,n04146614,32,0.37189273357391356,14.580703830718994,0.338807697147131
One-D-Piece,imagenet,n04146614,64,0.2875547468662262,15.362857513427734,0.3718176701664925
One-D-Piece,imagenet,n04146614,96,0.24122155040502544,15.875391731262207,0.39857751339673997
One-D-Piece,imagenet,n04146614,128,0.21840664774179455,16.210473155975343,0.4148732200264931
One-D-Piece,imagenet,n04146614,160,0.2051723280549049,16.401309108734132,0.4247359815239906
One-D-Piece,imagenet,n04146614,208,0.19410519093275067,16.635962448120118,0.4330399876832962
One-D-Piece,imagenet,n04146614,256,0.1908661040663719,16.70925403594971,0.4349032148718834
One-D-Piece,imagenet,n04147183,8,0.5315189224481582,14.203922863006591,0.4202735775709152
One-D-Piece,imagenet,n04147183,16,0.43426774084568026,14.821742343902589,0.4186558693647385
One-D-Piece,imagenet,n04147183,32,0.3482215455174446,15.616441078186035,0.433155854344368
One-D-Piece,imagenet,n04147183,64,0.2672310760617256,16.937364673614503,0.476086805164814
One-D-Piece,imagenet,n04147183,96,0.2270883852243423,17.62922187805176,0.5020398926734925
One-D-Piece,imagenet,n04147183,128,0.20261927187442777,18.13190958023071,0.5214873403310776
One-D-Piece,imagenet,n04147183,160,0.18866164624691006,18.387974739074707,0.5327620649337769
One-D-Piece,imagenet,n04147183,208,0.1793969157338142,18.632521057128905,0.5401120680570602
One-D-Piece,imagenet,n04147183,256,0.17587585091590877,18.722274684906004,0.5436950904130936
One-D-Piece,imagenet,n04192698,8,0.6259024161100387,13.800256805419922,0.3331267024576664
One-D-Piece,imagenet,n04192698,16,0.5165329509973526,14.40882848739624,0.33229715198278426
One-D-Piece,imagenet,n04192698,32,0.3964511796832085,15.214946212768554,0.3359090280532837
One-D-Piece,imagenet,n04192698,64,0.299606285393238,16.260959548950197,0.3698314581811428
One-D-Piece,imagenet,n04192698,96,0.2523132428526878,16.79629035949707,0.39578148782253264
One-D-Piece,imagenet,n04192698,128,0.2280256240069866,17.180088920593263,0.41303257197141646
One-D-Piece,imagenet,n04192698,160,0.21344655111432073,17.38726873397827,0.42183967590332033
One-D-Piece,imagenet,n04192698,208,0.2033978824317455,17.630910377502442,0.43056028813123703
One-D-Piece,imagenet,n04192698,256,0.2009287570416927,17.68938320159912,0.43242457300424575
One-D-Piece,imagenet,n04254680,8,0.5916944468021392,13.32435890197754,0.39073817767202856
One-D-Piece,imagenet,n04254680,16,0.48351015567779543,14.112002620697021,0.3957028328627348
One-D-Piece,imagenet,n04254680,32,0.37172229409217833,15.199361267089843,0.4139370512217283
One-D-Piece,imagenet,n04254680,64,0.26972833216190334,16.514019298553468,0.458557001054287
One-D-Piece,imagenet,n04254680,96,0.22081501156091687,17.35450149536133,0.49284039065241814
One-D-Piece,imagenet,n04254680,128,0.1944732293486595,17.849017524719237,0.5145314618945122
One-D-Piece,imagenet,n04254680,160,0.18070801421999927,18.122009716033936,0.5265717369318008
One-D-Piece,imagenet,n04254680,208,0.17091786667704578,18.467065086364745,0.5359393259882927
One-D-Piece,imagenet,n04254680,256,0.1680200423300266,18.63398582458496,0.5408519132435322
One-D-Piece,imagenet,n04266014,8,0.5592995956540108,14.540593032836915,0.4352542768418789
One-D-Piece,imagenet,n04266014,16,0.4630623246729374,15.1346928024292,0.45037990480661394
One-D-Piece,imagenet,n04266014,32,0.3619570657610893,16.26016487121582,0.4696224449574947
One-D-Piece,imagenet,n04266014,64,0.27649205595254894,17.455980987548827,0.5021507512032986
One-D-Piece,imagenet,n04266014,96,0.23443242169916625,18.010034370422364,0.5267846179008484
One-D-Piece,imagenet,n04266014,128,0.21156001456081863,18.434486923217772,0.5448946192860603
One-D-Piece,imagenet,n04266014,160,0.19947544690221544,18.701810131073,0.5560213857889176
One-D-Piece,imagenet,n04266014,208,0.18911842286586758,18.931602478027344,0.5650948858261109
One-D-Piece,imagenet,n04266014,256,0.18544927019625898,18.985946350097656,0.5679474997520447
One-D-Piece,imagenet,n04275548,8,0.603420752286911,15.1828888130188,0.3067741088569164
One-D-Piece,imagenet,n04275548,16,0.5067949706315994,16.012688732147218,0.3083645107597113
One-D-Piece,imagenet,n04275548,32,0.414821994304657,16.512456130981445,0.3112182050198316
One-D-Piece,imagenet,n04275548,64,0.3344825679063797,17.089443168640138,0.3278325847536325
One-D-Piece,imagenet,n04275548,96,0.29157910674810406,17.500758876800536,0.3472374573349953
One-D-Piece,imagenet,n04275548,128,0.26988246917724606,17.7265345954895,0.359825541973114
One-D-Piece,imagenet,n04275548,160,0.257362562417984,17.81124809265137,0.3641959322988987
One-D-Piece,imagenet,n04275548,208,0.24759222775697703,17.981773490905763,0.3682756319642067
One-D-Piece,imagenet,n04275548,256,0.24301018238067623,18.08292963027954,0.3718558365106583
One-D-Piece,imagenet,n04310018,8,0.6311243957281113,13.56731195449829,0.29306556150317187
One-D-Piece,imagenet,n04310018,16,0.5152314108610153,14.28214448928833,0.2857349954545498
One-D-Piece,imagenet,n04310018,32,0.4242743718624115,14.744062595367431,0.28128604918718336
One-D-Piece,imagenet,n04310018,64,0.3355838179588318,15.578623332977294,0.31062210530042644
One-D-Piece,imagenet,n04310018,96,0.2868464523553848,16.00130506515503,0.33755095973610877
One-D-Piece,imagenet,n04310018,128,0.26105202585458753,16.296378898620606,0.354571987092495
One-D-Piece,imagenet,n04310018,160,0.24670367807149884,16.489036979675294,0.3626841029524803
One-D-Piece,imagenet,n04310018,208,0.23403312265872953,16.703998260498047,0.3726472744345665
One-D-Piece,imagenet,n04310018,256,0.23030225902795787,16.770947303771973,0.37477661490440367
One-D-Piece,imagenet,n04325704,8,0.6521912378072738,13.950783042907714,0.24885883063077924
One-D-Piece,imagenet,n04325704,16,0.5394887763261795,14.50985013961792,0.24417403958737846
One-D-Piece,imagenet,n04325704,32,0.43054582059383395,15.233054256439209,0.25050185337662695
One-D-Piece,imagenet,n04325704,64,0.33391647666692736,16.279553413391113,0.2772297196090221
One-D-Piece,imagenet,n04325704,96,0.2856783893704414,16.799446907043457,0.29762858197093006
One-D-Piece,imagenet,n04325704,128,0.26060082569718357,17.193635673522948,0.310860126838088
One-D-Piece,imagenet,n04325704,160,0.24520551487803455,17.41665132522583,0.3174037173390388
One-D-Piece,imagenet,n04325704,208,0.23606766849756236,17.61427209854126,0.32281656935811043
One-D-Piece,imagenet,n04325704,256,0.23328524395823474,17.659746761322022,0.3244377329200506
One-D-Piece,imagenet,n04347754,8,0.5482814931869506,14.986930294036865,0.3759242522716522
One-D-Piece,imagenet,n04347754,16,0.44857750803232194,15.843318824768067,0.3762282305955887
One-D-Piece,imagenet,n04347754,32,0.36056599140167234,16.5653857421875,0.38132470682263375
One-D-Piece,imagenet,n04347754,64,0.2760973988473415,17.487755451202393,0.4078412692248821
One-D-Piece,imagenet,n04347754,96,0.23687780946493145,17.96581401824951,0.42841055303812026
One-D-Piece,imagenet,n04347754,128,0.2147381623089313,18.302745418548582,0.44292041927576065
One-D-Piece,imagenet,n04347754,160,0.20159644752740857,18.429999561309813,0.44756495803594587
One-D-Piece,imagenet,n04347754,208,0.19141451045870778,18.600901660919188,0.4542274743318558
One-D-Piece,imagenet,n04347754,256,0.18905648708343503,18.66855909347534,0.45579900056123734
One-D-Piece,imagenet,n04389033,8,0.6433980226516723,13.910121974945069,0.3104556134343147
One-D-Piece,imagenet,n04389033,16,0.5341631346940994,14.372089138031006,0.3057719704508781
One-D-Piece,imagenet,n04389033,32,0.427232865691185,14.957135925292969,0.308470167517662
One-D-Piece,imagenet,n04389033,64,0.33886863470077516,15.777393341064453,0.33744818896055223
One-D-Piece,imagenet,n04389033,96,0.2916669046878814,16.31729570388794,0.3643300485610962
One-D-Piece,imagenet,n04389033,128,0.2656672018766403,16.642088050842286,0.38351734161376955
One-D-Piece,imagenet,n04389033,160,0.2506620267033577,16.88561351776123,0.3934321257472038
One-D-Piece,imagenet,n04389033,208,0.23658935904502865,17.136565284729002,0.4041708600521088
One-D-Piece,imagenet,n04389033,256,0.23199703931808469,17.242114391326904,0.4079178634285927
One-D-Piece,imagenet,n04409515,8,0.5772921514511108,14.355982284545899,0.38294902741909026
One-D-Piece,imagenet,n04409515,16,0.4501241225004196,15.172449836730957,0.40039973631501197
One-D-Piece,imagenet,n04409515,32,0.34275496572256087,16.244483909606934,0.42205995723605155
One-D-Piece,imagenet,n04409515,64,0.24594713047146793,17.766289558410644,0.4703629837930203
One-D-Piece,imagenet,n04409515,96,0.20474983192980287,18.646548671722414,0.5027067206799984
One-D-Piece,imagenet,n04409515,128,0.18195447057485578,19.147448444366454,0.5191836659610272
One-D-Piece,imagenet,n04409515,160,0.16989271499216552,19.471559410095214,0.5275464607775211
One-D-Piece,imagenet,n04409515,208,0.16057234838604922,19.80192096710205,0.5369793856143952
One-D-Piece,imagenet,n04409515,256,0.15796149283647534,19.951561222076418,0.5390564915537834
One-D-Piece,imagenet,n04465501,8,0.6556447505950928,13.396499137878418,0.2321339519321918
One-D-Piece,imagenet,n04465501,16,0.5285146677494049,13.884977474212647,0.22989944562315937
One-D-Piece,imagenet,n04465501,32,0.4177733641862869,14.408294067382812,0.22033297106623645
One-D-Piece,imagenet,n04465501,64,0.33180309891700743,15.011828689575195,0.23882725864648816
One-D-Piece,imagenet,n04465501,96,0.28406711190938944,15.522748489379882,0.26457601338624953
One-D-Piece,imagenet,n04465501,128,0.25765836447477336,15.786743087768555,0.2793360543251037
One-D-Piece,imagenet,n04465501,160,0.2424603113532066,15.941740970611573,0.28749203890562053
One-D-Piece,imagenet,n04465501,208,0.23280998796224592,16.099901332855225,0.295933843255043
One-D-Piece,imagenet,n04465501,256,0.2301611244678497,16.138948650360106,0.2976497626304626
One-D-Piece,imagenet,n04487394,8,0.6691430020332336,13.352784271240234,0.2713853597640991
One-D-Piece,imagenet,n04487394,16,0.5577091562747956,14.102013568878174,0.2936881847679615
One-D-Piece,imagenet,n04487394,32,0.4366849958896637,14.849970798492432,0.3130461202561855
One-D-Piece,imagenet,n04487394,64,0.3327144205570221,15.661479530334473,0.34787615671753885
One-D-Piece,imagenet,n04487394,96,0.2840911543369293,16.29001039505005,0.3790256458520889
One-D-Piece,imagenet,n04487394,128,0.2537232360243797,16.661568222045897,0.40129524111747744
One-D-Piece,imagenet,n04487394,160,0.23711699992418286,16.857968349456787,0.41282048016786577
One-D-Piece,imagenet,n04487394,208,0.2259133982658386,17.0902117729187,0.4240504306554794
One-D-Piece,imagenet,n04487394,256,0.22116446584463115,17.212406101226808,0.4294011801481247
One-D-Piece,imagenet,n04522168,8,0.5963528817892074,13.950820484161376,0.401328527033329
One-D-Piece,imagenet,n04522168,16,0.48189067482948306,14.872922840118408,0.413326455950737
One-D-Piece,imagenet,n04522168,32,0.37573775589466096,15.692621688842774,0.42315436065196993
One-D-Piece,imagenet,n04522168,64,0.29001366436481474,16.990348167419434,0.45542558550834655
One-D-Piece,imagenet,n04522168,96,0.24633068621158596,17.440503978729247,0.47880971789360044
One-D-Piece,imagenet,n04522168,128,0.21984370201826092,17.8548708152771,0.4972483068704605
One-D-Piece,imagenet,n04522168,160,0.20305070176720616,18.23337875366211,0.508570428788662
One-D-Piece,imagenet,n04522168,208,0.19216369107365605,18.62035440444946,0.518804959654808
One-D-Piece,imagenet,n04522168,256,0.18884985372424123,18.71367347717285,0.5202067220211029
One-D-Piece,imagenet,n04536866,8,0.6895641928911209,13.219191398620605,0.3048513625562191
One-D-Piece,imagenet,n04536866,16,0.5866516989469528,13.829995384216309,0.31286682903766627
One-D-Piece,imagenet,n04536866,32,0.44966385543346404,14.746400165557862,0.32770571634173395
One-D-Piece,imagenet,n04536866,64,0.33870594561100004,15.959646606445313,0.3702592313289642
One-D-Piece,imagenet,n04536866,96,0.28202190279960626,16.619740409851076,0.40236123993992806
One-D-Piece,imagenet,n04536866,128,0.24948930546641346,16.99796485900879,0.4216904118657112
One-D-Piece,imagenet,n04536866,160,0.2306345438957214,17.33653564453125,0.4376668584346771
One-D-Piece,imagenet,n04536866,208,0.21769818827509876,17.704476146698,0.44993831396102907
One-D-Piece,imagenet,n04536866,256,0.2135330572724342,17.80914701461792,0.4540043991804123
One-D-Piece,imagenet,n04552348,8,0.4742096906900406,15.091457996368408,0.5559537822008133
One-D-Piece,imagenet,n04552348,16,0.3889337053894997,15.70194522857666,0.5627738887071609
One-D-Piece,imagenet,n04552348,32,0.3081263574957847,16.5565415763855,0.5773662623763084
One-D-Piece,imagenet,n04552348,64,0.22870510324835774,18.006914329528808,0.6142893087863922
One-D-Piece,imagenet,n04552348,96,0.18739163659512992,18.77084758758545,0.6397525948286057
One-D-Piece,imagenet,n04552348,128,0.16666552156209943,19.325706195831298,0.6554483240842819
One-D-Piece,imagenet,n04552348,160,0.15736562788486477,19.66578134536743,0.6624795758724212
One-D-Piece,imagenet,n04552348,208,0.14850735813379284,20.071895713806153,0.6723692923784256
One-D-Piece,imagenet,n04552348,256,0.14605501420795913,20.200425567626954,0.6747226893901825
One-D-Piece,imagenet,n04591713,8,0.6713790154457092,12.89025821685791,0.2937669229507446
One-D-Piece,imagenet,n04591713,16,0.5577229422330856,13.622249565124513,0.3128259322047233
One-D-Piece,imagenet,n04591713,32,0.43410708755254745,14.642046546936035,0.3344925925135612
One-D-Piece,imagenet,n04591713,64,0.3267508727312088,15.831987724304199,0.38433986738324166
One-D-Piece,imagenet,n04591713,96,0.27319023147225374,16.47082508087158,0.4183627304434776
One-D-Piece,imagenet,n04591713,128,0.24334414362907406,16.874379234313963,0.44063994064927103
One-D-Piece,imagenet,n04591713,160,0.22647500991821284,17.193270053863525,0.4536722581088543
One-D-Piece,imagenet,n04591713,208,0.21709678873419758,17.428094024658204,0.46389795646071436
One-D-Piece,imagenet,n04591713,256,0.21338359773159024,17.542946033477783,0.46807016953825953
One-D-Piece,imagenet,n07614500,8,0.6240930557250977,13.40973258972168,0.3514319655299187
One-D-Piece,imagenet,n07614500,16,0.5171550339460373,14.222835578918456,0.3595732694864273
One-D-Piece,imagenet,n07614500,32,0.4003052705526352,15.27880542755127,0.380256335735321
One-D-Piece,imagenet,n07614500,64,0.3048783409595489,16.470894680023193,0.42489144623279573
One-D-Piece,imagenet,n07614500,96,0.2546021616458892,17.281171321868896,0.46009153604507447
One-D-Piece,imagenet,n07614500,128,0.22687166988849636,17.799456348419188,0.4817205154895782
One-D-Piece,imagenet,n07614500,160,0.21304960310459134,17.994315948486328,0.4922275558114052
One-D-Piece,imagenet,n07614500,208,0.1996742475032806,18.315229053497315,0.5042796674370765
One-D-Piece,imagenet,n07614500,256,0.1957695427536964,18.458307495117186,0.5080996641516685
One-D-Piece,imagenet,n07693725,8,0.6375218725204468,13.90688856124878,0.31418394744396205
One-D-Piece,imagenet,n07693725,16,0.5191816139221191,14.581071147918701,0.31679089218378065
One-D-Piece,imagenet,n07693725,32,0.399037794470787,15.51531063079834,0.3294443517923355
One-D-Piece,imagenet,n07693725,64,0.30604182630777355,16.718846168518066,0.36683150053024294
One-D-Piece,imagenet,n07693725,96,0.2592612892389297,17.351580867767336,0.3899777147173882
One-D-Piece,imagenet,n07693725,128,0.23346771895885465,17.82435256958008,0.4085825926065445
One-D-Piece,imagenet,n07693725,160,0.21917759060859676,18.071352252960207,0.4199994745850563
One-D-Piece,imagenet,n07693725,208,0.2073756408691406,18.377762546539305,0.4292914563417435
One-D-Piece,imagenet,n07693725,256,0.2037602677941322,18.47992479324341,0.4328007051348686
One-D-Piece,imagenet,n07695742,8,0.6803644853830337,13.182672233581544,0.29166295915842055
One-D-Piece,imagenet,n07695742,16,0.5774901974201202,13.558634853363037,0.29075651124119756
One-D-Piece,imagenet,n07695742,32,0.44204890489578247,14.499675045013428,0.3007122847437858
One-D-Piece,imagenet,n07695742,64,0.33010141640901564,15.589021644592286,0.33941216111183165
One-D-Piece,imagenet,n07695742,96,0.2754282259941101,16.281664123535155,0.37309924691915514
One-D-Piece,imagenet,n07695742,128,0.24700484633445735,16.71468936920166,0.3944274541735649
One-D-Piece,imagenet,n07695742,160,0.23212401002645489,16.899245300292968,0.40234370559453964
One-D-Piece,imagenet,n07695742,208,0.22178485274314877,17.18169002532959,0.412967201769352
One-D-Piece,imagenet,n07695742,256,0.2177056416869163,17.33193977355957,0.4164981400966644
One-D-Piece,imagenet,n07697313,8,0.6594920426607132,13.594071826934815,0.31707763522863386
One-D-Piece,imagenet,n07697313,16,0.5499434113502503,14.419372596740722,0.3255679053068161
One-D-Piece,imagenet,n07697313,32,0.4344782733917236,15.155188274383544,0.3349150025844574
One-D-Piece,imagenet,n07697313,64,0.33584295004606246,16.149709510803223,0.3747888779640198
One-D-Piece,imagenet,n07697313,96,0.28427504450082774,16.880528602600098,0.40462071627378465
One-D-Piece,imagenet,n07697313,128,0.25298035502433774,17.391179599761962,0.4259755748510361
One-D-Piece,imagenet,n07697313,160,0.23806847214698787,17.714831714630126,0.4381287008523941
One-D-Piece,imagenet,n07697313,208,0.2246245592832565,18.089634647369383,0.4502959108352661
One-D-Piece,imagenet,n07697313,256,0.22026267856359477,18.200987758636476,0.455718936920166
One-D-Piece,imagenet,n07697537,8,0.6792836344242096,12.953316059112549,0.29975900679826734
One-D-Piece,imagenet,n07697537,16,0.5788430374860764,13.554154949188232,0.3016469353437423
One-D-Piece,imagenet,n07697537,32,0.44805596947669984,14.575379543304443,0.3198619425296783
One-D-Piece,imagenet,n07697537,64,0.34193018317222595,15.707961368560792,0.361156208217144
One-D-Piece,imagenet,n07697537,96,0.285465497970581,16.378284301757812,0.39192067563533783
One-D-Piece,imagenet,n07697537,128,0.2544105020165443,16.912279834747313,0.41428452730178833
One-D-Piece,imagenet,n07697537,160,0.23598989725112912,17.227913208007813,0.42453320145606993
One-D-Piece,imagenet,n07697537,208,0.22368651062250133,17.543955192565917,0.43572892487049103
One-D-Piece,imagenet,n07697537,256,0.22008198365569112,17.655917949676514,0.43968014895915986
One-D-Piece,imagenet,n07714571,8,0.6120481890439987,14.200285549163818,0.23336904332041736
One-D-Piece,imagenet,n07714571,16,0.5236903899908065,14.678604183197022,0.22795781344175337
One-D-Piece,imagenet,n07714571,32,0.42125546097755434,15.220164451599121,0.22227384567260738
One-D-Piece,imagenet,n07714571,64,0.335377105474472,16.035103511810302,0.2465265519917011
One-D-Piece,imagenet,n07714571,96,0.29225252419710157,16.432663364410402,0.27217592686414716
One-D-Piece,imagenet,n07714571,128,0.26672601804137225,16.70946557998657,0.2891370818018913
One-D-Piece,imagenet,n07714571,160,0.25391317695379256,16.894431133270263,0.2988937786221504
One-D-Piece,imagenet,n07714571,208,0.24285172656178472,17.101913928985596,0.30671799331903454
One-D-Piece,imagenet,n07714571,256,0.23872374877333638,17.217115802764894,0.3104146613180637
One-D-Piece,imagenet,n07714990,8,0.6414856052398682,13.562391109466553,0.2470965518057346
One-D-Piece,imagenet,n07714990,16,0.5169227153062821,14.09180414199829,0.25174452565610406
One-D-Piece,imagenet,n07714990,32,0.40071735680103304,14.770631999969483,0.26237900517880913
One-D-Piece,imagenet,n07714990,64,0.3157752057909965,15.814705753326416,0.30161244966089723
One-D-Piece,imagenet,n07714990,96,0.27458138391375536,16.355711383819582,0.32952011555433275
One-D-Piece,imagenet,n07714990,128,0.2516086110472679,16.71102460861206,0.3503511221706867
One-D-Piece,imagenet,n07714990,160,0.23866075381636617,17.00063341140747,0.3616192577779293
One-D-Piece,imagenet,n07714990,208,0.22626271247863766,17.274125232696534,0.3737137790024281
One-D-Piece,imagenet,n07714990,256,0.22394003510475155,17.294122333526612,0.37504377037286757
One-D-Piece,imagenet,n07718472,8,0.6593261969089508,13.054477081298828,0.28265634357929226
One-D-Piece,imagenet,n07718472,16,0.5399461793899536,13.899947052001954,0.292166858613491
One-D-Piece,imagenet,n07718472,32,0.4081040671467781,15.230318698883057,0.314158863723278
One-D-Piece,imagenet,n07718472,64,0.30838937580585474,16.29340715408325,0.3485137856006622
One-D-Piece,imagenet,n07718472,96,0.25994326800107953,16.891357517242433,0.37696290016174316
One-D-Piece,imagenet,n07718472,128,0.23112185984849926,17.431607933044432,0.3987142732739449
One-D-Piece,imagenet,n07718472,160,0.2161795291304588,17.636476306915284,0.40790673941373823
One-D-Piece,imagenet,n07718472,208,0.20519541859626766,17.894670295715333,0.4165895590186119
One-D-Piece,imagenet,n07718472,256,0.2009026803076267,18.015675735473632,0.41976520031690595
One-D-Piece,imagenet,n07720875,8,0.6067958301305771,13.5543896484375,0.3114634685218334
One-D-Piece,imagenet,n07720875,16,0.49785598158836364,14.218270626068115,0.3248906047642231
One-D-Piece,imagenet,n07720875,32,0.3805243647098541,15.19257698059082,0.3409577478468418
One-D-Piece,imagenet,n07720875,64,0.2891685435175895,16.40223611831665,0.3849359898269176
One-D-Piece,imagenet,n07720875,96,0.24643756836652753,17.006904850006105,0.41532721757888796
One-D-Piece,imagenet,n07720875,128,0.2222681914269924,17.419395141601562,0.43121624052524565
One-D-Piece,imagenet,n07720875,160,0.20837778791785236,17.743985538482665,0.4430477029085159
One-D-Piece,imagenet,n07720875,208,0.19653419286012647,17.996013832092284,0.4520812729001045
One-D-Piece,imagenet,n07720875,256,0.19272528067231176,18.126454734802245,0.4563640755414963
One-D-Piece,imagenet,n07734744,8,0.6421183508634567,13.789702854156495,0.2139200051128864
One-D-Piece,imagenet,n07734744,16,0.5219325679540634,14.266555919647217,0.2069047428667545
One-D-Piece,imagenet,n07734744,32,0.40382085978984833,14.7471067237854,0.20473033048212524
One-D-Piece,imagenet,n07734744,64,0.31956675678491586,15.540898208618165,0.233979926854372
One-D-Piece,imagenet,n07734744,96,0.28138674587011336,15.91572328567505,0.2586580674350261
One-D-Piece,imagenet,n07734744,128,0.2565846326947212,16.209926662445067,0.27541423603892323
One-D-Piece,imagenet,n07734744,160,0.2424314114451408,16.41092321395874,0.2858372917771339
One-D-Piece,imagenet,n07734744,208,0.23121305048465726,16.7089302444458,0.29682308360934256
One-D-Piece,imagenet,n07734744,256,0.22879053920507428,16.767178058624268,0.29915331736207007
One-D-Piece,imagenet,n07742313,8,0.5440906941890716,14.48654993057251,0.47989402160048483
One-D-Piece,imagenet,n07742313,16,0.42242746442556384,15.48648889541626,0.4953907614946365
One-D-Piece,imagenet,n07742313,32,0.3193890884518623,16.89651876449585,0.5207258726656437
One-D-Piece,imagenet,n07742313,64,0.23430538475513454,18.573316116333007,0.5671319809556007
One-D-Piece,imagenet,n07742313,96,0.1948862154781818,19.28326835632324,0.5909097445011139
One-D-Piece,imagenet,n07742313,128,0.17125678405165667,20.13050121307373,0.6085321056842804
One-D-Piece,imagenet,n07742313,160,0.15967759788036343,20.50734561920166,0.6166467103362083
One-D-Piece,imagenet,n07742313,208,0.15128929480910297,20.86092498779297,0.6229668033123016
One-D-Piece,imagenet,n07742313,256,0.14789236098527905,21.012071323394775,0.6255412855744362
One-D-Piece,imagenet,n07745940,8,0.6414252263307572,13.176619033813477,0.2830530706048011
One-D-Piece,imagenet,n07745940,16,0.5445257991552352,13.617657527923583,0.28614780098199843
One-D-Piece,imagenet,n07745940,32,0.4250792360305786,14.503603210449219,0.29624421998858447
One-D-Piece,imagenet,n07745940,64,0.33261478394269944,15.5911492729187,0.32981193155050276
One-D-Piece,imagenet,n07745940,96,0.2845855624973774,16.136449851989745,0.3591692006587982
One-D-Piece,imagenet,n07745940,128,0.25762281626462935,16.568770503997804,0.37843517392873766
One-D-Piece,imagenet,n07745940,160,0.2432483574748039,16.8351344871521,0.38808725148439405
One-D-Piece,imagenet,n07745940,208,0.2321394523978233,17.056227207183838,0.39763357073068617
One-D-Piece,imagenet,n07745940,256,0.22844636574387547,17.145825805664064,0.399414527118206
One-D-Piece,imagenet,n07749582,8,0.5810072588920593,13.597403106689454,0.3818067368865013
One-D-Piece,imagenet,n07749582,16,0.46055923759937284,14.512152824401856,0.3975129571557045
One-D-Piece,imagenet,n07749582,32,0.34357767790555954,15.601145362854004,0.4282236024737358
One-D-Piece,imagenet,n07749582,64,0.25329449057579034,17.1596298789978,0.48225771576166154
One-D-Piece,imagenet,n07749582,96,0.21128420546650883,17.986563034057617,0.513236540555954
One-D-Piece,imagenet,n07749582,128,0.18961282581090924,18.50666004180908,0.5330235919356346
One-D-Piece,imagenet,n07749582,160,0.17675229519605634,18.862648487091064,0.5441422361135483
One-D-Piece,imagenet,n07749582,208,0.16647782668471334,19.291913833618164,0.5565080696344376
One-D-Piece,imagenet,n07749582,256,0.1632320640981197,19.426305332183837,0.5612687286734581
One-D-Piece,imagenet,n07753275,8,0.6555837786197662,13.585714645385742,0.2471264342218637
One-D-Piece,imagenet,n07753275,16,0.5346343672275543,14.240207481384278,0.25865484334528444
One-D-Piece,imagenet,n07753275,32,0.42378304749727247,14.825519161224365,0.2713230777531862
One-D-Piece,imagenet,n07753275,64,0.3337395495176315,15.567041492462158,0.29852842621505254
One-D-Piece,imagenet,n07753275,96,0.29008099198341364,16.011932334899903,0.32778835251927374
One-D-Piece,imagenet,n07753275,128,0.2648602059483528,16.340870780944826,0.3449473412334919
One-D-Piece,imagenet,n07753275,160,0.250226090401411,16.57596374511719,0.3585512699186802
One-D-Piece,imagenet,n07753275,208,0.23841607183218,16.765228004455565,0.36704312056303023
One-D-Piece,imagenet,n07753275,256,0.23608276978135107,16.860710220336912,0.3685220192372799
One-D-Piece,imagenet,n07753592,8,0.6255490022897721,13.73293104171753,0.35778991609811783
One-D-Piece,imagenet,n07753592,16,0.5148146480321885,14.303770427703858,0.36443872056901455
One-D-Piece,imagenet,n07753592,32,0.38893462359905245,15.42945671081543,0.3938377545028925
One-D-Piece,imagenet,n07753592,64,0.2932581384479999,16.644483661651613,0.4380782228708267
One-D-Piece,imagenet,n07753592,96,0.24534765183925625,17.356071968078613,0.4688469597697258
One-D-Piece,imagenet,n07753592,128,0.22134026646614072,17.82484256744385,0.4874585875868797
One-D-Piece,imagenet,n07753592,160,0.20629828274250028,18.146158027648926,0.4991586796939373
One-D-Piece,imagenet,n07753592,208,0.19413708969950672,18.536738567352295,0.5099715979397297
One-D-Piece,imagenet,n07753592,256,0.19069930270314214,18.648641815185545,0.5130284163355827
One-D-Piece,imagenet,n07768694,8,0.5956316810846328,13.432767715454101,0.2673160640895366
One-D-Piece,imagenet,n07768694,16,0.49414532333612443,14.069249534606934,0.27650411441922185
One-D-Piece,imagenet,n07768694,32,0.3845427832007408,14.860514869689942,0.30257218986749645
One-D-Piece,imagenet,n07768694,64,0.3048263037204742,15.865392780303955,0.3430281265079975
One-D-Piece,imagenet,n07768694,96,0.2612723264098167,16.625334053039552,0.3787421302497387
One-D-Piece,imagenet,n07768694,128,0.23738032191991804,17.004941272735596,0.40020461663603785
One-D-Piece,imagenet,n07768694,160,0.2245776882767677,17.33548101425171,0.4136311401426792
One-D-Piece,imagenet,n07768694,208,0.21402521252632137,17.554083251953124,0.42398146763443945
One-D-Piece,imagenet,n07768694,256,0.2106706221401691,17.691697311401366,0.4283478607237339
One-D-Piece,imagenet,n07873807,8,0.6625055277347565,13.65024242401123,0.22276517182588573
One-D-Piece,imagenet,n07873807,16,0.5507012248039246,13.982488384246826,0.2124820207059383
One-D-Piece,imagenet,n07873807,32,0.4416321086883545,14.453770027160644,0.21807781144976612
One-D-Piece,imagenet,n07873807,64,0.3605550009012222,15.15587999343872,0.2514667363464832
One-D-Piece,imagenet,n07873807,96,0.31368470877408977,15.602937316894531,0.2789503109455108
One-D-Piece,imagenet,n07873807,128,0.2861363294720649,15.958821640014648,0.29934461802244183
One-D-Piece,imagenet,n07873807,160,0.27031795263290403,16.209354248046875,0.31014833390712737
One-D-Piece,imagenet,n07873807,208,0.25862393051385874,16.399035320281982,0.3191812992095947
One-D-Piece,imagenet,n07873807,256,0.2550506588816642,16.520631771087647,0.3223976248502731
One-D-Piece,imagenet,n07880968,8,0.6548682498931885,13.40566499710083,0.3295431825518608
One-D-Piece,imagenet,n07880968,16,0.5421650803089142,14.079260120391845,0.3345322638750076
One-D-Piece,imagenet,n07880968,32,0.42470358550548554,15.04545129776001,0.34633248776197434
One-D-Piece,imagenet,n07880968,64,0.32322084546089175,16.194693164825438,0.3874628800153732
One-D-Piece,imagenet,n07880968,96,0.27101024925708767,17.02218128204346,0.419987790286541
One-D-Piece,imagenet,n07880968,128,0.24356556087732312,17.498091602325438,0.44396290063858035
One-D-Piece,imagenet,n07880968,160,0.22603386402130124,17.82913131713867,0.45635264277458193
One-D-Piece,imagenet,n07880968,208,0.21543535798788066,18.16498659133911,0.4649240463972092
One-D-Piece,imagenet,n07880968,256,0.2113028725981712,18.30358636856079,0.468870196044445
One-D-Piece,imagenet,n07920052,8,0.6128812682628632,13.448848762512206,0.3869461742043495
One-D-Piece,imagenet,n07920052,16,0.487816541492939,14.394659938812255,0.4051905766129494
One-D-Piece,imagenet,n07920052,32,0.36681747049093244,15.736414337158203,0.4397420629858971
One-D-Piece,imagenet,n07920052,64,0.2617130953073501,17.026541309356688,0.49008378565311433
One-D-Piece,imagenet,n07920052,96,0.21302267089486118,17.935850563049318,0.5270154762268067
One-D-Piece,imagenet,n07920052,128,0.18924396201968188,18.460395011901856,0.5503504770994186
One-D-Piece,imagenet,n07920052,160,0.17705276846885679,18.742053833007812,0.5637600272893906
One-D-Piece,imagenet,n07920052,208,0.1655516123771667,19.164432163238526,0.5749294054508209
One-D-Piece,imagenet,n07920052,256,0.16208520784974095,19.352515144348146,0.5805227333307266
One-D-Piece,imagenet,n09472597,8,0.4476418536901474,16.313738689422607,0.5195243108272553
One-D-Piece,imagenet,n09472597,16,0.36092240989208224,17.589983882904054,0.524724263548851
One-D-Piece,imagenet,n09472597,32,0.28946299314498897,18.68296209335327,0.5437195539474488
One-D-Piece,imagenet,n09472597,64,0.21829989716410633,20.205663928985597,0.5787595021724701
One-D-Piece,imagenet,n09472597,96,0.18843162178993222,20.842055625915528,0.5958225327730179
One-D-Piece,imagenet,n09472597,128,0.17232929334044453,21.240314960479736,0.6073899179697037
One-D-Piece,imagenet,n09472597,160,0.16403003394603727,21.53512180328369,0.6122834861278534
One-D-Piece,imagenet,n09472597,208,0.1557745088636875,21.867760562896727,0.6192202830314636
One-D-Piece,imagenet,n09472597,256,0.15217315733432765,22.031357460021972,0.6213771957159042
One-D-Piece,imagenet,n09835506,8,0.6436957228183746,13.339928760528565,0.28358462974429127
One-D-Piece,imagenet,n09835506,16,0.515971129834652,13.96684217453003,0.2842557144165039
One-D-Piece,imagenet,n09835506,32,0.39531501799821855,14.736280708312988,0.28414205059409137
One-D-Piece,imagenet,n09835506,64,0.3103727316856384,15.5995530128479,0.3140971288084983
One-D-Piece,imagenet,n09835506,96,0.260288967192173,16.159163074493406,0.3393528941273689
One-D-Piece,imagenet,n09835506,128,0.23639337584376333,16.457838439941405,0.35531911462545396
One-D-Piece,imagenet,n09835506,160,0.22185240924358365,16.663761138916016,0.36847575187683107
One-D-Piece,imagenet,n09835506,208,0.21334984272718427,16.88886354446411,0.377086780667305
One-D-Piece,imagenet,n09835506,256,0.20915504232048984,16.93040891647339,0.379574721455574
One-D-Piece,imagenet,n10565667,8,0.5053089800477027,15.511239318847656,0.4379392033815384
One-D-Piece,imagenet,n10565667,16,0.43006804049015046,16.148197593688966,0.44590108036994935
One-D-Piece,imagenet,n10565667,32,0.35829016685485837,16.803483486175537,0.45020130813121795
One-D-Piece,imagenet,n10565667,64,0.28435181379318236,18.12896713256836,0.48171267062425616
One-D-Piece,imagenet,n10565667,96,0.2401647017896175,18.8969425201416,0.5062026345729828
One-D-Piece,imagenet,n10565667,128,0.21583892121911044,19.555664539337158,0.5231228742003441
One-D-Piece,imagenet,n10565667,160,0.19903501167893406,19.852880725860597,0.5310530480742455
One-D-Piece,imagenet,n10565667,208,0.18922004371881482,20.19259168624878,0.5401440721750259
One-D-Piece,imagenet,n10565667,256,0.1861620400846004,20.30755838394165,0.5441680040955543
One-D-Piece,imagenet,n12267677,8,0.6942450344562531,13.433170394897461,0.2585481089353561
One-D-Piece,imagenet,n12267677,16,0.5979001152515412,13.843946685791016,0.2625262041389942
One-D-Piece,imagenet,n12267677,32,0.4585176146030426,14.70899133682251,0.2729341474175453
One-D-Piece,imagenet,n12267677,64,0.34523500859737394,15.532121562957764,0.3027208133041858
One-D-Piece,imagenet,n12267677,96,0.29443569540977477,16.139077529907226,0.33054341152310374
One-D-Piece,imagenet,n12267677,128,0.26558737635612484,16.50705457687378,0.35126075997948647
One-D-Piece,imagenet,n12267677,160,0.24968005567789076,16.68781099319458,0.3631849697232246
One-D-Piece,imagenet,n12267677,208,0.23779580026865002,16.95168607711792,0.3741456490755081
One-D-Piece,imagenet,n12267677,256,0.23330403149127957,17.064194355010986,0.3779186716675758
One-D-Piece,imagenet_r,n01443537,8,0.6470762920379639,12.439040393829346,0.37723958656191825
One-D-Piece,imagenet_r,n01443537,16,0.5345823758840561,13.314441604614258,0.3781444312632084
One-D-Piece,imagenet_r,n01443537,32,0.42295001447200775,14.528405628204347,0.40033382833004
One-D-Piece,imagenet_r,n01443537,64,0.3096151423454284,15.571823387145995,0.4405901247262955
One-D-Piece,imagenet_r,n01443537,96,0.24623524785041806,16.349370231628416,0.47453709185123444
One-D-Piece,imagenet_r,n01443537,128,0.21424614086747165,16.8571262550354,0.49893422693014144
One-D-Piece,imagenet_r,n01443537,160,0.19709446728229518,17.218405838012696,0.5128718414902687
One-D-Piece,imagenet_r,n01443537,208,0.1865324083715677,17.531946201324462,0.5237987318634987
One-D-Piece,imagenet_r,n01443537,256,0.18265358492732045,17.63144823074341,0.5260745134949684
One-D-Piece,imagenet_r,n01484850,8,0.596792905330658,14.322173748016358,0.4355142626166344
One-D-Piece,imagenet_r,n01484850,16,0.4978585433959961,15.141223697662353,0.43464149355888365
One-D-Piece,imagenet_r,n01484850,32,0.3968708130717278,16.032917308807374,0.44256539940834044
One-D-Piece,imagenet_r,n01484850,64,0.3054140767455101,16.96950132369995,0.467075854241848
One-D-Piece,imagenet_r,n01484850,96,0.2520367148518562,17.5772802734375,0.5008492854237556
One-D-Piece,imagenet_r,n01484850,128,0.22208040475845334,18.019502105712892,0.5167527854442596
One-D-Piece,imagenet_r,n01484850,160,0.20393274053931232,18.265825119018555,0.5287670707702636
One-D-Piece,imagenet_r,n01484850,208,0.19191381275653835,18.524527816772462,0.540044577717781
One-D-Piece,imagenet_r,n01484850,256,0.18772888287901876,18.670192489624025,0.5430548056960106
One-D-Piece,imagenet_r,n01494475,8,0.588057485818863,14.479835834503174,0.4524768793582916
One-D-Piece,imagenet_r,n01494475,16,0.489613676071167,15.368675956726074,0.4631427574157715
One-D-Piece,imagenet_r,n01494475,32,0.38960423290729523,16.481619434356688,0.4809339684247971
One-D-Piece,imagenet_r,n01494475,64,0.2932751619815826,17.593396167755127,0.513742729127407
One-D-Piece,imagenet_r,n01494475,96,0.24036886543035504,18.147906017303466,0.541372829079628
One-D-Piece,imagenet_r,n01494475,128,0.21136723220348355,18.68108215332031,0.5633501642942429
One-D-Piece,imagenet_r,n01494475,160,0.19480924457311627,19.079272785186767,0.5767549681663513
One-D-Piece,imagenet_r,n01494475,208,0.1832785406708717,19.410829887390136,0.5855605334043503
One-D-Piece,imagenet_r,n01494475,256,0.17810233414173124,19.608045921325683,0.5891150659322739
One-D-Piece,imagenet_r,n01498041,8,0.5829165542125702,14.203514080047608,0.4928132206201553
One-D-Piece,imagenet_r,n01498041,16,0.47436382472515104,15.21128812789917,0.49567537754774094
One-D-Piece,imagenet_r,n01498041,32,0.37151010394096373,16.31215082168579,0.5136486381292343
One-D-Piece,imagenet_r,n01498041,64,0.27565289616584776,17.548569889068602,0.5588008451461792
One-D-Piece,imagenet_r,n01498041,96,0.2171676369011402,18.35212110519409,0.5934628772735596
One-D-Piece,imagenet_r,n01498041,128,0.1894733782112598,18.769661502838133,0.6076870411634445
One-D-Piece,imagenet_r,n01498041,160,0.17520110264420505,19.050043239593506,0.6192686235904694
One-D-Piece,imagenet_r,n01498041,208,0.16496147900819774,19.300692825317384,0.6249970024824143
One-D-Piece,imagenet_r,n01498041,256,0.1606232641637325,19.560512599945067,0.6309810137748718
One-D-Piece,imagenet_r,n01514859,8,0.6153720152378083,13.139370946884155,0.38791812643408774
One-D-Piece,imagenet_r,n01514859,16,0.5125451135635376,13.740859127044677,0.39437166064977647
One-D-Piece,imagenet_r,n01514859,32,0.4150020283460617,14.296119194030762,0.40767776027321817
One-D-Piece,imagenet_r,n01514859,64,0.31186964511871335,15.038601722717285,0.4472604066133499
One-D-Piece,imagenet_r,n01514859,96,0.254040241241455,15.637340354919434,0.4796181771159172
One-D-Piece,imagenet_r,n01514859,128,0.22091257363557812,16.031684379577637,0.4983972054719925
One-D-Piece,imagenet_r,n01514859,160,0.2042702221870422,16.25341609954834,0.5113733306527137
One-D-Piece,imagenet_r,n01514859,208,0.18971303731203076,16.499794483184814,0.5216024050116539
One-D-Piece,imagenet_r,n01514859,256,0.18594448596239085,16.580119915008545,0.5242943504452705
One-D-Piece,imagenet_r,n01518878,8,0.5753783994913101,13.31831057548523,0.4700359034538269
One-D-Piece,imagenet_r,n01518878,16,0.4619696050882339,14.34543462753296,0.47989090234041215
One-D-Piece,imagenet_r,n01518878,32,0.3615766420960426,15.121463985443116,0.5029046595096588
One-D-Piece,imagenet_r,n01518878,64,0.2593360237777233,16.15231523513794,0.5521311447024345
One-D-Piece,imagenet_r,n01518878,96,0.20747671410441396,16.792262020111085,0.5870288075506687
One-D-Piece,imagenet_r,n01518878,128,0.1801797983050346,17.136104164123534,0.6085710161924363
One-D-Piece,imagenet_r,n01518878,160,0.16620585918426511,17.433366355895995,0.6194061920046806
One-D-Piece,imagenet_r,n01518878,208,0.15642725296318527,17.641239070892333,0.6306168669462204
One-D-Piece,imagenet_r,n01518878,256,0.15347761951386926,17.75267412185669,0.634376903474331
One-D-Piece,imagenet_r,n01531178,8,0.6030271971225738,13.453536930084228,0.41010093986988067
One-D-Piece,imagenet_r,n01531178,16,0.5047114306688308,13.934956321716308,0.4129482820630074
One-D-Piece,imagenet_r,n01531178,32,0.4043658113479614,14.941117095947266,0.4302039209008217
One-D-Piece,imagenet_r,n01531178,64,0.3013529562950134,16.12826271057129,0.47112374991178513
One-D-Piece,imagenet_r,n01531178,96,0.24551125600934026,16.645474376678468,0.4973414206504822
One-D-Piece,imagenet_r,n01531178,128,0.21548305049538607,17.084063205718994,0.5191737979650497
One-D-Piece,imagenet_r,n01531178,160,0.19984454944729801,17.43183246612549,0.5313419479131699
One-D-Piece,imagenet_r,n01531178,208,0.18747742816805835,17.71696737289429,0.542005849480629
One-D-Piece,imagenet_r,n01531178,256,0.18450809545814986,17.809515209197997,0.5454569610953331
One-D-Piece,imagenet_r,n01534433,8,0.5431393772363663,15.013993911743164,0.4914947643876076
One-D-Piece,imagenet_r,n01534433,16,0.44835218697786333,15.754882450103759,0.50109440356493
One-D-Piece,imagenet_r,n01534433,32,0.3468783634901047,16.809894943237303,0.5205347964167595
One-D-Piece,imagenet_r,n01534433,64,0.25874029576778407,18.02025854110718,0.5541321930289268
One-D-Piece,imagenet_r,n01534433,96,0.2126741240918636,18.576954498291016,0.5753586038947105
One-D-Piece,imagenet_r,n01534433,128,0.18799811676144595,19.103172512054442,0.5940056523680687
One-D-Piece,imagenet_r,n01534433,160,0.17517690673470493,19.346746292114258,0.6029776579141617
One-D-Piece,imagenet_r,n01534433,208,0.16476959057152268,19.554777088165284,0.6111296445131302
One-D-Piece,imagenet_r,n01534433,256,0.16263614319264885,19.6836714553833,0.6126249200105667
One-D-Piece,imagenet_r,n01614925,8,0.6292079877853394,12.339587459564209,0.3702471636980772
One-D-Piece,imagenet_r,n01614925,16,0.5080191743373871,13.379629878997802,0.376856411844492
One-D-Piece,imagenet_r,n01614925,32,0.3967691233754158,14.44927309036255,0.4055752956867218
One-D-Piece,imagenet_r,n01614925,64,0.2903353706002235,15.714664306640625,0.44782773092389105
One-D-Piece,imagenet_r,n01614925,96,0.2373433335125446,16.465793704986574,0.4817831003665924
One-D-Piece,imagenet_r,n01614925,128,0.2082509885728359,16.993327445983887,0.503427711725235
One-D-Piece,imagenet_r,n01614925,160,0.19345911815762518,17.314200267791747,0.5155395931005478
One-D-Piece,imagenet_r,n01614925,208,0.18230626970529554,17.638743114471435,0.5270240360498428
One-D-Piece,imagenet_r,n01614925,256,0.17931230857968328,17.732878932952882,0.5303038173913955
One-D-Piece,imagenet_r,n01616318,8,0.5938638222217559,12.349206333160401,0.39068188026547435
One-D-Piece,imagenet_r,n01616318,16,0.49405835688114164,12.878254680633544,0.3984911581873894
One-D-Piece,imagenet_r,n01616318,32,0.3857564824819565,13.894803466796875,0.43047916382551193
One-D-Piece,imagenet_r,n01616318,64,0.2873634767532348,15.043063488006592,0.47698721081018447
One-D-Piece,imagenet_r,n01616318,96,0.23173126995563503,15.5993265914917,0.5125847959518433
One-D-Piece,imagenet_r,n01616318,128,0.20249373242259022,16.160583305358887,0.5377498286962509
One-D-Piece,imagenet_r,n01616318,160,0.18684268265962597,16.460132389068605,0.5494122523069381
One-D-Piece,imagenet_r,n01616318,208,0.17554543375968928,16.739068298339845,0.5609509199857712
One-D-Piece,imagenet_r,n01616318,256,0.1715295627713203,16.835145778656006,0.5636887657642364
One-D-Piece,imagenet_r,n01630670,8,0.5727642387151718,14.402021312713623,0.4455369856208563
One-D-Piece,imagenet_r,n01630670,16,0.4625517588853836,15.2330686378479,0.44911685213446617
One-D-Piece,imagenet_r,n01630670,32,0.36463994085788726,15.999103813171386,0.4719761274755001
One-D-Piece,imagenet_r,n01630670,64,0.2700831454992294,16.62375047683716,0.505464319884777
One-D-Piece,imagenet_r,n01630670,96,0.2224309706687927,17.149185466766358,0.5318766342103481
One-D-Piece,imagenet_r,n01630670,128,0.19601823240518568,17.511128387451173,0.5492130436003209
One-D-Piece,imagenet_r,n01630670,160,0.18261290863156315,17.806431503295897,0.5606737864017487
One-D-Piece,imagenet_r,n01630670,208,0.17354835286736484,17.97422273635864,0.5681319683790207
One-D-Piece,imagenet_r,n01630670,256,0.16996906563639638,18.0646724319458,0.5707248345017433
One-D-Piece,imagenet_r,n01632777,8,0.5854960083961487,14.048269157409669,0.4406498125195503
One-D-Piece,imagenet_r,n01632777,16,0.49229834496974945,14.82380573272705,0.4484200717508793
One-D-Piece,imagenet_r,n01632777,32,0.40517565459012983,15.406928310394287,0.45845418199896815
One-D-Piece,imagenet_r,n01632777,64,0.3027899435162544,16.18716444015503,0.49377150580286977
One-D-Piece,imagenet_r,n01632777,96,0.2434236818552017,16.788953876495363,0.5277093179523945
One-D-Piece,imagenet_r,n01632777,128,0.21263851493597027,17.139240016937254,0.5470718336105347
One-D-Piece,imagenet_r,n01632777,160,0.19673304736614225,17.452192821502685,0.5600026223063469
One-D-Piece,imagenet_r,n01632777,208,0.18580373629927632,17.61466796875,0.5687190061807632
One-D-Piece,imagenet_r,n01632777,256,0.18115380309522147,17.745971584320067,0.5720014715194702
One-D-Piece,imagenet_r,n01644373,8,0.5918000555038452,13.60452112197876,0.4173414067924023
One-D-Piece,imagenet_r,n01644373,16,0.49054972887039183,14.354506530761718,0.43688526540994643
One-D-Piece,imagenet_r,n01644373,32,0.38559628307819366,15.316689491271973,0.4619921500980854
One-D-Piece,imagenet_r,n01644373,64,0.2847739684581756,16.465055027008056,0.5048435652256011
One-D-Piece,imagenet_r,n01644373,96,0.22447771847248074,17.242215709686278,0.5386979737877846
One-D-Piece,imagenet_r,n01644373,128,0.19428857922554013,17.757286338806153,0.5610932877659798
One-D-Piece,imagenet_r,n01644373,160,0.17882215872406956,18.091048164367677,0.571338733136654
One-D-Piece,imagenet_r,n01644373,208,0.16800460524857042,18.39676118850708,0.581824602484703
One-D-Piece,imagenet_r,n01644373,256,0.16432346686720845,18.492941093444824,0.5851887336373329
One-D-Piece,imagenet_r,n01677366,8,0.640906532406807,13.600666313171386,0.3315718467533588
One-D-Piece,imagenet_r,n01677366,16,0.5371012026071549,14.178999328613282,0.34188282638788225
One-D-Piece,imagenet_r,n01677366,32,0.433858135342598,14.933368339538575,0.3503220351040363
One-D-Piece,imagenet_r,n01677366,64,0.3362107613682747,15.760484580993653,0.37984688594937327
One-D-Piece,imagenet_r,n01677366,96,0.2829892539978027,16.23831796646118,0.40427233785390854
One-D-Piece,imagenet_r,n01677366,128,0.2496700623631477,16.71114625930786,0.4216806572675705
One-D-Piece,imagenet_r,n01677366,160,0.2337531805038452,16.911074466705323,0.4313542661070824
One-D-Piece,imagenet_r,n01677366,208,0.21939960598945615,17.180891819000244,0.44274965032935143
One-D-Piece,imagenet_r,n01677366,256,0.21432760864496228,17.33195701599121,0.44728874787688255
One-D-Piece,imagenet_r,n01694178,8,0.608617160320282,13.014179706573486,0.3854185902327299
One-D-Piece,imagenet_r,n01694178,16,0.4949140375852585,13.93508014678955,0.40068826377391814
One-D-Piece,imagenet_r,n01694178,32,0.3963232809305191,14.728553771972656,0.4198457369208336
One-D-Piece,imagenet_r,n01694178,64,0.30235237687826155,15.666145458221436,0.4544508449733257
One-D-Piece,imagenet_r,n01694178,96,0.24861684426665304,16.2427166557312,0.4854340967535973
One-D-Piece,imagenet_r,n01694178,128,0.22022538095712657,16.672251167297365,0.5068711370229722
One-D-Piece,imagenet_r,n01694178,160,0.2052053882926702,16.88629346847534,0.5168660846352577
One-D-Piece,imagenet_r,n01694178,208,0.19518939860165116,17.089462413787842,0.5248389130830765
One-D-Piece,imagenet_r,n01694178,256,0.1907932601869106,17.20783687591553,0.5279849827289581
One-D-Piece,imagenet_r,n01748264,8,0.6369607079029084,13.089092540740968,0.31701439961791034
One-D-Piece,imagenet_r,n01748264,16,0.5288433039188385,13.831851634979248,0.33164313666522505
One-D-Piece,imagenet_r,n01748264,32,0.4023119708895683,14.886091079711914,0.3530069860816002
One-D-Piece,imagenet_r,n01748264,64,0.29820514738559717,15.765234584808349,0.397319046407938
One-D-Piece,imagenet_r,n01748264,96,0.2513837607204914,16.23237314224243,0.4237212783098221
One-D-Piece,imagenet_r,n01748264,128,0.22740063697099683,16.572873058319093,0.44281939178705215
One-D-Piece,imagenet_r,n01748264,160,0.21334176853299136,16.77282346725464,0.45246331572532655
One-D-Piece,imagenet_r,n01748264,208,0.20102896049618718,17.04357582092285,0.4625669863820076
One-D-Piece,imagenet_r,n01748264,256,0.19861581787467,17.101550102233887,0.4632641714811325
One-D-Piece,imagenet_r,n01770393,8,0.5965720325708389,14.328393325805663,0.3981915060430765
One-D-Piece,imagenet_r,n01770393,16,0.49507493317127227,14.993357944488526,0.4077436250448227
One-D-Piece,imagenet_r,n01770393,32,0.38373889654874804,15.637146453857422,0.42782301902770997
One-D-Piece,imagenet_r,n01770393,64,0.28850715458393095,16.38021484375,0.46124314695596697
One-D-Piece,imagenet_r,n01770393,96,0.23489581778645513,16.991593418121337,0.49038121461868284
One-D-Piece,imagenet_r,n01770393,128,0.20887228697538374,17.43069757461548,0.5078067883849144
One-D-Piece,imagenet_r,n01770393,160,0.1958173011243343,17.751517162322997,0.5217425510287285
One-D-Piece,imagenet_r,n01770393,208,0.1853369308263063,17.987202224731444,0.5292503893375397
One-D-Piece,imagenet_r,n01770393,256,0.18270778015255926,18.072178707122802,0.5325397008657455
One-D-Piece,imagenet_r,n01774750,8,0.6336561447381973,12.845476036071778,0.3350760327279568
One-D-Piece,imagenet_r,n01774750,16,0.527471335530281,13.650561408996582,0.3413882537186146
One-D-Piece,imagenet_r,n01774750,32,0.4210883766412735,14.486722984313964,0.36277153231203557
One-D-Piece,imagenet_r,n01774750,64,0.3154866194725036,15.313162136077882,0.4088821579515934
One-D-Piece,imagenet_r,n01774750,96,0.2606937876343727,15.87186487197876,0.43681284427642825
One-D-Piece,imagenet_r,n01774750,128,0.23466354668140407,16.256133842468262,0.45948711410164833
One-D-Piece,imagenet_r,n01774750,160,0.21846456408500667,16.496917991638185,0.46993604630231856
One-D-Piece,imagenet_r,n01774750,208,0.21024055361747737,16.7045764541626,0.48047415286302564
One-D-Piece,imagenet_r,n01774750,256,0.206587351411581,16.783391571044923,0.48385330855846403
One-D-Piece,imagenet_r,n01784675,8,0.5663401454687118,14.503550510406495,0.4244246929138899
One-D-Piece,imagenet_r,n01784675,16,0.46411727368831635,15.471324214935303,0.42787652134895326
One-D-Piece,imagenet_r,n01784675,32,0.3648886200785637,16.195328941345213,0.4373602660000324
One-D-Piece,imagenet_r,n01784675,64,0.2819216072559356,16.934359645843507,0.45648347727954386
One-D-Piece,imagenet_r,n01784675,96,0.2352072381973266,17.36217161178589,0.480311598777771
One-D-Piece,imagenet_r,n01784675,128,0.2129966293275356,17.74492462158203,0.493413227647543
One-D-Piece,imagenet_r,n01784675,160,0.2001677684485912,17.93082696914673,0.5032923728227615
One-D-Piece,imagenet_r,n01784675,208,0.19197718068957326,18.123311367034912,0.5080876007676125
One-D-Piece,imagenet_r,n01784675,256,0.1900236792862415,18.239138813018798,0.5105994331836701
One-D-Piece,imagenet_r,n01806143,8,0.6367445594072342,13.342301683425903,0.3151873353123664
One-D-Piece,imagenet_r,n01806143,16,0.5384141677618026,13.997612800598144,0.32344736889004705
One-D-Piece,imagenet_r,n01806143,32,0.43517564475536347,14.548720207214355,0.33203516632318497
One-D-Piece,imagenet_r,n01806143,64,0.33300750494003295,15.236831684112548,0.3631647656112909
One-D-Piece,imagenet_r,n01806143,96,0.2797557151317596,15.675008888244628,0.38765618920326234
One-D-Piece,imagenet_r,n01806143,128,0.2522126583755016,15.971537761688232,0.40266463577747347
One-D-Piece,imagenet_r,n01806143,160,0.23430680051445957,16.149070529937745,0.41327798083424566
One-D-Piece,imagenet_r,n01806143,208,0.2238759261369705,16.320209369659423,0.41878829300403597
One-D-Piece,imagenet_r,n01806143,256,0.2197277185320854,16.39390449523926,0.4194858430325985
One-D-Piece,imagenet_r,n01820546,8,0.65416723549366,12.847910614013673,0.37310766473412516
One-D-Piece,imagenet_r,n01820546,16,0.5438416880369187,13.69880241394043,0.38251646056771277
One-D-Piece,imagenet_r,n01820546,32,0.4132601296901703,14.952642784118652,0.39946258537471296
One-D-Piece,imagenet_r,n01820546,64,0.298865253329277,16.350586433410644,0.4422660554945469
One-D-Piece,imagenet_r,n01820546,96,0.24643728315830227,17.070058326721192,0.47142008766531945
One-D-Piece,imagenet_r,n01820546,128,0.2158798679709434,17.489291744232176,0.4890421383082867
One-D-Piece,imagenet_r,n01820546,160,0.19997572511434553,17.909719505310058,0.5035847832262516
One-D-Piece,imagenet_r,n01820546,208,0.18578452050685879,18.24516315460205,0.5145214688777924
One-D-Piece,imagenet_r,n01820546,256,0.18268281191587443,18.37701036453247,0.5172348234057427
One-D-Piece,imagenet_r,n01833805,8,0.608463020324707,13.309460582733154,0.43837692216038704
One-D-Piece,imagenet_r,n01833805,16,0.5075051248073578,14.107449226379394,0.44839726090431214
One-D-Piece,imagenet_r,n01833805,32,0.40213444471359255,14.939656715393067,0.4610988192260265
One-D-Piece,imagenet_r,n01833805,64,0.30524147957563397,15.978903045654297,0.5002061441540718
One-D-Piece,imagenet_r,n01833805,96,0.24408722043037412,16.76034372329712,0.5342373362183571
One-D-Piece,imagenet_r,n01833805,128,0.21305017396807668,17.237037944793702,0.5549736720323563
One-D-Piece,imagenet_r,n01833805,160,0.19610351189970968,17.568466796875,0.5662145939469337
One-D-Piece,imagenet_r,n01833805,208,0.18413801386952397,17.869907760620116,0.576417416036129
One-D-Piece,imagenet_r,n01833805,256,0.17979537710547444,17.98809997558594,0.5808023679256439
One-D-Piece,imagenet_r,n01843383,8,0.6524551248550415,12.428667430877686,0.37446492433547973
One-D-Piece,imagenet_r,n01843383,16,0.5400563722848892,13.187454528808594,0.38641136288642886
One-D-Piece,imagenet_r,n01843383,32,0.4183951899409294,14.36537452697754,0.4126539622247219
One-D-Piece,imagenet_r,n01843383,64,0.29819988965988153,15.70867193222046,0.4589958021044731
One-D-Piece,imagenet_r,n01843383,96,0.23870902523398396,16.61477584838867,0.4934938581287861
One-D-Piece,imagenet_r,n01843383,128,0.2092509941756725,17.120465927124023,0.516404998600483
One-D-Piece,imagenet_r,n01843383,160,0.1910528695583343,17.502480354309082,0.5323403860628605
One-D-Piece,imagenet_r,n01843383,208,0.17875812307000158,17.8666556930542,0.5436794078350067
One-D-Piece,imagenet_r,n01843383,256,0.17438656419515605,18.025613880157472,0.5483004158735275
One-D-Piece,imagenet_r,n01847000,8,0.6019802993535995,13.851640739440917,0.4494421537220478
One-D-Piece,imagenet_r,n01847000,16,0.4912471407651901,14.649516639709473,0.4531354920566082
One-D-Piece,imagenet_r,n01847000,32,0.37784639447927476,15.60282865524292,0.4729030475020409
One-D-Piece,imagenet_r,n01847000,64,0.2759746965765953,16.719577083587648,0.5156146049499511
One-D-Piece,imagenet_r,n01847000,96,0.22181014120578763,17.55473638534546,0.5491080120205879
One-D-Piece,imagenet_r,n01847000,128,0.19386317208409307,18.022857151031495,0.5677778926491738
One-D-Piece,imagenet_r,n01847000,160,0.179230985045433,18.397274761199952,0.5807311207056045
One-D-Piece,imagenet_r,n01847000,208,0.16812621459364888,18.73883083343506,0.591638388633728
One-D-Piece,imagenet_r,n01847000,256,0.1641956383734941,18.85397054672241,0.5946435782313347
One-D-Piece,imagenet_r,n01855672,8,0.6180932748317719,13.079831314086913,0.43599553406238556
One-D-Piece,imagenet_r,n01855672,16,0.49880737423896787,13.992761783599853,0.45054310753941534
One-D-Piece,imagenet_r,n01855672,32,0.3868584018945694,15.253298835754395,0.4765299782156944
One-D-Piece,imagenet_r,n01855672,64,0.28074163079261777,16.461856136322023,0.5193636831641197
One-D-Piece,imagenet_r,n01855672,96,0.22591684788465496,17.3761736869812,0.5525770202279091
One-D-Piece,imagenet_r,n01855672,128,0.19632610261440273,17.989787425994873,0.5734638184309006
One-D-Piece,imagenet_r,n01855672,160,0.18029987886548038,18.32314786911011,0.5849312454462051
One-D-Piece,imagenet_r,n01855672,208,0.16919576995074745,18.734936294555663,0.5969263634085655
One-D-Piece,imagenet_r,n01855672,256,0.16394900046288963,18.94332229614258,0.6000814127922058
One-D-Piece,imagenet_r,n01860187,8,0.6318616491556167,12.83691930770874,0.39288663759827613
One-D-Piece,imagenet_r,n01860187,16,0.5210312926769256,13.626295785903931,0.4014568234235048
One-D-Piece,imagenet_r,n01860187,32,0.40794874787330626,14.726292133331299,0.4243014825880527
One-D-Piece,imagenet_r,n01860187,64,0.2920790775120258,16.29756353378296,0.473044371008873
One-D-Piece,imagenet_r,n01860187,96,0.23722022578120228,17.065843372344972,0.5076557779312134
One-D-Piece,imagenet_r,n01860187,128,0.20666580550372596,17.547060890197756,0.5299261397123337
One-D-Piece,imagenet_r,n01860187,160,0.19110473506152625,17.95529218673706,0.5428697934746742
One-D-Piece,imagenet_r,n01860187,208,0.17914186332374807,18.17450532913208,0.552477802336216
One-D-Piece,imagenet_r,n01860187,256,0.17580203279852863,18.27968599319458,0.5564393213391304
One-D-Piece,imagenet_r,n01882714,8,0.6213820296525955,13.018341903686524,0.3882224470376968
One-D-Piece,imagenet_r,n01882714,16,0.5288172078132629,13.389232730865478,0.38925493627786634
One-D-Piece,imagenet_r,n01882714,32,0.4219317561388016,14.072505073547363,0.40543256044387815
One-D-Piece,imagenet_r,n01882714,64,0.30810396701097487,15.258244552612304,0.4553849816322327
One-D-Piece,imagenet_r,n01882714,96,0.24799442648887632,16.012358989715576,0.4917769205570221
One-D-Piece,imagenet_r,n01882714,128,0.21349720552563664,16.567032833099365,0.5220342665910721
One-D-Piece,imagenet_r,n01882714,160,0.19550996512174604,16.938579273223876,0.5376223120093345
One-D-Piece,imagenet_r,n01882714,208,0.18327154994010922,17.14137062072754,0.5489239057898522
One-D-Piece,imagenet_r,n01882714,256,0.1792316725850105,17.26699239730835,0.5519066563248635
One-D-Piece,imagenet_r,n01910747,8,0.5612395185232163,14.509456462860108,0.43895593330264093
One-D-Piece,imagenet_r,n01910747,16,0.46261621594429014,15.138490104675293,0.44567370757460595
One-D-Piece,imagenet_r,n01910747,32,0.37015593647956846,15.69704086303711,0.45851574748754503
One-D-Piece,imagenet_r,n01910747,64,0.27812904506921765,16.544517211914062,0.5022039645910263
One-D-Piece,imagenet_r,n01910747,96,0.2240649755299091,17.062606506347656,0.5352951651811599
One-D-Piece,imagenet_r,n01910747,128,0.20090036213397977,17.42006172180176,0.5529563182592392
One-D-Piece,imagenet_r,n01910747,160,0.1858706723153591,17.61277015686035,0.5623320707678795
One-D-Piece,imagenet_r,n01910747,208,0.17597646892070767,17.79753393173218,0.5712751585245133
One-D-Piece,imagenet_r,n01910747,256,0.1730270832777023,17.923828830718993,0.576392637193203
One-D-Piece,imagenet_r,n01944390,8,0.6181452113389969,13.665415287017822,0.41342056408524513
One-D-Piece,imagenet_r,n01944390,16,0.5137024927139282,14.606515083312988,0.42025783404707906
One-D-Piece,imagenet_r,n01944390,32,0.40197512596845625,15.683872509002686,0.4416387052834034
One-D-Piece,imagenet_r,n01944390,64,0.2956868031620979,16.82504903793335,0.4844874197244644
One-D-Piece,imagenet_r,n01944390,96,0.2419549277424812,17.702279930114745,0.5209409680962562
One-D-Piece,imagenet_r,n01944390,128,0.21281887322664259,18.195586948394777,0.5421919572353363
One-D-Piece,imagenet_r,n01944390,160,0.194017708748579,18.570309829711913,0.5548984315991402
One-D-Piece,imagenet_r,n01944390,208,0.18155576109886165,18.96523853302002,0.5664944812655449
One-D-Piece,imagenet_r,n01944390,256,0.17542801976203914,19.12791893005371,0.5690418013930321
One-D-Piece,imagenet_r,n01983481,8,0.6076060104370117,13.753436813354492,0.38074941381812094
One-D-Piece,imagenet_r,n01983481,16,0.5082154178619385,14.496414051055908,0.38404158741235733
One-D-Piece,imagenet_r,n01983481,32,0.40493223488330843,15.115632286071778,0.3946911808848381
One-D-Piece,imagenet_r,n01983481,64,0.2997191262245178,16.099079189300536,0.43380689799785616
One-D-Piece,imagenet_r,n01983481,96,0.24523560404777522,16.673755874633787,0.4642581900954246
One-D-Piece,imagenet_r,n01983481,128,0.21754666358232494,17.109869899749757,0.4830829045176506
One-D-Piece,imagenet_r,n01983481,160,0.20110190555453297,17.42894588470459,0.49791840225458145
One-D-Piece,imagenet_r,n01983481,208,0.19001711845397945,17.663075160980224,0.507168690264225
One-D-Piece,imagenet_r,n01983481,256,0.18632226586341855,17.737755832672118,0.5085816356539726
One-D-Piece,imagenet_r,n01986214,8,0.5933899050951004,13.204260120391845,0.3681296917796135
One-D-Piece,imagenet_r,n01986214,16,0.49641301155090334,13.511231937408446,0.3703655399382114
One-D-Piece,imagenet_r,n01986214,32,0.40681718170642855,14.102904453277588,0.3885372994840145
One-D-Piece,imagenet_r,n01986214,64,0.3003383326530456,14.917969360351563,0.43252258613705635
One-D-Piece,imagenet_r,n01986214,96,0.24860971599817272,15.498807640075684,0.47118153095245363
One-D-Piece,imagenet_r,n01986214,128,0.21763707026839252,15.84572551727295,0.4921662241220474
One-D-Piece,imagenet_r,n01986214,160,0.20299551635980603,16.065265502929687,0.5067149260640145
One-D-Piece,imagenet_r,n01986214,208,0.18968738764524457,16.26123954772949,0.5162091866135597
One-D-Piece,imagenet_r,n01986214,256,0.1867758825421333,16.346510581970215,0.522211152613163
One-D-Piece,imagenet_r,n02007558,8,0.6470225596427918,13.448111505508423,0.3689421045035124
One-D-Piece,imagenet_r,n02007558,16,0.526654292345047,14.167059955596924,0.37104640044271947
One-D-Piece,imagenet_r,n02007558,32,0.41076550841331483,15.005109119415284,0.3859294316917658
One-D-Piece,imagenet_r,n02007558,64,0.3065857400000095,15.874967098236084,0.4169702474027872
One-D-Piece,imagenet_r,n02007558,96,0.251831237077713,16.548137130737306,0.445924765765667
One-D-Piece,imagenet_r,n02007558,128,0.22154650107026097,17.122248497009277,0.4665466740727425
One-D-Piece,imagenet_r,n02007558,160,0.20398421488702292,17.40544832229614,0.4786347605288029
One-D-Piece,imagenet_r,n02007558,208,0.19330111131072042,17.62417501449585,0.48847820088267324
One-D-Piece,imagenet_r,n02007558,256,0.1891652167588472,17.767822589874267,0.4925218965113163
One-D-Piece,imagenet_r,n02009912,8,0.5834570133686066,14.437459802627563,0.4425985877215862
One-D-Piece,imagenet_r,n02009912,16,0.4724261686205864,15.514592380523682,0.45317199647426604
One-D-Piece,imagenet_r,n02009912,32,0.3678739801049232,16.976537590026854,0.47252831161022185
One-D-Piece,imagenet_r,n02009912,64,0.27660474136471747,18.341528282165527,0.5035694319009781
One-D-Piece,imagenet_r,n02009912,96,0.23010788470506666,18.936688499450682,0.5270143744349479
One-D-Piece,imagenet_r,n02009912,128,0.20721657305955885,19.46115530014038,0.5451909336447716
One-D-Piece,imagenet_r,n02009912,160,0.19367246910929675,19.769023780822753,0.5525531309843064
One-D-Piece,imagenet_r,n02009912,208,0.18347313627600667,20.122801189422606,0.5607414591312408
One-D-Piece,imagenet_r,n02009912,256,0.17822088472545144,20.309112663269044,0.5655805915594101
One-D-Piece,imagenet_r,n02051845,8,0.640031196475029,13.241512470245361,0.4053353586792946
One-D-Piece,imagenet_r,n02051845,16,0.523946437239647,14.102391300201417,0.41167728111147883
One-D-Piece,imagenet_r,n02051845,32,0.40201146811246874,15.193972053527832,0.4275359334051609
One-D-Piece,imagenet_r,n02051845,64,0.29639234662055963,16.395276832580567,0.4681159207224846
One-D-Piece,imagenet_r,n02051845,96,0.2414199164509773,17.095903568267822,0.49974642783403395
One-D-Piece,imagenet_r,n02051845,128,0.21385709568858144,17.4939395904541,0.516847343146801
One-D-Piece,imagenet_r,n02051845,160,0.1940908223390579,17.855886764526367,0.52986899882555
One-D-Piece,imagenet_r,n02051845,208,0.18232410877943037,18.156027450561524,0.5406513264775277
One-D-Piece,imagenet_r,n02051845,256,0.17806282654404637,18.289751739501952,0.5439891678094864
One-D-Piece,imagenet_r,n02056570,8,0.5994937580823898,13.244670810699462,0.4491702789068222
One-D-Piece,imagenet_r,n02056570,16,0.5050396955013275,13.780231094360351,0.44879694491624833
One-D-Piece,imagenet_r,n02056570,32,0.4057888141274452,14.764839458465577,0.46651377648115155
One-D-Piece,imagenet_r,n02056570,64,0.2946705892682075,16.102591896057127,0.5110022643208504
One-D-Piece,imagenet_r,n02056570,96,0.23533446773886676,16.997796802520753,0.5461369636654854
One-D-Piece,imagenet_r,n02056570,128,0.20238181501626964,17.628413734436034,0.5735660031437874
One-D-Piece,imagenet_r,n02056570,160,0.18825748383998867,17.925787715911866,0.5855926364660263
One-D-Piece,imagenet_r,n02056570,208,0.17471562087535855,18.275785865783693,0.5985415238142013
One-D-Piece,imagenet_r,n02056570,256,0.17078400596976276,18.40297410964966,0.6023708415031434
One-D-Piece,imagenet_r,n02066245,8,0.6046597474813461,14.174210739135741,0.453226518034935
One-D-Piece,imagenet_r,n02066245,16,0.47797239989042284,15.369127597808838,0.461830892264843
One-D-Piece,imagenet_r,n02066245,32,0.36977668464183805,16.554929389953614,0.4847327440232039
One-D-Piece,imagenet_r,n02066245,64,0.2642327213287353,18.05224084854126,0.5257457490265369
One-D-Piece,imagenet_r,n02066245,96,0.21749313235282894,18.742167472839355,0.5544396787881851
One-D-Piece,imagenet_r,n02066245,128,0.19329275190830228,19.115469131469727,0.5690433847904205
One-D-Piece,imagenet_r,n02066245,160,0.18075671859085557,19.42665630340576,0.5774467179179191
One-D-Piece,imagenet_r,n02066245,208,0.17028840132057663,19.759915599823,0.584530109167099
One-D-Piece,imagenet_r,n02066245,256,0.1662575553357601,19.914882373809814,0.5871429681777954
One-D-Piece,imagenet_r,n02071294,8,0.6009058344364167,12.811919651031495,0.4329315626621246
One-D-Piece,imagenet_r,n02071294,16,0.49579820334911345,13.392565975189209,0.44059488564729693
One-D-Piece,imagenet_r,n02071294,32,0.3906916734576225,14.516635417938232,0.4680717562139034
One-D-Piece,imagenet_r,n02071294,64,0.28426520138978956,15.90322816848755,0.5197317683696747
One-D-Piece,imagenet_r,n02071294,96,0.22627936050295827,16.853504371643066,0.5604710528254508
One-D-Piece,imagenet_r,n02071294,128,0.19705275356769558,17.32174509048462,0.5842170119285583
One-D-Piece,imagenet_r,n02071294,160,0.1799516476690769,17.751008224487304,0.6003890588879586
One-D-Piece,imagenet_r,n02071294,208,0.16817179501056667,18.05567081451416,0.6112755897641182
One-D-Piece,imagenet_r,n02071294,256,0.16391778975725171,18.167755603790283,0.6158494862914086
One-D-Piece,imagenet_r,n02077923,8,0.5915270894765854,14.604064407348632,0.45178653210401537
One-D-Piece,imagenet_r,n02077923,16,0.4798730444908142,15.410378875732421,0.4568621215224266
One-D-Piece,imagenet_r,n02077923,32,0.3825072187185288,16.133648624420164,0.4620880027115345
One-D-Piece,imagenet_r,n02077923,64,0.27851478710770605,17.605455169677736,0.49999668151140214
One-D-Piece,imagenet_r,n02077923,96,0.2306021054089069,18.274079990386962,0.5281274634599685
One-D-Piece,imagenet_r,n02077923,128,0.20434061154723163,18.81992727279663,0.5457150572538376
One-D-Piece,imagenet_r,n02077923,160,0.18807925730943675,19.212776718139647,0.5569222813844681
One-D-Piece,imagenet_r,n02077923,208,0.17702811315655706,19.53564474105835,0.5648794135451317
One-D-Piece,imagenet_r,n02077923,256,0.17225272625684734,19.706280059814453,0.5681153389811516
One-D-Piece,imagenet_r,n02085620,8,0.6318316757678986,13.53619194984436,0.39642209380865095
One-D-Piece,imagenet_r,n02085620,16,0.5179662990570069,14.182188529968261,0.39980733036994937
One-D-Piece,imagenet_r,n02085620,32,0.39688844680786134,15.174438171386718,0.41278920114040374
One-D-Piece,imagenet_r,n02085620,64,0.29281277537345884,16.260443477630616,0.4536684221029282
One-D-Piece,imagenet_r,n02085620,96,0.24095005020499227,16.861406002044678,0.4778707179427147
One-D-Piece,imagenet_r,n02085620,128,0.21484119415283198,17.3131441116333,0.4966495534777641
One-D-Piece,imagenet_r,n02085620,160,0.19915554285049436,17.61438642501831,0.5097364211082458
One-D-Piece,imagenet_r,n02085620,208,0.18731597691774365,17.874980525970457,0.5192176648974418
One-D-Piece,imagenet_r,n02085620,256,0.18303703248500822,18.02364107131958,0.5233639335632324
One-D-Piece,imagenet_r,n02086240,8,0.5753600054979324,13.585191898345947,0.376445667296648
One-D-Piece,imagenet_r,n02086240,16,0.465594003200531,14.231850757598878,0.3757536980509758
One-D-Piece,imagenet_r,n02086240,32,0.37116348803043364,15.064501609802246,0.3871022748947144
One-D-Piece,imagenet_r,n02086240,64,0.2808236417174339,16.28851016998291,0.4255902779102325
One-D-Piece,imagenet_r,n02086240,96,0.23563380777835843,16.966337394714355,0.4509784463047981
One-D-Piece,imagenet_r,n02086240,128,0.2139557676017284,17.42086347579956,0.4704337301850319
One-D-Piece,imagenet_r,n02086240,160,0.20093589350581165,17.69487253189087,0.47907796412706377
One-D-Piece,imagenet_r,n02086240,208,0.19205180570483205,18.01522054672241,0.4868184715509415
One-D-Piece,imagenet_r,n02086240,256,0.18848140642046926,18.122415161132814,0.48947690188884735
One-D-Piece,imagenet_r,n02088094,8,0.5818741434812545,13.65875150680542,0.4013098442554474
One-D-Piece,imagenet_r,n02088094,16,0.4754441452026367,14.566981391906738,0.4095565575361252
One-D-Piece,imagenet_r,n02088094,32,0.37309904873371125,15.37558645248413,0.42181230545043946
One-D-Piece,imagenet_r,n02088094,64,0.2749995818734169,16.407405223846435,0.4582064872980118
One-D-Piece,imagenet_r,n02088094,96,0.2260606329143047,17.145546321868895,0.48738225042819977
One-D-Piece,imagenet_r,n02088094,128,0.20168505415320392,17.6199271774292,0.5054752910137177
One-D-Piece,imagenet_r,n02088094,160,0.18862029030919072,17.80117250442505,0.5153924173116684
One-D-Piece,imagenet_r,n02088094,208,0.17777030870318408,18.102655448913573,0.5261908376216888
One-D-Piece,imagenet_r,n02088094,256,0.1733908854424953,18.176980266571046,0.5294635841250419
One-D-Piece,imagenet_r,n02088238,8,0.6314669620990753,12.436229438781739,0.3970151449739933
One-D-Piece,imagenet_r,n02088238,16,0.515944231748581,13.15464391708374,0.40556559823453425
One-D-Piece,imagenet_r,n02088238,32,0.39122667610645295,14.347190017700195,0.4241785631328821
One-D-Piece,imagenet_r,n02088238,64,0.285458747446537,15.664097862243652,0.47158431008458135
One-D-Piece,imagenet_r,n02088238,96,0.23230956673622127,16.50106113433838,0.5072860394418239
One-D-Piece,imagenet_r,n02088238,128,0.20671315521001812,17.039232082366944,0.5285402040183544
One-D-Piece,imagenet_r,n02088238,160,0.19123025372624394,17.357987060546876,0.5423830065131188
One-D-Piece,imagenet_r,n02088238,208,0.1789003916084766,17.65064640045166,0.5526761011779309
One-D-Piece,imagenet_r,n02088238,256,0.17504170164465901,17.758911075592042,0.5554999728500843
One-D-Piece,imagenet_r,n02088364,8,0.588996394276619,13.515368223190308,0.44000328600406646
One-D-Piece,imagenet_r,n02088364,16,0.47781759440898897,14.144727573394775,0.44596360474824903
One-D-Piece,imagenet_r,n02088364,32,0.3591746139526367,15.412725238800048,0.46950561851263045
One-D-Piece,imagenet_r,n02088364,64,0.2651562628149986,16.825217208862306,0.5102964270114899
One-D-Piece,imagenet_r,n02088364,96,0.21605676054954526,17.64196765899658,0.5409856820106507
One-D-Piece,imagenet_r,n02088364,128,0.19071000888943668,18.12187831878662,0.557512356042862
One-D-Piece,imagenet_r,n02088364,160,0.17537294924259184,18.538236637115478,0.5695640659332275
One-D-Piece,imagenet_r,n02088364,208,0.1655391466617584,18.896133041381837,0.5797392338514328
One-D-Piece,imagenet_r,n02088364,256,0.1616377647221088,19.00743221282959,0.5821998524665832
One-D-Piece,imagenet_r,n02088466,8,0.5536180919408799,13.577616996765137,0.3700397165119648
One-D-Piece,imagenet_r,n02088466,16,0.4388152414560318,14.263239631652832,0.3846429069340229
One-D-Piece,imagenet_r,n02088466,32,0.34171813040971755,15.060185146331786,0.39859240159392356
One-D-Piece,imagenet_r,n02088466,64,0.2656189090013504,15.956838607788086,0.4421917997300625
One-D-Piece,imagenet_r,n02088466,96,0.22391338050365445,16.612052688598634,0.4765385812520981
One-D-Piece,imagenet_r,n02088466,128,0.2015222744643688,17.037625637054443,0.496234855055809
One-D-Piece,imagenet_r,n02088466,160,0.18830294266343114,17.306793727874755,0.5054022750258446
One-D-Piece,imagenet_r,n02088466,208,0.17791311293840406,17.557748641967773,0.5149877420067788
One-D-Piece,imagenet_r,n02088466,256,0.1746239240467548,17.65376329421997,0.5156930965185166
One-D-Piece,imagenet_r,n02091032,8,0.585965838432312,14.100560913085937,0.4333590745925903
One-D-Piece,imagenet_r,n02091032,16,0.4755734407901764,15.206006469726562,0.4504960584640503
One-D-Piece,imagenet_r,n02091032,32,0.3655665960907936,16.164919986724854,0.47065073758363724
One-D-Piece,imagenet_r,n02091032,64,0.2726039087772369,17.246728401184082,0.5136988359689713
One-D-Piece,imagenet_r,n02091032,96,0.2239786751568317,17.75068971633911,0.5374346187710762
One-D-Piece,imagenet_r,n02091032,128,0.200096071511507,18.141156063079833,0.5526272076368332
One-D-Piece,imagenet_r,n02091032,160,0.18411636531352993,18.441057147979738,0.5632159748673439
One-D-Piece,imagenet_r,n02091032,208,0.17265055671334262,18.772688636779787,0.5724245274066925
One-D-Piece,imagenet_r,n02091032,256,0.16956398293375965,18.873538627624512,0.5757591259479523
One-D-Piece,imagenet_r,n02091134,8,0.5561110144853592,14.476888313293458,0.4743930566310883
One-D-Piece,imagenet_r,n02091134,16,0.45053152203559876,15.305764694213867,0.4893457818031311
One-D-Piece,imagenet_r,n02091134,32,0.34974055260419845,16.414143753051757,0.5014984722435475
One-D-Piece,imagenet_r,n02091134,64,0.26381782889366145,17.43524236679077,0.5381435489654541
One-D-Piece,imagenet_r,n02091134,96,0.217051205933094,18.285137481689453,0.5671128109097481
One-D-Piece,imagenet_r,n02091134,128,0.19157356351613994,18.73017681121826,0.586751012802124
One-D-Piece,imagenet_r,n02091134,160,0.1779005971550941,19.04378942489624,0.5988297969102859
One-D-Piece,imagenet_r,n02091134,208,0.16785294413566587,19.395451927185057,0.6083286648988724
One-D-Piece,imagenet_r,n02091134,256,0.16330256059765813,19.557560119628906,0.6111448630690575
One-D-Piece,imagenet_r,n02092339,8,0.6029091292619705,14.23966215133667,0.38239941403269767
One-D-Piece,imagenet_r,n02092339,16,0.4906279897689819,15.315551414489747,0.39306002274155616
One-D-Piece,imagenet_r,n02092339,32,0.37917545437812805,16.46372585296631,0.40197139367461204
One-D-Piece,imagenet_r,n02092339,64,0.28697158485651014,17.472641792297363,0.42679730549454686
One-D-Piece,imagenet_r,n02092339,96,0.24006939381361003,18.150998249053956,0.44743222534656524
One-D-Piece,imagenet_r,n02092339,128,0.21258316993713375,18.616117191314697,0.4634213835000992
One-D-Piece,imagenet_r,n02092339,160,0.20022303998470303,18.85198616027832,0.471586717069149
One-D-Piece,imagenet_r,n02092339,208,0.1899202913045883,19.155573978424073,0.48237755268812177
One-D-Piece,imagenet_r,n02092339,256,0.18726752579212186,19.23040184020996,0.483801044523716
One-D-Piece,imagenet_r,n02094433,8,0.569973601102829,13.762629108428955,0.3436757609248161
One-D-Piece,imagenet_r,n02094433,16,0.4515929180383682,14.430814971923828,0.3448694843053818
One-D-Piece,imagenet_r,n02094433,32,0.340096048116684,15.598274517059327,0.35475720033049585
One-D-Piece,imagenet_r,n02094433,64,0.2602675804495811,16.6249698638916,0.39155066579580305
One-D-Piece,imagenet_r,n02094433,96,0.2204217621684074,17.244024257659913,0.4169095450639725
One-D-Piece,imagenet_r,n02094433,128,0.1998157629370689,17.547149543762206,0.43030069023370743
One-D-Piece,imagenet_r,n02094433,160,0.18726647704839702,17.770824394226075,0.43684864073991775
One-D-Piece,imagenet_r,n02094433,208,0.17805321782827374,17.952675018310547,0.44313872933387755
One-D-Piece,imagenet_r,n02094433,256,0.17598581239581104,18.091793308258058,0.44605889439582824
One-D-Piece,imagenet_r,n02096585,8,0.6325962138175965,11.631438121795654,0.3586964051425457
One-D-Piece,imagenet_r,n02096585,16,0.5173857140541077,12.212230682373047,0.3683260627835989
One-D-Piece,imagenet_r,n02096585,32,0.4074467650055885,13.292203102111817,0.3898314851522446
One-D-Piece,imagenet_r,n02096585,64,0.2933905830979347,14.670462436676026,0.43843657001852987
One-D-Piece,imagenet_r,n02096585,96,0.2400999934971332,15.517442245483398,0.47209045514464376
One-D-Piece,imagenet_r,n02096585,128,0.20912037014961238,16.074225254058838,0.49787787467241285
One-D-Piece,imagenet_r,n02096585,160,0.19357533156871792,16.38844690322876,0.5111099725961685
One-D-Piece,imagenet_r,n02096585,208,0.18220316499471662,16.692891483306884,0.5206465008854866
One-D-Piece,imagenet_r,n02096585,256,0.17942943304777142,16.83926959991455,0.5244420185685158
One-D-Piece,imagenet_r,n02097298,8,0.5943279868364334,13.329584159851073,0.3804561893641949
One-D-Piece,imagenet_r,n02097298,16,0.4724116039276123,14.164049682617188,0.3902221016585827
One-D-Piece,imagenet_r,n02097298,32,0.36620786011219025,15.02527675628662,0.3977081482112408
One-D-Piece,imagenet_r,n02097298,64,0.2768298891186714,16.395279712677002,0.43655500024557115
One-D-Piece,imagenet_r,n02097298,96,0.22856348559260364,17.17930320739746,0.46157624274492265
One-D-Piece,imagenet_r,n02097298,128,0.20182853311300275,17.730338897705078,0.4782071045041084
One-D-Piece,imagenet_r,n02097298,160,0.18660154730081555,18.031252059936524,0.4890586397051811
One-D-Piece,imagenet_r,n02097298,208,0.17628391981124875,18.242651958465576,0.4975805601477623
One-D-Piece,imagenet_r,n02097298,256,0.1726967257261276,18.334930725097657,0.5005524191260338
One-D-Piece,imagenet_r,n02098286,8,0.6191543310880661,13.486959791183471,0.35647565364837647
One-D-Piece,imagenet_r,n02098286,16,0.5081701022386551,14.35690773010254,0.3650508603453636
One-D-Piece,imagenet_r,n02098286,32,0.39398316502571107,15.503306694030762,0.37535769522190093
One-D-Piece,imagenet_r,n02098286,64,0.2929024901986122,16.67818937301636,0.4045262360572815
One-D-Piece,imagenet_r,n02098286,96,0.2456347712874412,17.222494430541992,0.4260222887992859
One-D-Piece,imagenet_r,n02098286,128,0.2207407787442207,17.644274997711182,0.4438749760389328
One-D-Piece,imagenet_r,n02098286,160,0.2049422442913055,17.966665420532227,0.45515170723199844
One-D-Piece,imagenet_r,n02098286,208,0.1951424017548561,18.199817066192626,0.4642865720391274
One-D-Piece,imagenet_r,n02098286,256,0.19230953112244603,18.292882499694823,0.4664725238084793
One-D-Piece,imagenet_r,n02099601,8,0.5846043395996093,14.613203086853026,0.39205307424068453
One-D-Piece,imagenet_r,n02099601,16,0.46629885733127596,15.400535144805907,0.3963406026363373
One-D-Piece,imagenet_r,n02099601,32,0.3650984585285187,16.034738483428956,0.39839240223169325
One-D-Piece,imagenet_r,n02099601,64,0.2784806102514267,16.906294059753417,0.42466763764619825
One-D-Piece,imagenet_r,n02099601,96,0.23805277019739146,17.461675338745117,0.448498093187809
One-D-Piece,imagenet_r,n02099601,128,0.2125202643871307,17.920687351226807,0.4673268774151802
One-D-Piece,imagenet_r,n02099601,160,0.1994142690300941,18.143682613372803,0.4740314096212387
One-D-Piece,imagenet_r,n02099601,208,0.18844006061553953,18.440485095977785,0.4832611888647079
One-D-Piece,imagenet_r,n02099601,256,0.18510756015777585,18.588915004730225,0.48732404291629794
One-D-Piece,imagenet_r,n02099712,8,0.5849403822422028,13.564390048980712,0.3658569121360779
One-D-Piece,imagenet_r,n02099712,16,0.46617816388607025,14.6105348777771,0.37129911333322524
One-D-Piece,imagenet_r,n02099712,32,0.3575808787345886,15.565361404418946,0.3812926563620567
One-D-Piece,imagenet_r,n02099712,64,0.26941815078258513,16.84614933013916,0.41684695571660996
One-D-Piece,imagenet_r,n02099712,96,0.22957279875874514,17.5394718170166,0.4428965997695923
One-D-Piece,imagenet_r,n02099712,128,0.20697610706090924,17.9987176322937,0.45946598827838897
One-D-Piece,imagenet_r,n02099712,160,0.1941130821406841,18.261765041351318,0.4680749627947807
One-D-Piece,imagenet_r,n02099712,208,0.1853155094385147,18.4878244972229,0.4741610690951347
One-D-Piece,imagenet_r,n02099712,256,0.18174188360571858,18.622332916259765,0.47612077862024305
One-D-Piece,imagenet_r,n02102318,8,0.5736030095815658,13.555297222137451,0.3691152566671371
One-D-Piece,imagenet_r,n02102318,16,0.46882622838020327,14.362676696777344,0.3755375163257122
One-D-Piece,imagenet_r,n02102318,32,0.3630276817083359,15.15927547454834,0.38957827031612396
One-D-Piece,imagenet_r,n02102318,64,0.28042451858520506,16.222433166503905,0.422442497164011
One-D-Piece,imagenet_r,n02102318,96,0.23929805353283878,16.92403636932373,0.4504659709334373
One-D-Piece,imagenet_r,n02102318,128,0.2131463828682899,17.392687454223633,0.47092092752456666
One-D-Piece,imagenet_r,n02102318,160,0.19795757502317424,17.65204069137573,0.47942878901958463
One-D-Piece,imagenet_r,n02102318,208,0.18859824389219282,17.914211502075194,0.4858318519592285
One-D-Piece,imagenet_r,n02102318,256,0.18440412074327464,18.033358097076416,0.4884719610214233
One-D-Piece,imagenet_r,n02106030,8,0.5991967505216599,13.41660509109497,0.3679704234004021
One-D-Piece,imagenet_r,n02106030,16,0.48958444833755493,14.259124717712403,0.3715957289934158
One-D-Piece,imagenet_r,n02106030,32,0.38641986429691316,15.227596321105956,0.3768062627315521
One-D-Piece,imagenet_r,n02106030,64,0.2907611659169197,16.514372386932372,0.41209499061107635
One-D-Piece,imagenet_r,n02106030,96,0.24260550290346142,17.119573841094972,0.4372085577249527
One-D-Piece,imagenet_r,n02106030,128,0.2154092442989349,17.51427303314209,0.4555575802922249
One-D-Piece,imagenet_r,n02106030,160,0.2019873964786529,17.764779491424562,0.4626929497718811
One-D-Piece,imagenet_r,n02106030,208,0.18955524191260334,18.080552597045898,0.4713794502615929
One-D-Piece,imagenet_r,n02106030,256,0.18634327396750447,18.189169025421144,0.4735924568772316
One-D-Piece,imagenet_r,n02106166,8,0.6207101428508759,12.13608299255371,0.36712562158703804
One-D-Piece,imagenet_r,n02106166,16,0.5050342041254043,12.97100019454956,0.37298057302832605
One-D-Piece,imagenet_r,n02106166,32,0.38916888892650603,14.220035095214843,0.39461842373013495
One-D-Piece,imagenet_r,n02106166,64,0.2907105168700218,15.685186767578125,0.4411190402507782
One-D-Piece,imagenet_r,n02106166,96,0.23976458281278606,16.605077209472658,0.47561880081892016
One-D-Piece,imagenet_r,n02106166,128,0.212763198018074,17.102455024719237,0.4940707042813301
One-D-Piece,imagenet_r,n02106166,160,0.19761503502726552,17.46630453109741,0.5058091220259666
One-D-Piece,imagenet_r,n02106166,208,0.18747023835778232,17.6848344039917,0.5150085416436195
One-D-Piece,imagenet_r,n02106166,256,0.18325568795204158,17.826272277832032,0.5189241710305214
One-D-Piece,imagenet_r,n02106550,8,0.6101194155216217,12.740633821487426,0.35909263893961907
One-D-Piece,imagenet_r,n02106550,16,0.48234525620937346,13.686342716217041,0.3681526665389538
One-D-Piece,imagenet_r,n02106550,32,0.37471185088157655,14.611488418579102,0.38250493064522745
One-D-Piece,imagenet_r,n02106550,64,0.2830841279029846,15.99058952331543,0.42709636241197585
One-D-Piece,imagenet_r,n02106550,96,0.2374180236458778,16.786822147369385,0.4584359309077263
One-D-Piece,imagenet_r,n02106550,128,0.208140752017498,17.238175144195555,0.48126025825738905
One-D-Piece,imagenet_r,n02106550,160,0.19311157077550883,17.613926067352295,0.49716068714857103
One-D-Piece,imagenet_r,n02106550,208,0.1824219025671482,17.89979621887207,0.5058467599749565
One-D-Piece,imagenet_r,n02106550,256,0.17837209969758983,18.00112682342529,0.5100064003467559
One-D-Piece,imagenet_r,n02106662,8,0.5923245573043823,13.206287937164307,0.3924278472363949
One-D-Piece,imagenet_r,n02106662,16,0.4861042284965515,13.940660104751586,0.4058781446516514
One-D-Piece,imagenet_r,n02106662,32,0.37910720527172087,14.76948860168457,0.41400743573904036
One-D-Piece,imagenet_r,n02106662,64,0.2832434725761413,16.04166536331177,0.45544333070516585
One-D-Piece,imagenet_r,n02106662,96,0.23748381197452542,16.91978240966797,0.48503019541502
One-D-Piece,imagenet_r,n02106662,128,0.21008168116211887,17.417847023010253,0.5094690665602684
One-D-Piece,imagenet_r,n02106662,160,0.19424704670906062,17.787575702667237,0.5182455292344094
One-D-Piece,imagenet_r,n02106662,208,0.18318378463387486,18.162218379974366,0.529428718984127
One-D-Piece,imagenet_r,n02106662,256,0.1791495808959007,18.276884326934816,0.5335963395237923
One-D-Piece,imagenet_r,n02108089,8,0.6032883161306382,13.271634979248047,0.39521619081497195
One-D-Piece,imagenet_r,n02108089,16,0.4927267396450043,13.9873956489563,0.40284925848245623
One-D-Piece,imagenet_r,n02108089,32,0.38961721658706666,14.95686466217041,0.4146191558241844
One-D-Piece,imagenet_r,n02108089,64,0.2893030846118927,16.02272029876709,0.45045816332101823
One-D-Piece,imagenet_r,n02108089,96,0.23558676749467847,16.792382068634033,0.486689013838768
One-D-Piece,imagenet_r,n02108089,128,0.2091094076633453,17.265633964538573,0.5064005127549172
One-D-Piece,imagenet_r,n02108089,160,0.1946003785729408,17.549071865081785,0.5175619038939476
One-D-Piece,imagenet_r,n02108089,208,0.1819161862134933,17.815610103607177,0.5254216137528419
One-D-Piece,imagenet_r,n02108089,256,0.17874853968620297,17.9215682220459,0.5278857830166817
One-D-Piece,imagenet_r,n02108915,8,0.609521940946579,12.980734424591065,0.41862448409199715
One-D-Piece,imagenet_r,n02108915,16,0.49174629151821136,13.831176738739014,0.42858655214309693
One-D-Piece,imagenet_r,n02108915,32,0.3841993030905724,14.784631423950195,0.44597347378730773
One-D-Piece,imagenet_r,n02108915,64,0.28355961859226225,15.978185272216797,0.48828923642635347
One-D-Piece,imagenet_r,n02108915,96,0.23063618913292883,16.637835235595702,0.5183544084429741
One-D-Piece,imagenet_r,n02108915,128,0.20007844626903531,17.165352687835693,0.5439664933085442
One-D-Piece,imagenet_r,n02108915,160,0.1817280592024326,17.462629203796386,0.5575480815768242
One-D-Piece,imagenet_r,n02108915,208,0.1718325066566467,17.73277172088623,0.567448059618473
One-D-Piece,imagenet_r,n02108915,256,0.1679678443074226,17.864892387390135,0.5703250342607498
One-D-Piece,imagenet_r,n02109525,8,0.5581278020143509,12.938722572326661,0.39960217028856276
One-D-Piece,imagenet_r,n02109525,16,0.4522804319858551,13.633207683563233,0.42138244569301603
One-D-Piece,imagenet_r,n02109525,32,0.35881928086280823,14.543416404724121,0.4426075395941734
One-D-Piece,imagenet_r,n02109525,64,0.2716024395823478,15.793298015594482,0.49479085266590117
One-D-Piece,imagenet_r,n02109525,96,0.22658881843090053,16.43082410812378,0.5282043135166168
One-D-Piece,imagenet_r,n02109525,128,0.20121821269392964,16.910862159729003,0.5466950792074203
One-D-Piece,imagenet_r,n02109525,160,0.18931703239679332,17.202269668579103,0.5573392152786255
One-D-Piece,imagenet_r,n02109525,208,0.17665757969021795,17.478735332489013,0.5683612525463104
One-D-Piece,imagenet_r,n02109525,256,0.17423245698213574,17.562829399108885,0.5717811226844788
One-D-Piece,imagenet_r,n02110185,8,0.6168605268001557,11.809441213607789,0.35032417327165605
One-D-Piece,imagenet_r,n02110185,16,0.5124327045679092,12.285899848937989,0.35150874763727186
One-D-Piece,imagenet_r,n02110185,32,0.4068493762612343,13.275693645477295,0.3753595465421677
One-D-Piece,imagenet_r,n02110185,64,0.30289997965097426,14.51839698791504,0.4400541016459465
One-D-Piece,imagenet_r,n02110185,96,0.2499139546602964,15.247899875640869,0.4877920313179493
One-D-Piece,imagenet_r,n02110185,128,0.21799518592655656,15.735393123626709,0.5151290306448937
One-D-Piece,imagenet_r,n02110185,160,0.20154321677982803,16.08090826034546,0.5311726585030556
One-D-Piece,imagenet_r,n02110185,208,0.1880216751992702,16.370335750579834,0.5443483704328537
One-D-Piece,imagenet_r,n02110185,256,0.18417681440711017,16.46561595916748,0.5483529436588287
One-D-Piece,imagenet_r,n02110341,8,0.5955440849065781,12.605848693847657,0.4087550160288811
One-D-Piece,imagenet_r,n02110341,16,0.48320501267910004,13.200861625671386,0.41183405861258504
One-D-Piece,imagenet_r,n02110341,32,0.3793212753534317,13.984890270233155,0.43037510141730306
One-D-Piece,imagenet_r,n02110341,64,0.28097342222928995,15.07518144607544,0.4805728667974472
One-D-Piece,imagenet_r,n02110341,96,0.23173629581928248,15.727416725158692,0.5177997896075248
One-D-Piece,imagenet_r,n02110341,128,0.20509153842926023,16.15525323867798,0.5410122120380402
One-D-Piece,imagenet_r,n02110341,160,0.19060095369815822,16.428305778503418,0.5576874673366546
One-D-Piece,imagenet_r,n02110341,208,0.18078713864088056,16.720057125091554,0.5704232877492905
One-D-Piece,imagenet_r,n02110341,256,0.17806769073009487,16.75019973754883,0.5725108194351196
One-D-Piece,imagenet_r,n02110958,8,0.5748703461885453,13.088640098571778,0.41987713873386384
One-D-Piece,imagenet_r,n02110958,16,0.46772688686847685,13.730283393859864,0.42492926090955735
One-D-Piece,imagenet_r,n02110958,32,0.36225457936525346,14.59236557006836,0.4427380803227425
One-D-Piece,imagenet_r,n02110958,64,0.2731885904073715,15.479226608276367,0.4901038655638695
One-D-Piece,imagenet_r,n02110958,96,0.22477158814668652,16.143632793426512,0.5240171745419502
One-D-Piece,imagenet_r,n02110958,128,0.19538761556148526,16.65856918334961,0.5473363465070724
One-D-Piece,imagenet_r,n02110958,160,0.1807028970122337,17.018627319335938,0.5619096964597702
One-D-Piece,imagenet_r,n02110958,208,0.17041212931275365,17.278016757965087,0.5727652859687805
One-D-Piece,imagenet_r,n02110958,256,0.16678864836692806,17.38063024520874,0.5757790768146515
One-D-Piece,imagenet_r,n02112018,8,0.5944276714324951,13.634855880737305,0.3930876450240612
One-D-Piece,imagenet_r,n02112018,16,0.4863336658477783,14.533586597442627,0.40149102166295053
One-D-Piece,imagenet_r,n02112018,32,0.3815228408575058,15.526654853820801,0.4088695220649242
One-D-Piece,imagenet_r,n02112018,64,0.29056052953004835,16.632251834869386,0.4441374978423119
One-D-Piece,imagenet_r,n02112018,96,0.24237971305847164,17.254636383056642,0.4673284222185612
One-D-Piece,imagenet_r,n02112018,128,0.21472872808575627,17.82248659133911,0.4834437309205532
One-D-Piece,imagenet_r,n02112018,160,0.2015252292156219,18.172729206085204,0.4932291056215763
One-D-Piece,imagenet_r,n02112018,208,0.19156711161136625,18.415501651763915,0.5003558558225631
One-D-Piece,imagenet_r,n02112018,256,0.18783817335963246,18.523459014892577,0.5029577395319939
One-D-Piece,imagenet_r,n02112137,8,0.5843884015083313,12.891994524002076,0.37016426876187325
One-D-Piece,imagenet_r,n02112137,16,0.476083562374115,13.961285476684571,0.3796906718611717
One-D-Piece,imagenet_r,n02112137,32,0.37695722877979276,14.941144161224365,0.3952990272641182
One-D-Piece,imagenet_r,n02112137,64,0.2901407623291015,16.144810695648193,0.4454961571097374
One-D-Piece,imagenet_r,n02112137,96,0.2410619370639324,16.912671165466307,0.4799435570836067
One-D-Piece,imagenet_r,n02112137,128,0.21327576443552967,17.39290454864502,0.5006791487336159
One-D-Piece,imagenet_r,n02112137,160,0.20084349676966665,17.682534408569335,0.5149628177285195
One-D-Piece,imagenet_r,n02112137,208,0.19098221033811566,17.92100673675537,0.5229771265387535
One-D-Piece,imagenet_r,n02112137,256,0.18848103031516072,18.025498046875,0.5250203058123588
One-D-Piece,imagenet_r,n02113023,8,0.6164138454198838,13.55000768661499,0.4301335707306862
One-D-Piece,imagenet_r,n02113023,16,0.5034881800413131,14.374479179382325,0.43681599587202075
One-D-Piece,imagenet_r,n02113023,32,0.3855857640504837,15.442987308502197,0.4560840904712677
One-D-Piece,imagenet_r,n02113023,64,0.281986973285675,16.710570526123046,0.5013150927424431
One-D-Piece,imagenet_r,n02113023,96,0.23271484315395352,17.406473369598388,0.5317077851295471
One-D-Piece,imagenet_r,n02113023,128,0.20439932793378826,17.99580806732178,0.5535764372348786
One-D-Piece,imagenet_r,n02113023,160,0.18833207994699475,18.347472229003905,0.567580908536911
One-D-Piece,imagenet_r,n02113023,208,0.17518000945448872,18.634474449157715,0.5781898474693299
One-D-Piece,imagenet_r,n02113023,256,0.17219398140907283,18.75542528152466,0.5814326053857803
One-D-Piece,imagenet_r,n02113624,8,0.5394084066152572,14.758367195129395,0.4535570524632931
One-D-Piece,imagenet_r,n02113624,16,0.4441788733005524,15.403255615234375,0.4591635436564684
One-D-Piece,imagenet_r,n02113624,32,0.3438188573718071,16.607890949249267,0.4740322917699814
One-D-Piece,imagenet_r,n02113624,64,0.2623279924690723,17.82836601257324,0.5044846047461032
One-D-Piece,imagenet_r,n02113624,96,0.22075096473097797,18.490955467224122,0.5296723611652852
One-D-Piece,imagenet_r,n02113624,128,0.1990706734359264,18.980437355041502,0.5446891558170318
One-D-Piece,imagenet_r,n02113624,160,0.1857436832785606,19.222290687561035,0.5550637485086918
One-D-Piece,imagenet_r,n02113624,208,0.17505008861422536,19.545245399475096,0.5647026219964028
One-D-Piece,imagenet_r,n02113624,256,0.17123794972896572,19.694684791564942,0.567379405349493
One-D-Piece,imagenet_r,n02113799,8,0.5629382342100143,14.131791772842407,0.38320706874132154
One-D-Piece,imagenet_r,n02113799,16,0.44833475291728975,15.054332027435303,0.3964801385998726
One-D-Piece,imagenet_r,n02113799,32,0.353788774907589,15.986978778839111,0.4098984330892563
One-D-Piece,imagenet_r,n02113799,64,0.27196259677410123,17.082175426483154,0.4427011626958847
One-D-Piece,imagenet_r,n02113799,96,0.22912298575043674,17.62099531173706,0.4617216902971268
One-D-Piece,imagenet_r,n02113799,128,0.20580052047967906,17.964510917663574,0.4756191420555115
One-D-Piece,imagenet_r,n02113799,160,0.19300648316740987,18.16858299255371,0.4849158152937889
One-D-Piece,imagenet_r,n02113799,208,0.18327540799975392,18.375973205566407,0.4930120944976807
One-D-Piece,imagenet_r,n02113799,256,0.18041818276047702,18.458942928314208,0.49530648738145827
One-D-Piece,imagenet_r,n02114367,8,0.615751748085022,13.886808681488038,0.3552077093720436
One-D-Piece,imagenet_r,n02114367,16,0.5185889756679535,14.544918823242188,0.3633282892405987
One-D-Piece,imagenet_r,n02114367,32,0.4055614596605301,15.332346954345702,0.37254987716674803
One-D-Piece,imagenet_r,n02114367,64,0.3084092420339584,16.387328224182127,0.40656702071428297
One-D-Piece,imagenet_r,n02114367,96,0.2623499572277069,16.96531593322754,0.4358114764094353
One-D-Piece,imagenet_r,n02114367,128,0.23685232609510418,17.423812484741212,0.4566216132044792
One-D-Piece,imagenet_r,n02114367,160,0.22234295353293415,17.71575159072876,0.468424271941185
One-D-Piece,imagenet_r,n02114367,208,0.2107005579769611,17.958400974273683,0.4773406136035919
One-D-Piece,imagenet_r,n02114367,256,0.20676676154136653,18.10466583251953,0.47978858709335326
One-D-Piece,imagenet_r,n02117135,8,0.6208765798807144,14.250364837646485,0.38645134747028353
One-D-Piece,imagenet_r,n02117135,16,0.5124332302808762,15.030386066436767,0.3849935835599899
One-D-Piece,imagenet_r,n02117135,32,0.4085265100002289,15.665787887573241,0.39302040308713915
One-D-Piece,imagenet_r,n02117135,64,0.3145676591992378,16.399157123565672,0.41882457315921784
One-D-Piece,imagenet_r,n02117135,96,0.26570297360420225,16.755809440612794,0.43958736687898636
One-D-Piece,imagenet_r,n02117135,128,0.23666264295578,17.18778455734253,0.4564804258942604
One-D-Piece,imagenet_r,n02117135,160,0.22344473659992214,17.445770454406738,0.4669380959868431
One-D-Piece,imagenet_r,n02117135,208,0.2117941468954086,17.626601657867432,0.47548069030046464
One-D-Piece,imagenet_r,n02117135,256,0.20712429553270337,17.766034908294678,0.4786928436160088
One-D-Piece,imagenet_r,n02119022,8,0.6419704926013946,13.630766220092774,0.37853837728500367
One-D-Piece,imagenet_r,n02119022,16,0.5260428208112716,14.18119333267212,0.38418807595968246
One-D-Piece,imagenet_r,n02119022,32,0.4079539516568184,15.232367992401123,0.3990593026578426
One-D-Piece,imagenet_r,n02119022,64,0.30272320449352264,16.459636516571045,0.4376982995867729
One-D-Piece,imagenet_r,n02119022,96,0.24745881140232082,17.22779411315918,0.46538486182689665
One-D-Piece,imagenet_r,n02119022,128,0.22054221570491786,17.605525245666502,0.4828557735681534
One-D-Piece,imagenet_r,n02119022,160,0.20731181204318996,17.86854389190674,0.4902494832873344
One-D-Piece,imagenet_r,n02119022,208,0.19391722261905667,18.259846000671388,0.5002201184630394
One-D-Piece,imagenet_r,n02119022,256,0.1907772588729858,18.325089893341065,0.5024802473187446
One-D-Piece,imagenet_r,n02123045,8,0.640806570649147,13.248156585693359,0.3287848809361458
One-D-Piece,imagenet_r,n02123045,16,0.5362523835897446,13.922715854644775,0.3324654859304428
One-D-Piece,imagenet_r,n02123045,32,0.43049346148967743,14.53679079055786,0.3382432135939598
One-D-Piece,imagenet_r,n02123045,64,0.33389590948820114,15.39054292678833,0.3704107749462128
One-D-Piece,imagenet_r,n02123045,96,0.2812821131944656,16.03377763748169,0.3950935918092728
One-D-Piece,imagenet_r,n02123045,128,0.24900972247123715,16.49962604522705,0.4168819859623909
One-D-Piece,imagenet_r,n02123045,160,0.23208715483546252,16.75347484588623,0.4270878949761391
One-D-Piece,imagenet_r,n02123045,208,0.2201973587274551,16.94327344894409,0.43463471949100496
One-D-Piece,imagenet_r,n02123045,256,0.21717767089605328,17.00416847229004,0.43690349876880646
One-D-Piece,imagenet_r,n02128385,8,0.6266651117801666,13.835893783569336,0.3134880235791206
One-D-Piece,imagenet_r,n02128385,16,0.5146926778554917,14.312142353057862,0.3110965902172029
One-D-Piece,imagenet_r,n02128385,32,0.39963298916816714,14.89896318435669,0.32119159422814847
One-D-Piece,imagenet_r,n02128385,64,0.30723603844642633,15.472037487030029,0.3497701720893383
One-D-Piece,imagenet_r,n02128385,96,0.2635963934659957,15.85245183944702,0.37344419822096825
One-D-Piece,imagenet_r,n02128385,128,0.23706562310457227,16.094949798583983,0.39014712139964103
One-D-Piece,imagenet_r,n02128385,160,0.22422914057970045,16.268609409332274,0.3993487997353077
One-D-Piece,imagenet_r,n02128385,208,0.21516323059797282,16.432106571197508,0.4066844062507153
One-D-Piece,imagenet_r,n02128385,256,0.21207399934530255,16.506195888519287,0.4067316083610058
One-D-Piece,imagenet_r,n02128757,8,0.5946172845363616,13.95798324584961,0.3057453257590532
One-D-Piece,imagenet_r,n02128757,16,0.5011226689815521,14.550477104187012,0.30592020064592357
One-D-Piece,imagenet_r,n02128757,32,0.40387474179267885,14.874225578308106,0.3129423642158508
One-D-Piece,imagenet_r,n02128757,64,0.3222776398062706,15.381518878936767,0.34091826595366004
One-D-Piece,imagenet_r,n02128757,96,0.281872269809246,15.686938953399657,0.3632897263765335
One-D-Piece,imagenet_r,n02128757,128,0.2582389940321445,15.964064559936524,0.37892279520630834
One-D-Piece,imagenet_r,n02128757,160,0.24577245414257046,16.131422538757324,0.38718171820044517
One-D-Piece,imagenet_r,n02128757,208,0.23470895469188688,16.309569149017335,0.3966730673611164
One-D-Piece,imagenet_r,n02128757,256,0.23144642144441602,16.389150829315184,0.39924769058823584
One-D-Piece,imagenet_r,n02129165,8,0.6124584692716598,13.824255847930909,0.39656894639134405
One-D-Piece,imagenet_r,n02129165,16,0.5239140355587005,14.280203437805175,0.38651566073298455
One-D-Piece,imagenet_r,n02129165,32,0.4256261652708054,14.96390727996826,0.3938393020629883
One-D-Piece,imagenet_r,n02129165,64,0.3284963709115982,15.905398979187012,0.4320095154643059
One-D-Piece,imagenet_r,n02129165,96,0.2661931005120277,16.57498601913452,0.4649624678492546
One-D-Piece,imagenet_r,n02129165,128,0.23400759682059286,17.07161138534546,0.4879517301917076
One-D-Piece,imagenet_r,n02129165,160,0.21527446761727329,17.348855991363525,0.5010637360811233
One-D-Piece,imagenet_r,n02129165,208,0.20338177204132077,17.556922912597656,0.5128844931721688
One-D-Piece,imagenet_r,n02129165,256,0.1989964038133621,17.65321804046631,0.5163450995087624
One-D-Piece,imagenet_r,n02129604,8,0.6392649382352829,13.661635723114014,0.3151741912961006
One-D-Piece,imagenet_r,n02129604,16,0.5404203426837921,14.151803512573242,0.31703950166702266
One-D-Piece,imagenet_r,n02129604,32,0.44342450857162474,14.764698085784913,0.3155818264186382
One-D-Piece,imagenet_r,n02129604,64,0.3499253261089325,15.332596569061279,0.34233231097459793
One-D-Piece,imagenet_r,n02129604,96,0.29877986833453174,15.79634572982788,0.3689974972605705
One-D-Piece,imagenet_r,n02129604,128,0.2662691946327686,16.185787620544435,0.39201798290014267
One-D-Piece,imagenet_r,n02129604,160,0.24786284968256947,16.48852819442749,0.4044959673285484
One-D-Piece,imagenet_r,n02129604,208,0.2354740437865257,16.671225128173827,0.4128657475113869
One-D-Piece,imagenet_r,n02129604,256,0.23146831586956973,16.758530311584472,0.41636082261800766
One-D-Piece,imagenet_r,n02130308,8,0.6348852133750915,13.161412048339844,0.3521236678957939
One-D-Piece,imagenet_r,n02130308,16,0.5211938470602036,13.74112642288208,0.354791499376297
One-D-Piece,imagenet_r,n02130308,32,0.41484284728765486,14.203993473052979,0.3625058990716934
One-D-Piece,imagenet_r,n02130308,64,0.3118778866529464,14.934066410064696,0.3975958222150803
One-D-Piece,imagenet_r,n02130308,96,0.2638313545286655,15.348564529418946,0.42445657938718795
One-D-Piece,imagenet_r,n02130308,128,0.23810679152607914,15.658316555023193,0.4413902881741524
One-D-Piece,imagenet_r,n02130308,160,0.22132340550422666,15.840696029663086,0.45214995980262757
One-D-Piece,imagenet_r,n02130308,208,0.2098535497486591,16.0445112991333,0.4627918988466263
One-D-Piece,imagenet_r,n02130308,256,0.20534645393490789,16.10955774307251,0.46588782608509066
One-D-Piece,imagenet_r,n02134084,8,0.5981226474046707,13.823237628936768,0.46755715131759645
One-D-Piece,imagenet_r,n02134084,16,0.4952287143468857,15.187415351867676,0.4798761835694313
One-D-Piece,imagenet_r,n02134084,32,0.39833504796028135,16.21457420349121,0.4963231191039085
One-D-Piece,imagenet_r,n02134084,64,0.29615292757749556,17.586142749786376,0.5307514828443527
One-D-Piece,imagenet_r,n02134084,96,0.23887547656893726,18.48738935470581,0.5662823206186295
One-D-Piece,imagenet_r,n02134084,128,0.20937403753399844,19.13860336303711,0.5893872278928757
One-D-Piece,imagenet_r,n02134084,160,0.1927577158808708,19.605938758850098,0.6017327904701233
One-D-Piece,imagenet_r,n02134084,208,0.18104001358151434,19.9344828414917,0.6132140702009201
One-D-Piece,imagenet_r,n02134084,256,0.17677244618535037,20.0591872215271,0.6168058717250824
One-D-Piece,imagenet_r,n02138441,8,0.5786875879764557,14.157525730133056,0.45012191161513326
One-D-Piece,imagenet_r,n02138441,16,0.4707567685842514,15.189810619354247,0.45879916653037073
One-D-Piece,imagenet_r,n02138441,32,0.37199817925691603,16.103395061492918,0.4735515810549259
One-D-Piece,imagenet_r,n02138441,64,0.28159078270196913,17.05434066772461,0.505328234732151
One-D-Piece,imagenet_r,n02138441,96,0.23358734831213948,17.639425621032714,0.5298124778270722
One-D-Piece,imagenet_r,n02138441,128,0.206656721830368,18.069892768859862,0.5470478075742722
One-D-Piece,imagenet_r,n02138441,160,0.19149282410740848,18.356932353973388,0.5576335570216179
One-D-Piece,imagenet_r,n02138441,208,0.1799273113906383,18.6008850479126,0.5665145578980446
One-D-Piece,imagenet_r,n02138441,256,0.17672019541263576,18.692658100128174,0.569108923971653
One-D-Piece,imagenet_r,n02165456,8,0.6360887491703033,13.033347110748291,0.3742410883307457
One-D-Piece,imagenet_r,n02165456,16,0.5163326942920685,13.7359743309021,0.3827702316641808
One-D-Piece,imagenet_r,n02165456,32,0.39816884964704513,14.708807678222657,0.3969023483991623
One-D-Piece,imagenet_r,n02165456,64,0.27723890036344523,15.985047645568848,0.43690511673688887
One-D-Piece,imagenet_r,n02165456,96,0.2186121034622192,16.715716781616212,0.4697586341202259
One-D-Piece,imagenet_r,n02165456,128,0.18917800381779667,17.186408596038817,0.488765142261982
One-D-Piece,imagenet_r,n02165456,160,0.17588374495506284,17.458045692443847,0.497164349257946
One-D-Piece,imagenet_r,n02165456,208,0.1649727293848991,17.73978931427002,0.5067745354771614
One-D-Piece,imagenet_r,n02165456,256,0.1612727097421884,17.845514945983886,0.508462346792221
One-D-Piece,imagenet_r,n02190166,8,0.5647785085439682,14.047623558044434,0.43991323594003917
One-D-Piece,imagenet_r,n02190166,16,0.470757759809494,14.752163944244385,0.45005638387054203
One-D-Piece,imagenet_r,n02190166,32,0.3684211450815201,15.558081169128418,0.4662157741934061
One-D-Piece,imagenet_r,n02190166,64,0.26870261713862414,16.360571403503418,0.5020701730251312
One-D-Piece,imagenet_r,n02190166,96,0.21899311468005178,16.88115436553955,0.5311885733902454
One-D-Piece,imagenet_r,n02190166,128,0.1930824757367372,17.400262088775634,0.5492821969091892
One-D-Piece,imagenet_r,n02190166,160,0.18237644411623474,17.60033525466919,0.5573949106037617
One-D-Piece,imagenet_r,n02190166,208,0.17302382968366142,17.739479351043702,0.5649266473948955
One-D-Piece,imagenet_r,n02190166,256,0.1690565491467714,17.83945318222046,0.5679361124336719
One-D-Piece,imagenet_r,n02206856,8,0.6518025940656662,12.191976585388183,0.3608812974393368
One-D-Piece,imagenet_r,n02206856,16,0.5416082632541657,12.813046016693114,0.3628912676870823
One-D-Piece,imagenet_r,n02206856,32,0.434951559305191,13.56197057723999,0.37686338305473327
One-D-Piece,imagenet_r,n02206856,64,0.32772097617387774,14.74420753479004,0.42039096862077713
One-D-Piece,imagenet_r,n02206856,96,0.26857017070055006,15.40642520904541,0.45723270505666735
One-D-Piece,imagenet_r,n02206856,128,0.23579527691006658,15.798203067779541,0.4810818865895271
One-D-Piece,imagenet_r,n02206856,160,0.21682358071207997,16.11936559677124,0.4942892500758171
One-D-Piece,imagenet_r,n02206856,208,0.20363054931163785,16.446853427886964,0.5071075549721717
One-D-Piece,imagenet_r,n02206856,256,0.20070355430245396,16.546467838287352,0.5108419054746628
One-D-Piece,imagenet_r,n02219486,8,0.5864379501342774,14.311812934875489,0.3986947572976351
One-D-Piece,imagenet_r,n02219486,16,0.4867285931110382,14.8601198387146,0.4010868453979492
One-D-Piece,imagenet_r,n02219486,32,0.39000806480646133,15.7747340965271,0.41078760102391243
One-D-Piece,imagenet_r,n02219486,64,0.294522947371006,16.835395965576172,0.4459561765193939
One-D-Piece,imagenet_r,n02219486,96,0.2400388330221176,17.575601444244384,0.4781372740864754
One-D-Piece,imagenet_r,n02219486,128,0.21337822109460827,17.963991775512696,0.49860733091831205
One-D-Piece,imagenet_r,n02219486,160,0.19776258438825603,18.239799194335937,0.5087570431828499
One-D-Piece,imagenet_r,n02219486,208,0.18702584862709043,18.506577796936035,0.5191126310825348
One-D-Piece,imagenet_r,n02219486,256,0.18412890806794163,18.58710350036621,0.5216241297125817
One-D-Piece,imagenet_r,n02226429,8,0.5782749968767166,14.49082326889038,0.42753829434514046
One-D-Piece,imagenet_r,n02226429,16,0.47080939829349516,15.056250972747803,0.43516196087002756
One-D-Piece,imagenet_r,n02226429,32,0.3743805447220802,15.6094478225708,0.4481032899022102
One-D-Piece,imagenet_r,n02226429,64,0.27952294677495954,16.418987731933594,0.48436387434601785
One-D-Piece,imagenet_r,n02226429,96,0.22838723868131633,17.055715522766114,0.5192779332399369
One-D-Piece,imagenet_r,n02226429,128,0.20151855066418645,17.53556594848633,0.5372723719477653
One-D-Piece,imagenet_r,n02226429,160,0.1857824836671352,17.83495771408081,0.5497184279561043
One-D-Piece,imagenet_r,n02226429,208,0.1761879768967628,18.10040843963623,0.5577215537428856
One-D-Piece,imagenet_r,n02226429,256,0.1728546971082687,18.136516876220703,0.557704566270113
One-D-Piece,imagenet_r,n02233338,8,0.6290064030885696,13.059853906631469,0.4010275191068649
One-D-Piece,imagenet_r,n02233338,16,0.5224325948953629,13.645866508483886,0.4021609063446522
One-D-Piece,imagenet_r,n02233338,32,0.4162296086549759,14.637042179107667,0.41742894172668454
One-D-Piece,imagenet_r,n02233338,64,0.3161813926696777,15.578871021270752,0.4595487803220749
One-D-Piece,imagenet_r,n02233338,96,0.25450849980115886,16.303739700317383,0.4962207135558128
One-D-Piece,imagenet_r,n02233338,128,0.22338295057415958,16.76458251953125,0.5189571705460548
One-D-Piece,imagenet_r,n02233338,160,0.2064028978347778,17.067069435119627,0.5318803635239601
One-D-Piece,imagenet_r,n02233338,208,0.1941468414664268,17.305408878326418,0.542770434319973
One-D-Piece,imagenet_r,n02233338,256,0.190708704739809,17.346292877197264,0.5443269005417823
One-D-Piece,imagenet_r,n02236044,8,0.6046689623594284,13.62364203453064,0.39707014068961144
One-D-Piece,imagenet_r,n02236044,16,0.5002139675617218,14.4806174659729,0.40999890118837357
One-D-Piece,imagenet_r,n02236044,32,0.39898416519165036,15.176248512268067,0.4293400199711323
One-D-Piece,imagenet_r,n02236044,64,0.29841907143592833,15.991887168884277,0.47779223799705506
One-D-Piece,imagenet_r,n02236044,96,0.24376467823982234,16.477777194976806,0.505477596372366
One-D-Piece,imagenet_r,n02236044,128,0.2131795828044414,16.906495265960693,0.5288252404332161
One-D-Piece,imagenet_r,n02236044,160,0.19678578853607173,17.175383968353273,0.5413702185451984
One-D-Piece,imagenet_r,n02236044,208,0.18544195637106892,17.43333822250366,0.5512154597043991
One-D-Piece,imagenet_r,n02236044,256,0.18213632136583324,17.488220462799074,0.5532419899106026
One-D-Piece,imagenet_r,n02268443,8,0.6497364854812622,15.068546466827392,0.3629010112583637
One-D-Piece,imagenet_r,n02268443,16,0.557709464430809,15.537478485107421,0.36191315934062
One-D-Piece,imagenet_r,n02268443,32,0.4346725142002106,16.336969718933105,0.3668620713055134
One-D-Piece,imagenet_r,n02268443,64,0.32930295437574386,17.014674034118652,0.3836128282546997
One-D-Piece,imagenet_r,n02268443,96,0.27774797737598417,17.592171459198,0.40235004156827925
One-D-Piece,imagenet_r,n02268443,128,0.2526767602562904,17.889647274017335,0.417222298681736
One-D-Piece,imagenet_r,n02268443,160,0.23744178086519238,18.17458646774292,0.42549740538001063
One-D-Piece,imagenet_r,n02268443,208,0.2257423239946365,18.603432922363282,0.4331283165514469
One-D-Piece,imagenet_r,n02268443,256,0.22032934144139285,18.707975692749024,0.4357194997370243
One-D-Piece,imagenet_r,n02279972,8,0.6361650037765503,12.479567909240723,0.3085279733035713
One-D-Piece,imagenet_r,n02279972,16,0.5203668642044067,13.110611915588379,0.31800285086035723
One-D-Piece,imagenet_r,n02279972,32,0.4084920156002045,13.777237529754638,0.3341623877058737
One-D-Piece,imagenet_r,n02279972,64,0.3055546903610229,14.608657703399658,0.3723133345320821
One-D-Piece,imagenet_r,n02279972,96,0.25398978650569914,15.11955738067627,0.40025287851691244
One-D-Piece,imagenet_r,n02279972,128,0.22833759531378742,15.433083209991455,0.41749310616170987
One-D-Piece,imagenet_r,n02279972,160,0.21367788180708883,15.634245529174805,0.42989440383389593
One-D-Piece,imagenet_r,n02279972,208,0.20182302966713903,15.848104228973389,0.4388181594200432
One-D-Piece,imagenet_r,n02279972,256,0.19894990921020506,15.924064617156983,0.4411252370290458
One-D-Piece,imagenet_r,n02317335,8,0.6256811785697937,13.82015308380127,0.37656853497028353
One-D-Piece,imagenet_r,n02317335,16,0.5197408682107926,14.272403154373169,0.37759129792451857
One-D-Piece,imagenet_r,n02317335,32,0.4081884092092514,15.31688081741333,0.3907181903719902
One-D-Piece,imagenet_r,n02317335,64,0.30492120236158365,16.311854553222656,0.4235876688361168
One-D-Piece,imagenet_r,n02317335,96,0.25243455007672305,16.933015403747557,0.45083907097578046
One-D-Piece,imagenet_r,n02317335,128,0.22417250782251355,17.43987802505493,0.4676518487930298
One-D-Piece,imagenet_r,n02317335,160,0.20924621164798732,17.71027648925781,0.4792872762680054
One-D-Piece,imagenet_r,n02317335,208,0.1977851383388042,17.912148303985596,0.48770085915923117
One-D-Piece,imagenet_r,n02317335,256,0.19376725450158117,17.975101642608642,0.4886713169515133
One-D-Piece,imagenet_r,n02325366,8,0.6240749251842499,13.930206718444824,0.3660683587193489
One-D-Piece,imagenet_r,n02325366,16,0.5054806333780288,14.634365367889405,0.37137515246868136
One-D-Piece,imagenet_r,n02325366,32,0.40686588406562807,15.316400318145751,0.38251509323716165
One-D-Piece,imagenet_r,n02325366,64,0.3107993903756141,16.332558822631835,0.4104550828039646
One-D-Piece,imagenet_r,n02325366,96,0.2629550519585609,16.89833707809448,0.43321463122963905
One-D-Piece,imagenet_r,n02325366,128,0.23316613212227819,17.417555236816405,0.4530631259083748
One-D-Piece,imagenet_r,n02325366,160,0.2162404954433441,17.674365005493165,0.46354554295539857
One-D-Piece,imagenet_r,n02325366,208,0.20462554723024365,17.980160522460938,0.4723900902271271
One-D-Piece,imagenet_r,n02325366,256,0.20066782131791114,18.108313331604005,0.47449481099843976
One-D-Piece,imagenet_r,n02346627,8,0.6264203542470932,13.584017171859742,0.3532696455717087
One-D-Piece,imagenet_r,n02346627,16,0.5105116397142411,14.11342420578003,0.3570751985907555
One-D-Piece,imagenet_r,n02346627,32,0.4085977455973625,14.517280235290528,0.366223646402359
One-D-Piece,imagenet_r,n02346627,64,0.30212069660425184,15.380084972381592,0.4026453736424446
One-D-Piece,imagenet_r,n02346627,96,0.2508478836715221,15.880824546813965,0.43153234362602233
One-D-Piece,imagenet_r,n02346627,128,0.2236914055049419,16.131891689300538,0.4482151120901108
One-D-Piece,imagenet_r,n02346627,160,0.20871084079146382,16.394084548950197,0.4596710678935051
One-D-Piece,imagenet_r,n02346627,208,0.19893616661429403,16.493350048065185,0.4675037777423859
One-D-Piece,imagenet_r,n02346627,256,0.1964129754900932,16.560980281829835,0.47045968323945997
One-D-Piece,imagenet_r,n02356798,8,0.5963367450237275,13.897730922698974,0.3958021901547909
One-D-Piece,imagenet_r,n02356798,16,0.5006260377168655,14.453874702453612,0.40091785669326785
One-D-Piece,imagenet_r,n02356798,32,0.39832900166511537,15.277257957458495,0.4136910566687584
One-D-Piece,imagenet_r,n02356798,64,0.2953754499554634,16.300928287506103,0.4499528726935387
One-D-Piece,imagenet_r,n02356798,96,0.24038071408867834,16.875528144836426,0.47539834916591645
One-D-Piece,imagenet_r,n02356798,128,0.2102531751990318,17.354495143890382,0.49704828798770906
One-D-Piece,imagenet_r,n02356798,160,0.19496837168931958,17.580876541137695,0.5061266499757767
One-D-Piece,imagenet_r,n02356798,208,0.18350190274417397,17.77864044189453,0.5148661431670188
One-D-Piece,imagenet_r,n02356798,256,0.17953215315937993,17.866697578430177,0.5186066552996635
One-D-Piece,imagenet_r,n02363005,8,0.6158584970235824,12.660565662384034,0.42479300558567046
One-D-Piece,imagenet_r,n02363005,16,0.50766197681427,13.318959188461303,0.4301976189017296
One-D-Piece,imagenet_r,n02363005,32,0.39831658095121386,14.22093656539917,0.4525756958127022
One-D-Piece,imagenet_r,n02363005,64,0.2800874355435371,15.327093734741212,0.5053526085615158
One-D-Piece,imagenet_r,n02363005,96,0.2227409908175468,15.920362243652344,0.5371582359075546
One-D-Piece,imagenet_r,n02363005,128,0.19500522077083585,16.385710849761963,0.5640751469135284
One-D-Piece,imagenet_r,n02363005,160,0.17944108381867405,16.605708351135252,0.5763433200120925
One-D-Piece,imagenet_r,n02363005,208,0.16820296242833133,16.891520671844482,0.5881357169151307
One-D-Piece,imagenet_r,n02363005,256,0.16539596736431117,16.995198860168458,0.5918619388341904
One-D-Piece,imagenet_r,n02364673,8,0.6001053601503372,13.498889083862304,0.42678998738527296
One-D-Piece,imagenet_r,n02364673,16,0.4975592809915543,14.142833499908447,0.4265798591077328
One-D-Piece,imagenet_r,n02364673,32,0.3980532455444336,14.998889007568359,0.44099062532186506
One-D-Piece,imagenet_r,n02364673,64,0.30104020267724985,16.046739082336426,0.4807028409838676
One-D-Piece,imagenet_r,n02364673,96,0.2450953537225723,16.663995532989503,0.5130147048830986
One-D-Piece,imagenet_r,n02364673,128,0.21501772344112394,17.052589206695558,0.5339702221751214
One-D-Piece,imagenet_r,n02364673,160,0.1958396108448505,17.35379665374756,0.5443760424852371
One-D-Piece,imagenet_r,n02364673,208,0.18525030016899105,17.558173809051514,0.5526213449239731
One-D-Piece,imagenet_r,n02364673,256,0.18086713641881938,17.687520294189454,0.5551327300071717
One-D-Piece,imagenet_r,n02391049,8,0.6271478348970413,13.341214141845704,0.36235644556581975
One-D-Piece,imagenet_r,n02391049,16,0.5076422417163848,13.930620307922362,0.36790448129177095
One-D-Piece,imagenet_r,n02391049,32,0.39949622929096223,14.37484136581421,0.3828301687538624
One-D-Piece,imagenet_r,n02391049,64,0.2986719858646392,14.97471040725708,0.41832566499710083
One-D-Piece,imagenet_r,n02391049,96,0.25013156458735464,15.404908866882325,0.4421491229534149
One-D-Piece,imagenet_r,n02391049,128,0.22188233613967892,15.640453624725343,0.45984071552753447
One-D-Piece,imagenet_r,n02391049,160,0.20521243989467616,15.797045497894286,0.4704975593090057
One-D-Piece,imagenet_r,n02391049,208,0.19258359909057612,15.966244125366211,0.4809947535395622
One-D-Piece,imagenet_r,n02391049,256,0.19020007058978078,16.050847091674804,0.48545530050992963
One-D-Piece,imagenet_r,n02395406,8,0.602861676812172,14.00398946762085,0.4650661227107048
One-D-Piece,imagenet_r,n02395406,16,0.486948219537735,14.58584529876709,0.467281152755022
One-D-Piece,imagenet_r,n02395406,32,0.3840994554758072,15.193170375823975,0.47733760371804235
One-D-Piece,imagenet_r,n02395406,64,0.2832736694812774,16.05757511138916,0.5141019135713577
One-D-Piece,imagenet_r,n02395406,96,0.22389060854911802,16.90711772918701,0.5531048956513405
One-D-Piece,imagenet_r,n02395406,128,0.1928969234228134,17.416685028076174,0.5787499246001243
One-D-Piece,imagenet_r,n02395406,160,0.17852619543671605,17.708249816894533,0.5901984050869942
One-D-Piece,imagenet_r,n02395406,208,0.16626989133656023,18.067684421539308,0.6027788478136062
One-D-Piece,imagenet_r,n02395406,256,0.16188174650073048,18.180651569366454,0.6062298563122749
One-D-Piece,imagenet_r,n02398521,8,0.6155662298202514,13.604724102020263,0.4084696078300476
One-D-Piece,imagenet_r,n02398521,16,0.5088605231046677,14.504365615844726,0.417051599919796
One-D-Piece,imagenet_r,n02398521,32,0.4067944175004959,15.20872398376465,0.42666406244039534
One-D-Piece,imagenet_r,n02398521,64,0.30446734875440595,16.158309860229494,0.46211236119270327
One-D-Piece,imagenet_r,n02398521,96,0.25465544909238813,16.591392478942872,0.48699702113866805
One-D-Piece,imagenet_r,n02398521,128,0.22196618169546123,17.074961433410646,0.5073399740457535
One-D-Piece,imagenet_r,n02398521,160,0.2059740029275417,17.33408618927002,0.5195446690917015
One-D-Piece,imagenet_r,n02398521,208,0.1927384319901466,17.61093729019165,0.5287992081046105
One-D-Piece,imagenet_r,n02398521,256,0.18850669771432874,17.720057048797607,0.5319359159469604
One-D-Piece,imagenet_r,n02410509,8,0.6182108229398727,13.615787382125854,0.3608148092031479
One-D-Piece,imagenet_r,n02410509,16,0.5151803690195084,14.460567684173585,0.3665111617743969
One-D-Piece,imagenet_r,n02410509,32,0.42015463769435885,15.103168125152587,0.36739924043416977
One-D-Piece,imagenet_r,n02410509,64,0.3260060504078865,15.976453285217286,0.40007414504885674
One-D-Piece,imagenet_r,n02410509,96,0.27570682227611537,16.485280914306642,0.424917833507061
One-D-Piece,imagenet_r,n02410509,128,0.24473655670881267,16.85260206222534,0.4446941106021404
One-D-Piece,imagenet_r,n02410509,160,0.2265756250917911,17.134663257598877,0.45610066890716555
One-D-Piece,imagenet_r,n02410509,208,0.21403409063816067,17.303302307128906,0.4645571628212929
One-D-Piece,imagenet_r,n02410509,256,0.20994143351912495,17.41185277938843,0.46728324666619303
One-D-Piece,imagenet_r,n02423022,8,0.5758321863412857,14.3712029838562,0.45523300796747207
One-D-Piece,imagenet_r,n02423022,16,0.4797763279080391,14.85410503387451,0.46118786811828616
One-D-Piece,imagenet_r,n02423022,32,0.3800527811050415,15.674103240966797,0.4790522691607475
One-D-Piece,imagenet_r,n02423022,64,0.28152218014001845,16.553299102783203,0.5208908298611641
One-D-Piece,imagenet_r,n02423022,96,0.2287811920046806,17.09707534790039,0.5500244584679603
One-D-Piece,imagenet_r,n02423022,128,0.19875846236944195,17.60493669509888,0.5701591718196869
One-D-Piece,imagenet_r,n02423022,160,0.18374108463525768,17.859416065216063,0.5805622828006745
One-D-Piece,imagenet_r,n02423022,208,0.17337785989046092,18.026729011535643,0.5884567338228226
One-D-Piece,imagenet_r,n02423022,256,0.16974091857671733,18.13136257171631,0.5909384679794312
One-D-Piece,imagenet_r,n02437616,8,0.5788619560003281,13.695085163116454,0.45381040692329405
One-D-Piece,imagenet_r,n02437616,16,0.4718147099018097,14.530172576904297,0.467682529091835
One-D-Piece,imagenet_r,n02437616,32,0.3752889430522919,15.539295444488525,0.4872086289525032
One-D-Piece,imagenet_r,n02437616,64,0.27600439906120294,16.373810901641846,0.5311301922798157
One-D-Piece,imagenet_r,n02437616,96,0.22862921163439748,17.004085102081298,0.5622690767049789
One-D-Piece,imagenet_r,n02437616,128,0.20282745376229283,17.26403388977051,0.5776144677400589
One-D-Piece,imagenet_r,n02437616,160,0.18679174989461894,17.65272808074951,0.5913257318735122
One-D-Piece,imagenet_r,n02437616,208,0.1738583861291408,17.888555908203124,0.6009174376726151
One-D-Piece,imagenet_r,n02437616,256,0.17017778813838955,18.050615253448488,0.6040399146080017
One-D-Piece,imagenet_r,n02445715,8,0.6246151798963546,12.234599084854127,0.39877764582633973
One-D-Piece,imagenet_r,n02445715,16,0.5148063349723816,12.668846244812011,0.4055948385596275
One-D-Piece,imagenet_r,n02445715,32,0.4005266562104225,13.519933986663819,0.4279778879880905
One-D-Piece,imagenet_r,n02445715,64,0.28967200607061383,14.797632751464844,0.48184335976839066
One-D-Piece,imagenet_r,n02445715,96,0.23202619984745976,15.790863590240479,0.528747842013836
One-D-Piece,imagenet_r,n02445715,128,0.19967562273144718,16.390694751739503,0.556972717344761
One-D-Piece,imagenet_r,n02445715,160,0.18406043544411654,16.768757514953613,0.5733256974816322
One-D-Piece,imagenet_r,n02445715,208,0.17176485359668728,17.107321434020996,0.5885152181982994
One-D-Piece,imagenet_r,n02445715,256,0.16829417690634724,17.257512092590332,0.5936777463555336
One-D-Piece,imagenet_r,n02447366,8,0.6066922003030777,12.514362421035766,0.38067193150520323
One-D-Piece,imagenet_r,n02447366,16,0.4987882876396179,13.172719497680664,0.3932067932188511
One-D-Piece,imagenet_r,n02447366,32,0.3984615337848663,13.979248399734496,0.40910406813025474
One-D-Piece,imagenet_r,n02447366,64,0.30113718688488,15.052392311096192,0.4563351544737816
One-D-Piece,imagenet_r,n02447366,96,0.24540446221828457,15.7592036819458,0.4916831389069557
One-D-Piece,imagenet_r,n02447366,128,0.21258657634258266,16.216614170074465,0.5160690957307815
One-D-Piece,imagenet_r,n02447366,160,0.1946442328393459,16.549517383575438,0.5304845842719078
One-D-Piece,imagenet_r,n02447366,208,0.18343087300658223,16.74584577560425,0.5398140069842339
One-D-Piece,imagenet_r,n02447366,256,0.17946168586611744,16.821305389404298,0.5423626017570495
One-D-Piece,imagenet_r,n02480495,8,0.6156695753335952,14.301947917938232,0.36821681790053845
One-D-Piece,imagenet_r,n02480495,16,0.5021771135926246,15.108321800231934,0.3736192734539509
One-D-Piece,imagenet_r,n02480495,32,0.3916629835963249,16.03013235092163,0.37980488359928133
One-D-Piece,imagenet_r,n02480495,64,0.29743037849664683,17.011419620513916,0.4087375059723854
One-D-Piece,imagenet_r,n02480495,96,0.2456359805166721,17.552232761383056,0.4320075637102127
One-D-Piece,imagenet_r,n02480495,128,0.22005876302719113,17.920873489379883,0.44770078152418136
One-D-Piece,imagenet_r,n02480495,160,0.20363196983933446,18.133461990356444,0.4572849106788635
One-D-Piece,imagenet_r,n02480495,208,0.1934599037468433,18.408800430297852,0.4660403925180435
One-D-Piece,imagenet_r,n02480495,256,0.1893940863013267,18.513253173828126,0.46916831135749815
One-D-Piece,imagenet_r,n02480855,8,0.6603850203752518,12.893235569000245,0.32262526780366896
One-D-Piece,imagenet_r,n02480855,16,0.5489108043909073,13.450396919250489,0.32239388942718505
One-D-Piece,imagenet_r,n02480855,32,0.4303200876712799,14.347970390319825,0.3331359942257404
One-D-Piece,imagenet_r,n02480855,64,0.3381865313649178,15.30676965713501,0.370337198227644
One-D-Piece,imagenet_r,n02480855,96,0.282861758172512,15.886104583740234,0.4027064917981625
One-D-Piece,imagenet_r,n02480855,128,0.2531166142225265,16.24897756576538,0.42477009907364843
One-D-Piece,imagenet_r,n02480855,160,0.23418929859995838,16.52903835296631,0.43884814709424974
One-D-Piece,imagenet_r,n02480855,208,0.2213050669431686,16.75197458267212,0.44815313652157784
One-D-Piece,imagenet_r,n02480855,256,0.21648233667016026,16.874551792144775,0.45145686343312263
One-D-Piece,imagenet_r,n02481823,8,0.5770374774932862,13.286806697845458,0.3711442732810974
One-D-Piece,imagenet_r,n02481823,16,0.47546946823596953,13.723898963928223,0.37603950083255766
One-D-Piece,imagenet_r,n02481823,32,0.3736722820997238,14.646570663452149,0.3973986074328423
One-D-Piece,imagenet_r,n02481823,64,0.28559435606002803,15.784655952453614,0.4425495475530624
One-D-Piece,imagenet_r,n02481823,96,0.2353011432290077,16.553006916046144,0.47561395704746245
One-D-Piece,imagenet_r,n02481823,128,0.20672872364521022,17.055752754211426,0.4965314045548439
One-D-Piece,imagenet_r,n02481823,160,0.19157574415206904,17.350083599090578,0.5108522313833237
One-D-Piece,imagenet_r,n02481823,208,0.1830488701164722,17.538377590179444,0.5195635291934013
One-D-Piece,imagenet_r,n02481823,256,0.17935677319765087,17.634018688201905,0.5230217406153679
One-D-Piece,imagenet_r,n02483362,8,0.5832031494379044,14.092083625793457,0.4131888884305954
One-D-Piece,imagenet_r,n02483362,16,0.488725568652153,14.91485279083252,0.42481275990605355
One-D-Piece,imagenet_r,n02483362,32,0.3842349103093147,15.787957744598389,0.4426131410896778
One-D-Piece,imagenet_r,n02483362,64,0.2895935606956482,16.76394721984863,0.48150948360562323
One-D-Piece,imagenet_r,n02483362,96,0.24044026419520376,17.39841115951538,0.5096116849780082
One-D-Piece,imagenet_r,n02483362,128,0.21270225182175634,17.8958807182312,0.5273988682031632
One-D-Piece,imagenet_r,n02483362,160,0.19895645231008527,18.158375339508055,0.5375006979703904
One-D-Piece,imagenet_r,n02483362,208,0.18708372235298154,18.381506309509277,0.5464981889724732
One-D-Piece,imagenet_r,n02483362,256,0.18360752440989014,18.451057586669922,0.5490016087889671
One-D-Piece,imagenet_r,n02486410,8,0.6320378148555755,12.980231132507324,0.3633253479003906
One-D-Piece,imagenet_r,n02486410,16,0.5280059051513671,13.55928035736084,0.3675157098472118
One-D-Piece,imagenet_r,n02486410,32,0.42272996008396146,14.395448722839355,0.37676472768187524
One-D-Piece,imagenet_r,n02486410,64,0.31955615282058714,15.306371784210205,0.4108191268146038
One-D-Piece,imagenet_r,n02486410,96,0.26209125250577925,15.931077613830567,0.4441952820122242
One-D-Piece,imagenet_r,n02486410,128,0.230413966178894,16.395601406097413,0.4659060010313988
One-D-Piece,imagenet_r,n02486410,160,0.21316600933670993,16.650221633911134,0.4800985684990883
One-D-Piece,imagenet_r,n02486410,208,0.2004500992596149,16.931344966888428,0.4928810113668442
One-D-Piece,imagenet_r,n02486410,256,0.19629876196384427,17.08805513381958,0.49773985117673875
One-D-Piece,imagenet_r,n02510455,8,0.6485362535715103,11.886708240509034,0.3504227304458618
One-D-Piece,imagenet_r,n02510455,16,0.554594264626503,12.430243921279907,0.35683945178985593
One-D-Piece,imagenet_r,n02510455,32,0.42793153345584867,13.664120998382568,0.38161555424332616
One-D-Piece,imagenet_r,n02510455,64,0.3159064781665802,15.058065490722656,0.43652059674263
One-D-Piece,imagenet_r,n02510455,96,0.2561920343339443,16.00696340560913,0.4752738407254219
One-D-Piece,imagenet_r,n02510455,128,0.22501768872141834,16.600595893859865,0.5008504876494407
One-D-Piece,imagenet_r,n02510455,160,0.2079540319740772,16.909832916259766,0.5142999204993248
One-D-Piece,imagenet_r,n02510455,208,0.19418741077184673,17.25327470779419,0.5276004162430763
One-D-Piece,imagenet_r,n02510455,256,0.19044404298067089,17.39135190963745,0.5306307172775269
One-D-Piece,imagenet_r,n02526121,8,0.6087371963262558,13.269096050262451,0.41063969187438487
One-D-Piece,imagenet_r,n02526121,16,0.5069589942693711,13.856998844146728,0.4096148567646742
One-D-Piece,imagenet_r,n02526121,32,0.4012248224020004,14.508455924987793,0.4221688537299633
One-D-Piece,imagenet_r,n02526121,64,0.2935933661460876,15.464182262420655,0.46906776636838915
One-D-Piece,imagenet_r,n02526121,96,0.23505161583423612,16.046912918090822,0.5056582459807396
One-D-Piece,imagenet_r,n02526121,128,0.20557109937071796,16.427117042541504,0.5302471125125885
One-D-Piece,imagenet_r,n02526121,160,0.18855216950178144,16.599416255950928,0.5432026877999305
One-D-Piece,imagenet_r,n02526121,208,0.17710488364100452,16.85815563201904,0.554144195318222
One-D-Piece,imagenet_r,n02526121,256,0.17398617163300512,16.911664123535157,0.5573053884506226
One-D-Piece,imagenet_r,n02607072,8,0.6390271598100662,13.073363094329833,0.37565328627824784
One-D-Piece,imagenet_r,n02607072,16,0.5369671010971069,13.704372959136963,0.38001579701900484
One-D-Piece,imagenet_r,n02607072,32,0.42751015186309815,14.612204685211182,0.3925354865193367
One-D-Piece,imagenet_r,n02607072,64,0.31215040177106856,15.877285499572753,0.4304395213723183
One-D-Piece,imagenet_r,n02607072,96,0.2530542144179344,16.64981782913208,0.46448045283555983
One-D-Piece,imagenet_r,n02607072,128,0.22372588381171224,17.236741886138915,0.48663207769393924
One-D-Piece,imagenet_r,n02607072,160,0.2057101613283157,17.686807250976564,0.5043081933259964
One-D-Piece,imagenet_r,n02607072,208,0.19256884738802907,17.93362911224365,0.5122025322914123
One-D-Piece,imagenet_r,n02607072,256,0.18726002648472784,18.111056632995606,0.5159476667642593
One-D-Piece,imagenet_r,n02655020,8,0.5947125679254532,13.505539646148682,0.3926259510219097
One-D-Piece,imagenet_r,n02655020,16,0.5039797222614288,14.196070804595948,0.3992223361134529
One-D-Piece,imagenet_r,n02655020,32,0.3970749285817146,15.13940664291382,0.4153499275445938
One-D-Piece,imagenet_r,n02655020,64,0.3017605721950531,16.02865644454956,0.44799700319767
One-D-Piece,imagenet_r,n02655020,96,0.24975738048553464,16.611124286651613,0.4724837628006935
One-D-Piece,imagenet_r,n02655020,128,0.222587748914957,16.996367740631104,0.48875391006469726
One-D-Piece,imagenet_r,n02655020,160,0.208134214580059,17.21665205001831,0.49945753991603853
One-D-Piece,imagenet_r,n02655020,208,0.19671155646443364,17.49610591888428,0.5088926091790199
One-D-Piece,imagenet_r,n02655020,256,0.19338685482740398,17.62093204498291,0.5116033959388733
One-D-Piece,imagenet_r,n02672831,8,0.5995111185312271,13.291832599639893,0.3495544980466366
One-D-Piece,imagenet_r,n02672831,16,0.4985391563177109,13.784536037445069,0.3576875522732735
One-D-Piece,imagenet_r,n02672831,32,0.4048194226622581,14.153658905029296,0.3727801534533501
One-D-Piece,imagenet_r,n02672831,64,0.3093446469306945,14.703032512664794,0.4128840394318104
One-D-Piece,imagenet_r,n02672831,96,0.25746110081672663,15.158160991668701,0.4424233750998974
One-D-Piece,imagenet_r,n02672831,128,0.22934626221656795,15.429448642730712,0.4609132519364357
One-D-Piece,imagenet_r,n02672831,160,0.213552383929491,15.57812578201294,0.4719990885257721
One-D-Piece,imagenet_r,n02672831,208,0.20233131915330882,15.723217945098877,0.4807506853342056
One-D-Piece,imagenet_r,n02672831,256,0.19980134353041645,15.779158744812012,0.48318098098039625
One-D-Piece,imagenet_r,n02701002,8,0.5841697162389755,13.097600116729737,0.4072542367875576
One-D-Piece,imagenet_r,n02701002,16,0.4902567121386528,13.44878511428833,0.4144601230323315
One-D-Piece,imagenet_r,n02701002,32,0.3845735436677933,13.990979328155518,0.4400696510076523
One-D-Piece,imagenet_r,n02701002,64,0.28876407787203784,14.765013122558594,0.49232771605253217
One-D-Piece,imagenet_r,n02701002,96,0.23389421731233592,15.343854331970215,0.5327009161561728
One-D-Piece,imagenet_r,n02701002,128,0.20488588809967037,15.744098682403564,0.5551847818493844
One-D-Piece,imagenet_r,n02701002,160,0.19143675014376638,16.0159330368042,0.5690730352699757
One-D-Piece,imagenet_r,n02701002,208,0.1796977964788675,16.22756093978882,0.5798403330147266
One-D-Piece,imagenet_r,n02701002,256,0.17607547469437118,16.301575107574465,0.5820407186448574
One-D-Piece,imagenet_r,n02749479,8,0.5749357110261917,13.703929347991943,0.4602515110373497
One-D-Piece,imagenet_r,n02749479,16,0.4582200932502747,14.604595966339112,0.4711266614496708
One-D-Piece,imagenet_r,n02749479,32,0.3545323982834816,15.377322082519532,0.4935065568983555
One-D-Piece,imagenet_r,n02749479,64,0.25809969216585155,16.53759632110596,0.5326349319517613
One-D-Piece,imagenet_r,n02749479,96,0.21064595729112623,17.414755668640137,0.565763493925333
One-D-Piece,imagenet_r,n02749479,128,0.18699712753295894,17.927052097320555,0.5834913554787636
One-D-Piece,imagenet_r,n02749479,160,0.17345745891332623,18.25789577484131,0.5943999883532524
One-D-Piece,imagenet_r,n02749479,208,0.1635395964980125,18.496503353118896,0.6034361723065377
One-D-Piece,imagenet_r,n02749479,256,0.16200533583760257,18.567989864349364,0.6060479229688644
One-D-Piece,imagenet_r,n02769748,8,0.5895950204133987,13.105981998443603,0.4030951562523842
One-D-Piece,imagenet_r,n02769748,16,0.48460337400436404,13.545742893218994,0.4044433680176735
One-D-Piece,imagenet_r,n02769748,32,0.39520564138889314,14.201179161071778,0.41721805557608604
One-D-Piece,imagenet_r,n02769748,64,0.2901709197461605,15.062143115997314,0.46446897596120834
One-D-Piece,imagenet_r,n02769748,96,0.23443436622619626,15.667466506958007,0.5087550163269043
One-D-Piece,imagenet_r,n02769748,128,0.2040889476239681,16.04193130493164,0.5365989050269127
One-D-Piece,imagenet_r,n02769748,160,0.1887821567058563,16.201919956207277,0.5482632958889008
One-D-Piece,imagenet_r,n02769748,208,0.1789789459109306,16.435300331115723,0.5591645634174347
One-D-Piece,imagenet_r,n02769748,256,0.17448421254754062,16.534413433074953,0.5615916022658348
One-D-Piece,imagenet_r,n02793495,8,0.6537883317470551,14.10831060409546,0.35259466379880905
One-D-Piece,imagenet_r,n02793495,16,0.5443863362073899,14.947487564086915,0.3503631526231766
One-D-Piece,imagenet_r,n02793495,32,0.4392690110206604,15.507872104644775,0.34911816760897635
One-D-Piece,imagenet_r,n02793495,64,0.3356745326519012,16.553507690429687,0.3812602859735489
One-D-Piece,imagenet_r,n02793495,96,0.2813368162512779,17.105159282684326,0.4068966302275658
One-D-Piece,imagenet_r,n02793495,128,0.2511185167729854,17.544907264709472,0.4283973252773285
One-D-Piece,imagenet_r,n02793495,160,0.23598508864641185,17.896644248962403,0.43934903606772424
One-D-Piece,imagenet_r,n02793495,208,0.22348106279969213,18.114161357879638,0.4472964619100094
One-D-Piece,imagenet_r,n02793495,256,0.21976612940430637,18.220530052185058,0.4504197512567043
One-D-Piece,imagenet_r,n02797295,8,0.6522770833969116,13.40963062286377,0.3602085594832897
One-D-Piece,imagenet_r,n02797295,16,0.5490597003698349,14.141622142791748,0.36450974747538567
One-D-Piece,imagenet_r,n02797295,32,0.440270676612854,14.910673580169679,0.371742280125618
One-D-Piece,imagenet_r,n02797295,64,0.34134249642491343,15.690941944122315,0.3991739267110825
One-D-Piece,imagenet_r,n02797295,96,0.2856579031050205,16.325927696228028,0.4258882212638855
One-D-Piece,imagenet_r,n02797295,128,0.25012705385684963,16.728754081726073,0.44803276598453523
One-D-Piece,imagenet_r,n02797295,160,0.2341526637971401,16.986520843505858,0.4597998172044754
One-D-Piece,imagenet_r,n02797295,208,0.22006767302751537,17.185033054351806,0.4700325781106949
One-D-Piece,imagenet_r,n02797295,256,0.21529016792774197,17.274573154449463,0.4721655198931694
One-D-Piece,imagenet_r,n02802426,8,0.6215182262659072,12.567200555801392,0.4063482837378979
One-D-Piece,imagenet_r,n02802426,16,0.5167362582683563,12.951828985214233,0.41079330414533616
One-D-Piece,imagenet_r,n02802426,32,0.4032574331760406,13.876757259368896,0.43344056338071824
One-D-Piece,imagenet_r,n02802426,64,0.29534697651863095,14.947764110565185,0.48000022560358047
One-D-Piece,imagenet_r,n02802426,96,0.24069853395223614,15.598206939697265,0.5154590281844139
One-D-Piece,imagenet_r,n02802426,128,0.20900818124413487,16.111703872680664,0.5399397626519203
One-D-Piece,imagenet_r,n02802426,160,0.19302548728883262,16.417508697509767,0.5541559883952141
One-D-Piece,imagenet_r,n02802426,208,0.18266775123775003,16.63692975997925,0.5627755719423294
One-D-Piece,imagenet_r,n02802426,256,0.17884111791849133,16.778062210083007,0.567362517118454
One-D-Piece,imagenet_r,n02808440,8,0.5990164262056351,14.320312232971192,0.41544110104441645
One-D-Piece,imagenet_r,n02808440,16,0.4949797809123993,15.028065910339356,0.42065538570284844
One-D-Piece,imagenet_r,n02808440,32,0.3924748864769936,15.596275444030761,0.43232313096523284
One-D-Piece,imagenet_r,n02808440,64,0.29386336296796794,16.313354148864747,0.46497742846608164
One-D-Piece,imagenet_r,n02808440,96,0.24224302947521206,16.893813571929932,0.4934555095434189
One-D-Piece,imagenet_r,n02808440,128,0.214848298728466,17.214501934051512,0.5109360414743424
One-D-Piece,imagenet_r,n02808440,160,0.1984726038575172,17.486149463653565,0.5249002429842949
One-D-Piece,imagenet_r,n02808440,208,0.18766774654388424,17.713525352478026,0.5347777491807938
One-D-Piece,imagenet_r,n02808440,256,0.1843999698758125,17.781296424865722,0.5380976375937462
One-D-Piece,imagenet_r,n02814860,8,0.6212176248431206,14.073656368255616,0.42757087126374244
One-D-Piece,imagenet_r,n02814860,16,0.5062871915102005,15.066401491165161,0.4330828103423119
One-D-Piece,imagenet_r,n02814860,32,0.4088636261224747,15.768325386047364,0.44099442720413207
One-D-Piece,imagenet_r,n02814860,64,0.30983287289738654,16.79312671661377,0.47062740311026574
One-D-Piece,imagenet_r,n02814860,96,0.2600343699753284,17.32192050933838,0.49644418895244596
One-D-Piece,imagenet_r,n02814860,128,0.22838518053293225,17.68533308029175,0.5154196372628213
One-D-Piece,imagenet_r,n02814860,160,0.21140322059392924,17.986999683380127,0.5262657871842384
One-D-Piece,imagenet_r,n02814860,208,0.20092355772852893,18.22981252670288,0.5339855945110321
One-D-Piece,imagenet_r,n02814860,256,0.1979437085986137,18.286394805908202,0.5357396534085274
One-D-Piece,imagenet_r,n02823750,8,0.5965683871507644,12.921475524902343,0.3934480261802673
One-D-Piece,imagenet_r,n02823750,16,0.4977227973937988,13.43255615234375,0.399381296262145
One-D-Piece,imagenet_r,n02823750,32,0.38839002400636674,14.20896593093872,0.4213124208897352
One-D-Piece,imagenet_r,n02823750,64,0.2869300620257854,15.40096612930298,0.47750992327928543
One-D-Piece,imagenet_r,n02823750,96,0.23343020588159558,16.05428436279297,0.5147518207132816
One-D-Piece,imagenet_r,n02823750,128,0.20438623189926144,16.523372287750245,0.5397834254801274
One-D-Piece,imagenet_r,n02823750,160,0.1894893918931484,16.845492439270018,0.554042114764452
One-D-Piece,imagenet_r,n02823750,208,0.1787945847958326,17.107340335845947,0.5639252352714539
One-D-Piece,imagenet_r,n02823750,256,0.17511999651789661,17.19329044342041,0.5663460306823254
One-D-Piece,imagenet_r,n02841315,8,0.6196984457969665,12.594225101470947,0.3638467587530613
One-D-Piece,imagenet_r,n02841315,16,0.5098141276836395,13.280902042388917,0.37001456022262574
One-D-Piece,imagenet_r,n02841315,32,0.41012344807386397,14.01319923400879,0.3848138616979122
One-D-Piece,imagenet_r,n02841315,64,0.3112677378952503,14.864764385223388,0.4235197621583939
One-D-Piece,imagenet_r,n02841315,96,0.2563888910412788,15.492307796478272,0.4598324978351593
One-D-Piece,imagenet_r,n02841315,128,0.22555998384952541,15.849802570343018,0.4833953869342804
One-D-Piece,imagenet_r,n02841315,160,0.2064923389256,16.168105010986327,0.4959221714735031
One-D-Piece,imagenet_r,n02841315,208,0.193698336482048,16.345197639465333,0.5055169162154197
One-D-Piece,imagenet_r,n02841315,256,0.19105156391859052,16.437242259979246,0.5112489479780197
One-D-Piece,imagenet_r,n02843684,8,0.6343722367286682,14.052229404449463,0.3955338537693024
One-D-Piece,imagenet_r,n02843684,16,0.5333552229404449,14.53955623626709,0.39137646809220317
One-D-Piece,imagenet_r,n02843684,32,0.41972950160503386,15.277243785858154,0.3998334792256355
One-D-Piece,imagenet_r,n02843684,64,0.30855766952037805,16.105955028533934,0.44049653291702273
One-D-Piece,imagenet_r,n02843684,96,0.2533360792696476,16.658955650329588,0.4738663491606712
One-D-Piece,imagenet_r,n02843684,128,0.22206669643521304,16.996195983886718,0.4910542094707489
One-D-Piece,imagenet_r,n02843684,160,0.2041047333180904,17.234744663238526,0.5014573857188225
One-D-Piece,imagenet_r,n02843684,208,0.19173005178570743,17.462925548553468,0.5126669162511825
One-D-Piece,imagenet_r,n02843684,256,0.1889553619921207,17.55522102355957,0.5147306194901466
One-D-Piece,imagenet_r,n02883205,8,0.6020079869031906,12.929498500823975,0.42735679462552073
One-D-Piece,imagenet_r,n02883205,16,0.4926940709352493,13.568867282867432,0.4343464605510235
One-D-Piece,imagenet_r,n02883205,32,0.38274832934141156,14.596581287384033,0.4556946262717247
One-D-Piece,imagenet_r,n02883205,64,0.27635358273982996,15.559831809997558,0.5071435445547103
One-D-Piece,imagenet_r,n02883205,96,0.22258660122752186,16.243457164764404,0.5424456939101219
One-D-Piece,imagenet_r,n02883205,128,0.19634010747075079,16.69444269180298,0.5677170228958129
One-D-Piece,imagenet_r,n02883205,160,0.18133177533745762,17.003997650146484,0.5799311009049416
One-D-Piece,imagenet_r,n02883205,208,0.17041241139173505,17.352546520233155,0.5906078234314919
One-D-Piece,imagenet_r,n02883205,256,0.16749080970883365,17.490844802856444,0.5951193806529045
One-D-Piece,imagenet_r,n02906734,8,0.6188309103250503,12.364601993560791,0.40531647399067877
One-D-Piece,imagenet_r,n02906734,16,0.5136208719015122,13.126193981170655,0.4144150869548321
One-D-Piece,imagenet_r,n02906734,32,0.4156393498182297,13.923904933929443,0.4307178269326687
One-D-Piece,imagenet_r,n02906734,64,0.30794587045907973,15.134127521514893,0.4791683176159859
One-D-Piece,imagenet_r,n02906734,96,0.24909852445125577,15.802520523071289,0.5156489413976669
One-D-Piece,imagenet_r,n02906734,128,0.21584686398506162,16.26644245147705,0.5414497828483582
One-D-Piece,imagenet_r,n02906734,160,0.1963896685838699,16.65664216995239,0.5560317707061767
One-D-Piece,imagenet_r,n02906734,208,0.18358395159244534,16.92495735168457,0.56620510160923
One-D-Piece,imagenet_r,n02906734,256,0.18048881113529203,17.0090265083313,0.569121618270874
One-D-Piece,imagenet_r,n02909870,8,0.6121173322200775,13.338605251312256,0.4426313644647598
One-D-Piece,imagenet_r,n02909870,16,0.49554919719696044,14.029061164855957,0.4449056977033615
One-D-Piece,imagenet_r,n02909870,32,0.3937360656261444,14.642619819641114,0.46105780243873595
One-D-Piece,imagenet_r,n02909870,64,0.28594018995761866,15.475120258331298,0.5071475103497505
One-D-Piece,imagenet_r,n02909870,96,0.23137908726930614,16.049175491333006,0.5393906325101853
One-D-Piece,imagenet_r,n02909870,128,0.20397616222500797,16.43138454437256,0.5591917389631271
One-D-Piece,imagenet_r,n02909870,160,0.18860323354601857,16.691185035705566,0.5715555268526077
One-D-Piece,imagenet_r,n02909870,208,0.17696064457297322,16.890565071105957,0.5812487941980362
One-D-Piece,imagenet_r,n02909870,256,0.17303446173667905,16.99461145401001,0.5822854954004287
One-D-Piece,imagenet_r,n02939185,8,0.6296475070528686,13.43958501815796,0.33945574656128885
One-D-Piece,imagenet_r,n02939185,16,0.5216862350143492,14.158670883178711,0.34891079597175123
One-D-Piece,imagenet_r,n02939185,32,0.41764062844216826,15.157202606201173,0.3633759684860706
One-D-Piece,imagenet_r,n02939185,64,0.32100546507164834,16.057772674560546,0.3977318814396858
One-D-Piece,imagenet_r,n02939185,96,0.26603063035756347,16.74906982421875,0.43227369800209997
One-D-Piece,imagenet_r,n02939185,128,0.2386348779685795,17.174349975585937,0.451884052157402
One-D-Piece,imagenet_r,n02939185,160,0.22430650862865145,17.415637683868407,0.46449772581458093
One-D-Piece,imagenet_r,n02939185,208,0.2103480515722185,17.770670032501222,0.47575404644012453
One-D-Piece,imagenet_r,n02939185,256,0.20614281035028395,17.88943965911865,0.47717616721987727
One-D-Piece,imagenet_r,n02948072,8,0.6017792803049088,13.313144454956054,0.4413686014711857
One-D-Piece,imagenet_r,n02948072,16,0.48770944714546205,14.325623474121095,0.44896426133811473
One-D-Piece,imagenet_r,n02948072,32,0.3861516481637955,15.040118999481201,0.4633504755795002
One-D-Piece,imagenet_r,n02948072,64,0.28167536258697506,15.908822536468506,0.5031861647963524
One-D-Piece,imagenet_r,n02948072,96,0.2286642967164516,16.480070133209228,0.5352749973535538
One-D-Piece,imagenet_r,n02948072,128,0.20007788136601445,16.79448480606079,0.5567266115546227
One-D-Piece,imagenet_r,n02948072,160,0.18461228698492047,17.047006282806397,0.5664090842008591
One-D-Piece,imagenet_r,n02948072,208,0.17359698221087452,17.322594356536865,0.5753786444664002
One-D-Piece,imagenet_r,n02948072,256,0.16989318221807476,17.439906501770018,0.5786072474718094
One-D-Piece,imagenet_r,n02950826,8,0.5761256128549576,13.656648788452149,0.41483626306056975
One-D-Piece,imagenet_r,n02950826,16,0.47712938010692596,14.462463855743408,0.42976342648267746
One-D-Piece,imagenet_r,n02950826,32,0.3813017538189888,15.017056198120118,0.44701642364263533
One-D-Piece,imagenet_r,n02950826,64,0.28353025600314136,15.678563270568848,0.4845595720410347
One-D-Piece,imagenet_r,n02950826,96,0.22874946281313893,16.1671395111084,0.515645279288292
One-D-Piece,imagenet_r,n02950826,128,0.20423316687345502,16.421838779449462,0.5355808407068252
One-D-Piece,imagenet_r,n02950826,160,0.19007411345839498,16.644228496551513,0.544867047071457
One-D-Piece,imagenet_r,n02950826,208,0.18130477413535115,16.87884334564209,0.5545814570784569
One-D-Piece,imagenet_r,n02950826,256,0.17766125530004498,16.936105804443358,0.5567169573903084
One-D-Piece,imagenet_r,n02951358,8,0.6337964677810669,13.871114292144775,0.36115926802158355
One-D-Piece,imagenet_r,n02951358,16,0.526641543507576,14.721795043945313,0.3642256739735603
One-D-Piece,imagenet_r,n02951358,32,0.4269073167443275,15.778097133636475,0.3745101346075535
One-D-Piece,imagenet_r,n02951358,64,0.320972907692194,16.80744716644287,0.39649808645248413
One-D-Piece,imagenet_r,n02951358,96,0.2706534597277641,17.308533840179443,0.415296850502491
One-D-Piece,imagenet_r,n02951358,128,0.24046489521861072,17.77511974334717,0.4308877375721931
One-D-Piece,imagenet_r,n02951358,160,0.22455860659480092,17.978468704223634,0.4394902965426445
One-D-Piece,imagenet_r,n02951358,208,0.21275044038891788,18.302241077423094,0.4470111821591854
One-D-Piece,imagenet_r,n02951358,256,0.20824859559535977,18.386100997924803,0.4499073864519596
One-D-Piece,imagenet_r,n02966193,8,0.5957312244176864,13.886645107269286,0.3731208753585815
One-D-Piece,imagenet_r,n02966193,16,0.5064881002902984,14.365864295959472,0.3703873923420906
One-D-Piece,imagenet_r,n02966193,32,0.4228781580924988,14.797489852905274,0.3812916450202465
One-D-Piece,imagenet_r,n02966193,64,0.33022098630666735,15.33563217163086,0.41588724926114085
One-D-Piece,imagenet_r,n02966193,96,0.2783485037088394,15.726672439575195,0.442990410476923
One-D-Piece,imagenet_r,n02966193,128,0.24704416364431378,16.041535911560057,0.46122137472033503
One-D-Piece,imagenet_r,n02966193,160,0.23180811971426007,16.250752277374268,0.47331154212355614
One-D-Piece,imagenet_r,n02966193,208,0.2206517598032951,16.41396484375,0.4812111645936966
One-D-Piece,imagenet_r,n02966193,256,0.21676787167787548,16.489451599121093,0.483681401014328
One-D-Piece,imagenet_r,n02980441,8,0.6317950415611268,14.603025817871094,0.3756511363387108
One-D-Piece,imagenet_r,n02980441,16,0.5286156415939331,15.218843841552735,0.3745821325480938
One-D-Piece,imagenet_r,n02980441,32,0.4424544417858124,15.816706562042237,0.3758394457399845
One-D-Piece,imagenet_r,n02980441,64,0.34149504005908965,16.506095848083497,0.4017361003160477
One-D-Piece,imagenet_r,n02980441,96,0.28838935047388076,16.910464973449706,0.42516572326421737
One-D-Piece,imagenet_r,n02980441,128,0.25357358068227764,17.313197803497314,0.4444523361325264
One-D-Piece,imagenet_r,n02980441,160,0.23619815289974208,17.50081308364868,0.45577759385108946
One-D-Piece,imagenet_r,n02980441,208,0.22498575359582898,17.712993755340577,0.463873028755188
One-D-Piece,imagenet_r,n02980441,256,0.2210696920752525,17.738201007843017,0.466352758705616
One-D-Piece,imagenet_r,n02992529,8,0.569196670949459,13.289853110313416,0.44892588421702384
One-D-Piece,imagenet_r,n02992529,16,0.45077665388584137,13.974217319488526,0.4646906943619251
One-D-Piece,imagenet_r,n02992529,32,0.34458796933293345,14.720906295776366,0.4889091549813747
One-D-Piece,imagenet_r,n02992529,64,0.25153482064604754,15.676517143249512,0.5397089050710201
One-D-Piece,imagenet_r,n02992529,96,0.20790962889790532,16.176073360443116,0.5749535810947418
One-D-Piece,imagenet_r,n02992529,128,0.18062603712081907,16.59676549911499,0.5983324006199837
One-D-Piece,imagenet_r,n02992529,160,0.1664656814187765,16.842618770599366,0.6073456987738609
One-D-Piece,imagenet_r,n02992529,208,0.15609318293631072,17.12522253036499,0.6185436403751373
One-D-Piece,imagenet_r,n02992529,256,0.15357057742774483,17.24930912017822,0.6221962335705757
One-D-Piece,imagenet_r,n03124170,8,0.6187826770544053,12.896310653686523,0.368418308198452
One-D-Piece,imagenet_r,n03124170,16,0.5209569764137268,13.342905540466308,0.36807803347706797
One-D-Piece,imagenet_r,n03124170,32,0.4161058411002159,13.91980073928833,0.38913522601127626
One-D-Piece,imagenet_r,n03124170,64,0.3105802980065345,15.015419158935547,0.44145948320627215
One-D-Piece,imagenet_r,n03124170,96,0.2555518123507499,15.673068389892578,0.4754773759841919
One-D-Piece,imagenet_r,n03124170,128,0.22768239215016361,16.07137828826904,0.49594748944044115
One-D-Piece,imagenet_r,n03124170,160,0.2104353107511997,16.371045742034912,0.5114528807997704
One-D-Piece,imagenet_r,n03124170,208,0.1973678337037563,16.647393112182616,0.5231999081373214
One-D-Piece,imagenet_r,n03124170,256,0.19371940456330772,16.759467735290528,0.5268954727053642
One-D-Piece,imagenet_r,n03272010,8,0.5927684545516968,13.766683864593507,0.41892208009958265
One-D-Piece,imagenet_r,n03272010,16,0.48720764815807344,14.42175889968872,0.42614640057086944
One-D-Piece,imagenet_r,n03272010,32,0.3885332703590393,15.27105764389038,0.4413369768857956
One-D-Piece,imagenet_r,n03272010,64,0.29736785992979997,16.046896286010742,0.48494367599487304
One-D-Piece,imagenet_r,n03272010,96,0.2449399450421333,16.56861545562744,0.5149298152327537
One-D-Piece,imagenet_r,n03272010,128,0.21692876458168026,16.91630262374878,0.5393607184290886
One-D-Piece,imagenet_r,n03272010,160,0.1997321507334709,17.148979816436768,0.5554225131869316
One-D-Piece,imagenet_r,n03272010,208,0.18910672947764393,17.301076278686523,0.5642279455065727
One-D-Piece,imagenet_r,n03272010,256,0.18578007638454433,17.362013092041014,0.5691028326749802
One-D-Piece,imagenet_r,n03345487,8,0.5991783535480499,13.000939235687255,0.38410469472408293
One-D-Piece,imagenet_r,n03345487,16,0.4944887116551399,13.304645500183106,0.3888088902831078
One-D-Piece,imagenet_r,n03345487,32,0.3915072676539421,13.804628257751466,0.4019267249107361
One-D-Piece,imagenet_r,n03345487,64,0.29069935753941534,14.606603202819825,0.4418868577480316
One-D-Piece,imagenet_r,n03345487,96,0.23645183861255642,15.167768077850342,0.47412323266267775
One-D-Piece,imagenet_r,n03345487,128,0.20791045725345608,15.510832061767578,0.49285546720027923
One-D-Piece,imagenet_r,n03345487,160,0.1928836520016193,15.714585304260254,0.5046755728125573
One-D-Piece,imagenet_r,n03345487,208,0.18383967369794843,15.903241081237793,0.5133457091450692
One-D-Piece,imagenet_r,n03345487,256,0.18023534372448918,15.998311290740967,0.5177813729643822
One-D-Piece,imagenet_r,n03372029,8,0.6049073594808578,13.561019039154052,0.3817785556614399
One-D-Piece,imagenet_r,n03372029,16,0.5099715161323547,14.331880493164062,0.3832507674396038
One-D-Piece,imagenet_r,n03372029,32,0.40910453498363497,14.970317115783692,0.39572743713855746
One-D-Piece,imagenet_r,n03372029,64,0.3121782791614532,15.862215461730957,0.4367663058638573
One-D-Piece,imagenet_r,n03372029,96,0.25883596360683436,16.349577178955077,0.4655927988886833
One-D-Piece,imagenet_r,n03372029,128,0.22885127723217008,16.749978427886962,0.48730622917413713
One-D-Piece,imagenet_r,n03372029,160,0.21263505697250362,17.021151275634764,0.5006780076026917
One-D-Piece,imagenet_r,n03372029,208,0.20141559228301045,17.303833503723144,0.5101809421181679
One-D-Piece,imagenet_r,n03372029,256,0.1975349989533424,17.42261199951172,0.5118858399987221
One-D-Piece,imagenet_r,n03424325,8,0.6610650897026062,13.161054058074951,0.32479212179780004
One-D-Piece,imagenet_r,n03424325,16,0.5550482994318009,13.770042362213134,0.32706493720412255
One-D-Piece,imagenet_r,n03424325,32,0.4330413419008255,14.632637424468994,0.33947344675660135
One-D-Piece,imagenet_r,n03424325,64,0.32879680544137957,15.727358665466308,0.37989044934511185
One-D-Piece,imagenet_r,n03424325,96,0.2727845782041549,16.285949363708497,0.4124922379851341
One-D-Piece,imagenet_r,n03424325,128,0.24031786829233165,16.76183259963989,0.435684532225132
One-D-Piece,imagenet_r,n03424325,160,0.2240791034698486,17.020719051361084,0.44741765916347503
One-D-Piece,imagenet_r,n03424325,208,0.2123599003255367,17.25519651412964,0.45928272902965545
One-D-Piece,imagenet_r,n03424325,256,0.20799790203571317,17.364487495422363,0.4629091608524323
One-D-Piece,imagenet_r,n03452741,8,0.6446107637882232,12.80564977645874,0.33951690800487994
One-D-Piece,imagenet_r,n03452741,16,0.5385454243421555,13.676800746917724,0.3476907152682543
One-D-Piece,imagenet_r,n03452741,32,0.41374525845050814,14.741718311309814,0.36836410462856295
One-D-Piece,imagenet_r,n03452741,64,0.30107437163591383,15.871200981140136,0.4092851012945175
One-D-Piece,imagenet_r,n03452741,96,0.2504127679765224,16.53219497680664,0.44410492837429044
One-D-Piece,imagenet_r,n03452741,128,0.22431492716073986,16.991943531036377,0.4653740009665489
One-D-Piece,imagenet_r,n03452741,160,0.20734048545360562,17.30526008605957,0.48068243101239205
One-D-Piece,imagenet_r,n03452741,208,0.19364818856120106,17.676627445220948,0.49490530118346215
One-D-Piece,imagenet_r,n03452741,256,0.18966639488935466,17.76910634994507,0.4983262524008751
One-D-Piece,imagenet_r,n03467068,8,0.600356256365776,13.5280100440979,0.39747027546167374
One-D-Piece,imagenet_r,n03467068,16,0.4801361578702927,14.222742404937744,0.4055454009771347
One-D-Piece,imagenet_r,n03467068,32,0.38449966579675676,14.850498657226563,0.42134664446115494
One-D-Piece,imagenet_r,n03467068,64,0.2884571260213852,15.640125312805175,0.46345996409654616
One-D-Piece,imagenet_r,n03467068,96,0.24042334526777265,16.136775703430175,0.4907523104548454
One-D-Piece,imagenet_r,n03467068,128,0.21574120387434956,16.513850460052492,0.5095709758996964
One-D-Piece,imagenet_r,n03467068,160,0.2001974472403526,16.79962490081787,0.5224396955966949
One-D-Piece,imagenet_r,n03467068,208,0.18892942801117893,17.009436511993407,0.5316832768917084
One-D-Piece,imagenet_r,n03467068,256,0.18603434309363362,17.078021984100342,0.5337555938959122
One-D-Piece,imagenet_r,n03481172,8,0.5794797307252884,13.538522987365722,0.45968024112284184
One-D-Piece,imagenet_r,n03481172,16,0.4732223868370056,14.24545467376709,0.46551487512886525
One-D-Piece,imagenet_r,n03481172,32,0.37151394337415694,15.128206520080566,0.4810926828533411
One-D-Piece,imagenet_r,n03481172,64,0.2752321358025074,16.06324146270752,0.5268160770833492
One-D-Piece,imagenet_r,n03481172,96,0.2194971431791782,16.73350902557373,0.56114018663764
One-D-Piece,imagenet_r,n03481172,128,0.1930175511538982,17.068387489318848,0.5794847071170807
One-D-Piece,imagenet_r,n03481172,160,0.1762021231651306,17.318769569396974,0.5917536947131157
One-D-Piece,imagenet_r,n03481172,208,0.16509027920663352,17.616743545532227,0.603188382089138
One-D-Piece,imagenet_r,n03481172,256,0.1620972109586,17.719977989196778,0.6059771376848221
One-D-Piece,imagenet_r,n03494278,8,0.652923663854599,13.46267177581787,0.3377413909882307
One-D-Piece,imagenet_r,n03494278,16,0.5433776700496673,14.016171493530273,0.3402944002300501
One-D-Piece,imagenet_r,n03494278,32,0.4309008976817131,14.56142213821411,0.3480253159254789
One-D-Piece,imagenet_r,n03494278,64,0.32436056703329086,15.418076267242432,0.3862423399835825
One-D-Piece,imagenet_r,n03494278,96,0.2723418633639812,15.85894458770752,0.41348242700099946
One-D-Piece,imagenet_r,n03494278,128,0.24145276039838787,16.169154586791993,0.43436379715800283
One-D-Piece,imagenet_r,n03494278,160,0.22457192227244374,16.35587434768677,0.4474539141356945
One-D-Piece,imagenet_r,n03494278,208,0.21213630184531207,16.575293502807618,0.4550384485721588
One-D-Piece,imagenet_r,n03494278,256,0.2079113334417343,16.685815544128417,0.4594528521597385
One-D-Piece,imagenet_r,n03495258,8,0.6363048577308654,14.017786560058594,0.3712597968429327
One-D-Piece,imagenet_r,n03495258,16,0.5351589065790177,14.669543571472168,0.37218830700963734
One-D-Piece,imagenet_r,n03495258,32,0.42662271082401276,15.451253929138183,0.3787146130949259
One-D-Piece,imagenet_r,n03495258,64,0.32418493628501893,16.15799488067627,0.40872443541884423
One-D-Piece,imagenet_r,n03495258,96,0.2683055073022842,16.749280910491944,0.4388974307477474
One-D-Piece,imagenet_r,n03495258,128,0.23799140304327007,17.138744373321533,0.4583123117685318
One-D-Piece,imagenet_r,n03495258,160,0.21823321208357807,17.345582370758056,0.4713173657655716
One-D-Piece,imagenet_r,n03495258,208,0.2071146127581596,17.556735115051268,0.4795812991261482
One-D-Piece,imagenet_r,n03495258,256,0.2032911311089992,17.721233310699464,0.48364987194538117
One-D-Piece,imagenet_r,n03498962,8,0.6007094156742095,13.560056228637695,0.4354809972643852
One-D-Piece,imagenet_r,n03498962,16,0.4938835084438324,14.098335762023925,0.441176435649395
One-D-Piece,imagenet_r,n03498962,32,0.38765855610370636,15.018401584625245,0.4613631768524647
One-D-Piece,imagenet_r,n03498962,64,0.2893181174993515,15.827589378356933,0.4983039507269859
One-D-Piece,imagenet_r,n03498962,96,0.23336955010890958,16.425111598968506,0.5276014670729637
One-D-Piece,imagenet_r,n03498962,128,0.2047704921662807,16.946238861083984,0.5459450709819794
One-D-Piece,imagenet_r,n03498962,160,0.19057559236884114,17.228760490417482,0.5586388620734215
One-D-Piece,imagenet_r,n03498962,208,0.17801966995000837,17.44032215118408,0.5723586472868919
One-D-Piece,imagenet_r,n03498962,256,0.1746224600076675,17.58637649536133,0.5757019487023354
One-D-Piece,imagenet_r,n03594945,8,0.6019362568855285,13.459953327178955,0.39593979448080063
One-D-Piece,imagenet_r,n03594945,16,0.499256945848465,14.204607639312744,0.3972792699933052
One-D-Piece,imagenet_r,n03594945,32,0.3976717257499695,15.167762222290039,0.41258437231183054
One-D-Piece,imagenet_r,n03594945,64,0.2997108247876167,15.978224792480468,0.4464500242471695
One-D-Piece,imagenet_r,n03594945,96,0.24587374955415722,16.68691738128662,0.47945842444896697
One-D-Piece,imagenet_r,n03594945,128,0.21751569300889964,17.067382431030275,0.4986595630645752
One-D-Piece,imagenet_r,n03594945,160,0.20427389219403264,17.36276399612427,0.5113694083690643
One-D-Piece,imagenet_r,n03594945,208,0.19267761588096616,17.5837255859375,0.5209184899926186
One-D-Piece,imagenet_r,n03594945,256,0.18878168076276775,17.70999252319336,0.5245796272158623
One-D-Piece,imagenet_r,n03602883,8,0.6325985193252563,13.417351360321044,0.38969234719872475
One-D-Piece,imagenet_r,n03602883,16,0.5270201528072357,13.941756420135498,0.3947143632173538
One-D-Piece,imagenet_r,n03602883,32,0.4118008318543434,14.767735691070557,0.41081162363290785
One-D-Piece,imagenet_r,n03602883,64,0.30113244518637655,16.04719579696655,0.464470354616642
One-D-Piece,imagenet_r,n03602883,96,0.23775557249784465,16.654896793365477,0.5022365778684617
One-D-Piece,imagenet_r,n03602883,128,0.2077837128192186,17.145584831237795,0.5244625473022461
One-D-Piece,imagenet_r,n03602883,160,0.19266455471515653,17.414884128570556,0.5388389691710472
One-D-Piece,imagenet_r,n03602883,208,0.1804131686687469,17.74366304397583,0.5516571471095085
One-D-Piece,imagenet_r,n03602883,256,0.1763377875834703,17.81073558807373,0.5538912746310234
One-D-Piece,imagenet_r,n03630383,8,0.5981267136335373,13.082863254547119,0.44571646854281427
One-D-Piece,imagenet_r,n03630383,16,0.49741304993629454,13.783730278015137,0.458050173074007
One-D-Piece,imagenet_r,n03630383,32,0.3939375126361847,14.528832702636718,0.47953628152608874
One-D-Piece,imagenet_r,n03630383,64,0.28228024870157237,15.574935359954834,0.5340900257229805
One-D-Piece,imagenet_r,n03630383,96,0.2229463282227516,16.200170593261717,0.5716748794913292
One-D-Piece,imagenet_r,n03630383,128,0.19268440887331958,16.637930603027343,0.5991799437999725
One-D-Piece,imagenet_r,n03630383,160,0.1752556078135967,16.909031486511232,0.6126376217603684
One-D-Piece,imagenet_r,n03630383,208,0.16427961930632587,17.159332485198973,0.625071468949318
One-D-Piece,imagenet_r,n03630383,256,0.16111760005354878,17.251188850402833,0.6278789883852005
One-D-Piece,imagenet_r,n03649909,8,0.5740350043773651,13.869186000823975,0.4303820270299912
One-D-Piece,imagenet_r,n03649909,16,0.4725551474094391,14.39971607208252,0.4399939335882664
One-D-Piece,imagenet_r,n03649909,32,0.36775553405284883,14.93167022705078,0.4543973669409752
One-D-Piece,imagenet_r,n03649909,64,0.266540812253952,15.714747123718261,0.49538780242204666
One-D-Piece,imagenet_r,n03649909,96,0.21821076482534404,16.11453514099121,0.5238190205395221
One-D-Piece,imagenet_r,n03649909,128,0.1946432955563068,16.451843032836916,0.543459954559803
One-D-Piece,imagenet_r,n03649909,160,0.18006201505661007,16.630920734405517,0.5552799898386002
One-D-Piece,imagenet_r,n03649909,208,0.1709390644729137,16.81970178604126,0.5642165100574493
One-D-Piece,imagenet_r,n03649909,256,0.16844682246446607,16.90048189163208,0.5660603111982345
One-D-Piece,imagenet_r,n03676483,8,0.6240385568141937,13.397916040420533,0.4486614778637886
One-D-Piece,imagenet_r,n03676483,16,0.5133754754066467,14.092026500701904,0.4472853749990463
One-D-Piece,imagenet_r,n03676483,32,0.40478181675076486,15.352970485687257,0.470314227938652
One-D-Piece,imagenet_r,n03676483,64,0.2896320256590843,16.479643535614013,0.5213165944814682
One-D-Piece,imagenet_r,n03676483,96,0.23098508462309833,17.130086269378662,0.5571754431724548
One-D-Piece,imagenet_r,n03676483,128,0.20335089989006516,17.52713586807251,0.578242409825325
One-D-Piece,imagenet_r,n03676483,160,0.18812618687748905,17.71244188308716,0.5896352976560593
One-D-Piece,imagenet_r,n03676483,208,0.17529469303786752,18.077968845367433,0.602561970949173
One-D-Piece,imagenet_r,n03676483,256,0.17216633148491378,18.14405460357666,0.605829821228981
One-D-Piece,imagenet_r,n03710193,8,0.6055952674150467,13.446922626495361,0.4355949750542641
One-D-Piece,imagenet_r,n03710193,16,0.4986518090963364,13.972645587921143,0.4367988722026348
One-D-Piece,imagenet_r,n03710193,32,0.3994908931851387,14.761646518707275,0.45132110416889193
One-D-Piece,imagenet_r,n03710193,64,0.29332377851009367,16.0751487159729,0.49613891303539276
One-D-Piece,imagenet_r,n03710193,96,0.2359829422831535,16.901878623962403,0.5325350457429886
One-D-Piece,imagenet_r,n03710193,128,0.2071661119163036,17.405178318023683,0.5549983602762222
One-D-Piece,imagenet_r,n03710193,160,0.1904521685838699,17.732630996704103,0.5680189183354378
One-D-Piece,imagenet_r,n03710193,208,0.17852025404572483,18.044218444824217,0.5767518964409828
One-D-Piece,imagenet_r,n03710193,256,0.17598890796303746,18.126022567749022,0.5788109767436981
One-D-Piece,imagenet_r,n03773504,8,0.6156228655576705,13.193627586364746,0.40022852674126624
One-D-Piece,imagenet_r,n03773504,16,0.49778046637773515,13.999911251068115,0.4110868164896965
One-D-Piece,imagenet_r,n03773504,32,0.39037693992257116,15.171474761962891,0.4313292194902897
One-D-Piece,imagenet_r,n03773504,64,0.293857468701899,16.309754009246827,0.4676371930539608
One-D-Piece,imagenet_r,n03773504,96,0.24066976062953468,16.90977487564087,0.49700948849320414
One-D-Piece,imagenet_r,n03773504,128,0.21314933633431787,17.28849760055542,0.5156801781058311
One-D-Piece,imagenet_r,n03773504,160,0.19728766940534112,17.57281255722046,0.5273670932650566
One-D-Piece,imagenet_r,n03773504,208,0.1870271874964237,17.786697940826414,0.535626400411129
One-D-Piece,imagenet_r,n03773504,256,0.18440903270617123,17.88777936935425,0.5374215739965439
One-D-Piece,imagenet_r,n03775071,8,0.5998968061804771,13.677283592224121,0.41976834982633593
One-D-Piece,imagenet_r,n03775071,16,0.5071980249881745,14.344421558380127,0.42248390853405
One-D-Piece,imagenet_r,n03775071,32,0.40106225103139875,14.962176151275635,0.43305897563695905
One-D-Piece,imagenet_r,n03775071,64,0.29870628282427786,15.851124992370606,0.47962170287966727
One-D-Piece,imagenet_r,n03775071,96,0.23645882405340668,16.53048038482666,0.5153495588898659
One-D-Piece,imagenet_r,n03775071,128,0.20602505862712855,16.970970039367675,0.5372595366835594
One-D-Piece,imagenet_r,n03775071,160,0.19108206957578655,17.157504634857176,0.5444079166650773
One-D-Piece,imagenet_r,n03775071,208,0.17937712036073206,17.388688106536865,0.5533944854140281
One-D-Piece,imagenet_r,n03775071,256,0.17659956641495225,17.448772163391112,0.5556184080243111
One-D-Piece,imagenet_r,n03888257,8,0.6001874345541001,13.66856267929077,0.42541108310222625
One-D-Piece,imagenet_r,n03888257,16,0.4986374312639236,14.300847644805907,0.42740090653300283
One-D-Piece,imagenet_r,n03888257,32,0.4021590760350227,14.941802082061768,0.4337538619339466
One-D-Piece,imagenet_r,n03888257,64,0.29911737173795694,15.882796993255615,0.4779353979229927
One-D-Piece,imagenet_r,n03888257,96,0.24253464430570598,16.367464809417726,0.5093968626856804
One-D-Piece,imagenet_r,n03888257,128,0.21061596512794492,16.781669311523437,0.5310204157233238
One-D-Piece,imagenet_r,n03888257,160,0.19473721057176585,17.09534580230713,0.545151163637638
One-D-Piece,imagenet_r,n03888257,208,0.1836787255108356,17.300186386108397,0.5543454059958458
One-D-Piece,imagenet_r,n03888257,256,0.17948981925845142,17.39517328262329,0.5573327514529228
One-D-Piece,imagenet_r,n03930630,8,0.5618087917566299,14.00350519180298,0.43049285009503363
One-D-Piece,imagenet_r,n03930630,16,0.4479598766565323,14.644912452697755,0.43251853965222836
One-D-Piece,imagenet_r,n03930630,32,0.3471443697810173,15.622656841278076,0.4573321644961834
One-D-Piece,imagenet_r,n03930630,64,0.25200313135981556,16.652709712982176,0.49835950538516044
One-D-Piece,imagenet_r,n03930630,96,0.20066138729453084,17.28694799423218,0.532088098526001
One-D-Piece,imagenet_r,n03930630,128,0.17906152859330174,17.688451175689696,0.5510860893130303
One-D-Piece,imagenet_r,n03930630,160,0.1673526388406753,17.887502975463867,0.5609268033504486
One-D-Piece,imagenet_r,n03930630,208,0.15936812713742252,18.067656135559083,0.5678957131505012
One-D-Piece,imagenet_r,n03930630,256,0.15754722535610197,18.141717319488524,0.5698727422952652
One-D-Piece,imagenet_r,n03947888,8,0.6316593950986862,13.625162563323975,0.3608281201124191
One-D-Piece,imagenet_r,n03947888,16,0.5389533293247223,14.182704658508301,0.36447023421525954
One-D-Piece,imagenet_r,n03947888,32,0.43768831372261047,14.91899887084961,0.3734119686484337
One-D-Piece,imagenet_r,n03947888,64,0.3361173576116562,15.714084377288819,0.4057224011421204
One-D-Piece,imagenet_r,n03947888,96,0.2805421350896358,16.356003952026366,0.43821045726537705
One-D-Piece,imagenet_r,n03947888,128,0.2476453478634357,16.759430084228516,0.45648203998804093
One-D-Piece,imagenet_r,n03947888,160,0.22991518735885616,17.00601978302002,0.46882897436618803
One-D-Piece,imagenet_r,n03947888,208,0.2179933093488216,17.252054042816162,0.47823224067687986
One-D-Piece,imagenet_r,n03947888,256,0.21304481685161586,17.358673400878907,0.4811993870139122
One-D-Piece,imagenet_r,n04086273,8,0.5924885618686676,13.630448970794678,0.4373686349391937
One-D-Piece,imagenet_r,n04086273,16,0.4957494157552719,14.209658222198486,0.4445862057805061
One-D-Piece,imagenet_r,n04086273,32,0.39500564098358154,14.952812271118164,0.46559093236923216
One-D-Piece,imagenet_r,n04086273,64,0.29248108625411984,15.948047409057617,0.5083811241388321
One-D-Piece,imagenet_r,n04086273,96,0.23842640817165373,16.586987628936768,0.5394040694832802
One-D-Piece,imagenet_r,n04086273,128,0.20780959561467166,16.982072868347167,0.5592414546012878
One-D-Piece,imagenet_r,n04086273,160,0.1920277118682861,17.17162691116333,0.5699268540740013
One-D-Piece,imagenet_r,n04086273,208,0.18231083735823628,17.374285373687744,0.5793931886553765
One-D-Piece,imagenet_r,n04086273,256,0.1784340830147266,17.488658390045167,0.5829386204481125
One-D-Piece,imagenet_r,n04118538,8,0.6366021066904068,11.067450275421143,0.3858237288892269
One-D-Piece,imagenet_r,n04118538,16,0.5216596722602844,11.564981327056884,0.38754997625946996
One-D-Piece,imagenet_r,n04118538,32,0.4106060783565044,12.219548110961915,0.40868125900626184
One-D-Piece,imagenet_r,n04118538,64,0.30091558605432506,13.289798526763915,0.47122913241386416
One-D-Piece,imagenet_r,n04118538,96,0.2434487001597881,13.887437534332275,0.5110265499353409
One-D-Piece,imagenet_r,n04118538,128,0.21001947835087773,14.425734996795654,0.5427751278877259
One-D-Piece,imagenet_r,n04118538,160,0.19185242690145965,14.711487884521484,0.5583210146427154
One-D-Piece,imagenet_r,n04118538,208,0.1789046040177345,14.933483638763427,0.5681738221645355
One-D-Piece,imagenet_r,n04118538,256,0.17632369108498092,15.028104820251464,0.5725804948806763
One-D-Piece,imagenet_r,n04133789,8,0.5790289038419724,13.780287246704102,0.4381580296158791
One-D-Piece,imagenet_r,n04133789,16,0.47821912586688997,14.837789745330811,0.4458752912282944
One-D-Piece,imagenet_r,n04133789,32,0.3826260295510292,15.762303390502929,0.4630227470397949
One-D-Piece,imagenet_r,n04133789,64,0.2829791274666786,16.51672861099243,0.5006835514307022
One-D-Piece,imagenet_r,n04133789,96,0.23248098179697987,16.966976222991942,0.5284486556053162
One-D-Piece,imagenet_r,n04133789,128,0.20462990328669545,17.40624132156372,0.5463272695243359
One-D-Piece,imagenet_r,n04133789,160,0.18975650802254673,17.694823303222655,0.559058658927679
One-D-Piece,imagenet_r,n04133789,208,0.17865128263831134,18.037638778686524,0.5707923007011414
One-D-Piece,imagenet_r,n04133789,256,0.174854342341423,18.157303352355957,0.5740546080470085
One-D-Piece,imagenet_r,n04141076,8,0.5970661717653275,13.265698299407958,0.39506943747401235
One-D-Piece,imagenet_r,n04141076,16,0.4928013837337494,14.001641159057618,0.4089206577837467
One-D-Piece,imagenet_r,n04141076,32,0.3995160859823227,14.962496452331543,0.4333570697903633
One-D-Piece,imagenet_r,n04141076,64,0.29734025359153743,15.749945621490479,0.47314516693353653
One-D-Piece,imagenet_r,n04141076,96,0.2462272378802299,16.164911403656006,0.5000021758675576
One-D-Piece,imagenet_r,n04141076,128,0.21781105250120159,16.53037425994873,0.5209957160055637
One-D-Piece,imagenet_r,n04141076,160,0.200895584821701,16.755846900939943,0.5375011980533599
One-D-Piece,imagenet_r,n04141076,208,0.1881781570613384,17.03557657241821,0.5496625855565072
One-D-Piece,imagenet_r,n04141076,256,0.18473960593342778,17.124126663208006,0.5519547897577286
One-D-Piece,imagenet_r,n04146614,8,0.6440244793891907,12.747041301727295,0.3568841114640236
One-D-Piece,imagenet_r,n04146614,16,0.5169321531057358,13.29904462814331,0.3604406809806824
One-D-Piece,imagenet_r,n04146614,32,0.4066159439086914,14.11987657546997,0.37330745220184325
One-D-Piece,imagenet_r,n04146614,64,0.30031761258840556,15.202583961486816,0.4198430141806602
One-D-Piece,imagenet_r,n04146614,96,0.2466586129367351,15.845760917663574,0.45686526119709014
One-D-Piece,imagenet_r,n04146614,128,0.21784143954515453,16.274833812713624,0.477537524998188
One-D-Piece,imagenet_r,n04146614,160,0.20192173078656192,16.541882095336913,0.4901883664727211
One-D-Piece,imagenet_r,n04146614,208,0.1894254325330257,16.840867862701415,0.5033935832977295
One-D-Piece,imagenet_r,n04146614,256,0.18554191336035725,16.98292245864868,0.5084581053256989
One-D-Piece,imagenet_r,n04147183,8,0.5642578947544098,14.70904634475708,0.42815140187740325
One-D-Piece,imagenet_r,n04147183,16,0.4708623832464218,15.402723045349122,0.42921467930078505
One-D-Piece,imagenet_r,n04147183,32,0.3757503509521484,16.183219871520997,0.43645541787147524
One-D-Piece,imagenet_r,n04147183,64,0.288742683827877,17.26694448471069,0.47144894748926164
One-D-Piece,imagenet_r,n04147183,96,0.24375761240720745,17.89486717224121,0.49114370077848435
One-D-Piece,imagenet_r,n04147183,128,0.21612587511539455,18.493676567077635,0.5081486257910729
One-D-Piece,imagenet_r,n04147183,160,0.20437575757503507,18.767829990386964,0.517520920932293
One-D-Piece,imagenet_r,n04147183,208,0.19206416234374044,19.087020206451417,0.5282122346758843
One-D-Piece,imagenet_r,n04147183,256,0.18915451079607007,19.15274061203003,0.5296265751123428
One-D-Piece,imagenet_r,n04192698,8,0.5951361221075058,13.576115398406982,0.4014464125037193
One-D-Piece,imagenet_r,n04192698,16,0.5073737388849259,14.08569766998291,0.4067285344004631
One-D-Piece,imagenet_r,n04192698,32,0.4047554737329483,14.886353225708008,0.4279829797148704
One-D-Piece,imagenet_r,n04192698,64,0.3092080980539322,15.776443424224853,0.4635798755288124
One-D-Piece,imagenet_r,n04192698,96,0.25544813603162764,16.358904361724854,0.49379246950149536
One-D-Piece,imagenet_r,n04192698,128,0.22245951652526852,16.777014713287354,0.5181087133288383
One-D-Piece,imagenet_r,n04192698,160,0.20829687401652333,17.081131229400636,0.5307094228267669
One-D-Piece,imagenet_r,n04192698,208,0.19593716785311696,17.3955650138855,0.5430025741457939
One-D-Piece,imagenet_r,n04192698,256,0.19273366212844845,17.495337104797365,0.5452523347735405
One-D-Piece,imagenet_r,n04254680,8,0.6002578753232956,11.971244869232178,0.38845338597893714
One-D-Piece,imagenet_r,n04254680,16,0.4974387317895889,12.575282287597656,0.4026118186116219
One-D-Piece,imagenet_r,n04254680,32,0.38652939528226854,13.552428874969483,0.43293620988726617
One-D-Piece,imagenet_r,n04254680,64,0.2794246450066566,15.020475997924805,0.49946540787816046
One-D-Piece,imagenet_r,n04254680,96,0.2211196808516979,15.991052989959718,0.5478925541043281
One-D-Piece,imagenet_r,n04254680,128,0.1934706304967403,16.612158126831055,0.5777689754962921
One-D-Piece,imagenet_r,n04254680,160,0.17810396350920196,17.023596782684326,0.5951223602890968
One-D-Piece,imagenet_r,n04254680,208,0.1669661939889192,17.346154499053956,0.6072656011581421
One-D-Piece,imagenet_r,n04254680,256,0.1641703554242849,17.476606101989745,0.6123014053702355
One-D-Piece,imagenet_r,n04266014,8,0.6211525493860245,12.663284225463867,0.3952865673601627
One-D-Piece,imagenet_r,n04266014,16,0.5165001064538955,13.072779407501221,0.39574305042624475
One-D-Piece,imagenet_r,n04266014,32,0.4219015961885452,13.859303855895996,0.415744052529335
One-D-Piece,imagenet_r,n04266014,64,0.3066121444106102,14.852117919921875,0.4671696811914444
One-D-Piece,imagenet_r,n04266014,96,0.24531940817832942,15.445886402130126,0.5098490631580352
One-D-Piece,imagenet_r,n04266014,128,0.21285894900560376,15.87995002746582,0.5368411469459534
One-D-Piece,imagenet_r,n04266014,160,0.19652624785900114,16.16335733413696,0.5537269473075866
One-D-Piece,imagenet_r,n04266014,208,0.18673237949609753,16.384116821289062,0.5636899101734162
One-D-Piece,imagenet_r,n04266014,256,0.18146299630403515,16.507395133972167,0.5686844092607498
One-D-Piece,imagenet_r,n04275548,8,0.6340152770280838,13.874794063568116,0.31770704478025436
One-D-Piece,imagenet_r,n04275548,16,0.5414821422100067,14.350648708343506,0.3218295308947563
One-D-Piece,imagenet_r,n04275548,32,0.43904157817363737,14.928880252838134,0.3325334298610687
One-D-Piece,imagenet_r,n04275548,64,0.33981056183576586,15.530287971496582,0.3615976105630398
One-D-Piece,imagenet_r,n04275548,96,0.2836992543935775,15.983805255889893,0.39111274391412737
One-D-Piece,imagenet_r,n04275548,128,0.2552910195291042,16.30700065612793,0.4121431463956833
One-D-Piece,imagenet_r,n04275548,160,0.23633916631340976,16.529002647399903,0.422754639685154
One-D-Piece,imagenet_r,n04275548,208,0.22469505950808522,16.72476764678955,0.43143489792943
One-D-Piece,imagenet_r,n04275548,256,0.22161654576659198,16.732716064453125,0.43281966626644136
One-D-Piece,imagenet_r,n04310018,8,0.6271293532848358,12.773248443603515,0.29615278199315065
One-D-Piece,imagenet_r,n04310018,16,0.5237823653221131,13.599213333129883,0.306939226090908
One-D-Piece,imagenet_r,n04310018,32,0.42918422281742097,14.227671737670898,0.3217324467003346
One-D-Piece,imagenet_r,n04310018,64,0.336465804874897,14.971060619354247,0.35035874381661414
One-D-Piece,imagenet_r,n04310018,96,0.28544647365808484,15.45859453201294,0.37479120403528215
One-D-Piece,imagenet_r,n04310018,128,0.25861038625240323,15.840541534423828,0.39443662196397783
One-D-Piece,imagenet_r,n04310018,160,0.24052617639303203,16.061936874389648,0.40669062077999113
One-D-Piece,imagenet_r,n04310018,208,0.22935963869094844,16.29765979766846,0.41680487126111987
One-D-Piece,imagenet_r,n04310018,256,0.225133843421936,16.353588485717772,0.4192906004190445
One-D-Piece,imagenet_r,n04325704,8,0.5786162060499191,12.869114284515382,0.456023570895195
One-D-Piece,imagenet_r,n04325704,16,0.482070050239563,13.448387603759766,0.4610810206830502
One-D-Piece,imagenet_r,n04325704,32,0.37324569165706634,14.761007308959961,0.49466075986623764
One-D-Piece,imagenet_r,n04325704,64,0.2745041976869106,15.925528087615966,0.5491911312937736
One-D-Piece,imagenet_r,n04325704,96,0.2194825544953346,16.703282527923584,0.5854814404249191
One-D-Piece,imagenet_r,n04325704,128,0.18921755418181416,17.16817729949951,0.6100847011804581
One-D-Piece,imagenet_r,n04325704,160,0.1751588503271341,17.38933132171631,0.6226935404539108
One-D-Piece,imagenet_r,n04325704,208,0.1627037441730499,17.72699779510498,0.6346842873096467
One-D-Piece,imagenet_r,n04325704,256,0.15910126388072965,17.84867998123169,0.6375526857376098
One-D-Piece,imagenet_r,n04347754,8,0.6220088696479797,13.467712631225586,0.40684362486004827
One-D-Piece,imagenet_r,n04347754,16,0.5065092128515244,14.540995483398438,0.41784323789179323
One-D-Piece,imagenet_r,n04347754,32,0.40089025378227233,15.547387409210206,0.43725415617227553
One-D-Piece,imagenet_r,n04347754,64,0.30421932041645044,16.629831581115724,0.4707622792571783
One-D-Piece,imagenet_r,n04347754,96,0.2511612275242805,17.321025485992433,0.49584530808031557
One-D-Piece,imagenet_r,n04347754,128,0.22134900897741314,17.75946325302124,0.5111509761214257
One-D-Piece,imagenet_r,n04347754,160,0.2072974061965942,17.995585250854493,0.52193701505661
One-D-Piece,imagenet_r,n04347754,208,0.19772705033421512,18.262925510406493,0.5310341502726078
One-D-Piece,imagenet_r,n04347754,256,0.1934871886670589,18.387843513488768,0.5353009800612927
One-D-Piece,imagenet_r,n04389033,8,0.6053980225324631,13.927757148742677,0.36101792857050896
One-D-Piece,imagenet_r,n04389033,16,0.5059761315584183,14.751892185211181,0.3707564453780651
One-D-Piece,imagenet_r,n04389033,32,0.4075760889053345,15.265662727355958,0.37835760951042174
One-D-Piece,imagenet_r,n04389033,64,0.3168043127655983,16.238441944122314,0.40793909668922423
One-D-Piece,imagenet_r,n04389033,96,0.2680193373560905,16.653464736938478,0.43661192566156387
One-D-Piece,imagenet_r,n04389033,128,0.24122455090284345,16.988277168273925,0.45478670328855514
One-D-Piece,imagenet_r,n04389033,160,0.22479183718562123,17.180556335449218,0.4656739118695259
One-D-Piece,imagenet_r,n04389033,208,0.21390249058604238,17.426781787872315,0.4760205203294754
One-D-Piece,imagenet_r,n04389033,256,0.21027759030461307,17.47972942352295,0.4779779237508774
One-D-Piece,imagenet_r,n04409515,8,0.600257870554924,12.829171724319458,0.42903260707855223
One-D-Piece,imagenet_r,n04409515,16,0.47285590261220933,13.87712532043457,0.44809149861335756
One-D-Piece,imagenet_r,n04409515,32,0.36210382044315337,15.159135723114014,0.4742108717560768
One-D-Piece,imagenet_r,n04409515,64,0.26337269648909567,16.451733055114747,0.5294510757923127
One-D-Piece,imagenet_r,n04409515,96,0.2068464185297489,17.307545604705812,0.5746133717894554
One-D-Piece,imagenet_r,n04409515,128,0.17672684907913205,17.998303985595705,0.600321791768074
One-D-Piece,imagenet_r,n04409515,160,0.160916573703289,18.31929843902588,0.6130265009403228
One-D-Piece,imagenet_r,n04409515,208,0.15023038238286968,18.693140830993652,0.6269172322750092
One-D-Piece,imagenet_r,n04409515,256,0.14717956252396103,18.839806613922118,0.6301137518882751
One-D-Piece,imagenet_r,n04465501,8,0.6456637078523636,12.716229972839356,0.31933857023715967
One-D-Piece,imagenet_r,n04465501,16,0.5434496915340423,13.28800947189331,0.3227607236802578
One-D-Piece,imagenet_r,n04465501,32,0.43284089386463165,14.063867015838623,0.3379304597526789
One-D-Piece,imagenet_r,n04465501,64,0.3312962630391121,15.003201065063477,0.36674985989928244
One-D-Piece,imagenet_r,n04465501,96,0.27731130361557005,15.651585559844971,0.3985106207430363
One-D-Piece,imagenet_r,n04465501,128,0.24710256725549695,16.03718547821045,0.4173187330365181
One-D-Piece,imagenet_r,n04465501,160,0.23003991618752476,16.28869785308838,0.4299193885922432
One-D-Piece,imagenet_r,n04465501,208,0.21772631540894505,16.60478660583496,0.4408438450098038
One-D-Piece,imagenet_r,n04465501,256,0.2138364155590534,16.698919734954835,0.4431920999288559
One-D-Piece,imagenet_r,n04487394,8,0.6046362316608429,13.030185470581054,0.4172060212492943
One-D-Piece,imagenet_r,n04487394,16,0.507801604270935,13.647848491668702,0.4231546016037464
One-D-Piece,imagenet_r,n04487394,32,0.4071308559179306,14.375906925201416,0.4411481010913849
One-D-Piece,imagenet_r,n04487394,64,0.29823564827442167,15.170606784820556,0.4867972502112389
One-D-Piece,imagenet_r,n04487394,96,0.2397616064548492,15.7425834274292,0.5224902534484863
One-D-Piece,imagenet_r,n04487394,128,0.20782524093985555,16.17641050338745,0.548087230026722
One-D-Piece,imagenet_r,n04487394,160,0.19090727552771564,16.423279361724852,0.5619179898500443
One-D-Piece,imagenet_r,n04487394,208,0.17959904864430423,16.666432609558104,0.572803549170494
One-D-Piece,imagenet_r,n04487394,256,0.17529450349509712,16.76196346282959,0.5758188050985337
One-D-Piece,imagenet_r,n04522168,8,0.5848359769582748,13.993232440948486,0.424575155377388
One-D-Piece,imagenet_r,n04522168,16,0.48131780862808227,14.755044479370117,0.42799267575144767
One-D-Piece,imagenet_r,n04522168,32,0.3780415678024292,15.501093025207519,0.4342405478656292
One-D-Piece,imagenet_r,n04522168,64,0.29544621333479876,16.3195827293396,0.4691677813231945
One-D-Piece,imagenet_r,n04522168,96,0.24772263944149014,16.845433521270753,0.49313649073243143
One-D-Piece,imagenet_r,n04522168,128,0.2180067148804664,17.217582359313965,0.5098724642395973
One-D-Piece,imagenet_r,n04522168,160,0.20683971330523487,17.397818832397462,0.5176902639865876
One-D-Piece,imagenet_r,n04522168,208,0.19506834402680392,17.666618213653564,0.525035428404808
One-D-Piece,imagenet_r,n04522168,256,0.1919929929077625,17.767336673736573,0.5276670685410499
One-D-Piece,imagenet_r,n04536866,8,0.5972344428300858,13.496519947052002,0.4230611631274223
One-D-Piece,imagenet_r,n04536866,16,0.500964595079422,14.210837898254395,0.43370901703834536
One-D-Piece,imagenet_r,n04536866,32,0.4043356734514236,15.11099308013916,0.4547254380583763
One-D-Piece,imagenet_r,n04536866,64,0.30394686847925184,15.794254703521728,0.4916052848100662
One-D-Piece,imagenet_r,n04536866,96,0.2468779197335243,16.359268474578858,0.522444396018982
One-D-Piece,imagenet_r,n04536866,128,0.21778853848576543,16.71632574081421,0.5402065733075142
One-D-Piece,imagenet_r,n04536866,160,0.20126271843910215,17.005893211364747,0.55043177485466
One-D-Piece,imagenet_r,n04536866,208,0.1905260246992111,17.320662002563477,0.5603273552656174
One-D-Piece,imagenet_r,n04536866,256,0.18622246444225307,17.426532077789307,0.5642714568972588
One-D-Piece,imagenet_r,n04552348,8,0.5774097043275833,13.772931098937988,0.4337039559334517
One-D-Piece,imagenet_r,n04552348,16,0.48500071167945863,14.689517784118653,0.444425213187933
One-D-Piece,imagenet_r,n04552348,32,0.39358649611473084,15.47353832244873,0.4666851654648781
One-D-Piece,imagenet_r,n04552348,64,0.301897779405117,16.69751485824585,0.5055552297830581
One-D-Piece,imagenet_r,n04552348,96,0.24981171727180476,17.271383857727052,0.5344906640052796
One-D-Piece,imagenet_r,n04552348,128,0.22260121822357173,17.666532897949217,0.5520520812273025
One-D-Piece,imagenet_r,n04552348,160,0.20775757715106008,17.879655265808104,0.5624490255117416
One-D-Piece,imagenet_r,n04552348,208,0.19604912474751468,18.206437950134276,0.5722804868221283
One-D-Piece,imagenet_r,n04552348,256,0.19123234421014781,18.289890937805175,0.575551992058754
One-D-Piece,imagenet_r,n04591713,8,0.632407306432724,13.511151809692382,0.38167450942099096
One-D-Piece,imagenet_r,n04591713,16,0.5237106040120125,14.385997219085693,0.3864758176356554
One-D-Piece,imagenet_r,n04591713,32,0.41020300388336184,15.157567329406739,0.3965353574603796
One-D-Piece,imagenet_r,n04591713,64,0.31673755556344985,16.259409999847414,0.42838303342461587
One-D-Piece,imagenet_r,n04591713,96,0.2643357293307781,16.833836154937742,0.4539599308371544
One-D-Piece,imagenet_r,n04591713,128,0.23667886361479756,17.200812816619873,0.4703615176677704
One-D-Piece,imagenet_r,n04591713,160,0.22095390886068342,17.524624862670898,0.48096345871686935
One-D-Piece,imagenet_r,n04591713,208,0.20911751016974445,17.841520919799805,0.4928581267595291
One-D-Piece,imagenet_r,n04591713,256,0.20370518922805783,17.926934909820556,0.4962582817673683
One-D-Piece,imagenet_r,n07614500,8,0.606332139968872,13.392647151947022,0.4260061557590962
One-D-Piece,imagenet_r,n07614500,16,0.5070716696977615,14.17068712234497,0.4339793050289154
One-D-Piece,imagenet_r,n07614500,32,0.40034725129604337,14.88392614364624,0.4495754089951515
One-D-Piece,imagenet_r,n07614500,64,0.3015355795621872,15.769752559661866,0.4906331780552864
One-D-Piece,imagenet_r,n07614500,96,0.2415938566625118,16.377135505676268,0.5269732648134231
One-D-Piece,imagenet_r,n07614500,128,0.20852375924587246,16.721986026763915,0.5502515345811844
One-D-Piece,imagenet_r,n07614500,160,0.19237225309014316,17.049130516052244,0.5630016988515854
One-D-Piece,imagenet_r,n07614500,208,0.18070323735475535,17.35185375213623,0.5747771069407464
One-D-Piece,imagenet_r,n07614500,256,0.17706827759742733,17.4684236907959,0.5794526433944702
One-D-Piece,imagenet_r,n07693725,8,0.6209943872690201,13.184226875305177,0.3867657421529293
One-D-Piece,imagenet_r,n07693725,16,0.5087066692113876,13.806458415985107,0.390418468862772
One-D-Piece,imagenet_r,n07693725,32,0.3998345965147018,14.55550271987915,0.4030007500946522
One-D-Piece,imagenet_r,n07693725,64,0.29137764662504195,15.558394870758057,0.4495362038910389
One-D-Piece,imagenet_r,n07693725,96,0.2340119551122188,16.17617172241211,0.4806216152012348
One-D-Piece,imagenet_r,n07693725,128,0.20593483358621595,16.50563117980957,0.5073243342339993
One-D-Piece,imagenet_r,n07693725,160,0.19057147189974782,16.780754108428955,0.5214236554503441
One-D-Piece,imagenet_r,n07693725,208,0.18087232157588,17.036323566436767,0.5309445637464524
One-D-Piece,imagenet_r,n07693725,256,0.17740869447588917,17.10919334411621,0.5338068228960037
One-D-Piece,imagenet_r,n07695742,8,0.5929560965299606,13.705265274047852,0.41019990168511866
One-D-Piece,imagenet_r,n07695742,16,0.4850882637500763,14.274454612731933,0.4159920582920313
One-D-Piece,imagenet_r,n07695742,32,0.36926647990942,15.204718208312988,0.44111874386668204
One-D-Piece,imagenet_r,n07695742,64,0.2669638529419899,16.36315502166748,0.495201458632946
One-D-Piece,imagenet_r,n07695742,96,0.21575241819024082,16.968349590301514,0.528197569847107
One-D-Piece,imagenet_r,n07695742,128,0.1942068217694759,17.28995370864868,0.5504948425292969
One-D-Piece,imagenet_r,n07695742,160,0.17893001690506932,17.605706996917725,0.5627199706435203
One-D-Piece,imagenet_r,n07695742,208,0.17016150295734403,17.80260694503784,0.5703323623538017
One-D-Piece,imagenet_r,n07695742,256,0.1669713850319385,17.93860792160034,0.5740585207939148
One-D-Piece,imagenet_r,n07697313,8,0.6404797917604447,13.453677501678467,0.38572888910770414
One-D-Piece,imagenet_r,n07697313,16,0.5280458676815033,14.26788682937622,0.3941243176162243
One-D-Piece,imagenet_r,n07697313,32,0.4166938138008118,15.153388118743896,0.40723970472812654
One-D-Piece,imagenet_r,n07697313,64,0.31972755998373026,16.03221508026123,0.4431337359547615
One-D-Piece,imagenet_r,n07697313,96,0.2633294612169265,16.650334148406984,0.47444933772087095
One-D-Piece,imagenet_r,n07697313,128,0.2344698283076286,17.039955444335938,0.49026434749364856
One-D-Piece,imagenet_r,n07697313,160,0.2151387476921081,17.346471042633056,0.5022914564609527
One-D-Piece,imagenet_r,n07697313,208,0.20009079381823536,17.63487180709839,0.5129450908303261
One-D-Piece,imagenet_r,n07697313,256,0.19653403073549267,17.75800806045532,0.5162573370337487
One-D-Piece,imagenet_r,n07697537,8,0.6191513764858246,13.143425178527831,0.427749972641468
One-D-Piece,imagenet_r,n07697537,16,0.5023578649759293,13.8433247756958,0.43420298904180527
One-D-Piece,imagenet_r,n07697537,32,0.3889164301753044,14.885149173736572,0.4597180449962616
One-D-Piece,imagenet_r,n07697537,64,0.277258268892765,16.26657350540161,0.5209180665016174
One-D-Piece,imagenet_r,n07697537,96,0.2186832027137279,17.013308086395263,0.5609751510620117
One-D-Piece,imagenet_r,n07697537,128,0.189999992698431,17.50384132385254,0.5852740180492401
One-D-Piece,imagenet_r,n07697537,160,0.17126029059290881,17.873836517333984,0.5994051319360733
One-D-Piece,imagenet_r,n07697537,208,0.16029173299670216,18.247285976409913,0.6118969112634659
One-D-Piece,imagenet_r,n07697537,256,0.15661828137934206,18.32408441543579,0.6154239988327026
One-D-Piece,imagenet_r,n07714571,8,0.5854035323858261,14.177632064819337,0.36994297832250594
One-D-Piece,imagenet_r,n07714571,16,0.49229625761508944,14.826306800842286,0.3748526257276535
One-D-Piece,imagenet_r,n07714571,32,0.39148088932037356,15.699354000091553,0.3826177990436554
One-D-Piece,imagenet_r,n07714571,64,0.30142451077699656,16.613651390075685,0.41108334124088286
One-D-Piece,imagenet_r,n07714571,96,0.25253437519073485,17.136871910095216,0.4383841195702553
One-D-Piece,imagenet_r,n07714571,128,0.22577056199312207,17.489978904724122,0.4544573098421097
One-D-Piece,imagenet_r,n07714571,160,0.21167416051030155,17.7594016456604,0.4660079801082611
One-D-Piece,imagenet_r,n07714571,208,0.20110476851463313,18.01919984817505,0.47362844467163084
One-D-Piece,imagenet_r,n07714571,256,0.197489590793848,18.111796436309813,0.47696087151765826
One-D-Piece,imagenet_r,n07714990,8,0.6090260010957718,12.381622486114502,0.39322907127439977
One-D-Piece,imagenet_r,n07714990,16,0.49066557943820954,13.210971355438232,0.40387393802404403
One-D-Piece,imagenet_r,n07714990,32,0.38234120935201643,13.871664314270019,0.42304431401193143
One-D-Piece,imagenet_r,n07714990,64,0.2786112289130687,14.884704475402833,0.4772941190004349
One-D-Piece,imagenet_r,n07714990,96,0.2216282786428928,15.701675643920899,0.5123456147313118
One-D-Piece,imagenet_r,n07714990,128,0.19487612515687938,16.209957695007326,0.5347009779512882
One-D-Piece,imagenet_r,n07714990,160,0.17819583982229228,16.495117015838623,0.5489818152785301
One-D-Piece,imagenet_r,n07714990,208,0.16955231651663777,16.727510414123536,0.5558179372549057
One-D-Piece,imagenet_r,n07714990,256,0.1659976480901241,16.83230972290039,0.5596716502308845
One-D-Piece,imagenet_r,n07718472,8,0.5927865201234818,13.377531700134277,0.42792231768369676
One-D-Piece,imagenet_r,n07718472,16,0.4866688323020935,14.31785394668579,0.43365042090415956
One-D-Piece,imagenet_r,n07718472,32,0.37613599240779877,15.450107021331787,0.460335830450058
One-D-Piece,imagenet_r,n07718472,64,0.273526604026556,16.740345497131347,0.5088384658098221
One-D-Piece,imagenet_r,n07718472,96,0.2272163876891136,17.348305931091307,0.5359161135554313
One-D-Piece,imagenet_r,n07718472,128,0.1956523814797401,17.85370237350464,0.5539965093135834
One-D-Piece,imagenet_r,n07718472,160,0.17949665054678912,18.17541530609131,0.5655315062403679
One-D-Piece,imagenet_r,n07718472,208,0.16912948481738563,18.43124588012695,0.5754569280147552
One-D-Piece,imagenet_r,n07718472,256,0.16609710142016407,18.56234941482544,0.5808917960524559
One-D-Piece,imagenet_r,n07720875,8,0.5752782881259918,14.193518562316894,0.4142202138900757
One-D-Piece,imagenet_r,n07720875,16,0.46615933954715727,14.953379383087158,0.4243291591107845
One-D-Piece,imagenet_r,n07720875,32,0.36277313798666,16.074847316741945,0.4510320420563221
One-D-Piece,imagenet_r,n07720875,64,0.26390992939472196,17.485615062713624,0.49340653374791144
One-D-Piece,imagenet_r,n07720875,96,0.2114543408155441,18.185931358337402,0.5220564511418343
One-D-Piece,imagenet_r,n07720875,128,0.18757152706384655,18.570070648193358,0.5389872404932976
One-D-Piece,imagenet_r,n07720875,160,0.1737786908447742,18.918915634155272,0.5513870239257812
One-D-Piece,imagenet_r,n07720875,208,0.16475675970315928,19.152636642456056,0.5596228897571563
One-D-Piece,imagenet_r,n07720875,256,0.16115990117192264,19.280961246490477,0.5618910118937492
One-D-Piece,imagenet_r,n07734744,8,0.6192382282018661,13.678249530792236,0.3999606278538704
One-D-Piece,imagenet_r,n07734744,16,0.5134332305192948,14.085356998443604,0.40438736870884895
One-D-Piece,imagenet_r,n07734744,32,0.40458718240261077,14.909236507415772,0.4182590891420841
One-D-Piece,imagenet_r,n07734744,64,0.29394393563270566,15.992953853607178,0.46114427849650386
One-D-Piece,imagenet_r,n07734744,96,0.23809214711189267,16.698306217193604,0.4948048394918442
One-D-Piece,imagenet_r,n07734744,128,0.2107641531527042,17.08138349533081,0.5182762479782105
One-D-Piece,imagenet_r,n07734744,160,0.19639402955770488,17.299340076446533,0.527352257668972
One-D-Piece,imagenet_r,n07734744,208,0.18549464434385296,17.62746877670288,0.5402984195947647
One-D-Piece,imagenet_r,n07734744,256,0.18189130976796147,17.73680974960327,0.5445503115653991
One-D-Piece,imagenet_r,n07742313,8,0.6164452368021012,13.729000129699706,0.4444029092788696
One-D-Piece,imagenet_r,n07742313,16,0.492008957862854,14.684382553100585,0.4529143939912319
One-D-Piece,imagenet_r,n07742313,32,0.3754567041993141,15.861811466217041,0.4706079986691475
One-D-Piece,imagenet_r,n07742313,64,0.276284130513668,17.16922597885132,0.5095658871531487
One-D-Piece,imagenet_r,n07742313,96,0.22698773995041843,17.911235580444338,0.5369891694188118
One-D-Piece,imagenet_r,n07742313,128,0.19806431949138636,18.60314317703247,0.5581608790159226
One-D-Piece,imagenet_r,n07742313,160,0.18360990092158314,18.915193576812744,0.5696307474374771
One-D-Piece,imagenet_r,n07742313,208,0.17327953360974785,19.283544921875,0.5768235671520233
One-D-Piece,imagenet_r,n07742313,256,0.16926956743001934,19.433308792114257,0.5800720053911209
One-D-Piece,imagenet_r,n07745940,8,0.6335876244306564,12.855657911300659,0.3974152418971062
One-D-Piece,imagenet_r,n07745940,16,0.5292880922555924,13.762288990020751,0.40393534243106843
One-D-Piece,imagenet_r,n07745940,32,0.4256033235788345,14.529115581512452,0.40951060950756074
One-D-Piece,imagenet_r,n07745940,64,0.3165987733006477,15.891812705993653,0.4479486757516861
One-D-Piece,imagenet_r,n07745940,96,0.25459964677691455,16.550423946380615,0.48278896778821945
One-D-Piece,imagenet_r,n07745940,128,0.22316644325852392,17.038096656799315,0.5055439007282257
One-D-Piece,imagenet_r,n07745940,160,0.2050779071450233,17.376657314300537,0.5208739122748375
One-D-Piece,imagenet_r,n07745940,208,0.1932446044683456,17.588773040771486,0.5280276089906693
One-D-Piece,imagenet_r,n07745940,256,0.18980078712105747,17.68644432067871,0.5301571521162987
One-D-Piece,imagenet_r,n07749582,8,0.6154607850313186,13.408178482055664,0.38135179117321966
One-D-Piece,imagenet_r,n07749582,16,0.5065216422080994,14.012328052520752,0.385016755014658
One-D-Piece,imagenet_r,n07749582,32,0.4013905620574951,15.026757011413574,0.40183240577578544
One-D-Piece,imagenet_r,n07749582,64,0.29777139514684675,16.145849056243897,0.4472551745176315
One-D-Piece,imagenet_r,n07749582,96,0.24294933468103405,16.930447845458986,0.4759728866815567
One-D-Piece,imagenet_r,n07749582,128,0.21631992340087888,17.375124645233154,0.49588242381811143
One-D-Piece,imagenet_r,n07749582,160,0.19940483257174488,17.682248992919924,0.5072088021039963
One-D-Piece,imagenet_r,n07749582,208,0.18872604131698606,17.923339385986328,0.5169033014774322
One-D-Piece,imagenet_r,n07749582,256,0.18565240949392314,18.040765514373778,0.5202016472816468
One-D-Piece,imagenet_r,n07753275,8,0.631909082531929,13.157784576416015,0.3611466106772423
One-D-Piece,imagenet_r,n07753275,16,0.5177951991558075,13.901391716003419,0.3594828642904758
One-D-Piece,imagenet_r,n07753275,32,0.4073906528949738,14.660193614959717,0.37075818672776223
One-D-Piece,imagenet_r,n07753275,64,0.30169054150581354,15.650881843566895,0.4130417515337467
One-D-Piece,imagenet_r,n07753275,96,0.2494979044795036,16.202898902893068,0.4433668848872185
One-D-Piece,imagenet_r,n07753275,128,0.22055494204163548,16.578101558685304,0.464381619989872
One-D-Piece,imagenet_r,n07753275,160,0.20703821972012515,16.795292625427248,0.4762468819320202
One-D-Piece,imagenet_r,n07753275,208,0.19420660674571988,17.047696743011475,0.4858940851688385
One-D-Piece,imagenet_r,n07753275,256,0.19034214198589322,17.166801013946532,0.4885551327466965
One-D-Piece,imagenet_r,n07753592,8,0.58167001247406,14.147769107818604,0.48592800930142405
One-D-Piece,imagenet_r,n07753592,16,0.467332666516304,14.988076896667481,0.49399924010038376
One-D-Piece,imagenet_r,n07753592,32,0.35672802090644834,16.216642894744872,0.5146073013544082
One-D-Piece,imagenet_r,n07753592,64,0.2532753617316484,17.59489025115967,0.5581212908029556
One-D-Piece,imagenet_r,n07753592,96,0.20308863852173087,18.27587558746338,0.5891995838284493
One-D-Piece,imagenet_r,n07753592,128,0.17641863811761138,18.875941162109374,0.6098341685533524
One-D-Piece,imagenet_r,n07753592,160,0.1613012738898396,19.231809730529786,0.6209985691308976
One-D-Piece,imagenet_r,n07753592,208,0.15179179385304448,19.621128158569334,0.630877460539341
One-D-Piece,imagenet_r,n07753592,256,0.1476956850290298,19.704111862182618,0.632042852640152
One-D-Piece,imagenet_r,n07768694,8,0.619553285241127,13.438786125183105,0.31841601222753524
One-D-Piece,imagenet_r,n07768694,16,0.5119551759958267,14.03695598602295,0.32063191577792166
One-D-Piece,imagenet_r,n07768694,32,0.40479315996170045,14.821397533416748,0.3338956081867218
One-D-Piece,imagenet_r,n07768694,64,0.3097784525156021,15.696144104003906,0.3825128570199013
One-D-Piece,imagenet_r,n07768694,96,0.25816045999526976,16.30569288253784,0.41633210629224776
One-D-Piece,imagenet_r,n07768694,128,0.22915614545345303,16.701477069854736,0.4363957306742668
One-D-Piece,imagenet_r,n07768694,160,0.21423124238848681,16.939520988464356,0.4474703902006149
One-D-Piece,imagenet_r,n07768694,208,0.20063913390040394,17.20834415435791,0.45815750092267993
One-D-Piece,imagenet_r,n07768694,256,0.19668466448783872,17.28781234741211,0.4617547744512558
One-D-Piece,imagenet_r,n07873807,8,0.6256269592046738,12.967995796203613,0.3836337974667549
One-D-Piece,imagenet_r,n07873807,16,0.5226528811454773,13.728801956176758,0.3916770722717047
One-D-Piece,imagenet_r,n07873807,32,0.42156812727451326,14.290374183654786,0.4128433582186699
One-D-Piece,imagenet_r,n07873807,64,0.31320392996072766,15.498000335693359,0.4649129828810692
One-D-Piece,imagenet_r,n07873807,96,0.25356424733996386,16.195680847167967,0.5041380186378955
One-D-Piece,imagenet_r,n07873807,128,0.21992548376321788,16.6463844871521,0.5281578072905541
One-D-Piece,imagenet_r,n07873807,160,0.1999950563907623,16.9015944480896,0.5417241474986076
One-D-Piece,imagenet_r,n07873807,208,0.18703163146972654,17.201688022613524,0.5548220536112786
One-D-Piece,imagenet_r,n07873807,256,0.18292195856571195,17.27979969024658,0.5579722765088081
One-D-Piece,imagenet_r,n07880968,8,0.5931725120544433,13.294115295410156,0.4223452515900135
One-D-Piece,imagenet_r,n07880968,16,0.48876527190208435,13.796745300292969,0.42855019092559815
One-D-Piece,imagenet_r,n07880968,32,0.3770433947443962,14.667835254669189,0.4535513952374458
One-D-Piece,imagenet_r,n07880968,64,0.27311469882726663,15.63880090713501,0.5101805686950683
One-D-Piece,imagenet_r,n07880968,96,0.2171740564703941,16.24933364868164,0.5441078692674637
One-D-Piece,imagenet_r,n07880968,128,0.18987534180283544,16.723178482055665,0.5677759939432144
One-D-Piece,imagenet_r,n07880968,160,0.17453525885939594,17.00878444671631,0.5806065332889557
One-D-Piece,imagenet_r,n07880968,208,0.16315686389803882,17.237742710113526,0.5924986231327057
One-D-Piece,imagenet_r,n07880968,256,0.16098795577883718,17.331557636260985,0.5960339224338531
One-D-Piece,imagenet_r,n07920052,8,0.5771433365345001,13.529136295318603,0.4581445448100567
One-D-Piece,imagenet_r,n07920052,16,0.4588553920388222,14.365244522094727,0.47405984967947007
One-D-Piece,imagenet_r,n07920052,32,0.35894281446933746,15.153032989501954,0.4981494443118572
One-D-Piece,imagenet_r,n07920052,64,0.2549659812450409,16.35919069290161,0.5568192714452743
One-D-Piece,imagenet_r,n07920052,96,0.19698782041668889,17.120006256103515,0.5925882628560066
One-D-Piece,imagenet_r,n07920052,128,0.1721547400951385,17.61164047241211,0.6190966477990151
One-D-Piece,imagenet_r,n07920052,160,0.1592142654955387,17.956103897094728,0.6327101191878319
One-D-Piece,imagenet_r,n07920052,208,0.14856969870626924,18.24791566848755,0.6423598897457122
One-D-Piece,imagenet_r,n07920052,256,0.14554476782679554,18.32703788757324,0.6457113352417946
One-D-Piece,imagenet_r,n09472597,8,0.6287687146663665,13.40706048965454,0.37475655138492586
One-D-Piece,imagenet_r,n09472597,16,0.5370071852207183,14.261168308258057,0.37846553906798364
One-D-Piece,imagenet_r,n09472597,32,0.43640310406684873,15.031730995178222,0.3877385665476322
One-D-Piece,imagenet_r,n09472597,64,0.32600012242794035,15.991845798492431,0.4281636257469654
One-D-Piece,imagenet_r,n09472597,96,0.27088974446058267,16.631418800354005,0.45516968369483946
One-D-Piece,imagenet_r,n09472597,128,0.24066324472427364,16.96714092254639,0.47101899206638337
One-D-Piece,imagenet_r,n09472597,160,0.22378802642226214,17.2342685508728,0.48214540868997574
One-D-Piece,imagenet_r,n09472597,208,0.2121633411943912,17.452213249206544,0.4906480431556702
One-D-Piece,imagenet_r,n09472597,256,0.20739007860422132,17.5838893699646,0.4945268639922142
One-D-Piece,imagenet_r,n09835506,8,0.5998133206367493,13.732483730316162,0.40573625415563586
One-D-Piece,imagenet_r,n09835506,16,0.5024812066555023,14.423347625732422,0.4060241186618805
One-D-Piece,imagenet_r,n09835506,32,0.40021850645542145,15.233432445526123,0.41798443168401717
One-D-Piece,imagenet_r,n09835506,64,0.3006201016902923,16.349082145690918,0.46032448023557665
One-D-Piece,imagenet_r,n09835506,96,0.24560995548963543,16.90532056808472,0.4907501721382141
One-D-Piece,imagenet_r,n09835506,128,0.2151675313711166,17.28466314315796,0.5147030320763588
One-D-Piece,imagenet_r,n09835506,160,0.1970960627496242,17.599644775390626,0.5305229756236076
One-D-Piece,imagenet_r,n09835506,208,0.18606935054063795,17.833533420562745,0.542870434820652
One-D-Piece,imagenet_r,n09835506,256,0.1819300544261932,17.960685005187987,0.5481562912464142
One-D-Piece,imagenet_r,n10565667,8,0.5957423228025437,13.419847583770752,0.41073553889989856
One-D-Piece,imagenet_r,n10565667,16,0.5017762464284897,14.143810329437256,0.4179957666993141
One-D-Piece,imagenet_r,n10565667,32,0.40442173898220063,15.060724868774415,0.4342393523454666
One-D-Piece,imagenet_r,n10565667,64,0.3059985256195068,16.100087852478026,0.47206938147544864
One-D-Piece,imagenet_r,n10565667,96,0.25172928541898726,16.78690933227539,0.5059325277805329
One-D-Piece,imagenet_r,n10565667,128,0.22094645902514454,17.249939346313475,0.5270627072453499
One-D-Piece,imagenet_r,n10565667,160,0.20373105645179745,17.562727813720702,0.5405611976981163
One-D-Piece,imagenet_r,n10565667,208,0.19219453334808345,17.810279903411864,0.551523579955101
One-D-Piece,imagenet_r,n10565667,256,0.1878635242581367,17.992700080871582,0.5567328545451165
One-D-Piece,imagenet_r,n12267677,8,0.5658154556155205,14.444474925994873,0.4048751055076718
One-D-Piece,imagenet_r,n12267677,16,0.4594471690058708,15.373632392883302,0.42208562955260276
One-D-Piece,imagenet_r,n12267677,32,0.35950145617127416,16.504714832305908,0.44361128747463224
One-D-Piece,imagenet_r,n12267677,64,0.26065229445695876,17.866832656860353,0.4920758514106274
One-D-Piece,imagenet_r,n12267677,96,0.21029555339366193,18.616846504211427,0.5387329906225204
One-D-Piece,imagenet_r,n12267677,128,0.18678302176296707,19.11559745788574,0.5644269216060639
One-D-Piece,imagenet_r,n12267677,160,0.17122412253171201,19.536737689971925,0.5771992376446724
One-D-Piece,imagenet_r,n12267677,208,0.16097048830240962,19.745624122619628,0.5878098410367966
One-D-Piece,imagenet_r,n12267677,256,0.15719810325652359,19.8872527885437,0.5936809283494949
