model_label,wnid,prefix_tokens,lpips_penalty_imagenet,psnr_penalty_imagenet,ssim_penalty_imagenet,lpips_penalty_imagenet_r,psnr_penalty_imagenet_r,ssim_penalty_imagenet_r,lpips_delta,psnr_delta,ssim_delta
FlexTok,n01443537,8,0.3240174421668053,6.714310865402222,0.21283313989639283,0.4099320553988218,6.397356615066529,0.26818730622529985,0.08591461323201655,-0.31695425033569347,0.05535416632890702
FlexTok,n01443537,16,0.2859665855765343,6.562474498748779,0.20289107039570808,0.3679974018782377,6.086757831573486,0.2574591800570488,0.08203081630170339,-0.47571666717529304,0.054568109661340736
FlexTok,n01443537,32,0.23211464673280716,5.605623016357422,0.18166372299194336,0.3068086867779493,5.419826393127441,0.23545118406414986,0.07469404004514216,-0.18579662322998036,0.0537874610722065
FlexTok,n01443537,64,0.16362297534942627,4.36550142288208,0.14406022518873215,0.21249130181968212,4.376130857467651,0.18746779039502143,0.04886832647025585,0.010629434585571751,0.04340756520628927
FlexTok,n01443537,96,0.12093596160411836,3.2941219139099123,0.11201728522777557,0.15467468313872815,3.3399962615966796,0.1391731508076191,0.033738721534609786,0.04587434768676735,0.027155865579843536
FlexTok,n01443537,128,0.07357165783643724,2.1629444313049317,0.07153813779354096,0.09965359352529049,2.3497973442077638,0.09069565296173096,0.026081935688853253,0.186852912902832,0.019157515168190004
FlexTok,n01443537,160,0.052326566278934485,1.6446996116638186,0.05066856801509857,0.06971134848892688,1.7817752838134766,0.06708853274583816,0.017384782209992393,0.137075672149658,0.01641996473073959
FlexTok,n01443537,208,0.027172653377056127,1.1574773025512695,0.029103086590766908,0.036605425253510473,1.1421857261657717,0.036272288560867304,0.009432771876454346,-0.015291576385497718,0.007169201970100396
FlexTok,n01443537,256,0.0,0.0,0.0,0.0,0.0,0.0,0.0,0.0,0.0
FlexTok,n01484850,8,0.2611683961749077,6.296535682678223,0.20873161375522614,0.340641410946846,5.754977340698242,0.23465538233518604,0.0794730147719383,-0.5415583419799805,0.0259237685799599
FlexTok,n01484850,16,0.2330230721831322,5.975881767272949,0.19604056015610694,0.3132398328185082,5.801272087097168,0.23687653884291648,0.080216760635376,-0.1746096801757817,0.04083597868680955
FlexTok,n01484850,32,0.18516133934259416,5.108844413757325,0.16921518169343472,0.25053696244955065,4.995956077575683,0.2106343451142311,0.06537562310695649,-0.11288833618164151,0.04141916342079638
FlexTok,n01484850,64,0.11597924023866656,3.981244125366211,0.12962271958589555,0.16671547442674636,4.1183429527282716,0.17291789799928664,0.05073623418807981,0.13709882736206058,0.04329517841339109
FlexTok,n01484850,96,0.08036646202206614,2.984346599578858,0.09680347800254822,0.12111307591199875,3.0737193870544433,0.12614373728632927,0.040746613889932615,0.08937278747558519,0.029340259283781048
FlexTok,n01484850,128,0.049406910985708256,1.8876630401611323,0.06253724545240402,0.07706975013017654,2.0410541534423827,0.07817479074001313,0.027662839144468286,0.15339111328125044,0.015637545287609106
FlexTok,n01484850,160,0.03736066043376923,1.5308476066589356,0.04812422424554825,0.059240566343069075,1.6527620506286622,0.05886804282665253,0.021879905909299842,0.12191444396972662,0.010743818581104278
FlexTok,n01484850,208,0.02013774111866951,0.9904546356201169,0.0238151615858078,0.029285378158092498,1.1126218223571775,0.02764531910419464,0.00914763703942299,0.12216718673706062,0.003830157518386841
FlexTok,n01484850,256,0.0,0.0,0.0,0.0,0.0,0.0,0.0,0.0,0.0
FlexTok,n01494475,8,0.2530851972848177,6.599576530456543,0.16831997364759446,0.3505138747394085,6.037805290222168,0.23955030828714374,0.09742867745459077,-0.5617712402343749,0.07123033463954928
FlexTok,n01494475,16,0.22029556609690193,6.3441019630432125,0.1583964216709137,0.3143043278157711,6.029401454925537,0.23971993446350098,0.09400876171886918,-0.31470050811767525,0.08132351279258729
FlexTok,n01494475,32,0.1777005658298731,5.469083862304688,0.13527538746595383,0.2488415296375752,5.025978527069092,0.198040688931942,0.0711409638077021,-0.4431053352355958,0.06276530146598816
FlexTok,n01494475,64,0.11758281148970129,4.330751628875732,0.10919505059719085,0.16329735204577445,4.036334629058839,0.16052583783864974,0.04571454055607316,-0.2944169998168933,0.05133078724145888
FlexTok,n01494475,96,0.08139161176979542,3.281091556549072,0.07964308112859726,0.11562147691845896,3.064979763031006,0.1232394102215767,0.03422986514866354,-0.2161117935180661,0.04359632909297943
FlexTok,n01494475,128,0.047632634714245795,2.0747756958007817,0.05203345000743866,0.07180494949221611,2.0980677986145024,0.08392006158828735,0.024172314777970313,0.02329210281372074,0.03188661158084869
FlexTok,n01494475,160,0.036129317060112964,1.724457015991211,0.044934335947036746,0.05063462451100349,1.6857987213134766,0.06135298162698746,0.014505307450890528,-0.038658294677734295,0.016418645679950716
FlexTok,n01494475,208,0.020976630970835686,1.354898166656494,0.02787521243095398,0.02657153502106667,1.168000602722168,0.031405527591705326,0.005594904050230984,-0.186897563934326,0.0035303151607513454
FlexTok,n01494475,256,0.0,0.0,0.0,0.0,0.0,0.0,0.0,0.0,0.0
FlexTok,n01498041,8,0.25896542489528657,5.08436351776123,0.1604569697380066,0.37963990777730944,6.584629163742066,0.2669470289349556,0.12067448288202287,1.5002656459808357,0.10649005919694898
FlexTok,n01498041,16,0.2298232126235962,5.093056602478028,0.15928939402103426,0.33089800029993055,6.450597257614137,0.25123750030994413,0.10107478767633435,1.357540655136109,0.09194810628890987
FlexTok,n01498041,32,0.17971719950437545,4.166064186096192,0.14090921178460122,0.26672025412321093,5.662342882156372,0.22456275731325148,0.08700305461883548,1.4962786960601795,0.08365354552865026
FlexTok,n01498041,64,0.11299969017505646,3.1349563980102544,0.11649552300572397,0.18184683591127396,4.651591472625733,0.1749224454164505,0.0688471457362175,1.5166350746154786,0.05842692241072653
FlexTok,n01498041,96,0.07905060976743698,2.4380912780761723,0.08952424407005312,0.1251254040002823,3.5915550231933597,0.1305714577436447,0.046074794232845315,1.1534637451171874,0.041047213673591584
FlexTok,n01498041,128,0.050019781887531284,1.5225004959106447,0.059100590050220496,0.07487357616424561,2.3633680343627934,0.0850418096780777,0.02485379427671433,0.8408675384521487,0.025941219627857205
FlexTok,n01498041,160,0.03427191868424415,1.261567058563233,0.044664596021175396,0.05266039773821831,1.8441370010375981,0.060758575797080994,0.018388479053974158,0.5825699424743651,0.016093979775905598
FlexTok,n01498041,208,0.022317840158939357,1.0887839508056643,0.02283823668956757,0.02836219757795334,1.3408580589294434,0.03297481656074524,0.0060443574190139834,0.2520741081237792,0.010136579871177668
FlexTok,n01498041,256,0.0,0.0,0.0,0.0,0.0,0.0,0.0,0.0,0.0
FlexTok,n01514859,8,0.2626406034827232,4.2426833152771,0.18764547131955622,0.360185007750988,4.82051115989685,0.25398116402328014,0.09754440426826477,0.5778278446197502,0.06633569270372391
FlexTok,n01514859,16,0.218057276904583,4.162772121429444,0.18156035229563713,0.3247433152794838,4.828319997787475,0.24878813035786151,0.10668603837490082,0.6655478763580316,0.06722777806222438
FlexTok,n01514859,32,0.1771252229809761,3.5232378005981446,0.16671908654272558,0.2689859220385552,4.297524623870849,0.22260783553123475,0.0918606990575791,0.7742868232727047,0.05588874898850918
FlexTok,n01514859,64,0.11566932827234268,2.7874825286865232,0.14279187664389612,0.18984211087226868,3.6521262454986574,0.18093639642000198,0.074172782599926,0.8646437168121341,0.03814451977610586
FlexTok,n01514859,96,0.07966245949268341,2.1314543151855467,0.10869975492358208,0.13745386362075807,2.9207966327667236,0.1422469973564148,0.05779140412807465,0.7893423175811769,0.03354724243283272
FlexTok,n01514859,128,0.05072874814271927,1.4623892021179206,0.07662454083561897,0.08778501987457275,1.9350991344451904,0.09484652042388916,0.03705627173185348,0.4727099323272699,0.018221979588270196
FlexTok,n01514859,160,0.033196154534816745,1.0788924407958986,0.054709518253803255,0.06396602123975755,1.5823935508728026,0.07215018630027771,0.0307698667049408,0.503501110076904,0.017440668046474456
FlexTok,n01514859,208,0.019767729938030255,0.6152976417541506,0.027263162732124334,0.03280878230929376,0.97073616027832,0.03559523105621338,0.013041052371263503,0.3554385185241694,0.008332068324089045
FlexTok,n01514859,256,0.0,0.0,0.0,0.0,0.0,0.0,0.0,0.0,0.0
FlexTok,n01518878,8,0.25781140685081483,5.5936581420898435,0.21471354067325593,0.3742516679316759,5.613982648849487,0.2778631393611431,0.11644026108086108,0.02032450675964359,0.06314959868788717
FlexTok,n01518878,16,0.20855912655591965,5.264925880432129,0.2053140865266323,0.3266865200549364,5.540853509902954,0.2498969641327858,0.11812739349901677,0.27592762947082505,0.04458287760615351
FlexTok,n01518878,32,0.16197367787361144,4.478139953613282,0.1800587160885334,0.2601908574253321,4.711218585968018,0.2209715123474598,0.09821717955172066,0.23307863235473558,0.04091279625892638
FlexTok,n01518878,64,0.10699492067098619,3.534132671356202,0.15478161886334418,0.17173652775585652,3.8522866439819343,0.17726609900593757,0.06474160708487033,0.31815397262573253,0.022484480142593383
FlexTok,n01518878,96,0.08151042312383652,2.636054630279542,0.11677520349621773,0.12147343523800375,2.955548877716065,0.132601198554039,0.03996301211416722,0.319494247436523,0.015825995057821285
FlexTok,n01518878,128,0.046077179908752444,1.693772277832032,0.07766490533947945,0.07480409838259221,1.991407260894776,0.08644335627555848,0.028726918473839763,0.29763498306274383,0.008778450936079027
FlexTok,n01518878,160,0.03435935407876969,1.3131237602233896,0.05825388878583908,0.051941659450531,1.5629918670654304,0.061778140664100645,0.017582305371761316,0.24986810684204075,0.0035242518782615667
FlexTok,n01518878,208,0.01852364018559456,0.7433187866210941,0.028364199399948116,0.028513634726405147,0.9973851776123054,0.030545585155487057,0.009989994540810586,0.2540663909912113,0.0021813857555389414
FlexTok,n01518878,256,0.0,0.0,0.0,0.0,0.0,0.0,0.0,0.0,0.0
FlexTok,n01531178,8,0.31057542175054553,6.014660387039185,0.25782970651984216,0.3549879189580679,5.708891277313232,0.23497606463730336,0.04441249720752238,-0.3057691097259525,-0.0228536418825388
FlexTok,n01531178,16,0.2628863236308098,5.7433680820465085,0.24180812820792197,0.3137159355729819,5.5525995540618895,0.2309247077256441,0.05082961194217206,-0.19076852798461896,-0.010883420482277861
FlexTok,n01531178,32,0.203388574719429,5.130639715194702,0.21675259083509446,0.239528029486537,4.784115142822266,0.20069209881126882,0.036139454767108004,-0.34652457237243617,-0.016060492023825645
FlexTok,n01531178,64,0.1377655893564224,4.081161441802979,0.17325903207063675,0.16217449568212033,3.893690547943115,0.160008502304554,0.02440890632569792,-0.1874708938598637,-0.013250529766082764
FlexTok,n01531178,96,0.09345297157764434,3.145642051696777,0.1277785989642143,0.11531390182673933,2.9052307319641115,0.12145978957414627,0.02186093024909498,-0.2404113197326656,-0.006318809390068042
FlexTok,n01531178,128,0.05983564704656601,2.1400447463989263,0.0853420466184616,0.07632642544806005,2.070613861083985,0.08590458005666733,0.016490778401494044,-0.06943088531494146,0.0005625334382057257
FlexTok,n01531178,160,0.04278797626495361,1.5866745376586917,0.060672082006931305,0.05194021202623845,1.5225240325927738,0.06027828872203827,0.009152235761284835,-0.0641505050659179,-0.00039379328489303617
FlexTok,n01531178,208,0.021441412866115575,0.8927536773681644,0.030367704629898067,0.031217762008309356,1.0343098068237309,0.0324755236506462,0.009776349142193781,0.1415561294555665,0.002107819020748136
FlexTok,n01531178,256,0.0,0.0,0.0,0.0,0.0,0.0,0.0,0.0,0.0
FlexTok,n01534433,8,0.2864749351143837,5.608740882873535,0.2392452796548605,0.32487667188048364,6.335678777694702,0.2087255285680294,0.038401736766099925,0.7269378948211669,-0.03051975108683111
FlexTok,n01534433,16,0.2441784355044365,5.241212234497071,0.2291753501445055,0.27607273474335675,5.937217016220092,0.20230159685015678,0.03189429923892026,0.6960047817230217,-0.026873753294348712
FlexTok,n01534433,32,0.18524180561304096,4.597701625823974,0.20464427053928375,0.218712687343359,5.185389862060547,0.1780256113409996,0.033470881730318036,0.5876882362365734,-0.026618659198284156
FlexTok,n01534433,64,0.12785058170557023,3.611845169067382,0.17099087864160536,0.13838848114013672,3.9718301582336424,0.14037142351269724,0.010537899434566483,0.3599849891662603,-0.030619455128908124
FlexTok,n01534433,96,0.08896842867136001,2.7579448699951166,0.12412829920649529,0.09542469665408136,2.9648223495483403,0.1026289014518261,0.00645626798272135,0.20687747955322378,-0.02149939775466919
FlexTok,n01534433,128,0.050871875286102305,1.8592026138305657,0.08310902118682861,0.05711546018719674,1.9587797355651855,0.06699830085039139,0.006243584901094432,0.09957712173461974,-0.01611072033643722
FlexTok,n01534433,160,0.035376033484935766,1.3440422821044917,0.05951404362916946,0.038740012943744656,1.469896411895752,0.047639195322990414,0.0033639794588088898,0.12585412979126032,-0.011874848306179048
FlexTok,n01534433,208,0.02011454641819001,0.804432697296142,0.03145492523908615,0.025693343430757527,1.093077507019043,0.025889351665973663,0.005578797012567516,0.2886448097229011,-0.005565573573112485
FlexTok,n01534433,256,0.0,0.0,0.0,0.0,0.0,0.0,0.0,0.0,0.0
FlexTok,n01614925,8,0.25371015362441546,6.217833423614502,0.21205251410603526,0.33735219180583953,6.263922557830811,0.2548595801740885,0.08364203818142407,0.04608913421630856,0.042807066068053234
FlexTok,n01614925,16,0.22071673534810546,5.773610696792603,0.20164806187152862,0.3010295486450195,5.8829319953918455,0.24263086587190627,0.08031281329691406,0.10932129859924267,0.040982804000377654
FlexTok,n01614925,32,0.16838356755673886,5.037446594238281,0.1754019965231419,0.23617562741041184,5.129912929534912,0.21673884853720665,0.06779205985367298,0.09246633529663129,0.04133685201406476
FlexTok,n01614925,64,0.11088642202317715,4.0150370597839355,0.14068519443273544,0.17022373676300048,4.402169322967529,0.17438170328736305,0.05933731473982333,0.3871322631835934,0.033696508854627605
FlexTok,n01614925,96,0.07618273563683034,3.004247665405274,0.10446727931499483,0.1204830202460289,3.363611965179443,0.12542411893606187,0.04430028460919856,0.3593642997741693,0.020956839621067036
FlexTok,n01614925,128,0.04493178583681584,1.94806137084961,0.06980031490325928,0.07672161370515823,2.3143887519836426,0.08788834661245346,0.03178982786834239,0.3663273811340326,0.01808803170919418
FlexTok,n01614925,160,0.03100528754293919,1.3634341430664065,0.04872178733348846,0.051490631103515636,1.7474712753295902,0.060646485388278965,0.020485343560576446,0.3840371322631837,0.011924698054790503
FlexTok,n01614925,208,0.01539453513920308,0.7663266563415531,0.025170272290706633,0.02692499309778213,1.070706481933594,0.028707000315189354,0.01153045795857905,0.304379825592041,0.003536728024482721
FlexTok,n01614925,256,0.0,0.0,0.0,0.0,0.0,0.0,0.0,0.0,0.0
FlexTok,n01616318,8,0.24545762881636624,5.660136184692383,0.19382868342101578,0.3666191349923611,5.82285659790039,0.267656447738409,0.12116150617599486,0.16272041320800756,0.07382776431739324
FlexTok,n01616318,16,0.215727726072073,5.492041988372803,0.1900485520809889,0.32711285814642904,5.813650045394898,0.25359704479575157,0.11138513207435605,0.32160805702209494,0.06354849271476268
FlexTok,n01616318,32,0.17048078820109366,4.594328536987304,0.16594063445925714,0.2634204535186291,5.159399824142456,0.22166579067707062,0.09293966531753542,0.5650712871551518,0.05572515621781349
FlexTok,n01616318,64,0.10867876678705217,3.710002136230468,0.13861207798123362,0.17920280382037163,4.147040596008301,0.1776820394396782,0.07052403703331946,0.43703845977783295,0.039069961458444574
FlexTok,n01616318,96,0.07417266532778741,2.8322661399841302,0.10446516007184985,0.12294086113572121,3.15128231048584,0.12937262207269667,0.048768195807933803,0.3190161705017096,0.024907462000846828
FlexTok,n01616318,128,0.045354006737470635,1.9621294403076166,0.07179545029997826,0.07677169322967531,2.1836758613586422,0.08900113731622696,0.03141768649220467,0.22154642105102562,0.017205687016248694
FlexTok,n01616318,160,0.03220861852169037,1.4598543930053705,0.0509760244190693,0.05492792621254921,1.6211442756652834,0.06315719068050385,0.022719307690858837,0.16128988265991295,0.012181166261434548
FlexTok,n01616318,208,0.01810696452856064,0.7786063194274891,0.024570963382720953,0.03067849710583686,0.9638944244384766,0.03294881224632263,0.01257153257727622,0.18528810501098747,0.008377848863601677
FlexTok,n01616318,256,0.0,0.0,0.0,0.0,0.0,0.0,0.0,0.0,0.0
FlexTok,n01630670,8,0.2480806764960289,4.346373844146728,0.1745418341830373,0.3442764413356782,5.127534923553466,0.22871384382247925,0.09619576483964928,0.7811610794067381,0.054172009639441965
FlexTok,n01630670,16,0.21130676060914994,4.274646492004394,0.18116765521466732,0.31305225729942326,5.115518074035644,0.2244149237126112,0.10174549669027333,0.8408715820312498,0.043247268497943886
FlexTok,n01630670,32,0.17120369881391526,3.914545021057129,0.1713437519967556,0.24991124600172046,4.4669127273559575,0.19432651728391648,0.0787075471878052,0.5523677062988286,0.022982765287160867
FlexTok,n01630670,64,0.10979107946157456,3.0362562942504883,0.14891786687076092,0.1565270620584488,3.691890907287598,0.15462806850671768,0.04673598259687424,0.6556346130371096,0.0057102016359567576
FlexTok,n01630670,96,0.08080405294895172,2.330895843505859,0.1188768355548382,0.11350510150194168,2.846304531097412,0.11559700816869736,0.032701048552989956,0.5154086875915533,-0.0032798273861408406
FlexTok,n01630670,128,0.05167753577232362,1.487855281829834,0.08164655566215515,0.07106268212199213,1.9267351913452146,0.07747863531112671,0.01938514634966851,0.4388799095153806,-0.004167920351028434
FlexTok,n01630670,160,0.03591673254966736,1.1239102172851563,0.0602943629026413,0.05123369306325913,1.4909952735900875,0.05860825002193451,0.01531696051359177,0.36708505630493127,-0.0016861128807067888
FlexTok,n01630670,208,0.02127234220504761,0.725372200012207,0.030402174293994902,0.02792464435100556,0.9664457893371577,0.03223260939121246,0.006652302145957949,0.2410735893249507,0.0018304350972175587
FlexTok,n01630670,256,0.0,0.0,0.0,0.0,0.0,0.0,0.0,0.0,0.0
FlexTok,n01632777,8,0.31815959602594374,7.129136028289795,0.25325381115078927,0.34977898359298704,4.628635396957398,0.24129870817065238,0.0316193875670433,-2.5005006313323976,-0.011955102980136884
FlexTok,n01632777,16,0.27995473295450213,6.729523181915283,0.23926018878817562,0.3155610048770905,4.7064479732513425,0.23329020678997042,0.03560627192258836,-2.0230752086639407,-0.005969981998205198
FlexTok,n01632777,32,0.2249860057234764,5.7281278800964355,0.2095073591172695,0.25716211795806887,4.122597808837891,0.20389756083488467,0.03217611223459246,-1.6055300712585447,-0.005609798282384837
FlexTok,n01632777,64,0.15600971907377245,4.515594253540039,0.1672337245941162,0.17654879093170167,3.499045524597168,0.17867271892726422,0.02053907185792922,-1.0165487289428707,0.011438994333148017
FlexTok,n01632777,96,0.11167278677225113,3.50829740524292,0.12493439942598344,0.1284418722987175,2.825431060791016,0.1413483586907387,0.016769085526466374,-0.6828663444519041,0.01641395926475525
FlexTok,n01632777,128,0.06788679271936417,2.34804874420166,0.08148099660873413,0.08233165428042413,1.9377728080749508,0.09429515942931176,0.014444861561059966,-0.41027593612670943,0.012814162820577624
FlexTok,n01632777,160,0.050375600159168255,1.8115932846069336,0.0630619353055954,0.06244605094194414,1.5627727508544922,0.0699797084927559,0.012070450782775882,-0.2488205337524414,0.0069177731871604975
FlexTok,n01632777,208,0.02673094838857651,1.1474815750122072,0.032368257045745856,0.034254216253757484,1.1530675506591797,0.0376943239569664,0.007523267865180976,0.005585975646972496,0.005326066911220541
FlexTok,n01632777,256,0.0,0.0,0.0,0.0,0.0,0.0,0.0,0.0,0.0
FlexTok,n01644373,8,0.3193761067092419,6.129366321563721,0.2542314822971821,0.3429417362809181,5.647563667297363,0.22904593423008923,0.02356562957167624,-0.4818026542663576,-0.02518554806709289
FlexTok,n01644373,16,0.2717284773290157,5.810554313659668,0.23768689036369323,0.29414665728807454,5.542147808074951,0.22584877222776412,0.022418179959058815,-0.2684065055847169,-0.01183811813592911
FlexTok,n01644373,32,0.21510567352175713,4.9310480499267575,0.20814071699976922,0.23207681894302368,4.919613037109375,0.19917877301573753,0.016971145421266542,-0.01143501281738235,-0.00896194398403169
FlexTok,n01644373,64,0.14604924961924554,4.057489280700684,0.1756329740583897,0.16436969429254533,4.178651790618897,0.159208192974329,0.018320444673299796,0.12116250991821254,-0.016424781084060702
FlexTok,n01644373,96,0.1001504223048687,3.086822166442871,0.1313815024495125,0.11390269666910173,3.09493257522583,0.12352121114730835,0.013752274364233028,0.008110408782958878,-0.007860291302204142
FlexTok,n01644373,128,0.06205137744545937,1.9960244178771978,0.08540550529956818,0.0712521255016327,2.193676586151123,0.08092066138982773,0.009200748056173325,0.1976521682739254,-0.004484843909740452
FlexTok,n01644373,160,0.04221705392003059,1.449812641143799,0.060269441306591044,0.04837615668773652,1.6461853790283205,0.06253510713577272,0.006159102767705926,0.19637273788452148,0.0022656658291816748
FlexTok,n01644373,208,0.02236388489603996,0.849308547973633,0.03516048640012741,0.025572702139616026,1.0412224197387698,0.031208902895450596,0.003208817243576065,0.19191387176513686,-0.003951583504676812
FlexTok,n01644373,256,0.0,0.0,0.0,0.0,0.0,0.0,0.0,0.0,0.0
FlexTok,n01677366,8,0.27054922699928285,4.448754692077637,0.207860648855567,0.31154916271567346,4.706907768249512,0.22860872462391854,0.0409999357163906,0.2581530761718751,0.020748075768351554
FlexTok,n01677366,16,0.23247804045677184,4.430997161865235,0.19994670525193214,0.2759702901542187,4.689330883026123,0.22588628746569162,0.04349224969744686,0.2583337211608887,0.02593958221375947
FlexTok,n01677366,32,0.19160414695739747,3.7390534591674807,0.18340430840849875,0.21878797218203544,4.146132030487061,0.1997716498374939,0.02718382522463797,0.4070785713195799,0.016367341428995152
FlexTok,n01677366,64,0.13451345145702362,3.0979603576660155,0.1603945045918226,0.14709906354546548,3.2912081336975105,0.1680695286393166,0.012585612088441861,0.193247776031495,0.0076750240474939835
FlexTok,n01677366,96,0.09732689023017883,2.3539704704284667,0.12340451776981354,0.11096340522170067,2.565559787750244,0.13445235118269921,0.01363651499152184,0.21158931732177733,0.011047833412885677
FlexTok,n01677366,128,0.060677362382411955,1.5983463096618653,0.08603374972939491,0.07014894947409629,1.8207462692260747,0.09416570529341697,0.009471587091684337,0.22239995956420944,0.008131955564022061
FlexTok,n01677366,160,0.0428315943479538,1.1537160301208498,0.062282715290784836,0.04983407840132712,1.3884827995300293,0.0667366947233677,0.007002484053373323,0.2347667694091795,0.004453979432582862
FlexTok,n01677366,208,0.024805205166339873,0.7171418762207034,0.032369543612003324,0.026495025008916855,0.8308212471008304,0.03466340333223343,0.0016898198425769825,0.11367937088012703,0.002293859720230107
FlexTok,n01677366,256,0.0,0.0,0.0,0.0,0.0,0.0,0.0,0.0,0.0
FlexTok,n01694178,8,0.3048701804876328,4.47109546661377,0.24118538714945317,0.3461979830265045,5.3570023536682125,0.24582427278161048,0.041327802538871694,0.8859068870544426,0.004638885632157308
FlexTok,n01694178,16,0.2768995159864426,4.364240093231201,0.22349667437374596,0.2964145112037659,5.170081996917725,0.23352327764034272,0.019514995217323305,0.8058419036865239,0.010026603266596767
FlexTok,n01694178,32,0.21936818480491638,3.725926151275635,0.19486764654517175,0.23662554889917373,4.484620246887207,0.2017073605954647,0.01725736409425735,0.7586940956115722,0.006839714050292961
FlexTok,n01694178,64,0.14792437434196473,2.924960594177246,0.15227103345096113,0.16315973341464995,3.6860154724121093,0.16709058448672295,0.015235359072685223,0.7610548782348632,0.014819551035761824
FlexTok,n01694178,96,0.09954785257577896,2.294487171173096,0.11343915998935701,0.1178844714164734,2.8139904975891112,0.1246517252922058,0.018336618840694444,0.5195033264160154,0.011212565302848795
FlexTok,n01694178,128,0.061588743031024934,1.536840744018555,0.07904366672039032,0.08049626871943474,2.0592009353637697,0.08923011422157287,0.01890752568840981,0.5223601913452147,0.010186447501182555
FlexTok,n01694178,160,0.04241769880056382,1.155487060546875,0.05678884312510491,0.05752614751458168,1.6135375404357917,0.06456355601549149,0.015108448714017862,0.4580504798889167,0.00777471289038658
FlexTok,n01694178,208,0.023151161968708037,0.6424302291870115,0.02896487623453141,0.02955202713608742,0.9954425430297854,0.029913226664066324,0.006400865167379383,0.3530123138427739,0.0009483504295349152
FlexTok,n01694178,256,0.0,0.0,0.0,0.0,0.0,0.0,0.0,0.0,0.0
FlexTok,n01748264,8,0.27838280305266383,5.446159057617187,0.2262197517603636,0.33267821788787844,5.377000789642334,0.25136626824736596,0.054295414835214606,-0.0691582679748528,0.025146516487002363
FlexTok,n01748264,16,0.22719973489642148,5.146451511383057,0.2144126457720995,0.29768960952758794,5.127005414962769,0.24036872074007987,0.07048987463116646,-0.01944609642028805,0.025956074967980358
FlexTok,n01748264,32,0.176630929261446,4.358892250061035,0.18411097869277002,0.2328639131784439,4.442594413757324,0.2104181529581547,0.05623298391699791,0.08370216369628913,0.026307174265384675
FlexTok,n01748264,64,0.1136800642311573,3.5244060707092286,0.15624079272150995,0.15918770015239717,3.6303363990783692,0.17695948883891105,0.04550763592123987,0.10593032836914062,0.020718696117401098
FlexTok,n01748264,96,0.07901566430926323,2.4908360481262206,0.11830464050173761,0.1122981733083725,2.8307133293151856,0.13713792249560355,0.03328250899910927,0.339877281188965,0.01883328199386594
FlexTok,n01748264,128,0.04765068337321282,1.6471770286560057,0.08239380523562431,0.07255336284637451,1.8968346214294434,0.09597845479846001,0.024902679473161687,0.2496575927734377,0.013584649562835699
FlexTok,n01748264,160,0.03314436599612237,1.243264751434326,0.06028457432985307,0.05167462274432182,1.4441937828063969,0.06783943951129914,0.018530256748199456,0.20092903137207085,0.007554865181446074
FlexTok,n01748264,208,0.01913502469658852,0.6817770195007324,0.031078539788722995,0.02688450634479524,0.9148765373229979,0.03338842064142228,0.00774948164820672,0.23309951782226546,0.002309880852699283
FlexTok,n01748264,256,0.0,0.0,0.0,0.0,0.0,0.0,0.0,0.0,0.0
FlexTok,n01770393,8,0.2904795050621033,5.756008281707763,0.21723088629543783,0.3441670437157154,5.349551897048951,0.23245145440101628,0.05368753865361209,-0.40645638465881273,0.015220568105578453
FlexTok,n01770393,16,0.25426175713539123,5.699318809509277,0.21588855691254139,0.30562907889485363,5.317298707962036,0.22553284540772442,0.0513673217594624,-0.38202010154724153,0.009644288495183034
FlexTok,n01770393,32,0.20201371401548385,4.919907455444336,0.19219674780964852,0.23616601124405862,4.482795944213867,0.19861518383026128,0.03415229722857477,-0.43711151123046843,0.006418436020612761
FlexTok,n01770393,64,0.13234613865613937,3.9859188270568846,0.15701177775859834,0.15789721563458442,3.7001730918884284,0.16435408264398574,0.025551076978445053,-0.28574573516845625,0.007342304885387396
FlexTok,n01770393,96,0.09779215782880783,3.0830666732788092,0.12114966288208961,0.11181181654334069,2.8298588180541997,0.12558791115880014,0.014019658714532854,-0.25320785522460953,0.004438248276710521
FlexTok,n01770393,128,0.06001005917787552,2.044951763153077,0.08070743262767792,0.07318326845765115,1.9958556365966802,0.08579446941614152,0.013173209279775631,-0.049096126556396724,0.005087036788463603
FlexTok,n01770393,160,0.041987206339836124,1.5787400245666503,0.05933505415916443,0.05123186007142067,1.5469306945800785,0.061606082618236545,0.009244653731584548,-0.03180932998657182,0.002271028459072115
FlexTok,n01770393,208,0.023688614964485166,0.8685220146179202,0.030882271528244017,0.027769619226455693,0.9348372459411624,0.029335098564624785,0.004081004261970528,0.06631523132324213,-0.0015471729636192325
FlexTok,n01770393,256,0.0,0.0,0.0,0.0,0.0,0.0,0.0,0.0,0.0
FlexTok,n01774750,8,0.26497593805193903,5.272833461761475,0.22341104239225387,0.34130785897374155,5.199483871459961,0.266779937595129,0.07633192092180252,-0.07334959030151378,0.04336889520287515
FlexTok,n01774750,16,0.2332882522046566,5.224990119934082,0.21973189458251002,0.30560040310025216,5.1642765712738035,0.26392911061644553,0.07231215089559556,-0.06071354866027878,0.044197216033935505
FlexTok,n01774750,32,0.1857868941128254,4.580159873962402,0.19719806708395482,0.25355677083134653,4.498025579452515,0.22678368054330353,0.06776987671852114,-0.08213429450988752,0.02958561345934871
FlexTok,n01774750,64,0.12395726814866066,3.6017963981628416,0.16209327176213265,0.1643321095407009,3.6564812660217285,0.18611621901392936,0.04037484139204024,0.05468486785888693,0.02402294725179671
FlexTok,n01774750,96,0.08847501233220101,2.7363468742370607,0.12569472968578338,0.12239074811339379,2.8694191646575926,0.13967212080955504,0.03391573578119278,0.13307229042053192,0.013977391123771665
FlexTok,n01774750,128,0.0587556803226471,1.7886228370666504,0.08601545706391335,0.07809467896819115,1.9771262741088866,0.09791624620556831,0.019338998645544052,0.18850343704223627,0.01190078914165496
FlexTok,n01774750,160,0.04114998757839203,1.3833531951904297,0.0637801256775856,0.05543143704533577,1.4989643478393555,0.07117490604519845,0.014281449466943742,0.11561115264892585,0.0073947803676128465
FlexTok,n01774750,208,0.023760755807161336,0.8482464027404782,0.03375012576580048,0.029289867430925366,0.9675108909606933,0.03348920375108719,0.00552911162376403,0.11926448822021507,-0.00026092201471328985
FlexTok,n01774750,256,0.0,0.0,0.0,0.0,0.0,0.0,0.0,0.0,0.0
FlexTok,n01784675,8,0.2635839292407036,4.756586170196533,0.19132962994277478,0.3210928338766098,4.925389270782471,0.1966347010433674,0.05750890463590619,0.16880310058593828,0.005305071100592612
FlexTok,n01784675,16,0.2238309919834137,4.5504891967773435,0.18597765311598777,0.2741417533159256,4.591627025604248,0.1907898323237896,0.050310761332511916,0.041137828826904865,0.004812179207801831
FlexTok,n01784675,32,0.1712756296992302,3.8434096717834474,0.1733874049782753,0.21960238218307496,4.277039031982422,0.17309578597545625,0.04832675248384477,0.4336293601989749,-0.0002916190028190435
FlexTok,n01784675,64,0.11142823338508608,2.960585727691651,0.14315248236060144,0.1443992930650711,3.3638415908813477,0.14209580741822722,0.032971059679985024,0.40325586318969675,-0.0010566749423742139
FlexTok,n01784675,96,0.07984838575124742,2.1750484466552735,0.10764294102787973,0.10699845641851426,2.5578426551818847,0.10975881054997444,0.027150070667266837,0.38279420852661117,0.002115869522094707
FlexTok,n01784675,128,0.05000475466251375,1.4353553390502929,0.07397066786885262,0.07051980540156363,1.8076010131835938,0.07666749194264412,0.020515050739049884,0.3722456741333009,0.002696824073791501
FlexTok,n01784675,160,0.035764894038438806,1.1044361877441409,0.054869661480188375,0.05212337628006935,1.4038011169433589,0.05718072697520256,0.016358482241630543,0.299364929199218,0.0023110654950141835
FlexTok,n01784675,208,0.020442780554294594,0.7007066917419436,0.029296098649501806,0.027996630072593686,0.8724298858642575,0.028053343296051025,0.0075538495182990925,0.17172319412231396,-0.0012427553534507807
FlexTok,n01784675,256,0.0,0.0,0.0,0.0,0.0,0.0,0.0,0.0,0.0
FlexTok,n01806143,8,0.24910358428955082,3.6186931800842284,0.17524978321045637,0.31970671817660334,4.371193351745606,0.2165435527265072,0.07060313388705253,0.7525001716613775,0.04129376951605082
FlexTok,n01806143,16,0.21377354443073274,3.5512176513671876,0.1718180651962757,0.2827386163175106,4.388182668685913,0.2102319473773241,0.06896507188677789,0.8369650173187257,0.03841388218104838
FlexTok,n01806143,32,0.16254432499408725,3.0002277755737303,0.15511484023183586,0.22432117864489556,3.8261305236816407,0.1896782922744751,0.06177685365080832,0.8259027481079104,0.03456345204263925
FlexTok,n01806143,64,0.10692261666059495,2.301458339691162,0.13245456077158452,0.15718343660235407,3.101966371536255,0.16440491288900375,0.05026081994175911,0.800508031845093,0.03195035211741923
FlexTok,n01806143,96,0.07656490072607994,1.6988751792907715,0.10305067405104637,0.11766503617167474,2.5253337478637694,0.13248164787888528,0.04110013544559481,0.8264585685729979,0.029430973827838908
FlexTok,n01806143,128,0.047512811869382866,1.1638176727294922,0.07148507192730903,0.07924443230032922,1.7360746574401853,0.09557668372988701,0.03173162043094636,0.5722569847106931,0.024091611802577975
FlexTok,n01806143,160,0.03465245634317399,0.8587875175476072,0.049968515932559965,0.05548278436064722,1.3331349563598633,0.0703342267870903,0.020830328017473233,0.47434743881225616,0.02036571085453033
FlexTok,n01806143,208,0.02246917918324471,0.5390668869018554,0.023843352049589157,0.02846504464745523,0.9072500801086428,0.03457233816385269,0.00599586546421052,0.3681831932067874,0.010728986114263532
FlexTok,n01806143,256,0.0,0.0,0.0,0.0,0.0,0.0,0.0,0.0,0.0
FlexTok,n01820546,8,0.2785379488766193,5.743216018676758,0.24428765080869197,0.3677698016166687,7.00375771522522,0.2609900630265474,0.08923185274004941,1.2605416965484615,0.016702412217855456
FlexTok,n01820546,16,0.241694445759058,5.419236087799073,0.23633030541241168,0.3122317415475846,6.535693836212158,0.24526137724518776,0.0705372957885266,1.1164577484130858,0.008931071832776083
FlexTok,n01820546,32,0.19170886233448983,4.685069885253906,0.2116960783302784,0.2454522916674614,5.549988164901733,0.20935115717351438,0.053743429332971576,0.864918279647827,-0.0023449211567640182
FlexTok,n01820546,64,0.1362172065675259,3.733068046569824,0.1705565159022808,0.17273385614156722,4.465752906799317,0.1742405351996422,0.03651664957404133,0.7326848602294929,0.003684019297361396
FlexTok,n01820546,96,0.09742304638028144,2.7731544685363763,0.12840736478567125,0.11859077215194702,3.2697193145751955,0.1255076440423727,0.021167725771665577,0.49656484603881923,-0.002899720743298556
FlexTok,n01820546,128,0.05916938170790673,1.9034506225585932,0.08746714413166046,0.07113088205456734,2.163398094177247,0.08234612137079239,0.01196150034666061,0.2599474716186536,-0.005121022760868066
FlexTok,n01820546,160,0.041117687076330185,1.4107269668579099,0.062229387164115905,0.04989694654941559,1.6101474380493166,0.057987175434827815,0.008779259473085402,0.1994204711914067,-0.004242211729288091
FlexTok,n01820546,208,0.023638355284929274,0.8217818641662593,0.03260809987783432,0.025783064514398574,1.059661846160889,0.030685139447450643,0.0021447092294692993,0.23787998199462979,-0.001922960430383678
FlexTok,n01820546,256,0.0,0.0,0.0,0.0,0.0,0.0,0.0,0.0,0.0
FlexTok,n01833805,8,0.34203576773405076,7.236213245391846,0.2554504451155663,0.37275618001818656,5.897209787368775,0.24546084061264992,0.0307204122841358,-1.339003458023071,-0.009989604502916388
FlexTok,n01833805,16,0.3032341536879539,6.800992374420166,0.24716580107808114,0.3251430784165859,5.731261539459228,0.23768847525119782,0.021908924728631984,-1.0697308349609376,-0.00947732582688332
FlexTok,n01833805,32,0.2202155375480652,5.763588829040527,0.20054114997386932,0.25775893732905386,4.96472318649292,0.2064168293774128,0.03754339978098867,-0.7988656425476073,0.005875679403543471
FlexTok,n01833805,64,0.13547747448086742,4.555049667358398,0.15528806000947953,0.17590297147631645,4.155423965454101,0.16546116292476654,0.040425496995449034,-0.3996257019042968,0.010173102915287002
FlexTok,n01833805,96,0.08714083090424538,3.3150909996032714,0.10570573151111602,0.12445531651377678,3.2027323722839354,0.12444798767566681,0.037314485609531406,-0.11235862731933599,0.01874225616455079
FlexTok,n01833805,128,0.05206304118037223,2.170678291320801,0.06710709631443025,0.08128147527575492,2.3062186241149907,0.08538010686635972,0.029218434095382696,0.13554033279418976,0.018273010551929467
FlexTok,n01833805,160,0.03868419378995895,1.6069469833374026,0.04895520150661469,0.05895606458187103,1.7836342239379883,0.0625698983669281,0.020271870791912082,0.17668724060058572,0.013614696860313406
FlexTok,n01833805,208,0.02207529410719872,1.0028227806091303,0.026784181594848633,0.0320540751516819,1.1634062957763671,0.03306730598211288,0.009978781044483177,0.1605835151672368,0.0062831243872642495
FlexTok,n01833805,256,0.0,0.0,0.0,0.0,0.0,0.0,0.0,0.0,0.0
FlexTok,n01843383,8,0.3030408447980881,6.405731039047241,0.27868937335908417,0.3764108983427286,7.2434625148773195,0.28953679256141185,0.07337005354464049,0.8377314758300782,0.01084741920232768
FlexTok,n01843383,16,0.269940140247345,6.1160251235961915,0.2672365017980337,0.33490617133677003,7.005924072265625,0.2790653681010008,0.06496603108942506,0.8898989486694333,0.01182886630296709
FlexTok,n01843383,32,0.21833271920681,5.5359878253936765,0.24513455495238304,0.2737283027917147,6.171206426620484,0.24855072923004629,0.05539558358490468,0.6352186012268071,0.0034161742776632475
FlexTok,n01843383,64,0.15825123965740204,4.536657123565674,0.2035864733159542,0.19459522612392902,5.193125762939453,0.20415003247559071,0.03634398646652698,0.6564686393737791,0.0005635591596365175
FlexTok,n01843383,96,0.11230769842863082,3.507338008880615,0.15662010461091996,0.1340008018165827,3.9228233432769777,0.1496070784330368,0.02169310338795187,0.4154853343963625,-0.007013026177883158
FlexTok,n01843383,128,0.07040772125124932,2.392233009338379,0.10365139111876488,0.0823914285749197,2.6476734352111815,0.10035647690296173,0.011983707323670378,0.25544042587280247,-0.003294914215803149
FlexTok,n01843383,160,0.0508496816456318,1.8425347137451171,0.07562980920076372,0.0605348827689886,2.0574754333496097,0.0742420133948326,0.009685201123356801,0.21494071960449257,-0.0013877958059311107
FlexTok,n01843383,208,0.026377460062503813,1.128553867340088,0.03837406784296035,0.02989756532013416,1.2236521911621099,0.03849559426307678,0.0035201052576303467,0.09509832382202199,0.00012152642011642456
FlexTok,n01843383,256,0.0,0.0,0.0,0.0,0.0,0.0,0.0,0.0,0.0
FlexTok,n01847000,8,0.2568619661033154,5.208702583312988,0.23275502271950244,0.3880160940438509,6.53683177947998,0.2619522146880627,0.1311541279405355,1.3281291961669925,0.029197191968560243
FlexTok,n01847000,16,0.22132974192500116,5.058627033233643,0.22308303087949752,0.3484348780661821,6.384028968811035,0.25444551184773445,0.12710513614118096,1.3254019355773918,0.03136248096823693
FlexTok,n01847000,32,0.1788188849389553,4.5566277503967285,0.20696837186813355,0.2829721517115832,5.650179805755616,0.22653918609023094,0.10415326677262787,1.093552055358887,0.019570814222097388
FlexTok,n01847000,64,0.12348401710391047,3.9257851219177247,0.18393829107284546,0.1897441605478525,4.587325382232666,0.18306535497307777,0.06626014344394204,0.6615402603149412,-0.0008729360997676849
FlexTok,n01847000,96,0.08592654898762704,2.9297616386413576,0.1399268275499344,0.13514367885887624,3.4891503143310545,0.13383617997169495,0.049217129871249196,0.5593886756896969,-0.006090647578239461
FlexTok,n01847000,128,0.05431114539504053,1.9852673149108893,0.09672657757997513,0.08770476706326008,2.5470521545410154,0.08997437328100205,0.03339362166821955,0.5617848396301262,-0.00675220429897308
FlexTok,n01847000,160,0.03782999619841576,1.507553443908691,0.07208657145500183,0.057784299477934835,1.9169618415832517,0.06373279839754105,0.019954303279519074,0.4094083976745606,-0.008353773057460781
FlexTok,n01847000,208,0.02127215102314949,0.7877056312561038,0.036287502050399774,0.03213146425783635,1.2411316680908202,0.033962743878364565,0.01085931323468686,0.4534260368347164,-0.0023247581720352087
FlexTok,n01847000,256,0.0,0.0,0.0,0.0,0.0,0.0,0.0,0.0,0.0
FlexTok,n01855672,8,0.2721687794476748,5.520463733673094,0.2079042159765959,0.3586450557410717,7.206839971542358,0.2637915537506342,0.08647627629339688,1.686376237869264,0.05588733777403829
FlexTok,n01855672,16,0.2292741561681032,5.232273960113524,0.20219833761453632,0.32273325011134146,6.85152268409729,0.25227557726204397,0.09345909394323826,1.619248723983766,0.050077239647507654
FlexTok,n01855672,32,0.18195441491901876,4.667094593048095,0.1859972032904625,0.2520583425462246,6.031974353790283,0.2239228892326355,0.07010392762720585,1.3648797607421885,0.03792568594217302
FlexTok,n01855672,64,0.1260699573904276,3.845712814331054,0.15690865024924278,0.1782406143844128,5.0704274749755855,0.17923603519797326,0.05217065699398521,1.2247146606445316,0.02232738494873049
FlexTok,n01855672,96,0.08633031271398069,2.8158241653442375,0.11663519278168678,0.12181166931986809,3.664687728881836,0.1325472891330719,0.0354813566058874,0.8488635635375985,0.015912096351385116
FlexTok,n01855672,128,0.05096194379031658,1.906134529113769,0.08068075165152551,0.07690734326839448,2.543615913391113,0.0852378636598587,0.025945399478077898,0.6374813842773439,0.004557112008333197
FlexTok,n01855672,160,0.035729694440960885,1.4401058959960928,0.0585997697710991,0.05278351843357087,1.8626359176635743,0.0587765496969223,0.017053823992609983,0.42253002166748144,0.00017677992582320473
FlexTok,n01855672,208,0.02034010402858258,0.8793108940124504,0.030940933525562292,0.031921346187591564,1.4354563331603998,0.033004689514636996,0.011581242159008985,0.5561454391479493,0.0020637559890747045
FlexTok,n01855672,256,0.0,0.0,0.0,0.0,0.0,0.0,0.0,0.0,0.0
FlexTok,n01860187,8,0.2488573595881462,5.349229869842529,0.2155644754320383,0.36392297625541686,6.716340084075927,0.2848221723362803,0.11506561666727066,1.3671102142333984,0.06925769690424202
FlexTok,n01860187,16,0.21239034503698348,4.916302490234375,0.2020212891697884,0.32216808319091794,6.4521236324310305,0.27454604517668485,0.10977773815393446,1.5358211421966557,0.07252475600689645
FlexTok,n01860187,32,0.171237028837204,4.213680076599121,0.18563407279551028,0.2656710332632065,5.823345012664795,0.24190024875104427,0.09443400442600253,1.6096649360656743,0.05626617595553399
FlexTok,n01860187,64,0.11340022325515749,3.323850727081299,0.16070309951901435,0.18154430598020554,4.956222801208496,0.1967681922018528,0.06814408272504806,1.6323720741271974,0.036065092682838445
FlexTok,n01860187,96,0.08005444079637529,2.399820384979248,0.1202704744040966,0.12798503153026106,3.771026821136475,0.15092723399400712,0.04793059073388577,1.3712064361572267,0.030656759589910515
FlexTok,n01860187,128,0.05089931637048721,1.6077469253540042,0.0835090246796608,0.0815075033903122,2.5167836570739746,0.09802610367536545,0.030608187019824984,0.9090367317199703,0.014517078995704646
FlexTok,n01860187,160,0.037131922245025636,1.1961367034912107,0.06249363869428635,0.056801344007253646,1.95348051071167,0.06908851712942124,0.01966942176222801,0.7573438072204592,0.006594878435134892
FlexTok,n01860187,208,0.020101878494024276,0.7142049980163574,0.030909217596054077,0.02999838337302208,1.2266802406311033,0.03760071158409119,0.009896504878997802,0.5124752426147459,0.00669149398803711
FlexTok,n01860187,256,0.0,0.0,0.0,0.0,0.0,0.0,0.0,0.0,0.0
FlexTok,n01882714,8,0.284202173948288,5.282334842681885,0.2340869230777025,0.36738105595111853,5.914554529190063,0.2792514124512673,0.08317888200283052,0.6322196865081784,0.045164489373564765
FlexTok,n01882714,16,0.24587313055992127,5.081317520141601,0.22630278281867505,0.3358237934112549,5.865152587890625,0.27567180067300795,0.08995066285133363,0.783835067749024,0.0493690178543329
FlexTok,n01882714,32,0.20044882476329803,4.4501908493041995,0.2063066241145134,0.2690683746337891,5.211748638153076,0.2474482707679272,0.06861954987049104,0.7615577888488767,0.0411416466534138
FlexTok,n01882714,64,0.14017731904983521,3.5944277572631838,0.17955109745264053,0.18962350219488147,4.467452545166015,0.21182539254426958,0.04944618314504626,0.8730247879028314,0.032274295091629046
FlexTok,n01882714,96,0.10330713927745819,2.7509584426879883,0.13892824321985245,0.13677158355712893,3.484002780914307,0.16156424552202225,0.03346444427967074,0.7330443382263185,0.022636002302169805
FlexTok,n01882714,128,0.06429813027381898,1.8242128944396974,0.09693464487791062,0.08777737319469453,2.4207163238525395,0.10968334734439851,0.023479242920875554,0.5965034294128422,0.01274870246648789
FlexTok,n01882714,160,0.04205552309751512,1.3622533226013183,0.06868174865841865,0.06307069569826128,1.9028596878051758,0.08109213799238205,0.02101517260074616,0.5406063652038575,0.012410389333963392
FlexTok,n01882714,208,0.02405763447284698,0.7699939918518064,0.03267658591270447,0.032015044838190086,1.1492592430114745,0.03965443670749665,0.007957410365343105,0.37926525115966814,0.006977850794792184
FlexTok,n01882714,256,0.0,0.0,0.0,0.0,0.0,0.0,0.0,0.0,0.0
FlexTok,n01910747,8,0.2712636205554009,6.144555206298828,0.19379623517394065,0.3374602819979191,4.4423445606231695,0.23218691267073155,0.06619666144251823,-1.7022106456756587,0.0383906774967909
FlexTok,n01910747,16,0.2438892436027527,5.948420372009277,0.19056638985872273,0.3051092793047428,4.695396242141723,0.2334739138931036,0.06122003570199011,-1.253024129867554,0.04290752403438086
FlexTok,n01910747,32,0.1883908447623253,4.866523323059082,0.16015750616788865,0.24228020563721656,4.067717399597168,0.2098813405632973,0.05388936087489127,-0.7988059234619138,0.049723834395408645
FlexTok,n01910747,64,0.11429907530546188,3.5332462692260735,0.11209736853837966,0.1714794234931469,3.3806027221679686,0.17595893993973732,0.057180348187685026,-0.1526435470581049,0.06386157140135766
FlexTok,n01910747,96,0.0796819794178009,2.6550488662719722,0.0805062445998192,0.1266072265803814,2.7411742591857915,0.13726597249507905,0.046925247162580494,0.08612539291381927,0.05675972789525985
FlexTok,n01910747,128,0.05008341044187545,1.6882501602172855,0.052698354721069346,0.08117953971028329,1.904210548400879,0.09604096859693527,0.031096129268407838,0.21596038818359364,0.043342613875865924
FlexTok,n01910747,160,0.03601200804114341,1.2626998519897459,0.03567805439233781,0.057030404955148696,1.5395722961425786,0.07204019218683243,0.021018396914005283,0.27687244415283274,0.03636213779449462
FlexTok,n01910747,208,0.02345015406608581,1.155834674835205,0.0309637874364853,0.035190769731998445,1.2596636772155763,0.03948693364858627,0.011740615665912633,0.10382900238037118,0.008523146212100971
FlexTok,n01910747,256,0.0,0.0,0.0,0.0,0.0,0.0,0.0,0.0,0.0
FlexTok,n01944390,8,0.3064190009236336,5.571047821044922,0.23359883591532707,0.3726503376662731,6.688777160644531,0.2662546154856682,0.06623133674263948,1.1177293395996095,0.03265577957034113
FlexTok,n01944390,16,0.26890724927186965,5.3707802200317385,0.23078870654106143,0.3363316379487514,6.606226463317871,0.26393589168787,0.06742438867688177,1.2354462432861322,0.03314718514680859
FlexTok,n01944390,32,0.20958253711462022,4.607044696807861,0.20738434024155145,0.26342042043805125,5.598328065872193,0.2324598191678524,0.053837883323431035,0.9912833690643312,0.025075478926300965
FlexTok,n01944390,64,0.14002915114164352,3.5457755279541017,0.17192343242466449,0.1805259667336941,4.612731847763062,0.19825057715177535,0.04049681559205057,1.06695631980896,0.02632714472711087
FlexTok,n01944390,96,0.1000957641005516,2.735951442718506,0.13444022580981257,0.12456655994057657,3.5412069225311273,0.14952602475881577,0.02447079584002497,0.8052554798126215,0.015085798949003193
FlexTok,n01944390,128,0.06086811155080795,1.8068368148803706,0.08902648016810419,0.07839685574173928,2.394566211700439,0.09561680793762208,0.017528744190931332,0.5877293968200685,0.006590327769517887
FlexTok,n01944390,160,0.04077427148818969,1.3500592803955076,0.06408956110477447,0.054131755381822584,1.8386509895324707,0.06989055156707763,0.013357483893632893,0.48859170913696315,0.00580099046230316
FlexTok,n01944390,208,0.02201117962598801,0.815597057342529,0.03440514534711838,0.026766615808010107,1.1597147369384768,0.03531111299991607,0.004755436182022097,0.34411767959594786,0.0009059676527976915
FlexTok,n01944390,256,0.0,0.0,0.0,0.0,0.0,0.0,0.0,0.0,0.0
FlexTok,n01983481,8,0.3098876535892487,5.814056434631348,0.2610421979427338,0.35296650484204295,5.337220373153687,0.2396292459592223,0.04307885125279426,-0.4768360614776608,-0.021412951983511508
FlexTok,n01983481,16,0.2724693143367768,5.417621479034424,0.249012280702591,0.30384841755032543,5.1558795928955075,0.23286732889711861,0.03137910321354864,-0.2617418861389167,-0.016144951805472374
FlexTok,n01983481,32,0.23083823978900908,4.773172969818115,0.22493495821952825,0.2437589158117771,4.57886173248291,0.21118447169661522,0.01292067602276803,-0.1943112373352056,-0.013750486522913025
FlexTok,n01983481,64,0.16794057726860045,3.899707164764404,0.19447994098067284,0.17144916757941245,3.801696548461914,0.17768673278391361,0.003508590310811993,-0.0980106163024903,-0.016793208196759224
FlexTok,n01983481,96,0.12622030794620515,3.0990231704711912,0.15182967245578768,0.12153823897242547,2.913143367767334,0.13467057272791863,-0.0046820689737796795,-0.18587980270385707,-0.017159099727869054
FlexTok,n01983481,128,0.08163209617137909,2.125931053161621,0.10676580667495729,0.0778828249871731,2.032452812194824,0.09265625208616257,-0.003749271184205996,-0.09347824096679691,-0.014109554588794718
FlexTok,n01983481,160,0.05615079343318939,1.5945496940612793,0.07723597913980484,0.05596875324845315,1.5660993766784668,0.06835118740797043,-0.00018204018473624156,-0.028450317382812562,-0.008884791731834416
FlexTok,n01983481,208,0.032216008603572856,0.9733518600463866,0.042247736155986794,0.03250300332903862,1.1028660202026366,0.037186119556427,0.0002869947254657626,0.12951416015624995,-0.005061616599559796
FlexTok,n01983481,256,0.0,0.0,0.0,0.0,0.0,0.0,0.0,0.0,0.0
FlexTok,n01986214,8,0.2708695596456528,5.395273513793946,0.19974270530045032,0.3575535391271114,5.033486862182617,0.26337514795362954,0.08668397948145862,-0.36178665161132884,0.06363244265317922
FlexTok,n01986214,16,0.23636056423187257,5.212763366699218,0.19297781586647036,0.3181450937688351,5.028594903945923,0.2563664834201336,0.08178452953696252,-0.1841684627532958,0.06338866755366321
FlexTok,n01986214,32,0.19528815567493438,4.470476036071777,0.17592314511537552,0.2527994911372662,4.442689704895019,0.22297348245978355,0.05751133546233181,-0.027786331176757884,0.04705033734440803
FlexTok,n01986214,64,0.1296967336535454,3.576591205596924,0.15008753567934036,0.17204703733325005,3.717048416137695,0.18490039587020873,0.04235030367970466,0.1404572105407711,0.03481286019086838
FlexTok,n01986214,96,0.09112134873867035,2.5920214653015137,0.11541398108005524,0.12604110673069954,2.9905815887451173,0.14381452307105064,0.03491975799202919,0.3985601234436036,0.028400541990995398
FlexTok,n01986214,128,0.05797683984041215,1.7884270286560056,0.08215100884437561,0.08315241977572443,2.160441589355469,0.10204879671335221,0.025175579935312282,0.37201456069946337,0.0198977878689766
FlexTok,n01986214,160,0.04135967999696732,1.3297705078125,0.06028742641210556,0.05683776557445527,1.5720876884460449,0.07214213132858277,0.015478085577487956,0.2423171806335449,0.011854704916477207
FlexTok,n01986214,208,0.024400067329406736,0.860883045196533,0.03244339704513549,0.031260900795459755,0.8842114830017089,0.03487793982028961,0.006860833466053019,0.023328437805175906,0.0024345427751541193
FlexTok,n01986214,256,0.0,0.0,0.0,0.0,0.0,0.0,0.0,0.0,0.0
FlexTok,n02007558,8,0.31355083659291266,6.737315692901611,0.2502970825880766,0.36371053859591485,5.81746205329895,0.24243624631315475,0.05015970200300218,-0.9198536396026613,-0.007860836274921845
FlexTok,n02007558,16,0.27358665481209754,6.452132320404052,0.23859005950391293,0.31801948174834255,5.527923536300659,0.23818854682147506,0.04443282693624501,-0.924208784103393,-0.00040151268243787674
FlexTok,n02007558,32,0.21181879833340644,5.524520454406738,0.21371416211128236,0.25469262406229976,4.846882648468018,0.2115391445532441,0.04287382572889331,-0.67763780593872,-0.002175017558038256
FlexTok,n02007558,64,0.14837118610739708,4.558330268859863,0.17417102351784705,0.17744162127375604,4.028540058135986,0.18544287785887717,0.02907043516635896,-0.5297902107238768,0.011271854341030119
FlexTok,n02007558,96,0.09920991241931915,3.4358865547180177,0.12877186074852945,0.1295780570805073,3.1290694808959962,0.14217882037162782,0.030368144661188146,-0.3068170738220215,0.013406959623098375
FlexTok,n02007558,128,0.05793584257364273,2.2330200576782233,0.08707379877567291,0.08331906825304031,2.174715156555176,0.09700961753726008,0.025383225679397575,-0.058304901123047426,0.009935818761587167
FlexTok,n02007558,160,0.04091495111584662,1.6705017089843752,0.06354109585285186,0.05985560789704323,1.6351394844055178,0.07076199173927307,0.018940656781196608,-0.035362224578857404,0.007220895886421205
FlexTok,n02007558,208,0.025190066248178482,1.0432898521423337,0.03364460349082947,0.03390093594789505,1.0375808906555175,0.03675846636295319,0.008710869699716565,-0.005708961486816211,0.0031138628721237224
FlexTok,n02007558,256,0.0,0.0,0.0,0.0,0.0,0.0,0.0,0.0,0.0
FlexTok,n02009912,8,0.28924619480967523,5.994869441986084,0.2197896785289049,0.32400803074240686,6.452509860992432,0.2185857786238194,0.03476183593273163,0.45764041900634833,-0.0012038999050855148
FlexTok,n02009912,16,0.23861431702971458,5.665212898254395,0.20607376158237456,0.2853507880866528,6.026932373046875,0.20741845160722736,0.046736471056938234,0.3617194747924799,0.001344690024852796
FlexTok,n02009912,32,0.18041084989905357,4.810064086914062,0.18088503241539,0.21380632326006893,4.990600624084473,0.18257781803607942,0.033395473361015365,0.1805365371704104,0.0016927856206894187
FlexTok,n02009912,64,0.11762391015887261,3.8251134300231935,0.1433751452714205,0.1423513172566891,3.92488561630249,0.1536084595322609,0.024727407097816484,0.09977218627929663,0.010233314260840398
FlexTok,n02009912,96,0.08123680993914605,2.7081699371337895,0.10500213772058486,0.094807076305151,2.8455323791503906,0.11110383987426758,0.01357026636600496,0.13736244201660108,0.00610170215368272
FlexTok,n02009912,128,0.04750787332654,1.7939103507995606,0.0701690848171711,0.06044414907693864,1.9462427902221677,0.07257373481988907,0.012936275750398636,0.1523324394226071,0.002404650002717973
FlexTok,n02009912,160,0.03359961181879043,1.3503925704956055,0.050431993901729595,0.040934035032987606,1.47236873626709,0.05243071734905243,0.0073344232141971735,0.12197616577148462,0.0019987234473228324
FlexTok,n02009912,208,0.020195615738630286,0.8616793823242191,0.0279262199997902,0.025421747714281087,1.1431081962585452,0.03183564007282257,0.005226131975650802,0.28142881393432606,0.003909420073032372
FlexTok,n02009912,256,0.0,0.0,0.0,0.0,0.0,0.0,0.0,0.0,0.0
FlexTok,n02051845,8,0.2932972598075867,6.301196346282959,0.25554546624422075,0.37430500619113455,6.76757776260376,0.27306898415088654,0.08100774638354785,0.4663814163208011,0.017523517906665786
FlexTok,n02051845,16,0.2424437698721886,5.881311111450195,0.2403171430528164,0.3277161728590727,6.5730886650085445,0.26408603429794314,0.08527240298688407,0.6917775535583495,0.02376889124512674
FlexTok,n02051845,32,0.18375272631645204,5.282690048217773,0.21432798773050307,0.26023061148822313,5.816582317352295,0.22858831867575646,0.07647788517177109,0.5338922691345216,0.014260330945253391
FlexTok,n02051845,64,0.12678803145885467,4.3405547523498536,0.18081566974520683,0.17692003332078457,4.648110084533691,0.1864631775021553,0.0501320018619299,0.30755533218383757,0.005647507756948472
FlexTok,n02051845,96,0.08982360035181046,3.2842542648315436,0.13833556175231934,0.12360611967742444,3.4749615669250487,0.13737005442380906,0.03378251932561398,0.19070730209350506,-0.0009655073285102789
FlexTok,n02051845,128,0.05265035316348077,2.225961456298829,0.08989192605018616,0.07406829215586186,2.4712323188781737,0.0915115687251091,0.02141793899238109,0.24527086257934494,0.0016196426749229414
FlexTok,n02051845,160,0.03618797779083253,1.5894930458068854,0.06526599645614624,0.0503607887774706,1.880174293518066,0.06465326994657516,0.01417281098663807,0.29068124771118065,-0.0006127265095710738
FlexTok,n02051845,208,0.02099440589547157,0.7781940269470218,0.03255650848150253,0.0254096730798483,1.1654235458374023,0.03300710678100585,0.00441526718437673,0.3872295188903805,0.0004505982995033214
FlexTok,n02051845,256,0.0,0.0,0.0,0.0,0.0,0.0,0.0,0.0,0.0
FlexTok,n02056570,8,0.29810660719871523,6.365869235992432,0.2580019118636847,0.3561337313055992,7.031325588226318,0.2782270382344723,0.05802712410688399,0.6654563522338863,0.020225126370787605
FlexTok,n02056570,16,0.25634280681610105,6.086480274200439,0.24555023930966857,0.324262293279171,6.795996952056885,0.2678660732507706,0.06791948646306994,0.7095166778564455,0.022315833941102037
FlexTok,n02056570,32,0.20593733429908753,5.2769855117797855,0.22191601991653445,0.26237542659044266,6.069370412826538,0.2395598235726357,0.05643809229135513,0.792384901046753,0.017643803656101242
FlexTok,n02056570,64,0.1443201404809952,4.435297241210938,0.18485915750265125,0.18727439641952515,5.084650020599366,0.19407691210508346,0.042954255938529945,0.649352779388428,0.00921775460243221
FlexTok,n02056570,96,0.10277718693017962,3.3634474372863767,0.1395034343004227,0.13044496908783912,3.794330940246582,0.14183593839406966,0.0276677821576595,0.43088350296020517,0.0023325040936469643
FlexTok,n02056570,128,0.06345463395118714,2.253158245086669,0.09401203721761703,0.08351265981793404,2.544669609069824,0.09344846189022066,0.020058025866746904,0.291511363983155,-0.0005635753273963706
FlexTok,n02056570,160,0.04593636929988861,1.7470325469970702,0.06822756826877593,0.05787940114736557,1.9450951194763189,0.06854375064373017,0.011943031847476956,0.19806257247924863,0.0003161823749542325
FlexTok,n02056570,208,0.024918093979358676,0.9374656295776365,0.03249165207147599,0.03328164726495742,1.3067636871337893,0.03523794233798981,0.008363553285598745,0.36929805755615286,0.0027462902665138234
FlexTok,n02056570,256,0.0,0.0,0.0,0.0,0.0,0.0,0.0,0.0,0.0
FlexTok,n02066245,8,0.21642317414283752,4.227159004211426,0.2125377501547337,0.3618663226813078,6.771357250213623,0.23995668411254883,0.1454431485384703,2.544198246002197,0.02741893395781514
FlexTok,n02066245,16,0.17944028943777085,3.923403377532959,0.2049776465445757,0.3150577222555876,6.500713500976563,0.22956034943461417,0.13561743281781674,2.5773101234436036,0.02458270289003847
FlexTok,n02066245,32,0.14030956327915192,3.4108837509155268,0.18573643788695335,0.24638954661786555,5.7768879318237305,0.20109848901629448,0.10607998333871363,2.3660041809082037,0.015362051129341137
FlexTok,n02066245,64,0.08883409857749941,2.8728799057006835,0.16650344982743262,0.15792682074010372,4.534053192138672,0.15793785437941552,0.06909272216260431,1.6611732864379887,-0.008565595448017105
FlexTok,n02066245,96,0.06348117500543594,2.1499758148193355,0.12608755514025688,0.1060383789986372,3.1862447166442873,0.10888491600751876,0.04255720399320126,1.0362689018249518,-0.017202639132738118
FlexTok,n02066245,128,0.036801995187997816,1.3401847457885736,0.08800180405378341,0.06366875149309636,2.027565212249756,0.06952719956636429,0.02686675630509855,0.6873804664611824,-0.018474604487419125
FlexTok,n02066245,160,0.026476491093635562,1.0122583961486813,0.06241368204355242,0.045795348212122916,1.5886833572387697,0.05047402948141098,0.019318857118487354,0.5764249610900885,-0.01193965256214144
FlexTok,n02066245,208,0.014907396435737614,0.5993922996520995,0.02935604512691498,0.0270983874052763,1.1580486488342288,0.02599933952093124,0.012190990969538686,0.5586563491821293,-0.0033567056059837404
FlexTok,n02066245,256,0.0,0.0,0.0,0.0,0.0,0.0,0.0,0.0,0.0
FlexTok,n02071294,8,0.24597564548254014,5.39206678390503,0.2372145453840494,0.3742432092130184,7.34069938659668,0.2939399526268244,0.12826756373047826,1.9486326026916503,0.05672540724277497
FlexTok,n02071294,16,0.2124677273631096,5.150194339752197,0.22589486584067345,0.3286120454967022,7.219020099639892,0.2773605063557625,0.1161443181335926,2.0688257598876953,0.051465640515089034
FlexTok,n02071294,32,0.16561037361621855,4.577738952636719,0.20795336790382862,0.272346988171339,6.6258156299591064,0.2426121190190315,0.10673661455512046,2.0480766773223875,0.03465875111520289
FlexTok,n02071294,64,0.11359093397855759,3.6704397392272945,0.17421266205608846,0.1949003182351589,5.858985385894775,0.19883273631334306,0.08130938425660132,2.188545646667481,0.0246200742572546
FlexTok,n02071294,96,0.07192835688591004,2.7083736419677735,0.1261907048523426,0.13506385669112206,4.479569835662842,0.14276259794831275,0.06313549980521202,1.7711961936950682,0.016571893095970153
FlexTok,n02071294,128,0.04013337820768356,1.712182788848877,0.08256673514842987,0.08549235835671425,3.089260540008545,0.09439999282360077,0.045358980149030684,1.377077751159668,0.011833257675170905
FlexTok,n02071294,160,0.025779325366020202,1.242310771942139,0.05753315433859825,0.06002974033355714,2.3591819763183595,0.06765267640352249,0.03425041496753693,1.1168712043762206,0.010119522064924238
FlexTok,n02071294,208,0.015011692941188808,0.7569769477844236,0.026648988723754877,0.02883822366595268,1.2642197990417485,0.03424624830484391,0.013826530724763874,0.5072428512573249,0.00759725958108903
FlexTok,n02071294,256,0.0,0.0,0.0,0.0,0.0,0.0,0.0,0.0,0.0
FlexTok,n02077923,8,0.28285963356494903,6.196602411270142,0.2516221222281456,0.3568885714560747,6.595105438232422,0.23784047871828082,0.07402893789112569,0.39850302696228024,-0.0137816435098648
FlexTok,n02077923,16,0.24883520483970642,5.693063659667969,0.23634929314255715,0.3161747295409441,6.37779806137085,0.2306319971382618,0.06733952470123769,0.6847344017028814,-0.0057172960042953525
FlexTok,n02077923,32,0.20182021021842955,4.930967674255371,0.21204182744026184,0.24835480876266958,5.394861373901367,0.2004050344228745,0.046534598544240025,0.4638936996459959,-0.011636793017387348
FlexTok,n02077923,64,0.13194670259952546,4.03616569519043,0.1770369653403759,0.1657018253952265,4.3693626022338865,0.16376381650567054,0.03375512279570103,0.3331969070434564,-0.013273148834705373
FlexTok,n02077923,96,0.09423398077487946,2.886070423126221,0.13462838739156724,0.11827421315014362,3.3077081871032714,0.12027291506528856,0.02404023237526416,0.42163776397705055,-0.014355472326278679
FlexTok,n02077923,128,0.060097501277923585,1.9390743637084957,0.09427154690027237,0.07368778221309186,2.249203853607178,0.08125899642705918,0.013590280935168272,0.31012948989868216,-0.013012550473213189
FlexTok,n02077923,160,0.042193076014518736,1.488889560699463,0.0671753191947937,0.0526392412930727,1.69060567855835,0.05696515560150146,0.010446165278553965,0.2017161178588871,-0.010210163593292243
FlexTok,n02077923,208,0.022932116687297825,0.8757592010498046,0.034026503562927246,0.028450162783265107,1.025860557556153,0.030011590719223033,0.005518046095967281,0.15010135650634837,-0.004014912843704213
FlexTok,n02077923,256,0.0,0.0,0.0,0.0,0.0,0.0,0.0,0.0,0.0
FlexTok,n02085620,8,0.31610280781984335,7.460867385864258,0.28429956883192065,0.36356476485729217,6.17139892578125,0.2638025861233473,0.04746195703744882,-1.2894684600830084,-0.020496982708573364
FlexTok,n02085620,16,0.2790385320782662,7.108863220214844,0.2742583313584328,0.31881681084632874,5.857304706573486,0.24023156039416793,0.03977827876806256,-1.251558513641358,-0.034026770964264874
FlexTok,n02085620,32,0.22872940689325336,6.1921220397949215,0.24741542816162113,0.2513663077354431,5.031124076843262,0.21803523555397988,0.02263690084218975,-1.1609979629516598,-0.029380192607641242
FlexTok,n02085620,64,0.15908933430910113,4.97654951095581,0.2055169540643692,0.17536244213581084,4.097753562927246,0.18098492965102195,0.01627310782670971,-0.8787959480285643,-0.02453202441334726
FlexTok,n02085620,96,0.111213313639164,3.7559896659851075,0.15334480226039887,0.12401544094085695,3.1094938850402833,0.13304746478796006,0.012802127301692959,-0.6464957809448242,-0.02029733747243881
FlexTok,n02085620,128,0.06589037537574768,2.553559398651123,0.10370172262191774,0.07417959600687028,2.167010898590088,0.09263106614351273,0.008289220631122599,-0.38654850006103514,-0.011070656478405008
FlexTok,n02085620,160,0.04535076111555101,1.9102132415771484,0.07303280472755434,0.051673429608345034,1.6218280029296874,0.06585657417774202,0.006322668492794024,-0.288385238647461,-0.007176230549812326
FlexTok,n02085620,208,0.024089774489402777,1.166943340301514,0.03690189480781556,0.028973132669925687,1.0302960205078124,0.03459114998579025,0.00488335818052291,-0.13664731979370148,-0.0023107448220253124
FlexTok,n02085620,256,0.0,0.0,0.0,0.0,0.0,0.0,0.0,0.0,0.0
FlexTok,n02086240,8,0.2866975590586663,6.783172187805175,0.23620047949254516,0.31889053568243986,5.597832441329956,0.2552477768063546,0.03219297662377357,-1.1853397464752193,0.019047297313809414
FlexTok,n02086240,16,0.24077797502279286,6.28173038482666,0.22328839085996155,0.2749113963544369,5.426800756454468,0.24244460552930835,0.03413342133164404,-0.8549296283721919,0.019156214669346805
FlexTok,n02086240,32,0.19033050209283833,5.448188056945801,0.19888553209602836,0.22017391428351407,4.744541273117066,0.21436385430395608,0.02984341219067574,-0.7036467838287352,0.01547832220792772
FlexTok,n02086240,64,0.12521175950765612,4.261053161621095,0.15555810287594798,0.1461863212287426,4.001003608703614,0.18015594959259032,0.02097456172108647,-0.2600495529174811,0.024597846716642335
FlexTok,n02086240,96,0.08595745325088502,3.1884235763549804,0.11646499678492547,0.10411001756787303,3.061190643310547,0.1376612710952759,0.018152564316988,-0.1272329330444335,0.021196274310350427
FlexTok,n02086240,128,0.053169302046299,2.1128245544433595,0.0780309121310711,0.0674196980893612,2.0909298706054686,0.09361229836940767,0.014250396043062198,-0.021894683837890838,0.015581386238336561
FlexTok,n02086240,160,0.0363036620616913,1.6091131019592284,0.05690052151679994,0.04793414130806923,1.5861571121215825,0.06855916500091554,0.011630479246377931,-0.022955989837645907,0.011658643484115598
FlexTok,n02086240,208,0.023554703295230878,0.9454891395568846,0.02991727143526079,0.028820392042398453,1.0782874298095704,0.03718716681003571,0.005265688747167575,0.13279829025268575,0.007269895374774921
FlexTok,n02086240,256,0.0,0.0,0.0,0.0,0.0,0.0,0.0,0.0,0.0
FlexTok,n02088094,8,0.27154050365090376,5.343913841247558,0.22404806584119796,0.351847016364336,5.917824230194092,0.25716864205896856,0.08030651271343225,0.5739103889465333,0.03312057621777059
FlexTok,n02088094,16,0.23138945415616036,5.126308345794678,0.21661627113819124,0.29315969303250317,5.596167392730713,0.24832473061978821,0.06177023887634281,0.4698590469360351,0.03170845948159698
FlexTok,n02088094,32,0.1846144600212574,4.354541378021241,0.1964036037027836,0.2294305165112019,4.917943153381348,0.21804191157221797,0.044816056489944495,0.5634017753601066,0.02163830786943438
FlexTok,n02088094,64,0.12332275286316871,3.565674591064453,0.16659294933080673,0.15966392800211907,4.03200626373291,0.18776117771863937,0.036341175138950355,0.4663316726684572,0.02116822838783264
FlexTok,n02088094,96,0.08842174693942072,2.73986421585083,0.1277204832434654,0.11429972723126411,3.1082227706909173,0.14466730743646622,0.02587798029184339,0.3683585548400874,0.01694682419300081
FlexTok,n02088094,128,0.05774606093764305,1.800334987640381,0.08903852939605715,0.07463618472218514,2.14518180847168,0.0984210929274559,0.01689012378454209,0.3448468208312989,0.009382563531398755
FlexTok,n02088094,160,0.04187906727194787,1.4016941642761234,0.06644232898950578,0.05203386828303337,1.6418827438354493,0.07134706348180771,0.010154801011085499,0.24018857955932593,0.004904734492301929
FlexTok,n02088094,208,0.02225250631570816,0.8782455253601077,0.033585928380489356,0.030641298294067386,1.0429384422302246,0.0361083745956421,0.008388791978359227,0.1646929168701169,0.0025224462151527405
FlexTok,n02088094,256,0.0,0.0,0.0,0.0,0.0,0.0,0.0,0.0,0.0
FlexTok,n02088238,8,0.31243008673191075,7.153935794830322,0.28476041406393054,0.36875597417354583,7.0418910217285156,0.2935356288775802,0.05632588744163508,-0.1120447731018066,0.008775214813649679
FlexTok,n02088238,16,0.27089924335479737,6.764354457855225,0.2711680571734906,0.33153307557106015,6.753014917373657,0.2792598620057106,0.060633832216262784,-0.01133954048156749,0.008091804832220051
FlexTok,n02088238,32,0.21925973176956176,6.05609842300415,0.24495000615715984,0.26189156889915466,5.736872510910034,0.23945809349417688,0.0426318371295929,-0.3192259120941161,-0.005491912662982962
FlexTok,n02088238,64,0.14887134015560152,4.902826995849609,0.2031952248513699,0.17508653163909912,4.826048793792725,0.18990803137421608,0.026215191483497602,-0.07677820205688413,-0.01328719347715382
FlexTok,n02088238,96,0.10788139134645464,3.6903010749816896,0.15019608974456788,0.11761607676744461,3.701176700592041,0.14249018758535387,0.009734685420989972,0.010875625610351491,-0.0077059021592140176
FlexTok,n02088238,128,0.06549492090940476,2.425611152648926,0.10104178607463837,0.07492959767580032,2.5469448280334475,0.09422581940889359,0.009434676766395561,0.12133367538452156,-0.006815966665744785
FlexTok,n02088238,160,0.04758657574653626,1.7918229484558108,0.07275707721710206,0.05274498760700226,1.8546315383911134,0.0662269374728203,0.005158411860465999,0.06280858993530258,-0.0065301397442817655
FlexTok,n02088238,208,0.02493833690881729,0.979137840270996,0.03689875125885011,0.027951946258544913,1.0403263282775879,0.0334274059534073,0.0030136093497276223,0.061188488006591824,-0.0034713453054428106
FlexTok,n02088238,256,0.0,0.0,0.0,0.0,0.0,0.0,0.0,0.0,0.0
FlexTok,n02088364,8,0.2929000899195671,6.724589920043945,0.26047210425138473,0.35090915083885194,7.823794116973877,0.27145973294973375,0.058009060919284816,1.0992041969299322,0.010987628698349017
FlexTok,n02088364,16,0.24244731038808823,6.3186499214172365,0.2434085310250521,0.29924924969673156,7.449432525634766,0.2538780644536019,0.05680193930864333,1.1307826042175293,0.010469533428549782
FlexTok,n02088364,32,0.19498243898153306,5.425188465118409,0.21751776069402698,0.24098618805408478,6.485745315551758,0.22462606668472293,0.046003749072551725,1.0605568504333487,0.007108305990695951
FlexTok,n02088364,64,0.1321274933218956,4.40898666381836,0.18174012824893,0.16154354810714722,5.273851299285889,0.17556592911481858,0.02941605478525161,0.8648646354675291,-0.006174199134111408
FlexTok,n02088364,96,0.09334802448749542,3.3690375709533695,0.13381430536508562,0.11447101056575777,3.9980943107604983,0.13040069133043292,0.02112298607826235,0.6290567398071287,-0.0034136140346527066
FlexTok,n02088364,128,0.0549659863114357,2.271597518920899,0.09077774897217752,0.06840307474136352,2.7442527198791504,0.0869182598590851,0.013437088429927822,0.4726552009582514,-0.003859489113092418
FlexTok,n02088364,160,0.0397405168414116,1.7092578125000002,0.06501878634095193,0.04698923677206039,2.0808957672119144,0.06234106600284577,0.007248719930648795,0.3716379547119142,-0.0026777203381061557
FlexTok,n02088364,208,0.020788283348083497,0.9920125007629393,0.03207221239805222,0.026718447059392934,1.2754712295532227,0.03070960819721223,0.005930163711309437,0.28345872879028333,-0.0013626042008399904
FlexTok,n02088364,256,0.0,0.0,0.0,0.0,0.0,0.0,0.0,0.0,0.0
FlexTok,n02088466,8,0.29066378995776176,6.166341400146484,0.2411273689568043,0.29572996050119404,5.766478052139282,0.2350743368268013,0.00506617054343228,-0.3998633480072016,-0.006053032130003022
FlexTok,n02088466,16,0.24939250633120535,5.8572852897644045,0.23495349451899528,0.2536852440237999,5.385374402999878,0.22218814969062806,0.004292737692594528,-0.47191088676452697,-0.01276534482836722
FlexTok,n02088466,32,0.20208212360739708,5.052991752624512,0.2153303924202919,0.1985970914363861,4.835091552734374,0.20258079022169112,-0.003485032171010982,-0.21790019989013754,-0.012749602198600773
FlexTok,n02088466,64,0.13721897289156915,4.03439157485962,0.1784846916794777,0.14110639721155166,4.127140598297118,0.17096610993146896,0.003887424319982513,0.09274902343749858,-0.007518581748008735
FlexTok,n02088466,96,0.09585626289248467,3.0513963890075684,0.13299416184425356,0.10322503060102464,3.2337154769897456,0.13123743802309037,0.007368767708539975,0.18231908798217722,-0.0017567238211631808
FlexTok,n02088466,128,0.059262394160032275,2.0513431358337404,0.09052092105150225,0.06829548195004465,2.2737857627868645,0.09094524562358856,0.00903308779001237,0.2224426269531241,0.0004243245720863126
FlexTok,n02088466,160,0.04242657408118248,1.555383033752442,0.0655583754181862,0.044876659065485,1.679412994384765,0.06456438720226287,0.0024500849843025196,0.12402996063232319,-0.000993988215923322
FlexTok,n02088466,208,0.024752669781446458,0.9288933753967287,0.034022911489009856,0.026464130580425266,1.0884096145629878,0.030831960141658777,0.0017114607989788082,0.15951623916625912,-0.0031909513473510794
FlexTok,n02088466,256,0.0,0.0,0.0,0.0,0.0,0.0,0.0,0.0,0.0
FlexTok,n02091032,8,0.3148243813216687,6.661088390350342,0.27029104143381116,0.3074226996302605,6.013988037109375,0.23463354080915452,-0.007401681691408202,-0.6471003532409672,-0.03565750062465664
FlexTok,n02091032,16,0.2730299513041973,6.247630672454834,0.2555593954026699,0.2654385697841644,5.736213130950928,0.21601612046360968,-0.007591381520032914,-0.5114175415039064,-0.039543274939060236
FlexTok,n02091032,32,0.22087342724204062,5.456235618591308,0.22808402508497239,0.20808572471141815,5.077452869415283,0.19629316434264182,-0.012787702530622475,-0.3787827491760254,-0.03179086074233056
FlexTok,n02091032,64,0.14880500569939614,4.502221775054932,0.19097528532147406,0.14435241430997847,4.084329643249511,0.1618565110862255,-0.0044525913894176705,-0.41789213180542095,-0.029118774235248557
FlexTok,n02091032,96,0.10056422844529153,3.4359986114501955,0.1435291363298893,0.10148342877626419,3.1656928062438965,0.12157803297042849,0.000919200330972661,-0.270305805206299,-0.021951103359460822
FlexTok,n02091032,128,0.06194794163107873,2.3026679801940917,0.09685451522469521,0.06414321154356002,2.1674729156494137,0.08349417358636856,0.0021952699124812916,-0.135195064544678,-0.013360341638326653
FlexTok,n02091032,160,0.04629577770829202,1.6672876167297361,0.06934053659439088,0.0447365266084671,1.6152848243713376,0.060066550374031066,-0.0015592510998249168,-0.05200279235839855,-0.009273986220359812
FlexTok,n02091032,208,0.025680623203516002,0.9458950996398923,0.0356970289349556,0.027383736968040466,1.1272711563110347,0.03211700081825257,0.0017031137645244637,0.18137605667114243,-0.003580028116703028
FlexTok,n02091032,256,0.0,0.0,0.0,0.0,0.0,0.0,0.0,0.0,0.0
FlexTok,n02091134,8,0.25706611305475235,5.5050075721740725,0.21797450140118602,0.3308010619878769,5.564956436157226,0.22481609344482423,0.07373494893312454,0.0599488639831538,0.006841592043638212
FlexTok,n02091134,16,0.2054138168692589,5.139531364440918,0.20642321370542052,0.28652617931365965,5.5239873886108395,0.21557938441634178,0.08111236244440076,0.3844560241699213,0.009156170710921258
FlexTok,n02091134,32,0.1596862816810608,4.457867107391357,0.18125257626175884,0.22119661152362824,4.727002792358399,0.19133192598819732,0.061510329842567435,0.26913568496704166,0.01007934972643848
FlexTok,n02091134,64,0.10749600499868393,3.6019808578491213,0.15187749043107035,0.1475193330645561,3.710039672851563,0.15339781522750856,0.04002332806587218,0.10805881500244174,0.0015203247964382105
FlexTok,n02091134,96,0.07565133005380631,2.721595344543457,0.11725675448775293,0.1030970695614815,2.817076263427735,0.11722629785537719,0.02744573950767519,0.09548091888427779,-3.045663237573326e-05
FlexTok,n02091134,128,0.04742219179868699,1.8300853919982907,0.08218395233154299,0.062193969786167154,1.9489202880859378,0.08037209600210189,0.014771777987480167,0.11883489608764708,-0.0018118563294411
FlexTok,n02091134,160,0.03438676685094833,1.3321946525573727,0.05966239541769029,0.04797337293624878,1.5711202621459968,0.06049400478601456,0.013586606085300448,0.23892560958862408,0.0008316093683242709
FlexTok,n02091134,208,0.01769490420818329,0.7089055442810058,0.03026568770408631,0.028617581278085703,1.0575819396972659,0.028781169652938848,0.010922677069902412,0.34867639541626005,-0.001484518051147462
FlexTok,n02091134,256,0.0,0.0,0.0,0.0,0.0,0.0,0.0,0.0,0.0
FlexTok,n02092339,8,0.276936791241169,6.153186073303223,0.25935228735208515,0.2947118103504181,5.555487480163574,0.23018726818263535,0.017775019109249113,-0.5976985931396488,-0.029165019169449802
FlexTok,n02092339,16,0.23384305506944655,5.678820343017578,0.24119737178087233,0.2561686182022095,5.420965671539307,0.21842003017663955,0.022325563132762932,-0.25785467147827124,-0.02277734160423278
FlexTok,n02092339,32,0.17677493900060653,4.8608665275573735,0.21281191542744637,0.20811453104019165,4.727110786437988,0.19759820789098742,0.03133959203958511,-0.13375574111938526,-0.015213707536458954
FlexTok,n02092339,64,0.12734523564577105,3.9053702926635743,0.1793199224770069,0.13783822774887086,3.841649055480957,0.16538451328873635,0.010492992103099813,-0.06372123718261724,-0.013935409188270548
FlexTok,n02092339,96,0.09043785274028777,2.9885055160522462,0.13398752227425575,0.09847987234592438,3.0176876068115233,0.12511907413601875,0.008042019605636608,0.029182090759277024,-0.008868448138237006
FlexTok,n02092339,128,0.056523859202861806,1.9557875442504886,0.092413769364357,0.05988189011812211,1.9283632278442382,0.08179095387458801,0.003358030915260303,-0.027424316406250426,-0.010622815489768983
FlexTok,n02092339,160,0.03820230394601823,1.434359302520752,0.06546660214662552,0.041099219024181365,1.516753997802734,0.06084164679050445,0.0028969150781631356,0.08239469528198207,-0.004624955356121063
FlexTok,n02092339,208,0.021844927966594693,0.860865020751953,0.03465041667222977,0.024466838836669925,1.1301938438415526,0.03351745396852493,0.002621910870075232,0.2693288230895996,-0.0011329627037048387
FlexTok,n02092339,256,0.0,0.0,0.0,0.0,0.0,0.0,0.0,0.0,0.0
FlexTok,n02094433,8,0.2846625252068043,5.9684782981872555,0.24186077162623407,0.28232555061578757,5.601131134033203,0.22869323909282685,-0.0023369745910167272,-0.36734716415405266,-0.013167532533407217
FlexTok,n02094433,16,0.24330688431859016,5.679261207580566,0.23647448003292088,0.24486255526542666,5.08891939163208,0.2144392949342728,0.001555670946836507,-0.5903418159484861,-0.022035185098648075
FlexTok,n02094433,32,0.19158059492707252,4.884416275024415,0.2093607549369335,0.19220365285873414,4.315303993225097,0.19053840920329093,0.0006230579316616192,-0.5691122817993177,-0.01882234573364258
FlexTok,n02094433,64,0.1279715518653393,3.8732560157775886,0.17209971100091934,0.12789548978209497,3.4866631126403806,0.15645685732364656,-7.606208324431596e-05,-0.38659290313720795,-0.015642853677272778
FlexTok,n02094433,96,0.08830830320715904,2.9465673637390144,0.12919551864266396,0.08856108158826828,2.5790676879882812,0.11652497798204423,0.00025277838110923656,-0.36749967575073317,-0.012670540660619733
FlexTok,n02094433,128,0.05853571370244027,1.9453179359436041,0.08884726732969284,0.05863201200962067,1.8355340766906736,0.08265341132879257,9.629830718040078e-05,-0.10978385925293055,-0.0061938560009002636
FlexTok,n02094433,160,0.040977599173784254,1.4782312774658204,0.06522875636816025,0.042129517644643795,1.3843380165100099,0.06122445583343506,0.0011519184708595406,-0.09389326095581052,-0.00400430053472519
FlexTok,n02094433,208,0.02378800943493842,0.8810004615783691,0.034677426218986514,0.02395140796899796,0.9048881912231443,0.032505697607994086,0.00016339853405953828,0.023887729644775257,-0.002171728610992428
FlexTok,n02094433,256,0.0,0.0,0.0,0.0,0.0,0.0,0.0,0.0,0.0
FlexTok,n02096585,8,0.2968028548359871,7.245949172973633,0.2948617780208588,0.33885339841246603,7.008804235458374,0.28352041274309164,0.042050543576478916,-0.237144937515259,-0.011341365277767135
FlexTok,n02096585,16,0.2535520616173744,6.857980575561523,0.27751600071787835,0.29936464771628385,6.904436435699463,0.27356398008763794,0.045812586098909425,0.04645586013793945,-0.003952020630240416
FlexTok,n02096585,32,0.20456231743097306,6.070762310028076,0.24885942272841935,0.23049928680062293,6.013438234329223,0.23933291964232922,0.02593696936964987,-0.057324075698852894,-0.009526503086090127
FlexTok,n02096585,64,0.13681977778673174,4.888386116027832,0.210219838321209,0.16154954805970193,5.166805744171143,0.19984694853425025,0.024729770272970186,0.2784196281433102,-0.010372889786958744
FlexTok,n02096585,96,0.10182115823030471,3.743758506774902,0.15960911214351656,0.11296954989433289,4.025316638946533,0.1542994387447834,0.011148391664028173,0.28155813217163095,-0.005309673398733145
FlexTok,n02096585,128,0.06285152912139895,2.580576114654541,0.10660996720194818,0.07255438432097436,2.8361522483825685,0.10263448759913445,0.009702855199575408,0.25557613372802734,-0.0039754796028137335
FlexTok,n02096585,160,0.04448339074850082,1.949335174560547,0.07725832462310792,0.05130095645785332,2.092484951019287,0.0733045130968094,0.006817565709352498,0.14314977645874016,-0.00395381152629852
FlexTok,n02096585,208,0.023040712475776676,1.047079372406006,0.03643247455358506,0.026334901601076127,1.0753074073791502,0.03541819781064987,0.003294189125299451,0.0282280349731443,-0.001014276742935187
FlexTok,n02096585,256,0.0,0.0,0.0,0.0,0.0,0.0,0.0,0.0,0.0
FlexTok,n02097298,8,0.26220315605401995,6.123889102935791,0.21614048585295678,0.3338248866796494,6.496838855743408,0.24626035407185554,0.07162173062562943,0.37294975280761733,0.030119868218898754
FlexTok,n02097298,16,0.2225867637991905,5.59274356842041,0.20652349114418034,0.27822731316089633,5.944580688476562,0.22523151203989983,0.055640549361705816,0.3518371200561523,0.01870802089571949
FlexTok,n02097298,32,0.17730553478002548,4.786983642578125,0.18868444696068767,0.2190439546108246,5.20032808303833,0.19761874675750732,0.04173841983079912,0.4133444404602047,0.008934299796819645
FlexTok,n02097298,64,0.120172818005085,3.817597064971923,0.15809566572308542,0.15031525433063508,4.300826950073242,0.15909936890006066,0.03014243632555008,0.48322988510131903,0.0010037031769752347
FlexTok,n02097298,96,0.08596705764532091,3.0016969299316405,0.12352837190032005,0.10883200585842133,3.325116958618164,0.11673552483320238,0.022864948213100422,0.3234200286865234,-0.006792847067117677
FlexTok,n02097298,128,0.05373795866966249,1.9551770591735838,0.08565474480390549,0.06646087557077408,2.2428762245178224,0.0812781146168709,0.012722916901111596,0.28769916534423867,-0.004376630187034589
FlexTok,n02097298,160,0.03962974727153779,1.5180046463012695,0.06316603541374208,0.04593947291374206,1.6756664085388184,0.05723876744508744,0.006309725642204271,0.1576617622375489,-0.005927267968654636
FlexTok,n02097298,208,0.021601229906082164,0.9007519149780272,0.03263419091701508,0.02611119255423545,1.1074268531799314,0.030828328728675847,0.004509962648153287,0.2066749382019042,-0.001805862188339235
FlexTok,n02097298,256,0.0,0.0,0.0,0.0,0.0,0.0,0.0,0.0,0.0
FlexTok,n02098286,8,0.2690781602263451,6.277729396820068,0.23227181911468509,0.3086153516173363,5.696715812683106,0.2342048741877079,0.039537191390991155,-0.5810135841369624,0.0019330550730228269
FlexTok,n02098286,16,0.22724110633134842,5.785777130126953,0.2158784581720829,0.26830663412809375,5.497131805419922,0.22256183423101902,0.04106552779674533,-0.28864532470703086,0.006683376058936125
FlexTok,n02098286,32,0.17827271968126296,4.8641378211975095,0.18619458481669426,0.20467264086008072,4.648065128326416,0.19800629884004592,0.02639992117881776,-0.21607269287109343,0.011811714023351655
FlexTok,n02098286,64,0.11779924899339676,3.9259832954406746,0.15651535347104073,0.14075942516326903,3.7041088485717775,0.1630382466316223,0.022960176169872268,-0.22187444686889712,0.006522893160581578
FlexTok,n02098286,96,0.08836455374956131,3.0614460372924803,0.1226995897293091,0.10334739685058594,2.886103477478027,0.12717894792556764,0.014982843101024629,-0.17534255981445312,0.00447935819625854
FlexTok,n02098286,128,0.05384817421436311,1.986864356994629,0.0808289885520935,0.06820206657052041,1.977952136993408,0.08703143775463104,0.014353892356157305,-0.008912220001220827,0.006202449202537541
FlexTok,n02098286,160,0.03874096274375916,1.5574839973449708,0.05947683334350586,0.048343751281499855,1.57652645111084,0.06398427098989487,0.009602788537740693,0.019042453765869327,0.004507437646389008
FlexTok,n02098286,208,0.02229574084281922,1.019394359588623,0.030649913847446447,0.02553519859910011,1.0408556556701658,0.03257090210914612,0.0032394577562808897,0.02146129608154279,0.0019209882616996743
FlexTok,n02098286,256,0.0,0.0,0.0,0.0,0.0,0.0,0.0,0.0,0.0
FlexTok,n02099601,8,0.2885085636377335,6.271514930725098,0.24245239444077019,0.2931558513641358,5.679795780181885,0.22372350409626962,0.004647287726402327,-0.5917191505432129,-0.018728890344500565
FlexTok,n02099601,16,0.23735426902770995,5.846629581451416,0.2305033934116364,0.24965275228023528,5.282830352783203,0.20689216271042823,0.012298483252525333,-0.5637992286682127,-0.023611230701208158
FlexTok,n02099601,32,0.1923375165462494,5.094744243621826,0.2111548833549023,0.1885361534357071,4.3656870460510255,0.18604862585663795,-0.0038013631105422996,-0.7290571975708007,-0.02510625749826434
FlexTok,n02099601,64,0.12859866321086885,3.9848149681091307,0.175261222422123,0.12690912127494813,3.532899627685546,0.1577487927675247,-0.0016895419359207187,-0.4519153404235845,-0.017512429654598288
FlexTok,n02099601,96,0.09172005385160446,2.9337253952026368,0.13101486057043077,0.09244570106267931,2.7064158630371096,0.12360808730125429,0.000725647211074848,-0.22730953216552718,-0.007406773269176478
FlexTok,n02099601,128,0.055626178979873674,1.944865493774414,0.09135570436716081,0.05780669748783111,1.8593236351013183,0.08662477940320969,0.0021805185079574393,-0.08554185867309583,-0.004730924963951125
FlexTok,n02099601,160,0.040580085217952734,1.522237491607666,0.06774940252304078,0.04268858850002289,1.4458215713500977,0.06425063848495484,0.0021085032820701566,-0.07641592025756827,-0.0034987640380859386
FlexTok,n02099601,208,0.02249052852392197,0.9248972511291502,0.03463126927614212,0.022541327327489855,0.9010081100463863,0.03379156529903412,5.079880356788358e-05,-0.023889141082763965,-0.0008397039771080028
FlexTok,n02099601,256,0.0,0.0,0.0,0.0,0.0,0.0,0.0,0.0,0.0
FlexTok,n02099712,8,0.28193605646491054,6.950265083312988,0.2620447763800621,0.2854993779957295,6.573638172149658,0.24671898305416107,0.0035633215308189525,-0.37662691116333047,-0.01532579332590106
FlexTok,n02099712,16,0.23520375534892085,6.379674263000489,0.2465823383629322,0.24398241356015204,5.967755641937256,0.22964783564209937,0.008778658211231194,-0.41191862106323285,-0.016934502720832828
FlexTok,n02099712,32,0.18986204877495766,5.526294937133789,0.21936147764325145,0.18825468614697458,4.906849460601807,0.19371551916003227,-0.0016073626279830833,-0.6194454765319826,-0.025645958483219183
FlexTok,n02099712,64,0.13007540568709375,4.313589344024658,0.17775050655007363,0.12681350484490397,3.893380699157715,0.1645238530635834,-0.0032619008421897744,-0.4202086448669431,-0.013226653486490242
FlexTok,n02099712,96,0.09238877579569818,3.2863450622558594,0.13461570024490357,0.09001199170947077,2.9426055526733403,0.12561774075031282,-0.002376784086227407,-0.3437395095825191,-0.008997959494590757
FlexTok,n02099712,128,0.05832132562994957,2.205306301116943,0.08967097103595734,0.05863247081637382,2.0439357566833496,0.08772880584001541,0.0003111451864242498,-0.16137054443359355,-0.001942165195941925
FlexTok,n02099712,160,0.04068873897194862,1.6835147285461425,0.06464006364345551,0.04011181607842446,1.5479345321655276,0.06337866574525833,-0.000576922893524158,-0.13558019638061491,-0.0012613978981971807
FlexTok,n02099712,208,0.02237324789166451,1.0752278900146488,0.03495665013790131,0.02018784299492837,0.9871805953979496,0.03312650382518768,-0.0021854048967361386,-0.08804729461669925,-0.0018301463127136305
FlexTok,n02099712,256,0.0,0.0,0.0,0.0,0.0,0.0,0.0,0.0,0.0
FlexTok,n02102318,8,0.2786312976479531,6.326709251403809,0.24029522240161896,0.3049084194004536,5.677088565826416,0.22954188615083695,0.02627712175250052,-0.6496206855773927,-0.010753336250782008
FlexTok,n02102318,16,0.24173048406839373,5.850029563903808,0.23115393087267877,0.262198972851038,5.348684043884277,0.21634686015546323,0.020468488782644262,-0.5013455200195311,-0.014807070717215542
FlexTok,n02102318,32,0.18936804264783863,5.020668144226075,0.2027234125137329,0.20281547144055367,4.502176971435547,0.19008806928992272,0.013447428792715044,-0.5184911727905286,-0.012635343223810186
FlexTok,n02102318,64,0.128080550134182,3.8919081497192387,0.16779152758419513,0.1287525896728039,3.6299183845520018,0.15519207209348682,0.0006720395386219102,-0.26198976516723693,-0.012599455490708317
FlexTok,n02102318,96,0.09221207886934282,2.9435484123229987,0.12857545197010042,0.09380053803324699,2.7777477455139152,0.12080909088253977,0.0015884591639041684,-0.16580066680908345,-0.007766361087560653
FlexTok,n02102318,128,0.05816157698631288,1.9706049537658694,0.08763862431049346,0.057869959622621536,1.8897707176208494,0.08299367681145668,-0.0002916173636913419,-0.08083423614502006,-0.004644947499036781
FlexTok,n02102318,160,0.043184651136398314,1.5101887321472167,0.06414405420422555,0.04142471179366112,1.4636568641662597,0.06280927777290345,-0.0017599393427371948,-0.04653186798095699,-0.0013347764313220989
FlexTok,n02102318,208,0.024333609640598296,0.9454949188232424,0.03517809420824051,0.026035028249025344,0.9315097236633304,0.03228186786174775,0.001701418608427048,-0.013985195159912034,-0.00289622634649276
FlexTok,n02102318,256,0.0,0.0,0.0,0.0,0.0,0.0,0.0,0.0,0.0
FlexTok,n02106030,8,0.2506924098730087,6.065120258331299,0.23382345810532573,0.3262177100777626,6.244804973602295,0.24674903601408005,0.0755253002047539,0.17968471527099616,0.012925577908754315
FlexTok,n02106030,16,0.2125672209262848,5.796844100952148,0.2187982699275017,0.28115276306867604,6.002428340911865,0.23510511577129367,0.06858554214239124,0.20558423995971697,0.016306845843791967
FlexTok,n02106030,32,0.16735969334840775,4.948046741485595,0.19908939078450205,0.22866848021745687,5.081847648620606,0.20839937523007396,0.061308786869049114,0.13380090713501058,0.009309984445571906
FlexTok,n02106030,64,0.11241909742355348,3.972039203643799,0.16737722039222722,0.15122020334005357,4.121911296844483,0.17473896235227585,0.03880110591650009,0.1498720932006843,0.007361741960048629
FlexTok,n02106030,96,0.0823465806245804,2.9821261405944823,0.127312747836113,0.10851729631423951,3.0510423660278327,0.13111715674400332,0.026170715689659105,0.06891622543335041,0.0038044089078903276
FlexTok,n02106030,128,0.05259420573711396,1.9975359344482415,0.0887417143583298,0.0705677142739296,2.061962814331055,0.089176886677742,0.017973508536815647,0.06442687988281337,0.0004351723194122026
FlexTok,n02106030,160,0.036341650485992444,1.4719055557250973,0.06373810172080994,0.05042240053415299,1.6031135749816894,0.06520370483398438,0.014080750048160548,0.1312080192565921,0.001465603113174438
FlexTok,n02106030,208,0.020568644404411324,0.8092486190795899,0.03066675662994386,0.029822753369808205,1.0154431152343755,0.03475093841552735,0.009254108965396881,0.20619449615478558,0.00408418178558349
FlexTok,n02106030,256,0.0,0.0,0.0,0.0,0.0,0.0,0.0,0.0,0.0
FlexTok,n02106166,8,0.28292314112186434,6.589068412780762,0.2539735727757216,0.31972499117255215,6.923579292297363,0.2773150742799044,0.03680185005068781,0.33451087951660163,0.02334150150418285
FlexTok,n02106166,16,0.24325476288795472,6.135986461639404,0.2312425554543734,0.27607655808329584,6.684530372619629,0.2578450332581997,0.03282179519534112,0.548543910980225,0.026602477803826297
FlexTok,n02106166,32,0.18803246200084686,5.1897357559204105,0.2068336494266987,0.21844782754778863,5.643781528472901,0.2187294465303421,0.03041536554694177,0.45404577255249023,0.011895797103643385
FlexTok,n02106166,64,0.12873638093471526,4.300654811859131,0.17370802611112596,0.1522577713429928,4.755370111465454,0.1815693783760071,0.023521390408277526,0.45471529960632306,0.007861352264881133
FlexTok,n02106166,96,0.09102169722318651,3.2276795959472655,0.13139523804187775,0.10671607092022896,3.525887145996093,0.1329390397667885,0.01569437369704245,0.2982075500488275,0.0015438017249107538
FlexTok,n02106166,128,0.057864547967910775,2.206707782745361,0.09022427886724474,0.0660690014064312,2.4057833862304685,0.09022420197725296,0.008204453438520422,0.19907560348510733,-7.688999177635214e-08
FlexTok,n02106166,160,0.042014230787754056,1.678071060180664,0.0649063789844513,0.047131041735410696,1.8731336975097657,0.06711070656776429,0.00511681094765664,0.19506263732910156,0.002204327583312987
FlexTok,n02106166,208,0.022298172414302826,0.9898490715026855,0.03308371394872666,0.024759021848440175,1.0364302062988275,0.034793832898139955,0.0024608494341373487,0.04658113479614201,0.0017101189494132946
FlexTok,n02106166,256,0.0,0.0,0.0,0.0,0.0,0.0,0.0,0.0,0.0
FlexTok,n02106550,8,0.2788989329338074,6.149210243225098,0.23693344891071322,0.3370048101246357,6.954641075134277,0.277200036495924,0.05810587719082827,0.8054308319091792,0.04026658758521079
FlexTok,n02106550,16,0.23525225162506103,5.726914844512939,0.22286938592791558,0.28992202475667006,6.60753378868103,0.262457871735096,0.054669773131609034,0.8806189441680905,0.03958848580718041
FlexTok,n02106550,32,0.18461369335651398,4.883701381683349,0.20613447755575184,0.23822802439332008,5.625542526245117,0.2334507668018341,0.0536143310368061,0.7418411445617679,0.02731628924608226
FlexTok,n02106550,64,0.12670381397008895,3.8038950157165528,0.17022243350744248,0.16281999215483667,4.588109712600708,0.183220484405756,0.036116178184747716,0.7842146968841557,0.012998050898313518
FlexTok,n02106550,96,0.08950018227100372,2.8969913482666017,0.13119267851114275,0.11699330165982247,3.4918850898742675,0.1364375549554825,0.02749311938881875,0.5948937416076658,0.005244876444339741
FlexTok,n02106550,128,0.055124914050102225,1.9507894134521484,0.0903480049967766,0.07227327778935433,2.4211250877380373,0.09650580435991288,0.017148363739252104,0.47033567428588885,0.0061577993631362765
FlexTok,n02106550,160,0.039241802096366886,1.473056240081787,0.06507819682359697,0.0499825967848301,1.8287728500366216,0.06839623123407365,0.010740794688463215,0.35571660995483456,0.003318034410476678
FlexTok,n02106550,208,0.019797616302967076,0.8773899269104003,0.03347676992416384,0.027580579221248628,1.133151531219483,0.037426405549049385,0.007782962918281552,0.2557616043090828,0.003949635624885546
FlexTok,n02106550,256,0.0,0.0,0.0,0.0,0.0,0.0,0.0,0.0,0.0
FlexTok,n02106662,8,0.2674471241235733,6.150020599365234,0.23276639431715013,0.3180860280990601,6.728529891967773,0.24654207721352578,0.050638903975486815,0.578509292602539,0.013775682896375652
FlexTok,n02106662,16,0.22658483028411866,5.767991333007813,0.2195561857521534,0.2722720330953598,6.510972881317139,0.23603330686688423,0.04568720281124114,0.7429815483093263,0.01647712111473082
FlexTok,n02106662,32,0.18159875512123108,4.978728523254395,0.20248116612434386,0.2108122843503952,5.6985704040527345,0.2121628051996231,0.02921352922916412,0.7198418807983398,0.009681639075279247
FlexTok,n02106662,64,0.12308438777923586,3.8458616638183596,0.1671391887962818,0.14087475687265397,4.562526664733887,0.17331128671765328,0.017790369093418107,0.7166650009155271,0.006172097921371467
FlexTok,n02106662,96,0.0846051725745201,2.8586561775207517,0.12800039798021318,0.10386045783758165,3.5207427883148195,0.13177263021469116,0.019255285263061542,0.6620866107940677,0.003772232234477979
FlexTok,n02106662,128,0.05689477115869522,2.0066256713867183,0.088053377866745,0.06774821639060975,2.4326067924499513,0.09157901406288146,0.010853445231914532,0.42598112106323294,0.003525636196136467
FlexTok,n02106662,160,0.03985022753477096,1.5079572296142578,0.06256201326847076,0.04602926194667817,1.8054472732543945,0.0646498093008995,0.00617903441190721,0.29749004364013665,0.002087796032428743
FlexTok,n02106662,208,0.021504126787185666,0.8561209106445312,0.031132660806179047,0.026214225143194204,1.076318016052246,0.03140451371669769,0.004710098356008538,0.22019710540771487,0.00027185291051864263
FlexTok,n02106662,256,0.0,0.0,0.0,0.0,0.0,0.0,0.0,0.0,0.0
FlexTok,n02108089,8,0.2710389870405197,6.226304092407227,0.2492669589072466,0.31698769971728324,6.473551387786865,0.2696646022796631,0.04594871267676354,0.24724729537963874,0.020397643372416507
FlexTok,n02108089,16,0.23547344028949738,5.805399341583252,0.23385288074612617,0.2724921064078808,6.107789802551269,0.24735604271292685,0.03701866611838342,0.30239046096801747,0.01350316196680068
FlexTok,n02108089,32,0.1905164110660553,5.065901088714599,0.2205108816921711,0.21293177142739295,5.256856384277344,0.2222439494729042,0.02241536036133765,0.1909552955627447,0.0017330677807331218
FlexTok,n02108089,64,0.13356532663106918,4.16705696105957,0.18948225006461145,0.15460127457976341,4.426295795440675,0.18600846886634825,0.021035947948694234,0.2592388343811045,-0.0034737811982631928
FlexTok,n02108089,96,0.09703042328357697,3.200095844268799,0.1450757458806038,0.1066649942100048,3.448286838531494,0.14529386818408968,0.009634570926427832,0.24819099426269497,0.00021812230348589035
FlexTok,n02108089,128,0.06100961595773697,2.184601860046387,0.10277624666690827,0.06851795688271523,2.42371150970459,0.09918902695178985,0.007508340924978256,0.23910964965820325,-0.0035872197151184115
FlexTok,n02108089,160,0.04151471167802811,1.6357552528381347,0.07502509862184524,0.05086309805512428,1.8582999610900879,0.07327728271484375,0.009348386377096174,0.22254470825195316,-0.0017478159070014876
FlexTok,n02108089,208,0.02272026151418686,0.978802623748779,0.040020115673542016,0.026564628928899766,1.0605921554565436,0.036995810866355894,0.0038443674147129077,0.0817895317077646,-0.003024304807186122
FlexTok,n02108089,256,0.0,0.0,0.0,0.0,0.0,0.0,0.0,0.0,0.0
FlexTok,n02108915,8,0.3108966284990311,7.501882133483886,0.27072196222841743,0.3439336787164211,6.641957578659057,0.2676544677466154,0.03303705021739001,-0.8599245548248291,-0.0030674944818020466
FlexTok,n02108915,16,0.26298669159412386,6.984646244049072,0.2562428960204125,0.3117128007113934,6.456338539123535,0.26294453486800196,0.048726109117269545,-0.5283077049255374,0.006701638847589453
FlexTok,n02108915,32,0.2138764810562134,6.000356788635254,0.22542310163378715,0.2432657851278782,5.4844912242889405,0.2312713047116995,0.02938930407166479,-0.5158655643463135,0.0058482030779123395
FlexTok,n02108915,64,0.14697602272033694,4.7936466026306155,0.18217684090137484,0.1625181306898594,4.496968383789063,0.18612127244472504,0.015542107969522462,-0.2966782188415529,0.003944431543350196
FlexTok,n02108915,96,0.10587789982557298,3.7004029846191404,0.13733548611402513,0.11219483092427254,3.3687820625305176,0.13515852063894274,0.00631693109869956,-0.3316209220886228,-0.002176965475082393
FlexTok,n02108915,128,0.06554057478904725,2.5281103515625,0.09368224591016772,0.07060500994324684,2.3993711280822754,0.09192545399069786,0.00506443515419959,-0.12873922348022449,-0.001756791919469855
FlexTok,n02108915,160,0.04447158724069596,1.878053207397461,0.06790840059518814,0.04797649905085564,1.7739525604248048,0.06805974423885347,0.003504911810159675,-0.1041006469726562,0.0001513436436653276
FlexTok,n02108915,208,0.02531909674406053,1.1478054809570313,0.03599326342344285,0.025922499001026153,1.0288496208190918,0.0353452742099762,0.0006034022569656218,-0.11895586013793946,-0.0006479892134666487
FlexTok,n02108915,256,0.0,0.0,0.0,0.0,0.0,0.0,0.0,0.0,0.0
FlexTok,n02109525,8,0.28819164589047436,6.89807825088501,0.2530759917199612,0.3114691136777401,6.237578935623169,0.2713643042743206,0.02327746778726575,-0.6604993152618404,0.01828831255435942
FlexTok,n02109525,16,0.23726002410054206,6.441466655731201,0.23909682586789135,0.2765672515332699,6.058486537933351,0.25961291447281837,0.039307227432727826,-0.38298011779785046,0.020516088604927013
FlexTok,n02109525,32,0.1925704611837864,5.5763325691223145,0.21408786803483962,0.21718572631478308,5.279181804656982,0.2221618813276291,0.024615265130996683,-0.2971507644653322,0.008074013292789478
FlexTok,n02109525,64,0.1359915091097355,4.669964714050293,0.18486310839653014,0.14256760939955712,4.359686527252197,0.17452889770269395,0.0065761002898216125,-0.3102781867980955,-0.010334210693836193
FlexTok,n02109525,96,0.09938314989209177,3.5555612373352052,0.1389796456694603,0.10177941158413889,3.3653841972351075,0.12952913522720336,0.0023962616920471247,-0.19017704010009773,-0.009450510442256949
FlexTok,n02109525,128,0.06158798679709436,2.4110605430603025,0.09312984824180603,0.06452910020947457,2.236038036346436,0.0869902241230011,0.0029411134123802085,-0.17502250671386665,-0.006139624118804934
FlexTok,n02109525,160,0.04608192071318627,1.9119616317749026,0.06799018263816835,0.04495280295610428,1.7402671623229984,0.06487897872924804,-0.0011291177570819932,-0.17169446945190425,-0.003111203908920307
FlexTok,n02109525,208,0.022836602777242664,1.134279689788818,0.034077056646347054,0.026149667352437966,1.076440486907959,0.031854018568992615,0.003313064575195302,-0.0578392028808592,-0.002223038077354439
FlexTok,n02109525,256,0.0,0.0,0.0,0.0,0.0,0.0,0.0,0.0,0.0
FlexTok,n02110185,8,0.28234422922134406,6.759580059051514,0.2671304826438427,0.3353728527575731,5.926812829971314,0.3102290137112141,0.05302862353622906,-0.8327672290801997,0.04309853106737138
FlexTok,n02110185,16,0.24553610265254977,6.557215766906738,0.25732854008674627,0.30076340503990656,5.948849458694458,0.2832327061146498,0.05522730238735679,-0.6083663082122808,0.02590416602790352
FlexTok,n02110185,32,0.20032478570938114,5.679301338195801,0.23258630126714708,0.24873881466686726,5.4097652339935305,0.24978061817586422,0.048414028957486116,-0.26953610420227037,0.017194316908717144
FlexTok,n02110185,64,0.13765003323554995,4.533226356506348,0.18915048465132714,0.1776181647926569,4.69829532623291,0.21809424847364425,0.03996813155710696,0.16506896972656193,0.028943763822317115
FlexTok,n02110185,96,0.09833045065402986,3.4967209625244147,0.14377711459994316,0.1282095152884722,3.6996126556396485,0.16633130863308906,0.02987906463444233,0.2028916931152338,0.022554194033145902
FlexTok,n02110185,128,0.0638219514489174,2.377148399353027,0.09692892670631409,0.08375243671238422,2.6323414039611817,0.11477213770151139,0.019930485263466816,0.25519300460815453,0.017843210995197298
FlexTok,n02110185,160,0.04530168980360033,1.7915263557434082,0.0712043970823288,0.0580013095587492,1.9774569511413573,0.08122384339571,0.01269961975514887,0.1859305953979491,0.010019446313381197
FlexTok,n02110185,208,0.02568170785903932,1.065516414642334,0.03725616812705994,0.02930624015629291,1.192370891571045,0.04362843841314316,0.0036245322972535896,0.126854476928711,0.006372270286083219
FlexTok,n02110185,256,0.0,0.0,0.0,0.0,0.0,0.0,0.0,0.0,0.0
FlexTok,n02110341,8,0.2937169560790062,5.448706874847412,0.26035526484251026,0.3283089408278465,5.362077159881592,0.2511986665427685,0.03459198474884029,-0.08662971496582017,-0.009156598299741747
FlexTok,n02110341,16,0.24677206665277482,5.279408493041992,0.25309562087059023,0.27984666228294375,5.391924953460693,0.24685796588659287,0.03307459563016893,0.11251646041870078,-0.006237654983997365
FlexTok,n02110341,32,0.1967339977622032,4.675195541381837,0.23233408018946652,0.22387291014194488,4.930125522613525,0.2158786876499653,0.02713891237974167,0.25492998123168853,-0.016455392539501235
FlexTok,n02110341,64,0.13945910930633545,4.108468532562257,0.20198020413517956,0.15626102507114412,4.301469945907593,0.1931330855190754,0.01680191576480866,0.19300141334533638,-0.008847118616104155
FlexTok,n02110341,96,0.10305766761302948,3.1928227806091307,0.15639739185571672,0.11879619359970095,3.3864478492736816,0.1502918949723244,0.01573852598667147,0.19362506866455087,-0.0061054968833923196
FlexTok,n02110341,128,0.06795450627803802,2.340704021453858,0.11251292139291764,0.07805034041404725,2.458637504577637,0.10330525130033492,0.01009583413600923,0.11793348312377905,-0.00920767009258272
FlexTok,n02110341,160,0.047341558039188394,1.8030142784118655,0.08173305183649066,0.05465916186571121,1.9020130729675293,0.07386891186237335,0.007317603826522814,0.09899879455566385,-0.007864139974117307
FlexTok,n02110341,208,0.025986725389957423,0.9582253074645999,0.04078489929437639,0.028604582995176316,1.2282634735107425,0.03709577441215515,0.0026178576052188936,0.2700381660461426,-0.0036891248822212425
FlexTok,n02110341,256,0.0,0.0,0.0,0.0,0.0,0.0,0.0,0.0,0.0
FlexTok,n02110958,8,0.31377557516098026,6.683233051300049,0.26324224218726155,0.33222644463181494,5.497219543457032,0.2620238566398621,0.018450869470834685,-1.1860135078430174,-0.0012183855473994476
FlexTok,n02110958,16,0.2747682899236679,6.283801422119141,0.2539196291565895,0.29164689198136334,5.278244876861573,0.24787746384739878,0.016878602057695424,-1.0055565452575683,-0.006042165309190717
FlexTok,n02110958,32,0.227030645608902,5.533123779296875,0.23143208876252175,0.2267003192007542,4.537423419952392,0.2148121137917042,-0.00033032640814778524,-0.9957003593444824,-0.016619974970817547
FlexTok,n02110958,64,0.15219665169715882,4.337638416290284,0.18747272610664367,0.14919294849038126,3.9482549858093257,0.1826923768222332,-0.0030037032067775638,-0.38938343048095847,-0.0047803492844104845
FlexTok,n02110958,96,0.10602199226617814,3.3055861663818358,0.14060321420431138,0.10650194332003596,2.9981768417358396,0.13805122911930087,0.00047995105385781334,-0.30740932464599613,-0.0025519850850105052
FlexTok,n02110958,128,0.06975038796663285,2.24505880355835,0.09680965542793275,0.07224160179495813,2.245354175567627,0.096887583732605,0.0024912138283252755,0.00029537200927709506,7.792830467225065e-05
FlexTok,n02110958,160,0.04888528287410737,1.7127553749084472,0.07129201710224152,0.050539913922548314,1.7862779426574704,0.06905079126358032,0.0016546310484409424,0.07352256774902322,-0.0022412258386611955
FlexTok,n02110958,208,0.02428818941116333,1.0036728668212893,0.037217999100685115,0.02714243516325952,1.1819791030883788,0.03676586389541627,0.002854245752096189,0.17830623626708952,-0.00045213520526884293
FlexTok,n02110958,256,0.0,0.0,0.0,0.0,0.0,0.0,0.0,0.0,0.0
FlexTok,n02112018,8,0.2678499758243561,6.367637233734131,0.2195283380150795,0.3062870612740517,6.042447443008423,0.23274795569479464,0.038437085449695596,-0.325189790725708,0.013219617679715134
FlexTok,n02112018,16,0.22912173449993137,5.985138339996338,0.20528930217027663,0.27126598149538045,5.6973356342315675,0.2206371606886387,0.04214424699544908,-0.2878027057647703,0.015347858518362067
FlexTok,n02112018,32,0.18164567053318023,5.084262161254883,0.18521998435258868,0.21374132454395295,4.896437644958497,0.19527650006115438,0.03209565401077272,-0.18782451629638608,0.010056515708565694
FlexTok,n02112018,64,0.12136384129524233,3.922301235198975,0.14826709493994714,0.14312483310699464,3.984487094879151,0.15721269115805625,0.02176099181175231,0.06218585968017587,0.008945596218109114
FlexTok,n02112018,96,0.08421604722738266,2.898015232086182,0.11114632576704027,0.10143838733434679,2.9504179000854496,0.1167883738875389,0.017222340106964135,0.05240266799926774,0.005642048120498636
FlexTok,n02112018,128,0.05186853021383286,1.9802638816833493,0.07863488644361497,0.06389724314212801,2.0179279899597167,0.08181344524025917,0.012028712928295153,0.03766410827636735,0.003178558796644207
FlexTok,n02112018,160,0.036031866669654855,1.513429222106934,0.05773519426584245,0.044192543923854834,1.5480864334106446,0.058318085968494415,0.008160677254199979,0.03465721130371047,0.0005828917026519664
FlexTok,n02112018,208,0.019115318357944482,0.8810203170776368,0.029475616514682768,0.02763343244791032,0.9874753379821779,0.03169306069612503,0.008518114089965837,0.10645502090454106,0.0022174441814422595
FlexTok,n02112018,256,0.0,0.0,0.0,0.0,0.0,0.0,0.0,0.0,0.0
FlexTok,n02112137,8,0.280438848733902,6.563103542327881,0.23353760078549388,0.3248689433932304,5.846929893493653,0.25969206973910336,0.0444300946593284,-0.7161736488342285,0.026154468953609483
FlexTok,n02112137,16,0.2277080512046814,5.9485546875,0.2171394881606102,0.28783548623323446,5.488097906112671,0.24509620264172557,0.060127435028553056,-0.4604567813873288,0.027956714481115363
FlexTok,n02112137,32,0.1746556603908539,4.986525020599365,0.18892837420105935,0.21977063804864888,4.689655847549439,0.20378976956009867,0.045114977657794986,-0.29686917304992644,0.014861395359039326
FlexTok,n02112137,64,0.11154306322336197,3.637238941192627,0.1497467763721943,0.14310741633176804,3.8077779483795173,0.16811228841543197,0.03156435310840608,0.1705390071868904,0.018365512043237664
FlexTok,n02112137,96,0.08099231243133546,2.705110816955566,0.11302736014127732,0.0958705149590969,2.828683986663819,0.11862794131040573,0.014878202527761439,0.12357316970825272,0.005600581169128413
FlexTok,n02112137,128,0.04976306378841401,1.8812670707702637,0.07979425698518755,0.06049103796482088,1.9196557617187502,0.08073601841926575,0.01072797417640687,0.038388690948486515,0.0009417614340782032
FlexTok,n02112137,160,0.03488671362400056,1.4007303047180175,0.05802296996116639,0.04385318532586099,1.4772599411010745,0.0596831014752388,0.008966471701860428,0.07652963638305699,0.0016601315140724118
FlexTok,n02112137,208,0.018835455477237705,0.8720077514648439,0.03017369091510773,0.026508041769266143,0.9985386276245117,0.032346581816673284,0.007672586292028438,0.12653087615966785,0.002172890901565555
FlexTok,n02112137,256,0.0,0.0,0.0,0.0,0.0,0.0,0.0,0.0,0.0
FlexTok,n02113023,8,0.30227204456925394,6.897254505157471,0.2459930028766394,0.36551100090146066,6.669918899536133,0.2723973636329174,0.06323895633220672,-0.22733560562133803,0.026404360756278
FlexTok,n02113023,16,0.2578353990614415,6.559914894104004,0.23178147323429588,0.3185478301346302,6.462861862182617,0.26224311530590055,0.060712431073188744,-0.09705303192138715,0.030461642071604678
FlexTok,n02113023,32,0.20289625361561778,5.528712692260743,0.20102810502052307,0.2538348506391049,5.8076544284820555,0.22749997511506082,0.0509385970234871,0.2789417362213129,0.026471870094537747
FlexTok,n02113023,64,0.14128574505448344,4.407703132629394,0.16215811178088188,0.17501316085457802,4.758978118896485,0.18599194049835205,0.033727415800094585,0.3512749862670903,0.023833828717470168
FlexTok,n02113023,96,0.1001208184659481,3.3579563331604008,0.12090716123580934,0.12172079637646675,3.654601421356201,0.13669615656137465,0.021599977910518653,0.29664508819580027,0.01578899532556531
FlexTok,n02113023,128,0.06077583476901055,2.2126302337646484,0.0813641420006752,0.07613210514187813,2.564023704528809,0.09283468574285507,0.015356270372867575,0.3513934707641604,0.011470543742179873
FlexTok,n02113023,160,0.042130271941423415,1.6607181549072265,0.05850987672805787,0.05194612458348275,1.8601576042175294,0.06602572083473206,0.009815852642059336,0.19943944931030289,0.007515844106674184
FlexTok,n02113023,208,0.020862715244293218,0.9827918243408206,0.030232845842838287,0.027424941956996917,1.181943168640136,0.03355404436588288,0.006562226712703699,0.19915134429931547,0.003321198523044591
FlexTok,n02113023,256,0.0,0.0,0.0,0.0,0.0,0.0,0.0,0.0,0.0
FlexTok,n02113624,8,0.3073475080728531,7.105602531433106,0.24040007293224339,0.30597802653908734,6.055620193481445,0.21348582126200202,-0.0013694815337657595,-1.0499823379516604,-0.026914251670241363
FlexTok,n02113624,16,0.2677951204776764,6.651037578582764,0.2304478965699673,0.2565789197385311,5.473613052368164,0.19865944582968953,-0.01121620073914531,-1.1774245262145993,-0.03178845074027778
FlexTok,n02113624,32,0.2179686963558197,5.58323184967041,0.20478503540158272,0.2023210622370243,4.849700241088867,0.17221348792314534,-0.015647634118795384,-0.7335316085815426,-0.03257154747843738
FlexTok,n02113624,64,0.14547270327806475,4.3907444190979,0.16309783667325972,0.13735898420214654,3.8410804748535154,0.1486184310168028,-0.008113719075918208,-0.5496639442443847,-0.014479405656456917
FlexTok,n02113624,96,0.09965582221746447,3.336401786804199,0.12224283456802368,0.09880683794617653,3.058327808380127,0.1158695110678673,-0.0008489842712879336,-0.278073978424072,-0.006373323500156375
FlexTok,n02113624,128,0.06165854811668397,2.246660594940186,0.08400677978992462,0.0622785747051239,2.06051471710205,0.0761404648423195,0.0006200265884399314,-0.18614587783813574,-0.007866314947605119
FlexTok,n02113624,160,0.04271270602941514,1.67464017868042,0.06055291235446931,0.04396306037902832,1.6025269889831537,0.0571172821521759,0.0012503543496131808,-0.07211318969726621,-0.0034356302022934063
FlexTok,n02113624,208,0.02721350371837616,1.1160226249694825,0.03350190043449402,0.028494049608707436,1.1160825920104975,0.03110158920288086,0.001280545890331275,5.996704101507433e-05,-0.002400311231613158
FlexTok,n02113624,256,0.0,0.0,0.0,0.0,0.0,0.0,0.0,0.0,0.0
FlexTok,n02113799,8,0.2907151404023171,6.377847976684571,0.2204568539559841,0.29999474734067916,5.181050729751587,0.20373807966709137,0.00927960693836205,-1.1967972469329835,-0.016718774288892735
FlexTok,n02113799,16,0.2531076464056969,5.8780960273742675,0.21045607961714272,0.2652048656344414,5.0757992076873775,0.19403461560606958,0.012097219228744516,-0.80229681968689,-0.01642146401107314
FlexTok,n02113799,32,0.19566911965608597,5.030000457763672,0.188144725561142,0.20101987510919572,4.2034392929077145,0.16438381835818291,0.005350755453109757,-0.8265611648559572,-0.023760907202959092
FlexTok,n02113799,64,0.1316533932089806,4.002130737304688,0.15210832521319392,0.13165472239255904,3.415505580902099,0.14452596217393876,1.3291835784523531e-06,-0.5866251564025888,-0.007582363039255163
FlexTok,n02113799,96,0.09012292355298995,2.9659266662597656,0.11741638392210009,0.08875565201044083,2.574371452331542,0.10732482045888901,-0.00136727154254912,-0.39155521392822346,-0.010091563463211078
FlexTok,n02113799,128,0.054258611500263225,1.9023620033264157,0.08048475697636606,0.05089908018708229,1.6594090270996091,0.07076624274253845,-0.0033595313131809315,-0.24295297622680656,-0.009718514233827608
FlexTok,n02113799,160,0.039136218428611765,1.4399147415161133,0.057659248411655435,0.03521376281976699,1.2628139495849608,0.05103044778108598,-0.0039224556088447715,-0.17710079193115247,-0.006628800630569455
FlexTok,n02113799,208,0.02159963458776474,0.8814462471008296,0.028464773595333105,0.020522266179323193,0.8809772491455073,0.02716049164533615,-0.0010773684084415466,-0.00046899795532229227,-0.0013042819499969535
FlexTok,n02113799,256,0.0,0.0,0.0,0.0,0.0,0.0,0.0,0.0,0.0
FlexTok,n02114367,8,0.2535605126619339,5.685163745880127,0.23353534832596778,0.3119107794761658,5.832279167175293,0.2490217737853527,0.05835026681423189,0.1471154212951662,0.015486425459384917
FlexTok,n02114367,16,0.20727132499217987,5.345479621887207,0.2222134403139353,0.2609861791133881,5.637708616256714,0.23538816995918754,0.053714854121208244,0.29222899436950733,0.013174729645252237
FlexTok,n02114367,32,0.16920636594295502,4.610890922546386,0.2014446868002415,0.20037001192569737,4.827699413299561,0.20714707963168622,0.03116364598274235,0.21680849075317443,0.005702392831444719
FlexTok,n02114367,64,0.11549055904150009,3.8613314628601074,0.17067482158541683,0.13661581993103028,4.119273853302002,0.17868329152464868,0.021125260889530192,0.2579423904418947,0.00800846993923185
FlexTok,n02114367,96,0.08592594027519228,3.0658593559265137,0.1348563902080059,0.0996408811211586,3.260913963317871,0.13753217816352845,0.01371494084596632,0.1950546073913575,0.002675787955522535
FlexTok,n02114367,128,0.05227300137281418,2.0406161880493165,0.09374851599335672,0.0631416365504265,2.2355185127258306,0.09459781408309936,0.010868635177612315,0.19490232467651403,0.0008492980897426422
FlexTok,n02114367,160,0.036551533341407774,1.5317042350769043,0.06807934373617174,0.04747356891632081,1.8004160308837893,0.07068736910820007,0.010922035574913037,0.268711795806885,0.0026080253720283386
FlexTok,n02114367,208,0.022084116339683543,0.8999487495422365,0.034997652173042314,0.02572593390941621,1.105615463256836,0.03601227998733521,0.003641817569732666,0.20566671371459955,0.0010146278142928941
FlexTok,n02114367,256,0.0,0.0,0.0,0.0,0.0,0.0,0.0,0.0,0.0
FlexTok,n02117135,8,0.20340366929769516,3.8954149246215826,0.16149545632302761,0.332453655898571,5.0209748077392575,0.239727600812912,0.12904998660087585,1.125559883117675,0.07823214448988439
FlexTok,n02117135,16,0.16149827510118483,3.7312483024597167,0.1593048632144928,0.28264499574899676,4.823926420211793,0.2304249919950962,0.12114672064781193,1.092678117752076,0.07112012878060339
FlexTok,n02117135,32,0.1265064725279808,3.2428490257263185,0.14943783454596998,0.22749244838953017,4.1980516052246095,0.20494027748703958,0.10098597586154937,0.955202579498291,0.055502442941069596
FlexTok,n02117135,64,0.08000544160604477,2.578339729309082,0.13068115532398225,0.1527587413787842,3.3545309066772466,0.17083824366331102,0.07275329977273944,0.7761911773681645,0.04015708833932877
FlexTok,n02117135,96,0.05878238737583161,1.9068952560424806,0.10241423323750495,0.10620216965675354,2.628246555328369,0.12742794573307037,0.04741978228092193,0.7213512992858884,0.025013712495565416
FlexTok,n02117135,128,0.03338716417551041,1.2760712242126466,0.07354763224720956,0.06939029455184938,1.7587795066833498,0.08669594436883926,0.03600313037633897,0.4827082824707032,0.013148312121629702
FlexTok,n02117135,160,0.023713255822658534,0.9366598701477052,0.05371108904480935,0.04841365456581117,1.4419935989379882,0.0638647136092186,0.024700398743152635,0.5053337287902829,0.010153624564409248
FlexTok,n02117135,208,0.012353642880916591,0.44093088150024456,0.023651721179485326,0.027796247899532323,0.9912993431091311,0.03520678341388703,0.015442605018615732,0.5503684616088866,0.0115550622344017
FlexTok,n02117135,256,0.0,0.0,0.0,0.0,0.0,0.0,0.0,0.0,0.0
FlexTok,n02119022,8,0.26798798963427545,5.5340713691711425,0.23417063251137735,0.3650129891932011,6.627964696884155,0.2508899513632059,0.09702499955892563,1.0938933277130127,0.016719318851828563
FlexTok,n02119022,16,0.22573893174529075,5.264743404388428,0.22544057749211788,0.3199017156660557,6.328282489776611,0.23230213135480882,0.09416278392076494,1.0635390853881832,0.006861553862690939
FlexTok,n02119022,32,0.18310272678732872,4.65768756866455,0.20688838787376884,0.2539265234768391,5.533240003585815,0.21043633818626403,0.07082379668951036,0.8755524349212651,0.0035479503124951906
FlexTok,n02119022,64,0.12365564122796059,3.6753417587280275,0.1719195329397917,0.17012111321091652,4.59504732131958,0.16983100280165672,0.04646547198295593,0.9197055625915525,-0.002088530138134981
FlexTok,n02119022,96,0.08761710837483408,2.8516701889038085,0.1363445147871971,0.1183002869784832,3.4963643455505373,0.12574096709489824,0.030683178603649122,0.6446941566467288,-0.010603547692298876
FlexTok,n02119022,128,0.05296403214335443,1.9539956665039062,0.09513303369283678,0.07391261473298072,2.4082599258422857,0.08348199754953384,0.020948582589626293,0.45426425933837944,-0.011651036143302942
FlexTok,n02119022,160,0.03703489825129509,1.4734640693664547,0.06904515340924264,0.05308153986930846,1.7849707031250006,0.0604082652926445,0.01604664161801337,0.3115066337585459,-0.008636888116598136
FlexTok,n02119022,208,0.020299687087535857,0.818855724334717,0.03419386357069017,0.02771627083420753,1.0227202415466312,0.030035870671272277,0.007416583746671673,0.20386451721191423,-0.00415799289941789
FlexTok,n02119022,256,0.0,0.0,0.0,0.0,0.0,0.0,0.0,0.0,0.0
FlexTok,n02123045,8,0.25910428881645203,5.927696170806885,0.2456927389651537,0.31413533270359045,5.328439807891845,0.24028983026742934,0.05503104388713842,-0.5992563629150398,-0.005402908697724362
FlexTok,n02123045,16,0.22003069996833802,5.651490993499756,0.23283664233982562,0.28290735661983496,5.137360343933105,0.23237162649631504,0.06287665665149694,-0.5141306495666509,-0.00046501584351058
FlexTok,n02123045,32,0.17496534436941147,4.891040725708008,0.2138887643814087,0.22873777866363526,4.529449939727783,0.2120296758413315,0.05377243429422379,-0.36159078598022454,-0.0018590885400771862
FlexTok,n02123045,64,0.11723069787025452,3.895936813354492,0.17934512510895728,0.15197722464799882,3.6320232582092284,0.17312586665153504,0.0347465267777443,-0.2639135551452636,-0.006219258457422244
FlexTok,n02123045,96,0.08488279432058335,2.9205773735046385,0.13955065324902535,0.11404686659574509,2.895492744445801,0.1333217862248421,0.02916407227516174,-0.02508462905883757,-0.0062288670241832655
FlexTok,n02123045,128,0.05296283066272736,1.9693704223632813,0.09691951751708987,0.07067975133657456,2.0838565826416016,0.09322061568498613,0.017716920673847197,0.11448616027832026,-0.0036989018321037376
FlexTok,n02123045,160,0.039620662331581125,1.4955112266540527,0.06968956291675568,0.04865705072879791,1.5385316848754882,0.06542539656162262,0.009036388397216787,0.04302045822143552,-0.004264166355133062
FlexTok,n02123045,208,0.020572710335254672,0.8775817871093747,0.03349247604608536,0.025733684301376344,0.9138321876525882,0.03217357814311982,0.0051609739661216715,0.03625040054321349,-0.001318897902965535
FlexTok,n02123045,256,0.0,0.0,0.0,0.0,0.0,0.0,0.0,0.0,0.0
FlexTok,n02128385,8,0.222251129001379,3.436060390472412,0.22292695745825772,0.31931180447340013,4.126799192428589,0.22449189392849803,0.09706067547202113,0.6907388019561767,0.001564936470240308
FlexTok,n02128385,16,0.1826327358186245,3.3195883941650393,0.2143627540767193,0.2709622755646706,4.0272080612182615,0.22296372599317693,0.08832953974604613,0.7076196670532222,0.008600971916457645
FlexTok,n02128385,32,0.14362494215369226,2.9655657386779786,0.19819838628172876,0.20869946449995044,3.3550107288360596,0.19330554376356304,0.06507452234625818,0.389444990158081,-0.004892842518165713
FlexTok,n02128385,64,0.09414960607886315,2.4456278610229494,0.172120860517025,0.12940043538808824,2.5581274414062505,0.16052700828760863,0.03525082930922509,0.1124995803833011,-0.011593852229416363
FlexTok,n02128385,96,0.06484374836087228,1.8538142204284664,0.13553471058607103,0.09270231008529665,1.9857433700561524,0.1257945799827576,0.02785856172442437,0.13192914962768598,-0.00974013060331344
FlexTok,n02128385,128,0.039667084962129597,1.293746166229248,0.09847170293331146,0.058881026804447185,1.3844209480285645,0.08980763137340546,0.01921394184231759,0.09067478179931654,-0.008664071559906006
FlexTok,n02128385,160,0.028953688889741903,0.9667345428466796,0.07120217353105546,0.039608449339866646,1.0477346134185794,0.06491203024983407,0.010654760450124742,0.08100007057189984,-0.0062901432812213914
FlexTok,n02128385,208,0.017466823011636733,0.49936750411987296,0.03437133938074111,0.022746934294700632,0.6108734130859372,0.032126550674438474,0.005280111283063899,0.11150590896606427,-0.002244788706302639
FlexTok,n02128385,256,0.0,0.0,0.0,0.0,0.0,0.0,0.0,0.0,0.0
FlexTok,n02128757,8,0.24618667155504226,4.319049816131592,0.22533805474638938,0.2639960408210755,3.6951170635223387,0.21620749870315195,0.017809369266033215,-0.6239327526092535,-0.009130556043237426
FlexTok,n02128757,16,0.19303177446126937,4.153703441619873,0.2194501753151417,0.2199987953901291,3.605112361907959,0.2079739960283041,0.02696702092885972,-0.5485910797119145,-0.011476179286837584
FlexTok,n02128757,32,0.1563986799120903,3.6713322448730468,0.20325815975666045,0.1714145463705063,3.006668195724487,0.1856585519388318,0.015015866458415988,-0.6646640491485596,-0.017599607817828655
FlexTok,n02128757,64,0.104886756837368,3.052106456756592,0.17934797033667566,0.112926687002182,2.4451558589935303,0.1593010726571083,0.008039930164813996,-0.6069505977630616,-0.020046897679567355
FlexTok,n02128757,96,0.07885654479265213,2.3873613548278807,0.14070239797234535,0.08753189623355866,2.1179380130767824,0.12804222449660302,0.008675351440906531,-0.2694233417510983,-0.012660173475742331
FlexTok,n02128757,128,0.05009987533092499,1.6723401641845703,0.10137358456850051,0.05753760010004044,1.448322172164917,0.09328140944242477,0.007437724769115452,-0.22401799201965322,-0.00809217512607574
FlexTok,n02128757,160,0.03632805913686752,1.2450056266784668,0.07283053740859032,0.04009335160255433,1.1348866271972653,0.06749226838350297,0.003765292465686812,-0.11011899948120152,-0.005338269025087342
FlexTok,n02128757,208,0.02035929620265961,0.6442033767700193,0.03366464763879775,0.024947309195995332,0.7654784393310549,0.03362146317958832,0.004588012993335722,0.1212750625610356,-4.3184459209429094e-05
FlexTok,n02128757,256,0.0,0.0,0.0,0.0,0.0,0.0,0.0,0.0,0.0
FlexTok,n02129165,8,0.24848329305648809,5.647973594665527,0.21822962164878848,0.3319892978668213,5.080379247665405,0.2537460197508335,0.08350600481033321,-0.5675943470001217,0.035516398102045016
FlexTok,n02129165,16,0.2118147963285446,5.181350193023682,0.2059495370090008,0.3001654434204102,5.09915864944458,0.2489330281317234,0.08835064709186558,-0.08219154357910163,0.04298349112272262
FlexTok,n02129165,32,0.17036490261554718,4.582632694244385,0.1906162455677986,0.24449082285165788,4.466267576217652,0.22385380491614343,0.0741259202361107,-0.11636511802673333,0.033237559348344825
FlexTok,n02129165,64,0.11302930742502212,3.61825574874878,0.15919813722372056,0.16790324687957764,3.8110156631469727,0.18926902264356613,0.054873939454555515,0.19275991439819284,0.030070885419845567
FlexTok,n02129165,96,0.08273430019617083,2.7645324134826668,0.12147582203149797,0.1279093211889267,3.0319352912902833,0.14007026389241217,0.045175020992755874,0.2674028778076165,0.018594441860914204
FlexTok,n02129165,128,0.050280011296272284,1.8391683197021484,0.08395650774240496,0.08302702248096466,2.1541142368316644,0.09934057563543319,0.03274701118469238,0.3149459171295159,0.015384067893028236
FlexTok,n02129165,160,0.03615000784397126,1.3472406959533694,0.060991904735565185,0.059829095155000685,1.7069668006896972,0.0748681989312172,0.023679087311029426,0.3597261047363278,0.013876294195652013
FlexTok,n02129165,208,0.02153331100940705,0.7062141799926763,0.028205142021179207,0.03173513069748878,1.0585091209411621,0.03494605392217636,0.010201819688081731,0.3522949409484858,0.006740911900997154
FlexTok,n02129165,256,0.0,0.0,0.0,0.0,0.0,0.0,0.0,0.0,0.0
FlexTok,n02129604,8,0.2409188134968281,4.536232814788819,0.24581963300704956,0.28400886178016665,4.730243148803711,0.2420817442983389,0.04309004828333857,0.19401033401489265,-0.0037378887087106683
FlexTok,n02129604,16,0.19737063691020013,4.343814506530761,0.23413838677108287,0.24966284453868867,4.5517635154724125,0.23083665639162063,0.052292207628488546,0.20794900894165114,-0.003301730379462242
FlexTok,n02129604,32,0.16375503972172736,3.828755111694336,0.21572208017110828,0.2072128039598465,3.945989933013916,0.2097214084863663,0.043457764238119145,0.11723482131957974,-0.0060006716847419705
FlexTok,n02129604,64,0.10966573908925056,3.0981101417541503,0.18719562828540803,0.14537898570299146,3.3134473609924315,0.18178866550326347,0.035713246613740895,0.2153372192382812,-0.005406962782144559
FlexTok,n02129604,96,0.08308923289179802,2.5248394775390626,0.1493412946164608,0.10884042263031006,2.6420501708984374,0.14610510766506196,0.025751189738512037,0.11721069335937484,-0.0032361869513988506
FlexTok,n02129604,128,0.05439199015498161,1.8249884605407711,0.10875830844044686,0.0682803812623024,1.8489827728271484,0.10333219617605209,0.013888391107320791,0.023994312286377273,-0.005426112264394767
FlexTok,n02129604,160,0.037982276827096935,1.372849006652832,0.0788933001458645,0.05057669371366501,1.446107959747314,0.07596452891826629,0.012594416886568073,0.07325895309448205,-0.0029287712275982147
FlexTok,n02129604,208,0.018551926612854,0.6445536231994627,0.03513550579547882,0.026671750247478476,0.8115222740173338,0.03934472918510437,0.008119823634624476,0.16696865081787104,0.004209223389625552
FlexTok,n02129604,256,0.0,0.0,0.0,0.0,0.0,0.0,0.0,0.0,0.0
FlexTok,n02130308,8,0.23392323061823844,3.334193687438965,0.1818656702339649,0.3435939866304398,4.310591831207275,0.2380951050668955,0.10967075601220133,0.9763981437683102,0.05622943483293058
FlexTok,n02130308,16,0.18845818743109707,3.2706684684753418,0.1764766900241375,0.3108065462112427,4.277976293563842,0.23459957845509055,0.12234835878014563,1.0073078250885006,0.05812288843095306
FlexTok,n02130308,32,0.14672389551997186,2.9012080574035646,0.1645638808608055,0.24918011784553531,3.8732182502746584,0.20928026124835014,0.10245622232556345,0.9720101928710938,0.044716380387544635
FlexTok,n02130308,64,0.09195816174149515,2.3448502922058108,0.14156534165143966,0.16529067486524582,3.1925124740600586,0.17884359776973724,0.07333251312375066,0.8476621818542478,0.037278256118297576
FlexTok,n02130308,96,0.06437773302197457,1.7506585693359378,0.11052732318639755,0.11731640994548799,2.4251914596557618,0.13541036561131478,0.05293867692351342,0.674532890319824,0.024883042424917234
FlexTok,n02130308,128,0.039926244765520105,1.2466532707214355,0.08094026342034341,0.07073527485132218,1.7175129699707035,0.09289202928543093,0.030809030085802075,0.47085969924926796,0.011951765865087519
FlexTok,n02130308,160,0.029225374311208734,0.9285360145568847,0.059616411924362185,0.04850496828556062,1.2819437408447265,0.06591274350881578,0.019279593974351885,0.3534077262878418,0.006296331584453592
FlexTok,n02130308,208,0.015392700880765912,0.3818577003479005,0.027199520170688628,0.028762451857328425,0.7765133476257327,0.03413408637046815,0.013369750976562513,0.39465564727783214,0.006934566199779522
FlexTok,n02130308,256,0.0,0.0,0.0,0.0,0.0,0.0,0.0,0.0,0.0
FlexTok,n02134084,8,0.27577861636877066,6.524041957855225,0.21577743142843248,0.3423610585927963,6.4144432067871096,0.2553663012385368,0.06658244222402565,-0.10959875106811534,0.039588869810104343
FlexTok,n02134084,16,0.23446325689554218,6.197334308624267,0.21258148305118085,0.3067039471864701,6.286978397369385,0.2477113714814186,0.07224069029092792,0.08964408874511776,0.03512988843023776
FlexTok,n02134084,32,0.19575719445943832,5.346400661468506,0.19235142275691036,0.2557606238126755,5.558516960144043,0.21778501123189925,0.060003429353237187,0.2121162986755376,0.02543358847498889
FlexTok,n02134084,64,0.12431728750467302,4.130887432098389,0.15854824542999268,0.17984254240989686,4.6060866355896,0.18349330097436906,0.055525254905223836,0.47519920349121136,0.02494505554437637
FlexTok,n02134084,96,0.08948412954807283,3.1897414398193358,0.12045969232916834,0.13169231206178666,3.677900485992432,0.13895043700933457,0.04220818251371383,0.488159046173096,0.018490744680166232
FlexTok,n02134084,128,0.05627201825380326,2.1260634613037106,0.08308722525835037,0.08229467958211899,2.367289161682129,0.09002178758382798,0.026022661328315724,0.2412257003784184,0.006934562325477608
FlexTok,n02134084,160,0.039981550276279455,1.7344163131713868,0.061135365068912505,0.05728496477007866,1.855528392791748,0.06470320463180541,0.017303414493799206,0.1211120796203613,0.003567839562892909
FlexTok,n02134084,208,0.02374811440706254,1.3918220901489258,0.03506180077791214,0.03217171505093574,1.3141752815246581,0.03065337598323822,0.008423600643873198,-0.07764680862426765,-0.0044084247946739215
FlexTok,n02134084,256,0.0,0.0,0.0,0.0,0.0,0.0,0.0,0.0,0.0
FlexTok,n02138441,8,0.2746410033106804,5.704026184082031,0.21222151994705205,0.32897753596305845,5.156145496368408,0.21923132121562958,0.05433653265237803,-0.5478806877136231,0.007009801268577531
FlexTok,n02138441,16,0.22688948839902878,5.371866359710693,0.20671450875699524,0.28621670424938206,5.028814506530762,0.20474739670753478,0.059327215850353276,-0.34305185317993114,-0.0019671120494604566
FlexTok,n02138441,32,0.17348749250173567,4.459217529296875,0.18068437531590462,0.22448997616767882,4.321835708618164,0.17455989748239517,0.05100248366594315,-0.1373818206787112,-0.006124477833509445
FlexTok,n02138441,64,0.11366267085075378,3.4136714744567875,0.14487171947956087,0.15904207348823549,3.598543186187744,0.15213362216949464,0.045379402637481706,0.18487171173095662,0.0072619026899337635
FlexTok,n02138441,96,0.08208323538303375,2.6514891624450687,0.11170597061514854,0.10984468072652817,2.742091484069825,0.11187734365463257,0.027761445343494423,0.09060232162475623,0.0001713730394840296
FlexTok,n02138441,128,0.04795655339956285,1.7582294845581057,0.07595540314912796,0.06881407648324966,1.8479094886779786,0.07622324258089067,0.020857523083686817,0.08968000411987287,0.00026783943176270086
FlexTok,n02138441,160,0.03386236697435379,1.3453202819824224,0.05632747501134872,0.047904794216156,1.4114933395385743,0.0544539949297905,0.014042427241802213,0.06617305755615188,-0.0018734800815582223
FlexTok,n02138441,208,0.02054278030991554,0.7963577651977541,0.028307641148567198,0.027832497209310532,1.1089632606506348,0.030441669523715978,0.007289716899394991,0.31260549545288063,0.0021340283751487797
FlexTok,n02138441,256,0.0,0.0,0.0,0.0,0.0,0.0,0.0,0.0,0.0
FlexTok,n02165456,8,0.3194267068803311,5.874012489318847,0.25003497622907167,0.40514858677983284,6.753779735565185,0.2671274207532406,0.08572187989950175,0.8797672462463382,0.017092444524168915
FlexTok,n02165456,16,0.27480058327317236,5.7311919403076175,0.24240023158490662,0.3587204344570637,6.535460567474365,0.25971250772476195,0.08391985118389134,0.8042686271667474,0.017312276139855337
FlexTok,n02165456,32,0.22112240746617318,4.810768165588379,0.21275477625429634,0.28566878631711007,5.6447735786437985,0.22574141293764113,0.06454637885093689,0.8340054130554195,0.012986636683344793
FlexTok,n02165456,64,0.143330624550581,3.9061697006225584,0.1776323325186968,0.1944675026834011,4.759365711212158,0.18668443843722343,0.05113687813282011,0.8531960105895999,0.00905210591852662
FlexTok,n02165456,96,0.10224331811070442,2.9143297195434577,0.13536528274416926,0.13726380780339242,3.6208091735839845,0.1363927875459194,0.035020489692688006,0.7064794540405268,0.001027504801750151
FlexTok,n02165456,128,0.06464186429977417,1.9305374145507812,0.09073963358998301,0.08254532426595688,2.4471608161926266,0.08796656727790833,0.017903459966182714,0.5166234016418454,-0.0027730663120746762
FlexTok,n02165456,160,0.04873248979449272,1.4896664047241215,0.067880969196558,0.05777248948812485,1.8965395736694335,0.06530012607574463,0.00903999969363213,0.406873168945312,-0.0025808431208133725
FlexTok,n02165456,208,0.02401882484555244,0.9579246520996092,0.03752364784479142,0.03147013351321219,1.079778709411621,0.03497851759195328,0.007451308667659751,0.12185405731201171,-0.002545130252838139
FlexTok,n02165456,256,0.0,0.0,0.0,0.0,0.0,0.0,0.0,0.0,0.0
FlexTok,n02190166,8,0.3047554332017899,5.57440034866333,0.2536310868710279,0.340946351736784,4.759105777740478,0.22524093814194202,0.03619091853499412,-0.8152945709228518,-0.028390148729085907
FlexTok,n02190166,16,0.2637529772520065,5.337231216430664,0.2519904953241348,0.30027742967009546,4.68430157661438,0.22000681376550346,0.03652445241808894,-0.6529296398162838,-0.03198368155863135
FlexTok,n02190166,32,0.21447514355182648,4.677309856414795,0.2298040253669024,0.23653222545981412,4.065812244415283,0.1957782475650311,0.022057081907987636,-0.6114976119995124,-0.0340257778018713
FlexTok,n02190166,64,0.1470011466741562,3.8295225524902348,0.19640363737940789,0.16266694009304047,3.466876392364502,0.1623516258597374,0.015665793418884272,-0.3626461601257329,-0.034052011519670494
FlexTok,n02190166,96,0.10265496641397476,2.850474948883057,0.14724729016423224,0.11534481048583986,2.7509160614013672,0.12386920779943467,0.012689844071865103,-0.09955888748168995,-0.023378082364797576
FlexTok,n02190166,128,0.06287540286779403,1.9034852600097656,0.09805366575717926,0.0697931931912899,1.929551420211792,0.0836691465973854,0.006917790323495876,0.026066160202026456,-0.014384519159793857
FlexTok,n02190166,160,0.04442947149276733,1.4362438011169434,0.07062697499990463,0.04933389350771906,1.461967487335205,0.06068279922008515,0.004904422014951726,0.02572368621826171,-0.00994417577981948
FlexTok,n02190166,208,0.020556739270687095,0.8408426475524906,0.0368059504032135,0.029027511924505246,0.9127329063415527,0.03078312546014786,0.00847077265381815,0.07189025878906208,-0.0060228249430656425
FlexTok,n02190166,256,0.0,0.0,0.0,0.0,0.0,0.0,0.0,0.0,0.0
FlexTok,n02206856,8,0.3117199075222016,5.88898738861084,0.2595227673649788,0.37063524380326274,5.690594215393066,0.2703820376843214,0.05891533628106116,-0.19839317321777372,0.010859270319342584
FlexTok,n02206856,16,0.2684599369764328,5.617084236145019,0.2517276672273875,0.3312313736975193,5.443617105484009,0.25971162378787993,0.06277143672108654,-0.1734671306610105,0.007983956560492445
FlexTok,n02206856,32,0.2211088627576828,4.970438747406006,0.23022941164672375,0.27645840659737586,5.057795944213868,0.23572522200644017,0.055349543839693066,0.08735719680786147,0.005495810359716413
FlexTok,n02206856,64,0.1543494862318039,4.010702419281006,0.1950277638435364,0.19131877288222313,4.288451347351074,0.2019168721139431,0.036969286650419236,0.2777489280700687,0.006889108270406702
FlexTok,n02206856,96,0.11083457142114639,3.097745590209961,0.15632016450166705,0.14276728108525277,3.296878108978272,0.15191524595022204,0.031932709664106385,0.19913251876831106,-0.0044049185514450084
FlexTok,n02206856,128,0.07167171984910965,2.1589908599853516,0.10933132365345954,0.0885133434832096,2.3067277145385745,0.10441605374217033,0.016841623634099953,0.14773685455322294,-0.004915269911289211
FlexTok,n02206856,160,0.0516489389538765,1.658611621856689,0.08090567424893381,0.05901522085070611,1.7030932235717777,0.07578760743141175,0.007366281896829613,0.04448160171508864,-0.005118066817522068
FlexTok,n02206856,208,0.027856207489967342,0.9448239898681642,0.043099454939365386,0.032602404654026036,1.0067011070251466,0.03866655617952347,0.004746197164058694,0.06187711715698241,-0.004432898759841916
FlexTok,n02206856,256,0.0,0.0,0.0,0.0,0.0,0.0,0.0,0.0,0.0
FlexTok,n02219486,8,0.31320964545011526,5.782084693908692,0.23006779685616494,0.35589024469256403,5.845819492340089,0.23560079351067542,0.04268059924244877,0.06373479843139762,0.005532996654510486
FlexTok,n02219486,16,0.26852312564849856,5.583388061523437,0.22300330422818665,0.31710011765360835,5.729470863342285,0.23470548257231716,0.04857699200510979,0.14608280181884759,0.01170217834413051
FlexTok,n02219486,32,0.22008184522390364,4.908899898529054,0.20282387986779216,0.25052090868353843,5.016656398773194,0.20202795326709747,0.03043906345963479,0.10775650024414052,-0.0007959266006946908
FlexTok,n02219486,64,0.15139825582504274,4.019816169738769,0.17373497992753986,0.17084283247590065,4.277872505187989,0.17623064935207366,0.019444576650857914,0.25805633544921935,0.002495669424533803
FlexTok,n02219486,96,0.10690459117293358,3.1137327384948734,0.13476196378469468,0.11606807962059974,3.230280055999756,0.13461400061845782,0.009163488447666165,0.11654731750488256,-0.00014796316623685857
FlexTok,n02219486,128,0.067476843893528,2.1051004409790037,0.09281276032328606,0.07296600162982941,2.258701286315918,0.09300294071435929,0.005489157736301417,0.1536008453369142,0.00019018039107322748
FlexTok,n02219486,160,0.048331789076328284,1.6246620178222662,0.06750011682510376,0.050186408758163444,1.737927875518799,0.06739271074533464,0.0018546196818351596,0.11326585769653286,-0.0001074060797691262
FlexTok,n02219486,208,0.024877388477325443,1.026900539398194,0.03583129465579987,0.02584180288016796,0.9368080711364748,0.034355065822601324,0.0009644144028425165,-0.09009246826171924,-0.001476228833198548
FlexTok,n02219486,256,0.0,0.0,0.0,0.0,0.0,0.0,0.0,0.0,0.0
FlexTok,n02226429,8,0.31895313203334813,6.288765354156494,0.2863171657547355,0.3449064987897873,5.5487947845458985,0.25644245713949204,0.025953366756439167,-0.7399705696105956,-0.02987470861524344
FlexTok,n02226429,16,0.28815086424350744,6.208176574707031,0.2797760147228837,0.30828224241733554,5.392999620437622,0.2463237940520048,0.020131378173828096,-0.8151769542694094,-0.03345222067087891
FlexTok,n02226429,32,0.23351222932338714,5.256466693878174,0.2463067080080509,0.24237918198108677,4.75056749343872,0.2168570365011692,0.008866952657699628,-0.5058992004394538,-0.029449671506881714
FlexTok,n02226429,64,0.15971781194210055,4.325201187133789,0.21117642246186732,0.15734065741300585,3.7807080650329583,0.1700290485471487,-0.002377154529094705,-0.5444931221008309,-0.04114737391471862
FlexTok,n02226429,96,0.10817754000425339,3.2498936080932617,0.15379561305046083,0.10800194501876832,2.8906626129150386,0.1295824408531189,-0.0001755949854850697,-0.3592309951782231,-0.024213172197341926
FlexTok,n02226429,128,0.06638421744108201,2.1761578369140624,0.10172866374254226,0.06748682469129563,1.9877521896362302,0.08626308768987656,0.0011026072502136192,-0.18840564727783216,-0.0154655760526657
FlexTok,n02226429,160,0.04774356514215469,1.674849472045898,0.07447331577539446,0.046430861800909044,1.523139991760254,0.06137597441673279,-0.0013127033412456482,-0.15170948028564402,-0.013097341358661668
FlexTok,n02226429,208,0.02573942512273789,1.0438096237182617,0.03777623295783997,0.027436505556106577,0.9936180114746093,0.0316340896487236,0.0016970804333686883,-0.05019161224365243,-0.006142143309116367
FlexTok,n02226429,256,0.0,0.0,0.0,0.0,0.0,0.0,0.0,0.0,0.0
FlexTok,n02233338,8,0.2777986352145672,5.6533534049987795,0.1883471705764532,0.3499052136391401,5.804507198333741,0.2741847028583288,0.07210657842457291,0.15115379333496115,0.0858375322818756
FlexTok,n02233338,16,0.24774203792214397,5.397729454040527,0.18264840245246888,0.31342360429465776,5.656682119369507,0.267376669049263,0.0656815663725138,0.2589526653289802,0.08472826659679411
FlexTok,n02233338,32,0.19217778548598288,4.467276268005371,0.16206477627158164,0.2552093034237623,4.92228271484375,0.2409976142644882,0.06303151793777942,0.45500644683837876,0.07893283799290657
FlexTok,n02233338,64,0.12486098870635033,3.569451580047607,0.13766750603914263,0.18164066217839717,4.305359439849854,0.2046366326510906,0.056779673472046835,0.7359078598022464,0.06696912661194798
FlexTok,n02233338,96,0.0887992949783802,2.7225207138061522,0.10598809018731117,0.13231322787702082,3.3930071449279784,0.15471081227064132,0.043513932898640625,0.6704864311218262,0.048722722083330144
FlexTok,n02233338,128,0.055835715383291254,1.8237107467651363,0.06990963980555534,0.09163778446614743,2.5150338935852052,0.10769514918327332,0.03580206908285617,0.6913231468200689,0.03778550937771798
FlexTok,n02233338,160,0.04127289652824402,1.415608215332031,0.05059244066476822,0.06295195542275905,1.914746971130371,0.0767741259932518,0.021679058894515033,0.49913875579834,0.026181685328483577
FlexTok,n02233338,208,0.024379320591688156,0.9197639274597165,0.031058913767337798,0.034271779581904416,1.1990727233886718,0.039269946813583374,0.00989245899021626,0.2793087959289553,0.008211033046245576
FlexTok,n02233338,256,0.0,0.0,0.0,0.0,0.0,0.0,0.0,0.0,0.0
FlexTok,n02236044,8,0.3276932854950428,6.388878078460693,0.2671564856171608,0.3569644135236741,5.1257260799407955,0.24187790028750897,0.0292711280286313,-1.2631519985198976,-0.025278585329651854
FlexTok,n02236044,16,0.28364556238055233,6.1760009765625,0.26029160715639593,0.32121686935424804,4.988352994918824,0.23518474094569683,0.037571306973695706,-1.1876479816436767,-0.025106866210699103
FlexTok,n02236044,32,0.2256732152402401,5.411858692169189,0.23014328345656399,0.26153614282608034,4.458334550857544,0.20806419886648655,0.035862927585840254,-0.9535241413116449,-0.02207908459007743
FlexTok,n02236044,64,0.1531151930987835,4.39732406616211,0.18920295141637325,0.17568353384733204,3.6514326667785646,0.17293037131428718,0.02256834074854855,-0.7458913993835452,-0.01627258010208607
FlexTok,n02236044,96,0.10584443911910058,3.3337542533874513,0.14400854483246806,0.12087624013423921,2.908208293914795,0.1334638676047325,0.015031801015138638,-0.4255459594726565,-0.010544677227735555
FlexTok,n02236044,128,0.06374123722314834,2.189700508117676,0.0905671115219593,0.07810930579900742,2.068110008239746,0.09068691760301589,0.01436806857585908,-0.12159049987793003,0.00011980608105659207
FlexTok,n02236044,160,0.045522827655076974,1.6770605850219726,0.06705170616507532,0.0567681846022606,1.603699493408203,0.06598864138126374,0.011245356947183628,-0.07336109161376969,-0.0010630647838115737
FlexTok,n02236044,208,0.024165071845054627,1.0012444305419925,0.037361036390066146,0.03033966153860093,0.9955340576171872,0.030271515846252442,0.006174589693546305,-0.0057103729248053625,-0.007089520543813704
FlexTok,n02236044,256,0.0,0.0,0.0,0.0,0.0,0.0,0.0,0.0,0.0
FlexTok,n02268443,8,0.3296456721425056,6.15847225189209,0.2791519267857075,0.34457737624645235,5.362240839004516,0.21589149922132495,0.01493170410394673,-0.7962314128875736,-0.06326042756438255
FlexTok,n02268443,16,0.2901234492659569,6.080060920715332,0.27772249139845373,0.3052049005031586,5.224925470352173,0.20908846370875836,0.015081451237201726,-0.855135450363159,-0.06863402768969537
FlexTok,n02268443,32,0.22644598931074145,5.275035743713379,0.24941334880888466,0.2441448247432709,4.583776836395264,0.19478146523237228,0.017698835432529453,-0.6912589073181152,-0.054631883576512386
FlexTok,n02268443,64,0.15197348296642305,4.3588989639282225,0.21661877050995826,0.16461752206087113,3.73689567565918,0.16586191788315774,0.012644039094448084,-0.6220032882690427,-0.05075685262680052
FlexTok,n02268443,96,0.10566136926412582,3.240901622772217,0.1600932514667511,0.11116230785846712,2.715050277709961,0.1229013040661812,0.005500938594341295,-0.525851345062256,-0.0371919474005699
FlexTok,n02268443,128,0.0650119809806347,2.089166660308838,0.10284173041582108,0.0667964056134224,1.8075556755065916,0.08114053443074226,0.001784424632787704,-0.28161098480224633,-0.021701195985078817
FlexTok,n02268443,160,0.046156711131334315,1.5580733871459962,0.0721367222070694,0.04930076658725739,1.3573192024230953,0.05797307848930359,0.003144055455923077,-0.20075418472290085,-0.014163643717765816
FlexTok,n02268443,208,0.022834365218877797,0.9118669891357422,0.03908712863922119,0.024609127640724184,0.8448461723327637,0.03262257903814316,0.0017747624218463869,-0.06702081680297844,-0.006464549601078028
FlexTok,n02268443,256,0.0,0.0,0.0,0.0,0.0,0.0,0.0,0.0,0.0
FlexTok,n02279972,8,0.2858494494855404,4.203301525115966,0.24324611321091652,0.34297249123454093,5.290502214431763,0.2508090201020241,0.057123041749000514,1.0872006893157966,0.007562906891107585
FlexTok,n02279972,16,0.2403283004462719,4.103401546478272,0.23378467485308652,0.29827915057539944,4.94963342666626,0.23937104940414428,0.05795085012912754,0.8462318801879878,0.00558637455105776
FlexTok,n02279972,32,0.18624244257807732,3.685102596282959,0.22406110689043998,0.23791623666882514,4.223821029663086,0.2136006367765367,0.05167379409074782,0.5387184333801271,-0.010460470113903275
FlexTok,n02279972,64,0.13460010424256325,3.0080377388000494,0.19713732637465,0.16639440312981604,3.4132557106018067,0.1799996625445783,0.0317942988872528,0.4052179718017572,-0.017137663830071703
FlexTok,n02279972,96,0.09470073625445366,2.3407068061828618,0.15600558191537858,0.12215331122279169,2.5796454620361327,0.13484357833862304,0.027452574968338028,0.2389386558532709,-0.021162003576755545
FlexTok,n02279972,128,0.06116480931639672,1.6655148506164559,0.11081035360693933,0.07493960216641427,1.8824610137939453,0.0959209867566824,0.013774792850017543,0.21694616317748938,-0.014889366850256935
FlexTok,n02279972,160,0.045222211629152305,1.2569526100158697,0.08068950116634369,0.05433135524392128,1.3493719673156739,0.06758896887302399,0.009109143614768972,0.09241935729980422,-0.0131005322933197
FlexTok,n02279972,208,0.021764078289270395,0.6413806343078617,0.0409277018904686,0.03036695465445519,0.7511365699768063,0.034042488336563106,0.008602876365184794,0.1097559356689446,-0.006885213553905492
FlexTok,n02279972,256,0.0,0.0,0.0,0.0,0.0,0.0,0.0,0.0,0.0
FlexTok,n02317335,8,0.33496530026197435,5.141686706542969,0.19828436691313983,0.3699886776506901,5.695895719528198,0.23608524054288865,0.03502337738871575,0.5542090129852291,0.03780087362974882
FlexTok,n02317335,16,0.2859860256314278,5.0151960563659665,0.19106664448976518,0.3288999928534031,5.527206974029541,0.21840222358703612,0.042913967221975324,0.5120109176635745,0.02733557909727094
FlexTok,n02317335,32,0.22479038149118427,4.369867267608642,0.17417761716991664,0.24939262762665748,4.571199874877929,0.18576661959290505,0.02460224613547321,0.20133260726928714,0.01158900242298841
FlexTok,n02317335,64,0.1485837131738663,3.380916633605957,0.1461710973083973,0.15815063789486886,3.5954005241394036,0.15739984780550004,0.009566924721002568,0.21448389053344652,0.01122875049710273
FlexTok,n02317335,96,0.10344656914472582,2.3565611457824707,0.10922296322882177,0.11056833162903786,2.7044241333007815,0.12388893395662308,0.007121762484312039,0.3478629875183108,0.014665970727801306
FlexTok,n02317335,128,0.059000958800315854,1.5413328933715817,0.07582381069660188,0.06417149543762207,1.79795051574707,0.08184670612215995,0.005170536637306218,0.25661762237548835,0.006022895425558075
FlexTok,n02317335,160,0.04132053464651109,1.1816181564331052,0.055630893558263776,0.04669793650507926,1.3911811065673825,0.059437176883220665,0.005377401858568172,0.20956295013427728,0.0038062833249568884
FlexTok,n02317335,208,0.02402279689908028,0.7196389579772946,0.028904788494110108,0.02640489399433136,0.9982451248168944,0.03363153100013733,0.0023820970952510775,0.2786061668395998,0.004726742506027219
FlexTok,n02317335,256,0.0,0.0,0.0,0.0,0.0,0.0,0.0,0.0,0.0
FlexTok,n02325366,8,0.19601200193166732,3.652325401306153,0.1741191911697388,0.33514351546764376,5.2840941047668455,0.23056254394352435,0.13913151353597644,1.6317687034606925,0.05644335277378554
FlexTok,n02325366,16,0.16440448313951492,3.618670883178711,0.17082444198429583,0.2986322391033173,5.181869068145752,0.22709959652274847,0.1342277559638024,1.563198184967041,0.05627515453845264
FlexTok,n02325366,32,0.13299632191658023,3.176194725036621,0.15834622353315356,0.23681097596883774,4.517489185333252,0.20204398334026336,0.10381465405225751,1.341294460296631,0.0436977598071098
FlexTok,n02325366,64,0.08040078073740005,2.391116771697998,0.13758577682077885,0.15278242468833925,3.560124759674072,0.16201162442564965,0.0723816439509392,1.169007987976074,0.024425847604870793
FlexTok,n02325366,96,0.0598749589920044,1.8015333938598637,0.10928562983870509,0.10540345102548601,2.711511878967285,0.11981058821082115,0.04552849203348161,0.9099784851074213,0.010524958372116061
FlexTok,n02325366,128,0.03665057986974716,1.2684014511108401,0.08049693003296854,0.0641482335329056,1.8275650596618647,0.08284828498959541,0.027497653663158435,0.5591636085510245,0.002351354956626875
FlexTok,n02325366,160,0.024784944057464606,0.9496287155151368,0.059112972170114526,0.04493488132953646,1.3465788269042962,0.058558056503534316,0.02014993727207185,0.39695011138915937,-0.0005549156665802107
FlexTok,n02325366,208,0.011579140424728398,0.546289119720459,0.030685310959815984,0.02416472464799882,0.8788747215270996,0.03100323796272278,0.012585584223270422,0.33258560180664054,0.00031792700290679543
FlexTok,n02325366,256,0.0,0.0,0.0,0.0,0.0,0.0,0.0,0.0,0.0
FlexTok,n02346627,8,0.2595227268338204,4.01309814453125,0.18026086680591105,0.3596755117177964,4.434252634048462,0.24652257055044174,0.100152784883976,0.42115448951721124,0.06626170374453069
FlexTok,n02346627,16,0.22096536487340931,3.9759175872802732,0.17788405351340772,0.31598874866962434,4.415453100204468,0.23926150634884835,0.09502338379621503,0.4395355129241949,0.06137745283544063
FlexTok,n02346627,32,0.17860204726457599,3.3775056266784667,0.16570311687886716,0.25635444283485415,3.759615993499756,0.21561069309711456,0.07775239557027816,0.3821103668212893,0.0499075762182474
FlexTok,n02346627,64,0.118843809068203,2.54372709274292,0.13883981406688692,0.16604334115982056,2.9749644088745115,0.1721671497821808,0.04719953209161756,0.43123731613159144,0.03332733571529389
FlexTok,n02346627,96,0.08386864662170412,1.9305140113830563,0.10905910775065422,0.11401919037103654,2.2425324630737307,0.1287314033508301,0.030150543749332417,0.3120184516906743,0.019672295600175888
FlexTok,n02346627,128,0.05280682921409609,1.2768883514404297,0.07908064559102058,0.07695301145315171,1.6531394195556641,0.09481747299432755,0.024146182239055625,0.37625106811523445,0.015736827403306966
FlexTok,n02346627,160,0.036042302548885345,0.9541406059265138,0.05679589211940765,0.05132110655307771,1.2734518051147468,0.06994726449251176,0.015278804004192362,0.3193111991882329,0.013151372373104112
FlexTok,n02346627,208,0.020486877560615548,0.5311242675781248,0.027657515406608588,0.027266093045473106,0.8365419578552249,0.03645710110664368,0.0067792154848575585,0.3054176902771001,0.008799585700035091
FlexTok,n02346627,256,0.0,0.0,0.0,0.0,0.0,0.0,0.0,0.0,0.0
FlexTok,n02356798,8,0.2790430748462677,5.035325336456299,0.21866994697600603,0.3485560928285122,5.494207801818848,0.2323923148214817,0.06951301798224446,0.4588824653625494,0.013722367845475675
FlexTok,n02356798,16,0.23110396325588226,4.8436818695068355,0.2067218821309507,0.3156017564237118,5.3271010208129885,0.22813471198081975,0.08449779316782954,0.483419151306153,0.02141282984986906
FlexTok,n02356798,32,0.1794090336561203,4.117538890838623,0.18530256245285273,0.2530854193866253,4.791342296600342,0.19952796548604965,0.07367638573050503,0.6738034057617188,0.014225403033196915
FlexTok,n02356798,64,0.11862071454524996,3.1791311645507814,0.1569479775801301,0.17381979241967202,3.8863269233703615,0.16404494374990464,0.05519907787442206,0.7071957588195801,0.007096966169774538
FlexTok,n02356798,96,0.08259464055299759,2.4828131294250486,0.1234175131469965,0.12131216660141947,2.995266246795654,0.12429827213287353,0.03871752604842188,0.5124531173706055,0.0008807589858770282
FlexTok,n02356798,128,0.050432807803154,1.6507435417175296,0.08685405746102333,0.07218217492103578,1.9736533737182618,0.08355015724897384,0.02174936711788178,0.3229098320007322,-0.0033039002120494876
FlexTok,n02356798,160,0.03469010263681413,1.2715781211853028,0.06322842881083489,0.0495259289443493,1.4958697509765626,0.05952328920364381,0.014835826307535167,0.22429162979125983,-0.0037051396071910783
FlexTok,n02356798,208,0.01869076102972032,0.78777229309082,0.03239621877670288,0.029712429195642476,1.058134307861328,0.029799166917800907,0.011021668165922156,0.2703620147705079,-0.0025970518589019734
FlexTok,n02356798,256,0.0,0.0,0.0,0.0,0.0,0.0,0.0,0.0,0.0
FlexTok,n02363005,8,0.23857102811336517,4.447061557769775,0.19068878427147865,0.3965709576010705,5.897579326629638,0.3050543858110905,0.1579999294877053,1.4505177688598634,0.11436560153961187
FlexTok,n02363005,16,0.2006789642572403,4.172565250396729,0.18893620498478414,0.3641261711716652,5.847610502243042,0.29138242721557617,0.16344720691442488,1.6750452518463135,0.10244622223079203
FlexTok,n02363005,32,0.1616430860757828,3.672760639190673,0.1697580076009035,0.29558967798948294,5.23002739906311,0.25710508584976194,0.13394659191370015,1.5572667598724372,0.08734707824885843
FlexTok,n02363005,64,0.10430359780788423,2.77583625793457,0.14024026811122894,0.19968909621238712,4.472966709136963,0.21486006781458855,0.09538549840450289,1.6971304512023928,0.07461979970335961
FlexTok,n02363005,96,0.077196663916111,2.0173709869384764,0.10824084132909775,0.14427504271268846,3.478306312561035,0.15884082913398745,0.06707837879657745,1.4609353256225588,0.050599987804889696
FlexTok,n02363005,128,0.04618134766817094,1.288364906311035,0.07745944038033485,0.09468932032585146,2.4842992782592774,0.10875680774450303,0.048507972657680525,1.1959343719482425,0.031297367364168174
FlexTok,n02363005,160,0.034045391082763665,0.9779807281494141,0.05697461411356926,0.06538975805044175,1.8950839042663574,0.07704147636890411,0.03134436696767809,0.9171031761169434,0.020066862255334855
FlexTok,n02363005,208,0.018961707055568697,0.5875685119628903,0.028272651433944692,0.03285927116870881,1.145823726654053,0.03659926533699036,0.013897564113140116,0.5582552146911627,0.008326613903045666
FlexTok,n02363005,256,0.0,0.0,0.0,0.0,0.0,0.0,0.0,0.0,0.0
FlexTok,n02364673,8,0.3226995885372162,7.100739402770996,0.2593738414347172,0.3671511995792389,5.284871892929077,0.23573576256632806,0.04445161104202272,-1.8158675098419188,-0.023638078868389145
FlexTok,n02364673,16,0.27792989194393164,6.7524747467041015,0.23938876956701283,0.3205210471153259,5.127463893890381,0.22801508828997616,0.04259115517139428,-1.6250108528137206,-0.011373681277036668
FlexTok,n02364673,32,0.2145865696668625,5.745932464599609,0.20955037683248523,0.2591944164037705,4.6199808692932125,0.20035200089216232,0.04460784673690801,-1.1259515953063968,-0.009198375940322912
FlexTok,n02364673,64,0.14136897534132006,4.435645179748536,0.1651610766351223,0.17103513449430466,3.757632656097412,0.15985443979501723,0.029666159152984595,-0.6780125236511241,-0.005306636840105072
FlexTok,n02364673,96,0.10056684583425524,3.318207225799561,0.12344117000699045,0.12225903064012529,2.811163291931152,0.11640550136566162,0.021692184805870054,-0.5070439338684087,-0.007035668641328832
FlexTok,n02364673,128,0.06139337092638017,2.1486938476562503,0.08086212456226351,0.07621753633022309,1.8888349914550782,0.07623033910989761,0.014824165403842918,-0.2598588562011721,-0.004631785452365894
FlexTok,n02364673,160,0.04410262405872346,1.6453116416931155,0.05972887247800829,0.05134505718946457,1.4584061622619628,0.05575600326061249,0.007242433130741112,-0.18690547943115265,-0.0039728692173958
FlexTok,n02364673,208,0.024796547591686258,1.0654067802429203,0.033925100862979896,0.03207182943820954,1.072724094390869,0.031639513373374936,0.0072752818465232835,0.0073173141479485615,-0.0022855874896049594
FlexTok,n02364673,256,0.0,0.0,0.0,0.0,0.0,0.0,0.0,0.0,0.0
FlexTok,n02391049,8,0.26799007833003996,4.308002033233643,0.2859858019370586,0.3513243120908737,4.73940881729126,0.2903385882079601,0.08333423376083376,0.431406784057617,0.004352786270901521
FlexTok,n02391049,16,0.222382333278656,4.227708129882813,0.2777978907898069,0.3113446211814881,4.566886539459229,0.2751254087686539,0.08896228790283209,0.3391784095764159,-0.002672482021153
FlexTok,n02391049,32,0.1748562514781952,3.776163444519043,0.2593671224266291,0.25168833196163176,4.1550016021728515,0.25176371648907664,0.07683208048343657,0.3788381576538087,-0.007603405937552488
FlexTok,n02391049,64,0.12788419157266617,3.295929775238037,0.2313178103417158,0.163717879652977,3.7046983909606928,0.21418764859437942,0.035833688080310816,0.40876861572265577,-0.017130161747336392
FlexTok,n02391049,96,0.08913684815168381,2.6113958740234375,0.17816075965762143,0.11702968537807466,2.9503567886352537,0.15784283697605134,0.027892837226390854,0.3389609146118162,-0.020317922681570094
FlexTok,n02391049,128,0.05726858586072922,1.864306049346924,0.12223724514245987,0.07313875943422318,2.125607757568359,0.11158353447914124,0.015870173573493962,0.2613017082214353,-0.010653710663318633
FlexTok,n02391049,160,0.041022210717201225,1.3342910575866702,0.08686365276575088,0.0505213275551796,1.6362760734558102,0.08029721945524215,0.009499116837978376,0.30198501586913995,-0.006566433310508726
FlexTok,n02391049,208,0.021690169274806964,0.6396343803405763,0.03885217994451523,0.0260373991727829,0.8717478370666505,0.03845019668340683,0.004347229897975934,0.2321134567260742,-0.0004019832611084004
FlexTok,n02391049,256,0.0,0.0,0.0,0.0,0.0,0.0,0.0,0.0,0.0
FlexTok,n02395406,8,0.2698427802324295,5.139412822723389,0.22335052244365217,0.3698723830282688,5.739642143249512,0.2873972395062447,0.10002960279583928,0.6002293205261227,0.06404671706259252
FlexTok,n02395406,16,0.24010599017143253,5.085188827514648,0.2204101222753525,0.33454469576478,5.67893569946289,0.28149476021528247,0.0944387055933475,0.5937468719482419,0.061084637939929964
FlexTok,n02395406,32,0.20174327731132508,4.55457612991333,0.20320451579988003,0.27183881357312206,4.997144718170166,0.2481708826124668,0.07009553626179699,0.44256858825683576,0.04496636681258678
FlexTok,n02395406,64,0.13901390254497528,3.6528570747375486,0.17000343307852744,0.1870454625785351,4.3046909523010255,0.20544096007943152,0.04803156003355982,0.6518338775634769,0.03543752700090408
FlexTok,n02395406,96,0.09964539647102356,2.803652687072754,0.12908021584153176,0.13094272121787073,3.2878877449035646,0.15420249849557877,0.03129732474684717,0.4842350578308108,0.025122282654047007
FlexTok,n02395406,128,0.06446213513612747,1.8438193511962888,0.09195206716656684,0.08585622146725655,2.4339323616027837,0.10296564757823944,0.021394086331129075,0.5901130104064949,0.011013580411672594
FlexTok,n02395406,160,0.04634731978178024,1.4137783432006836,0.06771695137023925,0.058657135814428336,1.7676389503479006,0.07301430344581605,0.012309816032648094,0.353860607147217,0.0052973520755768
FlexTok,n02395406,208,0.024679563343524943,0.800697250366211,0.03419482409954071,0.030710373669862748,1.143015365600586,0.040299853682518004,0.006030810326337805,0.34231811523437494,0.006105029582977296
FlexTok,n02395406,256,0.0,0.0,0.0,0.0,0.0,0.0,0.0,0.0,0.0
FlexTok,n02398521,8,0.2603980797529221,5.224969234466553,0.2228319973498583,0.36655746653676036,5.196577796936035,0.24896501988172534,0.10615938678383824,-0.02839143753051765,0.02613302253186703
FlexTok,n02398521,16,0.22802358865737915,5.058679943084716,0.217566320002079,0.32337164476513863,5.088236961364746,0.24318347305059437,0.09534805610775948,0.029557018280030434,0.025617153048515362
FlexTok,n02398521,32,0.19133609235286714,4.31695779800415,0.20272969722747805,0.2623994494974613,4.193041591644287,0.21443672925233842,0.07106335714459416,-0.12391620635986289,0.01170703202486037
FlexTok,n02398521,64,0.1308829492330551,3.5337363624572746,0.1738811293244362,0.1822214598953724,3.3882124519348142,0.1814585483074188,0.05133851066231729,-0.1455239105224604,0.007577418982982614
FlexTok,n02398521,96,0.09159792780876161,2.6293791007995604,0.13157549113035205,0.13081517830491066,2.6523804092407226,0.1365242898464203,0.03921725049614905,0.023001308441162216,0.004948798716068237
FlexTok,n02398521,128,0.057667293548583985,1.7741612434387202,0.09069865316152574,0.08232869252562523,1.8608131217956545,0.09287122994661332,0.024661398977041248,0.08665187835693433,0.002172576785087574
FlexTok,n02398521,160,0.041710101068019874,1.3277415275573723,0.06556277126073838,0.05879019096493721,1.4612336921691895,0.06832288652658464,0.01708008989691734,0.13349216461181723,0.0027601152658462552
FlexTok,n02398521,208,0.022321852147579185,0.7352025985717769,0.032624847590923316,0.03560123458504676,1.1320926856994629,0.03844711482524872,0.013279382437467572,0.3968900871276859,0.005822267234325405
FlexTok,n02398521,256,0.0,0.0,0.0,0.0,0.0,0.0,0.0,0.0,0.0
FlexTok,n02410509,8,0.26013855248689655,4.872462692260743,0.18941218063235288,0.32376701846718786,4.624038715362548,0.22053176745772363,0.06362846598029132,-0.24842397689819418,0.03111958682537075
FlexTok,n02410509,16,0.21793344229459763,4.455086288452148,0.17779484733939172,0.2855554397404194,4.658915996551514,0.2206835805624724,0.06762199744582179,0.20382970809936563,0.04288873322308068
FlexTok,n02410509,32,0.17531907826662063,3.9703548049926756,0.16782231539487844,0.22793411448597908,4.01848258972168,0.19885433301329616,0.05261503621935845,0.048127784729004475,0.03103201761841773
FlexTok,n02410509,64,0.11902514845132829,3.231577129364014,0.14344401299953463,0.15540712729096415,3.260851888656616,0.16428820654749873,0.036381978839635856,0.029274759292602148,0.0208441935479641
FlexTok,n02410509,96,0.08377068191766739,2.488158664703369,0.11101062551140788,0.11251511499285698,2.5291427993774414,0.12427234113216402,0.02874443307518959,0.04098413467407225,0.013261715620756148
FlexTok,n02410509,128,0.05405373036861422,1.7002502632141117,0.07680281102657319,0.06968938574194909,1.76252477645874,0.0870719735324383,0.015635655373334875,0.06227451324462829,0.010269162505865112
FlexTok,n02410509,160,0.03836432605981828,1.241010551452637,0.055590869188308724,0.051497386544942854,1.3927896118164063,0.06442514285445215,0.013133060485124574,0.1517790603637692,0.008834273666143429
FlexTok,n02410509,208,0.020091612637043014,0.7348987770080565,0.02714278340339661,0.02950436607003212,0.879572334289551,0.030345706790685666,0.009412753432989106,0.14467355728149445,0.003202923387289055
FlexTok,n02410509,256,0.0,0.0,0.0,0.0,0.0,0.0,0.0,0.0,0.0
FlexTok,n02423022,8,0.24118438214063648,4.528687820434571,0.19095936685800555,0.3521326641738415,4.977880153656006,0.2329680007696152,0.110948282033205,0.44919233322143537,0.042008633911609666
FlexTok,n02423022,16,0.20074819415807724,4.435796566009522,0.1877908937633038,0.31190167590975765,4.81375883102417,0.2195996952056885,0.11115348175168041,0.3779622650146486,0.03180880144238471
FlexTok,n02423022,32,0.1519963297247887,3.70004680633545,0.16915875598788266,0.24220661386847497,4.4545675468444825,0.19592468783259395,0.09021028414368629,0.7545207405090326,0.026765931844711294
FlexTok,n02423022,64,0.10154366403818131,2.934118041992188,0.1415303309261799,0.16911859288811684,3.7027100563049316,0.16091126948595047,0.06757492884993553,0.7685920143127434,0.019380938559770577
FlexTok,n02423022,96,0.07170719146728516,2.1659308242797852,0.10575637727975847,0.11304314002394676,2.9002971839904785,0.11885021656751635,0.0413359485566616,0.7343663597106933,0.013093839287757883
FlexTok,n02423022,128,0.0428565514087677,1.4567394828796392,0.07201987475156785,0.0731723602116108,2.019793300628662,0.08159004062414171,0.030315808802843104,0.5630538177490227,0.009570165872573866
FlexTok,n02423022,160,0.03040867328643799,1.0714040374755867,0.05156547278165819,0.047603275924921036,1.4759944915771481,0.05685316264629365,0.017194602638483047,0.40459045410156147,0.005287689864635459
FlexTok,n02423022,208,0.018116610348224635,0.6612977218627932,0.025784167647361765,0.028817411065101634,1.0349784088134766,0.029451980590820315,0.010700800716876999,0.37368068695068335,0.0036678129434585503
FlexTok,n02423022,256,0.0,0.0,0.0,0.0,0.0,0.0,0.0,0.0,0.0
FlexTok,n02437616,8,0.2966678711771965,6.801706352233887,0.25662945449352265,0.36097185015678407,5.300463466644287,0.25225725799798965,0.06430397897958756,-1.5012428855895994,-0.004372196495532998
FlexTok,n02437616,16,0.2523278501629829,6.403338642120361,0.2433350133895874,0.3163602256774902,5.3447219753265385,0.2435029588639736,0.0640323755145073,-1.0586166667938226,0.00016794547438619967
FlexTok,n02437616,32,0.20086664468050003,5.498331203460693,0.2200932539999485,0.24678609460592274,4.608219299316406,0.2122895248234272,0.04591944992542271,-0.8901119041442866,-0.007803729176521307
FlexTok,n02437616,64,0.1360213041305542,4.325197658538817,0.18137903958559037,0.17177654087543487,3.820976047515869,0.17579318463802338,0.03575523674488068,-0.5042216110229485,-0.005585854947566998
FlexTok,n02437616,96,0.10006658196449279,3.300105628967285,0.13783902406692505,0.11983231455087662,2.9700294971466064,0.1330739259719849,0.019765732586383825,-0.33007613182067885,-0.004765098094940162
FlexTok,n02437616,128,0.06399135410785674,2.2032149124145506,0.09187102854251862,0.07717655703425408,2.0705820655822755,0.08997864425182345,0.01318520292639734,-0.13263284683227505,-0.0018923842906951732
FlexTok,n02437616,160,0.044435253739356986,1.6630834960937495,0.06649048060178757,0.05495204165577888,1.5643317413330078,0.06516232907772065,0.010516787916421896,-0.09875175476074172,-0.0013281515240669145
FlexTok,n02437616,208,0.024070585370063773,1.0369538116455075,0.034704147577285765,0.0339121088385582,1.2489711189270019,0.035916506350040435,0.009841523468494425,0.21201730728149437,0.0012123587727546695
FlexTok,n02437616,256,0.0,0.0,0.0,0.0,0.0,0.0,0.0,0.0,0.0
FlexTok,n02445715,8,0.2775455620884896,5.555447845458985,0.22662058629095555,0.39184600688517096,7.1449399662017825,0.3306797982007265,0.11430044479668139,1.5894921207427979,0.10405921190977097
FlexTok,n02445715,16,0.2497211948037148,5.521191596984863,0.22150529436767102,0.3598410496860743,7.066749629974365,0.3181889142096043,0.11011985488235948,1.5455580329895016,0.0966836198419333
FlexTok,n02445715,32,0.20568952590227127,4.907793884277344,0.20269353561103343,0.28743500567972663,6.523734359741211,0.2788786594569683,0.08174547977745536,1.6159404754638675,0.0761851238459349
FlexTok,n02445715,64,0.1402845510840416,4.029199275970459,0.16408173359930514,0.20734712399542335,5.8495440101623535,0.23085609316825867,0.06706257291138176,1.8203447341918944,0.06677435956895353
FlexTok,n02445715,96,0.09638560384511949,2.941168422698974,0.12303165882825853,0.1489486176520586,4.492550992965699,0.1714986062049866,0.05256301380693912,1.5513825702667248,0.048466947376728076
FlexTok,n02445715,128,0.06146577149629594,1.8880697822570798,0.08302539452910424,0.09977984793484213,3.2014132118225094,0.1144304856657982,0.03831407643854619,1.3133434295654296,0.03140509113669397
FlexTok,n02445715,160,0.04446039021015168,1.4456163406372067,0.06041602686047555,0.0688292668014765,2.3429079437255855,0.07904652267694474,0.024368876591324813,0.8972916030883789,0.018630495816469195
FlexTok,n02445715,208,0.02407558113336564,0.8678801155090328,0.03176436960697174,0.028925038203597077,1.2393720245361324,0.035890069603919994,0.004849457070231437,0.3714919090270996,0.004125699996948257
FlexTok,n02445715,256,0.0,0.0,0.0,0.0,0.0,0.0,0.0,0.0,0.0
FlexTok,n02447366,8,0.25013176739215853,5.019720535278321,0.20887118838727475,0.3675751720368862,5.841347951889038,0.2755325980484486,0.11744340464472769,0.8216274166107169,0.06666140966117384
FlexTok,n02447366,16,0.20684890627861022,4.661869869232178,0.1963132181018591,0.32268119618296626,5.829998922348023,0.2658430676162243,0.11583228990435604,1.1681290531158446,0.0695298495143652
FlexTok,n02447366,32,0.16379955232143403,4.045443840026856,0.18142022266983987,0.2552690629661083,5.206250314712524,0.2310320319235325,0.09146951064467426,1.1608064746856686,0.04961180925369263
FlexTok,n02447366,64,0.10990347564220429,3.4513750457763672,0.15473915070295333,0.17741277381777767,4.5270580863952645,0.19006657600402832,0.06750929817557338,1.0756830406188973,0.035327425301074994
FlexTok,n02447366,96,0.07591266244649889,2.5912272834777834,0.11945494174957276,0.12130867525935175,3.397011985778809,0.13929400235414507,0.04539601281285287,0.8057847023010254,0.019839060604572314
FlexTok,n02447366,128,0.04734216660261154,1.6858754348754883,0.08203652307391167,0.0786386026442051,2.3639505004882815,0.09398573696613312,0.03129643604159355,0.6780750656127932,0.01194921389222145
FlexTok,n02447366,160,0.03429318636655807,1.2816288375854492,0.05897158801555633,0.055960923284292224,1.7714074325561526,0.0682252037525177,0.021667736917734153,0.4897785949707034,0.009253615736961367
FlexTok,n02447366,208,0.016881189048290255,0.6640191078186034,0.02726017832756042,0.029389491081237798,1.0433062553405765,0.032924859225749975,0.012508302032947543,0.3792871475219731,0.005664680898189556
FlexTok,n02447366,256,0.0,0.0,0.0,0.0,0.0,0.0,0.0,0.0,0.0
FlexTok,n02480495,8,0.28374762266874315,5.631345996856689,0.2409814236313105,0.35186769217252734,6.550068264007568,0.2506795524060726,0.06812006950378419,0.918722267150879,0.009698128774762088
FlexTok,n02480495,16,0.24365638464689254,5.305609855651856,0.2325160902738571,0.3086541882157326,5.942589435577393,0.22888135097920898,0.06499780356884005,0.6369795799255371,-0.003634739294648137
FlexTok,n02480495,32,0.19948920279741286,4.653205070495606,0.21878817178308968,0.23781947791576385,5.089266567230225,0.20266739204525946,0.03833027511835099,0.43606149673461925,-0.016120779737830215
FlexTok,n02480495,64,0.13370430856943133,3.814217586517334,0.18112523473799227,0.1571049362421036,3.8814376258850096,0.15955804824829103,0.02340062767267226,0.06722003936767562,-0.02156718648970124
FlexTok,n02480495,96,0.09875331789255144,3.0194747924804695,0.14078147232532504,0.10934403777122499,2.8962233161926276,0.12188865810632706,0.010590719878673549,-0.12325147628784183,-0.01889281421899798
FlexTok,n02480495,128,0.0642692604660988,2.066786689758301,0.09777829080820083,0.07237145006656646,2.002271118164063,0.08268565475940705,0.008102189600467671,-0.06451557159423826,-0.015092636048793781
FlexTok,n02480495,160,0.04663477480411531,1.5548368835449224,0.07088585168123246,0.04835605800151825,1.4801043891906738,0.059286833107471466,0.0017212831974029383,-0.07473249435424867,-0.011599018573760993
FlexTok,n02480495,208,0.02507583677768708,0.8769846534729004,0.03428593665361404,0.024598788619041457,0.9001242828369144,0.0286479327082634,-0.0004770481586456217,0.023139629364013925,-0.005638003945350641
FlexTok,n02480495,256,0.0,0.0,0.0,0.0,0.0,0.0,0.0,0.0,0.0
FlexTok,n02480855,8,0.2596295410394669,5.4333624839782715,0.23548679523169994,0.33780004918575285,5.566161136627198,0.2683371409773827,0.07817050814628596,0.1327986526489262,0.03285034574568277
FlexTok,n02480855,16,0.2233441531658173,5.033311786651612,0.2229085671156645,0.31538768947124485,5.496435604095459,0.2630681536346674,0.09204353630542755,0.46312381744384723,0.04015958651900289
FlexTok,n02480855,32,0.18349649488925937,4.3314445686340335,0.20199737921357155,0.25470184922218325,4.899395961761474,0.23507064208388329,0.07120535433292388,0.5679513931274407,0.03307326287031173
FlexTok,n02480855,64,0.13128905177116396,3.6718138885498046,0.17157526656985284,0.17533070862293243,4.106286487579346,0.1993427813053131,0.044041656851768474,0.43447259902954105,0.02776751473546027
FlexTok,n02480855,96,0.09499887377023698,2.8914518928527833,0.13121349111199382,0.12698584794998172,3.130108127593994,0.1548955126106739,0.031986974179744734,0.23865623474121067,0.023682021498680095
FlexTok,n02480855,128,0.058942004442214986,1.8155959320068362,0.0897740787267685,0.08283947616815569,2.2022478866577146,0.10771710589528084,0.023897471725940707,0.3866519546508784,0.017943027168512343
FlexTok,n02480855,160,0.03921075612306596,1.3077634429931642,0.06357221692800523,0.057042425572872174,1.6408305168151853,0.0766831897199154,0.017831669449806214,0.33306707382202116,0.013110972791910175
FlexTok,n02480855,208,0.019278266131877907,0.7329885864257812,0.030999002456665047,0.028803583979606643,0.9369782638549803,0.03944698154926301,0.009525317847728736,0.20398967742919905,0.008447979092597962
FlexTok,n02480855,256,0.0,0.0,0.0,0.0,0.0,0.0,0.0,0.0,0.0
FlexTok,n02481823,8,0.27475979477167134,5.905225009918213,0.24372703649103644,0.32434737086296084,6.004764490127563,0.2510742847621441,0.0495875760912895,0.09953948020935055,0.007347248271107665
FlexTok,n02481823,16,0.23377161115407943,5.56872745513916,0.23039983183145524,0.2849384140968323,5.727870025634766,0.2399121844023466,0.05116680294275286,0.15914257049560554,0.009512352570891364
FlexTok,n02481823,32,0.18865125566720964,4.686381702423096,0.21156725645065308,0.2256887984275818,4.920262489318848,0.21083956435322765,0.03703754276037216,0.2338807868957522,-0.0007276920974254308
FlexTok,n02481823,64,0.13219493836164475,3.819082431793213,0.1833578449487686,0.1534550106525421,4.037834234237671,0.17411010101437568,0.021260072290897353,0.21875180244445813,-0.009247743934392927
FlexTok,n02481823,96,0.091566618680954,2.828322124481202,0.13693913653492928,0.11376141309738158,3.1009812927246094,0.13317244648933413,0.022194794416427577,0.27265916824340763,-0.0037666900455951557
FlexTok,n02481823,128,0.056534395217895515,1.9765748786926272,0.09611830845475197,0.07249656111001969,2.1779060745239254,0.09374629676342013,0.015962165892124174,0.20133119583129822,-0.002372011691331846
FlexTok,n02481823,160,0.03910237252712251,1.4831906318664556,0.06885421931743621,0.04919558256864548,1.6445631217956542,0.06726595222949981,0.01009321004152297,0.16137248992919861,-0.0015882670879363986
FlexTok,n02481823,208,0.019404033720493322,0.7789460945129397,0.03128120958805084,0.027464175820350645,1.0185633850097655,0.03217714875936509,0.008060142099857323,0.23961729049682579,0.0008959391713142459
FlexTok,n02481823,256,0.0,0.0,0.0,0.0,0.0,0.0,0.0,0.0,0.0
FlexTok,n02483362,8,0.29267853468656546,6.541273632049561,0.28046619985252624,0.33362747564911843,5.0837830066680905,0.23284357495605945,0.04094894096255297,-1.4574906253814701,-0.04762262489646679
FlexTok,n02483362,16,0.25095983535051347,6.346903877258301,0.27016810558736326,0.2964514072239399,5.04036093711853,0.21809404544532301,0.04549157187342645,-1.3065429401397708,-0.052074060142040246
FlexTok,n02483362,32,0.2001153466105461,5.46911865234375,0.24449109263718133,0.2358158911764622,4.4542303466796875,0.19730534188449383,0.03570054456591609,-1.014888305664062,-0.047185750752687494
FlexTok,n02483362,64,0.14142051666975022,4.576353626251221,0.20924900427460674,0.15391799941658973,3.606198959350586,0.16460514664649964,0.012497482746839511,-0.9701546669006347,-0.0446438576281071
FlexTok,n02483362,96,0.10175182640552521,3.439704151153565,0.15423056781291963,0.10477995559573174,2.8184885787963867,0.12121155738830568,0.0030281291902065216,-0.6212155723571784,-0.033019010424613957
FlexTok,n02483362,128,0.0648491221666336,2.3217062187194824,0.10511097326874733,0.066817267537117,1.8613162994384769,0.08345200359821321,0.0019681453704833984,-0.4603899192810055,-0.021658969670534114
FlexTok,n02483362,160,0.04653030246496201,1.7494617080688477,0.07584862366318704,0.04717487841844559,1.4105514144897462,0.06106495261192323,0.0006445759534835782,-0.3389102935791015,-0.014783671051263804
FlexTok,n02483362,208,0.022038242071866988,0.9915824508666993,0.03496694147586823,0.02925180241465569,1.046409912109375,0.032322079241275795,0.007213560342788701,0.05482746124267579,-0.0026448622345924336
FlexTok,n02483362,256,0.0,0.0,0.0,0.0,0.0,0.0,0.0,0.0,0.0
FlexTok,n02486410,8,0.2508657720685005,5.4655494880676265,0.20155349306762219,0.34974855348467826,5.451861324310303,0.25264736883342265,0.09888278141617773,-0.013688163757323402,0.05109387576580046
FlexTok,n02486410,16,0.20827680379152297,5.069458732604981,0.1892124181985855,0.3197189073264599,5.4821850872039795,0.2498746602982283,0.11144210353493694,0.4127263545989983,0.0606622420996428
FlexTok,n02486410,32,0.16665291637182236,4.3103768920898435,0.17129199154675007,0.25632462069392203,4.738591747283936,0.21651677012443543,0.08967170432209967,0.4282148551940921,0.045224778577685365
FlexTok,n02486410,64,0.11195792585611343,3.4166460418701172,0.14272692143917085,0.18506981059908867,3.9874073123931884,0.1873830008506775,0.07311188474297524,0.5707612705230711,0.04465607941150665
FlexTok,n02486410,96,0.08089774996042251,2.5937215805053713,0.11252614483237267,0.13406149432063103,3.0515142822265626,0.14735431224107745,0.053163744360208515,0.45779270172119135,0.034828167408704785
FlexTok,n02486410,128,0.050431544780731204,1.721028118133545,0.07683584243059158,0.08495113417506218,2.1336528396606447,0.10007824629545213,0.03451958939433098,0.4126247215270997,0.023242403864860553
FlexTok,n02486410,160,0.03460121601819992,1.2695688438415527,0.0552071362733841,0.054490203112363814,1.5630876922607422,0.0691068732738495,0.019888987094163896,0.2935188484191895,0.0138997370004654
FlexTok,n02486410,208,0.01730047762393951,0.673868103027344,0.025433627367019655,0.02999332025647163,1.0198602294921877,0.03848699480295182,0.01269284263253212,0.3459921264648437,0.013053367435932165
FlexTok,n02486410,256,0.0,0.0,0.0,0.0,0.0,0.0,0.0,0.0,0.0
FlexTok,n02510455,8,0.2796188431978226,6.52859058380127,0.26254892311990263,0.359625089764595,7.364679155349731,0.31359702490270136,0.08000624656677241,0.8360885715484612,0.05104810178279873
FlexTok,n02510455,16,0.23888089656829836,6.050059490203857,0.2465500864386559,0.31936343252658844,7.212229957580567,0.3091181562840939,0.08048253595829008,1.1621704673767095,0.062568069845438
FlexTok,n02510455,32,0.19188441991806035,5.324974746704101,0.2237020692229271,0.2642501586675644,6.570662155151367,0.2783083428442478,0.07236573874950405,1.2456874084472656,0.05460627362132073
FlexTok,n02510455,64,0.13704369813203812,4.234270763397217,0.1785670460760594,0.19550996005535126,5.7895478248596195,0.23432707145810128,0.05846626192331314,1.5552770614624025,0.05576002538204189
FlexTok,n02510455,96,0.09581918805837632,3.2208821868896482,0.1345014236867428,0.13663258641958237,4.498637294769287,0.1716264396905899,0.04081339836120605,1.2777551078796385,0.0371250160038471
FlexTok,n02510455,128,0.05751014560461046,2.0540984344482416,0.08717126950621606,0.08828231632709503,3.1372056579589844,0.11306161791086197,0.030772170722484574,1.0831072235107428,0.025890348404645908
FlexTok,n02510455,160,0.03931982249021532,1.4974230766296381,0.06299672901630403,0.06017569631338118,2.3201673507690432,0.07922080129384995,0.020855873823165866,0.8227442741394051,0.016224072277545923
FlexTok,n02510455,208,0.021219103336334238,0.8759524154663084,0.031249578595161448,0.030569308400154104,1.2842020797729494,0.038529186248779296,0.009350205063819866,0.408249664306641,0.007279607653617848
FlexTok,n02510455,256,0.0,0.0,0.0,0.0,0.0,0.0,0.0,0.0,0.0
FlexTok,n02526121,8,0.27383943110704423,4.701518154144288,0.19212612811475993,0.37030587911605833,5.2245441436767575,0.28285164646804334,0.0964664480090141,0.5230259895324698,0.09072551835328341
FlexTok,n02526121,16,0.24006537050008775,4.709184017181397,0.19305351488292216,0.3330312234163284,5.122882318496704,0.272137550637126,0.09296585291624065,0.41369830131530705,0.07908403575420386
FlexTok,n02526121,32,0.19165445655584334,4.067806625366211,0.17347475603222848,0.272421133518219,4.683084344863891,0.24414817161858085,0.08076667696237566,0.61527771949768,0.07067341558635237
FlexTok,n02526121,64,0.1264662066102028,3.3139279747009285,0.14673604108393193,0.1891215842962265,3.783107862472534,0.1983162771165371,0.0626553776860237,0.4691798877716056,0.05158023603260517
FlexTok,n02526121,96,0.09324633955955505,2.49658920288086,0.11468121707439424,0.13795937538146974,2.8777838134765625,0.15229651615023615,0.04471303582191469,0.3811946105957027,0.03761529907584191
FlexTok,n02526121,128,0.05808081388473511,1.6642242622375492,0.07972780629992486,0.08907118514180185,2.0143550872802733,0.10215683370828628,0.03099037125706674,0.3501308250427242,0.02242902740836142
FlexTok,n02526121,160,0.0418056133389473,1.2525331687927248,0.05855324789881707,0.0623350539803505,1.5726795387268067,0.07433571249246598,0.020529440641403197,0.32014636993408185,0.01578246459364891
FlexTok,n02526121,208,0.02420715987682343,0.771318149566651,0.028773602843284615,0.035036413073539746,1.038454246520996,0.03613976269960404,0.010829253196716317,0.26713609695434504,0.007366159856319426
FlexTok,n02526121,256,0.0,0.0,0.0,0.0,0.0,0.0,0.0,0.0,0.0
FlexTok,n02607072,8,0.2626371239125729,4.417161388397217,0.21267797648906708,0.3686131263524294,6.565883178710937,0.2478378140926361,0.1059760024398565,2.1487217903137203,0.03515983760356903
FlexTok,n02607072,16,0.2399012635648251,4.402931175231934,0.21122070550918579,0.32855211265385154,6.470196990966797,0.250185656696558,0.08865084908902643,2.0672658157348636,0.038964951187372227
FlexTok,n02607072,32,0.19564906343817712,3.834760494232177,0.18962109439074992,0.2766844499856234,5.8844454383850096,0.23264493763446809,0.0810353865474463,2.0496849441528324,0.04302384324371816
FlexTok,n02607072,64,0.13943493023514747,3.364566612243652,0.16983581751585006,0.20367622710764408,5.157137222290039,0.1968979638814926,0.0642412968724966,1.7925706100463872,0.027062146365642553
FlexTok,n02607072,96,0.1040155129134655,2.5956870841979973,0.13472608253359794,0.1407658050209284,3.842421875,0.15101720586419107,0.03675029210746289,1.2467347908020026,0.016291123330593127
FlexTok,n02607072,128,0.06700783506035805,1.7902518463134762,0.09390700861811638,0.08586101002991199,2.594339485168457,0.10165536761283875,0.018853174969553937,0.8040876388549809,0.007748358994722371
FlexTok,n02607072,160,0.04702061966061593,1.3839670753479,0.0710347031056881,0.062336739525198956,2.0072560310363765,0.07370981514453888,0.015316119864583026,0.6232889556884764,0.002675112038850777
FlexTok,n02607072,208,0.025109813213348393,0.8514812278747554,0.035707159936428076,0.031845829561352734,1.1815701103210445,0.03814773887395859,0.0067360163480043415,0.3300888824462891,0.0024405789375305104
FlexTok,n02607072,256,0.0,0.0,0.0,0.0,0.0,0.0,0.0,0.0,0.0
FlexTok,n02655020,8,0.2720360839366913,5.018298130035401,0.20397942580282688,0.3217664210498333,5.2341913223266605,0.22260447032749653,0.049730337113141954,0.2158931922912597,0.01862504452466965
FlexTok,n02655020,16,0.235619849562645,4.701672191619873,0.19487693458795546,0.28526181265711786,5.039655294418335,0.21329544097185138,0.04964196309447286,0.33798310279846167,0.018418506383895916
FlexTok,n02655020,32,0.19192629814147952,3.9984305763244627,0.1690989498049021,0.22834429726004601,4.303931846618652,0.1900305162370205,0.036417999118566496,0.3055012702941893,0.02093156643211841
FlexTok,n02655020,64,0.12404197603464129,3.1533747482299805,0.14258250191807748,0.1533164118230343,3.590524539947509,0.1573972310125828,0.029274435788393005,0.43714979171752866,0.014814729094505319
FlexTok,n02655020,96,0.09038422465324401,2.3605663108825685,0.11154804050922396,0.11068930134177207,2.6849319648742678,0.1230327869951725,0.02030507668852806,0.32436565399169925,0.01148474648594855
FlexTok,n02655020,128,0.05377486944198608,1.5560845947265627,0.07886114597320557,0.07342796579003336,1.8579667663574215,0.08591460287570954,0.019653096348047273,0.30188217163085884,0.007053456902503974
FlexTok,n02655020,160,0.039281120002269757,1.2032024383544921,0.059742731750011456,0.05006116405129433,1.3952195549011228,0.061433005928993235,0.010780044049024572,0.19201711654663067,0.0016902741789817793
FlexTok,n02655020,208,0.022312339544296265,0.7670710182189944,0.029631889462471014,0.026330527961254128,0.9058867645263665,0.033523191213607785,0.004018188416957863,0.13881574630737215,0.0038913017511367706
FlexTok,n02655020,256,0.0,0.0,0.0,0.0,0.0,0.0,0.0,0.0,0.0
FlexTok,n02672831,8,0.32470218524336814,6.0388456726074216,0.32215947296470404,0.3400510708987713,4.225107192993164,0.2672560216858983,0.015348885655403155,-1.8137384796142575,-0.05490345127880575
FlexTok,n02672831,16,0.30755809471011164,6.041280307769775,0.3174147177860141,0.2970846270024777,4.277568464279175,0.255234664529562,-0.010473467707633966,-1.7637118434906007,-0.062180053256452095
FlexTok,n02672831,32,0.2422696541249752,5.262652702331543,0.2832332926988602,0.24233755484223368,3.8503286457061767,0.2296187774837017,6.790071725848446e-05,-1.4123240566253665,-0.053614515215158504
FlexTok,n02672831,64,0.17563995495438575,4.52320764541626,0.24350241370499137,0.170154836922884,3.274309778213501,0.20314179852604866,-0.005485118031501757,-1.2488978672027593,-0.04036061517894271
FlexTok,n02672831,96,0.1237618787586689,3.450626049041748,0.17847918078303338,0.12383203372359278,2.6368959522247315,0.15444021940231323,7.015496492387974e-05,-0.8137300968170167,-0.024038961380720147
FlexTok,n02672831,128,0.07387297227978706,2.2497624969482426,0.11732902884483339,0.0816047765314579,1.8079293441772462,0.10790072798728945,0.007731804251670832,-0.44183315277099644,-0.00942830085754394
FlexTok,n02672831,160,0.0512492062151432,1.6127091026306153,0.08324158132076263,0.05791242882609368,1.3726834106445311,0.07671537846326829,0.006663222610950481,-0.24002569198608414,-0.006526202857494348
FlexTok,n02672831,208,0.026008089631795885,0.9303894233703615,0.04277006089687348,0.03130228772759438,0.8826780509948731,0.036188476979732515,0.005294198095798494,-0.04771137237548839,-0.006581583917140962
FlexTok,n02672831,256,0.0,0.0,0.0,0.0,0.0,0.0,0.0,0.0,0.0
FlexTok,n02701002,8,0.2739918288588524,5.530445137023926,0.2992961557209492,0.35413803294301033,5.400511026382446,0.3122808497399092,0.0801462040841579,-0.12993411064147953,0.012984694018960019
FlexTok,n02701002,16,0.2453758952021599,5.37346342086792,0.28898457467556,0.3128069417178631,5.384228229522705,0.3021302365511656,0.0674310465157032,0.010764808654784908,0.013145661875605619
FlexTok,n02701002,32,0.20755979508161548,4.853053550720215,0.26285603135824204,0.2581452105939388,4.820779037475586,0.26971039429306987,0.05058541551232332,-0.032274513244629155,0.006854362934827829
FlexTok,n02701002,64,0.15446480780839922,4.243959560394287,0.22206050127744675,0.18064553067088127,4.320396919250488,0.23076919689774514,0.026180722862482048,0.07643735885620107,0.008708695620298385
FlexTok,n02701002,96,0.11401726692914965,3.226742744445801,0.1660541245341301,0.13176616221666337,3.365839900970459,0.1660585455596447,0.017748895287513722,0.13909715652465815,4.4210255145948896e-06
FlexTok,n02701002,128,0.06984886884689333,2.0993632698059086,0.11256506323814394,0.08604854792356491,2.367625122070313,0.10816337168216705,0.01619967907667158,0.26826185226440424,-0.004401691555976889
FlexTok,n02701002,160,0.053782689571380625,1.6252967834472658,0.0830141168832779,0.060779607445001604,1.796957359313965,0.07580666780471802,0.0069969178736209794,0.17166057586669914,-0.007207449078559872
FlexTok,n02701002,208,0.02713234186172486,0.9509432792663576,0.04226882934570313,0.033381293714046474,1.1156814765930176,0.039558481276035305,0.006248951852321615,0.16473819732666006,-0.0027103480696678214
FlexTok,n02701002,256,0.0,0.0,0.0,0.0,0.0,0.0,0.0,0.0,0.0
FlexTok,n02749479,8,0.3047924652695656,5.849857654571534,0.2520955850183964,0.3321776781976223,6.8332414627075195,0.2580644726753235,0.02738521292805668,0.9833838081359856,0.005968887656927102
FlexTok,n02749479,16,0.27004758507013327,5.738001871109009,0.24673604108393193,0.29029418155550957,6.5498127937316895,0.24829381763935088,0.0202465964853763,0.8118109226226808,0.0015577765554189438
FlexTok,n02749479,32,0.22576639741659169,5.126507234573364,0.22540114067494874,0.23250040784478188,5.749794826507569,0.2177463324368,0.00673401042819019,0.6232875919342042,-0.007654808238148736
FlexTok,n02749479,64,0.15968401938676835,4.236241760253907,0.19476938351988796,0.15435295447707176,4.650745449066162,0.1797342848777771,-0.005331064909696592,0.4145036888122551,-0.015035098642110861
FlexTok,n02749479,96,0.11277626365423205,3.2826785278320316,0.14503040149807933,0.10696073189377785,3.5423810958862303,0.12861419722437858,-0.005815531760454198,0.25970256805419867,-0.016416204273700746
FlexTok,n02749479,128,0.0716434018313885,2.09666826248169,0.09659384652972221,0.06764171078801155,2.350694427490234,0.08661544859409333,-0.004001691043376943,0.25402616500854425,-0.00997839793562888
FlexTok,n02749479,160,0.05105901375412942,1.571766452789307,0.06829577386379243,0.04800581589341164,1.7188951683044433,0.06153634041547775,-0.0030531978607177823,0.1471287155151364,-0.006759433448314679
FlexTok,n02749479,208,0.028150311261415494,0.8430300140380862,0.03243345469236374,0.026367351412773132,1.1396835327148438,0.03282144457101822,-0.0017829598486423619,0.2966535186767576,0.0003879898786544739
FlexTok,n02749479,256,0.0,0.0,0.0,0.0,0.0,0.0,0.0,0.0,0.0
FlexTok,n02769748,8,0.3340233266353607,7.074054450988769,0.30017952874302867,0.371601594388485,4.939157590866089,0.2891758964955807,0.037578267753124284,-2.13489686012268,-0.011003632247447992
FlexTok,n02769748,16,0.30069880247116093,6.630067958831787,0.28425286978483205,0.34125308722257613,4.950001001358033,0.2867391742765904,0.040554284751415204,-1.6800669574737537,0.002486304491758351
FlexTok,n02769748,32,0.24398547410964966,5.766971073150635,0.2512563692033291,0.2746173879504204,4.492009134292603,0.25620310217142106,0.03063191384077074,-1.2749619388580316,0.004946732968091949
FlexTok,n02769748,64,0.17449006378650667,4.794867343902588,0.21257299035787583,0.19173865109682087,3.7177037620544438,0.21041450321674351,0.0172485873103142,-1.0771635818481444,-0.0021584871411323148
FlexTok,n02769748,96,0.12418128788471222,3.652445831298828,0.1538998803496361,0.13743268072605133,3.0064958190917976,0.16325364619493485,0.01325139284133911,-0.6459500122070305,0.009353765845298762
FlexTok,n02769748,128,0.07813780575990677,2.4441700363159176,0.10384663611650467,0.08880543261766435,2.1599637985229494,0.1132250514626503,0.010667626857757587,-0.28420623779296816,0.009378415346145627
FlexTok,n02769748,160,0.055741996467113496,1.8554031562805176,0.07570026159286498,0.06169194996356965,1.6213710784912114,0.0805614447593689,0.005949953496456155,-0.23403207778930613,0.004861183166503913
FlexTok,n02769748,208,0.030424199998378754,1.2280072784423826,0.038978608846664424,0.034543275833129876,1.1516762542724615,0.042429434657096865,0.004119075834751122,-0.0763310241699211,0.003450825810432441
FlexTok,n02769748,256,0.0,0.0,0.0,0.0,0.0,0.0,0.0,0.0,0.0
FlexTok,n02793495,8,0.30656352013349536,5.293089885711671,0.21313374064862728,0.366666804254055,5.711618919372558,0.2436602130532265,0.06010328412055965,0.4185290336608869,0.030526472404599214
FlexTok,n02793495,16,0.27249483019113546,5.147371845245362,0.21004592541605235,0.3200413140654564,5.639768867492676,0.24334708943963052,0.04754648387432092,0.49239702224731374,0.03330116402357816
FlexTok,n02793495,32,0.21687548488378525,4.643096199035645,0.19243111144751313,0.2608099755644799,4.820446586608886,0.21472671523690223,0.04393449068069463,0.17735038757324162,0.022295603789389107
FlexTok,n02793495,64,0.1442663037776947,3.761839218139649,0.1591052907705307,0.17929706037044524,3.8518506622314455,0.18062662467360496,0.03503075659275054,0.09001144409179629,0.021521333903074258
FlexTok,n02793495,96,0.10195995688438417,2.766282234191895,0.11664388582110406,0.1238763052225113,2.8256717681884767,0.13268429011106492,0.021916348338127126,0.059389533996581534,0.016040404289960855
FlexTok,n02793495,128,0.05875714600086213,1.7327297210693364,0.07547943249344827,0.0747639063000679,1.9009831047058106,0.08883578866720201,0.016006760299205773,0.16825338363647413,0.013356356173753747
FlexTok,n02793495,160,0.04043690741062165,1.3094485855102542,0.053145973086357115,0.054759206771850595,1.4550464630126951,0.06261546641588212,0.014322299361228946,0.1455978775024409,0.009469493329525
FlexTok,n02793495,208,0.025455824136734015,0.7117493057250981,0.02430044353008271,0.032553119063377385,0.9682899665832523,0.034392504096031194,0.00709729492664337,0.2565406608581542,0.010092060565948486
FlexTok,n02793495,256,0.0,0.0,0.0,0.0,0.0,0.0,0.0,0.0,0.0
FlexTok,n02797295,8,0.2848007938265801,4.70588436126709,0.2274501384049654,0.33995201423764226,5.414651756286621,0.2527570678107441,0.055151220411062185,0.7087673950195308,0.025306929405778694
FlexTok,n02797295,16,0.2576709887385369,4.639946746826172,0.22627576895058155,0.300771184116602,5.281760540008545,0.2422196687012911,0.04310019537806509,0.6418137931823731,0.01594389975070956
FlexTok,n02797295,32,0.2133489778637886,4.095534839630127,0.21150147445499898,0.24491991773247723,4.467157964706421,0.21306436546146873,0.03157093986868864,0.3716231250762938,0.001562891006469752
FlexTok,n02797295,64,0.1464467850327492,3.490777626037598,0.18131331093609332,0.16265049949288368,3.551603260040283,0.17322175316512584,0.016203714460134494,0.06082563400268537,-0.008091557770967484
FlexTok,n02797295,96,0.10136170536279679,2.5947571563720704,0.13444271430373192,0.11725954428315162,2.768005256652832,0.13555286943912506,0.01589783892035483,0.17324810028076154,0.0011101551353931427
FlexTok,n02797295,128,0.06623457252979278,1.8132931900024414,0.0944262306392193,0.07723863139748574,1.873127498626709,0.09290376007556915,0.011004058867692956,0.05983430862426764,-0.0015224705636501523
FlexTok,n02797295,160,0.04658538818359375,1.3897830581665038,0.06843950733542442,0.05452303901314736,1.4417497062683104,0.06695235043764115,0.00793765082955361,0.05196664810180662,-0.0014871568977832678
FlexTok,n02797295,208,0.02604145258665085,0.7991719055175782,0.035175569653511055,0.02822478458285332,0.9508356094360353,0.033488655984401705,0.0021833319962024714,0.15166370391845707,-0.0016869136691093495
FlexTok,n02797295,256,0.0,0.0,0.0,0.0,0.0,0.0,0.0,0.0,0.0
FlexTok,n02802426,8,0.31455210417509083,5.436140651702881,0.2752490867674351,0.37075407929718496,5.745517959594727,0.26847946882247925,0.05620197512209413,0.3093773078918458,-0.006769617944955841
FlexTok,n02802426,16,0.2814834341406823,5.304113426208496,0.27074820816516876,0.33549199379980565,5.64062840461731,0.26605555474758147,0.05400855965912338,0.3365149784088137,-0.004692653417587289
FlexTok,n02802426,32,0.2331323179602623,4.889113826751709,0.25518819972872736,0.2754261989146471,4.99806531906128,0.2325294055044651,0.0422938809543848,0.10895149230957113,-0.022658794224262258
FlexTok,n02802426,64,0.16936441630125046,4.2188192558288575,0.2227315704524517,0.1947962186485529,4.072137670516969,0.19328106999397276,0.02543180234730244,-0.1466815853118888,-0.02945050045847894
FlexTok,n02802426,96,0.12417333394289017,3.283716640472412,0.16884902477264405,0.13553602702915668,3.0978860855102544,0.14277973622083664,0.011362693086266515,-0.18583055496215772,-0.0260692885518074
FlexTok,n02802426,128,0.08279676347970963,2.3306856536865235,0.11493075728416442,0.08695506289601326,2.1688897514343264,0.09726123988628388,0.004158299416303635,-0.1617959022521971,-0.017669517397880544
FlexTok,n02802426,160,0.05841287314891815,1.7743440628051759,0.08487683117389679,0.0609973006695509,1.591046886444092,0.06981550991535188,0.0025844275206327455,-0.18329717636108378,-0.01506132125854491
FlexTok,n02802426,208,0.0339820808172226,1.1442908859252927,0.046932798624038694,0.03277615457773209,0.9842340469360356,0.035213466286659244,-0.0012059262394905068,-0.16005683898925716,-0.01171933233737945
FlexTok,n02802426,256,0.0,0.0,0.0,0.0,0.0,0.0,0.0,0.0,0.0
FlexTok,n02808440,8,0.3668883514404297,8.064312267303468,0.28978481277823454,0.3629996812343597,4.947375555038453,0.261596485003829,-0.0038886702060699774,-3.116936712265015,-0.028188327774405553
FlexTok,n02808440,16,0.32176835119724273,7.593174304962158,0.2754125316441059,0.3177647793293,5.0380635070800786,0.26024154953658585,-0.004003571867942757,-2.5551107978820795,-0.015170982107520048
FlexTok,n02808440,32,0.25004539906978607,6.347749481201172,0.23702020570635796,0.24991994857788086,4.410479774475098,0.22993333533406257,-0.00012545049190521018,-1.9372697067260738,-0.007086870372295384
FlexTok,n02808440,64,0.1749703088402748,5.11485107421875,0.19135830596089362,0.17266788214445114,3.791547260284424,0.19330527976155282,-0.0023024266958236728,-1.3233038139343263,0.0019469738006591963
FlexTok,n02808440,96,0.11876938730478287,3.6988423538208015,0.13550442427396775,0.12374871581792833,2.9506125831604004,0.14424167439341545,0.004979328513145462,-0.7482297706604011,0.008737250119447704
FlexTok,n02808440,128,0.07159985572099686,2.4813539886474616,0.08776318579912186,0.07715289369225503,1.9029569053649902,0.09253333419561387,0.005553037971258168,-0.5783970832824714,0.004770148396492008
FlexTok,n02808440,160,0.04911696344614029,1.9380714035034179,0.06405392527580261,0.056658799499273306,1.4567868041992187,0.06662042170763016,0.007541836053133015,-0.4812845993041992,0.0025664964318275474
FlexTok,n02808440,208,0.02671577125787734,1.232083415985108,0.03214861482381821,0.03213098406791687,1.0125403976440432,0.035466078221797946,0.005415212810039528,-0.2195430183410647,0.003317463397979739
FlexTok,n02808440,256,0.0,0.0,0.0,0.0,0.0,0.0,0.0,0.0,0.0
FlexTok,n02814860,8,0.25945927500724797,6.425276794433594,0.2049347922205925,0.33857369840145113,5.166023788452148,0.23443853572010995,0.07911442339420316,-1.2592530059814457,0.029503743499517454
FlexTok,n02814860,16,0.22881616175174713,6.173189601898193,0.20411773204803466,0.30353592425584797,5.239139404296875,0.22618057668209077,0.07471976250410084,-0.9340501976013185,0.02206284463405611
FlexTok,n02814860,32,0.1707773756980896,5.141820697784424,0.17494836390018464,0.24892332524061203,4.68249086380005,0.20475581735372544,0.07814594954252244,-0.4593298339843743,0.0298074534535408
FlexTok,n02814860,64,0.11266535282135011,3.9442492675781256,0.13784960567951204,0.16320524334907532,3.635211906433106,0.16547121047973634,0.050539890527725215,-0.3090373611450197,0.027621604800224298
FlexTok,n02814860,96,0.07571378201246262,2.9764842605590824,0.10017353713512421,0.11207601457834243,2.6634770011901856,0.1230479735136032,0.03636223256587981,-0.31300725936889684,0.022874436378478996
FlexTok,n02814860,128,0.044776651710271835,1.84435625076294,0.06386374592781068,0.07538908332586289,1.607403545379639,0.08372236400842667,0.030612431615591053,-0.23695270538330115,0.019858618080615995
FlexTok,n02814860,160,0.030560980439186092,1.379252624511719,0.043456796407699595,0.052860020846128467,1.2511164283752445,0.061510821282863615,0.022299040406942375,-0.12813619613647442,0.01805402487516402
FlexTok,n02814860,208,0.019145726710557937,1.0137294006347657,0.02588845372200012,0.03089249864220619,0.8992937088012698,0.031769541203975675,0.011746771931648251,-0.11443569183349589,0.005881087481975553
FlexTok,n02814860,256,0.0,0.0,0.0,0.0,0.0,0.0,0.0,0.0,0.0
FlexTok,n02823750,8,0.32731726542115214,6.950084667205811,0.27966848820447926,0.3640961053222418,5.755388841629029,0.25253547471016646,0.036778839901089655,-1.1946958255767823,-0.027133013494312797
FlexTok,n02823750,16,0.28006274387240415,6.525815458297729,0.2561503027379513,0.32398257963359356,5.6151244163513185,0.24797165457159281,0.04391983576118941,-0.9106910419464107,-0.008178648166358493
FlexTok,n02823750,32,0.21991963759064675,5.514502773284912,0.22161192804574967,0.2575811066478491,4.923074340820312,0.21330294568091634,0.03766146905720236,-0.5914284324645998,-0.008308982364833323
FlexTok,n02823750,64,0.15761334523558618,4.544801197052003,0.18622246205806736,0.17513572998344898,4.092713413238525,0.17682462997734547,0.0175223847478628,-0.4520877838134778,-0.009397832080721896
FlexTok,n02823750,96,0.1102005548775196,3.287770919799805,0.13979284554719926,0.11868821658194065,3.0326081275939942,0.1323766314983368,0.008487661704421043,-0.2551627922058106,-0.007416214048862446
FlexTok,n02823750,128,0.06834781602025033,2.173081645965576,0.08925248473882677,0.07782511599361898,2.0495004081726074,0.08549992680549623,0.009477299973368644,-0.12358123779296859,-0.0037525579333305414
FlexTok,n02823750,160,0.048505674749612815,1.6942974853515624,0.06638432890176774,0.0502140250056982,1.558535232543945,0.062441878020763404,0.0017083502560853864,-0.13576225280761745,-0.003942450881004332
FlexTok,n02823750,208,0.027897033542394634,1.0340273475646973,0.03649706721305848,0.026140421554446222,0.9947649574279787,0.03477465301752091,-0.0017566119879484123,-0.03926239013671862,-0.0017224141955375707
FlexTok,n02823750,256,0.0,0.0,0.0,0.0,0.0,0.0,0.0,0.0,0.0
FlexTok,n02841315,8,0.33148131489753724,7.038421497344971,0.2980486455559731,0.36256279557943344,5.56303915977478,0.2806795602291823,0.0310814806818962,-1.475382337570191,-0.017369085326790823
FlexTok,n02841315,16,0.29063979506492615,6.800236053466797,0.28643500700592994,0.319338752925396,5.440563449859619,0.26938587460666896,0.02869895786046983,-1.3596726036071782,-0.01704913239926098
FlexTok,n02841315,32,0.22950477480888368,5.978955478668213,0.2565601742267609,0.2617133519053459,4.760513753890992,0.2373995625972748,0.032208577096462215,-1.2184417247772208,-0.019160611629486124
FlexTok,n02841315,64,0.1681766217947006,4.8634788703918455,0.21159269854426385,0.17547312140464782,3.9623386001586915,0.19842224612832068,0.007296499609947216,-0.9011402702331539,-0.013170452415943168
FlexTok,n02841315,96,0.12446127086877824,3.735984058380127,0.15901308983564377,0.12465283274650574,2.9462607383728034,0.14341131836175922,0.00019156187772749467,-0.7897233200073237,-0.015601771473884557
FlexTok,n02841315,128,0.07771479904651642,2.506396408081055,0.10675201684236528,0.08328917577862739,2.058557510375977,0.10274520874023439,0.005574376732110975,-0.4478388977050778,-0.004006808102130888
FlexTok,n02841315,160,0.05483155280351639,1.8409758186340335,0.07413018167018891,0.05888090580701828,1.618901042938233,0.07317907184362413,0.004049353003501892,-0.22207477569580059,-0.0009511098265647805
FlexTok,n02841315,208,0.026928501129150396,1.089493274688721,0.036209571659564975,0.03337933495640754,1.0517151641845706,0.03531142681837082,0.006450833827257144,-0.037778110504150364,-0.0008981448411941526
FlexTok,n02841315,256,0.0,0.0,0.0,0.0,0.0,0.0,0.0,0.0,0.0
FlexTok,n02843684,8,0.3250855453312397,5.630890216827392,0.2621096223592758,0.3728708319365978,5.074815855026245,0.24684315517544747,0.047785286605358135,-0.556074361801147,-0.015266467183828347
FlexTok,n02843684,16,0.28764976337552073,5.466936244964599,0.2534510559588671,0.3446871457993984,5.179723758697509,0.24717240259051323,0.05703738242387768,-0.28721248626708995,-0.006278653368353843
FlexTok,n02843684,32,0.231772582679987,4.673871688842773,0.22779694490134716,0.26949530228972435,4.486069869995117,0.21934293255209922,0.03772271960973736,-0.1878018188476558,-0.008454012349247947
FlexTok,n02843684,64,0.15422916874289513,3.7396125411987304,0.19292324975132943,0.18843220606446265,3.770832691192627,0.1897605374455452,0.034203037321567514,0.031220149993896662,-0.0031627123057842432
FlexTok,n02843684,96,0.10997648850083351,2.8504022216796874,0.1455907140672207,0.13296502485871314,2.9321984481811523,0.14483351156115531,0.022988536357879633,0.0817962265014649,-0.0007572025060653964
FlexTok,n02843684,128,0.06539631620049477,1.8424135780334472,0.09479974061250687,0.08232363447546959,1.9791592788696293,0.09697530508041381,0.016927318274974817,0.1367457008361821,0.0021755644679069402
FlexTok,n02843684,160,0.046955222338438046,1.3741400909423829,0.06953336358070374,0.05649496510624886,1.5166326141357422,0.06893815606832504,0.009539742767810812,0.14249252319335937,-0.0005952075123786954
FlexTok,n02843684,208,0.024193364232778566,0.8366993141174316,0.03545471429824829,0.029327475428581228,0.9494857978820801,0.033967597782611846,0.0051341111958026625,0.1127864837646485,-0.0014871165156364469
FlexTok,n02843684,256,0.0,0.0,0.0,0.0,0.0,0.0,0.0,0.0,0.0
FlexTok,n02883205,8,0.3239052094519138,7.875196475982666,0.300524519532919,0.3718890641629696,6.358071670532227,0.2830390805751085,0.04798385471105576,-1.5171248054504387,-0.017485438957810462
FlexTok,n02883205,16,0.2891789115965367,7.508008041381836,0.2785233706235886,0.329604514092207,6.305170650482178,0.2753145998716354,0.04042560249567029,-1.2028373908996581,-0.003208770751953194
FlexTok,n02883205,32,0.23762799814343452,6.571909294128418,0.24588941365480427,0.2647557999193668,5.5243080043792725,0.24583591848611833,0.027127801775932298,-1.0476012897491458,-5.349516868594084e-05
FlexTok,n02883205,64,0.16401752427220345,5.404391059875488,0.20496521562337874,0.18697233691811563,4.6483057022094725,0.20259433291852474,0.022954812645912176,-0.7560853576660156,-0.0023708827048539993
FlexTok,n02883205,96,0.1133345066010952,4.110518245697021,0.14952329784631732,0.12788619682192803,3.584322452545166,0.14617472797632217,0.01455169022083283,-0.5261957931518548,-0.003348569869995155
FlexTok,n02883205,128,0.07080775871872902,2.841713161468505,0.10005818545818329,0.07938950270414352,2.5457225990295407,0.09815642595291138,0.008581743985414503,-0.2959905624389645,-0.0019017595052719105
FlexTok,n02883205,160,0.04861507788300514,2.0695310592651364,0.0699117386341095,0.05594157800078392,1.8938822364807129,0.06787347346544266,0.0073265001177787795,-0.1756488227844235,-0.002038265168666842
FlexTok,n02883205,208,0.025925336629152293,1.2388086700439451,0.03644466996192933,0.029076219201087952,1.1630047798156735,0.03409964382648468,0.0031508825719356592,-0.07580389022827161,-0.0023450261354446486
FlexTok,n02883205,256,0.0,0.0,0.0,0.0,0.0,0.0,0.0,0.0,0.0
FlexTok,n02906734,8,0.33185115218162536,5.417553062438965,0.25195374142378574,0.37125697284936904,5.881449394226074,0.2693185651302338,0.039405820667743674,0.463896331787109,0.01736482370644804
FlexTok,n02906734,16,0.29220035493373875,5.173401622772217,0.2397645147144795,0.34150004297494896,5.77352668762207,0.2668881928920746,0.04929968804121021,0.6001250648498528,0.027123678177595117
FlexTok,n02906734,32,0.23094796180725097,4.413812713623048,0.21976600758731366,0.27932532340288163,4.906848840713501,0.23300378680229186,0.048377361595630664,0.49303612709045286,0.013237779214978207
FlexTok,n02906734,64,0.1556252098083496,3.6196657371520997,0.189199475646019,0.19618281424045567,4.126654186248779,0.1917256623506546,0.04055760443210607,0.5069884490966796,0.0025261867046356135
FlexTok,n02906734,96,0.1121912232041359,2.5976262855529786,0.14107507050037385,0.13876402467489243,3.1181132698059075,0.1440094327926636,0.026572801470756538,0.5204869842529289,0.002934362292289744
FlexTok,n02906734,128,0.06805225312709809,1.7867743301391605,0.09747986644506454,0.08820599764585496,2.178567371368408,0.09647974252700806,0.020153744518756872,0.39179304122924763,-0.0010001239180564836
FlexTok,n02906734,160,0.048085773885250094,1.340148696899414,0.06908997625112534,0.06109515756368638,1.6292866134643555,0.06629846990108491,0.013009383678436286,0.2891379165649415,-0.0027915063500404264
FlexTok,n02906734,208,0.026204609274864205,0.8577975654602052,0.03469120144844055,0.031215925067663196,1.0085724639892577,0.03449944138526916,0.005011315792798992,0.15077489852905246,-0.00019176006317139088
FlexTok,n02906734,256,0.0,0.0,0.0,0.0,0.0,0.0,0.0,0.0,0.0
FlexTok,n02909870,8,0.3517601831257343,6.808242568969726,0.2707641807198524,0.38214356496930124,5.172557773590088,0.2704193343222141,0.030383381843566926,-1.635684795379638,-0.0003448463976383209
FlexTok,n02909870,16,0.2920194132626057,6.435716876983642,0.258154766485095,0.34168916776776315,5.10806450843811,0.26249531090259554,0.049669754505157426,-1.3276523685455324,0.004340544417500536
FlexTok,n02909870,32,0.22991110816597937,5.526848640441894,0.23009055763483047,0.27866921201348305,4.542449474334717,0.23255692690610885,0.048758103847503675,-0.9843991661071776,0.0024663692712783847
FlexTok,n02909870,64,0.1552519987523556,4.463683738708496,0.1908076673746109,0.1915925945341587,3.8719224166870116,0.1866529494524002,0.0363405957818031,-0.5917613220214841,-0.004154717922210699
FlexTok,n02909870,96,0.1048517780005932,3.209103584289551,0.1360158823430538,0.13177950486540793,2.9502400398254394,0.14226068437099457,0.026927726864814733,-0.2588635444641114,0.0062448020279407546
FlexTok,n02909870,128,0.06385561272501947,2.1416466140747072,0.0880388531088829,0.08276950940489769,2.091253662109375,0.09874221473932267,0.018913896679878223,-0.05039295196533233,0.010703361630439764
FlexTok,n02909870,160,0.04637342959642411,1.66215934753418,0.06422623991966248,0.05590338662266731,1.5730151557922363,0.06854385882616043,0.0095299570262432,-0.08914419174194377,0.004317618906497955
FlexTok,n02909870,208,0.026730175167322165,1.1038320541381836,0.033806101977825166,0.031243167668581012,0.9973929977416992,0.035784341096878045,0.004512992501258847,-0.10643905639648443,0.0019782391190528784
FlexTok,n02909870,256,0.0,0.0,0.0,0.0,0.0,0.0,0.0,0.0,0.0
FlexTok,n02939185,8,0.2978698274493218,5.957036075592041,0.27691913813352587,0.3390702372509986,5.592468061447144,0.25844909861683846,0.04120040980167683,-0.36456801414489703,-0.01847003951668741
FlexTok,n02939185,16,0.268507020175457,5.727545070648193,0.2710390713810921,0.30048896276392045,5.394915513992309,0.24013183664530519,0.03198194258846343,-0.3326295566558839,-0.030907234735786937
FlexTok,n02939185,32,0.21804455786943436,4.92340654373169,0.24273127615451812,0.24634797927923502,4.77688814163208,0.21598256591707468,0.02830342140980066,-0.14651840209960998,-0.026748710237443435
FlexTok,n02939185,64,0.1589083895087242,4.181294555664063,0.2036407116055489,0.1634972621157067,3.6836519336700437,0.1764299374073744,0.004588872606982486,-0.4976426219940189,-0.027210774198174498
FlexTok,n02939185,96,0.11396690517663957,3.167401466369629,0.1525846554338932,0.11353375374834286,2.8288399505615236,0.13493170499801635,-0.00043315142829671027,-0.33856151580810545,-0.017652950435876863
FlexTok,n02939185,128,0.06723688960075379,2.064084873199463,0.1047202065587044,0.07330423192470334,1.8790815734863284,0.09041433408856392,0.006067342323949551,-0.18500329971313478,-0.01430587247014048
FlexTok,n02939185,160,0.04694104135036469,1.5877557373046878,0.07428857505321504,0.05049104408128187,1.4576558113098144,0.06425082549452782,0.0035500027309171775,-0.1300999259948734,-0.01003774955868722
FlexTok,n02939185,208,0.02598762288689614,0.9631943893432618,0.03744333416223526,0.029227527822367844,1.0172169113159182,0.03545401871204377,0.0032399049354717054,0.054022521972656334,-0.0019893154501914936
FlexTok,n02939185,256,0.0,0.0,0.0,0.0,0.0,0.0,0.0,0.0,0.0
FlexTok,n02948072,8,0.3296105107665062,7.298623962402344,0.2775464899837971,0.38552932620048525,4.800158290863037,0.25455382850021124,0.05591881543397903,-2.4984656715393063,-0.022992661483585863
FlexTok,n02948072,16,0.29314446181058884,6.888010578155518,0.2651054164767266,0.34919528126716615,4.83777174949646,0.25206245239824054,0.056050819456577305,-2.050238828659058,-0.013042964078486041
FlexTok,n02948072,32,0.23640033841133118,5.991883182525635,0.22079119220376017,0.26655767917633055,4.318220043182373,0.21830182150006294,0.030157340764999374,-1.6736631393432617,-0.00248937070369723
FlexTok,n02948072,64,0.15970468327403067,4.737670230865478,0.1730703642964363,0.177216320335865,3.4979231262207033,0.17316995926201342,0.01751163706183434,-1.239747104644775,9.959496557712666e-05
FlexTok,n02948072,96,0.1089525530487299,3.6186702919006346,0.12680128842592242,0.1250151112675667,2.7523233985900877,0.13044194936752318,0.0160625582188368,-0.8663468933105469,0.0036406609416007596
FlexTok,n02948072,128,0.06652626797556876,2.278056011199951,0.07706251323223115,0.07947757661342622,1.8970030021667474,0.08530245900154114,0.012951308637857456,-0.3810530090332036,0.00823994576930999
FlexTok,n02948072,160,0.045888472348451614,1.7072884559631345,0.056047758162021635,0.056694571524858475,1.4336717414855957,0.06290406942367553,0.010806099176406861,-0.27361671447753877,0.006856311261653897
FlexTok,n02948072,208,0.025802095830440516,1.1390786361694334,0.03564895451068879,0.03244100898504257,1.0653713226318358,0.034893810153007514,0.006638913154602053,-0.07370731353759763,-0.0007551443576812797
FlexTok,n02948072,256,0.0,0.0,0.0,0.0,0.0,0.0,0.0,0.0,0.0
FlexTok,n02950826,8,0.2938929046690464,5.562667331695557,0.24852938078343867,0.3342936739325523,5.085416812896728,0.2553272274136544,0.04040076926350594,-0.4772505187988285,0.006797846630215709
FlexTok,n02950826,16,0.26562253072857855,5.479065732955933,0.24688379514962436,0.29652161121368414,4.987921733856201,0.24689338870346547,0.03089908048510559,-0.49114399909973194,9.593553841114044e-06
FlexTok,n02950826,32,0.21136000826954843,4.784909915924072,0.22623778976500034,0.2263740587234497,4.365753002166748,0.21538990519940854,0.015014050453901279,-0.4191569137573241,-0.010847884565591798
FlexTok,n02950826,64,0.146836506575346,3.9157785034179686,0.19218248456716538,0.1528159984946251,3.5693233299255365,0.1792013442516327,0.005979491919279101,-0.34645517349243216,-0.012981140315532685
FlexTok,n02950826,96,0.10799400821328163,2.982763481140137,0.14264060586690902,0.11215434372425082,2.8485720825195306,0.13721686616539955,0.004160335510969185,-0.13419139862060625,-0.005423739701509472
FlexTok,n02950826,128,0.06843395218253136,1.9373613357543946,0.09612408638000489,0.07679026886820794,1.9306239318847653,0.09609938353300095,0.008356316685676587,-0.006737403869629288,-2.4702847003940653e-05
FlexTok,n02950826,160,0.04836370274424553,1.4317849349975587,0.0677742999792099,0.05102701380848885,1.4805555343627927,0.0671788576245308,0.0026633110642433205,0.04877059936523409,-0.0005954423546791071
FlexTok,n02950826,208,0.024735537320375436,0.8372964477539062,0.03105003058910369,0.028065187484025967,0.9553703880310054,0.03429792702198029,0.0033296501636505306,0.11807394027709917,0.0032478964328766027
FlexTok,n02950826,256,0.0,0.0,0.0,0.0,0.0,0.0,0.0,0.0,0.0
FlexTok,n02951358,8,0.2638473048806191,4.124056205749512,0.204797665476799,0.34669355034828186,5.789723558425903,0.2264294570684433,0.08284624546766278,1.6656673526763912,0.0216317915916443
FlexTok,n02951358,16,0.23400552123785018,4.007659282684326,0.19685620710253715,0.30891952157020575,5.664036407470703,0.21540662869811059,0.07491400033235557,1.6563771247863768,0.018550421595573435
FlexTok,n02951358,32,0.18234265595674515,3.499556694030762,0.1763446588814259,0.2431087338924408,4.682142925262451,0.19308216154575347,0.06076607793569566,1.1825862312316895,0.01673750266432758
FlexTok,n02951358,64,0.11484872609376907,2.9194453620910643,0.1540787796676159,0.16059958189725876,3.736379222869873,0.16042788669466973,0.045750855803489685,0.8169338607788088,0.006349107027053824
FlexTok,n02951358,96,0.08460503965616226,2.212352981567383,0.11741032212972642,0.10943015143275263,2.8104899978637694,0.12084236785769463,0.024825111776590372,0.5981370162963864,0.003432045727968208
FlexTok,n02951358,128,0.055328084528446196,1.4844740295410157,0.0810889181494713,0.06607506379485131,1.8167071151733398,0.07926700681447983,0.010746979266405117,0.3322330856323241,-0.0018219113349914745
FlexTok,n02951358,160,0.039851943254470834,1.088105220794678,0.05632952600717545,0.04612990185618401,1.3620268058776852,0.05482556939125061,0.0062779586017131725,0.27392158508300724,-0.0015039566159248396
FlexTok,n02951358,208,0.019745716750621804,0.5996986961364748,0.02699316680431366,0.026375968605279923,0.8805465888977052,0.027732431292533874,0.006630251854658119,0.28084789276123046,0.0007392644882202141
FlexTok,n02951358,256,0.0,0.0,0.0,0.0,0.0,0.0,0.0,0.0,0.0
FlexTok,n02966193,8,0.23260115653276447,4.2432449913024906,0.23653039559721947,0.31780894905328755,3.9423276805877685,0.23080696631222966,0.08520779252052307,-0.30091731071472205,-0.005723429284989812
FlexTok,n02966193,16,0.21458929210901265,4.106931858062744,0.23490759074687959,0.28822667628526694,3.7773881912231446,0.22555223036557437,0.07363738417625429,-0.32954366683959924,-0.009355360381305217
FlexTok,n02966193,32,0.18457811921834946,3.765857791900635,0.21940976023674014,0.2340563216805458,3.339254951477051,0.20290123760700227,0.049478202462196336,-0.426602840423584,-0.01650852262973787
FlexTok,n02966193,64,0.14030895024538043,3.2218680000305175,0.1972561889886856,0.1561678794026375,2.797966327667236,0.16526753760874272,0.015858929157257062,-0.42390167236328136,-0.03198865137994289
FlexTok,n02966193,96,0.10713875025510788,2.473515625,0.15390947222709658,0.11516580909490585,2.3060450935363774,0.126805330067873,0.00802705883979797,-0.16747053146362267,-0.027104142159223577
FlexTok,n02966193,128,0.07092187374830244,1.6630590057373047,0.10808088541030884,0.07872168809175491,1.5484718894958496,0.09023050084710123,0.007799814343452463,-0.11458711624145512,-0.017850384563207616
FlexTok,n02966193,160,0.05107481271028519,1.2585791969299316,0.07839569598436355,0.05750412195920944,1.1880634689331055,0.06581999912858011,0.00642930924892425,-0.07051572799682604,-0.012575696855783441
FlexTok,n02966193,208,0.0233971044421196,0.7110944747924804,0.038997367322444916,0.03140118658542632,0.8710541152954104,0.033378584086894994,0.008004082143306723,0.15995964050293,-0.005618783235549922
FlexTok,n02966193,256,0.0,0.0,0.0,0.0,0.0,0.0,0.0,0.0,0.0
FlexTok,n02980441,8,0.27932548820972447,5.622374324798584,0.219012944996357,0.32229142874479294,3.9631120109558107,0.22118279635906218,0.04296594053506847,-1.6592623138427736,0.002169851362705172
FlexTok,n02980441,16,0.2495306080579758,5.560684318542481,0.21866318129003048,0.2879514887928963,4.168068008422852,0.21877521097660066,0.038420880734920476,-1.392616310119629,0.00011202968657017531
FlexTok,n02980441,32,0.20475408732891082,4.921721324920655,0.19804551772773268,0.23764526456594467,3.6079380989074714,0.19878014609217642,0.03289117723703386,-1.3137832260131832,0.0007346283644437401
FlexTok,n02980441,64,0.13881514221429825,3.8392195892333985,0.16193171024322514,0.16865818947553635,2.9468287849426273,0.16654296830296517,0.029843047261238098,-0.8923908042907711,0.0046112580597400255
FlexTok,n02980441,96,0.10244159877300263,2.931225757598877,0.12071187093853952,0.12218965381383896,2.3035581970214842,0.12681360661983493,0.019748055040836335,-0.6276675605773927,0.006101735681295406
FlexTok,n02980441,128,0.06432673215866089,1.9091275596618653,0.08147434681653978,0.08070903241634371,1.5675477218627933,0.08956867784261703,0.016382300257682822,-0.341579837799072,0.008094331026077248
FlexTok,n02980441,160,0.04532942473888398,1.4777319145202634,0.05749495953321459,0.05846701890230179,1.2037304306030274,0.0644015035033226,0.01313759416341781,-0.274001483917236,0.006906543970108016
FlexTok,n02980441,208,0.024498080015182496,0.8807418060302732,0.02593804210424424,0.030097926259040838,0.890371208190918,0.03536329209804535,0.005599846243858342,0.009629402160644784,0.009425249993801108
FlexTok,n02980441,256,0.0,0.0,0.0,0.0,0.0,0.0,0.0,0.0,0.0
FlexTok,n02992529,8,0.353445545732975,8.220053272247315,0.354025998711586,0.35154622301459315,5.748096933364868,0.29025926522910594,-0.001899322718381835,-2.471956338882446,-0.06376673348248008
FlexTok,n02992529,16,0.30296228706836703,7.706257019042969,0.3355026449263096,0.3041637052595616,5.4268904876708985,0.27088237918913366,0.0012014181911945698,-2.2793665313720703,-0.06462026573717594
FlexTok,n02992529,32,0.24477021217346193,6.722305088043213,0.29508725970983507,0.24102504685521126,4.924323329925537,0.24332783490419388,-0.0037451653182506706,-1.7979817581176762,-0.05175942480564119
FlexTok,n02992529,64,0.16427096277475356,5.438285846710205,0.2376914894580841,0.16507539197802543,4.177312860488891,0.1948927327990532,0.000804429203271867,-1.2609729862213133,-0.04279875665903091
FlexTok,n02992529,96,0.11104109555482865,3.912225284576416,0.1639630526304245,0.11234626963734629,3.1882988166809088,0.14373212784528733,0.0013051740825176378,-0.7239264678955073,-0.02023092478513716
FlexTok,n02992529,128,0.06998586937785149,2.6386747741699215,0.1060344922542572,0.06782850533723832,2.081767826080322,0.09269473671913148,-0.0021573640406131744,-0.5569069480895994,-0.01333975553512573
FlexTok,n02992529,160,0.04638469934463501,1.886011943817139,0.07269424438476563,0.04724610462784768,1.5703259468078619,0.06306157737970353,0.0008614052832126712,-0.31568599700927713,-0.009632667005062101
FlexTok,n02992529,208,0.02178814262151718,1.122658843994141,0.03568089663982392,0.02285895392298699,0.967150287628174,0.030046892166137696,0.0010708113014698088,-0.15550855636596694,-0.005634004473686224
FlexTok,n02992529,256,0.0,0.0,0.0,0.0,0.0,0.0,0.0,0.0,0.0
FlexTok,n03124170,8,0.3236544074118137,6.867041730880738,0.29041196964681154,0.3502515935897827,5.513149833679199,0.2755129022151232,0.026597186177968968,-1.3538918972015388,-0.01489906743168834
FlexTok,n03124170,16,0.29345178917050363,6.653481101989746,0.2782301671802998,0.31594729900360113,5.288973178863525,0.26576202712953095,0.022495509833097505,-1.3645079231262205,-0.01246814005076885
FlexTok,n03124170,32,0.24477759078145028,5.801967182159424,0.25086094692349437,0.24760309338569642,4.84815019607544,0.2391272280365229,0.002825502604246133,-0.953816986083984,-0.011733718886971473
FlexTok,n03124170,64,0.16495565250515937,4.553799266815186,0.2050097836554051,0.17224716544151306,4.054139814376831,0.19635966554284096,0.007291512936353689,-0.49965945243835463,-0.008650118112564137
FlexTok,n03124170,96,0.11517375871539116,3.335090579986572,0.15138512641191484,0.12127230495214462,3.0486468124389647,0.14796590715646746,0.00609854623675346,-0.2864437675476075,-0.0034192192554473866
FlexTok,n03124170,128,0.07003079995512962,2.1983711433410646,0.09944319158792496,0.08084039121866227,2.1088330268859865,0.1032425606250763,0.010809591263532647,-0.08953811645507814,0.0037993690371513344
FlexTok,n03124170,160,0.048533505946397784,1.6497897911071777,0.07035923093557357,0.05686394408345223,1.5803493499755858,0.0725951161980629,0.008330438137054447,-0.06944044113159187,0.002235885262489329
FlexTok,n03124170,208,0.028340413868427276,1.0322551918029785,0.03534094929695129,0.03255803063511849,1.0112707901000972,0.03624260395765305,0.004217616766691211,-0.020984401702881295,0.0009016546607017589
FlexTok,n03124170,256,0.0,0.0,0.0,0.0,0.0,0.0,0.0,0.0,0.0
FlexTok,n03272010,8,0.33608960479497907,6.004537172317505,0.2867624691128731,0.3345131665468216,4.9924585723876955,0.23143694058060646,-0.0015764382481574524,-1.0120785999298096,-0.05532552853226666
FlexTok,n03272010,16,0.30957372218370444,5.958307199478149,0.28331576257944113,0.30864202797412876,4.90591061592102,0.2325830090045929,-0.0009316942095756731,-1.0523965835571287,-0.050732753574848244
FlexTok,n03272010,32,0.25584677904844283,5.12283805847168,0.24971124410629275,0.23767943590879445,4.138920440673828,0.19040867447853088,-0.01816734313964838,-0.9839176177978519,-0.05930256962776187
FlexTok,n03272010,64,0.18688773840665818,4.300610103607178,0.2073741783201695,0.1601523280143738,3.364158935546875,0.15335836738348008,-0.026735410392284387,-0.9364511680603029,-0.05401581093668942
FlexTok,n03272010,96,0.1282950633764267,3.3580085754394533,0.15477350234985354,0.11635612294077875,2.6404833984375,0.11892238646745681,-0.011938940435647957,-0.7175251770019533,-0.03585111588239673
FlexTok,n03272010,128,0.0838666433095932,2.271838893890381,0.10223443031311036,0.07409541115164758,1.8530700683593753,0.08069081604480743,-0.00977123215794562,-0.4187688255310058,-0.021543614268302924
FlexTok,n03272010,160,0.0575264784693718,1.664904556274414,0.07398974955081941,0.051679651886224746,1.3930436706542968,0.06153268396854401,-0.005846826583147051,-0.27186088562011723,-0.012457065582275405
FlexTok,n03272010,208,0.031763696372509,1.0158303451538084,0.046009378731250765,0.028025006651878365,0.8736769676208499,0.0278637957572937,-0.0037386897206306315,-0.14215337753295854,-0.018145582973957065
FlexTok,n03272010,256,0.0,0.0,0.0,0.0,0.0,0.0,0.0,0.0,0.0
FlexTok,n03345487,8,0.2768691217899323,4.674025096893311,0.2614135876297951,0.3601900438964367,5.054254989624024,0.2894731912016869,0.08332092210650444,0.3802298927307133,0.0280596035718918
FlexTok,n03345487,16,0.25397020190954206,4.563008136749268,0.25825485154986383,0.3119697235524655,4.756321182250977,0.27469475865364074,0.057999521642923435,0.1933130455017089,0.016439907103776907
FlexTok,n03345487,32,0.20209768414497375,4.015478973388672,0.23165207736194135,0.25318760797381407,4.2452218627929685,0.24169475734233856,0.05108992382884031,0.22974288940429677,0.010042679980397207
FlexTok,n03345487,64,0.14858039408922197,3.357329158782959,0.19718485876917838,0.17280357345938682,3.661447296142578,0.20504022881388664,0.024223179370164855,0.3041181373596191,0.007855370044708265
FlexTok,n03345487,96,0.10552873194217684,2.5538059997558595,0.1493754278123379,0.1235312716662884,2.8431589508056643,0.15516288459300995,0.01800253972411156,0.28935295104980474,0.005787456780672051
FlexTok,n03345487,128,0.07082742035388948,1.7825900077819825,0.10091882556676865,0.07699474826455117,1.8878929901123045,0.10237058073282242,0.006167327910661699,0.10530298233032198,0.001451755166053767
FlexTok,n03345487,160,0.05243302583694459,1.3547456550598145,0.07117409110069275,0.05444534540176391,1.4377109146118163,0.07416920632123948,0.0020123195648193218,0.08296525955200185,0.0029951152205467263
FlexTok,n03345487,208,0.0274835965037346,0.8195003128051755,0.04033636987209321,0.029844407439231873,0.9069882011413575,0.03765253752470017,0.0023608109354972713,0.08748788833618193,-0.002683832347393035
FlexTok,n03345487,256,0.0,0.0,0.0,0.0,0.0,0.0,0.0,0.0,0.0
FlexTok,n03372029,8,0.3249659240245819,6.420358619689941,0.30690181478858,0.3283091500401497,4.827384243011474,0.2506312096118927,0.0033432260155678017,-1.592974376678467,-0.05627060517668725
FlexTok,n03372029,16,0.2895924556255341,6.238545818328857,0.2992126813530922,0.2947710970044136,4.877083749771118,0.24581726297736167,0.005178641378879523,-1.3614620685577394,-0.05339541837573053
FlexTok,n03372029,32,0.23614093661308289,5.5629766654968265,0.27008973255753516,0.23726412743330003,4.395631284713745,0.22192591473460196,0.0011231908202171403,-1.1673453807830816,-0.04816381782293319
FlexTok,n03372029,64,0.16327020466327669,4.5734013748168945,0.2219667761027813,0.175268951356411,3.6443901824951173,0.19099734961986542,0.011998746693134305,-0.9290111923217772,-0.03096942648291587
FlexTok,n03372029,96,0.11725151479244234,3.5036857414245604,0.16325072646141053,0.12766747862100603,2.931048984527588,0.1482417279481888,0.01041596382856369,-0.5726367568969724,-0.015008998513221739
FlexTok,n03372029,128,0.07134158611297607,2.3128466033935546,0.10761572867631913,0.084497829079628,2.0632395553588867,0.10659118384122848,0.013156242966651924,-0.24960704803466793,-0.0010245448350906516
FlexTok,n03372029,160,0.051049679219722754,1.662612991333008,0.07679714113473893,0.05985795885324478,1.6042755126953128,0.07639932721853257,0.008808279633522029,-0.05833747863769534,-0.00039781391620635764
FlexTok,n03372029,208,0.027382160425186167,0.9295011329650876,0.039006749987602236,0.03229372531175613,1.1042910194396973,0.04031082481145859,0.0049115648865699635,0.1747898864746097,0.0013040748238563535
FlexTok,n03372029,256,0.0,0.0,0.0,0.0,0.0,0.0,0.0,0.0,0.0
FlexTok,n03424325,8,0.32202542677521706,7.1629232406616214,0.3058170214295387,0.3403829179704189,6.041689023971558,0.3046100548654795,0.018357491195201858,-1.1212342166900635,-0.0012069665640592198
FlexTok,n03424325,16,0.2884499545395375,6.8873051834106445,0.2903540317714215,0.3134377305209637,5.904560947418213,0.2955230449140072,0.024987775981426208,-0.9827442359924312,0.005169013142585721
FlexTok,n03424325,32,0.23226871386170386,6.217547760009766,0.2559363371133805,0.25384490653872493,5.13616117477417,0.2638513881713152,0.021576192677021072,-1.0813865852355962,0.007915051057934719
FlexTok,n03424325,64,0.16424889639019966,5.1242412567138675,0.214913759380579,0.18088120564818383,4.330031242370605,0.21832027152180675,0.016632309257984174,-0.7942100143432622,0.003406512141227752
FlexTok,n03424325,96,0.1174073947966099,3.9412037086486817,0.15942008167505267,0.12990721926093102,3.3489589500427246,0.16325138956308366,0.012499824464321116,-0.5922447586059572,0.003831307888030988
FlexTok,n03424325,128,0.0753386338055134,2.6875775909423827,0.1065095427632332,0.07994899824261666,2.280920696258545,0.10857146888971331,0.004610364437103262,-0.4066568946838376,0.0020619261264801098
FlexTok,n03424325,160,0.053223432153463375,2.075379428863526,0.07711364597082139,0.058337313681840905,1.7472952270507813,0.07880892992019654,0.00511388152837753,-0.32808420181274456,0.0016952839493751537
FlexTok,n03424325,208,0.026096388548612605,1.2246313858032227,0.038902079761028295,0.03216396138072014,1.0733489990234373,0.04141031980514527,0.006067572832107536,-0.15128238677978545,0.002508240044116976
FlexTok,n03424325,256,0.0,0.0,0.0,0.0,0.0,0.0,0.0,0.0,0.0
FlexTok,n03452741,8,0.3348144695162773,7.370018901824952,0.34506366327404975,0.35446460351347925,6.516740417480468,0.30075291864573955,0.019650133997201946,-0.8532784843444832,-0.044310744628310195
FlexTok,n03452741,16,0.3005944034457207,7.027697486877441,0.33266355395317077,0.31634240314364437,6.300192661285401,0.288369092643261,0.015747999697923676,-0.7275048255920407,-0.04429446130990977
FlexTok,n03452741,32,0.25205063849687576,6.082681198120117,0.2966980713605881,0.2601408521831036,5.645147876739502,0.25563377849757674,0.008090213686227865,-0.43753332138061474,-0.04106429286301139
FlexTok,n03452741,64,0.18092232018709184,5.114565696716309,0.24829320162534718,0.18564576759934426,4.764529132843018,0.21709899120032788,0.004723447412252418,-0.3500365638732914,-0.031194210425019298
FlexTok,n03452741,96,0.12495720028877258,3.9144615745544433,0.17524889439344407,0.12853449240326884,3.6164843940734865,0.15899562805891038,0.0035772921144962555,-0.2979771804809568,-0.016253266334533695
FlexTok,n03452741,128,0.08132264763116837,2.674583969116211,0.11777503669261932,0.08030167624354362,2.4477968215942383,0.10510509356856346,-0.0010209713876247473,-0.2267871475219727,-0.012669943124055866
FlexTok,n03452741,160,0.060184499621391295,2.0757817077636718,0.08728500545024871,0.05473007932305336,1.7719466400146484,0.07471570700407028,-0.005454420298337932,-0.30383506774902336,-0.012569298446178434
FlexTok,n03452741,208,0.03182143703103065,1.1710979461669924,0.04313644826412201,0.027116664499044422,0.9678445625305174,0.037803838253021235,-0.004704772531986229,-0.20325338363647494,-0.005332610011100775
FlexTok,n03452741,256,0.0,0.0,0.0,0.0,0.0,0.0,0.0,0.0,0.0
FlexTok,n03467068,8,0.3244161581993103,6.460169258117676,0.2904070962965488,0.33279388785362246,4.887120885848999,0.25817662447690964,0.00837772965431216,-1.5730483722686772,-0.03223047181963917
FlexTok,n03467068,16,0.2892040038108826,6.262127990722656,0.276116241440177,0.3085910588502884,5.076047897338867,0.2593993251025677,0.0193870550394058,-1.1860800933837892,-0.0167169163376093
FlexTok,n03467068,32,0.23645004212856296,5.374098892211914,0.24869681879878047,0.25092476785182954,4.566809272766113,0.23431520730257038,0.01447472572326658,-0.8072896194458012,-0.01438161149621009
FlexTok,n03467068,64,0.16411866426467894,4.326034870147706,0.2029477582871914,0.17096181631088256,3.715206279754639,0.1922823265194893,0.0068431520462036155,-0.610828590393067,-0.0106654317677021
FlexTok,n03467068,96,0.11714867413043978,3.125655689239502,0.14717784583568574,0.12226849704980851,2.8208783531188963,0.14132481276988984,0.00511982291936873,-0.30477733612060565,-0.005853033065795904
FlexTok,n03467068,128,0.07296772956848147,2.020960235595703,0.09772563159465791,0.07687725901603701,1.9807693672180176,0.09677218735218047,0.003909529447555543,-0.040190868377685485,-0.0009534442424774386
FlexTok,n03467068,160,0.04798997163772584,1.4522156333923337,0.06866908937692644,0.0571176102757454,1.5200696563720704,0.07049110770225525,0.009127638638019561,0.06785402297973664,0.0018220183253288141
FlexTok,n03467068,208,0.025300016701221475,0.8842604637145998,0.03493935614824296,0.031108480244874958,1.0328701591491698,0.03455808579921722,0.005808463543653483,0.14860969543457003,-0.0003812703490257349
FlexTok,n03467068,256,0.0,0.0,0.0,0.0,0.0,0.0,0.0,0.0,0.0
FlexTok,n03481172,8,0.3325401550531387,7.160612363815307,0.281686016023159,0.3619681733846665,5.753816108703614,0.2612452052533627,0.029428018331527805,-1.4067962551116935,-0.020440810769796314
FlexTok,n03481172,16,0.30439397841691973,7.1004734802246094,0.27980908893048767,0.3188198828697205,5.6695849800109865,0.2497186529636383,0.014425904452800786,-1.430888500213623,-0.030090435966849377
FlexTok,n03481172,32,0.241856147646904,6.039701156616212,0.24487856924533843,0.2536471632122994,4.936880702972413,0.22052435815334323,0.011791015565395413,-1.1028204536437993,-0.024354211091995204
FlexTok,n03481172,64,0.16730599075555802,4.85903211593628,0.19709745988249783,0.17770604848861693,4.162986812591552,0.18147418648004532,0.01040005773305891,-0.6960453033447278,-0.015623273402452509
FlexTok,n03481172,96,0.11961722254753113,3.5735906410217293,0.14484361693263056,0.12245088502764703,3.1924306678771974,0.13272291749715806,0.002833662480115906,-0.38115997314453187,-0.012120699435472504
FlexTok,n03481172,128,0.07215006351470947,2.372967929840088,0.09431147158145904,0.07839041844010355,2.2760280418395995,0.09044764548540116,0.006240354925394084,-0.09693988800048858,-0.0038638260960578846
FlexTok,n03481172,160,0.04963896006345749,1.7829352378845218,0.06891078114509583,0.053983271718025215,1.7919143867492675,0.06567292183637619,0.004344311654567723,0.008979148864745712,-0.0032378593087196428
FlexTok,n03481172,208,0.028466583639383324,1.0238581657409673,0.03610302597284317,0.03166487984359265,1.2423166656494142,0.033354005217552184,0.003198296204209323,0.2184584999084469,-0.0027490207552909873
FlexTok,n03481172,256,0.0,0.0,0.0,0.0,0.0,0.0,0.0,0.0,0.0
FlexTok,n03494278,8,0.3490887989103794,7.469685401916504,0.32213055059313783,0.3519018322229385,4.8235159111022945,0.2603437105938793,0.00281303331255911,-2.6461694908142093,-0.06178683999925855
FlexTok,n03494278,16,0.30576869443058974,7.218325099945068,0.3042337989807129,0.3166611528396607,4.8701009273529055,0.24670337814837695,0.010892458409070938,-2.348224172592163,-0.05753042083233595
FlexTok,n03494278,32,0.24133471861481667,6.278872909545899,0.2643417075276375,0.2634193861484528,4.248058748245239,0.22834867443889384,0.02208466753363611,-2.0308141613006594,-0.03599303308874369
FlexTok,n03494278,64,0.17172020211815833,5.155443153381348,0.2176249741017819,0.17999511927366257,3.5791711807250977,0.1975801771134138,0.008274917155504241,-1.57627197265625,-0.020044796988368085
FlexTok,n03494278,96,0.12168207600712776,3.880178661346435,0.15832531958818438,0.13119581609964373,2.8250273132324217,0.14791045904159547,0.009513740092515974,-1.0551513481140131,-0.010414860546588911
FlexTok,n03494278,128,0.07912963673472405,2.528271083831787,0.10502547442913057,0.08503794997930529,2.006898250579834,0.10585229977965356,0.0059083132445812425,-0.5213728332519532,0.0008268253505229889
FlexTok,n03494278,160,0.055091749280691146,1.8647430992126461,0.07571364492177964,0.05635946765542031,1.5182249832153314,0.07417057394981386,0.0012677183747291654,-0.34651811599731475,-0.0015430709719657792
FlexTok,n03494278,208,0.027871100455522546,1.0760505485534662,0.036637006402015684,0.029392975270748144,0.9779030799865726,0.03786063253879548,0.0015218748152255983,-0.0981474685668936,0.0012236261367797943
FlexTok,n03494278,256,0.0,0.0,0.0,0.0,0.0,0.0,0.0,0.0,0.0
FlexTok,n03495258,8,0.35205657094717024,6.392224102020264,0.31014684759080413,0.35447115153074266,5.177311449050904,0.2618035274464637,0.002414580583572412,-1.2149126529693604,-0.04834332014434045
FlexTok,n03495258,16,0.3233532038331032,6.25087610244751,0.30511072471737866,0.3157848182320595,5.054203233718872,0.25440470084547995,-0.00756838560104367,-1.1966728687286379,-0.05070602387189871
FlexTok,n03495258,32,0.2601726648211479,5.313259143829345,0.2740496783703566,0.250988572537899,4.367424716949462,0.22624362544389442,-0.009184092283248901,-0.9458344268798831,-0.04780605292646217
FlexTok,n03495258,64,0.18415378898382187,4.33683822631836,0.2321273662149906,0.17709216028451918,3.628018836975097,0.19252973821014166,-0.0070616286993026856,-0.7088193893432626,-0.03959762800484895
FlexTok,n03495258,96,0.1311269608139992,3.3090398025512697,0.1764940813183785,0.12809496521949768,2.839305515289306,0.14578326895833016,-0.003031995594501513,-0.46973428726196387,-0.03071081236004833
FlexTok,n03495258,128,0.08336288928985595,2.2944664955139165,0.11981607705354692,0.08224986344575883,1.9497294807434076,0.09937664717435839,-0.0011130258440971291,-0.3447370147705089,-0.020439429879188536
FlexTok,n03495258,160,0.05869285970926285,1.721479949951172,0.08427631825208666,0.05682973325252532,1.5106164741516108,0.06954897582530976,-0.0018631264567375294,-0.2108634757995611,-0.014727342426776896
FlexTok,n03495258,208,0.03215697437524796,1.036848659515381,0.043687407076358806,0.03265844792127609,1.0262302398681638,0.0348604828119278,0.0005014735460281278,-0.010618419647217214,-0.008826924264431005
FlexTok,n03495258,256,0.0,0.0,0.0,0.0,0.0,0.0,0.0,0.0,0.0
FlexTok,n03498962,8,0.34355548918247225,6.236247024536133,0.25526190739125015,0.36101178631186487,5.524537353515625,0.2516791504621506,0.017456297129392617,-0.7117096710205075,-0.00358275692909954
FlexTok,n03498962,16,0.3105450761318207,6.061892147064209,0.24315573453903197,0.32150093659758566,5.3600095272064205,0.24218999169766903,0.010955860465764966,-0.7018826198577885,-0.0009657428413629432
FlexTok,n03498962,32,0.24742501735687258,5.295805311203003,0.22064743705093862,0.25320523962378505,4.782054090499878,0.21514279454946517,0.005780222266912466,-0.5137512207031243,-0.00550464250147345
FlexTok,n03498962,64,0.16886864840984345,4.315142402648926,0.18865731850266457,0.17139943554997444,4.026383228302002,0.17664609640836715,0.0025307871401309967,-0.28875917434692333,-0.012011222094297419
FlexTok,n03498962,96,0.11948398351669312,3.283296947479249,0.141024159938097,0.11964013829827311,3.0070375061035155,0.12945511162281037,0.00015615478157998686,-0.27625944137573333,-0.011569048315286629
FlexTok,n03498962,128,0.07311146378517151,2.135374412536622,0.09375647515058518,0.0752657575905323,2.1014469337463377,0.089020034968853,0.0021542938053607935,-0.03392747879028413,-0.004736440181732179
FlexTok,n03498962,160,0.05187948524951936,1.625487442016602,0.06682558998465538,0.05049490824341775,1.5632030296325683,0.06391006290912628,-0.0013845770061016102,-0.062284412384033594,-0.002915527075529098
FlexTok,n03498962,208,0.02684398204088211,1.0084261703491213,0.03315204441547393,0.028850780725479135,0.9523875427246093,0.032783603668212896,0.0020067986845970255,-0.05603862762451195,-0.00036844074726103543
FlexTok,n03498962,256,0.0,0.0,0.0,0.0,0.0,0.0,0.0,0.0,0.0
FlexTok,n03594945,8,0.25202004313468934,5.236501007080078,0.24847089275717738,0.32242152869701385,6.111043338775635,0.27760607637465,0.0704014855623245,0.8745423316955563,0.029135183617472638
FlexTok,n03594945,16,0.2237265491485596,4.973675212860107,0.24023861572146418,0.2838365143537521,5.787123184204102,0.2625685966014862,0.06010996520519252,0.8134479713439946,0.022329980880022
FlexTok,n03594945,32,0.18130701690912246,4.421858005523681,0.21827201135456564,0.22182588756084443,4.955477466583252,0.22881590992212295,0.04051887065172197,0.5336194610595708,0.010543898567557303
FlexTok,n03594945,64,0.12346950203180312,3.6752662467956543,0.18551686488091948,0.15261628836393357,4.10614013671875,0.1884137973189354,0.029146786332130442,0.4308738899230957,0.00289693243801592
FlexTok,n03594945,96,0.09400286614894866,2.7816385078430175,0.14046222344040873,0.10966175645589829,3.246225814819336,0.14695413172245028,0.015658890306949627,0.46458730697631845,0.0064919082820415475
FlexTok,n03594945,128,0.057605362534523016,1.846767978668213,0.09303852468729021,0.0704445904493332,2.2149935722351075,0.10184628695249558,0.01283922791481018,0.36822559356689455,0.008807762265205368
FlexTok,n03594945,160,0.043093948662281036,1.4117524909973145,0.0670019879937172,0.051822581589221935,1.711929016113281,0.07319228887557984,0.008728632926940899,0.3001765251159665,0.006190300881862634
FlexTok,n03594945,208,0.025291620641946788,0.8137601089477537,0.032336435616016394,0.026616683304309836,0.9418395042419434,0.03537780404090882,0.0013250626623630482,0.12807939529418966,0.0030413684248924225
FlexTok,n03594945,256,0.0,0.0,0.0,0.0,0.0,0.0,0.0,0.0,0.0
FlexTok,n03602883,8,0.3524310511350632,7.900856647491455,0.3069730567932129,0.389566236063838,6.114599246978759,0.2897271180897951,0.03713518492877482,-1.7862574005126959,-0.017245938703417785
FlexTok,n03602883,16,0.3183234262466431,7.550074710845947,0.29228632070124155,0.3450367271155119,5.977425289154053,0.27155316263437274,0.026713300868868806,-1.572649421691894,-0.020733158066868818
FlexTok,n03602883,32,0.24977491855621342,6.519310874938965,0.2575344878435135,0.26826068066060543,5.295976314544678,0.24267153292894367,0.01848576210439201,-1.223334560394287,-0.014862954914569848
FlexTok,n03602883,64,0.17645505487918853,5.344477863311767,0.20785065300762653,0.19096725039184093,4.593559036254883,0.2056267376244068,0.014512195512652398,-0.7509188270568847,-0.0022239153832197267
FlexTok,n03602883,96,0.13187378734350205,4.0839521598815915,0.1548041780292988,0.13638783521950246,3.578366279602051,0.1544026631116867,0.004514047876000404,-0.5055858802795408,-0.00040151491761208913
FlexTok,n03602883,128,0.08468650281429292,2.80517707824707,0.10414798498153688,0.09024190343916416,2.52573450088501,0.105709088742733,0.00555540062487124,-0.27944257736206035,0.0015611037611961281
FlexTok,n03602883,160,0.056418568491935744,2.0076260566711426,0.07341889530420304,0.0635221218317747,1.8887660026550293,0.07795043766498566,0.007103553339838961,-0.11886005401611333,0.0045315423607826255
FlexTok,n03602883,208,0.027928763478994374,1.175826263427734,0.0367472204566002,0.03309265248477459,1.197352466583252,0.03961340725421905,0.0051638890057802145,0.021526203155517898,0.0028661867976188526
FlexTok,n03602883,256,0.0,0.0,0.0,0.0,0.0,0.0,0.0,0.0,0.0
FlexTok,n03630383,8,0.3170850020647049,7.151353149414063,0.2962621343135834,0.37264117747545245,5.7292447185516355,0.29399975314736365,0.05555617541074753,-1.4221084308624272,-0.00226238116621974
FlexTok,n03630383,16,0.28490369737148286,6.7803955078125,0.2800158210098744,0.3363423755764961,5.7428200149536135,0.2977602280303836,0.051438678205013244,-1.0375754928588865,0.017744407020509223
FlexTok,n03630383,32,0.2375815388560295,5.875459203720093,0.2524079689383507,0.279613077044487,5.222834577560425,0.2696055465936661,0.04203153818845751,-0.6526246261596675,0.017197577655315377
FlexTok,n03630383,64,0.17628130495548247,4.971234703063965,0.2180903160572052,0.20331328183412553,4.35798641204834,0.2228197279572487,0.02703197687864306,-0.6132482910156254,0.004729411900043501
FlexTok,n03630383,96,0.12914805501699447,3.857195491790772,0.1652969691157341,0.1388131159543991,3.429112071990967,0.166386778652668,0.00966506093740463,-0.42808341979980513,0.0010898095369338834
FlexTok,n03630383,128,0.0807242289185524,2.6174789047241216,0.11183036535978319,0.09125527143478393,2.399942626953125,0.11169076085090637,0.010531042516231534,-0.21753627777099638,-0.0001396045088768172
FlexTok,n03630383,160,0.05687364816665649,2.040414047241211,0.08210114896297455,0.06330428928136826,1.8060768699645993,0.07827345699071885,0.006430641114711769,-0.23433717727661185,-0.0038276919722557007
FlexTok,n03630383,208,0.03171839326620102,1.3379531288146977,0.04433074295520782,0.0324013352394104,1.327060546875,0.039257766604423525,0.0006829419732093805,-0.010892581939697665,-0.005072976350784297
FlexTok,n03630383,256,0.0,0.0,0.0,0.0,0.0,0.0,0.0,0.0,0.0
FlexTok,n03649909,8,0.2979692804813385,5.142557544708251,0.2166912142932415,0.35071830213069916,4.818206748962402,0.26378596447408204,0.05274902164936063,-0.3243507957458487,0.04709475018084053
FlexTok,n03649909,16,0.25425060749053957,5.043513221740722,0.20909130349755287,0.31380579888820653,4.63408441543579,0.2547616349160671,0.05955519139766696,-0.4094288063049314,0.04567033141851426
FlexTok,n03649909,32,0.19773464024066925,4.225707740783691,0.1895075784623623,0.2545091712474823,4.049187259674072,0.22497086018323897,0.05677453100681304,-0.17652048110961882,0.03546328172087668
FlexTok,n03649909,64,0.13585758000612258,3.3683456230163573,0.16138556644320487,0.16251716077327727,3.3084544754028316,0.18050184577703476,0.02665958076715469,-0.059891147613525764,0.019116279333829894
FlexTok,n03649909,96,0.10014496326446533,2.5703934097290033,0.1230514031648636,0.10910782247781753,2.5071160125732423,0.13290903434157372,0.0089628592133522,-0.06327739715576097,0.009857631176710124
FlexTok,n03649909,128,0.06223599910736084,1.7536616706848138,0.08329771548509597,0.06987320512533189,1.7725747489929196,0.09254481673240661,0.007637206017971049,0.018913078308105735,0.009247101247310638
FlexTok,n03649909,160,0.04380512863397598,1.2699569320678705,0.06090404108166694,0.04849427908658981,1.3010336303710934,0.0650814524292946,0.004689150452613831,0.031076698303222905,0.004177411347627655
FlexTok,n03649909,208,0.024668399989604947,0.7350210571289055,0.029433968365192405,0.024331938326358805,0.8318967819213864,0.029321120381355287,-0.00033646166324614174,0.09687572479248086,-0.00011284798383711866
FlexTok,n03649909,256,0.0,0.0,0.0,0.0,0.0,0.0,0.0,0.0,0.0
FlexTok,n03676483,8,0.3919665303826332,8.322111682891846,0.3338577765971422,0.39644006349146366,6.291431360244751,0.29232080042362213,0.004473533108830474,-2.030680322647095,-0.04153697617352009
FlexTok,n03676483,16,0.3553936126828194,8.099733667373657,0.32090338446199895,0.3572482503205538,6.405419778823853,0.2914496297389269,0.0018546376377344131,-1.6943138885498046,-0.029453754723072045
FlexTok,n03676483,32,0.27106243550777437,6.936323776245117,0.2743433682620526,0.2956514687091112,5.704399318695068,0.26021244674921035,0.02458903320133682,-1.2319244575500488,-0.014130921512842232
FlexTok,n03676483,64,0.18253112465143204,5.59538122177124,0.21893669858574868,0.20453337110579015,4.676746959686279,0.21242546856403352,0.02200224645435811,-0.9186342620849608,-0.006511230021715164
FlexTok,n03676483,96,0.11831053704023363,4.247333240509033,0.15594996720552445,0.13632643215358256,3.524037685394287,0.15251307636499406,0.01801589511334893,-0.7232955551147464,-0.0034368908405303933
FlexTok,n03676483,128,0.0715234498679638,2.7723253250122077,0.09977039843797683,0.08497886709868908,2.4645688247680666,0.10089468121528626,0.013455417230725283,-0.30775650024414114,0.0011242827773094294
FlexTok,n03676483,160,0.04894436329603197,2.017485618591309,0.07002794802188875,0.05793678902089596,1.880315933227539,0.07253491938114166,0.008992425724863994,-0.13716968536377006,0.002506971359252916
FlexTok,n03676483,208,0.02590098068118096,1.2863217926025396,0.03636707663536072,0.030664128139615054,1.1892941856384278,0.03649204969406128,0.004763147458434095,-0.09702760696411183,0.00012497305870055875
FlexTok,n03676483,256,0.0,0.0,0.0,0.0,0.0,0.0,0.0,0.0,0.0
FlexTok,n03710193,8,0.32652280732989314,6.044695835113526,0.2688510224223137,0.3665054342150688,6.305698528289795,0.2544097355753183,0.039982626885175676,0.2610026931762688,-0.01444128684699536
FlexTok,n03710193,16,0.2935288988053799,5.866930599212647,0.25583118706941604,0.3268415859341621,6.258735866546631,0.25238556824624536,0.033312687128782215,0.391805267333984,-0.003445618823170682
FlexTok,n03710193,32,0.22375538453459742,5.0054339408874515,0.23186823099851608,0.26129005283117296,5.464414510726929,0.21940166637301445,0.037534668296575535,0.4589805698394773,-0.012466564625501636
FlexTok,n03710193,64,0.1577268423140049,4.099654369354248,0.19486706659197808,0.1776637664437294,4.4732308769226075,0.1848976357281208,0.019936924129724476,0.3735765075683597,-0.009969430863857293
FlexTok,n03710193,96,0.10823650017380716,2.911294002532959,0.13520951822400093,0.12149285435676575,3.397515602111817,0.13364115834236145,0.01325635418295859,0.48622159957885813,-0.001568359881639475
FlexTok,n03710193,128,0.06703139558434487,1.9185884475708008,0.08851169019937516,0.07794254302978515,2.285926971435547,0.08847964018583297,0.010911147445440278,0.3673385238647462,-3.205001354218695e-05
FlexTok,n03710193,160,0.04735390082001687,1.4954316520690918,0.06352520048618317,0.05589962854981422,1.793501071929932,0.0654925549030304,0.00854572772979735,0.29806941986084023,0.001967354416847228
FlexTok,n03710193,208,0.027677853852510457,1.0103512763977052,0.034778551161289216,0.03133661858737468,1.1787314224243166,0.037096111476421355,0.0036587647348642234,0.16838014602661144,0.002317560315132139
FlexTok,n03710193,256,0.0,0.0,0.0,0.0,0.0,0.0,0.0,0.0,0.0
FlexTok,n03773504,8,0.31910792320966724,6.8746302032470705,0.26138749912381176,0.34895085215568544,6.313253316879273,0.26437345705926424,0.0298429289460182,-0.5613768863677979,0.002985957935452477
FlexTok,n03773504,16,0.2823600402474404,6.596648960113526,0.25121388003230094,0.3194300577044487,6.199090232849121,0.25622585222125055,0.03707001745700833,-0.39755872726440433,0.005011972188949609
FlexTok,n03773504,32,0.232904506623745,5.762755107879639,0.2256429573893547,0.252249236702919,5.24368953704834,0.2203049260377884,0.019344730079173977,-0.519065570831299,-0.005338031351566297
FlexTok,n03773504,64,0.1597712737321854,4.552498664855957,0.18300721436738968,0.17257494494318962,4.298259162902832,0.17847304537892342,0.01280367121100423,-0.2542395019531245,-0.004534168988466258
FlexTok,n03773504,96,0.10943543493747711,3.5095201110839844,0.1320304611325264,0.12266232848167419,3.1965481185913087,0.12893349364399911,0.01322689354419708,-0.3129719924926757,-0.00309696748852728
FlexTok,n03773504,128,0.07242366522550583,2.4572294044494627,0.08926411539316177,0.07167344398796559,2.1555421447753904,0.08533893078565598,-0.0007502212375402467,-0.3016872596740723,-0.003925184607505794
FlexTok,n03773504,160,0.049627451896667486,1.8164436149597172,0.06299112200736999,0.051051750294864175,1.5621619606018065,0.0626524752378464,0.0014242983981966884,-0.2542816543579107,-0.0003386467695235956
FlexTok,n03773504,208,0.02490556031465531,1.0755501747131346,0.03124647378921509,0.030551562160253523,0.9817434883117676,0.03259380638599397,0.005646001845598214,-0.09380668640136702,0.0013473325967788795
FlexTok,n03773504,256,0.0,0.0,0.0,0.0,0.0,0.0,0.0,0.0,0.0
FlexTok,n03775071,8,0.37981060951948165,6.598593349456787,0.24731132313609122,0.3719276081770658,5.347455215454102,0.25756762430071833,-0.007883001342415819,-1.2511381340026855,0.010256301164627113
FlexTok,n03775071,16,0.3206888881325722,5.980043525695801,0.22794514298439025,0.3361597218364477,5.330930757522583,0.2532004166394472,0.01547083370387553,-0.6491127681732181,0.025255273655056948
FlexTok,n03775071,32,0.2374547174572945,4.831996326446532,0.1936860753595829,0.2711889051645994,4.726053400039673,0.23156457513570786,0.033734187707304936,-0.10594292640685943,0.03787849977612495
FlexTok,n03775071,64,0.13873139500617981,3.536864852905273,0.15357910200953484,0.18465433292090894,3.8899379539489747,0.18988186404109,0.04592293791472912,0.3530731010437016,0.036302762031555164
FlexTok,n03775071,96,0.09564510762691497,2.641227531433105,0.11662498891353607,0.13744260482490062,3.082532081604004,0.14695443734526634,0.041797497197985645,0.4413045501708992,0.03032944843173027
FlexTok,n03775071,128,0.06258092284202577,1.7605084609985346,0.08090551257133484,0.0845952320843935,2.1746850967407227,0.10089283674955368,0.022014309242367733,0.4141766357421881,0.019987324178218843
FlexTok,n03775071,160,0.04133235335350038,1.317547168731689,0.05859574407339096,0.056360785514116295,1.652833023071289,0.07051733285188674,0.015028432160615918,0.3352858543396,0.011921588778495786
FlexTok,n03775071,208,0.027037034928798685,0.8843325042724604,0.031890195012092594,0.032416185066103935,1.189795055389404,0.038487235903739925,0.00537915013730525,0.30546255111694376,0.006597040891647331
FlexTok,n03775071,256,0.0,0.0,0.0,0.0,0.0,0.0,0.0,0.0,0.0
FlexTok,n03888257,8,0.29416067495942116,6.816703510284424,0.1647406455874443,0.37035770401358614,4.794317350387574,0.2406576282903552,0.07619702905416498,-2.0223861598968504,0.07591698270291089
FlexTok,n03888257,16,0.25750658139586446,6.4914290237426755,0.1525722348690033,0.32590210065245634,4.858320083618165,0.2348084168881178,0.06839551925659187,-1.6331089401245107,0.0822361820191145
FlexTok,n03888257,32,0.18517478182911873,5.572932987213135,0.13269989550113678,0.2509326730668545,4.178191804885865,0.20589673481881618,0.06575789123773579,-1.3947411823272704,0.0731968393176794
FlexTok,n03888257,64,0.1203620958328247,4.557716808319092,0.10214509695768356,0.17612723097205166,3.5385994338989257,0.17289139971137046,0.05576513513922696,-1.019117374420166,0.0707463027536869
FlexTok,n03888257,96,0.0819373531639576,3.3987468719482425,0.07692104339599609,0.12838633075356484,2.657923469543457,0.13079158097505572,0.04644897758960724,-0.7408234024047857,0.05387053757905963
FlexTok,n03888257,128,0.05077219486236572,2.2959019470214845,0.05206526458263397,0.08415336683392527,1.891925029754639,0.08824925452470779,0.03338117197155955,-0.4039769172668455,0.03618398994207382
FlexTok,n03888257,160,0.03615369684994221,1.7965147972106934,0.03861966550350189,0.060869091451168075,1.4612239837646488,0.06631404161453248,0.024715394601225862,-0.3352908134460446,0.027694376111030594
FlexTok,n03888257,208,0.02217807732522488,1.1904173469543458,0.02328964114189148,0.03288678973913194,1.0171042251586917,0.03536630749702454,0.010708712413907064,-0.17331312179565406,0.012076666355133058
FlexTok,n03888257,256,0.0,0.0,0.0,0.0,0.0,0.0,0.0,0.0,0.0
FlexTok,n03930630,8,0.2724657213687897,5.468981723785401,0.28540103957057,0.3252136567234993,5.848940982818603,0.2568112799525261,0.05274793535470956,0.3799592590332024,-0.028589759618043886
FlexTok,n03930630,16,0.233983815908432,5.265610427856445,0.27341585993766787,0.27636471301317217,5.512615451812744,0.24541475772857668,0.04238089710474016,0.24700502395629886,-0.02800110220909119
FlexTok,n03930630,32,0.1885472470521927,4.646222248077392,0.24101908266544342,0.21485389798879628,4.795365200042725,0.2193829345703125,0.026306650936603587,0.14914295196533267,-0.021636148095130925
FlexTok,n03930630,64,0.13959223985671998,3.890622310638428,0.20688158452510833,0.14440120935440065,3.8781121158599854,0.1814209097623825,0.004808969497680671,-0.012510194778442507,-0.025460674762725816
FlexTok,n03930630,96,0.09482920080423357,2.8505772399902343,0.14936056584119797,0.10340466201305391,2.959764938354492,0.13300085574388504,0.008575461208820342,0.1091876983642579,-0.016359710097312935
FlexTok,n03930630,128,0.05886446684598923,1.9131754684448237,0.09981762319803238,0.06357623189687729,1.9849411201477052,0.08487521290779114,0.004711765050888064,0.07176565170288152,-0.014942410290241237
FlexTok,n03930630,160,0.04277992337942124,1.452925338745117,0.07359011173248291,0.04599270373582841,1.5070475769042968,0.06155233144760132,0.003212780356407166,0.054122238159179714,-0.012037780284881588
FlexTok,n03930630,208,0.022830617129802704,0.8327091598510742,0.03544534355401993,0.0257110495865345,0.9911024665832521,0.028439010977745056,0.002880432456731797,0.15839330673217789,-0.007006332576274876
FlexTok,n03930630,256,0.0,0.0,0.0,0.0,0.0,0.0,0.0,0.0,0.0
FlexTok,n03947888,8,0.2704885883629322,5.03690881729126,0.21885958775877953,0.33403120636940004,5.406969394683838,0.27509177431464193,0.06354261800646782,0.3700605773925778,0.0562321865558624
FlexTok,n03947888,16,0.2366637466847897,4.842873249053955,0.21680328421294692,0.30398065149784087,5.2463968467712405,0.2642018094658852,0.06731690481305116,0.4035235977172853,0.04739852525293825
FlexTok,n03947888,32,0.19182394489645957,4.192031440734863,0.19420993968844413,0.25655196368694305,4.740974941253662,0.23619190216064453,0.06472801879048348,0.5489435005187993,0.0419819624722004
FlexTok,n03947888,64,0.13495313480496407,3.416109771728516,0.16451655447483066,0.18139056980609894,4.009518699645997,0.20070361062884332,0.04643743500113487,0.5934089279174812,0.03618705615401266
FlexTok,n03947888,96,0.09997252270579338,2.6286369514465333,0.12626806765794757,0.12849010169506073,3.0510051536560057,0.14751441031694415,0.02851757898926735,0.42236820220947235,0.02124634265899658
FlexTok,n03947888,128,0.06045372858643533,1.719189357757569,0.08288090378046037,0.08361014783382416,2.161333961486817,0.10042632788419724,0.02315641924738883,0.4421446037292478,0.01754542410373687
FlexTok,n03947888,160,0.04319746971130371,1.247490043640137,0.057302663624286654,0.05856416702270508,1.7325205993652344,0.07402178317308426,0.015366697311401369,0.48503055572509735,0.01671911954879761
FlexTok,n03947888,208,0.02345352336764336,0.7294858932495114,0.02849923133850098,0.031282299757003786,1.0361157035827637,0.03826343029737472,0.007828776389360425,0.3066298103332523,0.009764198958873743
FlexTok,n03947888,256,0.0,0.0,0.0,0.0,0.0,0.0,0.0,0.0,0.0
FlexTok,n04086273,8,0.3203244188427925,7.554255123138428,0.26916628673672677,0.3390292190015316,5.486726856231689,0.2641789484024048,0.0187048001587391,-2.0675282669067387,-0.004987338334321967
FlexTok,n04086273,16,0.274425502717495,7.040761947631836,0.2574808257818222,0.3065312533080578,5.482699060440064,0.26630519032478334,0.03210575059056281,-1.558062887191772,0.00882436454296115
FlexTok,n04086273,32,0.21614607453346252,6.118469982147217,0.2321486133337021,0.25324770137667657,4.844785823822021,0.2358941312134266,0.03710162684321405,-1.2736841583251959,0.0037455178797244915
FlexTok,n04086273,64,0.14361024945974352,4.990788974761964,0.18811196506023406,0.17573199793696404,4.051563415527344,0.19368542924523355,0.03212174847722052,-0.9392255592346199,0.005573464184999488
FlexTok,n04086273,96,0.1052355369925499,3.785406532287598,0.13681915104389192,0.12856289163231852,3.1072663497924804,0.14074793070554736,0.02332735463976862,-0.6781401824951176,0.003928779661655446
FlexTok,n04086273,128,0.06509411141276361,2.516290321350098,0.08832072138786316,0.08025743231177332,2.1506014060974117,0.0969362935423851,0.015163320899009708,-0.3656889152526861,0.008615572154521939
FlexTok,n04086273,160,0.04612094312906266,1.967547817230225,0.06739764332771302,0.05626056984066964,1.7181132698059076,0.07042492628097534,0.01013962671160698,-0.24943454742431737,0.0030272829532623224
FlexTok,n04086273,208,0.027063658684492117,1.122745494842529,0.033239493370056154,0.030620513260364534,1.1154689788818353,0.038258605897426606,0.0035568545758724174,-0.007276515960693786,0.005019112527370452
FlexTok,n04086273,256,0.0,0.0,0.0,0.0,0.0,0.0,0.0,0.0,0.0
FlexTok,n04118538,8,0.29268691986799245,5.434684972763062,0.26378186315298086,0.4027924394607545,5.851823263168335,0.3274288421869278,0.11010551959276205,0.4171382904052727,0.06364697903394695
FlexTok,n04118538,16,0.2583837375044823,5.1766963386535645,0.25445488624274737,0.3658298432826996,5.709920454025268,0.32040279507637026,0.10744610577821728,0.5332241153717039,0.06594790883362289
FlexTok,n04118538,32,0.21114869505167008,4.719054470062256,0.23467025846242906,0.2921774005889893,5.1776331615448,0.2773255291581154,0.0810287055373192,0.45857869148254427,0.042655270695686365
FlexTok,n04118538,64,0.15011672973632814,4.018055744171143,0.20427767306566239,0.20035477459430695,4.415677967071534,0.23319286555051807,0.05023804485797881,0.39762222290039073,0.02891519248485569
FlexTok,n04118538,96,0.11280596703290939,3.106409091949463,0.15712020918726924,0.14081358298659327,3.3907281303405763,0.1760144129395485,0.02800761595368388,0.2843190383911134,0.018894203752279265
FlexTok,n04118538,128,0.07616872936487198,2.2452259063720703,0.11128799110651018,0.09087849199771882,2.417439270019531,0.12151872813701631,0.014709762632846832,0.17221336364746076,0.010230737030506129
FlexTok,n04118538,160,0.057218548953533184,1.7073705863952637,0.08302083700895309,0.062064627259969724,1.8355113029479981,0.08535165071487427,0.0048460783064365395,0.1281407165527344,0.0023308137059211836
FlexTok,n04118538,208,0.028310634195804606,0.9542406845092777,0.0416549038887024,0.031235327869653707,1.09565710067749,0.03968620836734772,0.0029246936738491006,0.14141641616821232,-0.001968695521354681
FlexTok,n04118538,256,0.0,0.0,0.0,0.0,0.0,0.0,0.0,0.0,0.0
FlexTok,n04133789,8,0.34930421590805055,6.740769023895264,0.26967659667134286,0.3733060576021671,5.401579418182373,0.2533452609926462,0.024001841694116566,-1.3391896057128907,-0.016331335678696657
FlexTok,n04133789,16,0.2902299588918686,6.163123264312744,0.2533376652002335,0.32281847670674324,5.258556442260742,0.24408190973103047,0.03258851781487465,-0.9045668220520016,-0.009255755469203014
FlexTok,n04133789,32,0.23611532926559448,5.383463706970215,0.2321587884426117,0.25198463335633275,4.403389759063721,0.21262299299240112,0.01586930409073828,-0.9800739479064937,-0.019535795450210586
FlexTok,n04133789,64,0.16845948219299317,4.373813457489014,0.19394752770662307,0.17331073179841042,3.4997628974914545,0.17472433157265185,0.004851249605417246,-0.8740505599975594,-0.01922319613397122
FlexTok,n04133789,96,0.11621931880712509,3.283685493469238,0.1453220382332802,0.12274459525942805,2.7243326759338378,0.12996142864227295,0.0065252764523029555,-0.5593528175354003,-0.01536060959100724
FlexTok,n04133789,128,0.07293274313211441,2.29941312789917,0.09654799252748492,0.07498497322201729,1.8521429061889645,0.08678751930594444,0.002052230089902879,-0.44727022171020536,-0.009760473221540472
FlexTok,n04133789,160,0.051159639358520505,1.7416319656372068,0.06885328710079193,0.05176395118236542,1.4837921714782716,0.06342262431979179,0.0006043118238449122,-0.2578397941589352,-0.005430662781000142
FlexTok,n04133789,208,0.026036311089992513,1.0323754501342775,0.03545124828815461,0.03203410401940346,1.0266962242126458,0.03285225450992584,0.005997792929410946,-0.005679225921631614,-0.002598993778228767
FlexTok,n04133789,256,0.0,0.0,0.0,0.0,0.0,0.0,0.0,0.0,0.0
FlexTok,n04141076,8,0.3136424431204796,5.6651958656311034,0.2864895672351122,0.3463523285090923,4.897150001525879,0.24090410698205234,0.03270988538861269,-0.7680458641052246,-0.04558546025305987
FlexTok,n04141076,16,0.28074172943830494,5.521427392959595,0.2825109074264765,0.3069750122725964,4.600741739273071,0.22657357458025218,0.026233282834291438,-0.9206856536865233,-0.05593733284622432
FlexTok,n04141076,32,0.22898759812116623,4.812504110336303,0.24332404494285584,0.24283630594611172,3.9630701541900635,0.1933836308121681,0.013848707824945489,-0.8494339561462398,-0.04994041413068773
FlexTok,n04141076,64,0.16879334956407546,4.026095390319824,0.20502471745014195,0.17027339592576027,3.301534948348999,0.1639684224873781,0.0014800463616848059,-0.7245604419708251,-0.041056294962763834
FlexTok,n04141076,96,0.1173151808977127,3.0669162940979002,0.1511362382769585,0.12157607391476631,2.6020200729370115,0.12402999863028526,0.00426089301705361,-0.4648962211608887,-0.027106239646673233
FlexTok,n04141076,128,0.0758430826663971,2.1485471725463863,0.10464266538619996,0.07540528818964959,1.7936664772033695,0.08730000644922256,-0.0004377944767475078,-0.3548806953430168,-0.017342658936977395
FlexTok,n04141076,160,0.052145276069641124,1.5829820251464846,0.07655344784259797,0.05440155938267708,1.359287281036377,0.06345833748579026,0.002256283313035956,-0.2236947441101076,-0.013095110356807715
FlexTok,n04141076,208,0.02640261739492417,0.8874147033691405,0.03752908468246461,0.03085838124155998,0.9381364631652835,0.03311328381299973,0.0044557638466358115,0.05072175979614302,-0.0044158008694648795
FlexTok,n04141076,256,0.0,0.0,0.0,0.0,0.0,0.0,0.0,0.0,0.0
FlexTok,n04146614,8,0.28695305764675144,5.531898365020752,0.26244291618466375,0.36567954242229467,6.042757234573364,0.29721716761589057,0.07872648477554323,0.510858869552612,0.03477425143122681
FlexTok,n04146614,16,0.2613838720321655,5.344129772186279,0.2528424118459225,0.3253153306245804,5.827365026473999,0.2977489140629769,0.06393145859241489,0.4832352542877203,0.04490650221705439
FlexTok,n04146614,32,0.2018488484621048,4.690374279022217,0.22457200631499294,0.2682009685039521,5.236016292572021,0.27213909611105924,0.06635212004184729,0.5456420135498039,0.0475670897960663
FlexTok,n04146614,64,0.14079476594924928,3.8040587425231935,0.18722002625465392,0.1900310969352722,4.399687881469727,0.2264428296685219,0.049236330986022925,0.5956291389465331,0.03922280341386797
FlexTok,n04146614,96,0.09872105509042742,2.8089498329162605,0.1371508374810219,0.13074662357568742,3.296611633300781,0.1616874361038208,0.03202556848526,0.48766180038452056,0.024536598622798916
FlexTok,n04146614,128,0.06301482975482942,1.897533645629883,0.09155431032180789,0.07955255493521692,2.3184441947937007,0.10399561226367952,0.0165377251803875,0.42091054916381765,0.012441301941871638
FlexTok,n04146614,160,0.04417817533016205,1.4225709152221686,0.06373646140098572,0.05934426426887513,1.8127329254150388,0.07566528677940369,0.01516608893871308,0.3901620101928702,0.011928825378417968
FlexTok,n04146614,208,0.021256973743438722,0.8347141456604008,0.0325175964832306,0.030159718990325938,1.1104310989379882,0.03873679220676422,0.008902745246887216,0.2757169532775874,0.006219195723533626
FlexTok,n04146614,256,0.0,0.0,0.0,0.0,0.0,0.0,0.0,0.0,0.0
FlexTok,n04147183,8,0.28488127261400226,6.487188148498535,0.2715625214576721,0.29801510840654377,5.793544540405273,0.247756718993187,0.013133835792541515,-0.6936436080932618,-0.023805802464485132
FlexTok,n04147183,16,0.2558170861005783,6.129723949432373,0.26397983223199845,0.27146275490522387,5.660923614501953,0.2487437579035759,0.015645668804645574,-0.46880033493042017,-0.015236074328422555
FlexTok,n04147183,32,0.20882355123758317,5.515574798583985,0.2400926753878594,0.21441934764385223,4.929303073883057,0.2185583284497261,0.00559579640626906,-0.5862717247009277,-0.021534346938133275
FlexTok,n04147183,64,0.1505260020494461,4.587040805816651,0.2011439579725266,0.14350277721881866,4.0435413551330575,0.18034539520740508,-0.00702322483062745,-0.5434994506835933,-0.020798562765121514
FlexTok,n04147183,96,0.09931015253067019,3.303541202545166,0.14225576609373095,0.10078217834234238,3.0771040344238285,0.13329491287469863,0.0014720258116721896,-0.22643716812133752,-0.008960853219032311
FlexTok,n04147183,128,0.06006803393363953,2.160299339294434,0.09187640607357025,0.060587904453277594,1.9718197631835943,0.08453207731246948,0.0005198705196380674,-0.18847957611083976,-0.007344328761100777
FlexTok,n04147183,160,0.04277596041560174,1.5632569313049318,0.06361734628677368,0.0437265655398369,1.5288070678710943,0.0612981790304184,0.0009506051242351571,-0.03444986343383749,-0.002319167256355281
FlexTok,n04147183,208,0.023123388737440114,1.0205567741394044,0.03104705274105072,0.023515371680259703,0.8949970245361336,0.03011631965637207,0.0003919829428195888,-0.12555974960327076,-0.0009307330846786491
FlexTok,n04147183,256,0.0,0.0,0.0,0.0,0.0,0.0,0.0,0.0,0.0
FlexTok,n04192698,8,0.3163825772702694,6.152402763366699,0.27143456526100634,0.33273193672299384,5.4003400707244875,0.25482474625110624,0.01634935945272442,-0.7520626926422116,-0.016609819009900106
FlexTok,n04192698,16,0.2855536459386349,5.833547973632813,0.25777423739433286,0.29882543161511427,5.294127893447876,0.24029020577669147,0.013271785676479353,-0.5394200801849367,-0.017484031617641393
FlexTok,n04192698,32,0.23812369987368584,5.306908359527588,0.2318720266222954,0.23782003596425055,4.718415327072144,0.20942122668027877,-0.00030366390943528665,-0.5884930324554443,-0.022450799942016625
FlexTok,n04192698,64,0.15568068519234657,4.121592330932617,0.18866500213742257,0.1629733078181744,3.902616949081421,0.17868500649929048,0.007292622625827833,-0.21897538185119592,-0.009979995638132094
FlexTok,n04192698,96,0.10932606771588325,3.0578746223449706,0.13869400054216385,0.11634871140122416,3.030667572021484,0.13707134246826172,0.007022643685340904,-0.02720705032348647,-0.0016226580739021335
FlexTok,n04192698,128,0.0647731350362301,1.9943296241760253,0.0927469253540039,0.07397435560822488,2.0173181533813476,0.08895071417093277,0.009201220571994781,0.02298852920532224,-0.0037962111830711354
FlexTok,n04192698,160,0.04598011150956155,1.5513748550415036,0.06657727032899857,0.05292164549231531,1.5528254508972168,0.06450526863336563,0.00694153398275376,0.001450595855713166,-0.002072001695632944
FlexTok,n04192698,208,0.02524828806519509,0.8846825599670409,0.03320518434047699,0.028756183087825783,0.9508037757873541,0.03143117874860764,0.003507895022630693,0.06612121582031316,-0.0017740055918693542
FlexTok,n04192698,256,0.0,0.0,0.0,0.0,0.0,0.0,0.0,0.0,0.0
FlexTok,n04254680,8,0.33677543193101883,7.283150091171264,0.27764869093894956,0.35962439328432083,7.303929786682129,0.3081142593920231,0.022848961353302,0.020779695510865004,0.03046556845307352
FlexTok,n04254680,16,0.3074524387717247,7.021529579162598,0.26802369318902497,0.3234972909092903,7.275662136077881,0.29868869811296467,0.016044852137565624,0.254132556915283,0.030665004923939698
FlexTok,n04254680,32,0.25152374655008314,6.268553829193115,0.24194850027561188,0.2666668027639389,6.627140235900879,0.26043808192014695,0.015143056213855755,0.3585864067077642,0.01848958164453507
FlexTok,n04254680,64,0.17753473967313765,5.45957052230835,0.20342401929199697,0.19294817715883258,5.689973611831665,0.21725822731852534,0.01541343748569493,0.2304030895233149,0.013834208026528377
FlexTok,n04254680,96,0.12074021697044372,4.092112884521485,0.14816493391990662,0.1335055747628212,4.285327186584473,0.15753690600395204,0.012765357792377488,0.19321430206298817,0.009371972084045416
FlexTok,n04254680,128,0.07362875431776046,2.7950930786132817,0.09817896112799644,0.08063363000750544,2.9303353118896482,0.1031319472193718,0.007004875689744977,0.13524223327636653,0.004952986091375358
FlexTok,n04254680,160,0.05178747937083243,2.1375544738769534,0.07235326662659645,0.05638213217258453,2.2364020156860356,0.072185917198658,0.0045946528017521,0.09884754180908217,-0.00016734942793845964
FlexTok,n04254680,208,0.02907889202237129,1.28014892578125,0.03676474615931511,0.028536966443061838,1.2532013320922857,0.03665576457977295,-0.0005419255793094532,-0.026947593688964266,-0.00010898157954215837
FlexTok,n04254680,256,0.0,0.0,0.0,0.0,0.0,0.0,0.0,0.0,0.0
FlexTok,n04266014,8,0.2680178673937917,6.1566410160064695,0.2316607692092657,0.3868850055336953,5.22997974395752,0.2832273052632809,0.11886713813990363,-0.9266612720489498,0.05156653605401518
FlexTok,n04266014,16,0.24063719172030687,5.746892433166504,0.21542813561856747,0.3534370121359826,5.278620090484619,0.28147860571742056,0.11279982041567574,-0.46827234268188533,0.06605047009885309
FlexTok,n04266014,32,0.19001580212265254,4.97676944732666,0.1883791043609381,0.28969815224409107,4.7374286937713626,0.24103132039308547,0.09968235012143853,-0.2393407535552976,0.05265221603214737
FlexTok,n04266014,64,0.13645045842975378,4.118052883148193,0.15991985768079758,0.19654971927404405,3.9245862770080566,0.19844786390662195,0.060099260844290264,-0.19346660614013667,0.03852800622582436
FlexTok,n04266014,96,0.0962895591929555,3.104622936248779,0.11508964598178864,0.13812817305326464,3.043392601013183,0.15326454043388366,0.04183861386030914,-0.061230335235595845,0.038174894452095015
FlexTok,n04266014,128,0.06112590808421373,2.0051024055480955,0.0779987806081772,0.0921615317463875,2.03136697769165,0.1030378994345665,0.031035623662173766,0.0262645721435546,0.02503911882638929
FlexTok,n04266014,160,0.04365286950021982,1.4993130302429194,0.05292429476976396,0.06496506035327913,1.5608420372009277,0.07287692725658416,0.021312190853059312,0.061529006958008337,0.019952632486820207
FlexTok,n04266014,208,0.02304325629025697,0.7815836524963377,0.02678165078163148,0.03350732177495957,1.0356229591369626,0.03485077023506164,0.010464065484702599,0.2540393066406249,0.008069119453430161
FlexTok,n04266014,256,0.0,0.0,0.0,0.0,0.0,0.0,0.0,0.0,0.0
FlexTok,n04275548,8,0.27479349270462994,3.8820003890991215,0.20265056755393743,0.3414241737127304,4.300761861801147,0.25454476088285444,0.06663068100810049,0.4187614727020259,0.05189419332891701
FlexTok,n04275548,16,0.2456214727461338,3.9660820388793945,0.2045014697685838,0.2980885267257691,4.319478330612182,0.24207988601177935,0.052467053979635275,0.35339629173278775,0.03757841624319555
FlexTok,n04275548,32,0.20405805841088295,3.538880100250245,0.1882212807238102,0.2430567029118538,3.6937509632110594,0.21571650527417663,0.03899864450097085,0.15487086296081465,0.02749522455036643
FlexTok,n04275548,64,0.13920610442757606,2.8712075424194343,0.1664445586502552,0.1629349997639656,3.106261749267578,0.18848115533590318,0.023728895336389555,0.23505420684814382,0.022036596685647974
FlexTok,n04275548,96,0.10263406589627266,2.2461139869689943,0.13192215718328953,0.1222653043270111,2.5383448791503906,0.15105731695890426,0.01963123843073844,0.2922308921813963,0.019135159775614724
FlexTok,n04275548,128,0.06343924418091774,1.4617956924438482,0.09234007805585863,0.07790551900863647,1.7838924026489258,0.10675887033343315,0.014466274827718728,0.3220967102050776,0.014418792277574519
FlexTok,n04275548,160,0.04643719419836998,1.1178881835937502,0.06872852131724358,0.05526620298624039,1.3980083274841308,0.07730737999081612,0.008829008787870407,0.28012014389038065,0.00857885867357254
FlexTok,n04275548,208,0.02387357100844383,0.8227787208557131,0.040074776113033304,0.030202487260103227,0.860980567932129,0.04102710053324699,0.006328916251659399,0.03820184707641583,0.0009523244202136877
FlexTok,n04275548,256,0.0,0.0,0.0,0.0,0.0,0.0,0.0,0.0,0.0
FlexTok,n04310018,8,0.26822906494140625,4.756281623840332,0.22354076452553273,0.297667747437954,5.014334774017334,0.26908466890454297,0.02943868249654774,0.2580531501770018,0.045543904379010236
FlexTok,n04310018,16,0.24092970192432403,4.70346357345581,0.2179403417557478,0.274700053036213,5.02715277671814,0.26487416729331015,0.03377035111188895,0.32368920326232953,0.04693382553756234
FlexTok,n04310018,32,0.19773805260658264,4.128094882965088,0.19808858320116995,0.22086510688066482,4.345236034393311,0.23994469799101353,0.02312705427408218,0.21714115142822354,0.04185611478984358
FlexTok,n04310018,64,0.14305858314037323,3.4455512619018553,0.1730591854453087,0.15250525623559955,3.5422338867187504,0.19242845341563228,0.009446673095226316,0.09668262481689505,0.019369267970323567
FlexTok,n04310018,96,0.10191210091114045,2.5648648643493654,0.12898670807480814,0.11118291288614274,2.6807282066345213,0.14489499047398569,0.009270811975002291,0.11586334228515582,0.015908282399177548
FlexTok,n04310018,128,0.06349243193864823,1.6430321311950684,0.08843044757843017,0.07173864454030991,1.8071354484558109,0.09734229117631914,0.008246212601661682,0.16410331726074245,0.008911843597888963
FlexTok,n04310018,160,0.049123310148715967,1.2410627937316894,0.061876121163368235,0.0500258257985115,1.3778173446655275,0.07003494977951051,0.0009025156497955364,0.13675455093383815,0.008158828616142276
FlexTok,n04310018,208,0.027385806739330287,0.7352718162536618,0.030845228433609012,0.027799227535724644,0.8088081359863284,0.0344053852558136,0.00041342079639435786,0.07353631973266661,0.003560156822204591
FlexTok,n04310018,256,0.0,0.0,0.0,0.0,0.0,0.0,0.0,0.0,0.0
FlexTok,n04325704,8,0.34992405071854593,5.429255218505859,0.2194175024330616,0.358818734139204,6.263018112182618,0.2717424963414669,0.008894683420658078,0.8337628936767585,0.05232499390840531
FlexTok,n04325704,16,0.30762476637959485,5.11290397644043,0.21021067030727866,0.3280885790288449,6.072416114807129,0.26849993094801905,0.020463812649250068,0.9595121383666987,0.05828926064074039
FlexTok,n04325704,32,0.2345104731619358,4.166746253967286,0.18603496126830577,0.27253705576062204,5.492458057403565,0.23604583352804184,0.03802658259868624,1.3257118034362785,0.05001087225973608
FlexTok,n04325704,64,0.14763464078307154,3.1664775657653808,0.15197408199310303,0.18911978617310526,4.749877300262451,0.1963695079088211,0.04148514539003373,1.5833997344970703,0.04439542591571807
FlexTok,n04325704,96,0.09396769270300867,2.2241725921630864,0.11138699531555178,0.13356106132268908,3.5826884078979493,0.15014532566070557,0.03959336861968041,1.358515815734863,0.03875833034515379
FlexTok,n04325704,128,0.05955701455473901,1.5292741012573245,0.07834201954305173,0.0861283877491951,2.561994171142578,0.1006068480014801,0.026571373194456085,1.0327200698852537,0.02226482845842838
FlexTok,n04325704,160,0.03950376942753793,1.1339837646484379,0.05633351758122445,0.05869014963507652,1.9516141128540039,0.07278698921203614,0.019186380207538593,0.817630348205566,0.016453471630811685
FlexTok,n04325704,208,0.0262458547949791,0.8161237716674806,0.031148175448179244,0.033616062253713615,1.3119887924194336,0.04151896774768829,0.007370207458734516,0.49586502075195293,0.010370792299509046
FlexTok,n04325704,256,0.0,0.0,0.0,0.0,0.0,0.0,0.0,0.0,0.0
FlexTok,n04347754,8,0.2677327120304108,5.052583408355713,0.2083703435957432,0.350568458288908,6.047812900543213,0.24232842043042183,0.08283574625849716,0.9952294921874998,0.033958076834678635
FlexTok,n04347754,16,0.2387816095352173,4.934665832519531,0.2087942735850811,0.3097238038480282,5.709653854370117,0.2354087930545211,0.07094219431281093,0.7749880218505858,0.02661451946943999
FlexTok,n04347754,32,0.1869460591673851,4.177851219177246,0.18572803974151614,0.24728711709380152,4.863064479827881,0.19872368209064006,0.06034105792641642,0.6852132606506354,0.012995642349123926
FlexTok,n04347754,64,0.12759655892848967,3.3507705688476563,0.1586107112467289,0.16726858004927636,3.847447967529297,0.16108314529061318,0.03967202112078669,0.4966773986816406,0.0024724340438842807
FlexTok,n04347754,96,0.08892409324645997,2.456595096588135,0.11767420053482057,0.12087497726082803,2.934717102050781,0.12036747790873051,0.03195088401436806,0.47812200546264627,0.0026932773739099386
FlexTok,n04347754,128,0.05903302937746049,1.6126083946228027,0.0826972967386246,0.07497815415263177,1.9680474662780765,0.07784344889223577,0.015945124775171286,0.3554390716552738,-0.0048538478463888285
FlexTok,n04347754,160,0.041081183850765236,1.2936631393432618,0.06034827023744583,0.05352201983332635,1.530210952758789,0.05609928071498871,0.012440835982561113,0.23654781341552722,-0.004248989522457121
FlexTok,n04347754,208,0.019112751185894016,0.7545553970336915,0.026769712269306183,0.0284451112151146,0.872050609588623,0.02872906044125557,0.009332360029220582,0.11749521255493156,0.0019593481719493884
FlexTok,n04347754,256,0.0,0.0,0.0,0.0,0.0,0.0,0.0,0.0,0.0
FlexTok,n04389033,8,0.2715565341711045,5.3798941802978515,0.2537009309232235,0.31353497415781023,5.2552907752990725,0.26859368257224564,0.04197843998670575,-0.12460340499877898,0.014892751649022151
FlexTok,n04389033,16,0.23651242852211002,5.098376693725586,0.24474653929471973,0.2802485182881356,5.008523788452148,0.2534730373322964,0.043736089766025554,-0.08985290527343803,0.008726498037576691
FlexTok,n04389033,32,0.19843224108219146,4.52879373550415,0.22542208194732666,0.22604678004980086,4.247637557983398,0.22143504887819293,0.027614538967609403,-0.28115617752075206,-0.0039870330691337275
FlexTok,n04389033,64,0.13923702955245973,3.77697603225708,0.18977369621396065,0.1483093938231468,3.464394826889038,0.18451475471258164,0.009072364270687083,-0.3125812053680419,-0.005258941501379011
FlexTok,n04389033,96,0.10516503870487214,2.899952697753906,0.14597014337778091,0.10558335691690444,2.746698455810547,0.139600764811039,0.00041831821203230923,-0.15325424194335913,-0.006369378566741912
FlexTok,n04389033,128,0.06953162670135499,1.9525858688354498,0.10011862248182299,0.06563583910465241,1.7795031929016114,0.09173792332410813,-0.003895787596702574,-0.17308267593383841,-0.00838069915771486
FlexTok,n04389033,160,0.0485666310787201,1.486297607421875,0.07165249019861224,0.047448820769786834,1.3968321418762206,0.06804307699203492,-0.0011178103089332647,-0.08946546554565438,-0.0036094132065773166
FlexTok,n04389033,208,0.025549523830413826,0.9521428108215335,0.03384447604417802,0.028039185702800756,0.9160630416870117,0.03442951500415802,0.0024896618723869307,-0.03607976913452182,0.0005850389599800013
FlexTok,n04389033,256,0.0,0.0,0.0,0.0,0.0,0.0,0.0,0.0,0.0
FlexTok,n04409515,8,0.3339895685389638,7.263331203460694,0.25063167542219167,0.38063625223934655,7.321374416351318,0.28248499885201456,0.046646683700382774,0.05804321289062475,0.03185332342982289
FlexTok,n04409515,16,0.27992761556059126,6.722222957611084,0.23205277860164641,0.33961058862507343,7.062998542785644,0.2555880181491375,0.05968297306448217,0.3407755851745602,0.023535239547491094
FlexTok,n04409515,32,0.2156941119208932,5.611701316833496,0.20134492471814155,0.2648391116410494,6.248392238616943,0.22527189627289773,0.04914499972015621,0.6366909217834467,0.023926971554756177
FlexTok,n04409515,64,0.13918758656829597,4.4977867126464846,0.16209941774606704,0.17999235548079018,5.205029716491699,0.17810281097888947,0.04080476891249421,0.7072430038452149,0.016003393232822433
FlexTok,n04409515,96,0.09469052951782941,3.5478152656555175,0.12220897391438484,0.1270206650346518,4.04141279220581,0.13129426538944247,0.03233013551682237,0.4935975265502921,0.009085291475057627
FlexTok,n04409515,128,0.05364220920950175,2.175917930603028,0.07293203085660935,0.07802644841372967,2.783671703338623,0.08774834722280503,0.02438423920422792,0.6077537727355948,0.014816316366195681
FlexTok,n04409515,160,0.0383088729158044,1.676909008026123,0.051962683200836184,0.05395981691777707,2.1000421905517577,0.06102753579616547,0.015650944001972672,0.4231331825256346,0.009064852595329284
FlexTok,n04409515,208,0.02204028375446797,1.1894710922241214,0.02988931506872177,0.027663589417934432,1.3761118888854975,0.03147293865680695,0.005623305663466461,0.18664079666137612,0.001583623588085177
FlexTok,n04409515,256,0.0,0.0,0.0,0.0,0.0,0.0,0.0,0.0,0.0
FlexTok,n04465501,8,0.2742008948326111,4.742568683624268,0.21335658408701424,0.3274693492054939,5.412895803451538,0.24607572589069604,0.0532684543728828,0.6703271198272702,0.032719141803681795
FlexTok,n04465501,16,0.23230159819126128,4.529091453552246,0.20895719155669212,0.2995190963149071,5.151065149307251,0.2429694925248623,0.0672174981236458,0.6219736957550053,0.03401230096817018
FlexTok,n04465501,32,0.1818402576446533,3.970784950256347,0.19225657790899275,0.23794062346220016,4.639418830871582,0.21951693683862686,0.05610036581754685,0.6686338806152352,0.027260358929634104
FlexTok,n04465501,64,0.12571271121501923,3.250221824645996,0.16518594413995744,0.16856172144412995,3.828127775192261,0.18610328286886216,0.04284901022911072,0.5779059505462647,0.020917338728904722
FlexTok,n04465501,96,0.09711800724267959,2.4874080085754393,0.13021358489990237,0.12279317766427994,2.8880710792541504,0.14071372851729394,0.02567517042160035,0.4006630706787111,0.010500143617391572
FlexTok,n04465501,128,0.06226910322904588,1.6348360061645506,0.09072611063718795,0.0795379763841629,1.9778615760803222,0.09674857497215271,0.017268873155117027,0.3430255699157716,0.0060224643349647555
FlexTok,n04465501,160,0.04369883686304092,1.2469456100463867,0.06615011185407639,0.058568532764911654,1.5325393104553222,0.07044094413518906,0.014869695901870733,0.2855937004089355,0.004290832281112669
FlexTok,n04465501,208,0.02239659249782562,0.7001724433898925,0.03054382115602493,0.029597191512584685,0.8758442306518552,0.033665746450424194,0.007200599014759064,0.17567178726196275,0.003121925294399263
FlexTok,n04465501,256,0.0,0.0,0.0,0.0,0.0,0.0,0.0,0.0,0.0
FlexTok,n04487394,8,0.3047469082474709,5.852436294555664,0.2914003805816174,0.3723390904814005,5.233932027816772,0.27882115319371226,0.0675921822339296,-0.618504266738892,-0.012579227387905123
FlexTok,n04487394,16,0.2761826553940773,5.548538856506347,0.28123114019632345,0.3431921873241663,5.325732250213623,0.27571814648807047,0.06700953193008896,-0.22280660629272475,-0.005512993708252978
FlexTok,n04487394,32,0.2260992208123207,4.910157623291016,0.254085950627923,0.27479667462408547,4.671564359664917,0.2405904845893383,0.04869745381176477,-0.23859326362609945,-0.013495466038584703
FlexTok,n04487394,64,0.16028866320848464,4.109007663726807,0.21146429032087327,0.19538628824055196,3.929380493164063,0.19930513545870782,0.035097625032067314,-0.1796271705627439,-0.012159154862165455
FlexTok,n04487394,96,0.11491674512624743,3.243501834869385,0.16227983191609383,0.1358623889833689,3.014166851043701,0.14763441890478135,0.020945643857121457,-0.22933498382568374,-0.014645413011312475
FlexTok,n04487394,128,0.0738047930598259,2.1662821197509765,0.10883347749710083,0.08913008637726307,2.073835773468018,0.09924300491809845,0.015325293317437164,-0.09244634628295856,-0.009590472579002376
FlexTok,n04487394,160,0.05061074525117874,1.6666131210327149,0.07618071883916856,0.06337792821228505,1.597003269195557,0.0707261136174202,0.012767182961106308,-0.06960985183715795,-0.005454605221748357
FlexTok,n04487394,208,0.02439006298780441,1.025562152862549,0.04163694232702256,0.033897653296589864,1.1099136924743653,0.03687502980232239,0.009507590308785452,0.0843515396118164,-0.004761912524700165
FlexTok,n04487394,256,0.0,0.0,0.0,0.0,0.0,0.0,0.0,0.0,0.0
FlexTok,n04522168,8,0.31911010786890986,6.341844043731689,0.24437009826302528,0.324128031283617,4.554805202484131,0.2001651993393898,0.005017923414707137,-1.7870388412475586,-0.044204898923635466
FlexTok,n04522168,16,0.28378931567072874,6.004856071472168,0.230399282425642,0.2911409951746464,4.645020399093628,0.1960334039479494,0.007351679503917685,-1.3598356723785399,-0.034365878477692596
FlexTok,n04522168,32,0.22104089394211768,5.020369338989258,0.20478425174951553,0.2251463846862316,3.8312012481689455,0.17080834358930588,0.0041054907441139266,-1.1891680908203122,-0.03397590816020965
FlexTok,n04522168,64,0.14920799061656,4.161039657592773,0.1688269203901291,0.14407908394932747,3.0940883445739744,0.14442954912781716,-0.005128906667232536,-1.0669513130187984,-0.024397371262311923
FlexTok,n04522168,96,0.10602183684706688,3.2051890182495115,0.12548230797052384,0.10664267137646675,2.4259607124328615,0.112804144769907,0.0006208345293998718,-0.77922830581665,-0.012678163200616849
FlexTok,n04522168,128,0.06694580361247064,2.167906665802002,0.08515571236610414,0.07041327700018883,1.6976000976562502,0.07974321290850639,0.0034674733877181896,-0.47030656814575167,-0.0054124994575977525
FlexTok,n04522168,160,0.0473355893790722,1.6750817489624024,0.06224020898342133,0.04895628765225411,1.371765518188477,0.05742712497711182,0.0016206982731819114,-0.30331623077392544,-0.004813084006309511
FlexTok,n04522168,208,0.025285399407148357,1.0966313743591305,0.03279358208179474,0.029322236478328705,1.1346782112121583,0.03287333339452743,0.004036837071180348,0.03804683685302779,7.975131273268987e-05
FlexTok,n04522168,256,0.0,0.0,0.0,0.0,0.0,0.0,0.0,0.0,0.0
FlexTok,n04536866,8,0.34077944681048394,6.23886079788208,0.2991024624556303,0.3605631567537785,5.074617881774902,0.2523120953142643,0.019783709943294536,-1.1642429161071783,-0.04679036714136603
FlexTok,n04536866,16,0.31696051523089414,6.1827661895751955,0.2969432030618191,0.31815911725163465,4.863023891448974,0.2380973380804062,0.0011986020207405135,-1.3197422981262212,-0.05884586498141289
FlexTok,n04536866,32,0.2685092543065548,5.451280689239502,0.27283101767301565,0.24597862139344218,4.145231037139893,0.20444950476288795,-0.022530632913112636,-1.3060496520996088,-0.0683815129101277
FlexTok,n04536866,64,0.19819956317543982,4.5039339447021485,0.23217028692364697,0.17239079609513283,3.350760307312011,0.16874637544155122,-0.025808767080306994,-1.1531736373901373,-0.06342391148209575
FlexTok,n04536866,96,0.14198325887322427,3.5305774879455574,0.1757223317027092,0.12375544711947441,2.695352039337158,0.12832903653383257,-0.018227811753749865,-0.8352254486083992,-0.04739329516887664
FlexTok,n04536866,128,0.09249420985579493,2.4171583938598635,0.11452985644340517,0.0765788696706295,1.8151360511779782,0.08487702995538711,-0.015915340185165425,-0.6020223426818854,-0.029652826488018064
FlexTok,n04536866,160,0.0645079629123211,1.8236497879028324,0.08083780258893969,0.052883860915899285,1.4030351257324218,0.062268484532833096,-0.011624101996421811,-0.42061466217041055,-0.018569318056106593
FlexTok,n04536866,208,0.03263745427131653,1.098828754425049,0.04425112873315812,0.03058703020215035,1.0550499343872068,0.03483927965164185,-0.0020504240691661783,-0.04377882003784217,-0.009411849081516266
FlexTok,n04536866,256,0.0,0.0,0.0,0.0,0.0,0.0,0.0,0.0,0.0
FlexTok,n04552348,8,0.2766635499894619,6.776247673034668,0.2060602828860283,0.3164151003956795,6.223487186431885,0.2482180500030518,0.039751550406217584,-0.5527604866027831,0.042157767117023515
FlexTok,n04552348,16,0.243578070551157,6.4842366600036625,0.1977369835972786,0.28841962546110156,6.17918773651123,0.2506077095866204,0.04484155490994457,-0.30504892349243207,0.05287072598934178
FlexTok,n04552348,32,0.19362297430634498,5.830093154907226,0.17459337413311005,0.22411057144403457,5.24911226272583,0.21225919932127,0.030487597137689587,-0.5809808921813966,0.037665825188159946
FlexTok,n04552348,64,0.12731299355626105,4.705040016174316,0.14181362390518187,0.14458782345056537,4.2759567070007325,0.17782256245613098,0.017274829894304317,-0.42908330917358395,0.03600893855094911
FlexTok,n04552348,96,0.09408402770757675,3.7634844779968266,0.10938380151987076,0.10244457095861435,3.2329353713989257,0.1309432080388069,0.008360543251037605,-0.5305491065979009,0.021559406518936147
FlexTok,n04552348,128,0.0590461041033268,2.4652498435974124,0.07208270907402038,0.06381724447011948,2.150398025512695,0.08516156017780303,0.00477114036679268,-0.3148518180847173,0.013078851103782652
FlexTok,n04552348,160,0.041501459032297135,1.918659591674805,0.051596793532371524,0.04532620459794999,1.654284210205078,0.0630325186252594,0.0038247455656528553,-0.26437538146972694,0.011435725092887872
FlexTok,n04552348,208,0.02069115862250328,0.9656091690063476,0.024787625670433043,0.024367657899856576,1.055760231018066,0.03189922332763672,0.0036764992773532963,0.09015106201171841,0.007111597657203678
FlexTok,n04552348,256,0.0,0.0,0.0,0.0,0.0,0.0,0.0,0.0,0.0
FlexTok,n04591713,8,0.33233287900686265,6.827169532775879,0.30291786536574367,0.3607124753296375,6.298289241790772,0.26475505573675034,0.02837959632277487,-0.5288802909851071,-0.03816280962899332
FlexTok,n04591713,16,0.2995958185195923,6.5527890682220455,0.2919164625555277,0.32032076492905615,6.289654817581177,0.25877194225788114,0.020724946409463818,-0.2631342506408689,-0.033144520297646585
FlexTok,n04591713,32,0.2433293017745018,5.615537090301514,0.2590578828006983,0.24917645141482353,5.456462240219116,0.22706536507233976,0.005847149640321736,-0.15907485008239775,-0.03199251772835854
FlexTok,n04591713,64,0.16429268673062325,4.58627311706543,0.20547407373785975,0.178116262704134,4.23008279800415,0.17762552917003632,0.013823575973510749,-0.3561903190612794,-0.02784854456782343
FlexTok,n04591713,96,0.11527954638004304,3.420628089904785,0.1502539548277855,0.12336526229977608,3.17161527633667,0.13046436309814452,0.008085715919733047,-0.2490128135681151,-0.019789591729640982
FlexTok,n04591713,128,0.06929119467735291,2.2519209861755374,0.09944871023297312,0.07759031370282173,2.1297459411621094,0.08600135520100594,0.008299119025468815,-0.12217504501342802,-0.013447355031967187
FlexTok,n04591713,160,0.05045038774609566,1.6910248374938968,0.07064630076289177,0.0554208916425705,1.6030134010314938,0.06316505506634712,0.00497050389647484,-0.08801143646240295,-0.007481245696544653
FlexTok,n04591713,208,0.02766694486141205,1.0438199043273924,0.0376996248960495,0.029140855967998494,1.0099167251586914,0.03394717246294022,0.0014739111065864424,-0.033903179168701,-0.003752452433109281
FlexTok,n04591713,256,0.0,0.0,0.0,0.0,0.0,0.0,0.0,0.0,0.0
FlexTok,n07614500,8,0.3352954837679863,6.909366397857666,0.28719750523567206,0.37752789914608004,5.90671217918396,0.27347801893949514,0.042232415378093746,-1.0026542186737064,-0.01371948629617692
FlexTok,n07614500,16,0.30094855099916457,6.527928609848022,0.269401186183095,0.33840089589357375,5.642827405929565,0.2654684688895941,0.037452344894409184,-0.8851012039184569,-0.00393271729350092
FlexTok,n07614500,32,0.24021684557199477,5.660524215698242,0.23795204937458042,0.2683929005265236,4.9932796669006345,0.2343612662702799,0.028176054954528823,-0.6672445487976075,-0.0035907831043005267
FlexTok,n07614500,64,0.1676148572564125,4.55600118637085,0.1978469456732273,0.17672910004854203,4.047350902557373,0.19608249470591546,0.009114242792129523,-0.508650283813477,-0.0017644509673118425
FlexTok,n07614500,96,0.116411152780056,3.3430623245239257,0.14793583899736404,0.12128494143486025,3.0006595993041993,0.14467077791690827,0.004873788654804256,-0.34240272521972637,-0.0032650610804557667
FlexTok,n07614500,128,0.0763370305299759,2.35294584274292,0.10084319621324539,0.08166420370340348,2.133823776245117,0.10164980679750442,0.005327173173427582,-0.21912206649780286,0.0008066105842590293
FlexTok,n07614500,160,0.05573189347982407,1.8411671447753906,0.07492191046476365,0.057151422947645185,1.6723747634887698,0.07271283835172654,0.0014195294678211179,-0.16879238128662077,-0.002209072113037114
FlexTok,n07614500,208,0.028165159821510306,1.1615182113647464,0.040240426063537595,0.03053965419530869,1.1464321517944334,0.03809880614280701,0.0023744943737983824,-0.01508605957031306,-0.0021416199207305864
FlexTok,n07614500,256,0.0,0.0,0.0,0.0,0.0,0.0,0.0,0.0,0.0
FlexTok,n07693725,8,0.34252799332141876,6.184934272766113,0.2514019231498242,0.361540884077549,5.1698932933807376,0.29193481244146824,0.01901289075613022,-1.0150409793853754,0.04053288929164406
FlexTok,n07693725,16,0.28840300619602205,5.72087760925293,0.23558702021837238,0.32944683223962784,5.224766750335693,0.2828434962779284,0.04104382604360579,-0.4961108589172367,0.04725647605955599
FlexTok,n07693725,32,0.22918362200260162,4.91342628479004,0.2102090109884739,0.26046516448259355,4.460617246627808,0.2503540881723165,0.03128154247999193,-0.45280903816223184,0.04014507718384264
FlexTok,n07693725,64,0.16442191064357758,3.883754825592041,0.17406086042523383,0.17407647460699083,3.648656759262085,0.2046874698996544,0.009654563963413243,-0.235098066329956,0.030626609474420557
FlexTok,n07693725,96,0.11240745395421982,2.747976837158203,0.12429359674453735,0.12147297084331514,2.8889975547790527,0.15342643402516842,0.00906551688909532,0.14102071762084956,0.02913283728063107
FlexTok,n07693725,128,0.06640990287065505,1.807449741363525,0.08508126348257067,0.08026161909103395,2.0239958953857426,0.10219675347208977,0.013851716220378896,0.21654615402221755,0.017115489989519103
FlexTok,n07693725,160,0.048861875534057624,1.3771062660217288,0.06228193640708924,0.05449206411838532,1.6137463188171386,0.07662838712334633,0.005630188584327699,0.23664005279540978,0.014346450716257085
FlexTok,n07693725,208,0.028219144642353068,0.9096999740600586,0.03389555811882019,0.02939123123884201,1.00723201751709,0.03956191062927246,0.0011720865964889408,0.09753204345703126,0.00566635251045227
FlexTok,n07693725,256,0.0,0.0,0.0,0.0,0.0,0.0,0.0,0.0,0.0
FlexTok,n07695742,8,0.3340178111195564,6.360519390106202,0.3059038204699755,0.35737753584980964,6.04630479812622,0.2789481903612614,0.023359724730253217,-0.31421459197998125,-0.0269556301087141
FlexTok,n07695742,16,0.30227093964815144,6.195446357727051,0.2947122059762478,0.31829502776265145,5.794131565093994,0.26699201956391333,0.016024088114500012,-0.40131479263305714,-0.02772018641233448
FlexTok,n07695742,32,0.24551970034837725,5.502001399993897,0.26739298313856125,0.25010716810822486,5.111173801422119,0.23517966009676455,0.004587467759847613,-0.39082759857177773,-0.03221332304179669
FlexTok,n07695742,64,0.1715339919924736,4.47617660522461,0.22190167471766473,0.1741186834871769,4.284819660186767,0.19466606453061103,0.002584691494703306,-0.1913569450378425,-0.0272356101870537
FlexTok,n07695742,96,0.12311015814542772,3.38877986907959,0.1695941399037838,0.11906301155686379,3.2202834129333495,0.1427648311853409,-0.004047146588563935,-0.16849645614624054,-0.026829308718442912
FlexTok,n07695742,128,0.077916659116745,2.2434892654418945,0.11318849042057991,0.07390622541308403,2.1649107360839843,0.09663696587085724,-0.0040104337036609705,-0.07857852935791021,-0.016551524549722668
FlexTok,n07695742,160,0.05446968585252763,1.6948265838623047,0.08088861078023911,0.05067984208464622,1.6206898880004883,0.07021241039037705,-0.0037898437678814054,-0.07413669586181637,-0.010676200389862056
FlexTok,n07695742,208,0.028536275923252113,1.0258140563964842,0.0415127483010292,0.026440160572528834,1.0283432960510255,0.037605597674846655,-0.0020961153507232794,0.0025292396545413265,-0.0039071506261825414
FlexTok,n07695742,256,0.0,0.0,0.0,0.0,0.0,0.0,0.0,0.0,0.0
FlexTok,n07697313,8,0.31994435429573065,6.438150405883789,0.27778647944331175,0.3606395761668682,5.643247470855713,0.2621271805465222,0.040695221871137555,-0.7949029350280759,-0.015659298896789575
FlexTok,n07697313,16,0.2882048207521439,6.291166534423828,0.26978223338723184,0.3297683311998844,5.636805648803711,0.25709397308528426,0.04156351044774054,-0.6543608856201173,-0.012688260301947585
FlexTok,n07697313,32,0.23940408766269689,5.355684356689453,0.24208374619483947,0.2663433809578419,5.014481248855591,0.2313846201449633,0.026939293295144995,-0.341203107833862,-0.010699126049876162
FlexTok,n07697313,64,0.17081574141979217,4.398732776641846,0.20459322333335878,0.18461900547146798,4.086502437591553,0.1898155249655247,0.013803264051675812,-0.3122303390502932,-0.014777698367834075
FlexTok,n07697313,96,0.12150034248828888,3.375517749786377,0.15420650720596316,0.12485308811068536,2.9647961235046387,0.13946837633848191,0.0033527456223964858,-0.41072162628173814,-0.014738130867481242
FlexTok,n07697313,128,0.07827827006578446,2.3046738624572756,0.10208966761827469,0.0778247506916523,1.9308934211730955,0.09263157427310946,-0.00045351937413215526,-0.3737804412841801,-0.00945809334516523
FlexTok,n07697313,160,0.05682983905076981,1.8174700927734373,0.07629928648471833,0.05428581178188325,1.4105597496032711,0.06728732019662859,-0.002544027268886563,-0.40691034317016617,-0.009011966288089743
FlexTok,n07697313,208,0.030735702514648442,1.1314455032348631,0.040772185325622566,0.030720984339714055,0.9061831283569336,0.03690814673900604,-1.471817493438679e-05,-0.22526237487792955,-0.0038640385866165264
FlexTok,n07697313,256,0.0,0.0,0.0,0.0,0.0,0.0,0.0,0.0,0.0
FlexTok,n07697537,8,0.3378496968746185,6.7414766120910645,0.28947335794568063,0.39688132241368296,7.048896102905274,0.30816836416721344,0.059031625539064436,0.30741949081420916,0.018695006221532806
FlexTok,n07697537,16,0.3063974535465241,6.4772573089599605,0.2819818708300591,0.35346882715821265,6.907799606323242,0.30293709188699725,0.04707137361168856,0.43054229736328153,0.020955221056938145
FlexTok,n07697537,32,0.25448094129562376,5.5594525718688965,0.2531279577314854,0.2813518418371677,6.152837448120117,0.26427357017993924,0.02687090054154395,0.5933848762512204,0.011145612448453857
FlexTok,n07697537,64,0.18810656368732454,4.66627628326416,0.21732693821191787,0.19329804047942162,5.125342960357666,0.2186667650938034,0.005191476792097083,0.4590666770935057,0.0013398268818855252
FlexTok,n07697537,96,0.13399624824523926,3.4343165588378906,0.16436953872442245,0.1355027537047863,3.837073383331299,0.1567581608891487,0.0015065054595470306,0.4027568244934083,-0.0076113778352737416
FlexTok,n07697537,128,0.08394179493188858,2.301412353515625,0.11094754785299302,0.07753106400370598,2.565052700042725,0.10189327418804169,-0.006410730928182604,0.2636403465271,-0.009054273664951332
FlexTok,n07697537,160,0.05805656224489212,1.7197930335998535,0.0803118735551834,0.05466312110424041,1.9411176109313966,0.07130134224891663,-0.0033934411406517095,0.2213245773315431,-0.009010531306266778
FlexTok,n07697537,208,0.03178327232599259,1.0361249732971194,0.040020834803581234,0.026790534555912023,1.1288952636718748,0.034670126438140866,-0.004992737770080566,0.09277029037475537,-0.005350708365440368
FlexTok,n07697537,256,0.0,0.0,0.0,0.0,0.0,0.0,0.0,0.0,0.0
FlexTok,n07714571,8,0.24719904974102974,4.6920709228515625,0.20573053643107414,0.3053236603736878,5.047220611572266,0.2261457023024559,0.05812461063265806,0.3551496887207035,0.020415165871381757
FlexTok,n07714571,16,0.21607727602124213,4.587233295440674,0.2016430477052927,0.27321006596088415,4.9239502716064445,0.22451700434088706,0.05713278993964202,0.33671697616577045,0.022873956635594356
FlexTok,n07714571,32,0.18409205809235574,4.087733688354493,0.18748737752437591,0.22316685885190965,4.360199871063233,0.20344873353838921,0.03907480075955391,0.27246618270874023,0.0159613560140133
FlexTok,n07714571,64,0.1317937509715557,3.335094566345215,0.16221335485577584,0.14885774284601214,3.4487004852294922,0.1689411073923111,0.017063991874456425,0.11360591888427729,0.006727752536535264
FlexTok,n07714571,96,0.09823940441012383,2.5704931831359863,0.12424407392740251,0.11139830976724624,2.6303668594360348,0.13396048069000246,0.013158905357122413,0.05987367630004847,0.009716406762599952
FlexTok,n07714571,128,0.06733260050415993,1.739065647125244,0.08953701838850975,0.07016968056559564,1.889865741729736,0.09401901245117188,0.0028370800614357095,0.15080009460449206,0.0044819940626621285
FlexTok,n07714571,160,0.04862553507089614,1.2938475036621093,0.06412323102355004,0.04810040906071663,1.4636625099182128,0.06891814738512039,-0.0005251260101795108,0.16981500625610346,0.004794916361570353
FlexTok,n07714571,208,0.025540172606706612,0.7955359268188475,0.029625580608844758,0.024122240543365484,1.0091530799865722,0.034036112725734716,-0.0014179320633411277,0.21361715316772467,0.004410532116889958
FlexTok,n07714571,256,0.0,0.0,0.0,0.0,0.0,0.0,0.0,0.0,0.0
FlexTok,n07714990,8,0.293298816382885,5.102400569915772,0.21499237179756164,0.3810575704276562,6.225943555831909,0.2772674482408911,0.08775875404477118,1.1235429859161377,0.06227507644332947
FlexTok,n07714990,16,0.26451784282922747,4.914491214752197,0.20402189157903194,0.3471497277915478,6.205892028808594,0.27236913933884355,0.08263188496232032,1.2914008140563968,0.0683472477598116
FlexTok,n07714990,32,0.20403552323579788,4.14245985031128,0.18220525823533534,0.2682927231490612,5.351469783782959,0.23670777030289172,0.06425719991326334,1.2090099334716795,0.05450251206755638
FlexTok,n07714990,64,0.1399226933717728,3.278972930908203,0.15392636373639107,0.17739074900746346,4.245085964202881,0.18342492990195752,0.03746805563569067,0.9661130332946777,0.029498566165566453
FlexTok,n07714990,96,0.10001945078372958,2.476552219390869,0.11730182349681854,0.12641836509108542,3.3474478912353516,0.13673653110861778,0.026398914307355845,0.8708956718444827,0.019434707611799232
FlexTok,n07714990,128,0.06397487938404084,1.721946029663086,0.08364601001143455,0.08298573762178421,2.3942882633209224,0.0932336223125458,0.019010858237743372,0.6723422336578364,0.009587612301111242
FlexTok,n07714990,160,0.043945479840040214,1.2569133949279787,0.05888376951217651,0.056087340265512466,1.7290654563903807,0.06584814935922623,0.012141860425472252,0.47215206146240196,0.006964379847049715
FlexTok,n07714990,208,0.024553755968809137,0.7864956474304199,0.02934817567467689,0.029553585797548288,1.2042177963256835,0.035160813927650456,0.004999829828739151,0.4177221488952636,0.005812638252973564
FlexTok,n07714990,256,0.0,0.0,0.0,0.0,0.0,0.0,0.0,0.0,0.0
FlexTok,n07718472,8,0.35564899727702143,6.892199554443359,0.27755066074430945,0.36203384153544904,6.5902352714538575,0.2680254773795605,0.006384844258427613,-0.30196428298950195,-0.009525183364748946
FlexTok,n07718472,16,0.3145944039523602,6.459593868255615,0.2629154079407454,0.3230445795506239,6.386952896118164,0.2550818018615246,0.008450175598263665,-0.07264097213745124,-0.00783360607922079
FlexTok,n07718472,32,0.25286960616707804,5.560234260559082,0.23924888409674167,0.2517482616752386,5.571631126403808,0.21945080503821376,-0.0011213444918394266,0.0113968658447261,-0.0197980790585279
FlexTok,n07718472,64,0.17318303093314172,4.400720462799072,0.2000628414750099,0.16092439465224742,4.533745365142822,0.18167505860328678,-0.012258636280894297,0.13302490234375064,-0.01838778287172313
FlexTok,n07718472,96,0.11838732317090037,3.2269964981079102,0.14592778563499453,0.10591650642454625,3.290613880157471,0.1288574716448784,-0.012470816746354113,0.06361738204956069,-0.01707031399011613
FlexTok,n07718472,128,0.07321428254246712,2.0531656837463377,0.09468531817197802,0.06390213333070278,2.2612820434570313,0.08293254375457763,-0.009312149211764334,0.20811635971069364,-0.011752774417400386
FlexTok,n07718472,160,0.050964898318052294,1.5460717964172357,0.06900159001350403,0.043333541080355656,1.6956111145019532,0.05940881401300431,-0.0076313572376966385,0.14953931808471754,-0.009592776000499723
FlexTok,n07718472,208,0.02895267680287361,1.0748216056823727,0.03818791240453721,0.022654366120696073,1.117327651977539,0.03347865074872971,-0.006298310682177538,0.0425060462951663,-0.004709261655807498
FlexTok,n07718472,256,0.0,0.0,0.0,0.0,0.0,0.0,0.0,0.0,0.0
FlexTok,n07720875,8,0.3176067689061165,6.69543155670166,0.27265086397528654,0.35763231828808784,6.214962787628174,0.24452302277088164,0.04002554938197134,-0.4804687690734859,-0.028127841204404896
FlexTok,n07720875,16,0.2822180917859078,6.4458935356140135,0.26380706891417505,0.3024583230912686,5.913753719329834,0.23009218029677872,0.02024023130536079,-0.5321398162841797,-0.03371488861739633
FlexTok,n07720875,32,0.2325604322552681,5.622135982513428,0.24001822739839554,0.23682944789528848,5.139961891174316,0.1998424544930458,0.004269015640020385,-0.48217409133911193,-0.04017577290534974
FlexTok,n07720875,64,0.16292425990104675,4.508685455322266,0.20029967933893203,0.15430998340249064,4.242603530883789,0.17335186153650284,-0.008614276498556117,-0.26608192443847667,-0.02694781780242919
FlexTok,n07720875,96,0.12178143113851549,3.5053031158447268,0.15478327363729477,0.10706337675452232,3.17283504486084,0.12955489188432692,-0.014718054383993165,-0.33246807098388675,-0.02522838175296785
FlexTok,n07720875,128,0.07314834818243982,2.3652625846862794,0.10644720256328583,0.0599505752325058,2.0340190124511714,0.08547913849353792,-0.013197772949934017,-0.3312435722351079,-0.02096806406974791
FlexTok,n07720875,160,0.050267885178327566,1.8090833854675297,0.0776059839129448,0.04347616448998452,1.6329503059387207,0.0633205345273018,-0.006791720688343043,-0.17613307952880897,-0.01428544938564301
FlexTok,n07720875,208,0.026926863938570023,1.1915240478515627,0.045412821173667905,0.026021178364753723,1.1297474861145016,0.03215660810470582,-0.0009056855738162999,-0.06177656173706114,-0.013256213068962089
FlexTok,n07720875,256,0.0,0.0,0.0,0.0,0.0,0.0,0.0,0.0,0.0
FlexTok,n07734744,8,0.2367766502499581,4.3731374740600595,0.2016047315299511,0.3675317595899105,6.003811073303223,0.28269489236176015,0.13075510933995244,1.6306735992431634,0.08109016083180906
FlexTok,n07734744,16,0.2086302360892296,4.062445468902588,0.19339582182466983,0.3363482241332531,5.895003290176391,0.2687277116626501,0.1277179880440235,1.8325578212738032,0.07533188983798025
FlexTok,n07734744,32,0.16481566101312636,3.5704858970642097,0.18180898278951646,0.2661798642575741,5.06071400642395,0.23677175868302583,0.10136420324444775,1.4902281093597405,0.05496277589350937
FlexTok,n07734744,64,0.11841249257326128,2.9534133529663094,0.15910391986370087,0.18593039557337762,4.313718719482422,0.19783800207078456,0.06751790300011634,1.3603053665161124,0.03873408220708369
FlexTok,n07734744,96,0.08359995305538179,2.2460685539245606,0.12570552468299867,0.13287276312708857,3.2922599792480467,0.14747988268733025,0.04927281007170678,1.046191425323486,0.021774358004331584
FlexTok,n07734744,128,0.051572740375995636,1.4993467521667483,0.08968201249837876,0.08858299687504768,2.331566123962402,0.10103520423173905,0.03701025649905205,0.8322193717956539,0.011353191733360288
FlexTok,n07734744,160,0.03725014239549638,1.129514560699463,0.06502407386898995,0.06440598577260971,1.8477311134338381,0.073899744451046,0.027155843377113333,0.7182165527343751,0.008875670582056044
FlexTok,n07734744,208,0.021124919652938848,0.6751289367675786,0.031038256585597987,0.035160797387361525,1.1599333190917966,0.03606897085905075,0.014035877734422678,0.4848043823242181,0.005030714273452766
FlexTok,n07734744,256,0.0,0.0,0.0,0.0,0.0,0.0,0.0,0.0,0.0
FlexTok,n07742313,8,0.32687715023756025,8.337974948883057,0.2543366993963719,0.3717080721259117,7.001719818115235,0.271546643152833,0.04483092188835147,-1.3362551307678219,0.01720994375646112
FlexTok,n07742313,16,0.2828355798125267,7.88155792236328,0.2409428179264069,0.3263993936777115,6.817074031829834,0.2606233971565962,0.043563813865184764,-1.0644838905334462,0.019680579230189316
FlexTok,n07742313,32,0.2144411674141884,6.7408195495605465,0.20223596408963204,0.2465479597449303,5.731572780609131,0.2269644772261381,0.0321067923307419,-1.0092467689514155,0.024728513136506064
FlexTok,n07742313,64,0.13696489244699478,5.0926859664916995,0.15250115126371386,0.16678948163986207,4.624748973846436,0.18099426180124284,0.02982458919286729,-0.46793699264526367,0.02849311053752898
FlexTok,n07742313,96,0.09448096215724945,3.772059478759765,0.11142648741602898,0.11471878409385682,3.543553466796875,0.1314844545722008,0.020237821936607364,-0.2285060119628901,0.020057967156171808
FlexTok,n07742313,128,0.05633165821433067,2.398873310089111,0.068797966837883,0.06896949917078019,2.260105266571045,0.08196850657463074,0.012637840956449514,-0.13876804351806582,0.013170539736747741
FlexTok,n07742313,160,0.03832736089825631,1.8936413574218747,0.04798549622297288,0.05068136796355247,1.7668896484375,0.058116970360279095,0.012354007065296164,-0.1267517089843746,0.010131474137306216
FlexTok,n07742313,208,0.02085850596427918,1.2940230941772457,0.0290671056509018,0.028052621632814412,1.254059677124023,0.035753705501556404,0.007194115668535232,-0.039963417053222594,0.006686599850654604
FlexTok,n07742313,256,0.0,0.0,0.0,0.0,0.0,0.0,0.0,0.0,0.0
FlexTok,n07745940,8,0.32564078345894815,5.872030487060547,0.23687627099454406,0.3843148073554039,6.2102649974823,0.2500879245996475,0.05867402389645576,0.3382345104217528,0.013211653605103457
FlexTok,n07745940,16,0.2975501276552677,5.6420588874816895,0.22224077440798282,0.3447809830307961,6.040051021575928,0.24309053674340247,0.04723085537552835,0.3979921340942383,0.020849762335419658
FlexTok,n07745940,32,0.23794480755925182,4.692272338867188,0.201278193295002,0.27373592823743825,5.194610052108764,0.2089956071972847,0.03579112067818643,0.5023377132415767,0.007717413902282699
FlexTok,n07745940,64,0.16958937898278237,3.843555431365967,0.17022082179784775,0.19622935444116593,4.315536022186279,0.1804174479842186,0.026639975458383564,0.4719805908203125,0.01019662618637085
FlexTok,n07745940,96,0.11964756891131403,2.7830216789245608,0.1303881956636906,0.13812513828277587,3.25793701171875,0.13478540658950805,0.018477569371461833,0.4749153327941893,0.004397210925817463
FlexTok,n07745940,128,0.07953426316380502,1.989880084991455,0.09342173635959625,0.0912773397564888,2.320886058807373,0.09387855559587478,0.011743076592683782,0.3310059738159179,0.0004568192362785356
FlexTok,n07745940,160,0.055676537007093435,1.5498335838317872,0.06790581971406938,0.0647226706147194,1.707985019683838,0.06805536299943923,0.009046133607625961,0.15815143585205083,0.00014954328536985473
FlexTok,n07745940,208,0.03117092967033387,0.982693214416504,0.036088741719722754,0.03411428153514862,1.1055910491943357,0.03962679922580719,0.002943351864814755,0.12289783477783167,0.0035380575060844355
FlexTok,n07745940,256,0.0,0.0,0.0,0.0,0.0,0.0,0.0,0.0,0.0
FlexTok,n07749582,8,0.33638261213898657,7.440126914978027,0.27297371193766595,0.3523883526027203,5.922108192443847,0.2328915996104479,0.01600574046373371,-1.5180187225341797,-0.04008211232721806
FlexTok,n07749582,16,0.2965522332489491,7.021976699829102,0.2599678172171116,0.31676749870181087,5.756399726867675,0.22511097341775893,0.020215265452861786,-1.2655769729614263,-0.034856843799352666
FlexTok,n07749582,32,0.22790038898587228,6.002903213500977,0.22292698964476584,0.2508929081261158,4.965900745391846,0.196654634475708,0.022992519140243528,-1.0370024681091312,-0.02627235516905785
FlexTok,n07749582,64,0.15817273244261743,4.7415807342529295,0.17958158135414123,0.16799579545855522,3.963960437774658,0.16001774325966836,0.0098230630159378,-0.7776202964782715,-0.019563838094472874
FlexTok,n07749582,96,0.1066422726213932,3.4457590675354,0.1305993402004242,0.1139395748078823,2.9450968360900873,0.11888569056987762,0.0072973021864891074,-0.5006622314453129,-0.011713649630546594
FlexTok,n07749582,128,0.06870923504233362,2.334510250091553,0.08375020086765289,0.07048244133591652,2.0681898307800295,0.07969809442758562,0.0017732062935829074,-0.2663204193115236,-0.004052106440067274
FlexTok,n07749582,160,0.048322456330060964,1.8157198715209963,0.05950011551380158,0.05307397767901421,1.5749404716491697,0.05748477280139923,0.004751521348953243,-0.24077939987182662,-0.0020153427124023487
FlexTok,n07749582,208,0.027465374618768697,1.2522995185852048,0.03374176859855653,0.026184904575347893,1.0589535331726074,0.02931132823228836,-0.001280470043420804,-0.1933459854125974,-0.004430440366268169
FlexTok,n07749582,256,0.0,0.0,0.0,0.0,0.0,0.0,0.0,0.0,0.0
FlexTok,n07753275,8,0.26679220095276834,4.824817428588867,0.23761091709136967,0.3544431833922863,5.303002090454101,0.2428507170826197,0.08765098243951797,0.47818466186523434,0.005239799991250044
FlexTok,n07753275,16,0.23749383822083472,4.700080127716064,0.22987544991075992,0.3222347377240658,5.2942171478271485,0.24393389843404298,0.08474089950323108,0.5941370201110843,0.014058448523283057
FlexTok,n07753275,32,0.1986836875975132,4.104165306091309,0.2092208793759346,0.25932870075106623,4.5562861442565925,0.2211138439923525,0.06064501315355303,0.4521208381652837,0.011892964616417923
FlexTok,n07753275,64,0.13326282933354378,3.2789755630493165,0.17471058003604412,0.17571483477950095,3.702073631286621,0.1900889004021883,0.042452005445957175,0.42309806823730467,0.015378320366144171
FlexTok,n07753275,96,0.09886865213513374,2.517995586395264,0.1324215218424797,0.12476067259907722,2.874987831115723,0.14571854740381243,0.025892020463943483,0.356992244720459,0.01329702556133272
FlexTok,n07753275,128,0.06474740698933601,1.7991260910034184,0.09614250034093857,0.08006154581904411,2.018636608123779,0.10124478712677958,0.015314138829708099,0.21951051712036085,0.005102286785841001
FlexTok,n07753275,160,0.04463081911206245,1.4038573074340823,0.06874933049082757,0.054967056959867484,1.5831345558166503,0.07409826710820198,0.010336237847805033,0.17927724838256798,0.005348936617374414
FlexTok,n07753275,208,0.024383189231157298,0.811140308380127,0.03596420466899872,0.02955982029438019,1.0433893203735352,0.037855731546878824,0.005176631063222893,0.2322490119934082,0.0018915268778801064
FlexTok,n07753275,256,0.0,0.0,0.0,0.0,0.0,0.0,0.0,0.0,0.0
FlexTok,n07753592,8,0.3568810997903347,6.963685970306397,0.2912559809535742,0.39845430307090285,7.303698520660401,0.2667009054124356,0.04157320328056813,0.3400125503540039,-0.024555075541138616
FlexTok,n07753592,16,0.31934586986899377,6.610953845977783,0.27741160120815045,0.3465885984152555,6.91896203994751,0.2519523184001446,0.027242728546261752,0.30800819396972656,-0.025459282808005856
FlexTok,n07753592,32,0.2566479168832302,5.834120922088623,0.24897455252707007,0.26934874765574934,5.98702714920044,0.22129009127616883,0.012700830772519156,0.15290622711181712,-0.027684461250901238
FlexTok,n07753592,64,0.17419933870434762,4.664875907897949,0.19888814717531203,0.17449899531900884,4.817939453125001,0.17367696523666382,0.00029965661466122007,0.15306354522705146,-0.025211181938648214
FlexTok,n07753592,96,0.12037376657128335,3.412528076171875,0.1450826022028923,0.11413840904831889,3.6115815353393557,0.12650407448410989,-0.00623535752296446,0.19905345916748063,-0.018578527718782406
FlexTok,n07753592,128,0.07349967047572134,2.2766062736511232,0.09753503665328025,0.06958595089614392,2.3857820320129393,0.08109900593757631,-0.003913719579577424,0.10917575836181603,-0.016436030715703945
FlexTok,n07753592,160,0.05239045724272728,1.8131474304199218,0.07253222584724427,0.04809635996818543,1.84315767288208,0.05785580605268479,-0.004294097274541844,0.03001024246215822,-0.014676419794559477
FlexTok,n07753592,208,0.02636739045381545,1.083507785797119,0.03674977242946625,0.02761618867516518,1.2542208480834967,0.03141038477420808,0.001248798221349729,0.17071306228637773,-0.005339387655258168
FlexTok,n07753592,256,0.0,0.0,0.0,0.0,0.0,0.0,0.0,0.0,0.0
FlexTok,n07768694,8,0.2728748093545437,5.732417888641358,0.25131041161715983,0.3509804059565067,5.704492139816284,0.25632313355803493,0.07810559660196298,-0.027925748825073704,0.005012721940875098
FlexTok,n07768694,16,0.23650062844157219,5.436254158020019,0.23861609764397143,0.31637577787041665,5.370409774780273,0.24534534133970737,0.07987514942884447,-0.06584438323974595,0.006729243695735937
FlexTok,n07768694,32,0.1890476469695568,4.739531650543213,0.2121674053370953,0.24319555655121802,4.3963861083984375,0.2208650890737772,0.05414790958166121,-0.3431455421447751,0.008697683736681894
FlexTok,n07768694,64,0.13529220774769782,3.943332633972168,0.17951226174831392,0.16180856838822366,3.647099189758301,0.18435884073376654,0.026516360640525843,-0.296233444213867,0.0048465789854526264
FlexTok,n07768694,96,0.09908712282776833,2.9422410583496093,0.13589724168181422,0.11210100755095481,2.8832967185974128,0.14378673434257508,0.013013884723186486,-0.058944339752196484,0.00788949266076086
FlexTok,n07768694,128,0.06407485276460648,2.0375804138183593,0.09476615667343141,0.07119790330529213,2.0249925041198735,0.09741782426834106,0.007123050540685655,-0.012587909698485777,0.0026516675949096458
FlexTok,n07768694,160,0.04456099435687066,1.562123928070068,0.06970394417643548,0.04927656307816505,1.5170951652526858,0.0697221949696541,0.004715568721294396,-0.04502876281738222,1.8250793218613226e-05
FlexTok,n07768694,208,0.026353532820940016,0.9841667556762692,0.03974436312913895,0.024919862300157553,0.9476696395874025,0.03801645308732987,-0.0014336705207824638,-0.03649711608886674,-0.0017279100418090762
FlexTok,n07768694,256,0.0,0.0,0.0,0.0,0.0,0.0,0.0,0.0,0.0
FlexTok,n07873807,8,0.2631037333607674,4.627566833496093,0.23976946510374547,0.35604136750102044,5.551619024276733,0.28354263484478,0.09293763414025302,0.9240521907806398,0.04377316974103451
FlexTok,n07873807,16,0.23510657399892806,4.628613719940185,0.23459800101816655,0.32665940627455714,5.675535669326782,0.27920641735196117,0.09155283227562908,1.046921949386597,0.044608416333794615
FlexTok,n07873807,32,0.19672436386346817,4.180852298736571,0.2133756758272648,0.2684368894994259,4.989722452163696,0.2490333174169064,0.07171252563595773,0.808870153427125,0.0356576415896416
FlexTok,n07873807,64,0.14589984089136124,3.4251736831665034,0.18161338120698928,0.18606143012642862,4.101528587341309,0.20715656399726867,0.04016158923506738,0.6763549041748056,0.025543182790279395
FlexTok,n07873807,96,0.10150680512189865,2.541120567321777,0.1403585660457611,0.13754378363490105,3.2588486862182617,0.15965141981840136,0.0360369785130024,0.7177281188964848,0.019292853772640256
FlexTok,n07873807,128,0.06619691997766494,1.7637439918518063,0.0998169532418251,0.09137127175927164,2.2797496795654295,0.1112012341618538,0.025174351781606694,0.5160056877136232,0.011384280920028703
FlexTok,n07873807,160,0.04496272355318069,1.3686603164672848,0.07244001179933549,0.06460106536746026,1.754121608734131,0.0783510047197342,0.019638341814279564,0.3854612922668461,0.005910992920398719
FlexTok,n07873807,208,0.02290900528430939,0.7781846809387203,0.03690002471208573,0.03355625808238983,1.1206521034240722,0.03950824528932572,0.010647252798080438,0.3424674224853519,0.0026082205772399933
FlexTok,n07873807,256,0.0,0.0,0.0,0.0,0.0,0.0,0.0,0.0,0.0
FlexTok,n07880968,8,0.3308709672093391,6.621014423370362,0.2826812380552292,0.3754181119799614,5.2505609130859385,0.28031565733253955,0.04454714477062227,-1.370453510284423,-0.002365580722689664
FlexTok,n07880968,16,0.2962080958485604,6.4774329948425295,0.2736939749121666,0.335815364420414,5.148092622756959,0.2675830122083426,0.03960726857185359,-1.3293403720855705,-0.006110962703824052
FlexTok,n07880968,32,0.24005347937345506,5.608768081665039,0.24514166429638867,0.2756981632113457,4.645260238647461,0.2334199969470501,0.035644683837890656,-0.9635078430175774,-0.011721667349338577
FlexTok,n07880968,64,0.167839198410511,4.57162296295166,0.19841183513402938,0.18426520556211476,4.0115277862548835,0.18853574275970458,0.01642600715160375,-0.5600951766967768,-0.009876092374324796
FlexTok,n07880968,96,0.11923305213451385,3.509153060913086,0.15470848813652993,0.1304860419034958,3.1109380149841313,0.13929719835519794,0.011252989768981952,-0.39821504592895485,-0.015411289781331994
FlexTok,n07880968,128,0.07604332238435746,2.392053356170655,0.1051817286014557,0.07992702826857569,2.15116943359375,0.0919545429944992,0.0038837058842182276,-0.24088392257690483,-0.013227185606956501
FlexTok,n07880968,160,0.05413121521472931,1.7932105064392092,0.07577680945396424,0.053197161257267006,1.604275169372559,0.06514116764068603,-0.0009340539574623011,-0.18893533706665022,-0.01063564181327821
FlexTok,n07880968,208,0.0316449898481369,1.0848515510559087,0.04063214033842088,0.029070946574211123,1.0643011093139654,0.030920848846435547,-0.002574043273925776,-0.020550441741943315,-0.009711291491985331
FlexTok,n07880968,256,0.0,0.0,0.0,0.0,0.0,0.0,0.0,0.0,0.0
FlexTok,n07920052,8,0.34672674670815473,8.033809700012206,0.3423673492670059,0.3817541375011206,6.348383693695069,0.2846178162097931,0.03502739079296585,-1.6854260063171376,-0.05774953305721281
FlexTok,n07920052,16,0.30299166992306714,7.5385744094848635,0.31654805779457096,0.32891741655766965,6.232710475921631,0.2777532793581486,0.02592574663460251,-1.3058639335632325,-0.03879477843642237
FlexTok,n07920052,32,0.2363519607484341,6.55311243057251,0.27356299012899404,0.25679518125951295,5.684217758178711,0.24604829147458077,0.020443220511078858,-0.8688946723937985,-0.027514698654413278
FlexTok,n07920052,64,0.16321198478341106,5.3384052276611325,0.2254319590330124,0.17470031075179576,4.93505823135376,0.2050929471850395,0.0114883259683847,-0.4033469963073726,-0.020339011847972904
FlexTok,n07920052,96,0.11146275088191034,3.9595887756347654,0.16081104308366775,0.11980043165385725,3.706359462738037,0.14843544006347656,0.00833768077194691,-0.25322931289672823,-0.012375603020191195
FlexTok,n07920052,128,0.06827039405703546,2.6102060508728027,0.1021794193983078,0.0739902660995722,2.5291584396362303,0.09228113502264022,0.005719872042536739,-0.08104761123657234,-0.009898284375667574
FlexTok,n07920052,160,0.048406926691532154,1.9691687774658204,0.07246806263923646,0.049724843576550486,1.933657398223877,0.06392636001110077,0.0013179168850183318,-0.035511379241943475,-0.00854170262813568
FlexTok,n07920052,208,0.026429366022348418,1.2100838470458983,0.03776777029037476,0.027411036565899854,1.2828778457641608,0.034579462110996245,0.000981670543551437,0.07279399871826242,-0.003188308179378513
FlexTok,n07920052,256,0.0,0.0,0.0,0.0,0.0,0.0,0.0,0.0,0.0
FlexTok,n09472597,8,0.2772329235076904,6.194314098358154,0.17837764590978622,0.3498063299059868,5.337997655868531,0.24036175079643726,0.0725734063982964,-0.8563164424896232,0.06198410488665104
FlexTok,n09472597,16,0.23907221734523773,6.064652061462402,0.17124947309494018,0.3195465871691704,5.383557939529419,0.2368941231071949,0.08047436982393266,-0.6810941219329827,0.06564465001225472
FlexTok,n09472597,32,0.19337210506200792,5.2800185585021975,0.1530416163802147,0.26721310049295427,4.68580132484436,0.21548858910799026,0.07384099543094635,-0.5942172336578375,0.06244697272777555
FlexTok,n09472597,64,0.12093229234218597,4.000826473236084,0.11735947132110597,0.18561347603797912,3.648237590789795,0.16852538853883745,0.06468118369579315,-0.3525888824462893,0.05116591721773148
FlexTok,n09472597,96,0.08259109407663345,2.8311673927307135,0.08507288217544556,0.13468880146741868,2.734275150299072,0.12493670672178268,0.05209770739078523,-0.0968922424316414,0.03986382454633712
FlexTok,n09472597,128,0.046061016023159033,1.600520896911622,0.04981176972389222,0.08669433861970902,1.852835445404053,0.08517059475183487,0.04063332259654998,0.25231454849243096,0.03535882502794265
FlexTok,n09472597,160,0.03136048629879951,1.190771350860596,0.03537492275238037,0.061615127623081196,1.4112434768676758,0.06300183355808259,0.030254641324281684,0.22047212600707988,0.027626910805702218
FlexTok,n09472597,208,0.020071046948432928,0.9065880775451665,0.020191857218742375,0.031444538980722435,0.9384278297424317,0.03433224529027938,0.011373492032289507,0.0318397521972652,0.014140388071537006
FlexTok,n09472597,256,0.0,0.0,0.0,0.0,0.0,0.0,0.0,0.0,0.0
FlexTok,n09835506,8,0.3261613427102566,5.523813037872315,0.25689722716808316,0.33673396229743957,5.657073364257813,0.2595543511211872,0.010572619587182974,0.13326032638549812,0.0026571239531040236
FlexTok,n09835506,16,0.2781525231897831,5.37257863998413,0.2538266424089671,0.2976273101568222,5.525388641357422,0.25021338030695917,0.01947478696703908,0.15281000137329137,-0.003613262102007908
FlexTok,n09835506,32,0.22117403611540795,4.732374629974365,0.23142308279871945,0.24055167376995087,4.880086212158203,0.23643288135528565,0.019377637654542923,0.14771158218383817,0.005009798556566192
FlexTok,n09835506,64,0.14802784070372582,3.8096061515808106,0.18845768302679067,0.1711946141719818,4.130098667144775,0.1980088858306408,0.02316677346825599,0.32049251556396463,0.009551202803850134
FlexTok,n09835506,96,0.1010904374718666,2.7834456062316892,0.13681789427995683,0.12154570162296296,3.12119909286499,0.14901295304298404,0.02045526415109636,0.33775348663330096,0.012195058763027206
FlexTok,n09835506,128,0.06350703686475753,1.8269157981872555,0.09272429645061495,0.07810696065425873,2.1914083099365236,0.10316417276859284,0.014599923789501201,0.3644925117492681,0.010439876317977895
FlexTok,n09835506,160,0.044349827468395234,1.3443497467041015,0.06618667602539063,0.05361234068870544,1.726696491241455,0.0780298388004303,0.009262513220310208,0.3823467445373536,0.011843162775039662
FlexTok,n09835506,208,0.02130994826555252,0.7214658546447756,0.03202800005674363,0.029686971157789222,1.1303711700439454,0.04102073609828949,0.008377022892236703,0.40890531539916974,0.008992736041545858
FlexTok,n09835506,256,0.0,0.0,0.0,0.0,0.0,0.0,0.0,0.0,0.0
FlexTok,n10565667,8,0.26367519035935405,5.536150360107422,0.18217293664813042,0.33738396599888804,5.567482604980468,0.24497320860624314,0.07370877563953399,0.0313322448730462,0.06280027195811272
FlexTok,n10565667,16,0.2304922105371952,5.342882308959961,0.17428674802184105,0.3005756010115147,5.4747782230377195,0.24253981232643126,0.0700833904743195,0.13189591407775847,0.06825306430459022
FlexTok,n10565667,32,0.1879675237834454,4.4777092933654785,0.152661589384079,0.2420457883179188,4.828757734298706,0.22100954368710518,0.0540782645344734,0.3510484409332273,0.06834795430302618
FlexTok,n10565667,64,0.13000756070017816,3.6040443611145023,0.1250269389152527,0.17416144624352456,4.072043857574463,0.18152045220136642,0.0441538855433464,0.46799949645996053,0.05649351328611371
FlexTok,n10565667,96,0.09510251879692078,2.778223056793213,0.10086757719516753,0.12377228632569313,3.128426866531372,0.13735271543264388,0.028669767528772358,0.35020380973815923,0.036485138237476344
FlexTok,n10565667,128,0.05928645089268685,1.8482311630249024,0.05959249496459962,0.08234855249524119,2.148696155548096,0.09263373821973801,0.023062101602554334,0.3004649925231935,0.033041243255138394
FlexTok,n10565667,160,0.04202197685837747,1.4593822669982908,0.04495585948228836,0.058241858035326007,1.5909390830993646,0.06790643602609635,0.016219881176948538,0.13155681610107384,0.022950576543807985
FlexTok,n10565667,208,0.020863350331783298,0.9533905982971193,0.0221912145614624,0.02820918828248977,1.0025932502746584,0.03321803987026215,0.007345837950706473,0.04920265197753915,0.01102682530879975
FlexTok,n10565667,256,0.0,0.0,0.0,0.0,0.0,0.0,0.0,0.0,0.0
FlexTok,n12267677,8,0.30036857187747956,5.564211826324463,0.252570613399148,0.3473181875422597,6.983787088394165,0.24898319315165282,0.04694961566478012,1.419575262069702,-0.003587420247495171
FlexTok,n12267677,16,0.26083836436271673,5.341103019714356,0.24382340602576735,0.30869299653917553,6.665423393249512,0.23111011818051339,0.0478546321764588,1.3243203735351559,-0.012713287845253968
FlexTok,n12267677,32,0.21706710994243622,4.696337623596192,0.22526575304567814,0.2398842765763402,5.8702537727355955,0.19877513598650695,0.022817166633903985,1.1739161491394032,-0.02649061705917119
FlexTok,n12267677,64,0.15779021561145784,3.962595653533936,0.19747314736247062,0.15716091949492694,4.703101558685303,0.1621581482887268,-0.0006292961165308975,0.7405059051513665,-0.03531499907374383
FlexTok,n12267677,96,0.111774862408638,3.0017995262146,0.15410690367221833,0.11187355283647778,3.7127132034301757,0.12245011687278748,9.8690427839776e-05,0.7109136772155757,-0.03165678679943085
FlexTok,n12267677,128,0.06884295701980592,2.023872585296631,0.10473516523838043,0.06991704244166613,2.488449878692627,0.08219327837228775,0.0010740854218602158,0.46457729339599574,-0.02254188686609268
FlexTok,n12267677,160,0.0478755646944046,1.5420104408264164,0.0763587273657322,0.05123552057892084,1.9260163116455078,0.0633894145488739,0.0033599558845162428,0.38400587081909143,-0.0129693128168583
FlexTok,n12267677,208,0.026554161310195924,0.9763439559936526,0.04127389043569565,0.02780763600021601,1.2783317184448244,0.037357467412948604,0.0012534746900200872,0.30198776245117176,-0.003916423022747043
FlexTok,n12267677,256,0.0,0.0,0.0,0.0,0.0,0.0,0.0,0.0,0.0
One-D-Piece,n01443537,8,0.401343841701746,5.514611530303955,0.10069688886404038,0.4644227071106434,5.192407836914063,0.14883492693305014,0.0630788654088974,-0.3222036933898922,0.048138038069009764
One-D-Piece,n01443537,16,0.2971195389330387,4.278722839355469,0.08773049265146256,0.3519287909567356,4.31700662612915,0.14793008223176002,0.05480925202369691,0.038283786773681605,0.06019958958029746
One-D-Piece,n01443537,32,0.20111710086464882,3.256761531829834,0.08090898841619491,0.24029642954468727,3.1030426025390625,0.12574068516492842,0.039179328680038455,-0.15371892929077147,0.04483169674873351
One-D-Piece,n01443537,64,0.10870238795876502,1.994162368774414,0.05290561586618423,0.126961557418108,2.0596248435974123,0.08548438876867294,0.018259169459342972,0.06546247482299816,0.03257877290248871
One-D-Piece,n01443537,96,0.05732018694281578,1.3355607032775878,0.03194749802350998,0.06358166292309761,1.28207799911499,0.05153742164373399,0.00626147598028183,-0.053482704162597816,0.019589923620224006
One-D-Piece,n01443537,128,0.030051970034837724,0.8064234733581541,0.018044494390487675,0.03159255594015121,0.7743219757080075,0.027140286564826963,0.0015405859053134845,-0.03210149765014658,0.009095792174339288
One-D-Piece,n01443537,160,0.015046328008174896,0.4492084884643554,0.009672780632972725,0.014440882354974734,0.4130423927307129,0.013202672004699705,-0.000605445653200162,-0.03616609573364249,0.0035298913717269793
One-D-Piece,n01443537,208,0.0028848445415496755,0.17597553253173806,0.002123699188232425,0.0038788234442472323,0.09950202941894525,0.002275781631469723,0.0009939789026975569,-0.07647350311279281,0.000152082443237298
One-D-Piece,n01443537,256,0.0,0.0,0.0,0.0,0.0,0.0,0.0,0.0,0.0
One-D-Piece,n01484850,8,0.318025416135788,5.599819965362549,0.1224364210665226,0.4090640224516392,4.348018741607666,0.10754054307937622,0.0910386063158512,-1.2518012237548835,-0.01489587798714638
One-D-Piece,n01484850,16,0.22500491321086882,4.499921550750733,0.10777916103601455,0.3101296605169773,3.52896879196167,0.10841331213712692,0.0851247473061085,-0.9709527587890627,0.0006341511011123679
One-D-Piece,n01484850,32,0.14916851967573166,3.429847965240479,0.08881722897291183,0.20914193019270896,2.63727518081665,0.10048940628767014,0.0599734105169773,-0.7925727844238293,0.011672177314758309
One-D-Piece,n01484850,64,0.07498413279652597,2.0930477142333994,0.05596902638673782,0.11768519386649132,1.700691165924072,0.0759789514541626,0.04270106106996535,-0.3923565483093274,0.02000992506742478
One-D-Piece,n01484850,96,0.03943699672818184,1.251402416229249,0.03432861328125,0.06430783197283746,1.0929122161865235,0.042205520272254944,0.024870835244655616,-0.15849020004272552,0.00787690699100494
One-D-Piece,n01484850,128,0.019552467316389082,0.792459545135499,0.01791781485080719,0.0343515218794346,0.6506903839111322,0.026302020251750945,0.014799054563045515,-0.14176916122436678,0.008384205400943756
One-D-Piece,n01484850,160,0.010718721449375152,0.5811745834350592,0.008726681768894193,0.016203857660293582,0.4043673706054686,0.014287734925746913,0.00548513621091843,-0.1768072128295906,0.00556105315685272
One-D-Piece,n01484850,208,0.003067414015531539,0.12602355957031325,0.0013332101702690086,0.0041849298775196156,0.14566467285156226,0.003010227978229522,0.0011175158619880768,0.019641113281249012,0.0016770178079605134
One-D-Piece,n01484850,256,0.0,0.0,0.0,0.0,0.0,0.0,0.0,0.0,0.0
One-D-Piece,n01494475,8,0.30590763583779335,6.875187149047852,0.14364350229501724,0.40995515167713165,5.128210086822509,0.13663818657398225,0.1040475158393383,-1.7469770622253424,-0.007005315721034994
One-D-Piece,n01494475,16,0.2213187734782696,5.444946937561035,0.11798804938793182,0.31151134192943575,4.239369964599609,0.12597230851650237,0.09019256845116616,-1.2055769729614259,0.00798425912857055
One-D-Piece,n01494475,32,0.15052073135972022,4.0743115043640135,0.08823193103075028,0.21150189876556397,3.126426486968994,0.1081810975074768,0.06098116740584375,-0.9478850173950195,0.019949166476726524
One-D-Piece,n01494475,64,0.08047484025359154,2.386807270050049,0.054606875777244566,0.11517282783985137,2.0146497535705574,0.0753723368048668,0.03469798758625983,-0.3721575164794917,0.02076546102762223
One-D-Piece,n01494475,96,0.039720661342144005,1.5600126838684085,0.032226049900054926,0.06226653128862381,1.4601399040222172,0.04774223685264587,0.022545869946479807,-0.09987277984619136,0.015516186952590945
One-D-Piece,n01494475,128,0.020901972204446794,0.872608642578125,0.018936152160167696,0.03326489806175233,0.9269637680053713,0.02576490163803101,0.012362925857305532,0.0543551254272463,0.006828749477863313
One-D-Piece,n01494475,160,0.009808904081583011,0.47937994003295864,0.00910867691040039,0.01670691043138505,0.5287731361389164,0.012360097765922545,0.00689800634980204,0.04939319610595777,0.0032514208555221545
One-D-Piece,n01494475,208,0.0032857188582420295,0.23050815582275402,0.004016897082328793,0.005176206529140473,0.1972160339355473,0.0035545325279235864,0.0018904876708984433,-0.03329212188720673,-0.0004623645544052069
One-D-Piece,n01494475,256,0.0,0.0,0.0,0.0,0.0,0.0,0.0,0.0,0.0
One-D-Piece,n01498041,8,0.31846998021006584,4.698051891326904,0.046967495679855344,0.42229329004883764,5.356998519897461,0.1381677931547165,0.1038233098387718,0.6589466285705567,0.09120029747486116
One-D-Piece,n01498041,16,0.24019791290163994,3.776040916442872,0.04518596053123474,0.3137405605614185,4.349224472045899,0.13530563622713088,0.07354264765977858,0.5731835556030269,0.09011967569589613
One-D-Piece,n01498041,32,0.15834457859396933,2.7472048759460455,0.047263010442256934,0.21088683977723122,3.2483617782592775,0.11733237564563752,0.052542261183261885,0.5011569023132321,0.07006936520338058
One-D-Piece,n01498041,64,0.0788461397588253,1.630603008270264,0.036304132938385004,0.11502963200211525,2.0119427108764647,0.07218016862869263,0.03618349224328994,0.38133970260620065,0.035876035690307624
One-D-Piece,n01498041,96,0.043859789073467256,1.1118356513977057,0.021780865788459777,0.05654437273740767,1.2083914947509762,0.037518136501312256,0.012684583663940416,0.0965558433532705,0.01573727071285248
One-D-Piece,n01498041,128,0.02304692834615707,0.7344554710388187,0.01558303654193878,0.0288501140475273,0.7908510971069337,0.02329397261142731,0.005803185701370232,0.05639562606811499,0.007710936069488531
One-D-Piece,n01498041,160,0.01125065833330154,0.3897294998168948,0.008277726769447324,0.014577838480472555,0.5104693603515621,0.011712390184402465,0.0033271801471710157,0.12073986053466729,0.0034346634149551407
One-D-Piece,n01498041,208,0.0030087317526340442,0.09146612167358431,0.0017146795988082892,0.004338214844465244,0.2598197746276856,0.005984011292457578,0.0013294830918312,0.16835365295410126,0.0042693316936492885
One-D-Piece,n01498041,256,0.0,0.0,0.0,0.0,0.0,0.0,0.0,0.0,0.0
One-D-Piece,n01514859,8,0.4474498170614243,2.8914182662963865,0.0555105221271515,0.42942752927541733,3.4407489681243897,0.1363762240111828,-0.018022287786006952,0.5493307018280031,0.0808657018840313
One-D-Piece,n01514859,16,0.3117834842205048,2.346197834014893,0.056370759904384615,0.3266006276011467,2.8392607879638674,0.12992268979549407,0.01481714338064194,0.4930629539489746,0.07355192989110945
One-D-Piece,n01514859,32,0.1800696313381195,1.637834243774414,0.06520452350378036,0.22905754238367082,2.284000720977783,0.11661659017205238,0.04898791104555131,0.6461664772033691,0.05141206666827201
One-D-Piece,n01514859,64,0.09220220565795899,1.0275611114501952,0.04881065592169762,0.1259251591563225,1.5415181922912597,0.07703394383192064,0.0337229534983635,0.5139570808410645,0.028223287910223015
One-D-Piece,n01514859,96,0.05070397377014161,0.6374714279174805,0.027839882671833044,0.06809575527906418,0.9427795600891113,0.044676173329353336,0.017391781508922573,0.3053081321716309,0.016836290657520292
One-D-Piece,n01514859,128,0.02688063800334931,0.42744630813598633,0.018780455291271217,0.034968087673187265,0.5484355354309082,0.025897144973278045,0.008087449669837956,0.12098922729492184,0.0071166896820068284
One-D-Piece,n01514859,160,0.012211070656776433,0.2616537284851075,0.008360926061868673,0.01832573622465133,0.3267038154602049,0.012921019792556767,0.006114665567874898,0.0650500869750974,0.0045600937306880945
One-D-Piece,n01514859,208,0.0030312895774841308,0.03330123901367205,0.0010834300518035905,0.003768551349639886,0.08032543182373032,0.0026919454336166394,0.000737261772155755,0.04702419281005827,0.0016085153818130489
One-D-Piece,n01514859,256,0.0,0.0,0.0,0.0,0.0,0.0,0.0,0.0,0.0
One-D-Piece,n01518878,8,0.4257669091224671,4.045286540985107,0.07028588995337487,0.42190077997744085,4.43436354637146,0.164341000020504,-0.0038661291450262647,0.38907700538635304,0.09405511006712913
One-D-Piece,n01518878,16,0.28943549811840064,3.343001880645752,0.06726789578795433,0.3084919855743647,3.40723949432373,0.15448600113391878,0.019056487455964055,0.06423761367797809,0.08721810534596444
One-D-Piece,n01518878,32,0.16701322972774504,2.4725699424743652,0.0737029555439949,0.2080990225821734,2.6312101364135736,0.13147224396467208,0.041085792854428344,0.15864019393920836,0.057769288420677176
One-D-Piece,n01518878,64,0.08873484820127489,1.581120948791504,0.050946586430072785,0.10585840426385404,1.6003588867187495,0.08224575877189637,0.01712355606257915,0.019237937927245374,0.03129917234182358
One-D-Piece,n01518878,96,0.049369588196277625,0.9972837829589841,0.031765085756778715,0.05399909459054471,0.9604121017456054,0.04734809592366219,0.004629506394267083,-0.03687168121337869,0.015583010166883474
One-D-Piece,n01518878,128,0.025692499876022342,0.6130507850646976,0.018430896550416943,0.026702178791165355,0.6165699577331543,0.025805887281894684,0.0010096789151430134,0.0035191726684566937,0.007374990731477741
One-D-Piece,n01518878,160,0.013938290178775794,0.3183544731140135,0.009900325983762741,0.012728239670395854,0.31930776596069316,0.014970711469650268,-0.0012100505083799395,0.0009532928466796653,0.0050703854858875266
One-D-Piece,n01518878,208,0.003179458230733879,0.12428321838378871,0.0026866498589515684,0.0029496334493160333,0.11143505096435526,0.003760036528110502,-0.0002298247814178458,-0.012848167419433454,0.0010733866691589335
One-D-Piece,n01518878,256,0.0,0.0,0.0,0.0,0.0,0.0,0.0,0.0,0.0
One-D-Piece,n01531178,8,0.42971574380993843,4.274388084411621,0.1384012317657471,0.41851910166442396,4.35597827911377,0.13535602122545243,-0.011196642145514468,0.0815901947021489,-0.0030452105402946628
One-D-Piece,n01531178,16,0.3065099836885929,3.4744962882995605,0.12376124486327171,0.32020333521068095,3.8745588874816894,0.13250867903232577,0.01369335152208806,0.40006259918212894,0.00874743416905406
One-D-Piece,n01531178,32,0.19076000288128853,2.7938021469116205,0.11133106485009193,0.2198577158898115,2.8683981132507324,0.11525304019451144,0.029097713008522985,0.07459596633911181,0.003921975344419501
One-D-Piece,n01531178,64,0.09502176180481911,1.7694933128356933,0.06947411343455315,0.11684486083686352,1.6812524986267088,0.07433321118354798,0.021823099032044407,-0.08824081420898455,0.004859097748994831
One-D-Piece,n01531178,96,0.047243876904249194,1.0578785133361817,0.04145474404096603,0.061003160551190386,1.1640408325195315,0.04811554044485092,0.013759283646941192,0.10616231918334984,0.006660796403884887
One-D-Piece,n01531178,128,0.027594573497772213,0.691757717132568,0.023312796652317048,0.030974955037236223,0.7254520034790036,0.026283163130283355,0.00338038153946401,0.033694286346435676,0.0029703664779663075
One-D-Piece,n01531178,160,0.013859174251556396,0.4678082084655759,0.014198548495769504,0.015336453989148145,0.3776827430725098,0.014115013182163237,0.0014772797375917496,-0.0901254653930661,-8.353531360626686e-05
One-D-Piece,n01531178,208,0.0034423898160457554,0.12389125823974609,0.004745794236659997,0.002969332709908481,0.09254783630371076,0.0034511116147041354,-0.00047305710613727457,-0.03134342193603533,-0.001294682621955862
One-D-Piece,n01531178,256,0.0,0.0,0.0,0.0,0.0,0.0,0.0,0.0,0.0
One-D-Piece,n01534433,8,0.41474291756749154,4.155206832885742,0.11306194871664049,0.3805032340437174,4.6696775436401365,0.12113015562295913,-0.034239683523774156,0.5144707107543942,0.00806820690631864
One-D-Piece,n01534433,16,0.31107929661870004,3.4163338661193854,0.10557314008474351,0.2857160437852145,3.9287890052795404,0.11153051644563675,-0.02536325283348556,0.5124551391601551,0.005957376360893232
One-D-Piece,n01534433,32,0.1787482775747776,2.6878501701354987,0.09347867190837862,0.1842422202974558,2.8737765121459957,0.09209012359380722,0.005493942722678197,0.18592634201049707,-0.0013885483145714
One-D-Piece,n01534433,64,0.0924355848133564,1.9719154548645021,0.06727077916264534,0.09610415257513523,1.6634129142761227,0.05849272698163986,0.003668567761778832,-0.30850254058837945,-0.008778052181005483
One-D-Piece,n01534433,96,0.0505554772913456,1.167735652923584,0.04035923212766648,0.050037980899214754,1.1067169570922852,0.037266316115856166,-0.0005174963921308479,-0.06101869583129882,-0.0030929160118103177
One-D-Piece,n01534433,128,0.025562118291854858,0.7366154479980471,0.019760839492082596,0.025361973568797113,0.5804989433288577,0.018619267642498015,-0.00020014472305774494,-0.15611650466918947,-0.0011415718495845807
One-D-Piece,n01534433,160,0.011658656746149063,0.3701522636413573,0.009638669639825823,0.012540763542056086,0.3369251632690427,0.009647262096405028,0.0008821067959070231,-0.03322710037231458,8.592456579204974e-06
One-D-Piece,n01534433,208,0.0021589954197406705,0.06618385314941434,0.0018010157346725509,0.0021334473788738283,0.12889436721801711,0.0014952754974365229,-2.5548040866842266e-05,0.06271051406860277,-0.000305740237236028
One-D-Piece,n01534433,256,0.0,0.0,0.0,0.0,0.0,0.0,0.0,0.0,0.0
One-D-Piece,n01614925,8,0.3691978169977665,5.225512981414795,0.14069144770503045,0.44989567920565604,5.393291473388672,0.16005665369331837,0.08069786220788955,0.16777849197387695,0.01936520598828792
One-D-Piece,n01614925,16,0.2544438345730305,4.123841743469239,0.12936634317040446,0.3287068657577038,4.3532490539550786,0.15344740554690361,0.07426303118467331,0.22940731048583984,0.02408106237649915
One-D-Piece,n01614925,32,0.1580570711195469,3.0176943969726566,0.10722810879349709,0.2174568147957325,3.283605842590332,0.12472852170467377,0.05939974367618561,0.2659114456176752,0.017500412911176683
One-D-Piece,n01614925,64,0.0785216335952282,1.9761268615722662,0.06928243443369865,0.11102306202054024,2.018214626312256,0.0824760864675045,0.03250142842531205,0.04208776473998954,0.013193652033805847
One-D-Piece,n01614925,96,0.03997410342097282,1.0213617897033693,0.035704040825366976,0.05803102493286133,1.2670852279663087,0.04852071702480317,0.018056921511888507,0.2457234382629394,0.012816676199436196
One-D-Piece,n01614925,128,0.021352152749896058,0.5938986015319829,0.019090137183666228,0.028938679993152618,0.7395514869689943,0.026876105666160582,0.00758652724325656,0.14565288543701138,0.007785968482494354
One-D-Piece,n01614925,160,0.011025956124067298,0.4576215171813967,0.012476860284805295,0.014146809577941897,0.41867866516113267,0.014764224290847778,0.003120853453874599,-0.03894285202026404,0.0022873640060424826
One-D-Piece,n01614925,208,0.0023400679975748074,0.1185174942016608,0.002871565818786624,0.0029939611256122665,0.09413581848144531,0.003279781341552732,0.0006538931280374591,-0.02438167572021549,0.00040821552276610815
One-D-Piece,n01614925,256,0.0,0.0,0.0,0.0,0.0,0.0,0.0,0.0,0.0
One-D-Piece,n01616318,8,0.38227488100528717,4.103997116088867,0.09412913143634796,0.4223342594504356,4.485939445495606,0.17300688549876214,0.04005937844514845,0.3819423294067388,0.07887775406241418
One-D-Piece,n01616318,16,0.2696193662285805,3.3443529319763186,0.08212954685091972,0.3225287941098213,3.956891098022461,0.16519760757684707,0.05290942788124081,0.6125381660461424,0.08306806072592735
One-D-Piece,n01616318,32,0.15552894771099093,2.5090899467468266,0.0728938141465187,0.21422691971063615,2.9403423118591308,0.13320960193872453,0.058697971999645215,0.43125236511230414,0.060315787792205824
One-D-Piece,n01616318,64,0.0786785139143467,1.633631324768066,0.04956594958901405,0.11583391398191453,1.7920822906494138,0.08670155495405198,0.03715540006756783,0.15845096588134777,0.037135605365037926
One-D-Piece,n01616318,96,0.0424933248758316,0.9893722152709961,0.02953511759638787,0.06020170718431474,1.2358191871643067,0.05110396981239319,0.017708382308483137,0.24644697189331066,0.021568852216005317
One-D-Piece,n01616318,128,0.02264911964535714,0.644784927368164,0.017185387909412386,0.030964169651269916,0.6745624732971192,0.025938937067985536,0.008315050005912775,0.029777545928955207,0.00875354915857315
One-D-Piece,n01616318,160,0.011376062631607058,0.4109535026550293,0.009336648583412174,0.015313119888305667,0.37501338958740205,0.014276513457298275,0.003937057256698609,-0.03594011306762723,0.004939864873886101
One-D-Piece,n01616318,208,0.0025069318711757743,0.12386421203613253,0.0019629889726638793,0.004015870988368994,0.09607748031616203,0.0027378457784652675,0.0015089391171932195,-0.027786731719970495,0.0007748568058013883
One-D-Piece,n01616318,256,0.0,0.0,0.0,0.0,0.0,0.0,0.0,0.0,0.0
One-D-Piece,n01630670,8,0.40409061789512635,3.2333287048339843,0.0558504457771778,0.4027951730787754,3.662651119232178,0.12518784888088702,-0.0012954448163509658,0.4293224143981935,0.06933740310370923
One-D-Piece,n01630670,16,0.2894357889890671,2.6294531631469726,0.05287252381443977,0.2925826932489872,2.8316037940979,0.12160798236727714,0.003146904259920147,0.20215063095092756,0.06873545855283737
One-D-Piece,n01630670,32,0.1731062126159668,2.011715278625488,0.05880386807024478,0.19467087522149085,2.065568618774414,0.09874870702624321,0.02156466260552406,0.05385334014892562,0.03994483895599843
One-D-Piece,n01630670,64,0.09138037830591202,1.2174166297912599,0.046509490981698036,0.10011407986283302,1.4409219551086425,0.06526051461696626,0.008733701556921006,0.22350532531738265,0.018751023635268226
One-D-Piece,n01630670,96,0.05209292858839036,0.8928827095031735,0.028758466690778722,0.052461905032396325,0.9154869651794435,0.03884820029139519,0.00036897644400596397,0.022604255676270002,0.01008973360061647
One-D-Piece,n01630670,128,0.026576781868934626,0.5663212776184081,0.015786728262901294,0.0260491667687893,0.5535440444946292,0.021511790901422502,-0.0005276151001453247,-0.012777233123778875,0.005725062638521208
One-D-Piece,n01630670,160,0.014495931267738332,0.35412059783935507,0.008577197790145869,0.012643842995166776,0.25824092864990233,0.010051048099994655,-0.0018520882725715556,-0.09587966918945273,0.001473850309848786
One-D-Piece,n01630670,208,0.0037999337911605834,0.08469917297363314,0.0010367803275585074,0.003579287230968477,0.09044969558715842,0.0025928661227226303,-0.00022064656019210637,0.00575052261352528,0.001556085795164123
One-D-Piece,n01630670,256,0.0,0.0,0.0,0.0,0.0,0.0,0.0,0.0,0.0
One-D-Piece,n01632777,8,0.4204527747631073,6.087258014678955,0.1359274171292782,0.4043422053009272,3.6977024269104004,0.1313516589999199,-0.01611056946218009,-2.389555587768555,-0.004575758129358287
One-D-Piece,n01632777,16,0.32376089215278625,5.098883590698242,0.11668666809797289,0.31114454187452795,2.9221658515930176,0.12358139976859095,-0.012616350278258304,-2.1767177391052246,0.006894731670618062
One-D-Piece,n01632777,32,0.20537080287933349,3.758357105255127,0.10523612529039383,0.22402185149490833,2.3390432739257814,0.11354728952050211,0.018651048615574845,-1.4193138313293456,0.008311164230108276
One-D-Piece,n01632777,64,0.11248053193092349,2.2765534782409667,0.0725190818309784,0.1216361404210329,1.5588071441650393,0.07822996571660043,0.009155608490109421,-0.7177463340759274,0.005710883885622034
One-D-Piece,n01632777,96,0.060123872458934795,1.417579689025879,0.04343238681554795,0.06226987875998021,0.9570177078247073,0.04429215356707573,0.0021460063010454167,-0.46056198120117164,0.0008597667515277754
One-D-Piece,n01632777,128,0.03184731721878052,0.9241950607299807,0.024270576238632206,0.03148471184074879,0.6067315673828125,0.024929637908935546,-0.00036260537803173287,-0.31746349334716817,0.0006590616703033396
One-D-Piece,n01632777,160,0.015552008152008058,0.5395581817626953,0.012397320270538335,0.015579244270920762,0.2937787628173829,0.01199884921312332,2.7236118912704263e-05,-0.2457794189453124,-0.00039847105741501465
One-D-Piece,n01632777,208,0.004340760707855226,0.18560852050781293,0.004282979369163514,0.004649933204054826,0.13130361557006842,0.003282465338706969,0.0003091724961996004,-0.05430490493774451,-0.001000514030456545
One-D-Piece,n01632777,256,0.0,0.0,0.0,0.0,0.0,0.0,0.0,0.0,0.0
One-D-Piece,n01644373,8,0.40819185435771943,4.478978767395019,0.13464077368378638,0.4274765886366368,4.888419971466065,0.16784732684493064,0.01928473427891736,0.40944120407104556,0.033206553161144264
One-D-Piece,n01644373,16,0.302602801322937,3.732453022003174,0.11884541153907778,0.3262262620031834,4.138434562683106,0.14830346822738646,0.0236234606802464,0.40598154067993164,0.029458056688308684
One-D-Piece,n01644373,32,0.19029889076948167,2.8939547729492188,0.10415122792124748,0.22127281621098518,3.1762516021728517,0.1231965835392475,0.030973925441503514,0.282296829223633,0.019045355618000026
One-D-Piece,n01644373,64,0.10411701142787934,1.9079905700683595,0.06951921597123147,0.12045050159096718,2.0278860664367677,0.08034516841173173,0.01633349016308784,0.11989549636840824,0.010825952440500261
One-D-Piece,n01644373,96,0.056800380051136024,1.2414252662658694,0.04158617898821831,0.060154251605272296,1.250725383758545,0.04649075984954834,0.003353871554136273,0.009300117492675675,0.004904580861330034
One-D-Piece,n01644373,128,0.03222302466630935,0.8868408584594727,0.02687286987900734,0.029965112358331686,0.735654754638672,0.02409544587135315,-0.002257912307977665,-0.15118610382080067,-0.0027774240076541903
One-D-Piece,n01644373,160,0.015790265053510676,0.5312924575805665,0.013869903832674032,0.014498691856861123,0.40189292907714874,0.013850000500679017,-0.0012915731966495533,-0.1293995285034178,-1.9903331995014747e-05
One-D-Piece,n01644373,208,0.004177259951829906,0.16658082962036133,0.003441168963909152,0.003681138381361964,0.09617990493774435,0.0033641311526298517,-0.0004961215704679415,-0.07040092468261698,-7.70378112793001e-05
One-D-Piece,n01644373,256,0.0,0.0,0.0,0.0,0.0,0.0,0.0,0.0,0.0
One-D-Piece,n01677366,8,0.45537179231643676,2.9949894905090333,0.10809298902750016,0.42657892376184464,3.7312907028198237,0.11571690112352372,-0.02879286855459212,0.7363012123107904,0.007623912096023561
One-D-Piece,n01677366,16,0.3453609573841095,2.342301254272461,0.09444648057222366,0.3227735939621925,3.1529576873779295,0.10540592148900033,-0.022587363421916973,0.8106564331054686,0.01095944091677667
One-D-Piece,n01677366,32,0.21280519843101506,1.8289445495605465,0.09456796035170557,0.21953052669763565,2.3985886764526367,0.09696671277284623,0.006725328266620589,0.5696441268920902,0.002398752421140654
One-D-Piece,n01677366,64,0.11097953617572784,1.1370019912719729,0.06502083897590637,0.12188315272331238,1.5714724349975586,0.06744186192750931,0.010903616547584538,0.43447044372558574,0.002421022951602944
One-D-Piece,n01677366,96,0.06319038242101671,0.7315283393859864,0.04037421166896821,0.06866164535284042,1.093639049530029,0.043016410022974017,0.005471262931823706,0.3621107101440426,0.002642198354005809
One-D-Piece,n01677366,128,0.03543439030647279,0.4448417472839353,0.020358302146196373,0.035342453718185424,0.6208107566833493,0.02560809060931206,-9.193658828736406e-05,0.175969009399414,0.0052497884631156864
One-D-Piece,n01677366,160,0.018408958315849315,0.30677133560180647,0.010606718212366108,0.019425571858882898,0.42088254928588853,0.015934481769800182,0.001016613543033583,0.11411121368408206,0.005327763557434074
One-D-Piece,n01677366,208,0.004107307791709904,0.028400821685791014,0.001396326124668123,0.0050719973444938605,0.15106519699096652,0.00453909754753113,0.0009646895527839561,0.1226643753051755,0.0031427714228630076
One-D-Piece,n01677366,256,0.0,0.0,0.0,0.0,0.0,0.0,0.0,0.0,0.0
One-D-Piece,n01694178,8,0.4421213693916798,2.804986000061035,0.13515492640435697,0.41782390013337134,4.193657169342041,0.1425663924962282,-0.024297469258308446,1.3886711692810056,0.007411466091871238
One-D-Piece,n01694178,16,0.3300702680647373,2.1408876037597655,0.12187485337257385,0.30412077739834786,3.2727567291259767,0.12729671895503997,-0.025949490666389463,1.1318691253662112,0.005421865582466115
One-D-Piece,n01694178,32,0.19875710025429727,1.6241901397705076,0.10423855543136597,0.2055300207436085,2.479283103942871,0.10813924580812455,0.006772920489311218,0.8550929641723632,0.003900690376758581
One-D-Piece,n01694178,64,0.0993327642977238,1.0680071449279782,0.07188484996557237,0.11155911669135095,1.541691417694092,0.0735341377556324,0.012226352393627155,0.4736842727661137,0.0016492877900600306
One-D-Piece,n01694178,96,0.050909996777772915,0.6469733428955077,0.040198829174041745,0.05782358407974244,0.9651202201843256,0.04255088597536087,0.006913587301969525,0.31814687728881796,0.0023520568013191273
One-D-Piece,n01694178,128,0.026149414926767353,0.4221565055847167,0.022353516072034837,0.029432120770215998,0.5355857086181635,0.02111384570598602,0.0032827058434486446,0.11342920303344678,-0.001239670366048818
One-D-Piece,n01694178,160,0.01401909664273262,0.2636390686035158,0.01178467154502868,0.014412128105759621,0.32154340744018517,0.01111889809370041,0.0003930314630270007,0.057904338836669345,-0.0006657734513282696
One-D-Piece,n01694178,208,0.003404257297515873,0.06616985321044896,0.0018433173000812564,0.004396138414740565,0.11837446212768538,0.0031460696458816477,0.0009918811172246918,0.05220460891723641,0.0013027523458003913
One-D-Piece,n01694178,256,0.0,0.0,0.0,0.0,0.0,0.0,0.0,0.0,0.0
One-D-Piece,n01748264,8,0.44421449929475787,3.765158309936524,0.0920918445289135,0.4383448900282383,4.01245756149292,0.14624977186322213,-0.005869609266519582,0.2472992515563961,0.05415792733430863
One-D-Piece,n01748264,16,0.3198330226540566,3.05645040512085,0.08510506182909011,0.33022748604416846,3.2696984672546385,0.1316210348159075,0.010394463390111852,0.21324806213378844,0.046515972986817394
One-D-Piece,n01748264,32,0.18046829611063006,2.171547355651856,0.07082381904125212,0.2036961530148983,2.2154590225219724,0.11025718539953233,0.023227856904268235,0.043911666870116495,0.03943336635828021
One-D-Piece,n01748264,64,0.0867899164557457,1.1895662498474124,0.04958033025264739,0.0995893295109272,1.3363155174255377,0.06594512507319451,0.012799413055181494,0.14674926757812523,0.016364794820547125
One-D-Piece,n01748264,96,0.04617121368646623,0.6830191993713379,0.026019962877035136,0.05276794284582138,0.8691769599914552,0.03954289317131043,0.006596729159355157,0.18615776062011724,0.01352293029427529
One-D-Piece,n01748264,128,0.026738018691539772,0.4290272903442386,0.012992075681686395,0.02878481909632683,0.5286770439147951,0.020444779694080352,0.0020468004047870594,0.0996497535705565,0.007452704012393957
One-D-Piece,n01748264,160,0.013229807317256932,0.2988580513000492,0.008906469643115984,0.01472595065832138,0.32872663497924814,0.010800855755805971,0.0014961433410644476,0.029868583679198923,0.0018943861126899872
One-D-Piece,n01748264,208,0.004002212285995483,0.08267047882080114,0.002661732137203206,0.0024131426215171794,0.05797428131103533,0.0006971850991249073,-0.0015890696644783038,-0.02469619750976581,-0.0019645470380782984
One-D-Piece,n01748264,256,0.0,0.0,0.0,0.0,0.0,0.0,0.0,0.0,0.0
One-D-Piece,n01770393,8,0.41253149524331095,4.0224454307556154,0.09529351934790613,0.41386425241827973,3.7437853813171387,0.13434819482266902,0.0013327571749687794,-0.2786600494384768,0.03905467547476289
One-D-Piece,n01770393,16,0.3162438912689686,3.5069204902648927,0.09094385430216789,0.31236715301871304,3.0788207626342774,0.12479607582092285,-0.0038767382502555847,-0.4280997276306153,0.03385222151875496
One-D-Piece,n01770393,32,0.19869307175278664,2.4072453498840334,0.08021185487508775,0.20103111639618876,2.435032253265381,0.10471668183803558,0.0023380446434021207,0.027786903381347816,0.024504826962947826
One-D-Piece,n01770393,64,0.10335226103663445,1.5524312782287597,0.06076370283961297,0.1057993744313717,1.6919638633728027,0.0712965539097786,0.0024471133947372575,0.139532585144043,0.010532851070165626
One-D-Piece,n01770393,96,0.051478760838508615,0.9871237754821778,0.035355204343795785,0.052188037633895894,1.080585289001465,0.042158486247062685,0.0007092767953872786,0.09346151351928733,0.0068032819032669
One-D-Piece,n01770393,128,0.027446974664926543,0.6622098350524908,0.019428894668817524,0.026164506822824483,0.6414811325073242,0.024732912480831145,-0.0012824678421020606,-0.020728702545166566,0.005304017812013621
One-D-Piece,n01770393,160,0.014216559678316117,0.3322987556457521,0.009025216102600108,0.013109520971775052,0.3206615447998047,0.010797149837017062,-0.0011070387065410647,-0.011637210845947432,0.0017719337344169542
One-D-Piece,n01770393,208,0.0036793781816959375,0.12052375793457017,0.0014275355637073553,0.0026291506737470645,0.08497648239135742,0.0032893115282058736,-0.001050227507948873,-0.03554727554321274,0.0018617759644985184
One-D-Piece,n01770393,256,0.0,0.0,0.0,0.0,0.0,0.0,0.0,0.0,0.0
One-D-Piece,n01774750,8,0.421134829223156,3.608286838531494,0.10090936958789826,0.4270687933266163,3.937915534973144,0.1487772758305073,0.00593396410346031,0.3296286964416497,0.04786790624260903
One-D-Piece,n01774750,16,0.30285254269838335,2.880924777984619,0.09328577741980552,0.3208839841187,3.13283016204834,0.1424650548398495,0.018031441420316652,0.25190538406372065,0.04917927742004398
One-D-Piece,n01774750,32,0.18693374425172807,2.313027038574219,0.09262503907084466,0.21450102522969247,2.2966685867309566,0.1210817762464285,0.027567280977964403,-0.016358451843262234,0.02845673717558385
One-D-Piece,n01774750,64,0.09750593692064286,1.4486989402770996,0.059712933152914045,0.10889926806092262,1.470229434967041,0.07497115060687067,0.011393331140279767,0.021530494689941504,0.01525821745395662
One-D-Piece,n01774750,96,0.05427014723420145,0.8009387016296388,0.033036983609199516,0.054106436222791675,0.9115266990661616,0.04704046428203583,-0.00016371101140977284,0.11058799743652281,0.014003480672836313
One-D-Piece,n01774750,128,0.02916531026363373,0.41094753265380846,0.016026041805744164,0.02807619526982308,0.5272577285766599,0.024366194456815718,-0.0010891149938106505,0.11631019592285141,0.008340152651071554
One-D-Piece,n01774750,160,0.015222217440605163,0.2197568321228031,0.008013488352298733,0.01187721267342568,0.2864735794067379,0.01391726225614548,-0.0033450047671794835,0.06671674728393481,0.005903773903846747
One-D-Piece,n01774750,208,0.0037973991036415063,0.03076936721801733,0.0012350857257842974,0.003653202205896383,0.07881511688232401,0.0033791556954383874,-0.0001441968977451231,0.04804574966430668,0.00214406996965409
One-D-Piece,n01774750,256,0.0,0.0,0.0,0.0,0.0,0.0,0.0,0.0,0.0
One-D-Piece,n01784675,8,0.40587195530533793,3.5299733734130854,0.07918582871556282,0.37631646618247033,3.735588302612305,0.08617474026978016,-0.029555489122867595,0.20561492919921953,0.006988911554217339
One-D-Piece,n01784675,16,0.2969882325828076,2.7491269874572755,0.0690696044266224,0.2740935944020748,2.767814598083496,0.08272291183471679,-0.022894638180732785,0.018687610626220597,0.013653307408094395
One-D-Piece,n01784675,32,0.1791706497967243,2.0660860633850096,0.06731753945350648,0.17486494079232215,2.0438098716735835,0.07323916718363763,-0.004305709004402164,-0.02227619171142603,0.005921627730131149
One-D-Piece,n01784675,64,0.08921803534030914,1.3115363693237305,0.045201480537652966,0.09189792796969413,1.3047791671752926,0.05411595590412617,0.0026798926293849917,-0.006757202148437891,0.008914475366473204
One-D-Piece,n01784675,96,0.04999335378408433,0.9099733352661127,0.02757556945085526,0.04518355891108513,0.8769672012329098,0.030287834405899043,-0.0048097948729992,-0.03300613403320285,0.0027122649550437826
One-D-Piece,n01784675,128,0.02685626983642578,0.5504930114746089,0.014993469864130027,0.022972950041294092,0.4942141914367675,0.017186205536127094,-0.0038833197951316893,-0.05627882003784146,0.002192735671997067
One-D-Piece,n01784675,160,0.014199991524219515,0.35027086257934525,0.007295143306255343,0.010144089162349698,0.3083118438720701,0.00730706036090851,-0.004055902361869817,-0.04195901870727514,1.1917054653167586e-05
One-D-Piece,n01784675,208,0.004097237139940263,0.15493274688720657,0.0022168414294719677,0.0019535014033317502,0.11582744598388668,0.0025118324160575867,-0.0021437357366085124,-0.03910530090331989,0.00029499098658561894
One-D-Piece,n01784675,256,0.0,0.0,0.0,0.0,0.0,0.0,0.0,0.0,0.0
One-D-Piece,n01806143,8,0.4389792130887508,2.0114953231811525,0.041871294677257545,0.4170168408751488,3.0516028118133547,0.10429850772023201,-0.021962372213602033,1.0401074886322021,0.062427213042974466
One-D-Piece,n01806143,16,0.30605347797274596,1.4847988128662113,0.04460976436734199,0.3186864492297173,2.3962916946411132,0.09603847414255143,0.012632971256971326,0.911492881774902,0.051428709775209434
One-D-Piece,n01806143,32,0.17716058269143103,1.074426097869873,0.049727949649095535,0.21544792622327805,1.8451842880249023,0.08745067670941353,0.03828734353184701,0.7707581901550293,0.037722727060318
One-D-Piece,n01806143,64,0.09609854742884635,0.7336662101745606,0.03926354415714742,0.11327978640794754,1.1570728111267092,0.056321077421307555,0.01718123897910119,0.42340660095214866,0.017057533264160138
One-D-Piece,n01806143,96,0.05251248121261597,0.47387662887573256,0.024518539011478428,0.06002799659967423,0.7188956069946291,0.03182965382933616,0.007515515387058254,0.2450189781188965,0.007311114817857733
One-D-Piece,n01806143,128,0.029343590140342712,0.25469692230224605,0.013618178516626363,0.03248493984341621,0.42236673355102533,0.016821207255125047,0.003141349703073497,0.16766981124877928,0.003203028738498684
One-D-Piece,n01806143,160,0.011120785325765612,0.1519572830200196,0.0061662341654300816,0.014579081982374191,0.24483396530151388,0.006207862198352815,0.0034582966566085796,0.09287668228149429,4.162803292273327e-05
One-D-Piece,n01806143,208,0.0026041844487190236,0.03253696441650387,0.0012919808924198306,0.004148207604885098,0.07369512557983376,0.0006975500285625397,0.0015440231561660743,0.0411581611633299,-0.0005944308638572909
One-D-Piece,n01806143,256,0.0,0.0,0.0,0.0,0.0,0.0,0.0,0.0,0.0
One-D-Piece,n01820546,8,0.44429287403821943,4.113656425476075,0.1102782878279686,0.47148442357778547,5.529099750518799,0.14412715867161752,0.02719154953956604,1.415443325042724,0.03384887084364892
One-D-Piece,n01820546,16,0.3185988560318947,3.6056758308410646,0.10942884832620622,0.36115887612104414,4.678207950592041,0.13471836283802988,0.04256002008914944,1.0725321197509765,0.025289514511823652
One-D-Piece,n01820546,32,0.1898172205686569,2.7882376861572267,0.10049030154943467,0.23057731777429585,3.4243675804138185,0.11777223803102972,0.040760097205638945,0.6361298942565918,0.017281936481595053
One-D-Piece,n01820546,64,0.1025396341085434,1.7211355209350585,0.067054363489151,0.11618244141340256,2.026423931121826,0.07496876791119576,0.013642807304859159,0.30528841018676767,0.00791440442204476
One-D-Piece,n01820546,96,0.05254719316959382,0.9958877944946289,0.03799757212400437,0.06375447124242783,1.3069520378112793,0.04581473574042321,0.011207278072834018,0.3110642433166504,0.007817163616418842
One-D-Piece,n01820546,128,0.027844793498516082,0.560826473236084,0.018628995120525356,0.03319705605506897,0.8877186203002929,0.028192685097455986,0.005352262556552891,0.3268921470642089,0.00956368997693063
One-D-Piece,n01820546,160,0.01516564205288887,0.3840343475341793,0.01203622043132782,0.01729291319847108,0.46729085922241204,0.013650040179491042,0.0021272711455822095,0.08325651168823273,0.001613819748163223
One-D-Piece,n01820546,208,0.004645811468362809,0.10839935302734346,0.0025003013014793358,0.0031017085909843516,0.13184720993041985,0.0027133545279502905,-0.0015441028773784575,0.02344785690307638,0.00021305322647095478
One-D-Piece,n01820546,256,0.0,0.0,0.0,0.0,0.0,0.0,0.0,0.0,0.0
One-D-Piece,n01833805,8,0.424742427021265,5.424953994750976,0.15133480817079545,0.42866764321923256,4.678639392852784,0.1424254457652569,0.00392521619796754,-0.7463146018981925,-0.008909362405538551
One-D-Piece,n01833805,16,0.2999734650552273,4.7934378814697265,0.14005422353744507,0.3277097477018833,3.8806507492065423,0.1324051070213318,0.027736282646656008,-0.9127871322631842,-0.007649116516113275
One-D-Piece,n01833805,32,0.18175959900021554,3.6739303398132326,0.11880721837282181,0.22233906760811809,3.048443260192871,0.11970354869961738,0.04057946860790254,-0.6254870796203615,0.0008963303267955774
One-D-Piece,n01833805,64,0.09196591973304749,2.41697473526001,0.07192849844694138,0.12544610247015955,2.0091969299316403,0.0805962237715721,0.03348018273711206,-0.4077778053283696,0.008667725324630726
One-D-Piece,n01833805,96,0.04752760447561741,1.516628189086914,0.0417572358250618,0.06429184332489968,1.2277562522888181,0.04656503170728683,0.01676423884928227,-0.28887193679809586,0.004807795882225033
One-D-Piece,n01833805,128,0.02324494637548924,0.934161224365235,0.0229879966378212,0.033254796862602236,0.751062030792236,0.025828695893287654,0.010009850487112996,-0.18309919357299898,0.0028406992554664556
One-D-Piece,n01833805,160,0.012463972717523569,0.6679330062866212,0.013855642378330235,0.01630813479423523,0.4196331787109375,0.01458777397871017,0.003844162076711663,-0.2482998275756837,0.0007321316003799355
One-D-Piece,n01833805,208,0.0030985265225172043,0.19671014785766605,0.0038530799746513355,0.004342636764049536,0.11819221496582057,0.004384951889514922,0.0012441102415323316,-0.07851793289184548,0.0005318719148635861
One-D-Piece,n01833805,256,0.0,0.0,0.0,0.0,0.0,0.0,0.0,0.0,0.0
One-D-Piece,n01843383,8,0.470747526884079,4.582982006072998,0.14043471693992615,0.4780685606598854,5.596946449279785,0.17383549153804778,0.007321033775806396,1.0139644432067865,0.03340077459812163
One-D-Piece,n01843383,16,0.35411762475967407,4.008953304290771,0.13179744586348532,0.36566980808973315,4.838159351348877,0.16188905298709869,0.011552183330059085,0.829206047058106,0.030091607123613362
One-D-Piece,n01843383,32,0.2160911113023758,2.8871912384033203,0.11773434162139894,0.24400862574577334,3.660239353179931,0.13564645364880565,0.027917514443397545,0.7730481147766106,0.01791211202740671
One-D-Piece,n01843383,64,0.10879524648189545,1.7475410842895507,0.07949625626206398,0.12381332546472551,2.3169419479370115,0.08930461376905441,0.015018078982830058,0.5694008636474608,0.009808357506990426
One-D-Piece,n01843383,96,0.0581958681344986,1.1313572692871094,0.04631930425763131,0.06432246103882791,1.4108380317687987,0.05480655774474144,0.006126592904329313,0.2794807624816893,0.00848725348711013
One-D-Piece,n01843383,128,0.03033035635948181,0.6373315238952635,0.02635454908013344,0.034864429980516434,0.905147953033447,0.03189541727304459,0.004534073621034623,0.2678164291381835,0.00554086819291115
One-D-Piece,n01843383,160,0.015463114231824868,0.35613122940063463,0.014899812787771234,0.016666305363178265,0.5231335258483882,0.01596002981066704,0.0012031911313533962,0.1670022964477536,0.0010602170228958072
One-D-Piece,n01843383,208,0.004717938378453253,0.0989467620849608,0.0034984460473060663,0.004371558874845511,0.15895818710327095,0.004621008038520816,-0.0003463795036077414,0.06001142501831015,0.0011225619912147498
One-D-Piece,n01843383,256,0.0,0.0,0.0,0.0,0.0,0.0,0.0,0.0,0.0
One-D-Piece,n01847000,8,0.4130718538165093,3.693430671691894,0.07645659103989602,0.4377846609801054,5.002329807281495,0.14520142450928689,0.024712807163596084,1.3088991355896007,0.06874483346939086
One-D-Piece,n01847000,16,0.2980042836070061,3.2435567283630373,0.07296921610832215,0.327051502391696,4.204453907012939,0.14150808617472652,0.02904721878468991,0.9608971786499021,0.06853887006640437
One-D-Piece,n01847000,32,0.1821015813946724,2.3788519668579102,0.07235758930444719,0.21365075610578063,3.251141891479492,0.12174053072929382,0.03154917471110824,0.8722899246215818,0.04938294142484663
One-D-Piece,n01847000,64,0.0926861095428467,1.516125507354736,0.05480503097176553,0.11177905820310118,2.1343934631347654,0.07902897328138353,0.019092948660254475,0.6182679557800295,0.024223942309618003
One-D-Piece,n01847000,96,0.05071649461984634,1.027816581726074,0.03389923736453058,0.05761450283229352,1.2992341613769531,0.045535566210746774,0.006898008212447175,0.2714175796508791,0.011636328846216196
One-D-Piece,n01847000,128,0.02916731745004654,0.5976234817504882,0.018016007244586955,0.02966753371059895,0.8311133956909181,0.026865685582160955,0.0005002162605524108,0.23348991394042995,0.008849678337574
One-D-Piece,n01847000,160,0.014163802117109305,0.37151317596435535,0.00938037723302842,0.015035346671938893,0.456695785522461,0.013912457525730136,0.0008715445548295887,0.08518260955810564,0.004532080292701716
One-D-Piece,n01847000,208,0.003596387207508099,0.11348751068115213,0.0014449441432952965,0.003930576220154763,0.11513971328735359,0.0030051895976066583,0.000334189012646664,0.0016522026062014555,0.0015602454543113618
One-D-Piece,n01847000,256,0.0,0.0,0.0,0.0,0.0,0.0,0.0,0.0,0.0
One-D-Piece,n01855672,8,0.42360733523964883,3.887698192596436,0.06356158837676049,0.45414427436888216,5.863490982055664,0.16408587872982025,0.03053693912923333,1.975792789459228,0.10052429035305976
One-D-Piece,n01855672,16,0.3050627611577511,3.1804409217834473,0.06417907387018204,0.33485837377607824,4.950560512542725,0.14953830525279047,0.02979561261832714,1.7701195907592777,0.08535923138260842
One-D-Piece,n01855672,32,0.1876087512075901,2.3739099311828618,0.06469613298773766,0.22290940143167973,3.6900234603881836,0.12355143457651138,0.035300650224089625,1.3161135292053219,0.05885530158877372
One-D-Piece,n01855672,64,0.09321324497461321,1.4215883636474613,0.04674703165888786,0.11679263032972813,2.4814661598205565,0.08071772962808609,0.023579385355114918,1.0598777961730952,0.03397069796919822
One-D-Piece,n01855672,96,0.049816422909498226,0.8707571029663089,0.029085495322942738,0.06196784742176533,1.5671486091613769,0.04750439256429672,0.012151424512267105,0.696391506195068,0.018418897241353982
One-D-Piece,n01855672,128,0.028432719558477412,0.5389581680297856,0.015901201367378236,0.03237710215151309,0.9535348701477049,0.026617594361305237,0.003944382593035679,0.4145767021179193,0.010716392993927001
One-D-Piece,n01855672,160,0.015020011737942707,0.2880347442626956,0.008105782270431516,0.016350878402590738,0.6201744270324707,0.015150167346000673,0.001330866664648031,0.3321396827697751,0.007044385075569157
One-D-Piece,n01855672,208,0.004432018399238583,0.1068797302246094,0.0019479849934577963,0.00524676948785781,0.20838600158691406,0.0031550493836402954,0.0008147510886192264,0.10150627136230465,0.001207064390182499
One-D-Piece,n01855672,256,0.0,0.0,0.0,0.0,0.0,0.0,0.0,0.0,0.0
One-D-Piece,n01860187,8,0.4103908909857273,3.8144282150268554,0.05745928809046745,0.4560596163570881,5.442766685485839,0.16355268374085427,0.0456687253713608,1.628338470458984,0.10609339565038682
One-D-Piece,n01860187,16,0.2829412709176541,3.0437260055541993,0.05640770643949509,0.345229259878397,4.6533902072906494,0.1549824979156256,0.06228798896074289,1.6096642017364502,0.09857479147613052
One-D-Piece,n01860187,32,0.16978488996624946,2.24330135345459,0.05844176873564721,0.2321467150747776,3.5533938598632813,0.13213783875107765,0.06236182510852814,1.3100925064086915,0.07369607001543044
One-D-Piece,n01860187,64,0.08563219681382181,1.1635224151611332,0.04160145819187165,0.11627704471349716,1.982122459411621,0.08339495033025743,0.03064484789967535,0.8186000442504877,0.04179349213838578
One-D-Piece,n01860187,96,0.04439550831913948,0.6364143180847165,0.025489046126604086,0.061418192982673654,1.2138426208496096,0.04878354340791703,0.017022684663534175,0.5774283027648931,0.023294497281312946
One-D-Piece,n01860187,128,0.0235599322617054,0.3116304969787595,0.01157694697380067,0.030863772705197343,0.7326251029968261,0.026513181626796726,0.0073038404434919435,0.42099460601806665,0.014936234652996056
One-D-Piece,n01860187,160,0.01208406612277032,0.19715639114379896,0.00614294975996018,0.015302702262997632,0.324393806457519,0.013569527864456176,0.003218636140227313,0.12723741531372001,0.007426578104495997
One-D-Piece,n01860187,208,0.0022041034698486364,-0.047379169464111505,-0.0020044548809528273,0.0033398305252194446,0.10518066406249993,0.00396151900291443,0.0011357270553708082,0.15255983352661143,0.0059659738838672574
One-D-Piece,n01860187,256,0.0,0.0,0.0,0.0,0.0,0.0,0.0,0.0,0.0
One-D-Piece,n01882714,8,0.4605160653591156,3.2416755676269533,0.088270393460989,0.442150357067585,4.248650493621827,0.1636842092871666,-0.018365708291530614,1.0069749259948733,0.0754138158261776
One-D-Piece,n01882714,16,0.3385636079311371,2.855581455230713,0.0939605039358139,0.3495855352282524,3.8777596664428713,0.16265172004699707,0.01102192729711532,1.0221782112121582,0.06869121611118317
One-D-Piece,n01882714,32,0.2012581217288971,2.1789097785949707,0.09531107261776924,0.24270008355379105,3.1944873237609865,0.14647409588098528,0.04144196182489396,1.0155775451660158,0.05116302326321605
One-D-Piece,n01882714,64,0.1049159660935402,1.2986121177673338,0.06629712387919426,0.12887229442596437,2.008747844696045,0.09652167469263077,0.02395632833242417,0.7101357269287114,0.030224550813436515
One-D-Piece,n01882714,96,0.057610237896442415,0.7954883575439452,0.03846726983785629,0.06876275390386583,1.2546334075927734,0.06012973576784135,0.01115251600742341,0.4591450500488282,0.02166246592998506
One-D-Piece,n01882714,128,0.03235668659210206,0.4632996559143065,0.019331508576869962,0.034265532940626155,0.6999595642089844,0.02987238973379135,0.0019088463485240972,0.23665990829467792,0.010540881156921388
One-D-Piece,n01882714,160,0.017361619472503666,0.32942501068115243,0.011977397650480271,0.016278292536735538,0.32841312408447293,0.014284344315528871,-0.0010833269357681287,-0.001011886596679501,0.0023069466650486
One-D-Piece,n01882714,208,0.004437601268291477,0.06898124694824201,0.0017871302366256746,0.004039877355098725,0.12562177658081083,0.00298275053501129,-0.0003977239131927523,0.056640529632568826,0.0011956202983856156
One-D-Piece,n01882714,256,0.0,0.0,0.0,0.0,0.0,0.0,0.0,0.0,0.0
One-D-Piece,n01910747,8,0.2989511860907078,5.5460583686828615,0.11022668391466141,0.3882124352455139,3.4143723678588866,0.13743670389056206,0.0892612491548061,-2.131686000823975,0.027210019975900654
One-D-Piece,n01910747,16,0.22154470041394234,4.2138962554931645,0.07936451852321624,0.28958913266658787,2.785338726043701,0.13071892961859702,0.06804443225264553,-1.4285575294494635,0.051354411095380775
One-D-Piece,n01910747,32,0.14889259472489358,3.0417922019958494,0.06489117950201034,0.19712885320186616,2.2267879676818847,0.11787688970565796,0.04823625847697258,-0.8150042343139647,0.05298571020364762
One-D-Piece,n01910747,64,0.07594866037368775,1.8988460540771483,0.042678013145923614,0.10510196179151535,1.3793116188049317,0.07418867260217667,0.0291533014178276,-0.5195344352722167,0.03151065945625305
One-D-Piece,n01910747,96,0.039759416431188584,1.22370584487915,0.02606661170721054,0.05103789225220681,0.8612223243713377,0.041097472012043,0.011278475821018229,-0.3624835205078123,0.015030860304832461
One-D-Piece,n01910747,128,0.021544525548815727,0.7924442672729489,0.018425452113151556,0.02787327885627747,0.5037671089172364,0.023436318933963772,0.006328753307461743,-0.2886771583557125,0.005010866820812216
One-D-Piece,n01910747,160,0.010574033111333843,0.543669490814209,0.011652098894119264,0.01284358903765678,0.3110586738586424,0.014060566425323485,0.0022695559263229362,-0.23261081695556662,0.0024084675312042204
One-D-Piece,n01910747,208,0.002963824644684792,0.2357926177978515,0.002821914255619051,0.0029493856430053713,0.12629489898681637,0.005117478668689726,-1.4439001679420697e-05,-0.10949771881103512,0.002295564413070675
One-D-Piece,n01910747,256,0.0,0.0,0.0,0.0,0.0,0.0,0.0,0.0,0.0
One-D-Piece,n01944390,8,0.4399391621351242,4.334967231750488,0.1201012122631073,0.4427171915769577,5.462503643035888,0.15562123730778696,0.0027780294418335294,1.1275364112854005,0.03552002504467966
One-D-Piece,n01944390,16,0.3328425860404968,3.6596631431579594,0.1118216398358345,0.33827447295188906,4.521403846740722,0.14878396734595298,0.005431886911392236,0.8617407035827629,0.03696232751011848
One-D-Piece,n01944390,32,0.19935601472854614,2.6043885993957527,0.09875676497817039,0.22654710620641708,3.4440464210510253,0.1274030961096287,0.027191091477870938,0.8396578216552726,0.0286463311314583
One-D-Piece,n01944390,64,0.10486932158470154,1.6353131866455084,0.06872980564832688,0.12025878340005876,2.3028698921203614,0.08455438166856766,0.01538946181535722,0.667556705474853,0.015824576020240774
One-D-Piece,n01944390,96,0.055771963596344,1.1085983085632325,0.04398456856608392,0.06652690798044206,1.4256389999389651,0.048100833296775815,0.010754944384098054,0.31704069137573265,0.004116264730691897
One-D-Piece,n01944390,128,0.031280290186405185,0.68370174407959,0.02296719655394554,0.037390853464603434,0.9323319816589355,0.02684984415769577,0.006110563278198249,0.24863023757934555,0.00388264760375023
One-D-Piece,n01944390,160,0.016950143724679945,0.42813074111938504,0.0117009037733078,0.018589688986539846,0.5576091003417969,0.014143369793891906,0.001639545261859901,0.12947835922241185,0.0024424660205841064
One-D-Piece,n01944390,208,0.0036543463170528477,0.1093796348571781,0.0029896678030490887,0.006127741336822509,0.1626803970336916,0.0025473201274871797,0.0024733950197696614,0.053300762176513514,-0.000442347675561909
One-D-Piece,n01944390,256,0.0,0.0,0.0,0.0,0.0,0.0,0.0,0.0,0.0
One-D-Piece,n01983481,8,0.44158690810203555,3.8569982147216795,0.11595140814781191,0.4212837445735932,3.9843190193176268,0.12783222183585166,-0.02030316352844236,0.1273208045959473,0.011880813688039754
One-D-Piece,n01983481,16,0.33230461418628693,3.2946395874023438,0.11407708466053011,0.3218931519985199,3.241341781616211,0.1245400482416153,-0.010411462187767007,-0.053297805786132635,0.010462963581085186
One-D-Piece,n01983481,32,0.2130821305513382,2.358576374053955,0.10563758447766304,0.21860996901988985,2.6221235466003416,0.11389045476913452,0.005527838468551649,0.2635471725463865,0.008252870291471481
One-D-Piece,n01983481,64,0.11545234858989717,1.616213893890381,0.07150056958198547,0.11339686036109925,1.638676643371582,0.07477473765611649,-0.0020554882287979193,0.022462749481201083,0.0032741680741310147
One-D-Piece,n01983481,96,0.06541297137737274,0.9826488304138183,0.045183083713054656,0.058913338184356706,1.0639999580383297,0.044323445558547975,-0.006499633193016038,0.08135112762451135,-0.0008596381545066811
One-D-Piece,n01983481,128,0.03536666750907899,0.6236551094055177,0.02758339196443558,0.03122439771890641,0.6278859329223634,0.025498731136322016,-0.004142269790172581,0.004230823516845672,-0.0020846608281135624
One-D-Piece,n01983481,160,0.017942777574062346,0.3749931526184082,0.01428910642862321,0.014779639691114432,0.308809947967529,0.010663233399391176,-0.0031631378829479143,-0.06618320465087923,-0.0036258730292320334
One-D-Piece,n01983481,208,0.004221182465553284,0.11328815460205079,0.003763780891895296,0.0036948525905609168,0.07468067169189453,0.0014129453897476158,-0.000526329874992367,-0.038607482910156254,-0.00235083550214768
One-D-Piece,n01983481,256,0.0,0.0,0.0,0.0,0.0,0.0,0.0,0.0,0.0
One-D-Piece,n01986214,8,0.40670921340584754,4.31517650604248,0.07813610285520554,0.4066140225529671,3.142250461578369,0.1540814608335495,-9.51908528804557e-05,-1.172926044464111,0.07594535797834397
One-D-Piece,n01986214,16,0.3017937655746937,3.5368023109436035,0.07339484438300133,0.30963712900877005,2.8352786445617677,0.15184561267495156,0.007843363434076378,-0.7015236663818358,0.07845076829195023
One-D-Piece,n01986214,32,0.1905352009832859,2.666996479034424,0.07385776355862618,0.22004129916429518,2.243606128692627,0.13367385312914848,0.02950609818100927,-0.42339035034179684,0.0598160895705223
One-D-Piece,n01986214,64,0.10219123527407646,1.6364813804626466,0.05416839838027955,0.11356245011091232,1.4285412216186524,0.08968856647610664,0.011371214836835855,-0.2079401588439942,0.03552016809582709
One-D-Piece,n01986214,96,0.05450961515307426,1.0203390312194824,0.031216435432434086,0.061833833456039426,0.8477029418945314,0.05102962166070938,0.007324218302965167,-0.172636089324951,0.019813186228275294
One-D-Piece,n01986214,128,0.028642167598009104,0.6251585388183594,0.015084070712327959,0.03086118772625923,0.5007850646972658,0.03004492849111557,0.002219020128250128,-0.12437347412109356,0.014960857778787612
One-D-Piece,n01986214,160,0.015924235135316843,0.3923497200012204,0.007947186529636392,0.01621963381767273,0.28124507904052737,0.015496226549148555,0.00029539868235588587,-0.11110464096069306,0.007549040019512163
One-D-Piece,n01986214,208,0.003941705673933031,0.06377775192260689,0.0007675561308860812,0.0029115051031112647,0.08527103424072312,0.006001965999603267,-0.0010302005708217664,0.02149328231811623,0.005234409868717186
One-D-Piece,n01986214,256,0.0,0.0,0.0,0.0,0.0,0.0,0.0,0.0,0.0
One-D-Piece,n02007558,8,0.4215297843515873,4.84474479675293,0.11490349858999255,0.45785734288394453,4.319711084365845,0.12357979200780392,0.03632755853235725,-0.525033712387085,0.00867629341781137
One-D-Piece,n02007558,16,0.284749144166708,3.954502582550049,0.1101943838596344,0.3374890755861998,3.6007626342773436,0.12147549606859685,0.05273993141949179,-0.3537399482727053,0.011281112208962454
One-D-Piece,n02007558,32,0.17761210963129997,2.9933952713012695,0.10312508553266525,0.22160029165446762,2.762713470458985,0.10659246481955051,0.04398818202316765,-0.23068180084228462,0.003467379286885258
One-D-Piece,n02007558,64,0.09052535802125931,1.911901779174805,0.06726941004395486,0.11742052324116231,1.8928554916381837,0.0755516491085291,0.026895165219902997,-0.019046287536621298,0.008282239064574246
One-D-Piece,n02007558,96,0.049351342990994446,1.233145122528076,0.037420068681240086,0.06266602031886578,1.2196854591369632,0.04659713074564935,0.013314677327871338,-0.01345966339111282,0.009177062064409262
One-D-Piece,n02007558,128,0.026543487831950187,0.7252907943725586,0.02004999637603759,0.032381284311413766,0.6455740928649903,0.025975222438573843,0.005837796479463579,-0.07971670150756827,0.005925226062536253
One-D-Piece,n02007558,160,0.014179748147726054,0.4297389221191405,0.011810214817523952,0.01481899812817574,0.36237426757812535,0.013887135982513432,0.0006392499804496864,-0.06736465454101515,0.0020769211649894793
One-D-Piece,n02007558,208,0.0035775510966777795,0.07710687637329133,0.0024101728200912466,0.004135894551873209,0.14364757537841832,0.004043695628643039,0.0005583434551954293,0.06654069900512699,0.001633522808551792
One-D-Piece,n02007558,256,0.0,0.0,0.0,0.0,0.0,0.0,0.0,0.0,0.0
One-D-Piece,n02009912,8,0.40964458882808685,4.4420458030700685,0.10101515457034113,0.4052361286431551,5.871652860641479,0.12298200383782387,-0.0044084601849317395,1.4296070575714106,0.02196684926748274
One-D-Piece,n02009912,16,0.28093073070049285,3.718254871368408,0.09204545289278032,0.29420528389513495,4.794520282745362,0.11240859508514404,0.013274553194642102,1.0762654113769536,0.020363142192363723
One-D-Piece,n02009912,32,0.16595462083816528,2.7043029403686525,0.08906370982527732,0.18965309537947178,3.3325750732421877,0.09305227994918823,0.023698474541306497,0.6282721328735352,0.003988570123910906
One-D-Piece,n02009912,64,0.08173998281359675,1.6410465812683106,0.05888060554862022,0.09838385663926602,1.9675843811035163,0.06201115965843201,0.016643873825669273,0.3265377998352057,0.0031305541098117853
One-D-Piece,n02009912,96,0.04233532637357713,0.9411627197265621,0.03587638974189759,0.05188699997961521,1.3724241638183594,0.03856621712446213,0.009551673606038084,0.43126144409179734,0.0026898273825645413
One-D-Piece,n02009912,128,0.022959706485271462,0.5560220909118648,0.017951846122741706,0.028995688334107393,0.8479573631286621,0.020389657914638516,0.006035981848835931,0.29193527221679727,0.00243781179189681
One-D-Piece,n02009912,160,0.010535742491483686,0.3173965072631835,0.011096870899200448,0.015451584383845323,0.5400888824462894,0.013027460575103757,0.004915841892361637,0.22269237518310586,0.001930589675903309
One-D-Piece,n02009912,208,0.0021029932796955155,0.0749222183227539,0.0034616824984550483,0.005252251550555226,0.186311473846436,0.004839132428169255,0.0031492582708597104,0.1113892555236821,0.0013774499297142064
One-D-Piece,n02009912,256,0.0,0.0,0.0,0.0,0.0,0.0,0.0,0.0,0.0
One-D-Piece,n02051845,8,0.4047585985809565,4.197750339508056,0.10435831129550936,0.4619683699309826,5.048239269256592,0.1386538091301918,0.05720977135002614,0.8504889297485354,0.03429549783468243
One-D-Piece,n02051845,16,0.29263354070484643,3.607456073760986,0.0994246143102646,0.34588361069560053,4.187360439300537,0.13231188669800759,0.0532500699907541,0.579904365539551,0.032887272387742986
One-D-Piece,n02051845,32,0.18347143091261386,2.7600787925720214,0.08929087683558466,0.22394864156842234,3.095779685974121,0.11645323440432548,0.04047721065580848,0.3357008934020995,0.027162357568740816
One-D-Piece,n02051845,64,0.09173651866614818,1.6773416137695312,0.06155524551868439,0.11832952007651329,1.8944749069213866,0.0758732470870018,0.026593001410365108,0.21713329315185548,0.01431800156831741
One-D-Piece,n02051845,96,0.04874509207904339,1.0078997611999514,0.03909844309091568,0.06335708990693094,1.1938481712341307,0.04424273997545242,0.014611997827887552,0.18594841003417928,0.005144296884536742
One-D-Piece,n02051845,128,0.023631728217005737,0.6027322387695313,0.022684658765792846,0.03579426914453507,0.7958121490478516,0.027141824662685398,0.01216254092752933,0.19307991027832028,0.004457165896892552
One-D-Piece,n02051845,160,0.010673532709479332,0.36612890243530266,0.011363043785095221,0.01602799579501152,0.43386497497558607,0.014120168983936308,0.005354463085532189,0.06773607254028341,0.002757125198841087
One-D-Piece,n02051845,208,0.0019259814918041159,0.03489173889160121,0.0016944438219070495,0.004261282235383984,0.13372428894042987,0.003337841331958766,0.002335300743579868,0.09883255004882865,0.0016433975100517164
One-D-Piece,n02051845,256,0.0,0.0,0.0,0.0,0.0,0.0,0.0,0.0,0.0
One-D-Piece,n02056570,8,0.43721760004758836,4.504581928253175,0.09607024595141413,0.428709752112627,5.158303298950195,0.15320056259632112,-0.008507847934961343,0.6537213706970206,0.05713031664490699
One-D-Piece,n02056570,16,0.321694658100605,3.7598429107666016,0.09616080954670907,0.3342556895315647,4.6227430152893065,0.15357389658689502,0.012561031430959713,0.8629001045227049,0.05741308704018595
One-D-Piece,n02056570,32,0.18603956371545796,2.606455001831055,0.0892287041246891,0.23500480815768243,3.638134651184082,0.13585706502199174,0.04896524444222447,1.0316796493530274,0.04662836089730264
One-D-Piece,n02056570,64,0.10174692511558535,1.7053145599365234,0.065831129103899,0.12388658329844476,2.3003822135925294,0.09136857718229295,0.022139658182859415,0.595067653656006,0.02553744807839395
One-D-Piece,n02056570,96,0.054299369752407074,1.0835352897644044,0.03865966558456421,0.06455046176910402,1.4051773071289064,0.05623387783765794,0.010251092016696946,0.32164201736450204,0.017574212253093725
One-D-Piece,n02056570,128,0.02870640724897385,0.6804746818542483,0.022134563922882086,0.03159780904650689,0.7745603752136233,0.02880483835935593,0.0028914017975330414,0.094085693359375,0.0066702744364738435
One-D-Piece,n02056570,160,0.015214952826499943,0.3843677520751953,0.013455242514610295,0.01747347787022592,0.4771863937377929,0.01677820503711701,0.0022585250437259768,0.09281864166259762,0.0033229625225067137
One-D-Piece,n02056570,208,0.003447835445404056,0.07449918746948271,0.002547011673450474,0.003931614905595798,0.12718824386596694,0.0038293176889419565,0.00048377946019174207,0.05268905639648423,0.0012823060154914826
One-D-Piece,n02056570,256,0.0,0.0,0.0,0.0,0.0,0.0,0.0,0.0,0.0
One-D-Piece,n02066245,8,0.310217597335577,2.79500862121582,0.03222484007477761,0.438402192145586,5.740671634674072,0.13391645014286044,0.128184594810009,2.9456630134582524,0.10169161006808283
One-D-Piece,n02066245,16,0.19682732537388803,2.2339291000366206,0.04201201409101486,0.31171484455466275,4.545754776000977,0.12531207591295243,0.11488751918077472,2.3118256759643563,0.08330006182193757
One-D-Piece,n02066245,32,0.11831556841731074,1.3990810012817376,0.04478510171175004,0.20351912930607796,3.3599529838562012,0.10241022415459156,0.08520356088876722,1.9608719825744636,0.057625122442841514
One-D-Piece,n02066245,64,0.06515157863497735,0.9722503662109372,0.033978033214807524,0.09797516599297523,1.8626415252685546,0.06139721915125848,0.03282358735799788,0.8903911590576175,0.027419185936450957
One-D-Piece,n02066245,96,0.03590730622410775,0.6130969810485835,0.023128853440284734,0.051235577017068865,1.1727149009704592,0.03270328938961029,0.015328270792961111,0.5596179199218757,0.009574435949325558
One-D-Piece,n02066245,128,0.01976742744445801,0.39995023727416934,0.012076851576566712,0.02703519657254221,0.7994132423400879,0.018099583387374878,0.0072677691280842,0.3994630050659186,0.006022731810808165
One-D-Piece,n02066245,160,0.008905402868986135,0.2655755424499505,0.006022315621376049,0.014499163255095484,0.488226070404053,0.009696250259876256,0.005593760386109349,0.2226505279541025,0.003673934638500207
One-D-Piece,n02066245,208,0.002022685259580613,0.04267932891845639,0.0008830128610134172,0.00403084598481655,0.15496677398681666,0.0026128590106964116,0.0020081607252359374,0.11228744506836028,0.0017298461496829945
One-D-Piece,n02066245,256,0.0,0.0,0.0,0.0,0.0,0.0,0.0,0.0,0.0
One-D-Piece,n02071294,8,0.31362966999411585,4.320915813446045,0.056692897677421576,0.4369880446791649,5.355835952758789,0.1829179236292839,0.12335837468504907,1.034920139312744,0.12622502595186233
One-D-Piece,n02071294,16,0.20647431626915932,3.2666579627990724,0.06076102063059808,0.3318804135918617,4.775189628601074,0.17525460064411164,0.1254060973227024,1.508531665802002,0.11449358001351356
One-D-Piece,n02071294,32,0.13193195298314095,2.592248420715332,0.06516632646322251,0.2267738837003708,3.651120185852051,0.1477777300775051,0.09484193071722985,1.0588717651367188,0.0826114036142826
One-D-Piece,n02071294,64,0.06848135903477669,1.698469505310058,0.04669342130422593,0.12034741163253784,2.2645274353027345,0.09611771792173386,0.051866052597761156,0.5660579299926765,0.04942429661750793
One-D-Piece,n02071294,96,0.03834472194314004,1.0807654953002928,0.0266886891424656,0.06236157074570656,1.3142512321472168,0.05537843346595764,0.02401684880256652,0.23348573684692409,0.02868974432349204
One-D-Piece,n02071294,128,0.021817814856767658,0.668684215545654,0.01453577458858491,0.03313496381044387,0.8460105133056642,0.03163247436285019,0.01131714895367621,0.1773262977600102,0.017096699774265277
One-D-Piece,n02071294,160,0.011364187151193616,0.42108108520507753,0.008601838797330865,0.016033857911825176,0.4167473793029782,0.015460427403450012,0.00466967076063156,-0.004333705902099305,0.006858588606119147
One-D-Piece,n02071294,208,0.0034552796185016656,0.15470720291137677,0.002349633574485784,0.004254005253314969,0.11208478927612318,0.004573896527290342,0.0007987256348133032,-0.042622413635253584,0.0022242629528045578
One-D-Piece,n02071294,256,0.0,0.0,0.0,0.0,0.0,0.0,0.0,0.0,0.0
One-D-Piece,n02077923,8,0.417913351804018,4.195919952392578,0.08941971421241761,0.419274363219738,5.10221565246582,0.11632880687713623,0.0013610114157199815,0.9062957000732421,0.026909092664718623
One-D-Piece,n02077923,16,0.3162126322090626,3.466257495880127,0.08372059464454651,0.30762031823396685,4.295901184082031,0.11125321745872498,-0.008592313975095744,0.8296436882019043,0.027532622814178467
One-D-Piece,n02077923,32,0.18893430784344672,2.427763442993164,0.07512709587812424,0.2102544924616814,3.5726314353942867,0.10602733626961708,0.021320184618234678,1.1448679924011227,0.030900240391492834
One-D-Piece,n02077923,64,0.09770642384886742,1.6288880348205566,0.05614759057760239,0.1062620608508587,2.100824890136719,0.06811865746974945,0.008555637001991273,0.47193685531616225,0.01197106689214706
One-D-Piece,n02077923,96,0.054642638713121416,1.0499885177612303,0.03474757969379425,0.058349379152059566,1.4322000694274903,0.03998787552118302,0.0037067404389381498,0.3822115516662601,0.005240295827388768
One-D-Piece,n02077923,128,0.03080985590815544,0.8034101295471191,0.019651226103305813,0.032087885290384296,0.8863527870178222,0.02240028172731399,0.0012780293822288562,0.08294265747070306,0.0027490556240081787
One-D-Piece,n02077923,160,0.01719349876046181,0.4757140731811523,0.009561190307140355,0.015826531052589424,0.4935033416748042,0.011193057596683495,-0.0013669677078723859,0.017789268493651922,0.0016318672895431399
One-D-Piece,n02077923,208,0.004918902218341828,0.16819854736328113,0.002250501215457914,0.004775386899709709,0.17063531875610358,0.00323592543601989,-0.00014351531863211926,0.0024367713928224455,0.0009854242205619762
One-D-Piece,n02077923,256,0.0,0.0,0.0,0.0,0.0,0.0,0.0,0.0,0.0
One-D-Piece,n02085620,8,0.4412937349081039,5.6505642509460445,0.13695777952671054,0.4487946432828903,4.48744912147522,0.12694183975458145,0.007500908374786397,-1.1631151294708246,-0.010015939772129084
One-D-Piece,n02085620,16,0.32676310420036314,4.734168167114257,0.12648651182651519,0.3349292665719986,3.8414525413513183,0.12355660319328308,0.008166162371635477,-0.8927156257629387,-0.0029299086332321006
One-D-Piece,n02085620,32,0.2113771206140518,3.5572720336914063,0.11241388469934463,0.2138514143228531,2.849202899932861,0.1105747324228287,0.002474293708801284,-0.7080691337585452,-0.0018391522765159318
One-D-Piece,n02085620,64,0.11320591121912002,2.28317642211914,0.07789854794740676,0.10977574288845063,1.7631975936889646,0.06969551146030427,-0.003430168330669392,-0.5199788284301756,-0.008203036487102494
One-D-Piece,n02085620,96,0.060832905769348154,1.316237964630127,0.04478445440530778,0.057913017719984056,1.1622350692749024,0.04549321562051774,-0.0029198880493640986,-0.1540028953552246,0.0007087612152099562
One-D-Piece,n02085620,128,0.03167176336050033,0.7097679519653315,0.022936663925647735,0.03180416166782379,0.7104969596862796,0.02671438008546829,0.0001323983073234572,0.0007290077209480827,0.0037777161598205565
One-D-Piece,n02085620,160,0.016242855787277213,0.3801453208923341,0.01185332596302033,0.01611851036548613,0.40925464630126923,0.013627512454986574,-0.00012434542179108263,0.029109325408935127,0.0017741864919662443
One-D-Piece,n02085620,208,0.00447008073329925,0.1133683204650876,0.0036257237195968617,0.004278944432735441,0.14866054534912074,0.004146268665790555,-0.00019113630056380882,0.035292224884033135,0.0005205449461936937
One-D-Piece,n02085620,256,0.0,0.0,0.0,0.0,0.0,0.0,0.0,0.0,0.0
One-D-Piece,n02086240,8,0.413895463347435,5.222120513916016,0.09431207597255707,0.38687859907746314,4.537223262786865,0.11303123459219934,-0.027016864269971852,-0.6848972511291507,0.018719158619642268
One-D-Piece,n02086240,16,0.29738299846649174,4.38304801940918,0.09379405349493028,0.2771125967800618,3.890564403533936,0.11372320383787154,-0.020270401686429962,-0.4924836158752437,0.019929150342941265
One-D-Piece,n02086240,32,0.18295994460582732,3.331662349700927,0.09619014114141464,0.18268208160996438,3.057913551330566,0.10237462699413301,-0.0002778629958629375,-0.2737487983703608,0.006184485852718372
One-D-Piece,n02086240,64,0.09703409731388092,2.0137745857238767,0.06272817179560662,0.09234223529696467,1.833904991149903,0.0638866239786148,-0.004691862016916251,-0.17986959457397367,0.0011584521830081823
One-D-Piece,n02086240,96,0.05350747466087341,1.2566945075988765,0.03571803957223893,0.04715240135788919,1.156077766418457,0.038498455584049227,-0.006355073302984224,-0.10061674118041952,0.0027804160118102966
One-D-Piece,n02086240,128,0.0282711535692215,0.7137606430053711,0.019744635820388802,0.025474361181259154,0.701551685333252,0.019043171703815465,-0.0027967923879623456,-0.012208957672119158,-0.0007014641165733367
One-D-Piece,n02086240,160,0.014149723947048196,0.44994884490966813,0.010948181748390202,0.012454487085342405,0.42754262924194336,0.010398937761783602,-0.001695236861705791,-0.02240621566772477,-0.0005492439866065998
One-D-Piece,n02086240,208,0.0037527486681938156,0.16018337249755873,0.004086239337921148,0.0035703992843627986,0.10719461441040071,0.0026584303379058793,-0.00018234938383101694,-0.05298875808715803,-0.0014278090000152685
One-D-Piece,n02086240,256,0.0,0.0,0.0,0.0,0.0,0.0,0.0,0.0,0.0
One-D-Piece,n02088094,8,0.42491995841264724,3.5421261215209965,0.06599292874336243,0.40848325803875923,4.518228759765625,0.12815373986959458,-0.016436700373888002,0.9761026382446287,0.062160811126232146
One-D-Piece,n02088094,16,0.3063676062226296,2.9426138114929206,0.06916879445314407,0.3020532597601414,3.609998874664307,0.11990702658891678,-0.004314346462488183,0.6673850631713862,0.05073823213577271
One-D-Piece,n02088094,32,0.17591000437736512,2.3652074813842776,0.08430812507867813,0.1997081632912159,2.8013938140869135,0.1076512786746025,0.023798158913850787,0.43618633270263585,0.02334315359592437
One-D-Piece,n02088094,64,0.09377808392047882,1.4688828849792483,0.06439655542373658,0.10160869643092156,1.7695750427246089,0.07125709682703019,0.007830612510442744,0.3006921577453605,0.006860541403293605
One-D-Piece,n02088094,96,0.050125190019607545,0.9814853668212894,0.03988778829574586,0.052669747471809386,1.031433944702148,0.042081333696842194,0.0025445574522018413,0.04994857788085871,0.002193545401096335
One-D-Piece,n02088094,128,0.02574838757514954,0.629804363250733,0.021449402868747715,0.02829416871070862,0.5570530891418448,0.023988293111324315,0.0025457811355590783,-0.07275127410888815,0.0025388902425765997
One-D-Piece,n02088094,160,0.013871644884347913,0.36207401275634793,0.010918192565441132,0.015229404866695401,0.3758077621459959,0.014071166813373566,0.0013577599823474881,0.013733749389647998,0.0031529742479324344
One-D-Piece,n02088094,208,0.0038516527414321905,0.12575532913208043,0.0028534883260726974,0.00437942326068878,0.07432481765747039,0.0032727465033531235,0.0005277705192565894,-0.051430511474610044,0.00041925817728042606
One-D-Piece,n02088094,256,0.0,0.0,0.0,0.0,0.0,0.0,0.0,0.0,0.0
One-D-Piece,n02088238,8,0.4495810380578041,5.029775447845459,0.11158581674098969,0.4564252604544163,5.3226816368103025,0.158484827876091,0.0068442223966121984,0.2929061889648432,0.04689901113510131
One-D-Piece,n02088238,16,0.32378352850675585,4.449214725494385,0.10560184359550476,0.3409025301039219,4.604267158508301,0.14993437461555006,0.01711900159716606,0.1550524330139158,0.04433253102004531
One-D-Piece,n02088238,32,0.20406620651483537,3.446021900177002,0.10424545273184778,0.2161849744617939,3.4117210578918455,0.1313214097172022,0.012118767946958542,-0.034300842285156286,0.027075956985354407
One-D-Piece,n02088238,64,0.10204011529684069,2.1336460876464844,0.07287215948104858,0.110417045801878,2.094813213348389,0.08391566276550293,0.008376930505037308,-0.038832874298095454,0.011043503284454345
One-D-Piece,n02088238,96,0.05531204283237457,1.276757850646973,0.04316332489252091,0.05726786509156228,1.2578499412536621,0.04821393340826034,0.001955822259187709,-0.018907909393310884,0.005050608515739435
One-D-Piece,n02088238,128,0.030207852125167845,0.6935236930847168,0.02067200779914856,0.031671453565359116,0.7196789932250977,0.02695976883172989,0.0014636014401912707,0.02615530014038081,0.006287761032581329
One-D-Piece,n02088238,160,0.0168606498837471,0.45727151870727534,0.011295020878314967,0.01618855208158493,0.40092401504516617,0.013116966336965564,-0.00067209780216217,-0.056347503662109166,0.0018219454586505968
One-D-Piece,n02088238,208,0.003912035524845123,0.13254917144775383,0.003075577318668365,0.003858689963817591,0.10826467514038103,0.002823871672153473,-5.334556102753237e-05,-0.024284496307372797,-0.00025170564651489204
One-D-Piece,n02088238,256,0.0,0.0,0.0,0.0,0.0,0.0,0.0,0.0,0.0
One-D-Piece,n02088364,8,0.45410183936357507,5.155632972717285,0.11104030877351763,0.4273586295545101,5.492063989639282,0.14219656646251677,-0.02674320980906497,0.3364310169219973,0.031156257688999142
One-D-Piece,n02088364,16,0.3282845237851143,4.340313606262207,0.10434282079339029,0.31617982968688013,4.862704639434814,0.1362362477183342,-0.01210469409823417,0.5223910331726076,0.031893426924943916
One-D-Piece,n02088364,32,0.19257055819034577,3.309011363983154,0.09428747221827508,0.1975368492305279,3.594706974029541,0.11269423395395278,0.004966291040182119,0.28569561004638677,0.018406761735677707
One-D-Piece,n02088364,64,0.09597922772169115,2.1872321701049806,0.06607214376330377,0.10351849809288978,2.182215003967285,0.07190342545509339,0.007539270371198628,-0.00501716613769565,0.005831281691789619
One-D-Piece,n02088364,96,0.05237666547298432,1.313739719390869,0.038678682446479803,0.05441899582743645,1.365464553833008,0.04121417045593262,0.0020423303544521293,0.05172483444213882,0.002535488009452816
One-D-Piece,n02088364,128,0.02791193008422851,0.8209118270874023,0.021968561708927158,0.02907224416732787,0.8855538940429689,0.024687496423721315,0.0011603140830993598,0.06464206695556662,0.002718934714794157
One-D-Piece,n02088364,160,0.01386246621608735,0.507280044555664,0.011770755201578147,0.013735184520483003,0.4691955757141112,0.012635786533355717,-0.00012728169560434661,-0.03808446884155281,0.0008650313317775694
One-D-Piece,n02088364,208,0.003901006132364282,0.16284778594970706,0.0036117947101593066,0.003901381939649574,0.11129917144775386,0.0024606186151504518,3.758072852919417e-07,-0.051548614501953194,-0.0011511760950088548
One-D-Piece,n02088364,256,0.0,0.0,0.0,0.0,0.0,0.0,0.0,0.0,0.0
One-D-Piece,n02088466,8,0.4269377052783966,4.3018427658081055,0.0822076976299286,0.378994167894125,4.076146297454834,0.14565338000655173,-0.047943537384271595,-0.22569646835327184,0.06344568237662312
One-D-Piece,n02088466,16,0.30807509005069733,3.696194496154785,0.0820324367284775,0.264191317409277,3.390523662567139,0.13105018958449366,-0.04388377264142035,-0.30567083358764613,0.04901775285601616
One-D-Piece,n02088466,32,0.18890988558530808,2.829101142883301,0.08472081869840623,0.1670942063629627,2.5935781478881834,0.11710069492459298,-0.02181567922234537,-0.23552299499511742,0.03237987622618675
One-D-Piece,n02088466,64,0.09896505743265152,1.9786797332763673,0.06083198696374894,0.09099498495459557,1.6969246864318848,0.07350129678845406,-0.00797007247805595,-0.2817550468444825,0.01266930982470512
One-D-Piece,n02088466,96,0.05274976670742035,1.1985647201538085,0.03812826961278915,0.049289456456899645,1.0417106056213377,0.03915451526641845,-0.0034603102505207026,-0.1568541145324709,0.0010262456536292985
One-D-Piece,n02088466,128,0.029578608870506288,0.720259799957275,0.023122647106647493,0.026898350417613983,0.6161376571655276,0.01945824146270752,-0.002680258452892305,-0.10412214279174736,-0.0036644056439399733
One-D-Piece,n02088466,160,0.015672275274991983,0.3947704505920411,0.011284764707088479,0.01367901861667633,0.34696956634521486,0.010290821492671971,-0.0019932566583156543,-0.047800884246826214,-0.0009939432144165077
One-D-Piece,n02088466,208,0.0038219523429870584,0.10197328567504861,0.002619814872741704,0.0032891888916492472,0.09601465225219713,0.0007053545117378219,-0.0005327634513378112,-0.005958633422851481,-0.001914460361003882
One-D-Piece,n02088466,256,0.0,0.0,0.0,0.0,0.0,0.0,0.0,0.0,0.0
One-D-Piece,n02091032,8,0.4479615788161755,4.540678043365478,0.10828060612082484,0.4164018554985524,4.772977714538574,0.14240005135536193,-0.03155972331762308,0.23229967117309602,0.034119445234537096
One-D-Piece,n02091032,16,0.3394564650952816,3.8490533447265625,0.10214341372251512,0.30600945785641676,3.6675321578979494,0.125263067483902,-0.033447007238864845,-0.18152118682861307,0.023119653761386888
One-D-Piece,n02091032,32,0.20819082781672477,2.7977662467956543,0.0922735743224621,0.19600261315703396,2.708618640899658,0.10510838836431503,-0.012188214659690805,-0.08914760589599613,0.012834814041852938
One-D-Piece,n02091032,64,0.10514070734381675,1.7887048149108886,0.06593006730079651,0.10303992584347726,1.6268102264404296,0.062060289978981026,-0.002100781500339488,-0.161894588470459,-0.003869777321815482
One-D-Piece,n02091032,96,0.05698644146323205,1.159306812286377,0.037063706666231155,0.05441469222307206,1.1228489112854005,0.03832450717687608,-0.0025717492401599873,-0.036457901000976456,0.0012608005106449216
One-D-Piece,n02091032,128,0.03056427583098412,0.7388541221618651,0.018692835569381713,0.030532088577747352,0.7323825645446775,0.02313191831111908,-3.2187253236767854e-05,-0.00647155761718754,0.004439082741737366
One-D-Piece,n02091032,160,0.013973493576049805,0.4592814826965332,0.008748312890529634,0.014552382379770292,0.43248147964477524,0.012543151080608363,0.0005788888037204874,-0.026800003051757948,0.003794838190078729
One-D-Piece,n02091032,208,0.004054999053478238,0.1579564666748045,0.0029430358111858347,0.0030865737795829793,0.10084999084472614,0.003334598541259762,-0.0009684252738952582,-0.05710647583007837,0.00039156273007392734
One-D-Piece,n02091032,256,0.0,0.0,0.0,0.0,0.0,0.0,0.0,0.0,0.0
One-D-Piece,n02091134,8,0.4116250365972519,3.6193416595458983,0.05748463213443756,0.392808453887701,5.080671806335449,0.13675180643796922,-0.01881658270955089,1.4613301467895505,0.07926717430353167
One-D-Piece,n02091134,16,0.287081573009491,3.091933536529541,0.055517091304063806,0.2872289614379406,4.251795425415039,0.12179908126592637,0.00014738842844957967,1.159861888885498,0.06628198996186256
One-D-Piece,n02091134,32,0.16031558215618133,2.3595988273620607,0.06791550740599632,0.1864379920065403,3.143416366577148,0.10964639082551003,0.026122409850358963,0.7838175392150872,0.04173088341951371
One-D-Piece,n02091134,64,0.08338515758514405,1.6039497566223146,0.052343329936265955,0.10051526829600334,2.1223177528381347,0.07300131410360337,0.017130110710859292,0.5183679962158201,0.02065798416733742
One-D-Piece,n02091134,96,0.04370651364326476,1.0046886253356937,0.03135722398757935,0.053748645335435864,1.2724226379394528,0.04403205215930939,0.010042131692171101,0.26773401260375906,0.012674828171730039
One-D-Piece,n02091134,128,0.022612742781639095,0.5937041854858401,0.017680712640285496,0.02827100291848182,0.827383308410644,0.024393850266933442,0.005658260136842723,0.23367912292480386,0.006713137626647946
One-D-Piece,n02091134,160,0.012458305060863486,0.31663030624389654,0.01036301165819168,0.014598036557435981,0.5137706947326655,0.012315066158771513,0.0021397314965724955,0.19714038848876891,0.0019520545005798327
One-D-Piece,n02091134,208,0.002393844127655033,0.048516006469726564,-0.00015751481056213074,0.004550383538007729,0.1621081924438472,0.0028161981701850885,0.0021565394103526966,0.11359218597412063,0.0029737129807472194
One-D-Piece,n02091134,256,0.0,0.0,0.0,0.0,0.0,0.0,0.0,0.0,0.0
One-D-Piece,n02092339,8,0.42020313367247586,4.305386791229248,0.10259047448635103,0.41564160346984863,4.9907396888732904,0.10140163049101832,-0.004561530202627229,0.6853528976440426,-0.001188843995332714
One-D-Piece,n02092339,16,0.2973554401099682,3.7196671676635744,0.09901030361652374,0.30336046397686006,3.914850425720214,0.0907410217821598,0.006005023866891834,0.19518325805663972,-0.008269281834363942
One-D-Piece,n02092339,32,0.17354886040091513,2.830501117706299,0.10160988673567772,0.19190792858600617,2.766675987243652,0.08182965084910393,0.018359068185091032,-0.06382513046264693,-0.019780235886573794
One-D-Piece,n02092339,64,0.09342161223292353,1.8923548889160156,0.0707368029654026,0.0997040590643883,1.757760047912597,0.05700373902916908,0.006282446831464769,-0.13459484100341856,-0.013733063936233525
One-D-Piece,n02092339,96,0.05077851369976998,1.2370389556884764,0.042951803207397464,0.0528018680214882,1.0794035911560054,0.036368819177150735,0.0020233543217182196,-0.15763536453247107,-0.006582984030246729
One-D-Piece,n02092339,128,0.025788207799196248,0.7207884597778319,0.021272483468055735,0.025315644145011907,0.6142846488952629,0.020379661023616796,-0.0004725636541843409,-0.106503810882569,-0.0008928224444389385
One-D-Piece,n02092339,160,0.013077476918697371,0.48811515808105477,0.013034032583236694,0.012955514192581185,0.37841567993164,0.012214327454566956,-0.00012196272611618604,-0.10969947814941478,-0.0008197051286697385
One-D-Piece,n02092339,208,0.0036859889328479845,0.11339576721191406,0.002694226503372191,0.0026527655124664352,0.07482786178588803,0.0014234918355941829,-0.0010332234203815492,-0.03856790542602603,-0.001270734667778008
One-D-Piece,n02092339,256,0.0,0.0,0.0,0.0,0.0,0.0,0.0,0.0,0.0
One-D-Piece,n02094433,8,0.4135060396790504,4.532338809967041,0.09129845768213274,0.3939877887070179,4.329164199829101,0.10238313347101212,-0.019518250972032525,-0.20317461013793991,0.01108467578887938
One-D-Piece,n02094433,16,0.29764510065317157,3.86503231048584,0.09231692790985109,0.27560710564255714,3.6609783363342285,0.10118941009044649,-0.02203799501061443,-0.20405397415161142,0.0088724821805954
One-D-Piece,n02094433,32,0.18549067825078963,3.1131134986877442,0.09641550496220591,0.16411023572087288,2.493518791198731,0.09130169406533244,-0.02138044252991675,-0.6195947074890134,-0.005113810896873475
One-D-Piece,n02094433,64,0.0944283187389374,1.9332102584838864,0.06319772005081177,0.08428176805377006,1.4668234443664554,0.054508228600025195,-0.01014655068516733,-0.466386814117431,-0.008689491450786575
One-D-Piece,n02094433,96,0.04792449563741684,1.0880638885498042,0.033247317075729386,0.04443594977259636,0.8477690505981448,0.029149349331855777,-0.0034885458648204817,-0.2402948379516594,-0.0040979677438736095
One-D-Piece,n02094433,128,0.02489800006151199,0.5687786102294919,0.018590342998504653,0.023829950541257857,0.54464376449585,0.01575820416212083,-0.001068049520254133,-0.024134845733641996,-0.0028321388363838247
One-D-Piece,n02094433,160,0.011609221994876857,0.28729196548461894,0.009872597455978398,0.011280664652585983,0.32096891403198213,0.009210253655910496,-0.0003285573422908746,0.033676948547363195,-0.0006623438000679018
One-D-Piece,n02094433,208,0.0036355136334896075,0.08699678421020479,0.0028353029489517293,0.002067405432462687,0.13911828994751047,0.002920165061950689,-0.0015681082010269203,0.05212150573730567,8.48621129989598e-05
One-D-Piece,n02094433,256,0.0,0.0,0.0,0.0,0.0,0.0,0.0,0.0,0.0
One-D-Piece,n02096585,8,0.4455469997227192,5.379410324096679,0.14198350042104724,0.45316678076982503,5.207831478118896,0.1657456134259701,0.007619781047105811,-0.17157884597778317,0.02376211300492287
One-D-Piece,n02096585,16,0.3228005261719227,4.532035293579102,0.12704749211668967,0.33795628100633623,4.627038917541505,0.15611595578491688,0.01515575483441356,0.0950036239624028,0.029068463668227212
One-D-Piece,n02096585,32,0.20090274289250373,3.4811901473999023,0.11324640527367592,0.22801733195781712,3.547066497802734,0.13461053341627122,0.027114589065313388,0.0658763504028319,0.021364128142595293
One-D-Piece,n02096585,64,0.10532117679715157,2.140593814849854,0.07476291701197625,0.11396115005016329,2.1688071632385255,0.0860054485499859,0.008639973253011718,0.028213348388671733,0.01124253153800965
One-D-Piece,n02096585,96,0.05907092228531838,1.3067431259155275,0.04606372579932213,0.06067056044936181,1.3218273544311523,0.052351563423872004,0.001599638164043432,0.015084228515624742,0.006287837624549875
One-D-Piece,n02096585,128,0.03112028703093529,0.7869785308837893,0.023373030871152882,0.029690937101840977,0.7650443458557128,0.02656414389610291,-0.0014293499290943118,-0.021934185028076536,0.003191113024950027
One-D-Piece,n02096585,160,0.015861357897520058,0.4854665946960451,0.013983302414417262,0.014145898520946507,0.45082269668579117,0.013332045972347262,-0.001715459376573551,-0.034643898010253915,-0.0006512564420699998
One-D-Piece,n02096585,208,0.004681570529937731,0.1321289634704591,0.0026544798910617807,0.0027737319469451948,0.1463781166076663,0.0037955176830291783,-0.0019078385829925364,0.014249153137207204,0.0011410377919673976
One-D-Piece,n02096585,256,0.0,0.0,0.0,0.0,0.0,0.0,0.0,0.0,0.0
One-D-Piece,n02097298,8,0.40455925911664964,4.788258895874024,0.07655766993761064,0.4216312611103058,5.005346565246582,0.12009622976183891,0.01707200199365616,0.21708766937255852,0.04353855982422827
One-D-Piece,n02097298,16,0.287768848836422,3.9171850395202643,0.07687457889318466,0.29971487820148474,4.1708810424804685,0.11033031746745109,0.011946029365062727,0.2536960029602042,0.033455738574266425
One-D-Piece,n02097298,32,0.17891057521104814,2.8787052726745603,0.07926476195454597,0.19351113438606263,3.3096539688110354,0.10284427091479302,0.014600559175014488,0.430948696136475,0.023579508960247048
One-D-Piece,n02097298,64,0.09247577220201494,1.5435116767883303,0.05138444989919662,0.10413316339254379,1.9396510124206543,0.06399741888046266,0.011657391190528846,0.39613933563232395,0.012612968981266043
One-D-Piece,n02097298,96,0.05160325586795808,1.0010468673706057,0.0306536415219307,0.055866759866476066,1.1556275177001956,0.038976176381111144,0.004263503998517985,0.1545806503295899,0.008322534859180445
One-D-Piece,n02097298,128,0.026168743073940282,0.5020223808288573,0.014858743548393243,0.029131807386875156,0.6045918273925782,0.022345314621925353,0.002963064312934874,0.10256944656372091,0.00748657107353211
One-D-Piece,n02097298,160,0.015124041140079498,0.3218068122863771,0.00846356391906738,0.01390482157468796,0.3036786651611328,0.01149377942085266,-0.001219219565391538,-0.0181281471252443,0.003030215501785281
One-D-Piece,n02097298,208,0.003535821735858924,0.0647045898437501,0.002379564046859741,0.003587194085121156,0.09227876663208001,0.002971858978271487,5.137234926223203e-05,0.027574176788329907,0.0005922949314117456
One-D-Piece,n02097298,256,0.0,0.0,0.0,0.0,0.0,0.0,0.0,0.0,0.0
One-D-Piece,n02098286,8,0.40466628700494767,5.309101257324219,0.10989730283617974,0.42684479996562,4.8059227085113525,0.10999687016010286,0.02217851296067236,-0.5031785488128664,9.956732392311929e-05
One-D-Piece,n02098286,16,0.2834801450371742,4.17967435836792,0.09102112114429474,0.3158605711162091,3.9359747695922853,0.10142166346311571,0.03238042607903485,-0.24369958877563436,0.010400542318820968
One-D-Piece,n02098286,32,0.17721295565366746,3.264225559234619,0.08604647547006607,0.20167363390326504,2.7895758056640627,0.09111482858657839,0.02446067824959758,-0.4746497535705565,0.005068353116512325
One-D-Piece,n02098286,64,0.09515623539686204,2.0735511779785156,0.05484513372182846,0.10059295907616617,1.614693126678467,0.061946287751197815,0.005436723679304131,-0.45885805130004864,0.007101154029369353
One-D-Piece,n02098286,96,0.049608000218868256,1.2493919563293456,0.03227118760347367,0.0533252401649952,1.0703880691528322,0.04045023500919342,0.003717239946126945,-0.1790038871765134,0.008179047405719751
One-D-Piece,n02098286,128,0.02656606137752533,0.7245204162597656,0.01665602028369903,0.028431247621774677,0.6486075019836426,0.022597547769546512,0.0018651862442493478,-0.07591291427612301,0.005941527485847482
One-D-Piece,n02098286,160,0.013506067097187041,0.47141117095947216,0.010602057278156274,0.01263271316885949,0.32621707916259757,0.011320816576480859,-0.0008733539283275523,-0.1451940917968746,0.0007187592983245849
One-D-Piece,n02098286,208,0.004185960590839388,0.15816942214965835,0.0033732256293296757,0.0028328706324100505,0.09306543350219748,0.0021859517693519582,-0.0013530899584293372,-0.06510398864746086,-0.0011872738599777175
One-D-Piece,n02098286,256,0.0,0.0,0.0,0.0,0.0,0.0,0.0,0.0,0.0
One-D-Piece,n02099601,8,0.43532504230737684,4.576507968902588,0.09515173107385637,0.3994967794418335,3.975711917877197,0.09527096867561341,-0.03582826286554336,-0.6007960510253909,0.00011923760175704123
One-D-Piece,n02099601,16,0.31441768318414687,3.946528968811035,0.09378710150718689,0.28119129717350005,3.1883798599243165,0.09098344027996064,-0.03322638601064681,-0.7581491088867187,-0.0028036612272262507
One-D-Piece,n02099601,32,0.18693388134241104,2.96942102432251,0.0937750366330147,0.17999089837074284,2.554176521301269,0.08893164068460464,-0.0069429829716682046,-0.41524450302124105,-0.004843395948410059
One-D-Piece,n02099601,64,0.09741946130990983,1.7298301887512206,0.06376014322042467,0.09337305009365082,1.6826209449768061,0.06265640527009964,-0.0040464112162590105,-0.04720924377441449,-0.0011037379503250344
One-D-Piece,n02099601,96,0.05220535755157472,1.106853446960449,0.04145830839872361,0.05294521003961563,1.1272396659851072,0.03882594972848892,0.0007398524880409124,0.020386219024658203,-0.0026323586702346885
One-D-Piece,n02099601,128,0.028795955479145055,0.7561618423461912,0.023165485262870798,0.027412704229354854,0.6682276535034178,0.0199971655011177,-0.001383251249790201,-0.08793418884277338,-0.0031683197617530974
One-D-Piece,n02099601,160,0.014823044538497927,0.4751091575622555,0.012547312676906598,0.01430670887231826,0.44523239135742143,0.013292633295059197,-0.0005163356661796667,-0.029876766204834093,0.0007453206181525993
One-D-Piece,n02099601,208,0.0033878344297408997,0.13591018676757818,0.0026078894734382707,0.003332500457763668,0.1484299087524409,0.004062854051589962,-5.533397197723163e-05,0.012519721984862703,0.001454964578151691
One-D-Piece,n02099601,256,0.0,0.0,0.0,0.0,0.0,0.0,0.0,0.0,0.0
One-D-Piece,n02099712,8,0.42487710952758795,5.3954129219055185,0.11604837015271187,0.40319849863648416,5.057942867279053,0.11026386648416521,-0.02167861089110379,-0.33747005462646573,-0.005784503668546659
One-D-Piece,n02099712,16,0.29769246518611914,4.4568017387390135,0.10721296191215515,0.28443628028035167,4.011798038482666,0.10482166528701782,-0.013256184905767465,-0.44500370025634783,-0.002391296625137332
One-D-Piece,n02099712,32,0.17960866570472722,3.291773872375489,0.10070197612047195,0.17583899512887002,3.0569715118408207,0.09482812225818636,-0.003769670575857198,-0.23480236053466808,-0.0058738538622855885
One-D-Piece,n02099712,64,0.09200557112693789,2.1374767684936526,0.06800792247056961,0.08767626717686654,1.7761835861206057,0.05927382290363312,-0.004329303950071348,-0.361293182373047,-0.008734099566936493
One-D-Piece,n02099712,96,0.04900087982416154,1.2419587898254398,0.04044860601425171,0.04783091515302659,1.082861099243164,0.033224178850650786,-0.0011699646711349487,-0.15909769058227585,-0.007224427163600923
One-D-Piece,n02099712,128,0.026273163557052618,0.7211734962463381,0.022047277688980103,0.025234223455190666,0.6236152839660646,0.01665479034185409,-0.0010389401018619515,-0.0975582122802735,-0.005392487347126013
One-D-Piece,n02099712,160,0.014429646432399763,0.4490320396423344,0.012983668446540838,0.012371198534965527,0.36056787490844755,0.00804581582546234,-0.002058447897434236,-0.08846416473388685,-0.004937852621078497
One-D-Piece,n02099712,208,0.003294397294521339,0.10647001266479514,0.004355994462966919,0.003573625832796107,0.13450841903686578,0.0019597095251083383,0.00027922853827476793,0.02803840637207064,-0.002396284937858581
One-D-Piece,n02099712,256,0.0,0.0,0.0,0.0,0.0,0.0,0.0,0.0,0.0
One-D-Piece,n02102318,8,0.4240897977352142,4.774934768676758,0.09620187640190127,0.3891988888382912,4.478060874938965,0.11935670435428619,-0.034890908896923034,-0.2968738937377928,0.023154827952384924
One-D-Piece,n02102318,16,0.30426212430000305,3.878102207183838,0.09071982815861702,0.28442210763692855,3.670681400299072,0.11293444469571115,-0.0198400166630745,-0.2074208068847656,0.022214616537094126
One-D-Piece,n02102318,32,0.1848961144685745,3.0232424926757813,0.09821766972541811,0.17862356096506118,2.8740826225280762,0.09889369070529938,-0.006272553503513328,-0.14915987014770504,0.0006760209798812727
One-D-Piece,n02102318,64,0.09715628743171692,1.9179224014282226,0.06759816348552704,0.0960203978419304,1.8109249305725101,0.06602946385741235,-0.0011358895897865262,-0.10699747085571243,-0.001568699628114692
One-D-Piece,n02102318,96,0.0548454463481903,1.2766570663452148,0.03931860134005548,0.054893932789564136,1.1093217277526854,0.038005990087986004,4.848644137383368e-05,-0.16733533859252936,-0.0013126112520694747
One-D-Piece,n02102318,128,0.026822288930416098,0.7196460342407227,0.018768432885408404,0.028742262125015263,0.6406706428527832,0.017551033496856695,0.001919973194599165,-0.07897539138793952,-0.0012173993885517091
One-D-Piece,n02102318,160,0.015122204124927515,0.44108228683471695,0.01050580680370331,0.013553454279899593,0.38131740570068373,0.009043172001838686,-0.0015687498450279221,-0.05976488113403322,-0.0014626348018646242
One-D-Piece,n02102318,208,0.003870097696781155,0.12683776855468745,0.0023427139222621926,0.00419412314891814,0.11914659500122028,0.002640109062194829,0.0003240254521369849,-0.0076911735534671705,0.00029739513993263644
One-D-Piece,n02102318,256,0.0,0.0,0.0,0.0,0.0,0.0,0.0,0.0,0.0
One-D-Piece,n02106030,8,0.42577608928084376,4.850361061096192,0.1083150614798069,0.41285347655415533,4.772563934326172,0.10562203347682952,-0.012922612726688432,-0.07779712677001971,-0.0026930280029773823
One-D-Piece,n02106030,16,0.2873450194299221,4.001894569396972,0.10188230827450755,0.3032411743700505,3.9300443077087404,0.10199672788381577,0.015896154940128415,-0.07185026168823194,0.00011441960930821948
One-D-Piece,n02106030,32,0.16661569818854333,3.2590356826782227,0.10568067371845245,0.20007659032940864,2.9615727043151856,0.09678619414567947,0.03346089214086531,-0.29746297836303714,-0.008894479572772979
One-D-Piece,n02106030,64,0.08802491322159767,1.9447198104858392,0.06811370253562928,0.10441789194941523,1.6747966384887696,0.061497466266155244,0.01639297872781756,-0.2699231719970696,-0.006616236269474031
One-D-Piece,n02106030,96,0.047536823600530624,1.1407364654541015,0.0371544498205185,0.05626222893595696,1.0695951843261724,0.0363838991522789,0.008725405335426338,-0.07114128112792906,-0.0007705506682395974
One-D-Piece,n02106030,128,0.024855592399835588,0.6713333511352537,0.019357710182666778,0.02906597033143044,0.6748959922790527,0.018034876585006715,0.004210377931594851,0.0035626411437990058,-0.0013228335976600628
One-D-Piece,n02106030,160,0.012032781392335889,0.42423467636108386,0.010429159402847292,0.015644122511148453,0.4243895339965822,0.010899507105350495,0.0036113411188125645,0.00015485763549832887,0.0004703477025032026
One-D-Piece,n02106030,208,0.0026878596842288913,0.15952497482299782,0.0029414525628089845,0.0032119679450988738,0.108616428375244,0.002213006615638732,0.0005241082608699824,-0.05090854644775382,-0.0007284459471702527
One-D-Piece,n02106030,256,0.0,0.0,0.0,0.0,0.0,0.0,0.0,0.0,0.0
One-D-Piece,n02106166,8,0.4506106644868851,5.0151629066467285,0.13354633152484896,0.4374544548988342,5.69018928527832,0.15179854944348337,-0.01315620958805086,0.6750263786315918,0.018252217918634406
One-D-Piece,n02106166,16,0.3078900820016861,4.148109951019287,0.12163292542099954,0.3217785161733627,4.855272083282471,0.14594359800219536,0.013888434171676622,0.7071621322631838,0.02431067258119582
One-D-Piece,n02106166,32,0.1834329980611801,3.1655423164367678,0.11343997746706008,0.20591320097446442,3.6062371826171873,0.12430574730038643,0.022480202913284314,0.44069486618041953,0.01086576983332635
One-D-Piece,n02106166,64,0.09624379187822342,1.895890254974365,0.07364986911416055,0.1074548289179802,2.141085510253906,0.0778051307797432,0.011211037039756774,0.2451952552795411,0.004155261665582652
One-D-Piece,n02106166,96,0.05374379247426988,1.1069025993347166,0.043624139130115515,0.05650889486074448,1.221195068359375,0.04330537021160127,0.0027651023864746008,0.1142924690246585,-0.0003187689185142478
One-D-Piece,n02106166,128,0.026978923380374907,0.618237476348877,0.021940687596797945,0.029507510066032402,0.7238172531127924,0.02485346674919129,0.0025285866856574954,0.10557977676391539,0.0029127791523933452
One-D-Piece,n02106166,160,0.01293720036745071,0.3281951904296872,0.012350387871265411,0.01435934707522392,0.3599677467346191,0.01311504900455475,0.0014221467077732107,0.03177255630493192,0.0007646611332893394
One-D-Piece,n02106166,208,0.003791593015193939,0.06744302749633793,0.0020557948946952824,0.00421455040574073,0.14143787384033207,0.003915629386901854,0.00042295739054679093,0.07399484634399414,0.0018598344922065714
One-D-Piece,n02106166,256,0.0,0.0,0.0,0.0,0.0,0.0,0.0,0.0,0.0
One-D-Piece,n02106550,8,0.4220055592060089,4.453616466522217,0.09253330379724505,0.4317473158240318,5.260493001937866,0.15091376140713694,0.009741756618022901,0.8068765354156495,0.0583804576098919
One-D-Piece,n02106550,16,0.2903422033786774,3.462755737304687,0.0922503101825714,0.30397315651178364,4.314784107208252,0.14185373380780222,0.01363095313310625,0.8520283699035645,0.04960342362523082
One-D-Piece,n02106550,32,0.17660398483276368,2.7212986564636226,0.09451102375984194,0.19633975118398667,3.3896384048461914,0.12750146970152856,0.019735766351222983,0.6683397483825688,0.032990445941686625
One-D-Piece,n02106550,64,0.09180784851312637,1.708525867462158,0.06586869150400161,0.10471202820539474,2.010537300109863,0.08291003793478013,0.01290417969226837,0.302011432647705,0.017041346430778523
One-D-Piece,n02106550,96,0.05254449486732483,1.028882961273193,0.03953855574131013,0.059045923948287976,1.214304676055908,0.0515704694390297,0.006501429080963149,0.18542171478271507,0.012031913697719575
One-D-Piece,n02106550,128,0.02686081051826478,0.6530940628051751,0.023634273707866672,0.029768652319908148,0.7629516792297361,0.02874614208936692,0.0029078418016433676,0.10985761642456093,0.005111868381500247
One-D-Piece,n02106550,160,0.014053337424993526,0.37273878097534136,0.01378282606601716,0.014739471077919002,0.3872007560729979,0.012845713198184972,0.0006861336529254761,0.014461975097656565,-0.0009371128678321884
One-D-Piece,n02106550,208,0.0034931343793868984,0.11629949569702087,0.001902499496936797,0.004049802869558338,0.1013306045532224,0.00415964037179947,0.0005566684901714392,-0.014968891143798471,0.0022571408748626727
One-D-Piece,n02106550,256,0.0,0.0,0.0,0.0,0.0,0.0,0.0,0.0,0.0
One-D-Piece,n02106662,8,0.4455373525619507,4.520142273902893,0.09818027719855309,0.4131749764084816,5.0705963897705075,0.1411684922873974,-0.0323623761534691,0.5504541158676144,0.0429882150888443
One-D-Piece,n02106662,16,0.3018667268753052,3.6660746002197264,0.08743928149342536,0.30695464760065083,4.336224222183228,0.1277181948721409,0.0050879207253456404,0.6701496219635015,0.04027891337871553
One-D-Piece,n02106662,32,0.17947898745536806,2.7405287551879884,0.0927571947872639,0.19995762437582015,3.5073957252502446,0.11958890378475191,0.020478636920452098,0.7668669700622561,0.02683170899748802
One-D-Piece,n02106662,64,0.09222724914550781,1.627838935852051,0.0637722635269165,0.10409389168024064,2.235218963623047,0.0781530088186264,0.011866642534732824,0.6073800277709958,0.014380745291709893
One-D-Piece,n02106662,96,0.05170613348484039,1.0526992797851564,0.03814619839191438,0.058334231078624725,1.357101917266846,0.048566144108772275,0.006628097593784334,0.3044026374816895,0.010419945716857892
One-D-Piece,n02106662,128,0.027693994343280796,0.6101334381103518,0.01815766334533692,0.03093210026621819,0.859037303924561,0.024127272963523863,0.0032381059229373947,0.2489038658142092,0.005969609618186943
One-D-Piece,n02106662,160,0.012963037192821499,0.3931653022766117,0.012395958006381989,0.015097465813159943,0.48930862426757843,0.015350810289382934,0.0021344286203384445,0.09614332199096676,0.0029548522830009447
One-D-Piece,n02106662,208,0.002576849162578583,0.13116384506225617,0.003198217749595643,0.004034203737974158,0.11466594696044898,0.004167620539665223,0.0014573545753955746,-0.0164978981018072,0.0009694027900695795
One-D-Piece,n02106662,256,0.0,0.0,0.0,0.0,0.0,0.0,0.0,0.0,0.0
One-D-Piece,n02108089,8,0.43780627846717834,4.578321990966797,0.10319547250866892,0.42453977644443514,4.649933242797852,0.13266959220170974,-0.01326650202274321,0.07161125183105455,0.029474119693040812
One-D-Piece,n02108089,16,0.3132798951864243,3.719629554748536,0.09832288369536402,0.31397819995880133,3.9341725730896,0.12503652453422545,0.0006983047723770341,0.21454301834106415,0.026713640838861435
One-D-Piece,n02108089,32,0.18891189038753514,2.948661613464356,0.10052013322710993,0.21086867690086364,2.9647035598754887,0.11326662719249725,0.021956786513328497,0.016041946411132546,0.012746493965387323
One-D-Piece,n02108089,64,0.0991443857550621,1.9139632606506354,0.06948741853237154,0.1105545449256897,1.8988479232788091,0.07742761969566346,0.011410159170627598,-0.015115337371826243,0.007940201163291916
One-D-Piece,n02108089,96,0.05581029236316681,1.130890350341797,0.040824544876813904,0.05683822780847549,1.1291861534118655,0.041196769177913664,0.0010279354453086864,-0.0017041969299316229,0.00037222430109976057
One-D-Piece,n02108089,128,0.028663914799690257,0.6470614624023442,0.02252205431461336,0.03036086797714233,0.6559342575073248,0.021485270261764527,0.0016969531774520714,0.008872795104980624,-0.0010367840528488319
One-D-Piece,n02108089,160,0.014877720475196839,0.3277993774414065,0.012384012639522561,0.015851838886737815,0.3724963569641119,0.010323879122734067,0.0009741184115409762,0.04469697952270535,-0.0020601335167884944
One-D-Piece,n02108089,208,0.00323205351829529,0.07448333740234432,0.0025472608208656445,0.003167646527290338,0.10595811843872145,0.0024641692638397196,-6.440699100495207e-05,0.03147478103637713,-8.309155702592493e-05
One-D-Piece,n02108089,256,0.0,0.0,0.0,0.0,0.0,0.0,0.0,0.0,0.0
One-D-Piece,n02108915,8,0.4376101429760456,5.893487586975097,0.13644296005368234,0.44155409663915635,4.8841579627990725,0.1517005501687527,0.003943953663110733,-1.0093296241760248,0.015257590115070357
One-D-Piece,n02108915,16,0.3226739896833897,5.02256067276001,0.1238270153105259,0.32377844721078874,4.033715648651123,0.14173848211765291,0.001104457527399072,-0.9888450241088869,0.01791146680712702
One-D-Piece,n02108915,32,0.19849464908242226,3.7405187034606935,0.10701618745923044,0.21623145878314973,3.0802609634399416,0.12435156047344208,0.01773680970072747,-0.6602577400207519,0.017335373014211633
One-D-Piece,n02108915,64,0.09995527878403665,2.0930622482299808,0.06972334802150727,0.11559177428483965,1.8867071151733399,0.08203579783439637,0.015636495500802997,-0.20635513305664088,0.012312449812889092
One-D-Piece,n02108915,96,0.05382117554545403,1.2882250595092777,0.0399420714378357,0.06266834482550622,1.2270571517944335,0.051970625817775735,0.008847169280052192,-0.06116790771484415,0.012028554379940035
One-D-Piece,n02108915,128,0.0301829107105732,0.7999067687988284,0.023823091685771944,0.03211060196161271,0.6995396995544435,0.02635854095220566,0.0019276912510395074,-0.10036706924438488,0.0025354492664337175
One-D-Piece,n02108915,160,0.01502179831266403,0.4593044662475589,0.012593896090984345,0.013760214895009988,0.40226318359375,0.01277695268392563,-0.0012615834176540417,-0.05704128265380887,0.0001830565929412855
One-D-Piece,n02108915,208,0.003619761019945138,0.19071273803710945,0.003965945839881898,0.0038646623492240924,0.13212066650390614,0.0028769746422767626,0.0002449013292789544,-0.05859207153320331,-0.0010889711976051352
One-D-Piece,n02108915,256,0.0,0.0,0.0,0.0,0.0,0.0,0.0,0.0,0.0
One-D-Piece,n02109525,8,0.4405769561231137,5.327130737304688,0.10795750498771667,0.3838953450322151,4.624106826782227,0.17217895239591602,-0.05668161109089859,-0.7030239105224609,0.06422144740819935
One-D-Piece,n02109525,16,0.3228700064122677,4.496604061126709,0.10359594941139222,0.27804797500371936,3.9296217155456543,0.15039867699146273,-0.044822031408548346,-0.5669823455810543,0.04680272758007051
One-D-Piece,n02109525,32,0.19055854603648187,3.2850080871582024,0.09773596912622452,0.18458682388067246,3.0194129943847656,0.12917358309030536,-0.005971722155809406,-0.26559509277343674,0.03143761396408083
One-D-Piece,n02109525,64,0.0995876766741276,2.0349122810363767,0.0692604586482048,0.0973699826002121,1.7695313835144046,0.07699027001857757,-0.002217694073915505,-0.265380897521972,0.007729811370372763
One-D-Piece,n02109525,96,0.05529312774538994,1.1878740310668947,0.040554925799369805,0.0523563614487648,1.1320052909851075,0.04357680916786194,-0.0029367662966251415,-0.055868740081787216,0.0030218833684921356
One-D-Piece,n02109525,128,0.028992548435926448,0.7144770812988278,0.022394996881484986,0.026985755711793905,0.6519672393798828,0.02508604347705841,-0.0020067927241325424,-0.06250984191894504,0.002691046595573423
One-D-Piece,n02109525,160,0.014546329230070123,0.41901268005371095,0.013592877686023715,0.015084575414657592,0.36055973052978524,0.014441907405853277,0.0005382461845874695,-0.05845294952392571,0.0008490297198295617
One-D-Piece,n02109525,208,0.0033788679540157373,0.1188683700561523,0.0031408658623695313,0.002425122708082204,0.08409406661987323,0.003419870138168336,-0.0009537452459335333,-0.034774303436279075,0.0002790042757988046
One-D-Piece,n02109525,256,0.0,0.0,0.0,0.0,0.0,0.0,0.0,0.0,0.0
One-D-Piece,n02110185,8,0.4544981563091278,5.0771723556518555,0.12914952948689462,0.4326837123930454,4.656174745559692,0.1980287703871727,-0.021814443916082393,-0.4209976100921633,0.06887924090027808
One-D-Piece,n02110185,16,0.32837163090705873,4.468816032409668,0.12357592761516571,0.32825589016079904,4.179716110229492,0.19684419602155687,-0.00011574074625969599,-0.289099922180176,0.07326826840639115
One-D-Piece,n02110185,32,0.1963805478811264,3.466084766387939,0.11554128274321557,0.22267256185412407,3.1899223136901855,0.17299339711666106,0.026292013972997658,-0.2761624526977533,0.057452114373445495
One-D-Piece,n02110185,64,0.10276922553777697,2.224323959350586,0.08236481949687004,0.11872316524386406,1.9472189712524415,0.10829884201288223,0.015953939706087092,-0.27710498809814466,0.025934022516012192
One-D-Piece,n02110185,96,0.05506402015686036,1.4250029754638671,0.04656766146421432,0.06573714025318622,1.217716083526611,0.06056091234087945,0.010673120096325858,-0.20728689193725613,0.013993250876665128
One-D-Piece,n02110185,128,0.02701640546321869,0.8199703216552732,0.023296565115451813,0.03381837151944636,0.730222835540771,0.03322391301393509,0.006801966056227671,-0.08974748611450212,0.009927347898483277
One-D-Piece,n02110185,160,0.013881383538246148,0.4750176429748534,0.012851698100566866,0.017366402372717856,0.3847076988220212,0.017180285155773165,0.003485018834471708,-0.09030994415283217,0.0043285870552063
One-D-Piece,n02110185,208,0.003631567656993861,0.11882444381713853,0.0027920162677764863,0.003844860792160025,0.09528020858764631,0.004004573225975038,0.0002132931351661641,-0.023544235229492214,0.0012125569581985518
One-D-Piece,n02110185,256,0.0,0.0,0.0,0.0,0.0,0.0,0.0,0.0,0.0
One-D-Piece,n02110341,8,0.4364869782328606,4.08556697845459,0.14390346467494963,0.41747639417648313,4.144351043701172,0.16375580340623855,-0.019010584056377455,0.05878406524658164,0.019852338731288915
One-D-Piece,n02110341,16,0.3084567376971245,3.522028102874756,0.13914290472865104,0.30513732194900517,3.549338111877441,0.16067676082253457,-0.0033194157481193365,0.02731000900268521,0.02153385609388353
One-D-Piece,n02110341,32,0.18643901377916336,2.62348934173584,0.12240568190813064,0.20125358462333678,2.765309467315674,0.14213571801781655,0.014814570844173425,0.14182012557983414,0.019730036109685906
One-D-Piece,n02110341,64,0.10163399487733842,1.7166120719909668,0.08442929416894912,0.1029057314991951,1.6750182914733889,0.09193795263767242,0.0012717366218566867,-0.041593780517577894,0.007508658468723298
One-D-Piece,n02110341,96,0.054656993448734294,1.0168143463134767,0.04762726366519928,0.05366860508918763,1.0227830123901367,0.05471102982759475,-0.000988388359546663,0.005968666076660023,0.00708376616239547
One-D-Piece,n02110341,128,0.029879182875156406,0.5997185516357422,0.02531625986099243,0.027023847699165354,0.5949464988708499,0.031498607397079464,-0.002855335175991052,-0.004772052764892232,0.006182347536087034
One-D-Piece,n02110341,160,0.015595650672912596,0.3650425338745116,0.012480040788650512,0.012533262968063359,0.3218939590454105,0.014823352098464965,-0.0030623877048492378,-0.04314857482910106,0.0023433113098144526
One-D-Piece,n02110341,208,0.0037624111771583585,0.10562271118164084,0.0027538064122199996,0.002719447910785683,0.030142612457275498,0.0020875316858291635,-0.0010429632663726757,-0.07548009872436534,-0.0006662747263908361
One-D-Piece,n02110341,256,0.0,0.0,0.0,0.0,0.0,0.0,0.0,0.0,0.0
One-D-Piece,n02110958,8,0.4558087000250816,4.864890899658203,0.11594455659389497,0.40808169782161713,4.291990146636963,0.15590193808078767,-0.047727002203464486,-0.5729007530212398,0.03995738148689271
One-D-Piece,n02110958,16,0.33332567662000656,4.030163249969482,0.10848227828741075,0.3009382385015488,3.650346851348877,0.15084981590509414,-0.032387438118457734,-0.37981639862060534,0.04236753761768339
One-D-Piece,n02110958,32,0.20884969383478164,2.9516781997680663,0.10001145020127299,0.19546593099832535,2.788264675140381,0.13304099649190904,-0.013383762836456287,-0.16341352462768555,0.03302954629063605
One-D-Piece,n02110958,64,0.10607535421848296,1.8950147247314455,0.06961469918489457,0.10639994204044344,1.901403636932373,0.08567521125078201,0.0003245878219604731,0.006388912200927521,0.016060512065887433
One-D-Piece,n02110958,96,0.05791902333498001,1.1024744033813478,0.03924894928932191,0.05798293977975846,1.2369974517822264,0.05176190227270126,6.391644477845432e-05,0.1345230484008786,0.012512952983379351
One-D-Piece,n02110958,128,0.030033958852291112,0.5463740539550783,0.019230816662311558,0.028598967194557186,0.7220610618591309,0.028442730307579035,-0.0014349916577339264,0.17568700790405256,0.009211913645267477
One-D-Piece,n02110958,160,0.01472247064113617,0.3181633567810059,0.008603145480155954,0.013914248645305645,0.36200292587280286,0.013869380354881286,-0.0008082219958305253,0.04383956909179698,0.005266234874725332
One-D-Piece,n02110958,208,0.003772351741790766,0.07623386383056652,0.0021290299296379154,0.0036234809458255807,0.10261348724365245,0.0030137908458709715,-0.00014887079596518542,0.02637962341308593,0.0008847609162330561
One-D-Piece,n02110958,256,0.0,0.0,0.0,0.0,0.0,0.0,0.0,0.0,0.0
One-D-Piece,n02112018,8,0.41061957433819773,5.081371669769286,0.09029092192649842,0.4065894980728626,4.888603134155273,0.10987009450793267,-0.004030076265335136,-0.19276853561401275,0.019579172581434254
One-D-Piece,n02112018,16,0.2882787944376469,4.220502433776855,0.0805332261323929,0.2984954924881459,3.989872417449951,0.10146671786904335,0.010216698050498962,-0.23063001632690394,0.020933491736650447
One-D-Piece,n02112018,32,0.16995946511626245,3.2149578666687004,0.08553130745887758,0.1936846674978733,2.9968041610717773,0.09408821746706962,0.023725202381610855,-0.21815370559692315,0.008556910008192045
One-D-Piece,n02112018,64,0.08605049476027489,2.077088985443115,0.054867310523986815,0.10272235617041588,1.8912071800231935,0.05882024168968201,0.016671861410140987,-0.1858818054199214,0.0039529311656951935
One-D-Piece,n02112018,96,0.04711094304919244,1.1996561622619626,0.027868016362190256,0.054541539698839195,1.268822631835938,0.03562931731343269,0.007430596649646758,0.06916646957397532,0.007761300951242434
One-D-Piece,n02112018,128,0.023827703148126603,0.6116834259033201,0.012523180246353153,0.026890554726123818,0.7009724235534666,0.019514008611440658,0.0030628515779972144,0.08928899765014642,0.006990828365087505
One-D-Piece,n02112018,160,0.011233301907777788,0.3588986968994138,0.007358958125114434,0.013687055855989455,0.35072980880737353,0.009728633910417553,0.0024537539482116667,-0.00816888809204025,0.0023696757853031184
One-D-Piece,n02112018,208,0.0033395038545131674,0.11106771469116157,0.0023191452026367163,0.003728938251733784,0.10795736312866236,0.0026018837094306897,0.0003894343972206168,-0.003110351562499211,0.00028273850679397337
One-D-Piece,n02112018,256,0.0,0.0,0.0,0.0,0.0,0.0,0.0,0.0,0.0
One-D-Piece,n02112137,8,0.44104891508817673,4.974653530120849,0.08592198312282565,0.39590737119317054,5.133503522872925,0.15485603705048562,-0.045141543895006186,0.15884999275207523,0.06893405392765997
One-D-Piece,n02112137,16,0.3108774754405022,4.238140258789062,0.0823854398727417,0.28760253205895425,4.0642125701904295,0.14532963395118714,-0.023274943381547952,-0.17392768859863228,0.06294419407844544
One-D-Piece,n02112137,32,0.17617318540811538,3.0477696037292477,0.08572546407580375,0.18847619846463204,3.0843538856506347,0.12972127854824067,0.012303013056516654,0.036584281921387074,0.04399581447243692
One-D-Piece,n02112137,64,0.08926167368888857,1.951826057434081,0.06166176632046701,0.10165973201394081,1.8806873512268067,0.07952414870262146,0.012398058325052239,-0.07113870620727436,0.017862382382154457
One-D-Piece,n02112137,96,0.047723773717880266,1.1926560783386224,0.03601952701807022,0.05258090674877167,1.1128268814086915,0.045076748728752135,0.004857133030891407,-0.07982919692993096,0.009057221710681913
One-D-Piece,n02112137,128,0.024293088912963876,0.640068626403808,0.01766789078712465,0.024794734120368967,0.6325934982299808,0.02434115707874298,0.0005016452074050916,-0.007475128173827228,0.006673266291618331
One-D-Piece,n02112137,160,0.012064087986946111,0.37786218643188396,0.0105528086423874,0.012362466454505916,0.34296363830566434,0.010057488083839413,0.0002983784675598053,-0.03489854812621962,-0.0004953205585479879
One-D-Piece,n02112137,208,0.0027512592077255297,0.0785981750488272,0.001992035508155826,0.002501180022954945,0.10449131011962891,0.0020431792736053467,-0.00025007918477058496,0.02589313507080171,5.114376544952063e-05
One-D-Piece,n02112137,256,0.0,0.0,0.0,0.0,0.0,0.0,0.0,0.0,0.0
One-D-Piece,n02113023,8,0.4396960937976837,5.2332550811767575,0.10301535159349444,0.44421986401081087,5.205417594909668,0.15129903465509417,0.004523770213127165,-0.027837486267089595,0.04828368306159973
One-D-Piece,n02113023,16,0.3199832391738892,4.340594005584716,0.09618617340922357,0.3312941986322403,4.380946102142334,0.14461660951375963,0.011310959458351089,0.04035209655761829,0.048430436104536054
One-D-Piece,n02113023,32,0.1972610890865326,3.116816120147705,0.09177503407001496,0.21339178264141082,3.3124379730224605,0.12534851491451265,0.016130693554878228,0.1956218528747553,0.0335734808444977
One-D-Piece,n02113023,64,0.09859848082065582,1.9191723823547358,0.059707813411951076,0.10979299187660219,2.0448547554016114,0.08011751264333725,0.011194511055946363,0.12568237304687568,0.02040969923138617
One-D-Piece,n02113023,96,0.0569145405292511,1.20843355178833,0.035600973963737494,0.06052086174488069,1.3489519119262692,0.049724820256233225,0.0036063212156295862,0.14051836013793917,0.014123846292495731
One-D-Piece,n02113023,128,0.03149716347455979,0.7857781410217284,0.01891163468360901,0.03220534652471543,0.7596172142028805,0.027856168150901802,0.0007081830501556377,-0.02616092681884785,0.008944533467292792
One-D-Piece,n02113023,160,0.01550420686602592,0.5060450935363769,0.011615985333919523,0.01613809853792191,0.4079530525207516,0.013851696848869327,0.0006338916718959878,-0.09809204101562535,0.0022357115149498046
One-D-Piece,n02113023,208,0.0034586027264595044,0.16324508666992163,0.0023056823015212974,0.002986028045415877,0.1209508323669434,0.003242757916450504,-0.0004725746810436272,-0.04229425430297823,0.0009370756149292064
One-D-Piece,n02113023,256,0.0,0.0,0.0,0.0,0.0,0.0,0.0,0.0,0.0
One-D-Piece,n02113624,8,0.41527366653084763,5.637090454101562,0.09479585498571395,0.3681704568862915,4.936317596435547,0.11382235288619996,-0.04710320964455611,-0.7007728576660153,0.01902649790048601
One-D-Piece,n02113624,16,0.29923915401101114,4.619328289031983,0.09224377766251564,0.2729409235715866,4.291429176330566,0.10821586169302465,-0.02629823043942453,-0.3278991127014166,0.01597208403050901
One-D-Piece,n02113624,32,0.19678639307618145,3.662463264465332,0.09147103518247607,0.17258090764284134,3.0867938423156738,0.09334711357951164,-0.024205485433340113,-0.5756694221496583,0.0018760783970355743
One-D-Piece,n02113624,64,0.10058450087904931,2.2311570549011233,0.060969808101654054,0.09109004274010658,1.8663187789916988,0.06289480060338974,-0.00949445813894273,-0.3648382759094244,0.001924992501735688
One-D-Piece,n02113624,96,0.05511588141322138,1.5431530570983887,0.035964943170547485,0.049513015002012245,1.2037293243408203,0.03770704418420792,-0.005602866411209134,-0.33942373275756843,0.0017421010136604367
One-D-Piece,n02113624,128,0.028745501488447203,0.8023058700561515,0.01892313063144684,0.027832723706960678,0.7142474365234378,0.022690249532461168,-0.0009127777814865248,-0.0880584335327137,0.003767118901014329
One-D-Piece,n02113624,160,0.015597896724939357,0.481199493408203,0.010702154636383061,0.014505733549594875,0.47239410400390613,0.012315656840801244,-0.0010921631753444822,-0.00880538940429687,0.001613502204418183
One-D-Piece,n02113624,208,0.004472275525331513,0.20464359283447212,0.0034844446182250998,0.0038121388852596157,0.14943939208984386,0.0026767833530902912,-0.0006601366400718974,-0.05520420074462826,-0.0008076612651348085
One-D-Piece,n02113624,256,0.0,0.0,0.0,0.0,0.0,0.0,0.0,0.0,0.0
One-D-Piece,n02113799,8,0.4234020256996155,5.1447724342346195,0.09160933732986452,0.38252005144953727,4.327151155471801,0.11209941864013671,-0.040881974250078223,-0.8176212787628181,0.02049008131027219
One-D-Piece,n02113799,16,0.2982126593589783,4.174228096008301,0.09140865102410317,0.2679165701568127,3.404610900878906,0.0988263487815857,-0.030296089202165588,-0.7696171951293951,0.007417697757482522
One-D-Piece,n02113799,32,0.18025609225034714,3.03811939239502,0.09073722139000895,0.1733705921471119,2.4719641494750975,0.085408054292202,-0.0068855001032352425,-0.5661552429199226,-0.005329167097806953
One-D-Piece,n02113799,64,0.09538017600774767,1.7565634536743164,0.05824974656105041,0.09154441401362419,1.3767675018310548,0.05260532468557358,-0.003835761994123485,-0.37979595184326165,-0.0056444218754768335
One-D-Piece,n02113799,96,0.05229791194200516,1.126621417999268,0.03344411790370941,0.04870480298995972,0.8379476165771481,0.033584797084331514,-0.00359310895204544,-0.28867380142211985,0.00014067918062210527
One-D-Piece,n02113799,128,0.029539389312267298,0.6896329689025882,0.019587270915508274,0.025382337719202043,0.49443201065063475,0.01968734532594681,-0.004157051593065255,-0.19520095825195344,0.00010007441043853593
One-D-Piece,n02113799,160,0.015598737299442288,0.4269931793212892,0.010654418170452118,0.012588300406932831,0.29035993576049823,0.01039067208766937,-0.003010436892509457,-0.13663324356079098,-0.00026374608278274814
One-D-Piece,n02113799,208,0.0036315606534480993,0.07793220520019553,0.0014167284965515131,0.002857225239276889,0.0829697227478026,0.002294392883777619,-0.0007743354141712105,0.005037517547607062,0.0008776643872261058
One-D-Piece,n02113799,256,0.0,0.0,0.0,0.0,0.0,0.0,0.0,0.0,0.0
One-D-Piece,n02114367,8,0.4250232371687889,4.258834419250488,0.10264527261257174,0.4089849865436554,4.217857151031494,0.12458087772130966,-0.016038250625133532,-0.0409772682189935,0.02193560510873792
One-D-Piece,n02114367,16,0.29931389361619953,3.6428420639038093,0.09887908771634102,0.31182221412658695,3.5597470092773436,0.1164602978527546,0.012508320510387416,-0.08309505462646571,0.017581210136413575
One-D-Piece,n02114367,32,0.17554216474294662,2.6880689811706544,0.09659040600061417,0.1987946981191635,2.772318878173828,0.10723870992660522,0.023252533376216883,0.08424989700317376,0.01064830392599106
One-D-Piece,n02114367,64,0.08796505272388461,1.64573335647583,0.06750502362847328,0.10164248049259188,1.7173376083374021,0.07322156637907029,0.01367742776870727,0.07160425186157204,0.005716542750597006
One-D-Piece,n02114367,96,0.049819014370441436,1.048746795654297,0.04002449035644532,0.055583195686340334,1.1393498992919922,0.043977110683918,0.0057641813158988975,0.09060310363769508,0.003952620327472678
One-D-Piece,n02114367,128,0.02605503290891647,0.5750932502746585,0.02000359535217286,0.030085564553737645,0.6808533477783202,0.023166973888874055,0.004030531644821176,0.10576009750366167,0.0031633785367011953
One-D-Piece,n02114367,160,0.013092176020145407,0.3049884033203128,0.00993094205856324,0.015576191991567607,0.3889142417907714,0.011364315152168274,0.0024840159714222005,0.08392583847045859,0.0014333730936050351
One-D-Piece,n02114367,208,0.004088902771472932,0.061328449249267794,0.0027069109678268515,0.0039337964355945585,0.14626485824584942,0.002447973489761354,-0.0001551063358783732,0.08493640899658163,-0.00025893747806549766
One-D-Piece,n02114367,256,0.0,0.0,0.0,0.0,0.0,0.0,0.0,0.0,0.0
One-D-Piece,n02117135,8,0.4109671400487423,2.3241719245910644,0.025659722834825517,0.41375228434801103,3.515670070648193,0.09224149614572527,0.002785144299268738,1.1914981460571288,0.06658177331089976
One-D-Piece,n02117135,16,0.2912811534106732,1.7606297492980958,0.024407495707273484,0.3053089347481728,2.7356488418579104,0.09369926005601883,0.0140277813374996,0.9750190925598146,0.06929176434874534
One-D-Piece,n02117135,32,0.14694588258862498,1.3859846496582031,0.043511524498462684,0.2014022144675255,2.1002470207214348,0.08567244052886963,0.054456331878900505,0.7142623710632316,0.04216091603040695
One-D-Piece,n02117135,64,0.07203404501080514,0.9461281585693362,0.039410131573677065,0.10744336366653444,1.3668777847290037,0.05986827045679093,0.0354093186557293,0.4207496261596675,0.020458138883113867
One-D-Piece,n02117135,96,0.03859007671475411,0.6194121551513672,0.024192578345537195,0.05857867807149888,1.0102254676818847,0.0391054767370224,0.019988601356744767,0.39081331253051754,0.014912898391485206
One-D-Piece,n02117135,128,0.021074881106615068,0.3464059638977053,0.013743362873792648,0.029538347423076636,0.5782503509521484,0.022212417721748364,0.008463466316461568,0.2318443870544431,0.008469054847955716
One-D-Piece,n02117135,160,0.011285978704690931,0.20115076065063472,0.007823116928339003,0.016320441067218784,0.3202644538879392,0.011754747629165653,0.005034462362527853,0.1191136932373045,0.00393163070082665
One-D-Piece,n02117135,208,0.00390231892466545,-0.0007174491882323153,-0.0005024866759777038,0.004669851362705232,0.1394332504272462,0.003212153315544133,0.0007675324380397824,0.14015069961547852,0.003714639991521837
One-D-Piece,n02117135,256,0.0,0.0,0.0,0.0,0.0,0.0,0.0,0.0,0.0
One-D-Piece,n02119022,8,0.432116187363863,4.034410152435303,0.07892932921648027,0.4511932337284088,4.694323673248291,0.12394187003374099,0.019077046364545824,0.6599135208129878,0.04501254081726072
One-D-Piece,n02119022,16,0.3092673017084599,3.3276468849182135,0.07845620259642602,0.3352655619382858,4.143896560668946,0.1182921713590622,0.02599826022982593,0.8162496757507323,0.039835968762636176
One-D-Piece,n02119022,32,0.18392500802874567,2.5387855529785157,0.08724930882453918,0.21717669278383256,3.0927219009399414,0.10342094466090203,0.033251684755086885,0.5539363479614257,0.016171635836362844
One-D-Piece,n02119022,64,0.09262328192591669,1.613603572845459,0.06262046799063684,0.11194594562053682,1.8654533767700194,0.06478194773197174,0.01932266369462013,0.25184980392456047,0.002161479741334904
One-D-Piece,n02119022,96,0.05040700390934944,0.9936636352539062,0.036709367334842674,0.05668155252933503,1.0972957801818848,0.037095385491847994,0.0062745486199855885,0.10363214492797856,0.00038601815700532033
One-D-Piece,n02119022,128,0.027009636908769615,0.578631210327148,0.01994419604539871,0.029764956831932064,0.7195646476745604,0.019624473750591277,0.0027553199231624484,0.14093343734741237,-0.0003197222948074334
One-D-Piece,n02119022,160,0.013288565129041675,0.3503459739685057,0.010776410847902295,0.016534553170204157,0.45654600143432617,0.012230764031410222,0.0032459880411624814,0.10620002746582047,0.0014543531835079261
One-D-Piece,n02119022,208,0.0034948711097240433,0.09184062957763686,0.0029295645654201464,0.0031399637460708596,0.06524389266967752,0.0022601288557052624,-0.00035490736365318375,-0.026596736907959342,-0.000669435709714884
One-D-Piece,n02119022,256,0.0,0.0,0.0,0.0,0.0,0.0,0.0,0.0,0.0
One-D-Piece,n02123045,8,0.41246444314718245,4.418811721801758,0.09905831560492516,0.4236288997530937,3.75601188659668,0.10811861783266068,0.011164456605911255,-0.6627998352050777,0.009060302227735517
One-D-Piece,n02123045,16,0.2903264233469963,3.822406044006348,0.09691006653010845,0.3190747126936913,3.0814526176452635,0.10443801283836365,0.02874828934669499,-0.7409534263610844,0.007527946308255207
One-D-Piece,n02123045,32,0.17656563043594362,2.825910358428955,0.0946490191668272,0.21331579059362415,2.467377681732178,0.09866028517484665,0.03675016015768054,-0.3585326766967767,0.004011266008019446
One-D-Piece,n02123045,64,0.0918343299627304,1.5880447769165036,0.06519536092877389,0.11671823859214785,1.613625545501709,0.06649272382259368,0.024883908629417445,0.025580768585205416,0.0012973628938197923
One-D-Piece,n02123045,96,0.052169759571552274,1.0016366767883302,0.04043266028165817,0.06410444229841232,0.9703908348083496,0.04180990695953369,0.011934682726860046,-0.031245841979980593,0.0013772466778755182
One-D-Piece,n02123045,128,0.027673928886651992,0.5766958999633789,0.021107879877090445,0.03183205157518387,0.5045424270629882,0.020021512806415558,0.004158122688531881,-0.07215347290039065,-0.0010863670706748874
One-D-Piece,n02123045,160,0.01369941771030426,0.31449691772460947,0.0122358638048172,0.014909483939409256,0.2506936264038087,0.00981560379266739,0.0012100662291049964,-0.06380329132080076,-0.002420260012149811
One-D-Piece,n02123045,208,0.003357398808002476,0.08780063629150404,0.0027691230177879288,0.0030196878314018216,0.060895023345947194,0.00226877927780151,-0.00033771097660065426,-0.02690561294555685,-0.0005003437399864188
One-D-Piece,n02123045,256,0.0,0.0,0.0,0.0,0.0,0.0,0.0,0.0,0.0
One-D-Piece,n02128385,8,0.38305168136954315,1.8774844741821288,0.0917181796580553,0.414591112434864,2.6703021049499513,0.09324358478188514,0.031539431065320866,0.7928176307678225,0.0015254051238298427
One-D-Piece,n02128385,16,0.25676640376448634,1.622602252960205,0.0949891321361065,0.3026186785101891,2.1940535354614257,0.09563501814380287,0.04585227474570275,0.5714512825012206,0.0006458860076963696
One-D-Piece,n02128385,32,0.1591061528027058,1.4608565330505374,0.09331206291913986,0.18755898982286454,1.6072327041625976,0.08554001413285732,0.028452837020158744,0.14637617111206014,-0.007772048786282543
One-D-Piece,n02128385,64,0.07893439397215844,0.8456683158874515,0.05815093070268631,0.09516203910112382,1.0341584014892578,0.05696143627166748,0.01622764512896538,0.18849008560180625,-0.001189494431018831
One-D-Piece,n02128385,96,0.039714980274438864,0.5317190170288089,0.036429994106292725,0.05152239412069322,0.6537440490722659,0.033287410140037534,0.011807413846254354,0.12202503204345705,-0.0031425839662551913
One-D-Piece,n02128385,128,0.019898636490106588,0.28660585403442385,0.018840018510818488,0.024991623759269724,0.41124608993530287,0.01658448696136474,0.005092987269163136,0.12464023590087903,-0.002255531549453748
One-D-Piece,n02128385,160,0.009473935812711727,0.18516962051391606,0.009049070179462436,0.012155141234397893,0.23758647918701178,0.007382808625698083,0.002681205421686166,0.05241685867309573,-0.0016662615537643526
One-D-Piece,n02128385,208,0.0012465418875217396,0.03429841995239265,0.0026648879051208527,0.0030892312526702866,0.07408931732177766,4.72021102905229e-05,0.001842689365148547,0.039790897369385014,-0.00261768579483033
One-D-Piece,n02128385,256,0.0,0.0,0.0,0.0,0.0,0.0,0.0,0.0,0.0
One-D-Piece,n02128757,8,0.42129765897989274,3.0138485336303713,0.08926054567098618,0.36317086309194563,2.431167583465576,0.09350236482918263,-0.058126795887947114,-0.5826809501647952,0.00424181915819645
One-D-Piece,n02128757,16,0.29264255374670034,2.5255782127380373,0.0904210513830185,0.2696762475371361,1.8386737251281742,0.09332748994231224,-0.022966306209564247,-0.6869044876098631,0.0029064385592937475
One-D-Piece,n02128757,32,0.16172733694314956,1.8622815513610842,0.08954689547419548,0.17242832034826278,1.5149252510070803,0.08630532637238503,0.010700983405113218,-0.3473563003540039,-0.0032415691018104487
One-D-Piece,n02128757,64,0.0839208111166954,1.1018317794799806,0.0627108011394739,0.09083121836185455,1.007631950378418,0.05832942463457584,0.00691040724515915,-0.09419982910156266,-0.00438137650489806
One-D-Piece,n02128757,96,0.04423985630273819,0.7646410751342774,0.03903294637799262,0.050425848364830016,0.7022118759155276,0.035957964211702345,0.006185992062091826,-0.06242919921874979,-0.003074982166290277
One-D-Piece,n02128757,128,0.023947115540504466,0.4961078071594239,0.02001653373241424,0.026792572587728502,0.42508626937866234,0.02032489538192749,0.0028454570472240363,-0.07102153778076153,0.0003083616495132488
One-D-Piece,n02128757,160,0.011791774928569788,0.31066341400146497,0.010598672479391084,0.014326032698154453,0.25772829055786145,0.012065972387790674,0.002534257769584665,-0.052935123443603516,0.00146729990839959
One-D-Piece,n02128757,208,0.002764510810375215,0.09718421936035153,0.003264957219362251,0.0032625332474708513,0.07958168029785163,0.002574623227119449,0.0004980224370956365,-0.017602539062499895,-0.0006903339922428023
One-D-Piece,n02128757,256,0.0,0.0,0.0,0.0,0.0,0.0,0.0,0.0,0.0
One-D-Piece,n02129165,8,0.418028135150671,4.541607971191407,0.09058408200740814,0.4134620654582977,3.8289621925354003,0.1197761531174183,-0.004566069692373276,-0.712645778656007,0.029192071110010154
One-D-Piece,n02129165,16,0.3060294942557812,3.746224670410157,0.08629748255014419,0.32491763174533844,3.3730146026611334,0.12982943877577782,0.018888137489557255,-0.37321006774902354,0.04353195622563363
One-D-Piece,n02129165,32,0.18284367367625237,2.876401042938233,0.08772691011428833,0.22662976145744326,2.6893107604980475,0.12250579744577408,0.04378608778119089,-0.18709028244018544,0.03477888733148575
One-D-Piece,n02129165,64,0.09474222704768182,1.8127423477172857,0.06020306438207626,0.12949996709823608,1.7478190612792972,0.08433558404445649,0.034757740050554264,-0.0649232864379885,0.024132519662380225
One-D-Piece,n02129165,96,0.05301375046372413,1.202854843139649,0.03632304549217224,0.06719669669866563,1.0782320213317873,0.05138263165950775,0.014182946234941499,-0.12462282180786177,0.015059586167335513
One-D-Piece,n02129165,128,0.025752376914024343,0.7362210845947271,0.020258460044860836,0.03501119300723077,0.5816066551208502,0.02839336931705475,0.009258816093206425,-0.15461442947387694,0.008134909272193912
One-D-Piece,n02129165,160,0.013213498890399926,0.43871076583862334,0.010466463565826407,0.01627806380391121,0.3043620491027835,0.015281363427639005,0.0030645649135112845,-0.1343487167358398,0.004814899861812598
One-D-Piece,n02129165,208,0.003208075463771812,0.1314045715332033,0.0023107528686523494,0.0043853682279586794,0.09629512786865256,0.0034606063365936273,0.0011772927641868674,-0.03510944366455075,0.001149853467941278
One-D-Piece,n02129165,256,0.0,0.0,0.0,0.0,0.0,0.0,0.0,0.0,0.0
One-D-Piece,n02129604,8,0.42065337881445886,2.678411464691162,0.10316817492246627,0.4077966223657131,3.0968945884704584,0.10118663132190704,-0.012856756448745732,0.4184831237792963,-0.0019815436005592296
One-D-Piece,n02129604,16,0.29686093434691435,2.2648807334899903,0.1042865315079689,0.30895202681422235,2.6067267990112306,0.09932132095098495,0.012091092467307996,0.3418460655212403,-0.004965210556983957
One-D-Piece,n02129604,32,0.17692937597632408,1.8420398139953613,0.10400593273341656,0.21195619270205499,1.9938322257995607,0.10077899619936945,0.03502681672573091,0.15179241180419933,-0.0032269365340471118
One-D-Piece,n02129604,64,0.09452714249491694,1.1782091522216798,0.0719827774167061,0.11845701023936274,1.4259337425231933,0.07402851164340973,0.023929867744445804,0.2477245903015135,0.0020457342267036355
One-D-Piece,n02129604,96,0.05267782852053643,0.7138342475891116,0.04529783368110657,0.06731155246496201,0.9621845817565918,0.04736332535743714,0.01463372394442558,0.2483503341674802,0.0020654916763305706
One-D-Piece,n02129604,128,0.029218184798955927,0.45985746383667,0.024377134591341023,0.03480087876319885,0.5727426910400388,0.024342839717864984,0.005582693964242925,0.11288522720336885,-3.429487347603871e-05
One-D-Piece,n02129604,160,0.013511096686124806,0.2456941032409667,0.011272518038749693,0.016394533812999726,0.27000211715698214,0.011864855289459228,0.0028834371268749194,0.024308013916015447,0.0005923372507095348
One-D-Piece,n02129604,208,0.003417050093412407,0.07150928497314453,0.0028892783820629086,0.004005727916955951,0.08730518341064457,0.003495075106620786,0.0005886778235435438,0.01579589843750004,0.0006057967245578773
One-D-Piece,n02129604,256,0.0,0.0,0.0,0.0,0.0,0.0,0.0,0.0,0.0
One-D-Piece,n02130308,8,0.401264460682869,1.5076103782653811,0.052851127982139576,0.42953875944018366,2.948145694732666,0.11376415818929672,0.028274298757314686,1.4405353164672847,0.060913030207157146
One-D-Piece,n02130308,16,0.266153284907341,1.273249340057373,0.05619093269109726,0.3158473931252957,2.36843132019043,0.11109632670879364,0.04969410821795467,1.095181980133057,0.05490539401769638
One-D-Piece,n02130308,32,0.14837801218032837,1.1955382728576662,0.05908546596765519,0.20949639335274697,1.9055642700195314,0.10338192701339721,0.06111838117241861,0.7100259971618652,0.044296461045742024
One-D-Piece,n02130308,64,0.07973887771368028,0.7567715072631839,0.0426186579465866,0.10653143271803858,1.1754913330078127,0.06829200387001037,0.0267925550043583,0.41871982574462885,0.025673345923423775
One-D-Piece,n02130308,96,0.044514436423778544,0.4242109489440919,0.02565343365073204,0.05848490059375763,0.7609932136535648,0.04143124669790268,0.013970464169979088,0.33678226470947287,0.015777813047170637
One-D-Piece,n02130308,128,0.025102444291114814,0.2724557876586915,0.013987046778202054,0.03276033759117127,0.45124118804931657,0.02449753791093827,0.007657893300056458,0.17878540039062507,0.010510491132736215
One-D-Piece,n02130308,160,0.012948000133037572,0.16891109466552748,0.007195894867181771,0.015976951569318772,0.26886171340942394,0.013737866282463072,0.0030289514362812006,0.09995061874389646,0.0065419714152813
One-D-Piece,n02130308,208,0.003162650316953666,0.025328826904296983,0.0007958418130874592,0.004507095813751217,0.06504644393920898,0.003095927238464359,0.0013444454967975507,0.039717617034912,0.0023000854253769
One-D-Piece,n02130308,256,0.0,0.0,0.0,0.0,0.0,0.0,0.0,0.0,0.0
One-D-Piece,n02134084,8,0.3766111688315869,4.9977572059631346,0.0702122637629509,0.4213502012193203,6.235949592590332,0.14924872040748596,0.04473903238773341,1.2381923866271975,0.07903645664453507
One-D-Piece,n02134084,16,0.26864001289010053,4.152341918945313,0.07546383038163185,0.31845626816153527,4.871771869659423,0.1369296881556511,0.04981625527143474,0.7194299507141109,0.06146585777401925
One-D-Piece,n02134084,32,0.17299745246768,3.2570733261108398,0.07810312017798424,0.22156260177493095,3.8446130180358886,0.12048275262117386,0.04856514930725095,0.5875396919250488,0.042379632443189624
One-D-Piece,n02134084,64,0.09062057033181192,2.1919306182861327,0.059998833686113355,0.11938048139214516,2.4730444717407223,0.08605438888072968,0.028759911060333238,0.2811138534545896,0.026055555194616324
One-D-Piece,n02134084,96,0.04938006356358529,1.388337211608887,0.03449073314666748,0.06210303038358688,1.5717978668212889,0.050523551106452944,0.01272296682000159,0.18346065521240185,0.016032817959785464
One-D-Piece,n02134084,128,0.0272357888519764,0.882126331329346,0.017958849668502808,0.03260159134864808,0.9205838584899898,0.027418643832206727,0.005365802496671682,0.03845752716064377,0.009459794163703919
One-D-Piece,n02134084,160,0.013382152318954479,0.4669185447692872,0.008583895564079281,0.0159852696955204,0.4532484626770015,0.015073081254959106,0.002603117376565923,-0.013670082092285707,0.006489185690879825
One-D-Piece,n02134084,208,0.0028680722415447293,0.08421300888061581,0.0005030187964439365,0.004267567396163943,0.12470438003540035,0.003591801524162291,0.0013994951546192134,0.040491371154784545,0.0030887827277183547
One-D-Piece,n02134084,256,0.0,0.0,0.0,0.0,0.0,0.0,0.0,0.0,0.0
One-D-Piece,n02138441,8,0.42702594220638274,4.277898864746094,0.10007055178284645,0.40196739256381986,4.535132369995117,0.11898701235651972,-0.025058549642562877,0.25723350524902333,0.01891646057367327
One-D-Piece,n02138441,16,0.29736813068389895,3.7696054077148435,0.0920019467175007,0.29403657317161563,3.5028474807739256,0.11030975744128227,-0.003331557512283312,-0.26675792694091793,0.01830781072378157
One-D-Piece,n02138441,32,0.1733718180656433,2.6707389640808104,0.08600403323769572,0.19527798384428025,2.589263038635254,0.09555734291672707,0.021906165778636938,-0.08147592544555637,0.009553309679031355
One-D-Piece,n02138441,64,0.09476253584027292,1.7111982917785646,0.05990139603614808,0.10487058728933336,1.6383174324035645,0.06378068923950195,0.010108051449060448,-0.0728808593750001,0.0038792932033538674
One-D-Piece,n02138441,96,0.05330652505159379,1.0544542694091799,0.03591200664639473,0.05686715289950372,1.053232479095459,0.039296446144580846,0.0035606278479099265,-0.0012217903137208275,0.0033844394981861134
One-D-Piece,n02138441,128,0.02848829120397568,0.6815206336975099,0.02019158825278282,0.029936526417732246,0.6227653312683101,0.02206111639738083,0.001448235213756567,-0.058755302429199796,0.0018695281445980094
One-D-Piece,n02138441,160,0.015484489649534227,0.4532865715026859,0.010964838862419127,0.014772628694772725,0.3357257461547853,0.011475366950035095,-0.0007118609547615024,-0.11756082534790063,0.000510528087615968
One-D-Piece,n02138441,208,0.004571088850498205,0.1365441703796388,0.0021003308892250045,0.003207115978002549,0.09177305221557595,0.002594366073608399,-0.0013639728724956558,-0.04477111816406286,0.0004940351843833947
One-D-Piece,n02138441,256,0.0,0.0,0.0,0.0,0.0,0.0,0.0,0.0,0.0
One-D-Piece,n02165456,8,0.41848442107439043,4.585689296722412,0.1339776885509491,0.47481603942811496,4.812167835235596,0.1342212584614754,0.05633161835372452,0.22647853851318356,0.0002435699105262923
One-D-Piece,n02165456,16,0.3015134158730507,3.963072338104248,0.12030623316764831,0.35505998454988,4.109540615081786,0.12569211512804032,0.05354656867682933,0.14646827697753828,0.005385881960392011
One-D-Piece,n02165456,32,0.18687913835048675,2.9562170028686525,0.1050847114622593,0.23689613990485672,3.1367072677612304,0.11155999839305877,0.05001700155436997,0.1804902648925779,0.006475286930799476
One-D-Piece,n02165456,64,0.1007598176598549,1.8311532211303714,0.06974532544612884,0.11596619062125685,1.8604673004150387,0.0715572300553322,0.015206372961401954,0.029314079284667338,0.0018119046092033575
One-D-Piece,n02165456,96,0.05138763532042504,1.166072769165039,0.04036923423409462,0.057339393720030794,1.1297981643676756,0.03870371267199517,0.005951758399605753,-0.03627460479736344,-0.0016655215620994535
One-D-Piece,n02165456,128,0.028597098886966706,0.7308192634582522,0.022576052248477935,0.027905294075608256,0.6591063499450681,0.01969720453023911,-0.0006918048113584499,-0.0717129135131841,-0.0028788477182388264
One-D-Piece,n02165456,160,0.0146928945183754,0.37545267105102537,0.01055186986923218,0.01461103521287441,0.3874692535400388,0.011297997534275055,-8.185930550098919e-05,0.012016582489013439,0.0007461276650428759
One-D-Piece,n02165456,208,0.002805023640394213,0.11783266067504908,0.003331389129161832,0.0037000196427106904,0.10572563171386705,0.001687811315059667,0.0008949960023164772,-0.012107028961182029,-0.001643577814102165
One-D-Piece,n02165456,256,0.0,0.0,0.0,0.0,0.0,0.0,0.0,0.0,0.0
One-D-Piece,n02190166,8,0.40472167789936064,4.127229900360108,0.12047033593058586,0.3957219593971968,3.7918296241760254,0.12802287649363278,-0.008999718502163856,-0.33540027618408264,0.007552540563046925
One-D-Piece,n02190166,16,0.30099617481231694,3.370064220428467,0.11139197945594788,0.3017012106627226,3.087289237976074,0.1178797285631299,0.0007050358504056553,-0.2827749824523931,0.006487749107182028
One-D-Piece,n02190166,32,0.1986398482322693,2.62817440032959,0.10386713966727257,0.19936459593474867,2.2813720130920414,0.10172033824026584,0.000724747702479378,-0.3468023872375485,-0.0021468014270067254
One-D-Piece,n02190166,64,0.10719324082136154,1.6835175514221195,0.07061874225735665,0.09964606799185277,1.4788817787170407,0.06586593940854073,-0.007547172829508772,-0.2046357727050787,-0.004752802848815921
One-D-Piece,n02190166,96,0.05590373307466508,1.0008929824829105,0.04293867558240891,0.04993656553328039,0.9582988166809082,0.03674753904342651,-0.0059671675413846895,-0.04259416580200226,-0.0061911365389824
One-D-Piece,n02190166,128,0.03059352666139603,0.5724798011779788,0.023030512779951096,0.024025926589965826,0.43919109344482393,0.018653915524482728,-0.006567600071430205,-0.13328870773315488,-0.004376597255468368
One-D-Piece,n02190166,160,0.015947526842355737,0.39381149291992223,0.013461805284023288,0.01331989496946335,0.2391179275512696,0.010541201829910276,-0.002627631872892387,-0.15469356536865264,-0.002920603454113012
One-D-Piece,n02190166,208,0.004962746798992153,0.11387697219848647,0.00406962603330612,0.003967280536890045,0.09997383117675782,0.0030094650387763964,-0.0009954662621021087,-0.013903141021728654,-0.0010601609945297234
One-D-Piece,n02190166,256,0.0,0.0,0.0,0.0,0.0,0.0,0.0,0.0,0.0
One-D-Piece,n02206856,8,0.4231064878404141,4.243387775421143,0.13288636550307273,0.4510990397632122,4.3544912528991695,0.14996060803532602,0.027992551922798092,0.11110347747802685,0.017074242532253286
One-D-Piece,n02206856,16,0.31332323834300047,3.5062754058837893,0.12839673936367035,0.34090470895171165,3.7334218215942383,0.1479506377875805,0.02758147060871119,0.22714641571044902,0.019553898423910143
One-D-Piece,n02206856,32,0.20384326443076137,2.6796736907958985,0.12169647738337516,0.23424800500273707,2.984497261047364,0.1339785224199295,0.030404740571975702,0.30482357025146545,0.012282045036554334
One-D-Piece,n02206856,64,0.10898450031876566,1.8101658821105955,0.08120974496006966,0.12701742187142373,1.8022603034973148,0.09045093685388565,0.018032921552658066,-0.007905578613280673,0.00924119189381599
One-D-Piece,n02206856,96,0.05896818920969964,1.1407168197631834,0.04897210150957108,0.06786661639809609,1.1400426292419437,0.05360920041799546,0.008898427188396452,-0.000674190521239737,0.0046370989084243835
One-D-Piece,n02206856,128,0.03218177750706674,0.6608775138854974,0.028802829086780543,0.035091722607612605,0.7482647705078128,0.02976001888513565,0.0029099451005458674,0.08738725662231539,0.0009571897983551084
One-D-Piece,n02206856,160,0.01590846940875055,0.34960983276367147,0.017398696988821027,0.01612002640962601,0.42710224151611337,0.01655265539884567,0.00021155700087546053,0.0774924087524419,-0.0008460415899753555
One-D-Piece,n02206856,208,0.003584430515766148,0.09585239410400376,0.004662526994943615,0.002926995009183887,0.09961441040039098,0.003734350502491002,-0.000657435506582261,0.0037620162963872272,-0.0009281764924526127
One-D-Piece,n02206856,256,0.0,0.0,0.0,0.0,0.0,0.0,0.0,0.0,0.0
One-D-Piece,n02219486,8,0.3877763532102108,4.361140403747559,0.11771522864699363,0.40230904206633566,4.275290565490723,0.12292937241494657,0.014532688856124854,-0.08584983825683601,0.005214143767952942
One-D-Piece,n02219486,16,0.28745772525668145,3.5962625694274903,0.10867657765746117,0.3025996850430966,3.726983661651612,0.12053728431463241,0.015141959786415138,0.13072109222412154,0.011860706657171247
One-D-Piece,n02219486,32,0.187372854501009,2.7735575103759764,0.10195732906460764,0.20587915673851967,2.8123694038391114,0.11083652868866922,0.01850630223751068,0.03881189346313496,0.008879199624061584
One-D-Piece,n02219486,64,0.10299298539757729,1.8924468421936032,0.07218838408589363,0.11039403930306435,1.751707534790039,0.07566795319318771,0.007401053905487065,-0.1407393074035641,0.003479569107294078
One-D-Piece,n02219486,96,0.05729179129004478,1.1262861824035644,0.0419420012831688,0.055909924954175946,1.0115020561218264,0.04348685562610627,-0.0013818663358688352,-0.11478412628173795,0.0015448543429374684
One-D-Piece,n02219486,128,0.03141756311058997,0.7371127128601074,0.024807871580123906,0.02924931302666664,0.6231117248535154,0.023016798794269572,-0.00216825008392333,-0.11400098800659197,-0.0017910727858543342
One-D-Piece,n02219486,160,0.01589776709675788,0.41430593490600565,0.012823452949523926,0.013633676320314404,0.34730430603027346,0.01286708652973176,-0.0022640907764434753,-0.06700162887573219,4.363358020783442e-05
One-D-Piece,n02219486,208,0.004022904336452478,0.15404949188232464,0.003369743824005127,0.0028969405591487887,0.08052570343017595,0.0025114986300468437,-0.001125963777303689,-0.07352378845214869,-0.0008582451939582831
One-D-Piece,n02219486,256,0.0,0.0,0.0,0.0,0.0,0.0,0.0,0.0,0.0
One-D-Piece,n02226429,8,0.4313613477349281,4.63573678970337,0.13630552858114245,0.4054202997684479,3.645693607330322,0.13016627192497254,-0.025941047966480224,-0.9900431823730478,-0.006139256656169906
One-D-Piece,n02226429,16,0.31648489683866504,3.7090595054626463,0.12872080221772195,0.2979547011852265,3.0802659034729003,0.12254260540008545,-0.018530195653438553,-0.628793601989746,-0.006178196817636497
One-D-Piece,n02226429,32,0.1985304597020149,2.7464505004882813,0.1128846400231123,0.20152584761381154,2.5270690536499023,0.10960127636790276,0.0029953879117966264,-0.219381446838379,-0.003283363655209537
One-D-Piece,n02226429,64,0.1024969244003296,1.8955686187744138,0.078914575278759,0.10666824966669082,1.7175291442871097,0.07334069192409516,0.004171325266361214,-0.17803947448730417,-0.005573883354663842
One-D-Piece,n02226429,96,0.054743096232414246,1.2558451843261722,0.0471517938375473,0.05553254157304765,1.08080135345459,0.03842663303017616,0.0007894453406334032,-0.17504383087158226,-0.008725160807371138
One-D-Piece,n02226429,128,0.02678799718618393,0.6716417503356934,0.025865805149078373,0.028663853555917745,0.6009509277343752,0.020432194322347642,0.0018758563697338151,-0.0706908226013182,-0.005433610826730731
One-D-Piece,n02226429,160,0.01378362476825714,0.42294298171997086,0.01372605219483375,0.012927786558866497,0.30155916213989276,0.007986138314008712,-0.0008558382093906431,-0.1213838195800781,-0.005739913880825039
One-D-Piece,n02226429,208,0.002146072387695311,0.11713342666626023,0.0022957161813974354,0.003333279788494112,0.03610843658447283,-1.6987472772596047e-05,0.0011872074007988013,-0.0810249900817874,-0.0023127036541700317
One-D-Piece,n02226429,256,0.0,0.0,0.0,0.0,0.0,0.0,0.0,0.0,0.0
One-D-Piece,n02233338,8,0.3735856361687183,4.62764892578125,0.08033734977245331,0.4382976983487606,4.286438970565796,0.14329938143491747,0.06471206218004227,-0.3412099552154535,0.06296203166246415
One-D-Piece,n02233338,16,0.27609628573060035,3.7525181770324707,0.07258758693933487,0.3317238901555538,3.7004263687133783,0.1421659941971302,0.05562760442495346,-0.052091808319092436,0.06957840725779532
One-D-Piece,n02233338,32,0.18089088931679725,2.7487207412719727,0.06670358121395112,0.22552090391516685,2.7092506980895994,0.12689795881509783,0.0446300145983696,-0.03947004318237335,0.06019437760114671
One-D-Piece,n02233338,64,0.09805404603481292,1.8798182296752932,0.046804487854242335,0.1254726879298687,1.7674218559265134,0.0847781202197075,0.027418641895055787,-0.11239637374877987,0.037973632365465165
One-D-Piece,n02233338,96,0.05327270492911339,1.3282456779479985,0.027182483226060875,0.06379979506134988,1.0425531768798826,0.04810618698596955,0.010527090132236488,-0.28569250106811594,0.020923703759908676
One-D-Piece,n02233338,128,0.028122471123933797,0.862018337249756,0.01456324964761734,0.03267424583435058,0.5817103576660155,0.025369729995727543,0.0045517747104167824,-0.28030797958374043,0.010806480348110202
One-D-Piece,n02233338,160,0.01684352800250053,0.5211458587646485,0.007327128648757945,0.0156941930949688,0.2792234420776368,0.012446537017822265,-0.0011493349075317322,-0.2419224166870117,0.00511940836906432
One-D-Piece,n02233338,208,0.00442322611808776,0.1644137191772465,0.00341897755861282,0.0034381367266178215,0.04088399887084957,0.0015564662218093884,-0.0009850893914699383,-0.12352972030639695,-0.0018625113368034318
One-D-Piece,n02233338,256,0.0,0.0,0.0,0.0,0.0,0.0,0.0,0.0,0.0
One-D-Piece,n02236044,8,0.42412845574319363,4.9421111106872555,0.1610189862549305,0.4225326409935951,3.8645784282684326,0.15617184922099114,-0.001595814749598523,-1.077532682418823,-0.004847137033939353
One-D-Piece,n02236044,16,0.3242891772836447,4.41523313522339,0.14966342248022557,0.3180776461958886,3.0076029968261717,0.14324308872222902,-0.006211531087756128,-1.4076301383972178,-0.006420333757996555
One-D-Piece,n02236044,32,0.2036763858050108,3.3580973243713386,0.1274713706225157,0.21684784382581712,2.3119719505310057,0.12390196993947031,0.013171458020806326,-1.0461253738403329,-0.0035694006830453984
One-D-Piece,n02236044,64,0.10465335421264171,2.085134658813477,0.0801283311098814,0.11628275007009506,1.4963332939147946,0.07544975191354751,0.011629395857453345,-0.5888013648986825,-0.004678579196333896
One-D-Piece,n02236044,96,0.053108623698353764,1.2447341537475587,0.04545323833823204,0.061628356873989106,1.0104432678222657,0.04776439353823662,0.008519733175635341,-0.234290885925293,0.0023111552000045776
One-D-Piece,n02236044,128,0.027365928217768662,0.8227023124694829,0.022961466908454894,0.031043261438608173,0.5817251968383791,0.02441674947738648,0.0036773332208395113,-0.2409771156311038,0.0014552825689315846
One-D-Piece,n02236044,160,0.014509329795837394,0.5411743545532228,0.014331988096237182,0.014649467170238493,0.31283649444580097,0.011871771365404127,0.0001401373744010989,-0.22833786010742185,-0.002460216730833055
One-D-Piece,n02236044,208,0.004045555219054221,0.10402036666870167,0.0033473560214042643,0.0033056350052356686,0.054882240295410015,0.002026530206203458,-0.0007399202138185525,-0.04913812637329165,-0.0013208258152008065
One-D-Piece,n02236044,256,0.0,0.0,0.0,0.0,0.0,0.0,0.0,0.0,0.0
One-D-Piece,n02268443,8,0.423382703512907,4.197032699584961,0.13681716039776803,0.4294071440398693,3.639429225921631,0.0728184884786606,0.006024440526962271,-0.5576034736633297,-0.06399867191910744
One-D-Piece,n02268443,16,0.32523054763674736,3.8048794937133787,0.13170701384544373,0.3373801229894161,3.1704972076416014,0.07380634039640427,0.012149575352668751,-0.6343822860717774,-0.05790067344903946
One-D-Piece,n02268443,32,0.20187261149287225,2.8113604164123536,0.11122925445437432,0.2143431727588177,2.371005973815918,0.06885742843151094,0.012470561265945451,-0.44035444259643564,-0.04237182602286338
One-D-Piece,n02268443,64,0.10413597688078882,1.721995468139648,0.0683867609500885,0.10897361293435098,1.693301658630371,0.05210667148232461,0.004837636053562161,-0.028693809509277024,-0.016280089467763888
One-D-Piece,n02268443,96,0.05281583145260812,1.0515830993652346,0.040519333779811866,0.057418635934591296,1.1158042335510254,0.03336945816874504,0.004602804481983178,0.06422113418579078,-0.007149875611066822
One-D-Piece,n02268443,128,0.027499367296695717,0.6649776268005371,0.020866320133209226,0.032347418814897534,0.8183284187316892,0.018497201055288313,0.004848051518201817,0.1533507919311521,-0.002369119077920912
One-D-Piece,n02268443,160,0.01365183502435685,0.3952810096740724,0.010517155230045315,0.017112439423799513,0.5333892250061035,0.010222094357013704,0.0034606043994426638,0.1381082153320311,-0.0002950608730316103
One-D-Piece,n02268443,208,0.002980977296829226,0.13165643692016624,0.0029750251770019544,0.005412982553243632,0.10454277038574183,0.002591183185577388,0.002432005256414406,-0.027113666534424402,-0.00038384199142456636
One-D-Piece,n02268443,256,0.0,0.0,0.0,0.0,0.0,0.0,0.0,0.0,0.0
One-D-Piece,n02279972,8,0.41878025949001313,2.2196071434020994,0.09003011777997016,0.4372150945663452,3.4444967079162603,0.13259726372547448,0.01843483507633209,1.2248895645141609,0.042567145945504314
One-D-Piece,n02279972,16,0.29240231990814214,2.017059745788574,0.09138636410236359,0.32141695499420164,2.8134527015686035,0.12312238616868854,0.029014635086059504,0.7963929557800293,0.03173602206632495
One-D-Piece,n02279972,32,0.1784971386194229,1.582496452331543,0.09034815028309823,0.2095421063899994,2.1468270874023436,0.10696284932317214,0.031044967770576498,0.5643306350708006,0.016614699040073913
One-D-Piece,n02279972,64,0.09140517204999926,0.9638858222961428,0.061664386838674555,0.10660478115081787,1.3154069137573245,0.06881190249696374,0.015199609100818606,0.3515210914611817,0.007147515658289187
One-D-Piece,n02279972,96,0.05043515831232071,0.6287318801879883,0.037769674211740496,0.05503987729549408,0.804507236480713,0.04087235851213336,0.00460471898317337,0.17577535629272467,0.0031026843003928647
One-D-Piece,n02279972,128,0.02637526005506515,0.37817384719848657,0.02120338067412377,0.029387686103582375,0.4909814071655274,0.023632130867335954,0.0030124260485172236,0.11280755996704084,0.0024287501932121827
One-D-Piece,n02279972,160,0.013175457864999771,0.1972864532470703,0.010745789557695389,0.014727972596883769,0.28981908798217804,0.011230833195149902,0.0015525147318839975,0.09253263473510773,0.00048504363745451376
One-D-Piece,n02279972,208,0.0035770455002784723,0.04227544784545898,0.0020343402028083725,0.0028731204569339697,0.07596038818359407,0.00230707760900259,-0.0007039250433445027,0.03368494033813509,0.0002727374061942175
One-D-Piece,n02279972,256,0.0,0.0,0.0,0.0,0.0,0.0,0.0,0.0,0.0
One-D-Piece,n02317335,8,0.46123292833566665,3.5036943054199217,0.08293006941676141,0.4319139240682125,4.154948558807373,0.11210278198122978,-0.029319004267454152,0.6512542533874512,0.029172712564468364
One-D-Piece,n02317335,16,0.3342010310292244,2.8951281547546386,0.08414461560547354,0.32597361370921135,3.7026984882354737,0.1110800190269947,-0.00822741732001303,0.8075703334808351,0.026935403421521162
One-D-Piece,n02317335,32,0.2035882642865181,2.1890547943115233,0.08081486329436303,0.2144211547076702,2.658220825195312,0.09795312657952308,0.010832890421152097,0.46916603088378883,0.01713826328516005
One-D-Piece,n02317335,64,0.10985056489706041,1.4493914985656737,0.056497122794389724,0.11115394786000252,1.663247089385986,0.0650836481153965,0.0013033829629421068,0.21385559082031236,0.008586525321006781
One-D-Piece,n02317335,96,0.05843515932559968,0.8601595687866209,0.033511474281549464,0.05866729557514191,1.0420862388610836,0.0378322459757328,0.000232136249542228,0.18192667007446273,0.004320771694183337
One-D-Piece,n02317335,128,0.031326326727867136,0.5419329261779783,0.01803374692797662,0.03040525332093239,0.5352236175537111,0.02101946815848351,-0.0009210734069347477,-0.006709308624267218,0.0029857212305068916
One-D-Piece,n02317335,160,0.01652475506067277,0.2765374183654782,0.007631613463163382,0.015478957146406175,0.26482515335083034,0.009384040683507917,-0.0010457979142665958,-0.011712265014647838,0.0017524272203445343
One-D-Piece,n02317335,208,0.004349211454391486,0.07759080886840831,0.0015682274103164693,0.004017883837223044,0.06295333862304645,0.0009704577922821056,-0.00033132761716844154,-0.01463747024536187,-0.0005977696180343638
One-D-Piece,n02317335,256,0.0,0.0,0.0,0.0,0.0,0.0,0.0,0.0,0.0
One-D-Piece,n02325366,8,0.41250286251306534,2.3103248977661135,0.03210757493972778,0.42340710386633873,4.17810661315918,0.1084264522790909,0.010904241353273392,1.8677817153930665,0.07631887733936311
One-D-Piece,n02325366,16,0.272162963449955,1.936457309722901,0.041361171901226054,0.30481281206011773,3.4739479637145996,0.10311965852975848,0.032649848610162735,1.5374906539916986,0.06175848662853242
One-D-Piece,n02325366,32,0.1532476392388344,1.7126199722290039,0.06029763020575046,0.2061980627477169,2.791913013458252,0.09197971776127817,0.052950423508882516,1.079293041229248,0.031682087555527705
One-D-Piece,n02325366,64,0.08169173002243042,1.241321239471436,0.04738766461610794,0.11013156905770302,1.7757545089721676,0.06403972819447519,0.0284398390352726,0.5344332695007317,0.01665206357836725
One-D-Piece,n02325366,96,0.04261319220066071,0.832508411407471,0.027696225345134735,0.062287230640649775,1.2099762535095213,0.04128017976880075,0.019674038439989064,0.3774678421020503,0.013583954423666018
One-D-Piece,n02325366,128,0.026133571267127998,0.5052637290954592,0.013897828161716466,0.032498310804367055,0.690758094787598,0.02143168509006502,0.0063647395372390565,0.18549436569213873,0.0075338569283485545
One-D-Piece,n02325366,160,0.01382127821445466,0.29187095642089866,0.006981148421764365,0.015572674125432952,0.4339483261108398,0.010949268043041235,0.0017513959109782921,0.1420773696899411,0.00396811962127687
One-D-Piece,n02325366,208,0.002917146980762487,0.061165294647216796,0.000759039372205737,0.003957725912332517,0.1281528091430665,0.002104720771312722,0.0010405789315700302,0.06698751449584972,0.001345681399106985
One-D-Piece,n02325366,256,0.0,0.0,0.0,0.0,0.0,0.0,0.0,0.0,0.0
One-D-Piece,n02346627,8,0.41672769367694856,2.2360882568359375,0.046366146057844164,0.43000737875699996,2.9769631099700926,0.11719003766775132,0.013279685080051395,0.7408748531341551,0.07082389160990715
One-D-Piece,n02346627,16,0.29228567957878115,1.8220801734924317,0.05620859771966935,0.3140986642241478,2.447556076049805,0.11338448464870454,0.02181298464536663,0.6254759025573735,0.05717588692903519
One-D-Piece,n02346627,32,0.1794966810941696,1.4472135925292966,0.0668486922979355,0.2121847701072693,2.043700046539307,0.104236036837101,0.03268808901309969,0.5964864540100103,0.03738734453916551
One-D-Piece,n02346627,64,0.08993698358535768,0.9191615295410156,0.045040393620729445,0.10570772111415863,1.1808953094482424,0.06781430959701538,0.015770737528800954,0.2617337799072268,0.02277391597628594
One-D-Piece,n02346627,96,0.049393170177936555,0.5103874015808104,0.027370891273021707,0.05443490818142891,0.6801557350158695,0.03892733961343765,0.005041738003492356,0.16976833343505904,0.011556448340415946
One-D-Piece,n02346627,128,0.029454077780246734,0.27091720581054696,0.014216959476470946,0.027278430014848722,0.4290885925292972,0.022244571149349218,-0.0021756477653980116,0.15817138671875025,0.008027611672878273
One-D-Piece,n02346627,160,0.014450130462646496,0.11677553176879879,0.007100257277488715,0.012297865301370628,0.16689573287963888,0.0107886153459549,-0.002152265161275868,0.05012020111084009,0.003688358068466185
One-D-Piece,n02346627,208,0.003363741338253022,0.0396135902404783,0.001304313987493521,0.0025231911242008243,0.06763023376464847,0.00295590549707413,-0.0008405502140521976,0.028016643524170166,0.001651591509580609
One-D-Piece,n02346627,256,0.0,0.0,0.0,0.0,0.0,0.0,0.0,0.0,0.0
One-D-Piece,n02356798,8,0.4616774570941925,3.5989439201354982,0.067768594622612,0.4168045918643475,3.9689666557312013,0.12280446514487267,-0.044872865229845016,0.3700227355957031,0.055035870522260666
One-D-Piece,n02356798,16,0.35095333218574526,2.965677375793457,0.06608204826712609,0.32109388455748555,3.4128228759765626,0.11768879860639572,-0.029859447628259705,0.4471455001831055,0.05160675033926963
One-D-Piece,n02356798,32,0.2008414727449417,2.296102981567383,0.07121799856424332,0.21879684850573544,2.58943962097168,0.10491559863090515,0.01795537576079373,0.2933366394042971,0.03369760006666182
One-D-Piece,n02356798,64,0.09731737554073333,1.4195846176147462,0.05068922191858292,0.11584329679608346,1.5657692909240724,0.06865378260612488,0.01852592125535013,0.14618467330932616,0.017964560687541965
One-D-Piece,n02356798,96,0.054604699611663816,0.8757622337341309,0.031909126192331314,0.06084856092929841,0.99116943359375,0.0432083061337471,0.0062438613176345956,0.11540719985961911,0.011299179941415785
One-D-Piece,n02356798,128,0.028090768456459046,0.5998651313781739,0.01630314975976944,0.03072102203965188,0.5122024345397949,0.0215583673119545,0.0026302535831928334,-0.08766269683837902,0.005255217552185058
One-D-Piece,n02356798,160,0.014815618693828579,0.35906091690063463,0.009076239168643948,0.015436218529939663,0.285821037292481,0.012480005323886873,0.0006205998361110843,-0.07323987960815365,0.003403766155242925
One-D-Piece,n02356798,208,0.003974344134330745,0.11421003341674812,0.0018218451738357495,0.00396974958479406,0.08805713653564454,0.0037405121326446545,-4.594549536684513e-06,-0.026152896881103588,0.001918666958808905
One-D-Piece,n02356798,256,0.0,0.0,0.0,0.0,0.0,0.0,0.0,0.0,0.0
One-D-Piece,n02363005,8,0.3971957767009735,3.160550994873047,0.03767527088522911,0.45046252965927125,4.334633197784424,0.1670689332485199,0.05326675295829775,1.1740822029113769,0.1293936623632908
One-D-Piece,n02363005,16,0.2735481828451157,2.2942761993408203,0.041413326561450955,0.3422660094499588,3.6762396717071533,0.16166431993246078,0.0687178266048431,1.381963472366333,0.12025099337100982
One-D-Piece,n02363005,32,0.15807860612869265,1.7611871910095216,0.05186023205518722,0.2329206135869026,2.774262294769287,0.1392862430214882,0.07484200745820996,1.0130751037597654,0.08742601096630098
One-D-Piece,n02363005,64,0.08703253865242004,1.0925228118896484,0.03751954957842827,0.11469146817922594,1.668105125427246,0.08650933027267456,0.027658929526805903,0.5755823135375977,0.04898978069424629
One-D-Piece,n02363005,96,0.046620110869407656,0.6864364433288572,0.02311972588300705,0.057345023453235625,1.0748366165161134,0.054703702926635754,0.010724912583827968,0.38840017318725617,0.031583977043628704
One-D-Piece,n02363005,128,0.02730624318122863,0.4677103614807129,0.01348064228892326,0.02960925340652466,0.6094880104064941,0.02778679192066193,0.0023030102252960295,0.14177764892578126,0.01430614963173867
One-D-Piece,n02363005,160,0.013344658166170116,0.2859274291992188,0.006836509555578229,0.01404511645436287,0.38949050903320315,0.015518618822097778,0.0007004582881927537,0.10356307983398433,0.00868210926651955
One-D-Piece,n02363005,208,0.003799436092376703,0.10453218460083011,0.0023023498058319077,0.0028069950640201625,0.10367818832397468,0.0037262219190597554,-0.0009924410283565404,-0.0008539962768554232,0.0014238721132278477
One-D-Piece,n02363005,256,0.0,0.0,0.0,0.0,0.0,0.0,0.0,0.0,0.0
One-D-Piece,n02364673,8,0.4320655170083046,5.939535789489746,0.12688409358263017,0.4192382237315178,4.188631210327149,0.12834274262189868,-0.012827293276786778,-1.7509045791625972,0.0014586490392685114
One-D-Piece,n02364673,16,0.3147453662753106,5.000131225585937,0.11727975547313692,0.3166921445727348,3.544686794281006,0.12855287089943887,0.0019467782974242342,-1.4554444313049313,0.011273115426301952
One-D-Piece,n02364673,32,0.20390264958143234,3.714507751464844,0.10403777062892916,0.21718610912561417,2.688631286621094,0.11414210468530656,0.013283459544181836,-1.02587646484375,0.010104334056377395
One-D-Piece,n02364673,64,0.10785998731851577,2.364489345550537,0.06910461425781252,0.12017306625843048,1.6407812118530272,0.07442988902330398,0.012313078939914707,-0.7237081336975097,0.005325274765491467
One-D-Piece,n02364673,96,0.05760552436113357,1.5513471794128415,0.03912266552448273,0.0642282173037529,1.0235247611999514,0.042118025124073026,0.006622692942619329,-0.5278224182128901,0.002995359599590297
One-D-Piece,n02364673,128,0.031585280299186703,0.9761389350891112,0.022019086778163915,0.03415058702230453,0.6349310874938964,0.02116250783205033,0.002565306723117826,-0.34120784759521483,-0.000856578946113587
One-D-Piece,n02364673,160,0.015510360598564145,0.5709547805786133,0.012883858978748322,0.014972474426031097,0.33372364044189445,0.010756687521934509,-0.0005378861725330482,-0.2372311401367188,-0.002127171456813813
One-D-Piece,n02364673,208,0.004478381276130671,0.21105636596679653,0.004212661087512974,0.0043831637501716625,0.12934648513793964,0.0025113850831985462,-9.521752595900886e-05,-0.08170988082885688,-0.0017012760043144276
One-D-Piece,n02364673,256,0.0,0.0,0.0,0.0,0.0,0.0,0.0,0.0,0.0
One-D-Piece,n02391049,8,0.40581176668405533,1.8056583786010743,0.10675288073718547,0.4369477643072605,2.7096329498291016,0.12309885494410992,0.03113599762320518,0.9039745712280274,0.01634597420692445
One-D-Piece,n02391049,16,0.2905305376648903,1.6734135627746582,0.1075078582018614,0.3174421711266041,2.1202267837524413,0.11755081921815873,0.026911633461713824,0.4468132209777831,0.010042961016297328
One-D-Piece,n02391049,32,0.1750502982735634,1.4218392372131348,0.10473422855138778,0.2092961587011814,1.6760057258605956,0.10262513175606727,0.03424586042761801,0.25416648864746083,-0.0021090967953205086
One-D-Piece,n02391049,64,0.08924237757921219,0.919703254699707,0.06918518736958504,0.1084719152748585,1.0761366844177245,0.06712963551282883,0.01922953769564631,0.15643342971801744,-0.0020555518567562103
One-D-Piece,n02391049,96,0.046792944073677054,0.5901843070983886,0.04144663855433464,0.05993149399757386,0.6459382247924802,0.04330617755651474,0.013138549923896806,0.05575391769409155,0.0018595390021800967
One-D-Piece,n02391049,128,0.027274563312530517,0.3880928039550783,0.02245440930128098,0.03168226554989815,0.4103934669494626,0.025614584982395175,0.004407702237367632,0.022300662994384324,0.003160175681114194
One-D-Piece,n02391049,160,0.013052579760551443,0.17220430374145512,0.00959945112466812,0.015012369304895402,0.25380159378051753,0.014957741200923911,0.0019597895443439588,0.08159729003906241,0.0053582900762557915
One-D-Piece,n02391049,208,0.0035276666283607394,0.03697269439697255,0.0023845455050468425,0.0023835285007953585,0.08460296630859339,0.004460546970367431,-0.0011441381275653808,0.047630271911620836,0.002076001465320588
One-D-Piece,n02391049,256,0.0,0.0,0.0,0.0,0.0,0.0,0.0,0.0,0.0
One-D-Piece,n02395406,8,0.43813412219285963,3.5362059593200685,0.08050587967038156,0.44097993031144145,4.176662101745605,0.14116373360157014,0.0028458081185818163,0.6404561424255366,0.06065785393118858
One-D-Piece,n02395406,16,0.31735446780920035,2.9319162368774414,0.0734156085550785,0.3250664730370045,3.5948062705993653,0.1389487035572529,0.007712005227804131,0.6628900337219239,0.06553309500217439
One-D-Piece,n02395406,32,0.1988220563530922,2.2189554786682133,0.07369100749492646,0.22221770897507667,2.9874811935424805,0.12889225259423256,0.02339565262198448,0.7685257148742672,0.0552012450993061
One-D-Piece,n02395406,64,0.10487660884857179,1.3347583770751954,0.05404176265001297,0.12139192298054695,2.123076457977295,0.0921279427409172,0.016515314131975156,0.7883180809020995,0.03808618009090424
One-D-Piece,n02395406,96,0.058303152918815625,0.8610247611999509,0.032160522788763045,0.06200886204838753,1.2735338401794427,0.05312496066093446,0.0037057091295719033,0.41250907897949185,0.020964437872171414
One-D-Piece,n02395406,128,0.03176191449165346,0.565530891418457,0.016092117726802826,0.03101517692208291,0.7639665412902831,0.027479931712150574,-0.0007467375695705547,0.19843564987182605,0.011387813985347748
One-D-Piece,n02395406,160,0.01608394414186479,0.35948026657104504,0.008645695298910143,0.01664444893598557,0.4724017524719234,0.016031451225280765,0.0005605047941207794,0.11292148590087836,0.007385755926370622
One-D-Piece,n02395406,208,0.004580834805965432,0.12373920440673797,0.0030389857292175315,0.004388144835829735,0.11296714782714823,0.0034510084986686712,-0.00019268997013569683,-0.01077205657958974,0.0004120227694511397
One-D-Piece,n02395406,256,0.0,0.0,0.0,0.0,0.0,0.0,0.0,0.0,0.0
One-D-Piece,n02398521,8,0.4095272642374039,3.185268440246582,0.041151174157857906,0.4270595321059227,4.115332946777344,0.12346630811691287,0.017532267868518803,0.930064506530762,0.08231513395905496
One-D-Piece,n02398521,16,0.3043932962417603,2.7778831481933595,0.04459896191954613,0.3203538253903389,3.2156914329528807,0.11488431602716448,0.015960529148578595,0.43780828475952127,0.07028535410761835
One-D-Piece,n02398521,32,0.18878554344177245,2.0771339416503904,0.05782011136412621,0.21828771978616715,2.511333065032959,0.10527185350656511,0.0295021763443947,0.4341991233825686,0.0474517421424389
One-D-Piece,n02398521,64,0.10502568423748018,1.3081644439697266,0.05203285694122314,0.1159606510400772,1.561747188568115,0.06982355475425721,0.010934966802597021,0.25358274459838825,0.017790697813034065
One-D-Piece,n02398521,96,0.05544504404067993,0.9104594039916996,0.032037651985883715,0.06614875137805938,1.1286645698547364,0.0449388948082924,0.01070370733737945,0.21820516586303684,0.012901242822408683
One-D-Piece,n02398521,128,0.0298285061120987,0.5553610610961912,0.016404398232698448,0.0334594839811325,0.6450956153869629,0.024595941901206973,0.0036309778690338003,0.0897345542907717,0.008191543668508525
One-D-Piece,n02398521,160,0.01411605417728424,0.3355280113220212,0.007673274725675582,0.01746730521321297,0.38597085952758803,0.012391246855258947,0.00335125103592873,0.050442848205566826,0.004717972129583365
One-D-Piece,n02398521,208,0.0040798506140708925,0.06843307495117205,0.001490543335676192,0.004231734275817873,0.10911975860595707,0.003136707842350014,0.00015188366174698036,0.04068668365478502,0.001646164506673822
One-D-Piece,n02398521,256,0.0,0.0,0.0,0.0,0.0,0.0,0.0,0.0,0.0
One-D-Piece,n02410509,8,0.4040884894132614,3.413415813446045,0.0516844978928566,0.40826938942074775,3.796065397262573,0.10646843746304512,0.004180900007486332,0.38264958381652825,0.05478393957018852
One-D-Piece,n02410509,16,0.2787678092718125,2.704495334625244,0.05062768831849099,0.3052389355003834,2.951285095214844,0.10077208489179611,0.026471126228570896,0.2467897605895999,0.05014439657330512
One-D-Piece,n02410509,32,0.17082507133483887,2.2608158493041994,0.0678105317056179,0.21021320417523387,2.3086846542358397,0.09988400623202325,0.039388132840394996,0.04786880493164025,0.03207347452640534
One-D-Piece,n02410509,64,0.08860522121191025,1.38866870880127,0.04945644780993463,0.11606461688876153,1.4353994941711425,0.06720910161733627,0.02745939567685128,0.04673078536987263,0.017752653807401646
One-D-Piece,n02410509,96,0.046799677312374124,0.9326859283447267,0.03149292141199112,0.06576538875699044,0.9265718650817867,0.042365413159132004,0.018965711444616312,-0.0061140632629400615,0.010872491747140882
One-D-Piece,n02410509,128,0.026937835812568665,0.5787121772766117,0.01810548022389412,0.034795123189687735,0.5592507171630858,0.022589136064052585,0.00785728737711907,-0.019461460113525897,0.004483655840158467
One-D-Piece,n02410509,160,0.015135401189327243,0.3364287376403812,0.009114905744791037,0.01663419157266617,0.2771895217895508,0.011182577759027479,0.0014987903833389282,-0.05923921585083042,0.0020676720142364415
One-D-Piece,n02410509,208,0.0026726682484149965,0.10584066390991222,0.0014587929844856273,0.00409265711903572,0.10855047225952141,0.00272608384490013,0.0014199888706207236,0.002709808349609197,0.0012672908604145028
One-D-Piece,n02410509,256,0.0,0.0,0.0,0.0,0.0,0.0,0.0,0.0,0.0
One-D-Piece,n02423022,8,0.41202898979187014,2.6866255950927735,0.02682124376296997,0.40609126776456833,3.760159587860108,0.1357054600119591,-0.005937722027301806,1.0735339927673344,0.10888421624898913
One-D-Piece,n02423022,16,0.2788221293687821,2.155383567810059,0.028784575760364525,0.31003540933132173,3.277257537841797,0.12975059986114504,0.031213279962539642,1.121873970031738,0.10096602410078051
One-D-Piece,n02423022,32,0.15362782299518588,1.6293035125732418,0.0493475888669491,0.21031186252832415,2.4572593307495123,0.11188619881868364,0.056684039533138275,0.8279558181762705,0.06253860995173455
One-D-Piece,n02423022,64,0.08147727042436602,0.9831329727172852,0.04267724215984345,0.1117812615633011,1.5780634689331057,0.07004763811826706,0.030303991138935074,0.5949304962158205,0.02737039595842361
One-D-Piece,n02423022,96,0.04387383818626404,0.6538963508605957,0.02590756759047509,0.059040273427963266,1.0342872238159182,0.0409140095114708,0.015166435241699229,0.3803908729553225,0.015006441920995709
One-D-Piece,n02423022,128,0.02364087194204331,0.38141361236572247,0.014682704210281379,0.029017543792724615,0.5264258766174321,0.020779296159744266,0.005376671850681306,0.14501226425170965,0.006096591949462887
One-D-Piece,n02423022,160,0.012012766301631927,0.21274736404418934,0.006851447820663448,0.014000166058540355,0.2719465065002444,0.01037618517875672,0.0019873997569084274,0.05919914245605504,0.003524737358093273
One-D-Piece,n02423022,208,0.002379694283008571,0.023806781768798402,0.001183470040559769,0.003636941313743597,0.10463356018066435,0.002481734156608588,0.001257247030735026,0.08082677841186595,0.001298264116048819
One-D-Piece,n02423022,256,0.0,0.0,0.0,0.0,0.0,0.0,0.0,0.0,0.0
One-D-Piece,n02437616,8,0.44518826067447664,4.701956462860108,0.10697118520736697,0.40868416786193845,4.3555300903320315,0.15022950768470764,-0.03650409281253819,-0.34642637252807607,0.04325832247734067
One-D-Piece,n02437616,16,0.3209018009901047,3.986125659942627,0.10054781615734103,0.3016369217634201,3.5204426765441896,0.1363573855161667,-0.019264879226684573,-0.4656829833984375,0.03580956935882566
One-D-Piece,n02437616,32,0.19449877202510835,2.921860942840576,0.0992807197570801,0.20511115491390228,2.511319808959961,0.11683128565549851,0.010612382888793931,-0.41054113388061486,0.017550565898418413
One-D-Piece,n02437616,64,0.09830662876367569,1.7367701148986816,0.06547982186079027,0.10582661092281341,1.6768043518066407,0.07290972232818603,0.007519982159137725,-0.059965763092040936,0.007429900467395764
One-D-Piece,n02437616,96,0.05573156833648682,1.1020063400268556,0.04058474600315095,0.05845142349600792,1.0465301513671874,0.041770837903022766,0.002719855159521098,-0.05547618865966819,0.0011860918998718162
One-D-Piece,n02437616,128,0.029620562791824342,0.6334628105163574,0.021611789762973784,0.032649665623903264,0.7865813636779785,0.02642544686794281,0.003029102832078922,0.15311855316162104,0.0048136571049690255
One-D-Piece,n02437616,160,0.014413301050662995,0.3414654731750491,0.010768699944019315,0.016613961756229402,0.39788717269897445,0.01271418273448944,0.0022006607055664075,0.05642169952392534,0.0019454827904701252
One-D-Piece,n02437616,208,0.0031478466093540127,0.03793375015258757,0.0024455913901329025,0.003680597990751254,0.16205934524536122,0.0031224769353866617,0.0005327513813972412,0.12412559509277366,0.0006768855452537591
One-D-Piece,n02437616,256,0.0,0.0,0.0,0.0,0.0,0.0,0.0,0.0,0.0
One-D-Piece,n02445715,8,0.45750675529241563,4.437911281585693,0.10506340332329273,0.4563210029900075,5.022913007736206,0.19490010052919388,-0.0011857523024081384,0.5850017261505132,0.08983669720590115
One-D-Piece,n02445715,16,0.3316728273034096,3.684864253997803,0.10029549792408943,0.3465121580660343,4.58866584777832,0.18808290779590606,0.014839330762624725,0.9038015937805173,0.08778740987181663
One-D-Piece,n02445715,32,0.19564974397420887,2.5927037620544433,0.09005735754966736,0.23223247930407528,3.737578105926514,0.16569985836744308,0.03658273532986642,1.1448743438720705,0.07564250081777572
One-D-Piece,n02445715,64,0.10540594458580019,1.6431446456909178,0.06465386867523193,0.1213778291642666,2.459879341125488,0.11183438658714294,0.01597188457846642,0.81673469543457,0.04718051791191101
One-D-Piece,n02445715,96,0.0573819011449814,1.0056949234008787,0.037094721645116804,0.06373202294111253,1.4666485023498532,0.0649299043416977,0.0063501217961311335,0.4609535789489745,0.02783518269658089
One-D-Piece,n02445715,128,0.031103582084178932,0.5191945457458498,0.017993421554565427,0.03138144582509996,0.8668173408508298,0.03670502901077271,0.0002778637409210291,0.34762279510498006,0.018711607456207282
One-D-Piece,n02445715,160,0.015145356357097633,0.3037971878051754,0.009667547643184657,0.01576625853776932,0.48875457763671837,0.020352048873901372,0.0006209021806716872,0.18495738983154297,0.010684501230716716
One-D-Piece,n02445715,208,0.00392785370349885,0.09714839935302699,0.002424282431602478,0.0034706766903400497,0.15019065856933597,0.00516252815723419,-0.0004571770131588,0.05304225921630898,0.0027382457256317117
One-D-Piece,n02445715,256,0.0,0.0,0.0,0.0,0.0,0.0,0.0,0.0,0.0
One-D-Piece,n02447366,8,0.45259447425603866,3.6379683876037596,0.08506713315844537,0.4272305144369602,4.3069429683685305,0.1616906702518463,-0.025363959819078463,0.6689745807647709,0.07662353709340093
One-D-Piece,n02447366,16,0.32685869187116623,3.1802919578552253,0.08192021593451501,0.3193266017735005,3.648585891723633,0.14915580853819846,-0.007532090097665756,0.46829393386840756,0.06723559260368345
One-D-Piece,n02447366,32,0.18310881286859512,2.4684626960754397,0.08115287967026236,0.21899984791874885,2.8420569896698,0.13325853362679482,0.03589103505015373,0.37359429359436014,0.052105653956532466
One-D-Piece,n02447366,64,0.09773084491491318,1.5325902366638187,0.056475278437137615,0.12167550101876261,1.7689130783081055,0.08602744728326797,0.023944656103849424,0.23632284164428685,0.029552168846130357
One-D-Piece,n02447366,96,0.05199239253997803,0.9539908790588378,0.032078463137149814,0.06594277635216714,1.0621017074584957,0.050679462850093844,0.013950383812189104,0.10811082839965791,0.01860099971294403
One-D-Piece,n02447366,128,0.02793686419725418,0.5610425376892091,0.01562520578503609,0.03312489047646523,0.6046912193298338,0.026293506026268006,0.005188026279211052,0.04364868164062474,0.010668300241231915
One-D-Piece,n02447366,160,0.013738436251878738,0.29652166366577143,0.008858677297830585,0.015182546973228461,0.2717880058288574,0.011878017485141754,0.0014441107213497232,-0.024733657836914003,0.003019340187311169
One-D-Piece,n02447366,208,0.0037651585042476564,0.083427715301514,0.0013904607295990017,0.003969187140464792,0.07545961380004869,0.002548594772815702,0.00020402863621713516,-0.007968101501465305,0.0011581340432167003
One-D-Piece,n02447366,256,0.0,0.0,0.0,0.0,0.0,0.0,0.0,0.0,0.0
One-D-Piece,n02480495,8,0.45479776233434677,3.5638951873779297,0.09332181513309479,0.42627548903226853,4.211305255889893,0.10095149345695972,-0.028522273302078238,0.647410068511963,0.007629678323864936
One-D-Piece,n02480495,16,0.34027051597833635,3.0631657600402837,0.08922913283109665,0.3127830272912979,3.404931373596191,0.09554903790354731,-0.02748748868703843,0.34176561355590707,0.006319905072450657
One-D-Piece,n02480495,32,0.19693924337625504,2.1627808380126954,0.08579788997769355,0.20226889729499817,2.483120822906494,0.08936342775821686,0.005329653918743127,0.32033998489379867,0.0035655377805233063
One-D-Piece,n02480495,64,0.09807332038879395,1.4296873474121097,0.06464162051677705,0.10803629219532013,1.5018335533142084,0.06043080538511277,0.00996297180652618,0.07214620590209875,-0.004210815131664276
One-D-Piece,n02480495,96,0.05135135561227799,0.9080573463439943,0.04083181008696556,0.05624189421534538,0.9610204124450681,0.03716074764728547,0.0048905386030673945,0.05296306610107382,-0.0036710624396800937
One-D-Piece,n02480495,128,0.027224167585372928,0.5775431251525881,0.02299859434366226,0.030664676725864416,0.5923796844482416,0.021467529833316804,0.003440509140491488,0.014836559295653529,-0.0015310645103454555
One-D-Piece,n02480495,160,0.013669629693031307,0.3327146911621097,0.010977909415960314,0.014237883538007739,0.37979118347167967,0.011883400678634644,0.000568253844976432,0.04707649230956995,0.0009054912626743298
One-D-Piece,n02480495,208,0.003113886415958397,0.12352794647216829,0.003996250927448267,0.004065817445516586,0.10445274353027312,0.0031279188394546494,0.0009519310295581888,-0.019075202941895172,-0.0008683320879936179
One-D-Piece,n02480495,256,0.0,0.0,0.0,0.0,0.0,0.0,0.0,0.0,0.0
One-D-Piece,n02480855,8,0.4227345559000969,3.656527462005615,0.09680422514677048,0.44390268370509145,3.9813162231445314,0.12883159562945365,0.021168127804994552,0.3247887611389162,0.03202737048268317
One-D-Piece,n02480855,16,0.31250931054353714,3.0666878700256346,0.09001935571432114,0.33242846772074697,3.424154872894287,0.12906297400593758,0.019919157177209823,0.35746700286865263,0.03904361829161644
One-D-Piece,n02480855,32,0.18292419582605363,2.2463265800476075,0.08867643386125565,0.21383775100111962,2.5265814018249513,0.1183208692073822,0.030913555175066,0.28025482177734373,0.029644435346126555
One-D-Piece,n02480855,64,0.0962682729959488,1.4336066055297847,0.06082272738218308,0.12170419469475746,1.5677821350097656,0.08111966520547867,0.025435921698808664,0.1341755294799809,0.020296937823295592
One-D-Piece,n02480855,96,0.053945719599723815,0.8846509742736813,0.03385280936956406,0.06637942150235177,0.9884472084045409,0.048750371634960175,0.01243370190262795,0.10379623413085959,0.014897562265396118
One-D-Piece,n02480855,128,0.027042009830474858,0.4821401786804198,0.01677580863237381,0.03663427755236625,0.6255742263793947,0.02668676435947418,0.009592267721891392,0.14343404769897494,0.009910955727100372
One-D-Piece,n02480855,160,0.012637369632720948,0.32486392974853473,0.00917980521917343,0.01770696192979812,0.34551343917846694,0.01260871633887291,0.005069592297077173,0.02064950942993221,0.0034289111196994793
One-D-Piece,n02480855,208,0.0030042251944541955,0.051410446166992224,0.002286085486412048,0.004822730273008348,0.12257720947265671,0.0033037269115447922,0.001818505078554152,0.07116676330566449,0.0010176414251327442
One-D-Piece,n02480855,256,0.0,0.0,0.0,0.0,0.0,0.0,0.0,0.0,0.0
One-D-Piece,n02481823,8,0.42481877967715265,4.200307788848877,0.10823259726166726,0.3976807042956353,4.3472119903564455,0.1518774673342705,-0.027138075381517357,0.1469042015075681,0.04364487007260323
One-D-Piece,n02481823,16,0.31130936846137053,3.423395652770996,0.10243558391928673,0.29611269503831866,3.910119724273682,0.14698223978281022,-0.015196673423051865,0.4867240715026857,0.04454665586352349
One-D-Piece,n02481823,32,0.1863842175900936,2.6193128776550294,0.09792530655860901,0.19431550890207294,2.9874480247497557,0.12562313318252563,0.007931291311979338,0.3681351470947263,0.02769782662391662
One-D-Piece,n02481823,64,0.1010380320250988,1.6569125175476074,0.06951341956853867,0.10623758286237718,1.8493627357482914,0.08047219306230545,0.005199550837278383,0.19245021820068398,0.010958773493766782
One-D-Piece,n02481823,96,0.0562822349369526,1.035611057281494,0.041153291314840315,0.05594437003135682,1.0810117721557617,0.047407783567905426,-0.00033786490559577914,0.04540071487426767,0.006254492253065111
One-D-Piece,n02481823,128,0.029201394468545912,0.55863374710083,0.02115424811840058,0.027371950447559367,0.5782659339904787,0.026490336060523992,-0.0018294440209865453,0.01963218688964863,0.00533608794212341
One-D-Piece,n02481823,160,0.015521497279405598,0.3486054039001467,0.011419394612312322,0.012218970954418193,0.28393508911132825,0.012169509232044223,-0.003302526324987405,-0.06467031478881846,0.0007501146197319009
One-D-Piece,n02481823,208,0.004948327690362923,0.12437086105346701,0.003932899832725524,0.003692096918821339,0.09564109802246136,0.0034582114219665516,-0.0012562307715415838,-0.028729763031005648,-0.00047468841075897243
One-D-Piece,n02481823,256,0.0,0.0,0.0,0.0,0.0,0.0,0.0,0.0,0.0
One-D-Piece,n02483362,8,0.4538483713567257,4.413828639984131,0.1331265650689602,0.39959562502801416,4.358973960876465,0.13581272035837175,-0.05425274632871152,-0.05485467910766584,0.002686155289411546
One-D-Piece,n02483362,16,0.3443557260930538,3.8290817451477053,0.12588465616106986,0.30511804424226285,3.5362047958374023,0.1241888488829136,-0.03923768185079096,-0.29287694931030295,-0.0016958072781562694
One-D-Piece,n02483362,32,0.2005519972741604,2.934994812011719,0.11259107396006586,0.20062738589942455,2.6630998420715333,0.10638846769928932,7.538862526415557e-05,-0.2718949699401856,-0.006202606260776539
One-D-Piece,n02483362,64,0.10170231893658639,1.8185636138916015,0.07468887865543367,0.10598603628575803,1.6871103668212895,0.06749212518334388,0.004283717349171642,-0.13145324707031203,-0.007196753472089784
One-D-Piece,n02483362,96,0.05667619660496712,1.1216830062866208,0.04029886022210122,0.05683273978531361,1.0526464271545415,0.03938992381095886,0.00015654318034648979,-0.06903657913207928,-0.0009089364111423553
One-D-Piece,n02483362,128,0.03027763918042183,0.6871808624267579,0.02184531599283219,0.029094727411866198,0.5551768684387207,0.021602740585803984,-0.0011829117685556306,-0.1320039939880372,-0.00024257540702820463
One-D-Piece,n02483362,160,0.014616331309080124,0.4240444183349609,0.012151944935321807,0.015348927900195129,0.29268224716186525,0.011500910818576815,0.0007325965911150045,-0.13136217117309568,-0.0006510341167449921
One-D-Piece,n02483362,208,0.003461292088031767,0.11749656677246119,0.0029910090565681453,0.003476197943091401,0.06955127716064456,0.0025034198164939885,1.4905855059633728e-05,-0.04794528961181663,-0.0004875892400741568
One-D-Piece,n02483362,256,0.0,0.0,0.0,0.0,0.0,0.0,0.0,0.0,0.0
One-D-Piece,n02486410,8,0.42187153309583664,3.8032007980346676,0.0550282809138298,0.4357390528917313,4.107824001312256,0.13441450327634813,0.013867519795894678,0.3046232032775884,0.07938622236251833
One-D-Piece,n02486410,16,0.30908596962690355,3.11513967514038,0.054085669815540326,0.33170714318752287,3.5287747764587403,0.13022414132952692,0.022621173560619323,0.4136351013183601,0.07613847151398659
One-D-Piece,n02486410,32,0.17202145785093306,2.344181976318359,0.06513258069753648,0.2264311981201172,2.6926064109802246,0.12097512349486353,0.05440974026918413,0.3484244346618657,0.05584254279732705
One-D-Piece,n02486410,64,0.08918494015932085,1.4464091491699216,0.05329850777983666,0.12325739085674288,1.7816833496093754,0.08692072436213495,0.03407245069742203,0.3352742004394538,0.03362221658229829
One-D-Piece,n02486410,96,0.04751505434513093,0.950388393402099,0.03181600719690324,0.06579249054193498,1.156977519989014,0.05354456916451455,0.018277436196804046,0.20658912658691497,0.02172856196761131
One-D-Piece,n02486410,128,0.023675413131713872,0.511867561340332,0.016067056059837343,0.03411520421504975,0.6924537277221685,0.031833850145339966,0.01043979108333588,0.18058616638183655,0.015766794085502623
One-D-Piece,n02486410,160,0.01201746046543122,0.2849304962158203,0.008016999065876013,0.01686724737286569,0.4378334999084473,0.017641282677650458,0.004849786907434471,0.152903003692627,0.009624283611774444
One-D-Piece,n02486410,208,0.0033615447580814303,0.07225950241088863,0.00177562057971955,0.004151337295770654,0.15671016693115267,0.004858839809894562,0.000789792537689224,0.08445066452026403,0.003083219230175012
One-D-Piece,n02486410,256,0.0,0.0,0.0,0.0,0.0,0.0,0.0,0.0,0.0
One-D-Piece,n02510455,8,0.4666750982403755,4.884303321838379,0.1470293852686882,0.4580922105908394,5.504643669128418,0.18020798683166503,-0.00858288764953613,0.6203403472900391,0.033178601562976834
One-D-Piece,n02510455,16,0.3443143591284752,4.277644920349122,0.1359915775060654,0.3641502216458321,4.9611079883575435,0.1737912654876709,0.019835862517356917,0.6834630680084217,0.03779968798160552
One-D-Piece,n02510455,32,0.20260412603616715,2.9412956809997564,0.11330970406532287,0.2374874904751778,3.7272309112548827,0.14901516303420068,0.03488336443901066,0.7859352302551263,0.03570545896887781
One-D-Piece,n02510455,64,0.10710024863481521,1.731643753051758,0.07026698529720307,0.1254624351859093,2.333286418914795,0.09411012053489685,0.01836218655109409,0.6016426658630369,0.023843135237693783
One-D-Piece,n02510455,96,0.0596640220284462,0.9757629203796391,0.04079679399728775,0.0657479913532734,1.38438850402832,0.05535687655210495,0.006083969324827201,0.40862558364868085,0.014560082554817201
One-D-Piece,n02510455,128,0.029019589722156524,0.5125576210021974,0.020776306688785544,0.03457364574074747,0.7907560157775877,0.02978022962808609,0.005554056018590946,0.2781983947753903,0.009003922939300545
One-D-Piece,n02510455,160,0.0118955585360527,0.25851272583007856,0.010618116110563278,0.0175099889934063,0.4815189933776854,0.016330796778202056,0.0056144304573535996,0.22300626754760683,0.005712680667638779
One-D-Piece,n02510455,208,0.0029850487411022157,0.10936511993408235,0.0031131450831890116,0.003743367791175853,0.13807720184326175,0.0030303010344505314,0.0007583190500736374,0.0287120819091794,-8.284404873848015e-05
One-D-Piece,n02510455,256,0.0,0.0,0.0,0.0,0.0,0.0,0.0,0.0,0.0
One-D-Piece,n02526121,8,0.4185808476805687,3.8635792160034184,0.08452820412814617,0.4347510246932507,3.642568073272705,0.1466656965762377,0.01617017701268203,-0.22101114273071332,0.06213749244809154
One-D-Piece,n02526121,16,0.306646982729435,3.109201068878174,0.07457547925412655,0.3329728226363659,3.054665279388428,0.1476905316859484,0.02632583990693088,-0.05453578948974602,0.07311505243182184
One-D-Piece,n02526121,32,0.18689508497714996,2.215267734527588,0.07348100483417512,0.2272386507689953,2.4032081985473632,0.13513653472065928,0.04034356579184534,0.18794046401977527,0.061655529886484164
One-D-Piece,n02526121,64,0.09627133160829544,1.3611031532287603,0.05455627441406251,0.11960719451308252,1.4474818611145022,0.08823762208223344,0.023335862904787077,0.08637870788574187,0.033681347668170936
One-D-Piece,n02526121,96,0.051685909032821664,0.9087890243530279,0.03369046315550804,0.061065444201231014,0.8647512054443359,0.05164714246988297,0.00937953516840935,-0.04403781890869196,0.017956679314374932
One-D-Piece,n02526121,128,0.027426202893257142,0.6041261863708499,0.0195544844865799,0.03158492773771287,0.4845470809936524,0.027058275938034063,0.004158724844455727,-0.11957910537719751,0.007503791451454165
One-D-Piece,n02526121,160,0.015599451065063476,0.3914743995666507,0.010438819825649261,0.014565997868776331,0.3122478675842284,0.014102700650691986,-0.0010334531962871447,-0.0792265319824223,0.0036638808250427247
One-D-Piece,n02526121,208,0.0044448828697204665,0.09639881134033203,0.002147204577922821,0.003118712007999429,0.05350849151611325,0.0031611931324005134,-0.0013261708617210376,-0.04289031982421878,0.0010139885544776924
One-D-Piece,n02526121,256,0.0,0.0,0.0,0.0,0.0,0.0,0.0,0.0,0.0
One-D-Piece,n02607072,8,0.39296254739165304,3.666214942932129,0.11467647954821586,0.45176713332533835,5.0376935386657715,0.1402943804860115,0.058804585933685316,1.3714785957336426,0.025617900937795646
One-D-Piece,n02607072,16,0.2881977371871472,3.120456504821777,0.11313677273690702,0.3497070746123791,4.406683673858643,0.1359318697452545,0.0615093374252319,1.2862271690368656,0.02279509700834749
One-D-Piece,n02607072,32,0.189179355353117,2.345172996520996,0.10494925633072855,0.2402501253783703,3.498851947784424,0.12341218024492263,0.05107077002525329,1.1536789512634278,0.018462923914194088
One-D-Piece,n02607072,64,0.10541133567690851,1.4134401893615722,0.071896470785141,0.12489037528634071,2.2337711334228514,0.08550814539194107,0.019479039609432203,0.8203309440612792,0.013611674606800073
One-D-Piece,n02607072,96,0.05722678571939469,0.9023872756958008,0.045398940742015836,0.06579418793320654,1.4612388038635253,0.05146721392869948,0.008567402213811852,0.5588515281677245,0.006068273186683647
One-D-Piece,n02607072,128,0.029222298711538322,0.5386126899719239,0.025872635692358016,0.036465857326984395,0.8743147468566892,0.029315589070320128,0.007243558615446073,0.3357020568847653,0.0034429533779621116
One-D-Piece,n02607072,160,0.013376460075378425,0.25186616897583014,0.01281152948737144,0.018450134843587866,0.42424938201904266,0.011639473438262935,0.005073674768209441,0.17238321304321252,-0.001172056049108505
One-D-Piece,n02607072,208,0.0032568852603435576,0.03859893798828111,0.0022266015410423268,0.005308820903301223,0.1774275207519532,0.0037451344728469814,0.002051935642957665,0.1388285827636721,0.0015185329318046547
One-D-Piece,n02607072,256,0.0,0.0,0.0,0.0,0.0,0.0,0.0,0.0,0.0
One-D-Piece,n02655020,8,0.39706208586692815,3.667284927368164,0.07054293185472489,0.40132571309804915,4.115392398834229,0.11897744491696358,0.004263627231121003,0.44810747146606467,0.048434513062238685
One-D-Piece,n02655020,16,0.2932497620582581,3.0853253173828126,0.0692141479253769,0.3105928674340248,3.4248612403869627,0.11238105982542038,0.01734310537576672,0.33953592300415014,0.04316691190004347
One-D-Piece,n02655020,32,0.1790151435136795,2.2121838378906253,0.0714549595117569,0.2036880737543106,2.4815254020690922,0.09625346839427949,0.024672930240631108,0.2693415641784669,0.024798508882522594
One-D-Piece,n02655020,64,0.09736294567584994,1.4499674797058106,0.055533595234155665,0.10837371736764907,1.5922756004333503,0.06360639274120332,0.011010771691799134,0.14230812072753962,0.008072797507047653
One-D-Piece,n02655020,96,0.05338061243295671,1.0074589157104494,0.03413953915238381,0.056370525658130645,1.0098077583312994,0.03911963313817978,0.002989913225173932,0.00234884262085,0.004980093985795971
One-D-Piece,n02655020,128,0.027425497472286234,0.6337714004516601,0.01842787384986878,0.02920089408755302,0.6245643043518071,0.022849485874176033,0.001775396615266784,-0.00920709609985304,0.0044216120243072525
One-D-Piece,n02655020,160,0.015350918769836434,0.45956096649169953,0.009847915470600134,0.014747359752655023,0.40427999496460015,0.01214585602283478,-0.0006035590171814108,-0.055280971527099376,0.0022979405522346452
One-D-Piece,n02655020,208,0.0035771897435188343,0.13795398712158222,0.002635807991027843,0.0033247016370296463,0.1248261260986337,0.0027107867598533675,-0.00025248810648918806,-0.013127861022948523,7.497876882552436e-05
One-D-Piece,n02655020,256,0.0,0.0,0.0,0.0,0.0,0.0,0.0,0.0,0.0
One-D-Piece,n02672831,8,0.4503079107403755,3.7524718475341796,0.1790372969955206,0.3997097750008106,2.487326145172119,0.1336264829337597,-0.0505981357395649,-1.2651457023620605,-0.045410814061760896
One-D-Piece,n02672831,16,0.3341434445977211,3.230146389007568,0.1648636528849602,0.29873781278729444,1.9946227073669431,0.1254934287071228,-0.03540563181042666,-1.2355236816406248,-0.03937022417783739
One-D-Piece,n02672831,32,0.21343050569295882,2.535629730224609,0.14198930576443675,0.20501807913184167,1.6254998397827145,0.1104008275270462,-0.008412426561117153,-0.9101298904418944,-0.03158847823739054
One-D-Piece,n02672831,64,0.11032159566879272,1.6021494674682617,0.08989053890109062,0.1095433034002781,1.0761262321472165,0.0702969415485859,-0.0007782922685146271,-0.5260232353210452,-0.019593597352504724
One-D-Piece,n02672831,96,0.058015548288822175,1.0069215774536129,0.053247574865818034,0.057659757286310204,0.6209977531433104,0.040757605880498884,-0.00035579100251197093,-0.3859238243103025,-0.01248996898531915
One-D-Piece,n02672831,128,0.032034843116998675,0.6140756988525389,0.027986474931240086,0.029544918686151514,0.3497101020812988,0.02226772904396057,-0.002489924430847161,-0.26436559677124005,-0.0057187458872795145
One-D-Piece,n02672831,160,0.015231192409992206,0.3250660896301267,0.014813140034675603,0.01375104039907456,0.20103296279907212,0.011181892454624167,-0.0014801520109176455,-0.12403312683105455,-0.0036312475800514363
One-D-Piece,n02672831,208,0.002986862361431112,0.07759294509887678,0.0019347348809242266,0.002529975622892383,0.055940799713134516,0.0024302956461906373,-0.00045688673853872897,-0.021652145385742262,0.0004955607652664107
One-D-Piece,n02672831,256,0.0,0.0,0.0,0.0,0.0,0.0,0.0,0.0,0.0
One-D-Piece,n02701002,8,0.41661271572113034,3.6145634841918945,0.13664718538522722,0.4080942415446044,3.2039749908447264,0.1747864818572998,-0.008518474176525959,-0.4105884933471682,0.03813929647207259
One-D-Piece,n02701002,16,0.27427292406558995,3.03581392288208,0.14359432458877563,0.3141812374442816,2.852789993286133,0.16758059561252595,0.03990831337869166,-0.18302392959594727,0.02398627102375031
One-D-Piece,n02701002,32,0.18204788923263548,2.3516872215271,0.13033458411693574,0.20849806897342205,2.310595779418945,0.14197106763720513,0.02645017974078656,-0.04109144210815474,0.011636483520269386
One-D-Piece,n02701002,64,0.10203174054622652,1.4859640312194824,0.08426382422447204,0.11268860317766666,1.536561985015869,0.08971300259232523,0.01065686263144014,0.05059795379638654,0.005449178367853191
One-D-Piece,n02701002,96,0.05380215108394623,0.8378384208679202,0.04817375093698502,0.057818742617964755,0.9577207756042481,0.049339802488684664,0.004016591534018524,0.11988235473632791,0.0011660515516996456
One-D-Piece,n02701002,128,0.027098875641822815,0.5171514892578126,0.02677296042442322,0.0288104134052992,0.5574764251708981,0.026855936795473108,0.0017115377634763854,0.0403249359130855,8.297637104988723e-05
One-D-Piece,n02701002,160,0.013844887018203739,0.270298252105713,0.013493063449859621,0.01536127544939519,0.28564207077026366,0.012967683374881746,0.001516388431191451,0.015343818664550646,-0.0005253800749778752
One-D-Piece,n02701002,208,0.003758514523506153,0.05541545867919925,0.0020217597484588666,0.003622321784496309,0.07401416778564453,0.0022003856301307735,-0.00013619273900984403,0.018598709106445274,0.0001786258816719069
One-D-Piece,n02701002,256,0.0,0.0,0.0,0.0,0.0,0.0,0.0,0.0,0.0
One-D-Piece,n02749479,8,0.4482719376683235,3.6861763763427735,0.10615500144660472,0.4129303751885891,4.864060516357422,0.14579641193151477,-0.03534156247973441,1.1778841400146485,0.039641410484910045
One-D-Piece,n02749479,16,0.33450805813074114,3.0324619674682616,0.10302033953368664,0.29621475741267206,3.963393898010254,0.13492126151919367,-0.03829330071806908,0.9309319305419925,0.031900921985507036
One-D-Piece,n02749479,32,0.20743269175291063,2.289758682250977,0.09714691743254661,0.19252706244587897,3.190667781829834,0.11254136607050896,-0.014905629307031654,0.9009090995788571,0.015394448637962355
One-D-Piece,n02749479,64,0.10430469453334808,1.4141000556945804,0.067416752576828,0.09609435632824899,2.0303935432434077,0.07341299101710319,-0.008210338205099088,0.6162934875488273,0.005996238440275192
One-D-Piece,n02749479,96,0.055752825438976285,0.8179752349853519,0.04156197220087052,0.048640621453523644,1.1532341957092285,0.040284429043531425,-0.007112203985452641,0.3352589607238766,-0.0012775431573390922
One-D-Piece,n02749479,128,0.02937316313385963,0.48609474182128937,0.02337256819009781,0.02499179169535637,0.640937767028808,0.022556567490100862,-0.00438137143850326,0.15484302520751864,-0.0008160006999969466
One-D-Piece,n02749479,160,0.014644833356142044,0.30727451324462896,0.011870791018009181,0.011452123075723648,0.31009408950805695,0.01164793461561203,-0.0031927102804183965,0.002819576263427992,-0.00022285640239715077
One-D-Piece,n02749479,208,0.002904968708753583,0.11002710342407256,0.0027555513381958,0.0015342606604099248,0.07148651123046872,0.002611750662326814,-0.0013707080483436583,-0.03854059219360384,-0.00014380067586898613
One-D-Piece,n02749479,256,0.0,0.0,0.0,0.0,0.0,0.0,0.0,0.0,0.0
One-D-Piece,n02769748,8,0.44189157247543337,5.074415187835694,0.14579697132110597,0.4151108078658581,3.4284314346313476,0.15849644601345064,-0.02678076460957529,-1.6459837532043462,0.01269947469234467
One-D-Piece,n02769748,16,0.3237496143579483,4.208690662384033,0.131163210272789,0.31011916145682333,2.988670539855957,0.15714823424816132,-0.013630452901124968,-1.2200201225280756,0.025985023975372334
One-D-Piece,n02769748,32,0.20555514335632324,3.2249305725097654,0.11292336553335192,0.22072142884135246,2.3332342720031733,0.14437354668974878,0.015166285485029213,-0.8916963005065921,0.03145018115639686
One-D-Piece,n02769748,64,0.11264509707689287,2.19339521408081,0.08249946236610413,0.11568670719861984,1.4722703170776368,0.09712262630462648,0.003041610121726976,-0.7211248970031734,0.014623163938522352
One-D-Piece,n02769748,96,0.06097954601049424,1.3477961540222168,0.049838970303535464,0.059950153678655624,0.8669469261169437,0.05283658593893052,-0.0010293923318386161,-0.48084922790527307,0.002997615635395058
One-D-Piece,n02769748,128,0.03059127405285836,0.7905826950073244,0.025317062735557557,0.029604735076427455,0.4924821281433106,0.024992697238922126,-0.000986538976430907,-0.29810056686401376,-0.00032436549663543077
One-D-Piece,n02769748,160,0.015975393801927567,0.45440832138061493,0.015378124117851262,0.014297944158315654,0.3324934768676755,0.013328306376934053,-0.001677449643611913,-0.12191484451293944,-0.0020498177409172084
One-D-Piece,n02769748,208,0.002926224023103715,0.1333796501159663,0.0035975477099418718,0.004494733363389969,0.09911310195922834,0.0024270388484001217,0.001568509340286254,-0.034266548156737964,-0.00117050886154175
One-D-Piece,n02769748,256,0.0,0.0,0.0,0.0,0.0,0.0,0.0,0.0,0.0
One-D-Piece,n02793495,8,0.38492797434329984,3.9424780464172358,0.10241767436265946,0.43402220234274863,4.1122194480896,0.0978250874578953,0.04909422799944879,0.16974140167236396,-0.004592586904764162
One-D-Piece,n02793495,16,0.2668056511878968,3.2609782600402832,0.10618474386632443,0.3246202068030834,3.2730424880981444,0.10005659863352777,0.057814555615186614,0.012064228057861115,-0.0061281452327966585
One-D-Piece,n02793495,32,0.1797434675693512,2.5265817451477046,0.09269203886389732,0.21950288161635398,2.712657947540283,0.10130158364772797,0.039759414047002783,0.1860762023925786,0.00860954478383065
One-D-Piece,n02793495,64,0.0891132727265358,1.3729515075683594,0.057006658017635346,0.11590840324759483,1.667022361755371,0.06915946528315545,0.02679513052105903,0.2940708541870116,0.0121528072655201
One-D-Piece,n02793495,96,0.045761597752571104,0.8004453277587887,0.03137826398015022,0.06157068684697152,1.1153707695007327,0.043523121029138565,0.015809089094400416,0.3149254417419439,0.012144857048988343
One-D-Piece,n02793495,128,0.024708828926086432,0.40258541107177703,0.015986032336950298,0.03135238736867906,0.6756227874755862,0.022022425979375843,0.00664355844259263,0.2730373764038092,0.006036393642425544
One-D-Piece,n02793495,160,0.012161449193954468,0.23944595336914046,0.00964679285883903,0.016218959242105487,0.32388580322265603,0.0110707151889801,0.004057510048151018,0.08443984985351558,0.00142392233014107
One-D-Piece,n02793495,208,0.0032626113295555086,0.0651347541809083,0.002018363177776337,0.00371493339538575,0.10636869430541968,0.003123289346694952,0.0004523220658302412,0.04123394012451137,0.0011049261689186148
One-D-Piece,n02793495,256,0.0,0.0,0.0,0.0,0.0,0.0,0.0,0.0,0.0
One-D-Piece,n02797295,8,0.453091689646244,2.7188935661315914,0.06548496887087824,0.4369869154691696,3.864942531585694,0.11195696040987968,-0.0161047741770744,1.1460489654541024,0.046471991539001445
One-D-Piece,n02797295,16,0.34368042975664137,2.1796040916442867,0.06540366545319558,0.3337695324420929,3.132951011657715,0.10765577241778373,-0.009910897314548472,0.9533469200134284,0.04225210696458816
One-D-Piece,n02797295,32,0.20774998396635055,1.6767906951904292,0.07159062400460244,0.224980508685112,2.363899574279785,0.10042323976755142,0.017230524718761436,0.6871088790893558,0.028832615762948988
One-D-Piece,n02797295,64,0.11187317520380022,1.0998472023010248,0.05734197020530701,0.1260523284971714,1.5836312103271484,0.07299159318208695,0.014179153293371188,0.48378400802612354,0.015649622976779944
One-D-Piece,n02797295,96,0.06248322874307633,0.7149584770202633,0.037084321826696395,0.07036773517727851,0.9486454582214356,0.04627729862928391,0.00788450643420218,0.23368698120117237,0.009192976802587516
One-D-Piece,n02797295,128,0.03438702672719958,0.4467975807189937,0.021213812828063963,0.03483688592910767,0.5458190727233889,0.024132753908634196,0.0004498592019080913,0.0990214920043952,0.0029189410805702323
One-D-Piece,n02797295,160,0.01694092929363252,0.27229690551757757,0.012777904421091073,0.018862495869398126,0.28805231094360356,0.012365702688694,0.0019215665757656049,0.015755405426025992,-0.00041220173239707274
One-D-Piece,n02797295,208,0.0028331884741783215,0.07449211120605433,0.0017149518430232926,0.004777505099773404,0.0895401000976565,0.002132941782474519,0.0019443166255950829,0.01504798889160218,0.00041798993945122635
One-D-Piece,n02797295,256,0.0,0.0,0.0,0.0,0.0,0.0,0.0,0.0,0.0
One-D-Piece,n02802426,8,0.4490902784466744,4.119763698577882,0.11102948963642122,0.4426771083474159,4.210861654281616,0.1610142333805561,-0.006413170099258458,0.09109795570373436,0.04998474374413488
One-D-Piece,n02802426,16,0.33034215062856676,3.383913688659668,0.11338680386543276,0.33789514034986495,3.8262332248687745,0.15656921297311782,0.007552989721298198,0.44231953620910636,0.04318240910768506
One-D-Piece,n02802426,32,0.21457697421312333,2.703343143463135,0.11311297267675399,0.2244163152575493,2.901304950714112,0.13392195373773574,0.009839341044425964,0.197961807250977,0.02080898106098175
One-D-Piece,n02802426,64,0.11276689976453783,1.838436985015869,0.07731505453586579,0.11650585860013964,1.8302980995178226,0.08736229151487353,0.0037389588356018105,-0.008138885498046422,0.010047236979007737
One-D-Piece,n02802426,96,0.06231321007013322,1.2360422325134284,0.04869010329246522,0.06185741603374481,1.1798552703857421,0.05190348893404007,-0.0004557940363884086,-0.05618696212768626,0.003213385641574855
One-D-Piece,n02802426,128,0.031349677443504344,0.7110718917846681,0.02578219473361969,0.030167063325643548,0.6663583374023437,0.02742275446653366,-0.001182614117860796,-0.04471355438232438,0.0016405597329139689
One-D-Piece,n02802426,160,0.01612758487462998,0.4139111328125004,0.014148308634758,0.014184369370341302,0.3605535125732422,0.013206528723239899,-0.0019432155042886784,-0.05335762023925822,-0.0009417799115181008
One-D-Piece,n02802426,208,0.004089945852756512,0.1227460289001468,0.0024873995780944824,0.0038266333192586944,0.14113245010376027,0.0045869451761245735,-0.0002633125334978179,0.018386421203613473,0.002099545598030091
One-D-Piece,n02802426,256,0.0,0.0,0.0,0.0,0.0,0.0,0.0,0.0,0.0
One-D-Piece,n02808440,8,0.44301781728863715,6.3237580299377445,0.13535419046878816,0.4146164563298225,3.460984191894531,0.12265653654932976,-0.028401360958814625,-2.8627738380432133,-0.012697653919458401
One-D-Piece,n02808440,16,0.32706461563706396,5.178727989196777,0.13067822486162187,0.3105798110365868,2.753230514526367,0.11744225189089777,-0.016484804600477188,-2.42549747467041,-0.013235972970724097
One-D-Piece,n02808440,32,0.20857774272561078,3.9077627754211424,0.1128620257973671,0.20807491660118102,2.1850209808349614,0.10577450662851334,-0.000502826124429756,-1.722741794586181,-0.007087519168853751
One-D-Piece,n02808440,64,0.1066280396282673,2.3956280899047853,0.07530107647180558,0.10946339309215547,1.4679422760009768,0.07312020912766456,0.0028353534638881767,-0.9276858139038084,-0.0021808673441410104
One-D-Piece,n02808440,96,0.05832937195897103,1.6182469367980956,0.04471396952867508,0.05784305959939957,0.8874828529357913,0.0446421280503273,-0.0004863123595714655,-0.7307640838623043,-7.18414783477811e-05
One-D-Piece,n02808440,128,0.03218121275305749,0.9868085098266601,0.023416401445865632,0.030448328852653504,0.5667944908142091,0.02716159611940384,-0.0017328839004039885,-0.42001401901245106,0.003745194673538208
One-D-Piece,n02808440,160,0.017075303345918655,0.6549936485290527,0.014708277881145477,0.014072633981704708,0.29514696121215844,0.013197394609451291,-0.0030026693642139467,-0.3598466873168943,-0.0015108832716941856
One-D-Piece,n02808440,208,0.0042277714610099845,0.23506584167480477,0.003693414032459258,0.003267776668071738,0.0677710723876951,0.003319888412952419,-0.0009599947929382464,-0.16729476928710968,-0.00037352561950683904
One-D-Piece,n02808440,256,0.0,0.0,0.0,0.0,0.0,0.0,0.0,0.0,0.0
One-D-Piece,n02814860,8,0.3184863778203726,5.246399097442627,0.11742756545543673,0.42327391624450683,4.212738437652588,0.10816878214478494,0.10478753842413424,-1.0336606597900388,-0.009258783310651789
One-D-Piece,n02814860,16,0.21974529437720774,4.403583850860596,0.10836300164461138,0.3083434829115868,3.219993314743042,0.10265684306621553,0.08859818853437906,-1.1835905361175536,-0.005706158578395848
One-D-Piece,n02814860,32,0.14910903073847295,3.4615304183959963,0.08477971136569978,0.21091991752386094,2.51806941986084,0.0947452262043953,0.061810886785387986,-0.9434609985351563,0.00996551483869551
One-D-Piece,n02814860,64,0.07268743462860586,1.8691550827026366,0.051403076648712166,0.11188916429877281,1.493268089294433,0.06511225029826165,0.039201729670166954,-0.37588699340820364,0.013709173649549482
One-D-Piece,n02814860,96,0.03985218025743961,1.219996395111084,0.027759146094322205,0.062090661376714706,0.9644742965698238,0.03929546445608139,0.022238481119275094,-0.2555220985412602,0.011536318361759185
One-D-Piece,n02814860,128,0.021176338419318194,0.753995418548584,0.013782184123992928,0.030441471934318537,0.6010617256164547,0.020320016145706176,0.009265133515000343,-0.15293369293212933,0.006537832021713248
One-D-Piece,n02814860,160,0.008785113915801057,0.39147993087768584,0.00591030359268189,0.013459511995315546,0.29939512252807565,0.009473866224288943,0.0046743980795144885,-0.09208480834961019,0.0035635626316070524
One-D-Piece,n02814860,208,0.0032118061929941166,0.10354040145874023,-6.6846609115545075e-06,0.0029798491299152354,0.05658227920532188,0.0017540588974952643,-0.00023195706307888118,-0.046958122253418354,0.0017607435584068188
One-D-Piece,n02814860,256,0.0,0.0,0.0,0.0,0.0,0.0,0.0,0.0,0.0
One-D-Piece,n02823750,8,0.44584824487566954,5.347217903137207,0.16262928277254105,0.4214483906328678,4.271814918518066,0.17289800450205803,-0.024399854242801722,-1.0754029846191413,0.010268721729516983
One-D-Piece,n02823750,16,0.3153931294381619,4.276390495300293,0.1412391468882561,0.32260280087590215,3.7607342910766604,0.1669647344201803,0.0072096714377402615,-0.515656204223633,0.02572558753192422
One-D-Piece,n02823750,32,0.2008208598196507,3.124505386352539,0.11728989183902741,0.21327002748847007,2.9843245124816895,0.14503360979259017,0.012449167668819372,-0.14018087387084943,0.027743717953562758
One-D-Piece,n02823750,64,0.10572958171367645,1.9291646957397461,0.07398279845714568,0.11181006550788881,1.7923243141174319,0.08883610740303993,0.00608048379421236,-0.13684038162231427,0.014853308945894247
One-D-Piece,n02823750,96,0.05483890213072302,1.2374140167236332,0.046366950273513806,0.05831020936369897,1.1390060806274416,0.05159420996904374,0.003471307232975951,-0.09840793609619158,0.005227259695529937
One-D-Piece,n02823750,128,0.030047293156385435,0.7404339408874512,0.0258109325170517,0.02926623538136483,0.6699181556701663,0.02656260520219804,-0.0007810577750206049,-0.07051578521728485,0.0007516726851463408
One-D-Piece,n02823750,160,0.015341023355722438,0.38770900726318375,0.014082925915718074,0.014369395375251772,0.3477980041503909,0.012303915917873389,-0.0009716279804706657,-0.03991100311279283,-0.0017790099978446852
One-D-Piece,n02823750,208,0.003994982391595849,0.11261054992675802,0.005178645253181451,0.0036745882779359806,0.08595010757446307,0.002420795410871509,-0.0003203941136598683,-0.02666044235229495,-0.0027578498423099416
One-D-Piece,n02823750,256,0.0,0.0,0.0,0.0,0.0,0.0,0.0,0.0,0.0
One-D-Piece,n02841315,8,0.4487155738472939,4.879327678680419,0.14553262159228325,0.4286468818783761,3.843017158508301,0.14740218922495843,-0.020068691968917807,-1.0363105201721186,0.0018695676326751787
One-D-Piece,n02841315,16,0.33405568927526474,4.111503047943114,0.13528755113482474,0.318762563765049,3.156340217590332,0.141234387755394,-0.015293125510215722,-0.9551628303527822,0.005946836620569246
One-D-Piece,n02841315,32,0.21253462314605712,3.1287429428100584,0.11961013555526734,0.21907188415527348,2.424043025970459,0.12643508628010752,0.006537261009216366,-0.7046999168395995,0.006824950724840184
One-D-Piece,n02841315,64,0.11016991436481476,2.1024490928649904,0.08005039393901825,0.12021617397665979,1.5724778747558594,0.08772918581962587,0.010046259611845035,-0.529971218109131,0.007678791880607619
One-D-Piece,n02841315,96,0.05908983558416367,1.301114749908447,0.04977822482585908,0.06533732712268829,0.9449344635009767,0.05141645014286042,0.006247491538524622,-0.35618028640747035,0.001638225317001342
One-D-Piece,n02841315,128,0.030821086019277574,0.8190021514892575,0.029102064669132233,0.03450841993093492,0.5874396896362303,0.027853561043739324,0.0036873339116573443,-0.2315624618530272,-0.001248503625392909
One-D-Piece,n02841315,160,0.017149938642978667,0.4907142066955565,0.016849861443042756,0.015440775007009511,0.26913724899291974,0.015326776504516606,-0.0017091636359691555,-0.22157695770263675,-0.00152308493852615
One-D-Piece,n02841315,208,0.0042118315398693065,0.16429838180542,0.004495100080966952,0.002646772563457488,0.09204462051391588,0.005732031762599953,-0.0015650589764118184,-0.07225376129150413,0.001236931681633001
One-D-Piece,n02841315,256,0.0,0.0,0.0,0.0,0.0,0.0,0.0,0.0,0.0
One-D-Piece,n02843684,8,0.4650882209837437,3.797251720428467,0.10019472256302833,0.44541687473654745,3.502991619110107,0.11919676572084427,-0.019671346247196242,-0.2942601013183599,0.019002043157815937
One-D-Piece,n02843684,16,0.34012816205620766,3.2644492530822755,0.10079602137207985,0.3443998609483242,3.0156647872924807,0.12335415139794349,0.004271698892116538,-0.24878446578979485,0.02255813002586364
One-D-Piece,n02843684,32,0.21556974664330483,2.5421335220336916,0.10130902975797655,0.23077413961291315,2.277977237701416,0.1148971402645111,0.015204392969608321,-0.2641562843322758,0.013588110506534551
One-D-Piece,n02843684,64,0.11326407328248024,1.5298745346069336,0.07090059965848923,0.11960230752825737,1.4492659950256348,0.07423408657312393,0.006338234245777133,-0.08060853958129877,0.003333486914634698
One-D-Piece,n02843684,96,0.061664934307336806,0.9141605377197264,0.042371846735477454,0.06438071727752685,0.8962653732299798,0.04086427032947539,0.0027157829701900463,-0.017895164489746596,-0.0015075764060020619
One-D-Piece,n02843684,128,0.030545414835214616,0.5381701850891113,0.02097816348075867,0.033111334443092354,0.5590250396728512,0.02367641001939773,0.0025659196078777376,0.020854854583739924,0.0026982465386390583
One-D-Piece,n02843684,160,0.013789837807416916,0.3280887413024902,0.012280894517898558,0.015149371325969696,0.3204763603210449,0.013273233771324153,0.0013595335185527802,-0.007612380981445344,0.0009923392534255948
One-D-Piece,n02843684,208,0.003799211233854294,0.07770502090454087,0.0026600605249404922,0.0027746897935867275,0.09229547500610323,0.002063703238964072,-0.0010245214402675664,0.014590454101562358,-0.0005963572859764201
One-D-Piece,n02843684,256,0.0,0.0,0.0,0.0,0.0,0.0,0.0,0.0,0.0
One-D-Piece,n02883205,8,0.4137296912074089,6.141247787475586,0.19317945808172227,0.4345171771943569,4.5613463020324705,0.1677625860273838,0.020787485986948018,-1.5799014854431155,-0.025416872054338457
One-D-Piece,n02883205,16,0.31333845466375354,5.385005149841309,0.1711083796620369,0.32520326122641563,3.9219775199890137,0.16077292010188102,0.011864806562662089,-1.463027629852295,-0.010335459560155885
One-D-Piece,n02883205,32,0.20339175879955293,3.890069999694824,0.13841912537813186,0.2152575196325779,2.894263515472412,0.13942475438117982,0.011865760833024958,-0.9958064842224119,0.0010056290030479587
One-D-Piece,n02883205,64,0.10575784862041475,2.3605181694030763,0.08220541149377823,0.10886277303099634,1.9310129928588866,0.08797583609819412,0.0031049244105815915,-0.42950517654418974,0.0057704246044158886
One-D-Piece,n02883205,96,0.058373163342475894,1.5271114349365233,0.049207327663898466,0.05509579151868821,1.247387638092041,0.05267368674278259,-0.003277371823787685,-0.27972379684448234,0.0034663590788841236
One-D-Piece,n02883205,128,0.030544945150613786,0.888537940979004,0.03164535820484161,0.028849297761917123,0.7964021110534669,0.027402357757091527,-0.0016956473886966632,-0.09213582992553704,-0.00424300044775008
One-D-Piece,n02883205,160,0.01668110266327858,0.5154508399963376,0.019103500843048096,0.013840965628623964,0.48684715270996093,0.015188279747962951,-0.0028401370346546172,-0.028603687286376633,-0.003915221095085145
One-D-Piece,n02883205,208,0.0044772155582904795,0.11479673385620114,0.0033308643102645773,0.0029216016829013845,0.1382982826232912,0.004511557221412657,-0.001555613875389095,0.023501548767090055,0.0011806929111480794
One-D-Piece,n02883205,256,0.0,0.0,0.0,0.0,0.0,0.0,0.0,0.0,0.0
One-D-Piece,n02906734,8,0.4671180093288422,3.9230277252197268,0.08088714592158794,0.4383420991897583,4.644424514770509,0.16380514428019524,-0.02877591013908387,0.721396789550782,0.0829179983586073
One-D-Piece,n02906734,16,0.3324738395214081,3.041389350891114,0.07906294122338296,0.3331320607662201,3.8828325271606445,0.15470653131604195,0.0006582212448120184,0.8414431762695305,0.07564359009265899
One-D-Piece,n02906734,32,0.20827536702156066,2.224595699310303,0.07946524858474731,0.23515053868293767,3.0851215744018554,0.13840379133820535,0.026875171661377012,0.8605258750915525,0.05893854275345804
One-D-Piece,n02906734,64,0.10340058445930483,1.308529396057129,0.05380568593740463,0.1274570593237877,1.8748989868164065,0.08995330065488816,0.02405647486448287,0.5663695907592776,0.036147614717483526
One-D-Piece,n02906734,96,0.05653231918811799,0.8607024192810058,0.034320010542869574,0.06860971331596376,1.20650598526001,0.053472676873207094,0.012077394127845767,0.3458035659790042,0.01915266633033752
One-D-Piece,n02906734,128,0.030790475308895112,0.49992282867431614,0.019658864587545396,0.0353580528497696,0.742584056854248,0.02767183542251587,0.004567577540874491,0.24266122817993185,0.008012970834970472
One-D-Piece,n02906734,160,0.015857379734516144,0.2804887962341313,0.01093493118882179,0.015900857448577888,0.3523843383789063,0.01308984756469727,4.347771406174386e-05,0.071895542144775,0.00215491637587548
One-D-Piece,n02906734,208,0.004027271568775172,0.08195056915283186,0.0036379458010196695,0.0030951404571533175,0.08406915664672891,0.002916516661643981,-0.0009321311116218542,0.0021185874938970534,-0.0007214291393756885
One-D-Piece,n02906734,256,0.0,0.0,0.0,0.0,0.0,0.0,0.0,0.0,0.0
One-D-Piece,n02909870,8,0.4621118165552616,5.020087928771972,0.11705166220664978,0.43908287048339845,3.656006202697754,0.13965413093566897,-0.023028946071863177,-1.3640817260742186,0.022602468729019193
One-D-Piece,n02909870,16,0.32833475425839426,4.22739559173584,0.111026448905468,0.32251473546028137,2.9655502891540526,0.1373797976970673,-0.0058200187981128915,-1.2618453025817877,0.026353348791599285
One-D-Piece,n02909870,32,0.19450273707509041,3.2478229713439943,0.09822887092828751,0.22070160388946533,2.3519916343688965,0.12122769296169283,0.026198866814374916,-0.8958313369750979,0.022998822033405322
One-D-Piece,n02909870,64,0.10015998363494875,2.012076854705811,0.06638796582818032,0.11290572822093964,1.519491195678711,0.07513798505067826,0.012745744585990884,-0.49258565902710005,0.008750019222497935
One-D-Piece,n02909870,96,0.05451018467545509,1.3467340660095217,0.04042262375354768,0.05834462553262711,0.9454359626770023,0.04289486289024353,0.0038344408571720223,-0.4012981033325195,0.00247223913669585
One-D-Piece,n02909870,128,0.029035969078540794,0.7896931457519534,0.024344264864921573,0.03094170048832893,0.5632269096374511,0.023093756437301636,0.0019057314097881348,-0.22646623611450223,-0.0012505084276199369
One-D-Piece,n02909870,160,0.015436844676733013,0.4616516876220703,0.01343090698122979,0.015568771809339523,0.30342641830444333,0.010729968547821052,0.00013192713260650954,-0.15822526931762698,-0.0027009384334087377
One-D-Piece,n02909870,208,0.004255313426256177,0.09141565322876008,0.004206023365259175,0.003926182836294172,0.10404638290405284,0.0010367012023925792,-0.000329130589962005,0.01263072967529276,-0.0031693221628665957
One-D-Piece,n02909870,256,0.0,0.0,0.0,0.0,0.0,0.0,0.0,0.0,0.0
One-D-Piece,n02939185,8,0.45508127883076666,3.971627712249756,0.13106515631079674,0.4235046967025846,4.449854640960694,0.13772042065858842,-0.03157658212818204,0.47822692871093775,0.006655264347791678
One-D-Piece,n02939185,16,0.346183068305254,3.535508575439453,0.12789317131042482,0.31554342466406526,3.7307687759399415,0.12826537124812604,-0.030639643641188763,0.19526020050048842,0.00037219993770121196
One-D-Piece,n02939185,32,0.2173934902250767,2.545718650817871,0.1142157655954361,0.21149781809188425,2.7322370529174806,0.11380019873380663,-0.005895672133192448,0.18651840209960957,-0.0004155668616294683
One-D-Piece,n02939185,64,0.11226297929883006,1.6007262039184573,0.07866760000586512,0.1148626547213644,1.8316669845581057,0.07944428578019143,0.0025996754225343366,0.2309407806396484,0.0007766857743263106
One-D-Piece,n02939185,96,0.06373952731490137,1.1245814514160157,0.04930372133851052,0.059887820007279526,1.1403698348999025,0.04490246921777726,-0.0038517073076218475,0.01578838348388678,-0.004401252120733258
One-D-Piece,n02939185,128,0.034244432300329225,0.6250459480285646,0.02722032546997071,0.03249206761829557,0.7150896835327148,0.025292115062475213,-0.001752364682033658,0.09004373550415024,-0.0019282104074954988
One-D-Piece,n02939185,160,0.01744595140218735,0.36986030578613294,0.014952714443206793,0.018163698278367522,0.47380197525024426,0.012678441405296323,0.0007177468761801718,0.10394166946411132,-0.00227427303791047
One-D-Piece,n02939185,208,0.004486906379461296,0.11570547103881833,0.004576237499713903,0.004205241221934555,0.11876962661743186,0.0014221207797527385,-0.00028166515752674117,0.003064155578613531,-0.0031541167199611647
One-D-Piece,n02939185,256,0.0,0.0,0.0,0.0,0.0,0.0,0.0,0.0,0.0
One-D-Piece,n02948072,8,0.40601317331194875,6.18033842086792,0.19602933168411255,0.431886098086834,4.1267620468139645,0.13723864600062372,0.02587292477488523,-2.0535763740539554,-0.05879068568348883
One-D-Piece,n02948072,16,0.2954510547220707,4.908545665740967,0.15701154947280885,0.3178162649273873,3.1142830276489257,0.12964298613369465,0.022365210205316566,-1.7942626380920417,-0.027368563339114194
One-D-Piece,n02948072,32,0.1893163138628006,3.6572457695007325,0.129873828291893,0.21625846594572068,2.3997875022888184,0.11525677189230919,0.026942152082920084,-1.2574582672119141,-0.014617056399583814
One-D-Piece,n02948072,64,0.09918276026844978,2.226120872497559,0.07999540328979492,0.11178218036890032,1.5310839653015134,0.07542108267545701,0.012599420100450537,-0.6950369071960456,-0.004574320614337907
One-D-Piece,n02948072,96,0.05362961649894715,1.3430560111999514,0.04603179067373276,0.058771114498376846,0.9598363685607916,0.04333225011825562,0.005141497999429694,-0.38321964263915986,-0.0026995405554771368
One-D-Piece,n02948072,128,0.02747669443488121,0.7845363807678228,0.027382334172725682,0.030184699147939687,0.6454216957092288,0.02188063591718674,0.002708004713058477,-0.13911468505859403,-0.0055016982555389435
One-D-Piece,n02948072,160,0.013414487838745125,0.4925057029724122,0.014426259398460388,0.014719104766845705,0.39290021896362354,0.012198163270950317,0.0013046169281005805,-0.09960548400878866,-0.002228096127510071
One-D-Piece,n02948072,208,0.0027018108591437286,0.09412998199462926,0.0031818455457687366,0.0037037999927997623,0.11731214523315472,0.0032286030054092378,0.0010019891336560337,0.02318216323852547,4.675745964050114e-05
One-D-Piece,n02948072,256,0.0,0.0,0.0,0.0,0.0,0.0,0.0,0.0,0.0
One-D-Piece,n02950826,8,0.4312313708662987,3.562534408569336,0.10118895843625068,0.39846435755491255,3.279457015991211,0.14188069432973863,-0.03276701331138615,-0.28307739257812514,0.04069173589348794
One-D-Piece,n02950826,16,0.3174743738770485,2.7701616287231445,0.09157668694853782,0.299468124806881,2.4736419486999512,0.12695353090763092,-0.018006249070167513,-0.2965196800231933,0.0353768439590931
One-D-Piece,n02950826,32,0.19830409526824955,2.189697780609131,0.09020420610904693,0.20364049851894378,1.9190496063232423,0.10970053374767304,0.005336403250694233,-0.2706481742858886,0.019496327638626104
One-D-Piece,n02950826,64,0.10440197825431825,1.4324474334716797,0.06845857128500939,0.10586900070309639,1.2575425338745116,0.07215738534927368,0.001467022448778138,-0.17490489959716804,0.003698814064264297
One-D-Piece,n02950826,96,0.054767430722713485,0.8483581924438477,0.04138761371374131,0.051088207513093946,0.7689662933349609,0.04107167810201645,-0.0036792232096195393,-0.07939189910888678,-0.00031593561172486156
One-D-Piece,n02950826,128,0.030645671635866175,0.5002630996704098,0.021896815896034247,0.02657191157341004,0.5142670249938966,0.021136116683483124,-0.004073760062456137,0.014003925323486821,-0.0007606992125511226
One-D-Piece,n02950826,160,0.015747065395116822,0.3200081443786618,0.012668076157569885,0.012412858158349997,0.2918773078918458,0.01184991031885147,-0.0033342072367668254,-0.028130836486816024,-0.0008181658387184151
One-D-Piece,n02950826,208,0.003031149953603749,0.05607889175415003,0.0023242786526679877,0.0036435188353061703,0.05726245880126946,0.0021355003118514976,0.0006123688817024214,0.0011835670471194298,-0.00018877834081649017
One-D-Piece,n02950826,256,0.0,0.0,0.0,0.0,0.0,0.0,0.0,0.0,0.0
One-D-Piece,n02951358,8,0.3677369000017643,2.8266435432434083,0.051240407228469856,0.4255478721857071,4.5149867057800295,0.08874811843037606,0.05781097218394282,1.6883431625366212,0.0375077112019062
One-D-Piece,n02951358,16,0.25576903656125066,2.3402827835083007,0.06364363864064218,0.31839294791221623,3.664305953979493,0.08568171247839927,0.06262391135096557,1.3240231704711922,0.02203807383775709
One-D-Piece,n02951358,32,0.16555507078766823,1.8517043495178225,0.07133931785821916,0.21865872114896776,2.6080038642883308,0.07539725184440613,0.05310365036129952,0.7562995147705083,0.004057933986186965
One-D-Piece,n02951358,64,0.09378205344080925,1.142992572784424,0.05595657303929331,0.11272431209683419,1.5786538314819338,0.05340929999947548,0.018942258656024932,0.43566125869750993,-0.0025472730398178253
One-D-Piece,n02951358,96,0.05215742513537408,0.7290069580078125,0.03460127443075181,0.06240486413240433,1.0775671577453618,0.03461053594946861,0.010247438997030248,0.34856019973754937,9.261518716802142e-06
One-D-Piece,n02951358,128,0.02674386397004128,0.4224306106567384,0.018059826195240027,0.03221629962325096,0.6109812545776372,0.019019648879766465,0.005472435653209682,0.18855064392089876,0.0009598226845264381
One-D-Piece,n02951358,160,0.013643408268690115,0.24251667022705103,0.00998044043779374,0.01631001099944115,0.4076322937011722,0.010417089909315105,0.0026666027307510366,0.16511562347412118,0.0004366494715213644
One-D-Piece,n02951358,208,0.0035659627616405455,0.02184309005737308,0.0012569472193718011,0.004501844793558121,0.08385992050170916,0.002896204292774196,0.0009358820319175752,0.062016830444336084,0.0016392570734023947
One-D-Piece,n02951358,256,0.0,0.0,0.0,0.0,0.0,0.0,0.0,0.0,0.0
One-D-Piece,n02966193,8,0.43077887773513795,2.4342299461364747,0.08889902293682099,0.37896335273981097,2.6028064918518066,0.11056052565574646,-0.05181552499532699,0.16857654571533187,0.021661502718925474
One-D-Piece,n02966193,16,0.3134600639343262,1.947602291107178,0.0856918254494667,0.28972022861242297,2.1235873031616204,0.11329400867223742,-0.023739835321903213,0.1759850120544424,0.02760218322277072
One-D-Piece,n02966193,32,0.19414629697799682,1.550251293182373,0.08669205270707608,0.20611028641462326,1.69196174621582,0.1023897559940815,0.011963989436626438,0.14171045303344698,0.015697703287005413
One-D-Piece,n02966193,64,0.11133055090904236,1.053466682434082,0.0660430283844471,0.1134531146287918,1.1538194274902345,0.06779415175318718,0.0021225637197494485,0.10035274505615255,0.0017511233687400735
One-D-Piece,n02966193,96,0.061424019634723666,0.6680117034912112,0.040017985850572584,0.061580632030963894,0.7627791595458988,0.04069099053740501,0.00015661239624022855,0.09476745605468762,0.0006730046868324291
One-D-Piece,n02966193,128,0.03209598720073701,0.40774887084960965,0.02196798279881478,0.030276291966438298,0.4479156875610355,0.022460026293992998,-0.001819695234298712,0.04016681671142586,0.0004920434951782189
One-D-Piece,n02966193,160,0.01478853285312653,0.24174478530883803,0.011212109327316287,0.015040248036384582,0.23869932174682604,0.010369858890771862,0.0002517151832580524,-0.0030454635620119908,-0.0008422504365444249
One-D-Piece,n02966193,208,0.003582062721252443,0.07675531387329122,0.0028929381072521215,0.0038838881254196216,0.07548675537109378,0.0024702364206314015,0.0003018254041671784,-0.0012685585021974394,-0.00042270168662072007
One-D-Piece,n02966193,256,0.0,0.0,0.0,0.0,0.0,0.0,0.0,0.0,0.0
One-D-Piece,n02980441,8,0.3778427916765213,3.9912717628479,0.10311962470412255,0.4107253494858742,3.135175189971924,0.09070162236690522,0.0328825578093529,-0.8560965728759764,-0.012418002337217321
One-D-Piece,n02980441,16,0.2637262332439423,3.3975462913513184,0.10633935317397118,0.3075459495186806,2.519357166290283,0.09177062615752223,0.043819716274738296,-0.8781891250610352,-0.014568727016448957
One-D-Piece,n02980441,32,0.17676703810691832,2.664961528778077,0.09981506332755088,0.22138474971055985,1.9214944458007812,0.09051331296563149,0.04461771160364153,-0.7434670829772956,-0.009301750361919395
One-D-Piece,n02980441,64,0.09488406479358674,1.751219711303711,0.06283078804612159,0.12042534798383714,1.2321051597595214,0.06461665838956834,0.025541283190250397,-0.5191145515441895,0.001785870343446752
One-D-Piece,n02980441,96,0.05239380091428759,1.1784041404724122,0.03708105385303497,0.06731965839862825,0.8277360343933106,0.04118703544139862,0.014925857484340659,-0.3506681060791016,0.004105981588363651
One-D-Piece,n02980441,128,0.027582032680511473,0.7097756958007815,0.0203397312760353,0.032503888607025154,0.425003204345703,0.021900422573089603,0.004921855926513681,-0.2847724914550785,0.0015606912970543042
One-D-Piece,n02980441,160,0.013943902254104617,0.4420140647888188,0.012259227633476253,0.015128460824489605,0.23738792419433594,0.01057516485452652,0.001184558570384988,-0.20462614059448284,-0.001684062778949733
One-D-Piece,n02980441,208,0.0030574104189872685,0.11885103225708055,0.0032880637049674966,0.003916061520576484,0.02520725250244137,0.0024797299504280045,0.0008586511015892155,-0.09364377975463918,-0.0008083337545394921
One-D-Piece,n02980441,256,0.0,0.0,0.0,0.0,0.0,0.0,0.0,0.0,0.0
One-D-Piece,n02992529,8,0.4130386547744274,5.571551494598388,0.21428711473941806,0.41562609352171426,3.959456009864807,0.17327034935355187,0.002587438747286841,-1.6120954847335813,-0.04101676538586618
One-D-Piece,n02992529,16,0.2981779699027538,4.723139839172363,0.1936235786229372,0.2972060764580965,3.2750918006896974,0.1575055392086506,-0.0009718934446573124,-1.448048038482666,-0.036118039414286596
One-D-Piece,n02992529,32,0.18566418007016183,3.446438503265381,0.15147213175892832,0.19101739190518857,2.528402824401856,0.133287078589201,0.005353211835026739,-0.9180356788635251,-0.018185053169727322
One-D-Piece,n02992529,64,0.09117503628134728,1.9609466743469242,0.08966176897287369,0.09796424321830273,1.5727919769287106,0.08248732849955559,0.00678920693695545,-0.3881546974182135,-0.007174440473318097
One-D-Piece,n02992529,96,0.04707585945725441,1.1832466125488283,0.05202109783887863,0.05433905147016049,1.0732357597351077,0.047242652475833896,0.007263192012906081,-0.1100108528137207,-0.004778445363044732
One-D-Piece,n02992529,128,0.02425834253430366,0.7794866943359376,0.029819688498973845,0.02705545969307423,0.6525436210632328,0.023863832950592044,0.0027971171587705713,-0.12694307327270482,-0.005955855548381801
One-D-Piece,n02992529,160,0.01246743738651275,0.46521068572998076,0.01548026740550995,0.012895103991031647,0.4066903495788577,0.014850534796714785,0.0004276666045188969,-0.058520336151123065,-0.0006297326087951645
One-D-Piece,n02992529,208,0.0023032784461975158,0.04369720458984386,0.0031317687034606956,0.002522605508565907,0.12408658981323256,0.0036525931954383816,0.00021932706236839133,0.0803893852233887,0.000520824491977686
One-D-Piece,n02992529,256,0.0,0.0,0.0,0.0,0.0,0.0,0.0,0.0,0.0
One-D-Piece,n03124170,8,0.45127885803580287,5.275192317962646,0.1405274114012718,0.42506327249109743,3.8631570816040037,0.15847716450691224,-0.026215585544705433,-1.4120352363586424,0.017949753105640426
One-D-Piece,n03124170,16,0.33345457836985587,4.3252589225769045,0.1309636536240578,0.327237571850419,3.416562194824219,0.15881743922829628,-0.006217006519436852,-0.9086967277526856,0.027853785604238485
One-D-Piece,n03124170,32,0.21508344933390622,3.3368607139587403,0.11952779203653335,0.22238643653690815,2.8396669960021974,0.137760246694088,0.007302987203001932,-0.4971937179565429,0.01823245465755466
One-D-Piece,n03124170,64,0.11319564387202265,1.9099379730224613,0.08293098896741867,0.11686089344322681,1.7440485763549811,0.08543598949909212,0.0036652495712041627,-0.16588939666748015,0.0025050005316734486
One-D-Piece,n03124170,96,0.06049184426665307,1.1996282768249515,0.05241303086280823,0.061832407787442215,1.0863993453979495,0.05141809672117234,0.001340563520789144,-0.11322893142700208,-0.0009949341416358864
One-D-Piece,n03124170,128,0.030644931644201286,0.7785659599304202,0.029965113401412967,0.03396298758685589,0.6880894470214847,0.030947983264923106,0.003318055942654604,-0.09047651290893555,0.0009828698635101392
One-D-Piece,n03124170,160,0.01668432652950287,0.4779585838317872,0.016557802855968477,0.01671590618789196,0.38842199325561566,0.015442591905593878,3.1579658389090104e-05,-0.08953659057617153,-0.0011152109503745986
One-D-Piece,n03124170,208,0.004394798576831823,0.0935144424438478,0.0020975399017333957,0.0036484291404485637,0.11207462310791037,0.0036955645680427566,-0.0007463694363832592,0.01856018066406258,0.001598024666309361
One-D-Piece,n03124170,256,0.0,0.0,0.0,0.0,0.0,0.0,0.0,0.0,0.0
One-D-Piece,n03272010,8,0.4652269759774208,4.232690753936767,0.15944833502173425,0.4069883781671524,3.5953292274475093,0.1501807525753975,-0.05823859781026841,-0.6373615264892578,-0.009267582446336742
One-D-Piece,n03272010,16,0.3557663527131081,3.587518138885498,0.14349898770451547,0.3014275717735291,2.940254192352295,0.14295643210411071,-0.054338780939579,-0.6472639465332031,-0.0005425556004047538
One-D-Piece,n03272010,32,0.23298913806676866,2.7000650787353515,0.12402427196502687,0.20275319397449493,2.090955448150634,0.1277658557891846,-0.03023594409227373,-0.6091096305847175,0.003741583824157721
One-D-Piece,n03272010,64,0.1253612640500069,1.7179218292236325,0.08506625697016718,0.11158778354525568,1.3151168060302731,0.08415915668010712,-0.013773480504751204,-0.4028050231933593,-0.0009071002900600533
One-D-Piece,n03272010,96,0.07294019997119905,1.0499614715576167,0.04981718361377717,0.05915986865758896,0.793397636413574,0.05417301744222641,-0.013780331313610089,-0.2565638351440427,0.004355833828449243
One-D-Piece,n03272010,128,0.04008692055940629,0.5857859230041502,0.024845025539398203,0.03114868819713593,0.4457104682922363,0.02974211424589157,-0.00893823236227036,-0.1400754547119139,0.004897088706493368
One-D-Piece,n03272010,160,0.019421671330928803,0.3371465492248532,0.014329071044921876,0.01395207434892655,0.21303327560424795,0.013680319488048558,-0.005469596982002254,-0.12411327362060526,-0.0006487515568733178
One-D-Piece,n03272010,208,0.004683304429054254,0.08557334899902347,0.003842563331127172,0.003326653093099595,0.06093681335449201,0.004874887168407437,-0.001356651335954659,-0.024636535644531457,0.001032323837280265
One-D-Piece,n03272010,256,0.0,0.0,0.0,0.0,0.0,0.0,0.0,0.0,0.0
One-D-Piece,n03345487,8,0.4227012386918068,2.705307750701904,0.09820997372269633,0.4189430098235607,2.9973720550537113,0.13367667824029925,-0.0037582288682461162,0.2920643043518072,0.03546670451760292
One-D-Piece,n03345487,16,0.294516416490078,2.3319346809387205,0.10456355690956118,0.31425336793065073,2.693665790557861,0.12897248268127443,0.019736951440572748,0.3617311096191407,0.024408925771713247
One-D-Piece,n03345487,32,0.1889129501581192,1.830766334533691,0.10101551070809364,0.2112719239294529,2.1936830329895023,0.1158546480536461,0.022358973771333696,0.3629166984558112,0.014839137345552464
One-D-Piece,n03345487,64,0.10337212532758715,1.2017461585998532,0.07025215089321138,0.11046401381492615,1.3917080879211425,0.07589451521635056,0.007091888487339007,0.1899619293212893,0.005642364323139179
One-D-Piece,n03345487,96,0.056304180920124056,0.8182261085510254,0.0438456055521965,0.05621649488806726,0.830543212890625,0.043658140301704416,-8.76860320567982e-05,0.01231710433959965,-0.00018746525049208318
One-D-Piece,n03345487,128,0.030323839783668524,0.49826335906982405,0.0226058591902256,0.02767511352896691,0.48747922897338897,0.02492590576410295,-0.0026487262547016145,-0.010784130096435085,0.0023200465738773476
One-D-Piece,n03345487,160,0.014447804391384126,0.27788661956787114,0.012354158461093905,0.012648308277130125,0.2837259864807131,0.013105800151824956,-0.0017994961142540015,0.005839366912841981,0.0007516416907310513
One-D-Piece,n03345487,208,0.003995311260223397,0.07876317977905277,0.0024388319253921464,0.0036043299734592436,0.09507020950317387,0.004435663819313057,-0.00039098128676415354,0.016307029724121097,0.0019968318939209105
One-D-Piece,n03345487,256,0.0,0.0,0.0,0.0,0.0,0.0,0.0,0.0,0.0
One-D-Piece,n03372029,8,0.4547192445397377,4.539354267120362,0.15273611068725587,0.4073723605275154,3.861592960357666,0.1301072843372822,-0.04734688401222231,-0.6777613067626955,-0.02262882634997368
One-D-Piece,n03372029,16,0.3379869219660759,3.870490798950195,0.13924247473478318,0.31243651717901233,3.090731506347656,0.1286350725591183,-0.025550404787063552,-0.779759292602539,-0.010607402175664887
One-D-Piece,n03372029,32,0.2118629291653633,2.937792568206787,0.12095111548900604,0.21156953603029252,2.452294883728028,0.11615840286016466,-0.0002933931350707908,-0.4854976844787591,-0.004792712628841386
One-D-Piece,n03372029,64,0.112500402033329,1.8614367103576661,0.0833228987455368,0.1146432802081108,1.5603965377807618,0.0751195341348648,0.002142878174781801,-0.3010401725769043,-0.008203364610672004
One-D-Piece,n03372029,96,0.06241211205720902,1.1431766128540042,0.04908459305763244,0.06130096465349199,1.073034820556641,0.046293041110038756,-0.0011111474037170319,-0.07014179229736328,-0.0027915519475936873
One-D-Piece,n03372029,128,0.03310070395469666,0.7372136688232424,0.02789958149194717,0.03131627827882768,0.6726335716247562,0.024579610824584965,-0.001784425675868978,-0.06458009719848612,-0.0033199706673622056
One-D-Piece,n03372029,160,0.01573717594146728,0.46625318527221665,0.014763849377632142,0.015100058019161226,0.40146072387695325,0.011207832396030426,-0.0006371179223060557,-0.0647924613952634,-0.0035560169816017152
One-D-Piece,n03372029,208,0.0037252897024154697,0.11315689086914073,0.002829615175724026,0.003880593329668048,0.1187784957885744,0.0017048978805541965,0.0001553036272525783,0.00562160491943367,-0.0011247172951698297
One-D-Piece,n03372029,256,0.0,0.0,0.0,0.0,0.0,0.0,0.0,0.0,0.0
One-D-Piece,n03424325,8,0.42851986169815065,5.359155693054199,0.17491312995553016,0.453067187666893,4.203433437347412,0.1381170390546322,0.024547325968742373,-1.1557222557067872,-0.03679609090089794
One-D-Piece,n03424325,16,0.3179019993543625,4.5362101173400875,0.15876856371760367,0.3470503973960877,3.5944451332092284,0.13584422364830973,0.0291483980417252,-0.9417649841308591,-0.022924340069293947
One-D-Piece,n03424325,32,0.20356662303209305,3.550253086090088,0.13888773322105408,0.2250434398651123,2.731850070953369,0.12343571409583091,0.021476816833019247,-0.818403015136719,-0.015452019125223163
One-D-Piece,n03424325,64,0.1037239146232605,2.0425726699829103,0.08350582778453827,0.12079890340566635,1.637128829956055,0.0830187115073204,0.017074988782405848,-0.4054438400268554,-0.00048711627721786943
One-D-Piece,n03424325,96,0.056842797100543976,1.3047493362426754,0.052845292091369636,0.06478667616844178,1.0785381317138674,0.05041692286729813,0.0079438790678978,-0.22621120452880805,-0.002428369224071504
One-D-Piece,n03424325,128,0.030166725367307662,0.782015266418457,0.030016761124134067,0.03231996625661851,0.6026548957824709,0.027224628627300268,0.002153240889310848,-0.1793603706359861,-0.002792132496833799
One-D-Piece,n03424325,160,0.014639914333820352,0.4711638069152829,0.015978120267391205,0.016081201434135436,0.34376844406127943,0.015491501688957217,0.0014412871003150838,-0.1273953628540035,-0.00048661857843398763
One-D-Piece,n03424325,208,0.003286059051752094,0.16385137557983395,0.003744917213916779,0.004361998289823529,0.10929098129272465,0.003626431822776791,0.0010759392380714347,-0.05456039428710931,-0.00011848539113998822
One-D-Piece,n03424325,256,0.0,0.0,0.0,0.0,0.0,0.0,0.0,0.0,0.0
One-D-Piece,n03452741,8,0.4666123808920383,5.0152907562255855,0.17955374255776405,0.4549443688988686,4.9634565734863285,0.15880934439599514,-0.011668011993169747,-0.051834182739256995,-0.0207443981617689
One-D-Piece,n03452741,16,0.3495733864605427,4.243248386383057,0.16191973298788073,0.34887902945280075,4.092305603027344,0.15063553713262082,-0.0006943570077419525,-0.15094278335571243,-0.011284195855259915
One-D-Piece,n03452741,32,0.21714690759778021,3.252526969909668,0.13878742158412935,0.22407886356115342,3.027388038635254,0.12996214777231216,0.006931955963373204,-0.2251389312744143,-0.008825273811817191
One-D-Piece,n03452741,64,0.1123319561779499,2.01483283996582,0.093621883392334,0.11140797674655914,1.8979053688049317,0.08904115110635757,-0.0009239794313907618,-0.11692747116088853,-0.004580732285976427
One-D-Piece,n03452741,96,0.060102966874837876,1.1775807380676269,0.05723823815584183,0.06074637308716774,1.2369113731384278,0.05422132402658463,0.0006434062123298612,0.05933063507080094,-0.0030169141292571977
One-D-Piece,n03452741,128,0.03284049168229103,0.6425961112976074,0.02917885601520539,0.03464853227138519,0.7771628189086914,0.032952251434326174,0.0018080405890941592,0.13456670761108402,0.0037733954191207855
One-D-Piece,n03452741,160,0.0178825069963932,0.4179473495483397,0.014875104427337651,0.017674090564250945,0.4638462638854979,0.01764382138848305,-0.00020841643214225547,0.0458989143371582,0.002768716961145397
One-D-Piece,n03452741,208,0.0056012167036533335,0.15492486953735343,0.004811474084854133,0.003981793671846388,0.09247890472412088,0.0034209512174129477,-0.0016194230318069451,-0.06244596481323256,-0.0013905228674411852
One-D-Piece,n03452741,256,0.0,0.0,0.0,0.0,0.0,0.0,0.0,0.0,0.0
One-D-Piece,n03467068,8,0.4512986019253731,4.422205772399902,0.11055353060364725,0.4143219132721424,3.5500119400024412,0.13628531843423844,-0.03697668865323067,-0.872193832397461,0.025731787830591185
One-D-Piece,n03467068,16,0.326863029897213,3.7734696960449217,0.10778020769357682,0.29410181477665903,2.855279579162598,0.12821019291877747,-0.032761215120553966,-0.9181901168823239,0.020429985225200648
One-D-Piece,n03467068,32,0.20142192125320435,2.680704345703125,0.09934491440653803,0.1984653227031231,2.2275233268737793,0.11240894943475724,-0.002956598550081263,-0.4531810188293459,0.013064035028219206
One-D-Piece,n03467068,64,0.10546430468559265,1.6733060073852541,0.06802179455757143,0.10242278292775155,1.437896671295166,0.070295629799366,-0.003041521757841101,-0.23540933609008818,0.0022738352417945723
One-D-Piece,n03467068,96,0.057032096236944205,1.0216725921630863,0.041390488147735605,0.05438900217413903,0.941246280670166,0.04300328344106674,-0.0026430940628051763,-0.08042631149292023,0.0016127952933311374
One-D-Piece,n03467068,128,0.032201432287693024,0.6147993469238279,0.024017875790596017,0.029706860780715952,0.5641715240478515,0.024184617996215817,-0.0024945715069770724,-0.050627822875976336,0.00016674220561979994
One-D-Piece,n03467068,160,0.01619478404521942,0.38513490676879897,0.012545213401317597,0.014163104146718982,0.2783970832824709,0.01131589829921722,-0.002031679898500437,-0.10673782348632804,-0.0012293151021003767
One-D-Piece,n03467068,208,0.0041866742074489665,0.09650938034057617,0.0014159849286079413,0.002895084917545318,0.06858547210693348,0.002072317004203793,-0.0012915892899036485,-0.027923908233642686,0.0006563320755958515
One-D-Piece,n03467068,256,0.0,0.0,0.0,0.0,0.0,0.0,0.0,0.0,0.0
One-D-Piece,n03481172,8,0.44144369453191756,5.264047660827637,0.12543249264359477,0.41738251976668844,4.181455001831055,0.14629689656198028,-0.02406117476522912,-1.0825926589965817,0.02086440391838551
One-D-Piece,n03481172,16,0.33784927099943163,4.504229145050049,0.11582762211561205,0.3111251758784056,3.4745233154296873,0.14046226255595687,-0.026724095121026026,-1.0297058296203616,0.024634640440344815
One-D-Piece,n03481172,32,0.21770042032003403,3.217695598602295,0.09779019489884379,0.20941673241555694,2.591771469116211,0.124884454831481,-0.008283687904477088,-0.625924129486084,0.027094259932637213
One-D-Piece,n03481172,64,0.11446029141545296,2.199007396697998,0.06870244890451432,0.11313492484390737,1.6567365264892577,0.07916106060147286,-0.0013253665715455831,-0.5422708702087402,0.010458611696958539
One-D-Piece,n03481172,96,0.061378082931041716,1.4498916816711422,0.04381231397390366,0.0573999322205782,0.9864689636230469,0.044836951047182085,-0.003978150710463514,-0.4634227180480953,0.0010246370732784268
One-D-Piece,n03481172,128,0.03209470510482789,0.9490147972106928,0.025465779900550843,0.030920340195298202,0.6515904998779299,0.0264924305677414,-0.0011743649095296883,-0.2974242973327629,0.0010266506671905568
One-D-Piece,n03481172,160,0.015472629815340042,0.5568956375122066,0.013133392930030829,0.014104912206530573,0.40120841979980454,0.014223442971706397,-0.001367717608809469,-0.15568721771240207,0.001090050041675568
One-D-Piece,n03481172,208,0.004700442850589759,0.15325979232788087,0.004097070395946508,0.0029930682480335258,0.10323444366455067,0.002788755595684052,-0.0017073746025562334,-0.050025348663330194,-0.0013083148002624558
One-D-Piece,n03481172,256,0.0,0.0,0.0,0.0,0.0,0.0,0.0,0.0,0.0
One-D-Piece,n03494278,8,0.4503797794878483,5.039077205657959,0.17474189043045044,0.4450123304128647,3.2231437683105475,0.12171146117150783,-0.005367449074983599,-1.8159334373474114,-0.05303042925894261
One-D-Piece,n03494278,16,0.33611721292138097,4.471119346618653,0.16003607973456385,0.33546633660793307,2.6696440505981447,0.11915845192968845,-0.0006508763134479012,-1.801475296020508,-0.0408776278048754
One-D-Piece,n03494278,32,0.21307448402047158,3.281710300445557,0.1302658136188984,0.2229895642399788,2.124393405914307,0.11142753623425962,0.00991508021950721,-1.1573168945312498,-0.018838277384638794
One-D-Piece,n03494278,64,0.10871804282069208,1.896556911468506,0.08001884430646898,0.11644923359155655,1.2677392768859865,0.07321051217615605,0.007731190770864468,-0.6288176345825194,-0.006808332130312927
One-D-Piece,n03494278,96,0.05954770073294641,1.097226448059082,0.045060604512691504,0.06443052992224695,0.8268709564208985,0.04597042515873909,0.004882829189300539,-0.2703554916381836,0.0009098206460475822
One-D-Piece,n03494278,128,0.031213606148958215,0.6795547103881837,0.025118876695632942,0.033541426956653596,0.5166609573364259,0.025089055001735687,0.0023278208076953806,-0.1628937530517578,-2.9821693897254947e-05
One-D-Piece,n03494278,160,0.01604543909430504,0.44155199050903365,0.013385306596755981,0.016660588830709457,0.32994119644165065,0.011998938024044037,0.0006151497364044155,-0.111610794067383,-0.0013863685727119445
One-D-Piece,n03494278,208,0.004263769984245304,0.17578399658203137,0.004295955002307896,0.00422496840357781,0.11052204132080082,0.004414403587579725,-3.880158066749389e-05,-0.06526195526123055,0.00011844858527182943
One-D-Piece,n03494278,256,0.0,0.0,0.0,0.0,0.0,0.0,0.0,0.0,0.0
One-D-Piece,n03495258,8,0.511500523686409,4.059018039703369,0.11506150469183922,0.4330137266218662,3.703446750640869,0.11239007510244849,-0.07848679706454276,-0.3555712890624996,-0.0026714295893907336
One-D-Piece,n03495258,16,0.392336317896843,3.4118513870239258,0.10832888141274452,0.3318677754700184,3.051689739227295,0.11146156493574381,-0.06046854242682459,-0.36016164779663074,0.003132683522999294
One-D-Piece,n03495258,32,0.23852258682250976,2.5429094505310057,0.10424403116106987,0.2233315797150135,2.2699793815612797,0.10493525885045528,-0.015191007107496268,-0.27293006896972605,0.0006912276893854125
One-D-Piece,n03495258,64,0.1235754457116127,1.6414988327026365,0.07257383197546005,0.12089380517601966,1.5632384300231932,0.07492543652653695,-0.002681640535593041,-0.07826040267944334,0.0023516045510768996
One-D-Piece,n03495258,96,0.06646015524864197,1.0744963455200194,0.045139854848384856,0.06501437619328498,0.9719524002075193,0.04475244119763375,-0.001445779055356991,-0.1025439453125001,-0.0003874136507511089
One-D-Piece,n03495258,128,0.03514252990484239,0.6756179046630857,0.025869798362255097,0.03470027193427086,0.5824889373779295,0.02533756017684937,-0.0004422579705715274,-0.09312896728515618,-0.0005322381854057263
One-D-Piece,n03495258,160,0.020833312273025522,0.4249241256713864,0.01576227813959121,0.014942080974578841,0.37565093994140625,0.01233250617980957,-0.005891231298446681,-0.04927318572998013,-0.003429771959781641
One-D-Piece,n03495258,208,0.0050562474131584205,0.11365407943725579,0.0040794923901557876,0.003823481649160376,0.16449819564819304,0.004068572819232941,-0.0012327657639980443,0.05084411621093725,-1.0919570922846185e-05
One-D-Piece,n03495258,256,0.0,0.0,0.0,0.0,0.0,0.0,0.0,0.0,0.0
One-D-Piece,n03498962,8,0.46954104855656625,4.121759338378906,0.10026732474565508,0.42608695566654203,4.026320266723633,0.14022095143795013,-0.04345409289002422,-0.09543907165527354,0.03995362669229505
One-D-Piece,n03498962,16,0.35064441576600075,3.7226283836364744,0.1013705822825432,0.3192610484361649,3.488040733337402,0.13452551305294036,-0.031383367329835876,-0.23458765029907225,0.03315493077039716
One-D-Piece,n03498962,32,0.21793136909604072,2.625347900390625,0.0907310661673546,0.21303609609603882,2.567974910736084,0.11433877184987068,-0.004895273000001893,-0.05737298965454096,0.023607705682516078
One-D-Piece,n03498962,64,0.11553025022149088,1.587123832702637,0.06356985688209534,0.11469565749168396,1.7587871170043943,0.07739799797534942,-0.0008345927298069183,0.17166328430175737,0.013828141093254087
One-D-Piece,n03498962,96,0.06176068678498269,0.8879499435424805,0.035690761357545855,0.05874709010124206,1.161264896392822,0.048100481629371646,-0.003013596683740634,0.2733149528503416,0.01240972027182579
One-D-Piece,n03498962,128,0.032762956768274315,0.5228701400756839,0.01941679209470749,0.030148032158613204,0.6401376342773437,0.029756877720355988,-0.002614924609661111,0.11726749420165983,0.010340085625648497
One-D-Piece,n03498962,160,0.015873122215271,0.2866459655761719,0.01098793148994446,0.01595313236117362,0.3576160049438472,0.017063086628913877,8.001014590262173e-05,0.07097003936767532,0.006075155138969418
One-D-Piece,n03498962,208,0.0034489314258098714,0.11504333496093753,0.00305473044514656,0.003397209942340838,0.14605434417724567,0.003343301415443421,-5.172148346903327e-05,0.03101100921630813,0.0002885709702968608
One-D-Piece,n03498962,256,0.0,0.0,0.0,0.0,0.0,0.0,0.0,0.0,0.0
One-D-Piece,n03594945,8,0.40660184010863304,3.2745729064941407,0.09467050343751908,0.4131545761227608,4.250039196014404,0.12863983273506163,0.006552736014127758,0.9754662895202633,0.03396932929754255
One-D-Piece,n03594945,16,0.28505377992987635,2.8349713706970214,0.1019684861600399,0.3104752650856972,3.505384883880615,0.12730035722255706,0.025421485155820878,0.6704135131835938,0.025331871062517164
One-D-Piece,n03594945,32,0.17816494509577752,2.0677759552001955,0.09674383327364922,0.20889004498720168,2.54223030090332,0.11199525490403177,0.030725099891424162,0.4744543457031245,0.015251421630382553
One-D-Piece,n03594945,64,0.09966344967484474,1.3331535339355467,0.06823325410485268,0.11092914402484894,1.7317677307128907,0.0781296029686928,0.011265694350004199,0.398614196777344,0.009896348863840124
One-D-Piece,n03594945,96,0.053880565315485,0.8200252914428713,0.0393429420888424,0.057092068791389464,1.023075141906738,0.045121202766895296,0.003211503475904466,0.2030498504638668,0.005778260678052899
One-D-Piece,n03594945,128,0.02623842373490333,0.47668870925903306,0.01984508618712425,0.028734012246131892,0.6426100921630855,0.025920064151287087,0.002495588511228563,0.16592138290405245,0.006074977964162835
One-D-Piece,n03594945,160,0.012422458976507188,0.28599838256835974,0.012278878837823864,0.015492211431264866,0.34722852706909163,0.013210218846797947,0.003069752454757678,0.06123014450073189,0.0009313400089740829
One-D-Piece,n03594945,208,0.0037653645873069737,0.09433952331542976,0.0035266441106796293,0.0038959351181983935,0.12626693725585944,0.0036611372232437153,0.0001305705308914198,0.03192741394042968,0.00013449311256408594
One-D-Piece,n03594945,256,0.0,0.0,0.0,0.0,0.0,0.0,0.0,0.0,0.0
One-D-Piece,n03602883,8,0.44783343106508255,6.228449211120606,0.19582928702235222,0.456260731741786,4.393384227752685,0.16419892743229866,0.008427300676703442,-1.8350649833679205,-0.03163035959005356
One-D-Piece,n03602883,16,0.3387886342406273,5.017693653106689,0.18096037343144417,0.3506823652237654,3.8689791679382326,0.15917691141366958,0.011893730983138118,-1.1487144851684565,-0.02178346201777459
One-D-Piece,n03602883,32,0.22095079213380817,3.6144815635681153,0.15190567180514336,0.23546304427087306,3.042999897003174,0.14307965099811554,0.01451225213706489,-0.5714816665649414,-0.008826020807027823
One-D-Piece,n03602883,64,0.11309278070926668,2.164272480010986,0.10113311052322388,0.12479465760290624,1.7635397911071777,0.08942092001438141,0.011701876893639565,-0.4007326889038083,-0.011712190508842465
One-D-Piece,n03602883,96,0.05681363478302957,1.3959308433532711,0.06075140997767448,0.06141778491437436,1.1558387947082516,0.0516546967625618,0.0046041501313447905,-0.24009204864501954,-0.009096713215112684
One-D-Piece,n03602883,128,0.02833143398165703,0.8497352218627927,0.033171597272157675,0.031445925235748295,0.6651507568359372,0.02942872732877731,0.003114491254091266,-0.18458446502685555,-0.0037428699433803662
One-D-Piece,n03602883,160,0.0143090096116066,0.5262089538574215,0.018230859637260434,0.016326767131686213,0.39585145950317396,0.015052305459976196,0.0020177575200796133,-0.13035749435424754,-0.0031785541772842377
One-D-Piece,n03602883,208,0.0036633448302745906,0.18815845489501926,0.006063032150268552,0.004075381085276611,0.0670725440979001,0.002234127521514888,0.0004120362550020201,-0.12108591079711915,-0.0038289046287536643
One-D-Piece,n03602883,256,0.0,0.0,0.0,0.0,0.0,0.0,0.0,0.0,0.0
One-D-Piece,n03630383,8,0.4299812152981758,5.541801338195801,0.12153404951095581,0.4370091135799885,4.168325595855713,0.18216251984238624,0.007027898281812717,-1.373475742340088,0.06062847033143043
One-D-Piece,n03630383,16,0.32812752813100815,4.606739273071289,0.11845924645662309,0.33629544988274573,3.467458572387695,0.16982881531119345,0.008167921751737584,-1.139280700683594,0.05136956885457036
One-D-Piece,n03630383,32,0.217920882999897,3.3907896423339845,0.11853109031915667,0.23281991258263587,2.722356147766113,0.14834270685911177,0.014899029582738865,-0.6684334945678714,0.029811616539955108
One-D-Piece,n03630383,64,0.11548849284648897,2.0899771499633792,0.0768030795454979,0.12116264864802362,1.676253490447998,0.09378896266222,0.005674155801534644,-0.41372365951538126,0.01698588311672211
One-D-Piece,n03630383,96,0.06403954029083252,1.261871337890625,0.04230655372142793,0.06182872816920281,1.0510182571411133,0.05620410889387131,-0.002210812121629706,-0.2108530807495117,0.013897555172443385
One-D-Piece,n03630383,128,0.03429693788290023,0.7952467918395996,0.0249601686000824,0.03156680881977083,0.6132582473754883,0.02869904458522797,-0.0027301290631294023,-0.18198854446411128,0.003738875985145572
One-D-Piece,n03630383,160,0.016880722343921656,0.40217973709106447,0.011102369427680973,0.014138007760047913,0.3421573638916013,0.015241366624832154,-0.002742714583873743,-0.060022373199463186,0.004138997197151181
One-D-Piece,n03630383,208,0.0037718880176544132,0.07976825714111317,0.0018324989080429099,0.003162019252777103,0.09185636520385736,0.0028075194358825684,-0.0006098687648773103,0.012088108062744185,0.0009750205278396585
One-D-Piece,n03630383,256,0.0,0.0,0.0,0.0,0.0,0.0,0.0,0.0,0.0
One-D-Piece,n03649909,8,0.4651297739148141,3.0614756393432625,0.05051501318812371,0.405588181912899,3.0312958908081056,0.1356782841682434,-0.059541592001915056,-0.030179748535156925,0.08516327098011969
One-D-Piece,n03649909,16,0.3444607397913933,2.5403563880920412,0.05316845253109932,0.30410832494497303,2.500765819549561,0.1260663776099682,-0.04035241484642027,-0.03959056854248022,0.07289792507886887
One-D-Piece,n03649909,32,0.20254260629415513,1.859109878540039,0.061283252090215685,0.19930871158838273,1.9688116645812994,0.11166294425725937,-0.0032338947057724,0.10970178604126035,0.05037969216704368
One-D-Piece,n03649909,64,0.10174901366233828,1.2307352638244629,0.052045713961124423,0.09809398978948596,1.1857347679138186,0.0706725087761879,-0.0036550238728523254,-0.045000495910644256,0.018626794815063477
One-D-Piece,n03649909,96,0.054467451572418224,0.7971961212158208,0.03428138673305512,0.049763942360878,0.7859467506408694,0.042241290658712384,-0.004703509211540224,-0.011249370574951456,0.007959903925657263
One-D-Piece,n03649909,128,0.02862544417381288,0.6310374069213869,0.021010838001966476,0.026196473091840748,0.4486388587951663,0.022600356638431546,-0.0024289710819721325,-0.18239854812622058,0.0015895186364650697
One-D-Piece,n03649909,160,0.013990919291973112,0.35822906494140666,0.01106936380267143,0.011615192592144002,0.26956115722656276,0.010780321359634392,-0.0023757266998291095,-0.0886679077148439,-0.0002890424430370374
One-D-Piece,n03649909,208,0.0029960316419601475,0.07715566635131871,0.0034995470941066777,0.0024922420084476475,0.08078010559082077,0.0018438011407852172,-0.0005037896335125,0.003624439239502064,-0.0016557459533214605
One-D-Piece,n03649909,256,0.0,0.0,0.0,0.0,0.0,0.0,0.0,0.0,0.0
One-D-Piece,n03676483,8,0.46650955721735954,5.864900360107422,0.18435630150139332,0.4518722253292799,4.746138563156128,0.15716834336519242,-0.014637331888079641,-1.1187617969512935,-0.027187958136200896
One-D-Piece,n03676483,16,0.3465264736115932,5.066927776336669,0.16870787352323532,0.3412091439217329,4.052028102874757,0.1585444462299347,-0.005317329689860317,-1.0148996734619127,-0.010163427293300636
One-D-Piece,n03676483,32,0.22390358760952953,3.913769817352295,0.13724044233560562,0.23261548526585102,2.791084117889405,0.135515593290329,0.008711897656321493,-1.12268569946289,-0.0017248490452766163
One-D-Piece,n03676483,64,0.10752845332026481,2.2936476135253905,0.08318634182214737,0.1174656941741705,1.6644110679626467,0.08451322674751281,0.009937240853905696,-0.6292365455627438,0.0013268849253654375
One-D-Piece,n03676483,96,0.058676736652851114,1.505455493927002,0.04704042136669159,0.058818753138184555,1.0139683341979984,0.048654378056526185,0.00014201648533344186,-0.4914871597290036,0.001613956689834592
One-D-Piece,n03676483,128,0.031935156285762795,0.9501057243347165,0.02619159609079361,0.031184568405151363,0.6169187355041507,0.027587411403656007,-0.0007505878806114315,-0.33318698883056586,0.0013958153128623974
One-D-Piece,n03676483,160,0.01574894949793816,0.585948314666748,0.01513742446899414,0.01595985539257527,0.43161272048950183,0.016194523572921747,0.00021090589463710827,-0.15433559417724618,0.0010570991039276067
One-D-Piece,n03676483,208,0.004431558251380916,0.19031381607055656,0.004339446127414701,0.0031283615529537267,0.06608575820922884,0.00326785027980804,-0.0013031966984271889,-0.12422805786132772,-0.0010715958476066605
One-D-Piece,n03676483,256,0.0,0.0,0.0,0.0,0.0,0.0,0.0,0.0,0.0
One-D-Piece,n03710193,8,0.4380320580303669,4.382818851470947,0.10558107540011408,0.4296063594520092,4.6790999412536625,0.14321600168943405,-0.008425698578357677,0.29628108978271506,0.03763492628931997
One-D-Piece,n03710193,16,0.3087825955450535,3.4755925369262695,0.10027700409293175,0.3226629011332989,4.15337697982788,0.1420121045410633,0.013880305588245379,0.6777844429016104,0.04173510044813156
One-D-Piece,n03710193,32,0.19132042661309243,2.3928027534484864,0.09246093645691872,0.2235019852221012,3.364376049041748,0.12748987257480623,0.03218155860900879,0.9715732955932617,0.035028936117887516
One-D-Piece,n03710193,64,0.09848165646195413,1.5306069564819336,0.06702608108520507,0.11733487054705621,2.0508738517761227,0.08267206370830536,0.018853214085102085,0.5202668952941891,0.015645982623100296
One-D-Piece,n03710193,96,0.05352992326021194,0.9705581855773926,0.041357765793800357,0.05999403432011605,1.2241439437866208,0.046275931000709536,0.006464111059904111,0.25358575820922824,0.004918165206909179
One-D-Piece,n03710193,128,0.02848584309220313,0.6037285995483398,0.023469794094562527,0.031177203953266147,0.7208442497253416,0.023812616467475886,0.0026913608610630163,0.11711565017700176,0.0003428223729133595
One-D-Piece,n03710193,160,0.014523520022630687,0.33147674560546875,0.013111295700073236,0.014463260620832441,0.3933915710449213,0.010792058408260348,-6.0259401798245724e-05,0.06191482543945254,-0.002319237291812888
One-D-Piece,n03710193,208,0.0028665710985660477,0.06448432922363309,0.002894066870212553,0.0025313460826873768,0.08180412292480459,0.002059080302715294,-0.00033522501587867097,0.017319793701171496,-0.0008349865674972591
One-D-Piece,n03710193,256,0.0,0.0,0.0,0.0,0.0,0.0,0.0,0.0,0.0
One-D-Piece,n03773504,8,0.3977213265001774,4.916152534484863,0.1278444775938988,0.43121383285149933,4.694151782989502,0.13719304725527764,0.03349250635132195,-0.22200075149536058,0.009348569661378842
One-D-Piece,n03773504,16,0.2997331430017949,4.148696727752686,0.11923811167478561,0.3133714336715639,3.8878681182861334,0.1263347575068474,0.013638290669769015,-0.2608286094665524,0.007096645832061779
One-D-Piece,n03773504,32,0.19341960951685905,3.0279013442993166,0.10248668164014817,0.2059679072163999,2.716304607391358,0.10609235450625419,0.012548297699540856,-0.3115967369079584,0.0036056728661060244
One-D-Piece,n03773504,64,0.09854098662734032,1.8833381843566894,0.06648315787315369,0.10944843599572777,1.5780253601074223,0.06978438094258309,0.010907449368387459,-0.3053128242492671,0.0033012230694293987
One-D-Piece,n03773504,96,0.05365707665681841,1.1861456298828128,0.04125496655702591,0.05626072792336346,0.9780044937133795,0.040412085503339766,0.0026036512665450484,-0.2081411361694333,-0.0008428810536861425
One-D-Piece,n03773504,128,0.02910152286291123,0.8312774658203125,0.024440571963787083,0.028740303628146658,0.5992817687988282,0.021741395890712736,-0.0003612192347645718,-0.23199569702148426,-0.0026991760730743462
One-D-Piece,n03773504,160,0.013928587585687636,0.49195817947387693,0.012776774168014529,0.012878636699169879,0.3149668121337898,0.01005448073148727,-0.0010499508865177577,-0.17699136734008714,-0.0027222934365272594
One-D-Piece,n03773504,208,0.0038541348278522606,0.12930843353271496,0.0037183728814125026,0.002618154790252456,0.10108142852783246,0.0017951735854148843,-0.0012359800375998046,-0.028227005004882497,-0.0019231992959976183
One-D-Piece,n03773504,256,0.0,0.0,0.0,0.0,0.0,0.0,0.0,0.0,0.0
One-D-Piece,n03775071,8,0.4422787234187126,4.491073951721192,0.11199294418096542,0.42329723976552486,3.771488571166992,0.13585005819797516,-0.018981483653187747,-0.7195853805541996,0.02385711401700974
One-D-Piece,n03775071,16,0.3133609858155251,3.416913585662842,0.09787777617573738,0.3305984585732222,3.1043506050109864,0.1331344994902611,0.017237472757697103,-0.3125629806518555,0.035256723314523716
One-D-Piece,n03775071,32,0.19236669808626175,2.5388870429992676,0.08346496403217316,0.2244626846164465,2.4865960121154784,0.122559432387352,0.03209598653018475,-0.05229103088378917,0.03909446835517884
One-D-Piece,n03775071,64,0.09464790314435959,1.494879951477051,0.051008033752441395,0.1221067164093256,1.5976471710205078,0.0759967051446438,0.02745881326496602,0.1027672195434568,0.0249886713922024
One-D-Piece,n03775071,96,0.05191552132368088,0.9844121551513675,0.030227100551128386,0.059859257638454434,0.9182917785644531,0.040268849134445193,0.007943736314773554,-0.06612037658691439,0.010041748583316808
One-D-Piece,n03775071,128,0.028134001493453978,0.6212857818603517,0.0170235888659954,0.02942549221217632,0.47780212402343736,0.018358871340751648,0.0012914907187223414,-0.1434836578369143,0.0013352824747562483
One-D-Piece,n03775071,160,0.013378773778676984,0.36059268951415974,0.010038890391588206,0.01448250316083431,0.29126752853393545,0.011210491359233854,0.001103729382157326,-0.06932516098022429,0.0011716009676456477
One-D-Piece,n03775071,208,0.004528852850198739,0.09634525299072269,0.002583365291357038,0.0027775539457798016,0.060084056854248044,0.0022239226102828942,-0.0017512989044189378,-0.03626119613647465,-0.0003594426810741439
One-D-Piece,n03775071,256,0.0,0.0,0.0,0.0,0.0,0.0,0.0,0.0,0.0
One-D-Piece,n03888257,8,0.333755619674921,5.647587146759033,0.11047616302967071,0.4206976152956486,3.7266106033325195,0.13192166835069657,0.08694199562072757,-1.9209765434265136,0.021445505321025862
One-D-Piece,n03888257,16,0.23900559470057492,4.973371505737304,0.0967883551120758,0.3191476120054722,3.094325637817383,0.12993184491992,0.08014201730489728,-1.879045867919921,0.03314348980784419
One-D-Piece,n03888257,32,0.15104691475629808,3.8404327392578126,0.07423265993595124,0.22266925677657126,2.453371200561523,0.12357888951897623,0.07162234202027318,-1.3870615386962895,0.049346229583024995
One-D-Piece,n03888257,64,0.07294298976659776,2.205588035583496,0.045976242423057555,0.11962755247950554,1.5123762893676758,0.07939735352993012,0.04668456271290779,-0.69321174621582,0.03342111110687256
One-D-Piece,n03888257,96,0.037202178388834,1.2401061248779295,0.024502226114273072,0.06304482504725456,1.0277084732055664,0.04793588876724244,0.025842646658420558,-0.21239765167236313,0.023433662652969367
One-D-Piece,n03888257,128,0.018816511258482937,0.775157375335693,0.012814121842384334,0.03112614586949348,0.6135039710998538,0.026312335729599002,0.012309634611010544,-0.16165340423583918,0.013498213887214668
One-D-Piece,n03888257,160,0.010120268762111664,0.4520422744750972,0.008820875883102411,0.015247391313314436,0.2998274803161621,0.012181587815284733,0.005127122551202772,-0.15221479415893513,0.0033607119321823215
One-D-Piece,n03888257,208,0.0021982527524232937,0.13359783172607378,0.0020632690191268845,0.004188906252384182,0.09498689651489257,0.002987345457077031,0.0019906534999608884,-0.03861093521118121,0.0009240764379501464
One-D-Piece,n03888257,256,0.0,0.0,0.0,0.0,0.0,0.0,0.0,0.0,0.0
One-D-Piece,n03930630,8,0.4168704357743263,3.4201769256591796,0.13686790823936462,0.40426156640052796,4.138212127685547,0.13937989220023156,-0.012608869373798348,0.7180352020263672,0.002511983960866937
One-D-Piece,n03930630,16,0.2937468829751015,2.9802308464050293,0.13982219770550727,0.2904126513004303,3.4968048667907716,0.13735420264303685,-0.003334231674671173,0.5165740203857423,-0.0024679950624704183
One-D-Piece,n03930630,32,0.19169639736413957,2.2513629531860353,0.12224181339144707,0.18959714442491532,2.519060478210449,0.11254057779908182,-0.00209925293922425,0.2676975250244138,-0.009701235592365257
One-D-Piece,n03930630,64,0.1038774609565735,1.3778215026855472,0.07685811564326286,0.0944559060037136,1.4890076065063476,0.07151323691010476,-0.0094215549528599,0.11118610382080041,-0.005344878733158101
One-D-Piece,n03930630,96,0.05585069805383683,0.8545886611938479,0.043475527465343465,0.04311416193842888,0.8547693252563482,0.03778464376926422,-0.012736536115407947,0.00018066406250027978,-0.005690883696079244
One-D-Piece,n03930630,128,0.030060904324054723,0.5215280342102053,0.02420723050832748,0.021514303237199783,0.4532661437988282,0.018786652982234954,-0.00854660108685494,-0.06826189041137715,-0.0054205775260925265
One-D-Piece,n03930630,160,0.016426781117916112,0.2968963623046877,0.012747893929481507,0.009805413484573361,0.25421434402465837,0.008945938944816592,-0.006621367633342751,-0.04268201828002932,-0.0038019549846649153
One-D-Piece,n03930630,208,0.0040999883413314776,0.08725618362426779,0.003257316350936881,0.0018209017813205673,0.07406118392944318,0.00197702914476395,-0.0022790865600109105,-0.013194999694824613,-0.001280287206172931
One-D-Piece,n03930630,256,0.0,0.0,0.0,0.0,0.0,0.0,0.0,0.0,0.0
One-D-Piece,n03947888,8,0.3363287916779518,3.179855422973633,0.09739902466535569,0.4186145782470703,3.7335108375549315,0.12037126690149309,0.0822857865691185,0.5536554145812986,0.022972242236137405
One-D-Piece,n03947888,16,0.24722016125917434,2.617887706756592,0.09613374024629592,0.32590851247310637,3.1759687423706056,0.11672915279865266,0.07868835121393203,0.5580810356140136,0.020595412552356737
One-D-Piece,n03947888,32,0.17139811813831332,2.1625990676879883,0.08797573596239092,0.22464349687099458,2.439674530029297,0.10778741836547853,0.05324537873268126,0.27707546234130875,0.019811682403087616
One-D-Piece,n03947888,64,0.09040649428963661,1.3865321159362793,0.05953518897294999,0.12307254076004029,1.644589023590088,0.07547698587179184,0.03266604647040368,0.2580569076538086,0.015941796898841856
One-D-Piece,n03947888,96,0.05029729485511781,0.9036066246032715,0.03373276352882385,0.06749731823801994,1.0026694488525392,0.042988929748535167,0.01720002338290213,0.09906282424926771,0.009256166219711315
One-D-Piece,n03947888,128,0.025986921489238753,0.6182882308959963,0.01797760128974914,0.034600531011819834,0.5992433166503907,0.02471734702587128,0.00861360952258108,-0.019044914245605615,0.006739745736122141
One-D-Piece,n03947888,160,0.01149747028946877,0.3456003761291505,0.011138859093189242,0.016870370507240294,0.3526536178588867,0.012370412647724151,0.005372900217771525,0.007053241729736204,0.0012315535545349091
One-D-Piece,n03947888,208,0.0029674896597862276,0.08439426422119141,0.0017134201526641812,0.004948492497205732,0.10661935806274403,0.002967146337032317,0.0019810028374195043,0.02222509384155262,0.0012537261843681357
One-D-Piece,n03947888,256,0.0,0.0,0.0,0.0,0.0,0.0,0.0,0.0,0.0
One-D-Piece,n04086273,8,0.41575277015566825,4.932518482208252,0.11701938927173615,0.414054478853941,3.858209419250488,0.14556998550891875,-0.0016982913017272727,-1.0743090629577638,0.028550596237182604
One-D-Piece,n04086273,16,0.2960328291356564,4.0978548622131346,0.10878638684749604,0.3173153327405453,3.2790001678466796,0.13835241466760637,0.021282503604888925,-0.818854694366455,0.02956602782011032
One-D-Piece,n04086273,32,0.18904925033450126,3.3348889350891113,0.10086564362049102,0.2165715579688549,2.5358461189270023,0.11734768807888031,0.02752230763435365,-0.799042816162109,0.016482044458389286
One-D-Piece,n04086273,64,0.09451781049370765,1.9838888359069826,0.06428500771522523,0.11404700323939325,1.540610980987549,0.07455749630928041,0.019529192745685597,-0.4432778549194336,0.010272488594055176
One-D-Piece,n04086273,96,0.04966482743620873,1.2323425674438477,0.035659153759479534,0.059992325156927116,0.9016707611083986,0.0435345509648323,0.010327497720718386,-0.3306718063354491,0.007875397205352769
One-D-Piece,n04086273,128,0.02557417139410972,0.7620099067687987,0.017800225913524634,0.029375512599945072,0.5065855216979982,0.02369716584682465,0.003801341205835352,-0.25542438507080045,0.0058969399333000175
One-D-Piece,n04086273,160,0.012411053627729415,0.4393816947937013,0.008898378014564522,0.0135936288535595,0.31703147888183614,0.013011766374111177,0.0011825752258300855,-0.12235021591186518,0.004113388359546655
One-D-Piece,n04086273,208,0.003903910219669343,0.1657389831542969,0.0030284118652343776,0.0038767543435096695,0.11437301635742197,0.0035454317927360595,-2.715587615967352e-05,-0.05136596679687491,0.0005170199275016819
One-D-Piece,n04086273,256,0.0,0.0,0.0,0.0,0.0,0.0,0.0,0.0,0.0
One-D-Piece,n04118538,8,0.44658260509371756,3.448749294281006,0.10969812631607055,0.46027841560542593,3.960654544830322,0.18675676599144939,0.013695810511708373,0.511905250549316,0.07705863967537883
One-D-Piece,n04118538,16,0.3226937429606915,3.0421747589111328,0.11179437220096589,0.34533598117530345,3.4631234931945802,0.18503051862120629,0.022642238214611976,0.4209487342834475,0.0732361464202404
One-D-Piece,n04118538,32,0.19949814006686212,2.346287326812744,0.10704292058944702,0.23428238727152348,2.808556709289551,0.1638992358744145,0.03478424720466136,0.4622693824768067,0.05685631528496747
One-D-Piece,n04118538,64,0.10889270797371867,1.5858157157897947,0.07616784662008286,0.12459189496934416,1.7383062934875488,0.10135136246681214,0.01569918699562549,0.1524905776977541,0.025183515846729287
One-D-Piece,n04118538,96,0.058309595733881,0.9983600997924804,0.04506134420633317,0.06712500907480717,1.1406672859191898,0.0615539449453354,0.00881541334092617,0.14230718612670934,0.01649260073900223
One-D-Piece,n04118538,128,0.029029527753591532,0.5913790130615234,0.02393734514713287,0.0336957872658968,0.6023698234558107,0.02980536699295044,0.00466625951230527,0.010990810394287287,0.00586802184581757
One-D-Piece,n04118538,160,0.013714397251605987,0.3250056648254396,0.011222161054611202,0.015528735816478739,0.3166169357299808,0.014259480237960816,0.0018143385648727514,-0.008388729095458791,0.0030373191833496134
One-D-Piece,n04118538,208,0.00292641863226891,0.06420434951782222,0.0017554563283920205,0.0025809129327535657,0.09462118148803739,0.004406672716140748,-0.0003455056995153444,0.030416831970215163,0.0026512163877487273
One-D-Piece,n04118538,256,0.0,0.0,0.0,0.0,0.0,0.0,0.0,0.0,0.0
One-D-Piece,n04133789,8,0.42802812397480017,4.345755825042724,0.11780290931463241,0.4041745615005493,4.377016105651856,0.13589657843112948,-0.023853562474250856,0.031260280609131996,0.01809366911649707
One-D-Piece,n04133789,16,0.3165074717998505,3.6491290855407716,0.1079540941119194,0.3033647835254669,3.319513607025147,0.12817931681871417,-0.013142688274383585,-0.32961547851562445,0.020225222706794763
One-D-Piece,n04133789,32,0.2053856766223908,2.7933687591552734,0.09892150640487671,0.20777168720960618,2.3949999618530278,0.11103186100721359,0.0023860105872153814,-0.3983687973022456,0.012110354602336879
One-D-Piece,n04133789,64,0.11251234591007232,1.8543020439147953,0.07276384323835373,0.10812478512525558,1.6405747413635257,0.07337105661630632,-0.004387560784816738,-0.2137273025512696,0.0006072133779525812
One-D-Piece,n04133789,96,0.05891250431537629,1.2848616790771485,0.0457523837685585,0.05762663945555686,1.1903271293640143,0.045605952441692355,-0.0012858648598194286,-0.09453454971313424,-0.00014643132686614768
One-D-Piece,n04133789,128,0.029868870079517374,0.8286457443237303,0.026888414025306697,0.029775560945272433,0.7510620307922369,0.02772733852267266,-9.33091342449413e-05,-0.0775837135314934,0.0008389244973659622
One-D-Piece,n04133789,160,0.015023094415664674,0.4637074089050289,0.013433759212493894,0.014902165681123718,0.46248004913330104,0.014995949119329458,-0.00012092873454095515,-0.0012273597717278317,0.0015621899068355635
One-D-Piece,n04133789,208,0.003955549001693735,0.13847175598144498,0.003022051155567168,0.0037969402968883316,0.11966457366943384,0.003262307345867159,-0.00015860870480540303,-0.018807182312011145,0.00024025619029999093
One-D-Piece,n04133789,256,0.0,0.0,0.0,0.0,0.0,0.0,0.0,0.0,0.0
One-D-Piece,n04141076,8,0.4267546680569649,3.91172119140625,0.1586897373944521,0.41232656583189964,3.8584283638000496,0.15688535228371622,-0.014428102225065242,-0.053292827606200355,-0.0018043851107358844
One-D-Piece,n04141076,16,0.314469248354435,3.1856062507629392,0.1443839479982853,0.3080617778003216,3.1224855041503914,0.14303413197398185,-0.0064074705541133925,-0.06312074661254785,-0.0013498160243034518
One-D-Piece,n04141076,32,0.19782912164926528,2.3300367546081544,0.11827398061752321,0.2147764800488949,2.1616302108764653,0.11859771996736526,0.01694735839962963,-0.16840654373168906,0.00032373934984204766
One-D-Piece,n04141076,64,0.10428081125020981,1.5130441856384278,0.07427417933940887,0.11260064765810966,1.3741810417175293,0.07880962282419206,0.00831983640789985,-0.1388631439208985,0.004535443484783186
One-D-Piece,n04141076,96,0.056453161239624024,0.9481908988952636,0.042118492722511294,0.06148763194680214,0.959215259552002,0.05195261389017105,0.005034470707178114,0.011024360656738397,0.009834121167659755
One-D-Piece,n04141076,128,0.03069650769233704,0.5681352996826172,0.026898615062236782,0.03307144656777382,0.5937524032592776,0.030959073752164844,0.0023749388754367787,0.02561710357666036,0.004060458689928062
One-D-Piece,n04141076,160,0.01678750962018967,0.33972688674926776,0.01511900097131729,0.016155978888273245,0.36827976226806647,0.014453591704368593,-0.000631530731916425,0.028552875518798704,-0.0006654092669486963
One-D-Piece,n04141076,208,0.004169839918613429,0.09640762329101533,0.002982411980628963,0.003438551127910615,0.08855009078979506,0.0022922042012214635,-0.0007312887907028141,-0.007857532501220274,-0.0006902077794074995
One-D-Piece,n04141076,256,0.0,0.0,0.0,0.0,0.0,0.0,0.0,0.0,0.0
One-D-Piece,n04146614,8,0.41156465560197836,3.4081492042541504,0.10072773724794387,0.45848256602883347,4.235881156921387,0.15157399386167528,0.046917910426855114,0.8277319526672366,0.050846256613731405
One-D-Piece,n04146614,16,0.29052893429994586,2.856765556335449,0.10131090357899666,0.3313902397453785,3.683877830505371,0.1480174243450165,0.04086130544543265,0.827112274169922,0.04670652076601983
One-D-Piece,n04146614,32,0.1810266295075417,2.128550205230713,0.09609551772475243,0.22107403054833413,2.863045883178711,0.1351506531238556,0.040047401040792435,0.7344956779479981,0.03905513539910317
One-D-Piece,n04146614,64,0.0966886427998543,1.3463965225219727,0.06308554470539093,0.11477569922804833,1.7803384971618652,0.0886150911450386,0.018087056428194026,0.4339419746398925,0.025529546439647666
One-D-Piece,n04146614,96,0.05035544633865358,0.8338623046875001,0.03632570147514344,0.06111669957637788,1.1371615409851075,0.05159284412860871,0.010761253237724297,0.30329923629760736,0.015267142653465272
One-D-Piece,n04146614,128,0.027540543675422677,0.4987808799743652,0.02002999484539032,0.0322995261847973,0.7080886459350587,0.03092058032751084,0.004758982509374621,0.2093077659606935,0.010890585482120522
One-D-Piece,n04146614,160,0.014306223988533031,0.3079449272155763,0.010167233347892761,0.01637981742620469,0.44104036331176777,0.01826973885297775,0.0020735934376716596,0.13309543609619146,0.00810250550508499
One-D-Piece,n04146614,208,0.0032390868663787877,0.07329158782958992,0.0018632271885871865,0.003883519172668463,0.1420545959472655,0.005064522027969362,0.0006444323062896754,0.06876300811767558,0.0032012948393821757
One-D-Piece,n04146614,256,0.0,0.0,0.0,0.0,0.0,0.0,0.0,0.0,0.0
One-D-Piece,n04147183,8,0.35564307153224944,4.518351821899413,0.12342151284217837,0.3751033839583397,4.443694267272949,0.1014751732349396,0.019460312426090254,-0.07465755462646406,-0.02194633960723877
One-D-Piece,n04147183,16,0.25839188992977147,3.900532341003418,0.12503922104835513,0.2817078724503517,3.7500175666809077,0.10041189581155777,0.02331598252058026,-0.15051477432251037,-0.024627325236797365
One-D-Piece,n04147183,32,0.1723456946015358,3.1058336067199708,0.11053923606872561,0.18659584015607833,2.9695207405090334,0.09317115724086761,0.014250145554542543,-0.1363128662109374,-0.017368078827858
One-D-Piece,n04147183,64,0.09135522514581682,1.7849100112915037,0.06760828524827957,0.09958817303180696,1.885796127319336,0.058177627623081214,0.008232947885990147,0.10088611602783226,-0.009430657625198353
One-D-Piece,n04147183,96,0.05121253430843354,1.093052806854248,0.041655197739601135,0.05460310161113739,1.2578734397888183,0.03848287433385849,0.003390567302703852,0.16482063293457028,-0.0031723234057426455
One-D-Piece,n04147183,128,0.026743420958518983,0.5903651046752925,0.02220775008201599,0.026971364319324488,0.6590640449523925,0.02147794932126999,0.0002279433608055048,0.0686989402771,-0.0007298007607460001
One-D-Piece,n04147183,160,0.012785795331001285,0.33429994583129913,0.010933025479316712,0.015221246778965,0.3849106216430659,0.012105654180049894,0.0024354514479637147,0.05061067581176676,0.0011726287007331818
One-D-Piece,n04147183,208,0.003521064817905424,0.08975362777709957,0.003583022356033323,0.002909651547670361,0.0657204055786136,0.001414340436458582,-0.000611413270235063,-0.02403322219848597,-0.002168681919574741
One-D-Piece,n04147183,256,0.0,0.0,0.0,0.0,0.0,0.0,0.0,0.0,0.0
One-D-Piece,n04192698,8,0.4249736590683461,3.8891263961791993,0.09929787054657938,0.4024024599790574,3.9192217063903807,0.1438059222698212,-0.02257119908928873,0.030095310211181392,0.04450805172324182
One-D-Piece,n04192698,16,0.3156041939556599,3.280554714202881,0.1001274210214615,0.31464007675647737,3.409639434814453,0.1385238003730774,-0.0009641171991825459,0.1290847206115724,0.03839637935161591
One-D-Piece,n04192698,32,0.19552242264151573,2.4744369888305666,0.09651554495096207,0.21202181160449984,2.6089838790893554,0.11726935505867005,0.016499388962984113,0.13454689025878874,0.02075381010770798
One-D-Piece,n04192698,64,0.09867752835154535,1.428423652648926,0.06259311482310297,0.11647443592548372,1.7188936805725104,0.08167245924472809,0.01779690757393837,0.29047002792358434,0.019079344421625122
One-D-Piece,n04192698,96,0.05138448581099511,0.8930928421020505,0.0366430851817131,0.06271447390317919,1.1364327430725096,0.05145986527204514,0.011329988092184079,0.2433399009704591,0.014816780090332035
One-D-Piece,n04192698,128,0.027096866965293887,0.509294281005859,0.019392001032829283,0.029725854396820083,0.7183223915100101,0.027143621444702153,0.002628987431526196,0.20902811050415104,0.00775162041187287
One-D-Piece,n04192698,160,0.012517794072628024,0.3021144676208496,0.01058489710092545,0.015563211888074881,0.41420587539672865,0.014542911946773533,0.0030454178154468575,0.11209140777587906,0.0039580148458480836
One-D-Piece,n04192698,208,0.0024691253900527995,0.058472824096679366,0.0018642848730087314,0.0032035057246684994,0.09977209091186555,0.0022497606277465817,0.0007343803346156999,0.041299266815186184,0.00038547575473785027
One-D-Piece,n04192698,256,0.0,0.0,0.0,0.0,0.0,0.0,0.0,0.0,0.0
One-D-Piece,n04254680,8,0.42367440447211263,5.309626922607422,0.15011373557150365,0.4360875198990107,5.5053612327575685,0.22384801939129828,0.012413115426898047,0.1957343101501463,0.07373428381979463
One-D-Piece,n04254680,16,0.31549011334776883,4.521983203887939,0.14514908038079738,0.333268376365304,4.901323814392089,0.2096895867586136,0.017778263017535156,0.37934061050415036,0.06454050637781622
One-D-Piece,n04254680,32,0.20370225176215173,3.434624557495117,0.12691486202180385,0.22235903985798358,3.9241772270202637,0.17936519548296928,0.01865678809583185,0.48955266952514664,0.05245033346116543
One-D-Piece,n04254680,64,0.10170828983187676,2.119966526031494,0.08229491218924523,0.11525428958237173,2.4561301040649415,0.11283599749207497,0.013545999750494975,0.3361635780334473,0.030541085302829743
One-D-Piece,n04254680,96,0.052794969230890276,1.2794843292236329,0.04801152259111405,0.056949325427412996,1.485553112030029,0.06440885126590729,0.00415435619652272,0.20606878280639607,0.016397328674793238
One-D-Piece,n04254680,128,0.02645318701863289,0.7849682998657229,0.02632045134902001,0.029300275072455414,0.8644479751586914,0.034532429873943324,0.002847088053822524,0.07947967529296851,0.008211978524923315
One-D-Piece,n04254680,160,0.01268797188997268,0.5119761085510257,0.01428017631173134,0.013933608084917075,0.45300931930541977,0.017179045081138607,0.0012456361949443953,-0.058966789245605944,0.002898868769407266
One-D-Piece,n04254680,208,0.0028978243470191905,0.16692073822021516,0.004912587255239488,0.002795838564634333,0.13045160293579117,0.005035804212093348,-0.0001019857823848576,-0.036469135284424,0.0001232169568538598
One-D-Piece,n04254680,256,0.0,0.0,0.0,0.0,0.0,0.0,0.0,0.0,0.0
One-D-Piece,n04266014,8,0.37385032545775176,4.445353317260742,0.13269322291016578,0.4396895530819893,3.8441109085083007,0.17339784190058707,0.06583922762423755,-0.6012424087524413,0.0407046189904213
One-D-Piece,n04266014,16,0.2776130544766784,3.851253547668457,0.11756759494543076,0.3350371101498604,3.4346157264709474,0.1729413588345051,0.057424055673181984,-0.4166378211975097,0.055373763889074334
One-D-Piece,n04266014,32,0.17650779556483032,2.725781478881836,0.09832505479454995,0.24043859988451005,2.648091278076172,0.15294035673141482,0.06393080431967973,-0.07769020080566413,0.05461530193686487
One-D-Piece,n04266014,64,0.09104278575628996,1.529965362548828,0.0657967485487461,0.12514914810657504,1.655277214050293,0.10151472806930542,0.03410636235028508,0.12531185150146484,0.035717979520559315
One-D-Piece,n04266014,96,0.048983151502907274,0.9759119796752926,0.04116288185119628,0.06385641187429429,1.0615087318420409,0.05883534610271454,0.014873260371387018,0.08559675216674822,0.017672464251518263
One-D-Piece,n04266014,128,0.02611074436455965,0.5514594268798825,0.023052880465984336,0.03139595270156861,0.6274451065063477,0.03184326231479645,0.005285208337008955,0.07598567962646519,0.008790381848812114
One-D-Piece,n04266014,160,0.01402617670595646,0.2841362190246583,0.011926113963127125,0.015063251554965972,0.3440377998352049,0.01495746195316315,0.0010370748490095127,0.059901580810546584,0.0030313479900360256
One-D-Piece,n04266014,208,0.0036691526696085923,0.0543438720703125,0.0028526139259338317,0.005269383192062385,0.12327831268310546,0.0049944990873336806,0.0016002305224537927,0.06893444061279297,0.002141885161399849
One-D-Piece,n04266014,256,0.0,0.0,0.0,0.0,0.0,0.0,0.0,0.0,0.0
One-D-Piece,n04275548,8,0.36041056990623477,2.9000408172607424,0.06508172765374184,0.4123987312614918,2.8579220008850097,0.115112621486187,0.05198816135525702,-0.04211881637573267,0.05003089383244516
One-D-Piece,n04275548,16,0.2637847882509232,2.070240898132324,0.063491325750947,0.3198655964434147,2.3820673561096193,0.11099013537168505,0.056080808192491505,0.31182645797729514,0.04749880962073805
One-D-Piece,n04275548,32,0.1718118119239807,1.570473499298096,0.060637631490826606,0.21742503240704536,1.8038358116149906,0.10028623640537264,0.045613220483064654,0.23336231231689464,0.03964860491454603
One-D-Piece,n04275548,64,0.09147238552570343,0.9934864616394044,0.044023251757025726,0.11819401606917383,1.2024280929565432,0.07122205570340158,0.026721630543470404,0.20894163131713883,0.027198803946375853
One-D-Piece,n04275548,96,0.048568924367427824,0.582170753479004,0.024618379175662994,0.06208270862698557,0.7489108085632324,0.041706922352314005,0.013513784259557744,0.1667400550842284,0.01708854317665101
One-D-Piece,n04275548,128,0.026872286796569833,0.3563950347900395,0.012030294537544253,0.033674473762512216,0.4257154083251956,0.020676519870758057,0.006802186965942383,0.06932037353515613,0.008646225333213804
One-D-Piece,n04275548,160,0.01435238003730774,0.271681537628174,0.007659904211759569,0.014722620546817784,0.20371341705322293,0.010065026581287382,0.0003702405095100444,-0.06796812057495105,0.0024051223695278137
One-D-Piece,n04275548,208,0.004582045376300816,0.10115613937377933,0.0035802045464515698,0.0030785137414932294,0.007948417663574396,0.0013847683370113383,-0.0015035316348075865,-0.09320772171020494,-0.0021954362094402315
One-D-Piece,n04275548,256,0.0,0.0,0.0,0.0,0.0,0.0,0.0,0.0,0.0
One-D-Piece,n04310018,8,0.4008221367001534,3.2036353492736818,0.08171105340123176,0.4019955098628998,3.580340042114258,0.1231378184258938,0.001173373162746405,0.37670469284057617,0.04142676502466204
One-D-Piece,n04310018,16,0.28492915183305745,2.4888028144836425,0.08904161944985389,0.29864852190017704,2.754375152587891,0.11235137432813644,0.013719370067119596,0.2655723381042483,0.023309754878282546
One-D-Piece,n04310018,32,0.1939721128344536,2.0268847084045407,0.09349056571722031,0.20405037939548493,2.125916748046875,0.09755815371870995,0.010078266561031335,0.09903203964233409,0.004067588001489639
One-D-Piece,n04310018,64,0.10528155893087389,1.1923239707946778,0.0641545096039772,0.11133196145296097,1.3825278663635254,0.06893185660243036,0.006050402522087078,0.19020389556884765,0.004777346998453155
One-D-Piece,n04310018,96,0.05654419332742692,0.7696422386169435,0.0372256551682949,0.060312630236148836,0.8949939537048341,0.044499396383762366,0.003768436908721917,0.12535171508789067,0.0072737412154674636
One-D-Piece,n04310018,128,0.030749766826629648,0.47456840515136706,0.02020462781190871,0.03347654283046722,0.5130469512939452,0.02485397845506669,0.002726776003837573,0.03847854614257812,0.004649350643157982
One-D-Piece,n04310018,160,0.016401419043540956,0.2819103240966798,0.012092511951923363,0.015392332971096037,0.29165161132812495,0.012599979639053354,-0.0010090860724449192,0.009741287231445128,0.0005074676871299911
One-D-Piece,n04310018,208,0.003730863630771637,0.06694904327392556,0.0021293404698371743,0.004225795269012443,0.05592868804931655,0.002485729157924651,0.0004949316382408058,-0.011020355224609014,0.00035638868808747677
One-D-Piece,n04310018,256,0.0,0.0,0.0,0.0,0.0,0.0,0.0,0.0,0.0
One-D-Piece,n04325704,8,0.4189059938490391,3.7089637184143065,0.07557890228927136,0.4195149421691895,4.979565696716309,0.18152911484241485,0.0006089483201504042,1.2706019783020022,0.10595021255314349
One-D-Piece,n04325704,16,0.30620353236794473,3.1498966217041016,0.08026369333267212,0.3229687863588333,4.400292377471924,0.17647166505455972,0.016765253990888573,1.2503957557678227,0.0962079717218876
One-D-Piece,n04325704,32,0.19726057663559918,2.426692504882813,0.07393587954342365,0.21414442777633666,3.0876726722717285,0.14289192587137223,0.016883851140737482,0.6609801673889155,0.06895604632794858
One-D-Piece,n04325704,64,0.10063123270869255,1.3801933479309083,0.04720801331102849,0.11540293380618097,1.9231518936157226,0.08836155444383623,0.014771701097488418,0.5429585456848143,0.04115354113280774
One-D-Piece,n04325704,96,0.05239314541220666,0.8602998542785646,0.02680915094912052,0.06038129061460496,1.1453974533081055,0.05207124531269074,0.007988145202398302,0.2850975990295409,0.025262094363570225
One-D-Piece,n04325704,128,0.02731558173894883,0.46611108779907234,0.01357760608196259,0.030116290301084515,0.6805026817321774,0.027467984557151794,0.002800708562135684,0.21439159393310508,0.013890378475189204
One-D-Piece,n04325704,160,0.011920270919799808,0.24309543609619141,0.007034015581011771,0.01605758644640446,0.45934865951538056,0.014859145283699035,0.004137315526604653,0.21625322341918915,0.007825129702687264
One-D-Piece,n04325704,208,0.002782424539327618,0.045474662780761434,0.001621163561940191,0.003602480292320264,0.12168218612670888,0.0028683984279632567,0.0008200557529926458,0.07620752334594744,0.0012472348660230658
One-D-Piece,n04325704,256,0.0,0.0,0.0,0.0,0.0,0.0,0.0,0.0,0.0
One-D-Piece,n04347754,8,0.3592250061035156,3.681628799438476,0.07987474828958512,0.4285216809809208,4.920130882263184,0.12845735520124435,0.0692966748774052,1.2385020828247075,0.048582606911659235
One-D-Piece,n04347754,16,0.25952102094888685,2.8252402687072755,0.07957076996564866,0.3130220241844654,3.846848030090332,0.11745774216949942,0.05350100323557855,1.0216077613830565,0.03788697220385076
One-D-Piece,n04347754,32,0.1715095043182373,2.103173351287842,0.0744742937386036,0.2074030651152134,2.840456104278565,0.0980468238890171,0.03589356079697609,0.7372827529907231,0.023572530150413495
One-D-Piece,n04347754,64,0.08704091176390646,1.1808036422729493,0.04795773133635522,0.11073213174939156,1.758011932373047,0.06453870080411434,0.023691219985485096,0.5772082901000977,0.016580969467759117
One-D-Piece,n04347754,96,0.04782132238149642,0.7027450752258297,0.027388447523117067,0.0576740388572216,1.0668180274963384,0.039455671980977054,0.009852716475725186,0.3640729522705086,0.012067224457859987
One-D-Piece,n04347754,128,0.025681675225496293,0.3658136749267578,0.01287858128547669,0.027861820310354238,0.6283802604675298,0.02415000393986702,0.002180145084857945,0.262566585540772,0.011271422654390332
One-D-Piece,n04347754,160,0.012539960443973524,0.23855953216552706,0.008234042525291444,0.013810217529535294,0.39225826263427765,0.01336396500468254,0.0012702570855617698,0.1536987304687506,0.005129922479391095
One-D-Piece,n04347754,208,0.0023580233752727407,0.06765743255615227,0.0015715262293815623,0.004239861667156219,0.12491800308227567,0.004266829788684847,0.0018818382918834786,0.057260570526123405,0.0026953035593032847
One-D-Piece,n04347754,256,0.0,0.0,0.0,0.0,0.0,0.0,0.0,0.0,0.0
One-D-Piece,n04389033,8,0.41140098333358766,3.3319924163818357,0.09746224999427797,0.39512043222785,3.551972274780273,0.11695999518036844,-0.016280551105737673,0.21997985839843714,0.019497745186090473
One-D-Piece,n04389033,16,0.3021660953760147,2.8700252532958985,0.10214589297771455,0.2956985412538052,2.7278372383117677,0.10722147837281229,-0.006467554122209507,-0.1421880149841308,0.00507558539509774
One-D-Piece,n04389033,32,0.19523582637310027,2.2849784660339356,0.09944769591093065,0.19729849860072135,2.2140666961669924,0.09962031424045564,0.0020626722276210763,-0.07091176986694325,0.00017261832952499
One-D-Piece,n04389033,64,0.10687159538269043,1.4647210502624515,0.07046967446804048,0.10652672246098518,1.2412874794006346,0.07003882706165315,-0.00034487292170524986,-0.22343357086181692,-0.00043084740638732466
One-D-Piece,n04389033,96,0.059669865369796744,0.9248186874389649,0.0435878148674965,0.05774174705147743,0.8262646865844726,0.04136599808931351,-0.0019281183183193149,-0.09855400085449229,-0.0022218167781829917
One-D-Piece,n04389033,128,0.033670162558555594,0.6000263404846191,0.02440052181482316,0.030946960598230353,0.4914522552490233,0.023191220462322238,-0.002723201960325241,-0.10857408523559581,-0.0012093013525009202
One-D-Piece,n04389033,160,0.018664987385272974,0.35650087356567406,0.014485737681388866,0.014514246881008143,0.2991730880737301,0.01230401188135148,-0.004150740504264831,-0.05732778549194395,-0.002181725800037386
One-D-Piece,n04389033,208,0.004592319726943968,0.10554910659790054,0.003747003376483922,0.0036249002814292834,0.0529476356506343,0.001957403421401981,-0.0009674194455146844,-0.052601470947266235,-0.0017895999550819413
One-D-Piece,n04389033,256,0.0,0.0,0.0,0.0,0.0,0.0,0.0,0.0,0.0
One-D-Piece,n04409515,8,0.4193306586146355,5.595578937530518,0.15610746413469317,0.45307830803096294,6.010634889602661,0.2010811448097229,0.03374764941632746,0.4150559520721435,0.044973680675029715
One-D-Piece,n04409515,16,0.29216262966394424,4.779111385345459,0.13865675523877147,0.32567634008824825,4.962681293487549,0.1820222532749176,0.03351371042430401,0.18356990814208984,0.043365498036146144
One-D-Piece,n04409515,32,0.1847934728860855,3.7070773124694822,0.11699653431773188,0.2149242579191923,3.6806708908081056,0.15590288013219836,0.030130785033106816,-0.026406421661376633,0.038906345814466475
One-D-Piece,n04409515,64,0.0879856376349926,2.1852716636657714,0.06869350776076316,0.11619313396513464,2.388073558807373,0.10066267609596252,0.028207496330142037,0.20280189514160174,0.03196916833519936
One-D-Piece,n04409515,96,0.046788339093327524,1.305012550354004,0.03634977087378503,0.05966685600578785,1.5322610092163087,0.05550038009881973,0.012878516912460322,0.22724845886230471,0.019150609225034705
One-D-Piece,n04409515,128,0.023992977738380435,0.8041127777099609,0.019872825592756275,0.02954728655517101,0.8415026283264163,0.029791960120201105,0.0055543088167905735,0.03738985061645539,0.00991913452744483
One-D-Piece,n04409515,160,0.0119312221556902,0.48000181198120123,0.011510030776262295,0.013737011179327968,0.5205081748962402,0.01708725094795227,0.0018057890236377674,0.04050636291503901,0.0055772201716899755
One-D-Piece,n04409515,208,0.0026108555495738977,0.14964025497436534,0.0020771059393882847,0.003050819858908646,0.1466657829284671,0.003196519613265988,0.0004399643093347485,-0.0029744720458982354,0.0011194136738777033
One-D-Piece,n04409515,256,0.0,0.0,0.0,0.0,0.0,0.0,0.0,0.0,0.0
One-D-Piece,n04465501,8,0.42548362612724305,2.7424495124816897,0.0655158106982708,0.4318272922933102,3.9826897621154784,0.12385352969169619,0.00634366616606713,1.2402402496337888,0.058337718993425394
One-D-Piece,n04465501,16,0.2983535432815552,2.253971176147461,0.06775031700730325,0.32961327597498896,3.4109102630615236,0.1204313762485981,0.03125973269343374,1.1569390869140626,0.05268105924129485
One-D-Piece,n04465501,32,0.18761223971843718,1.7306545829772952,0.07731679156422616,0.21900447830557823,2.635052719116211,0.10526164017617702,0.03139223858714105,0.9043981361389157,0.02794484861195086
One-D-Piece,n04465501,64,0.10164197444915772,1.127119960784912,0.058822503983974456,0.1174598474800587,1.6957186698913573,0.07644224002957344,0.015817873030900972,0.5685987091064453,0.01761973604559898
One-D-Piece,n04465501,96,0.053905987441539766,0.6162001609802249,0.03307374924421311,0.06347488805651666,1.047334175109863,0.04468147918581963,0.009568900614976894,0.43113401412963814,0.011607729941606519
One-D-Piece,n04465501,128,0.027497240006923676,0.35220556259155267,0.018313708305358896,0.03326615169644356,0.6617342567443848,0.02587336689233781,0.005768911689519887,0.30952869415283213,0.007559658586978914
One-D-Piece,n04465501,160,0.012299186885356908,0.19720767974853523,0.010157723724842074,0.016203500628471364,0.4102218818664552,0.0132727113366127,0.0039043137431144567,0.21301420211791997,0.003114987611770627
One-D-Piece,n04465501,208,0.002648863494396206,0.039047317504883064,0.0017159193754196244,0.003889899849891669,0.09413312911987308,0.002348254919052118,0.001241036355495463,0.055085811614990016,0.0006323355436324936
One-D-Piece,n04465501,256,0.0,0.0,0.0,0.0,0.0,0.0,0.0,0.0,0.0
One-D-Piece,n04487394,8,0.44797853618860245,3.859621829986572,0.1580158203840256,0.42934172816574573,3.731777992248535,0.15861278384923938,-0.01863680802285672,-0.1278438377380371,0.0005969634652137901
One-D-Piece,n04487394,16,0.33654469043016433,3.1103925323486328,0.1357129953801632,0.3325071007758379,3.114114971160889,0.15266420349478724,-0.0040375896543264345,0.0037224388122560903,0.016951208114624028
One-D-Piece,n04487394,32,0.2155205300450325,2.3624353027343754,0.11635505989193919,0.23183635242283343,2.386056537628174,0.13467070400714876,0.016315822377800937,0.023621234893798526,0.01831564411520957
One-D-Piece,n04487394,64,0.11154995471239092,1.5509265708923339,0.08152502343058586,0.12294114477932454,1.591356678009033,0.08902155488729477,0.01139119006693362,0.04043010711669903,0.0074965314567089075
One-D-Piece,n04487394,96,0.06292668849229814,0.9223957061767581,0.050375534296035765,0.06446710295975208,1.0193800354003906,0.0533285516500473,0.0015404144674539405,0.09698432922363243,0.0029530173540115376
One-D-Piece,n04487394,128,0.032558770179748536,0.5508378791809087,0.028105939030647276,0.03253073744475841,0.5855529594421389,0.027731575071811676,-2.803273499012854e-05,0.03471508026123027,-0.0003743639588356003
One-D-Piece,n04487394,160,0.015952534079551706,0.35443775177001974,0.01658069998025894,0.015612772032618521,0.3386841011047364,0.013900815248489375,-0.00033976204693318517,-0.015753650665283336,-0.0026798847317695655
One-D-Piece,n04487394,208,0.004748932421207432,0.12219432830810571,0.005350749492645255,0.004304545149207114,0.09553085327148465,0.0030152559280395507,-0.0004443872720003182,-0.02666347503662106,-0.002335493564605704
One-D-Piece,n04487394,256,0.0,0.0,0.0,0.0,0.0,0.0,0.0,0.0,0.0
One-D-Piece,n04522168,8,0.4075030280649662,4.7628529930114745,0.11887819498777391,0.3928429840505123,3.774104232788086,0.10309191316366195,-0.014660044014453866,-0.9887487602233884,-0.01578628182411196
One-D-Piece,n04522168,16,0.2930408211052418,3.8407506370544433,0.10688026607036591,0.28932481572031976,3.012292194366455,0.09967439278960227,-0.003716005384922061,-0.8284584426879884,-0.007205873280763636
One-D-Piece,n04522168,32,0.18688790217041973,3.021051788330078,0.09705236136913299,0.18604857489466667,2.266243648529053,0.09342652067542076,-0.0008393272757530601,-0.7548081398010251,-0.0036258406937122317
One-D-Piece,n04522168,64,0.10116381064057352,1.7233253097534174,0.06478113651275635,0.10345322042703631,1.4477539443969727,0.05849928721785545,0.00228940978646279,-0.27557136535644466,-0.006281849294900901
One-D-Piece,n04522168,96,0.057480832487344743,1.2731694984436037,0.04139700412750244,0.05572964653372765,0.9219031524658204,0.03453057780861855,-0.0017511859536170904,-0.3512663459777833,-0.006866426318883893
One-D-Piece,n04522168,128,0.030993848294019702,0.8588026618957517,0.022958415150642394,0.02601372197270394,0.5497543144226078,0.017794604301452636,-0.004980126321315764,-0.3090483474731439,-0.005163810849189758
One-D-Piece,n04522168,160,0.014200848042964932,0.48029472351074204,0.011636293232440954,0.014846720397472382,0.36951784133911153,0.009976804554462428,0.0006458723545074499,-0.11077688217163051,-0.0016594886779785264
One-D-Piece,n04522168,208,0.0033138373494148244,0.09331907272338867,0.001401762366294862,0.0030753511190414516,0.10071846008300799,0.0026316401362419146,-0.00023848623037337272,0.007399387359619314,0.0012298777699470526
One-D-Piece,n04522168,256,0.0,0.0,0.0,0.0,0.0,0.0,0.0,0.0,0.0
One-D-Piece,n04536866,8,0.47603113561868665,4.589955615997314,0.1491530366241932,0.41101197838783265,3.9300121307373046,0.14121029376983643,-0.065019157230854,-0.6599434852600097,-0.007942742854356782
One-D-Piece,n04536866,16,0.37311864167451864,3.9791516304016112,0.141137570142746,0.31474213063716894,3.2156941795349123,0.13056243985891344,-0.0583765110373497,-0.7634574508666989,-0.010575130283832557
One-D-Piece,n04536866,32,0.23613079816102986,3.0627468490600585,0.12629868283867837,0.21811320900917053,2.3155389976501466,0.10954601883888246,-0.01801758915185933,-0.7472078514099119,-0.016752663999795914
One-D-Piece,n04536866,64,0.12517288833856585,1.8495004081726074,0.08374516785144806,0.11772440403699877,1.632277374267578,0.07266617208719255,-0.007448484301567082,-0.2172230339050294,-0.011078995764255514
One-D-Piece,n04536866,96,0.0684888455271721,1.1894066047668457,0.05164315924048424,0.06065545529127121,1.067263603210449,0.041827060878276826,-0.007833390235900892,-0.12214300155639668,-0.009816098362207412
One-D-Piece,n04536866,128,0.03595624819397927,0.811182155609131,0.03231398731470108,0.031566074043512346,0.7102063369750974,0.02406488358974457,-0.004390174150466927,-0.1009758186340336,-0.008249103724956509
One-D-Piece,n04536866,160,0.017101486623287202,0.4726113700866699,0.01633754074573517,0.015040253996849065,0.42063886642456066,0.013839682042598724,-0.002061232626438137,-0.05197250366210926,-0.0024978587031364453
One-D-Piece,n04536866,208,0.004165131002664576,0.10467086791992176,0.004066085219383244,0.004303560256958006,0.10587007522582983,0.0039441016316413904,0.00013842925429342987,0.0011992073059080705,-0.00012198358774185344
One-D-Piece,n04536866,256,0.0,0.0,0.0,0.0,0.0,0.0,0.0,0.0,0.0
One-D-Piece,n04552348,8,0.3281546764820814,5.108967571258545,0.11876890718936921,0.38617736011743553,4.516959838867187,0.14184803612530233,0.05802268363535412,-0.592007732391358,0.023079128935933127
One-D-Piece,n04552348,16,0.2428786911815405,4.4984803390502925,0.11194880068302154,0.2937683674693108,3.6003731536865233,0.13112677887082103,0.050889676287770275,-0.8981071853637692,0.019177978187799483
One-D-Piece,n04552348,32,0.16207134328782563,3.643883991241455,0.09735642701387405,0.202354151904583,2.816352615356445,0.10886682659387588,0.04028280861675737,-0.8275313758850098,0.011510399580001829
One-D-Piece,n04552348,64,0.08265008904039861,2.1935112380981447,0.060433380603790283,0.1106654351949692,1.5923760795593263,0.0699967622756958,0.02801534615457059,-0.6011351585388185,0.00956338167190552
One-D-Piece,n04552348,96,0.04133662238717079,1.4295779800415038,0.034970094561576834,0.05857937306165696,1.0185070800781248,0.04106132805347443,0.01724275067448617,-0.411070899963379,0.0060912334918975936
One-D-Piece,n04552348,128,0.020610507354140287,0.8747193717956546,0.019274365305900563,0.03136887401342393,0.6233580398559572,0.02349991083145142,0.01075836665928364,-0.25136133193969745,0.004225545525550857
One-D-Piece,n04552348,160,0.01131061367690563,0.5346442222595215,0.012243113517761217,0.01652523294091226,0.4102356719970705,0.013102966547012334,0.005214619264006629,-0.12440855026245096,0.0008598530292511161
One-D-Piece,n04552348,208,0.00245234392583371,0.1285298538208011,0.002353397011756888,0.004816780537366875,0.0834529876708984,0.003271505236625675,0.0023644366115331645,-0.045076866149902695,0.0009181082248687867
One-D-Piece,n04552348,256,0.0,0.0,0.0,0.0,0.0,0.0,0.0,0.0,0.0
One-D-Piece,n04591713,8,0.45799541771411895,4.652687816619873,0.17430324658751487,0.4287021172046661,4.4157831001281735,0.11458377234637739,-0.029293300509452835,-0.23690471649169975,-0.05971947424113748
One-D-Piece,n04591713,16,0.34433934450149534,3.9206964683532717,0.15524423733353618,0.3200054147839546,3.540937690734863,0.10978246413171291,-0.024333929717540725,-0.3797587776184086,-0.04546177320182326
One-D-Piece,n04591713,32,0.22072348982095719,2.900899486541748,0.13357757702469827,0.20649781465530395,2.7693675804138183,0.09972292430698872,-0.014225675165653234,-0.13153190612792987,-0.03385465271770956
One-D-Piece,n04591713,64,0.11336727499961854,1.7109583091735843,0.08373030215501785,0.113032366335392,1.6675249099731446,0.06787524834275246,-0.00033490866422654364,-0.04343339920043965,-0.015855053812265388
One-D-Piece,n04591713,96,0.05980663374066353,1.0721209526062012,0.049707439094781876,0.06063054010272026,1.0930987548828122,0.04229835093021394,0.0008239063620567311,0.020977802276610946,-0.007409088164567937
One-D-Piece,n04591713,128,0.029960545897483825,0.6685667991638182,0.027430228888988495,0.03297367438673973,0.7261220932006833,0.025896764099597937,0.003013128489255907,0.0575552940368651,-0.0015334647893905581
One-D-Piece,n04591713,160,0.013091412186622624,0.3496759796142576,0.014397911429405214,0.017248719632625576,0.4023100471496582,0.015294823050498965,0.004157307446002952,0.052634067535400564,0.0008969116210937513
One-D-Piece,n04591713,208,0.003713191002607347,0.11485200881957987,0.004172213077545167,0.005412320941686619,0.08541399002075174,0.0034001550078391995,0.0016991299390792724,-0.029438018798828125,-0.0007720580697059671
One-D-Piece,n04591713,256,0.0,0.0,0.0,0.0,0.0,0.0,0.0,0.0,0.0
One-D-Piece,n07614500,8,0.4283235129714012,5.048574905395508,0.1566676986217499,0.4292638623714447,4.075776538848877,0.15344648763537408,0.0009403494000435053,-0.9727983665466313,-0.0032212109863758165
One-D-Piece,n07614500,16,0.32138549119234083,4.235471916198731,0.14852639466524126,0.3300033921003342,3.2977365684509277,0.14547333836555482,0.008617900907993359,-0.937735347747803,-0.0030530562996864408
One-D-Piece,n07614500,32,0.20453572779893875,3.179502067565918,0.12784332841634752,0.22327897369861602,2.5844975471496583,0.12987723439931873,0.01874324589967727,-0.5950045204162597,0.002033905982971207
One-D-Piece,n07614500,64,0.10910879820585251,1.9874128150939947,0.08320821791887284,0.12446730196475983,1.6986711311340335,0.0888194653391838,0.015358503758907321,-0.28874168395996125,0.005611247420310966
One-D-Piece,n07614500,96,0.058832618892192844,1.1771361732482915,0.048008128106594085,0.06452557906508445,1.0912881851196292,0.052479378581047065,0.005692960172891608,-0.08584798812866223,0.00447125047445298
One-D-Piece,n07614500,128,0.031102127134799953,0.658851146697998,0.026379148662090304,0.031455481648445124,0.7464376640319824,0.029201108813285827,0.0003533545136451717,0.08758651733398437,0.002821960151195523
One-D-Piece,n07614500,160,0.01728006035089493,0.4639915466308594,0.015872108340263372,0.015303975492715824,0.41929317474365246,0.01645094454288483,-0.001976084858179107,-0.044698371887206934,0.000578836202621457
One-D-Piece,n07614500,208,0.003904704749584191,0.14307844161987324,0.0038199967145919815,0.0036349597573280324,0.11656993865966832,0.004675536453723907,-0.00026974499225615846,-0.02650850296020492,0.0008555397391319251
One-D-Piece,n07614500,256,0.0,0.0,0.0,0.0,0.0,0.0,0.0,0.0,0.0
One-D-Piece,n07693725,8,0.43376160472631453,4.57303623199463,0.11861675769090653,0.44358569279313087,3.9249664688110353,0.14704108074307443,0.009824088066816339,-0.6480697631835945,0.028424323052167896
One-D-Piece,n07693725,16,0.31542134612798695,3.898853645324708,0.11600981295108798,0.33129797473549844,3.3027349281311036,0.14338835403323175,0.01587662860751149,-0.5961187171936042,0.02737854108214377
One-D-Piece,n07693725,32,0.19527752667665482,2.964614162445068,0.10335635334253311,0.22242590203881263,2.5536906242370607,0.13080607280135156,0.027148375362157806,-0.4109235382080074,0.027449719458818453
One-D-Piece,n07693725,64,0.10228155851364137,1.761078624725342,0.06596920460462571,0.11396895214915276,1.5507984733581546,0.08427061900496485,0.011687393635511384,-0.21028015136718747,0.01830141440033914
One-D-Piece,n07693725,96,0.05550102144479752,1.1283439254760745,0.04282299041748048,0.05660326063632965,0.9330216217041015,0.053185207694768914,0.0011022391915321283,-0.19532230377197302,0.010362217277288435
One-D-Piece,n07693725,128,0.02970745116472245,0.6555722236633303,0.02421811252832413,0.02852613911032677,0.603562164306641,0.026482488662004474,-0.0011813120543956793,-0.05201005935668934,0.002264376133680343
One-D-Piece,n07693725,160,0.015417322814464571,0.40857254028320306,0.012801230549812317,0.013162777423858634,0.3284392356872558,0.01238316744565964,-0.0022545453906059366,-0.08013330459594725,-0.00041806310415267757
One-D-Piece,n07693725,208,0.0036153730750083973,0.10216224670410173,0.003509248793125153,0.003463627099990846,0.07286977767944325,0.002862259149551397,-0.0001517459750175515,-0.029292469024658485,-0.0006469896435737561
One-D-Piece,n07693725,256,0.0,0.0,0.0,0.0,0.0,0.0,0.0,0.0,0.0
One-D-Piece,n07695742,8,0.46265884369611743,4.149267539978028,0.12483518093824389,0.4259847114980221,4.23334264755249,0.16385861910879612,-0.036674132198095344,0.08407510757446257,0.03902343817055223
One-D-Piece,n07695742,16,0.3597845557332039,3.773304920196533,0.12574162885546686,0.31811687871813776,3.6641533088684084,0.1580664625018835,-0.04166767701506613,-0.10915161132812479,0.03232483364641664
One-D-Piece,n07695742,32,0.2243432632088661,2.8322647285461424,0.11578585535287857,0.20229509487748148,2.7338897132873536,0.13293977692723274,-0.02204816833138462,-0.09837501525878878,0.017153921574354178
One-D-Piece,n07695742,64,0.1123957747220993,1.7429181289672853,0.07708597898483277,0.09999246791005134,1.5754528999328614,0.07885706216096879,-0.01240330681204796,-0.16746522903442385,0.0017710831761360152
One-D-Piece,n07695742,96,0.05772258430719376,1.050275650024414,0.043398893177509314,0.04878103315830232,0.970258331298828,0.04586095094680786,-0.00894155114889144,-0.08001731872558593,0.002462057769298545
One-D-Piece,n07695742,128,0.02929920464754104,0.61725040435791,0.022070685923099524,0.027235436737537394,0.6486542129516601,0.02356367826461792,-0.0020637679100036464,0.03140380859375014,0.0014929923415183954
One-D-Piece,n07695742,160,0.014418368339538572,0.43269447326660165,0.014154434502124781,0.011958631873130798,0.33290092468261717,0.011338550150394444,-0.002459736466407774,-0.09979354858398448,-0.002815884351730337
One-D-Piece,n07695742,208,0.004079211056232449,0.1502497482299802,0.0035309383273124735,0.003190117925405506,0.13600097656250007,0.003726158440113071,-0.0008890931308269436,-0.01424877166748012,0.00019522011280059728
One-D-Piece,n07695742,256,0.0,0.0,0.0,0.0,0.0,0.0,0.0,0.0,0.0
One-D-Piece,n07697313,8,0.4392293640971184,4.606915931701661,0.13864130169153213,0.4439457610249519,4.304330558776855,0.13052844792604448,0.004716396927833544,-0.30258537292480536,-0.008112853765487649
One-D-Piece,n07697313,16,0.32968073278665544,3.781615161895752,0.13015103161334993,0.3315118369460106,3.4901212310791023,0.12213301941752436,0.001831104159355168,-0.29149393081664954,-0.008018012195825569
One-D-Piece,n07697313,32,0.21421559482812882,3.04579948425293,0.12080393433570863,0.2201597830653191,2.6046199417114257,0.10901763230562211,0.005944188237190284,-0.44117954254150415,-0.011786302030086515
One-D-Piece,n07697313,64,0.11558027148246765,2.051278247833252,0.08093005895614624,0.12319352924823762,1.7257929801940919,0.07312360107898713,0.0076132577657699735,-0.3254852676391602,-0.007806457877159112
One-D-Piece,n07697313,96,0.06401236593723297,1.3204591560363772,0.05109822064638138,0.06679543048143388,1.1076739120483399,0.04180799931287767,0.0027830645442009083,-0.21278524398803733,-0.009290221333503712
One-D-Piece,n07697313,128,0.03271767646074295,0.8098081588745122,0.029743362069129954,0.03793579757213593,0.7180526161193851,0.025992989540100098,0.005218121111392977,-0.0917555427551271,-0.0037503725290298565
One-D-Piece,n07697313,160,0.017805793583393098,0.48615604400634765,0.01759023606777191,0.018604716956615443,0.411537017822266,0.013965880572795882,0.0007989233732223454,-0.07461902618408167,-0.0036243554949760264
One-D-Piece,n07697313,208,0.0043618807196616986,0.11135311126708963,0.005423026084899902,0.0035567630827426865,0.12313625335693384,0.003312246203422554,-0.000805117636919012,0.011783142089844212,-0.0021107798814773483
One-D-Piece,n07697313,256,0.0,0.0,0.0,0.0,0.0,0.0,0.0,0.0,0.0
One-D-Piece,n07697537,8,0.45920165076851843,4.702601890563965,0.1399211421608925,0.4625330951064825,5.180659236907959,0.18767402619123458,0.0033314443379640624,0.4780573463439941,0.047752884030342085
One-D-Piece,n07697537,16,0.3587610538303852,4.1017630004882815,0.13803321361541748,0.3457395835965872,4.48075963973999,0.18122100979089736,-0.013021470233798016,0.37899663925170834,0.04318779617547988
One-D-Piece,n07697537,32,0.2279739858210087,3.080538406372071,0.11981820642948153,0.23229814879596233,3.4389352416992187,0.15570595383644104,0.004324162974953638,0.35839683532714783,0.035887747406959505
One-D-Piece,n07697537,64,0.1218481995165348,1.947956581115723,0.07852394074201585,0.12063998751342296,2.0575109100341797,0.0945059323310852,-0.0012082120031118443,0.10955432891845684,0.01598199158906935
One-D-Piece,n07697537,96,0.06538351431488992,1.2776336479187018,0.04775947332382202,0.062064921334385875,1.3107763290405274,0.054448847770690915,-0.003318592980504048,0.03314268112182561,0.006689374446868894
One-D-Piece,n07697537,128,0.034328518360853204,0.7436381149291996,0.025395621657371522,0.03338171131908894,0.8202430915832518,0.030149980783462524,-0.0009468070417642666,0.07660497665405219,0.004754359126091002
One-D-Piece,n07697537,160,0.015907913595438014,0.4280047416687016,0.01514694750308991,0.01464200921356678,0.45024789810180676,0.01601886689662933,-0.0012659043818712343,0.02224315643310515,0.0008719193935394203
One-D-Piece,n07697537,208,0.003604526966810231,0.1119627571105958,0.003951224088668821,0.003673451617360116,0.07679843902587895,0.0035270875692367575,6.892465054988495e-05,-0.03516431808471686,-0.00042413651943206364
One-D-Piece,n07697537,256,0.0,0.0,0.0,0.0,0.0,0.0,0.0,0.0,0.0
One-D-Piece,n07714571,8,0.3733244402706623,3.016830253601074,0.07704561799764634,0.38791394159197806,3.9341643714904784,0.1070178931951523,0.014589501321315756,0.9173341178894043,0.029972275197505963
One-D-Piece,n07714571,16,0.2849666412174702,2.5385116195678714,0.08245684787631034,0.2948066668212414,3.2854896354675294,0.10210824579000474,0.00984002560377123,0.746978015899658,0.0196513979136944
One-D-Piece,n07714571,32,0.1825317122042179,1.9969513511657715,0.08814081564545631,0.1939912985265255,2.4124424362182615,0.09434307247400285,0.011459586322307591,0.41549108505249,0.00620225682854654
One-D-Piece,n07714571,64,0.09665335670113563,1.1820122909545898,0.06388810932636262,0.10393491998314858,1.4981450462341306,0.06587753027677537,0.0072815632820129456,0.31613275527954077,0.001989420950412754
One-D-Piece,n07714571,96,0.05352877542376519,0.7844524383544922,0.038238734453916554,0.05504478439688683,0.9749245262145994,0.03857675194740296,0.001516008973121638,0.19047208786010716,0.00033801749348640747
One-D-Piece,n07714571,128,0.028002269268035892,0.5076502227783206,0.02127757951617242,0.028280971199274064,0.6218175315856932,0.022503561675548567,0.00027870193123817263,0.11416730880737258,0.0012259821593761482
One-D-Piece,n07714571,160,0.01518942818045617,0.32268466949462893,0.011520882695913316,0.014184569716453549,0.35239479064941404,0.010952891409397137,-0.0010048584640026219,0.029710121154785107,-0.0005679912865161792
One-D-Piece,n07714571,208,0.004127977788448336,0.11520187377929685,0.003696667999029154,0.0036151777207851367,0.09259658813476566,0.0033324268460273748,-0.0005128000676631992,-0.02260528564453118,-0.00036424115300177917
One-D-Piece,n07714571,256,0.0,0.0,0.0,0.0,0.0,0.0,0.0,0.0,0.0
One-D-Piece,n07714990,8,0.41754557013511656,3.7317312240600584,0.12794721856713295,0.44302835300564763,4.450687236785889,0.1664425789564848,0.025482782870531073,0.7189560127258305,0.038495360389351835
One-D-Piece,n07714990,16,0.2929826802015305,3.2023181915283203,0.1232992447167635,0.3246679313480854,3.621338367462158,0.15579771220684052,0.031685251146554905,0.4190201759338379,0.032498467490077024
One-D-Piece,n07714990,32,0.17677732169628144,2.523490333557129,0.11266476519405844,0.21634356126189233,2.9606454086303713,0.13662733621895312,0.039566239565610895,0.43715507507324247,0.023962571024894685
One-D-Piece,n07714990,64,0.09183517068624499,1.4794165802001955,0.07343132071197032,0.11261358082294466,1.9476052474975587,0.08237753123044968,0.020778410136699677,0.4681886672973632,0.008946210518479353
One-D-Piece,n07714990,96,0.05064134880900383,0.9384109497070314,0.04552365481853485,0.055630630552768706,1.1306340789794922,0.047326035499572754,0.004989281743764874,0.19222312927246077,0.0018023806810379059
One-D-Piece,n07714990,128,0.027668575942516326,0.5830977249145506,0.024692648202180863,0.0288784770667553,0.6223520278930663,0.024970672279596328,0.0012099011242389726,0.03925430297851573,0.00027802407741546464
One-D-Piece,n07714990,160,0.01472071871161462,0.2934889221191407,0.013424512594938274,0.0121981917321682,0.33719270706176774,0.010689834952354428,-0.0025225269794464204,0.043703784942627055,-0.002734677642583845
One-D-Piece,n07714990,208,0.0023226773738861143,0.01999710083007809,0.0013299913704395278,0.003554668426513673,0.10479930877685555,0.0038537129759788472,0.0012319910526275585,0.08480220794677745,0.0025237216055393197
One-D-Piece,n07714990,256,0.0,0.0,0.0,0.0,0.0,0.0,0.0,0.0,0.0
One-D-Piece,n07718472,8,0.4584235166013241,4.961198654174805,0.13710885673761367,0.4266894187033177,5.184817714691162,0.15296947836875915,-0.03173409789800635,0.2236190605163566,0.01586062163114549
One-D-Piece,n07718472,16,0.3390434990823269,4.11572868347168,0.1275983417034149,0.3205717308819294,4.244495468139648,0.14724137514829636,-0.018471768200397476,0.12876678466796765,0.01964303344488144
One-D-Piece,n07718472,32,0.20720138683915137,2.7853570365905767,0.10560633659362795,0.2100388909876347,3.1122423934936516,0.12055596560239792,0.0028375041484833274,0.32688535690307496,0.014949629008769977
One-D-Piece,n07718472,64,0.10748669549822809,1.7222685813903809,0.07125141471624374,0.1074295026063919,1.8220039176940919,0.07205333024263381,-5.719289183618581e-05,0.09973533630371101,0.0008019155263900707
One-D-Piece,n07718472,96,0.05904058769345284,1.1243182182312013,0.042802300155162815,0.061119286268949524,1.2140434837341303,0.044975682497024536,0.002078698575496682,0.08972526550292903,0.002173382341861721
One-D-Piece,n07718472,128,0.030219179540872575,0.5840678024291992,0.02105092704296112,0.029555280059576042,0.7086470413208006,0.026895286738872527,-0.0006638994812965329,0.12457923889160138,0.005844359695911405
One-D-Piece,n07718472,160,0.015276848822832112,0.37919942855834987,0.011858460903167722,0.013399549126625068,0.3869341087341304,0.015360289812088012,-0.001877299696207044,0.0077346801757805506,0.00350182890892029
One-D-Piece,n07718472,208,0.004292738288640975,0.121005439758301,0.003175641298294067,0.0030323833972215747,0.1311035346984859,0.00543486803770065,-0.0012603548914194,0.010098094940184904,0.002259226739406583
One-D-Piece,n07718472,256,0.0,0.0,0.0,0.0,0.0,0.0,0.0,0.0,0.0
One-D-Piece,n07720875,8,0.4140705494582653,4.572065086364746,0.14490060701966287,0.41411838695406916,5.087442684173584,0.14767079800367355,4.783749580383745e-05,0.515377597808838,0.002770190984010684
One-D-Piece,n07720875,16,0.3051307009160519,3.908184108734131,0.13147347077727317,0.30499943837523463,4.327581863403321,0.1375618527829647,-0.0001312625408172452,0.4193977546691898,0.006088382005691534
One-D-Piece,n07720875,32,0.18779908403754234,2.9338777542114256,0.11540632769465448,0.2016132368147373,3.2061139297485353,0.11085896983742714,0.013814152777194971,0.27223617553710966,-0.004547357857227333
One-D-Piece,n07720875,64,0.09644326284527778,1.7242186164855957,0.07142808571457863,0.1027500282227993,1.7953461837768554,0.06848447814583779,0.00630676537752152,0.07112756729125969,-0.002943607568740847
One-D-Piece,n07720875,96,0.05371228769421577,1.1195498847961425,0.041036857962608336,0.050294439643621444,1.0950298881530762,0.03983456075191498,-0.0034178480505943284,-0.024519996643066255,-0.0012022972106933566
One-D-Piece,n07720875,128,0.029542910754680633,0.7070595932006833,0.02514783501625061,0.026411625891923907,0.7108905982971191,0.02290377140045166,-0.0031312848627567252,0.0038310050964357467,-0.0022440636157989476
One-D-Piece,n07720875,160,0.015652507245540622,0.38246919631957993,0.013316372632980342,0.01261878967285157,0.36204561233520516,0.010503987967967983,-0.0030337175726890524,-0.02042358398437477,-0.002812384665012359
One-D-Piece,n07720875,208,0.0038089121878147037,0.130440902709961,0.004282802641391753,0.003596858531236652,0.12832460403442403,0.002268122136592861,-0.00021205365657805172,-0.002116298675536976,-0.0020146805047988915
One-D-Piece,n07720875,256,0.0,0.0,0.0,0.0,0.0,0.0,0.0,0.0,0.0
One-D-Piece,n07734744,8,0.4133278116583824,2.9774752044677735,0.08523331224918365,0.43734691843390466,4.058560218811035,0.1445896837115288,0.02401910677552227,1.0810850143432615,0.05935637146234515
One-D-Piece,n07734744,16,0.2931420287489891,2.5006221389770507,0.09224857449531555,0.33154192075133326,3.651452751159668,0.1401629428565502,0.03839989200234417,1.1508306121826175,0.04791436836123465
One-D-Piece,n07734744,32,0.17503032058477402,2.0200713348388675,0.0944229868799448,0.22269587263464927,2.8275732421875,0.12629122242331506,0.04766555204987524,0.8075019073486325,0.03186823554337026
One-D-Piece,n07734744,64,0.09077621757984161,1.2262798500061036,0.06517339050769806,0.11205262586474421,1.7438558959960941,0.08340603306889534,0.021276408284902598,0.5175760459899905,0.018232642561197276
One-D-Piece,n07734744,96,0.05259620666503907,0.8514547729492188,0.04049524992704392,0.0562008373439312,1.038503532409668,0.049745472073554994,0.0036046306788921276,0.1870487594604493,0.009250222146511076
One-D-Piece,n07734744,128,0.027794093489646916,0.5572513961791994,0.02373908132314682,0.02887284338474274,0.6554262542724609,0.026274063587188715,0.0010787498950958242,0.09817485809326154,0.002534982264041894
One-D-Piece,n07734744,160,0.013640872240066526,0.35625484466552737,0.013316025584936142,0.014502719789743424,0.4374696731567383,0.017198053896427156,0.0008618475496768984,0.08121482849121092,0.0038820283114910144
One-D-Piece,n07734744,208,0.002422511279582974,0.05824781417846697,0.0023302337527275046,0.003603334575891499,0.10934097290039055,0.004251891970634462,0.0011808232963085251,0.051093158721923576,0.0019216582179069578
One-D-Piece,n07734744,256,0.0,0.0,0.0,0.0,0.0,0.0,0.0,0.0,0.0
One-D-Piece,n07742313,8,0.39619833320379255,6.525521392822266,0.14564726397395134,0.44717566937208175,5.704308662414551,0.13566909611225128,0.0509773361682892,-0.8212127304077148,-0.009978167861700055
One-D-Piece,n07742313,16,0.27453510344028476,5.525582427978516,0.13015052407979966,0.3227393904328346,4.748926239013672,0.12715761139988901,0.04820428699254986,-0.7766561889648438,-0.002992912679910642
One-D-Piece,n07742313,32,0.17149672746658326,4.1155525588989255,0.1048154129087925,0.20618713676929473,3.5714973258972162,0.10946400672197341,0.03469040930271147,-0.5440552330017092,0.004648593813180918
One-D-Piece,n07742313,64,0.08641302376985552,2.438755207061767,0.05840930461883545,0.10701456308364868,2.2640828132629394,0.07050611823797227,0.02060153931379316,-0.17467239379882749,0.012096813619136823
One-D-Piece,n07742313,96,0.04699385449290275,1.7288029670715332,0.034631541073322294,0.0577181725203991,1.5220732116699216,0.04308283597230912,0.010724318027496349,-0.20672975540161165,0.008451294898986828
One-D-Piece,n07742313,128,0.023364423066377645,0.8815701103210448,0.017009179890155785,0.02879475206136703,0.8301656150817869,0.021911126375198365,0.005430328994989384,-0.05140449523925794,0.00490194648504258
One-D-Piece,n07742313,160,0.011785236895084386,0.5047257041931147,0.008894575238227844,0.014340333491563795,0.5181152153015135,0.010441257953643803,0.002555096596479409,0.01338951110839881,0.0015466827154159597
One-D-Piece,n07742313,208,0.0033969338238239288,0.1511463356018059,0.0025744822621345457,0.004009966179728503,0.14976387023925788,0.0032484382390975965,0.0006130323559045744,-0.0013824653625480188,0.0006739559769630508
One-D-Piece,n07742313,256,0.0,0.0,0.0,0.0,0.0,0.0,0.0,0.0,0.0
One-D-Piece,n07745940,8,0.41297886058688166,3.969206771850586,0.11636145651340486,0.44378683730959895,4.830786409378052,0.13274191021919252,0.03080797672271729,0.8615796375274662,0.016380453705787654
One-D-Piece,n07745940,16,0.3160794334113598,3.5281682777404786,0.1132667261362076,0.33948730513453484,3.924155330657959,0.12622180968523025,0.023407871723175044,0.3959870529174805,0.012955083549022653
One-D-Piece,n07745940,32,0.19663287028670312,2.642222595214844,0.10317030712962152,0.23580253645777702,3.15732873916626,0.12064654260873794,0.0391696661710739,0.515106143951416,0.01747623547911642
One-D-Piece,n07745940,64,0.10416841819882393,1.5546765327453613,0.06960259556770326,0.12679798617959023,1.7946316146850585,0.08220847636461258,0.022629567980766305,0.23995508193969717,0.012605880796909316
One-D-Piece,n07745940,96,0.056139196753501895,1.0093759536743163,0.04024532645940782,0.06479885965585709,1.1360203742980957,0.04736818432807923,0.008659662902355196,0.12664442062377934,0.007122857868671409
One-D-Piece,n07745940,128,0.02917645052075387,0.57705530166626,0.020979353189468388,0.033365656137466435,0.6483476638793947,0.02461325138807297,0.004189205616712564,0.07129236221313473,0.0036338981986045807
One-D-Piece,n07745940,160,0.014801991730928435,0.3106913185119629,0.011327275633811956,0.015277120023965831,0.30978700637817386,0.009283239841461182,0.00047512829303739644,-0.0009043121337890536,-0.002044035792350773
One-D-Piece,n07745940,208,0.003693086653947826,0.08959859848022475,0.0017809563875198352,0.0034438173472881328,0.09767127990722667,0.0021295431256294246,-0.0002492693066596932,0.008072681427001918,0.0003485867381095894
One-D-Piece,n07745940,256,0.0,0.0,0.0,0.0,0.0,0.0,0.0,0.0,0.0
One-D-Piece,n07749582,8,0.4177751947939396,5.828902225494385,0.1794619917869568,0.4298083755373955,4.632587032318115,0.13884985610842704,0.012033180743455885,-1.1963151931762699,-0.040612135678529754
One-D-Piece,n07749582,16,0.29732717350125315,4.914152507781982,0.1637557715177536,0.32086923271417617,4.028437461853027,0.13518489226698877,0.023542059212923017,-0.8857150459289551,-0.028570879250764847
One-D-Piece,n07749582,32,0.1803456138074398,3.825159969329834,0.13304512619972228,0.21573815256357193,3.014008502960205,0.11836924150586128,0.03539253875613213,-0.8111514663696289,-0.014675884693860997
One-D-Piece,n07749582,64,0.09006242647767068,2.2666754531860347,0.07901101291179657,0.11211898565292358,1.8949164581298827,0.0729464727640152,0.0220565591752529,-0.37175899505615195,-0.006064540147781378
One-D-Piece,n07749582,96,0.04805214136838914,1.4397422981262205,0.04803218811750412,0.0572969251871109,1.1103176689147949,0.044228760600090025,0.009244783818721763,-0.32942462921142557,-0.003803427517414096
One-D-Piece,n07749582,128,0.026380761712789535,0.9196452903747558,0.02824513673782349,0.03066751390695572,0.6656408691406251,0.02431922346353531,0.0042867521941661844,-0.2540044212341307,-0.003925913274288182
One-D-Piece,n07749582,160,0.01352023109793663,0.5636568450927737,0.01712649255990982,0.013752423077821733,0.35851652145385776,0.012992845177650458,0.00023219197988510326,-0.20514032363891593,-0.004133647382259362
One-D-Piece,n07749582,208,0.003245762586593619,0.1343914985656739,0.00476065903902054,0.0030736318230628976,0.1174261283874516,0.0032983458042144765,-0.00017213076353072123,-0.01696537017822229,-0.0014623132348060633
One-D-Piece,n07749582,256,0.0,0.0,0.0,0.0,0.0,0.0,0.0,0.0,0.0
One-D-Piece,n07753275,8,0.4195010088384151,3.274995574951171,0.12139558501541614,0.4415669405460358,4.0090164375305175,0.1274085220694542,0.022065931707620667,0.7340208625793463,0.006012937054038048
One-D-Piece,n07753275,16,0.29855159744620324,2.6205027389526365,0.10986717589199543,0.32745305716991424,3.265409297943115,0.12907226845622063,0.028901459723710998,0.6449065589904786,0.0192050925642252
One-D-Piece,n07753275,32,0.1877002777159214,2.035191059112549,0.09719894148409368,0.2170485109090805,2.5066073989868163,0.11779694601893426,0.0293482331931591,0.47141633987426745,0.020598004534840578
One-D-Piece,n07753275,64,0.09765677973628044,1.2936687278747554,0.0699935930222273,0.11134839951992034,1.5159191703796386,0.07551338121294976,0.013691619783639905,0.22225044250488324,0.005519788190722463
One-D-Piece,n07753275,96,0.05399822220206261,0.8487778854370114,0.040733666718006135,0.05915576249361038,0.9639021110534667,0.045188247859478,0.005157540291547774,0.1151242256164553,0.004454581141471861
One-D-Piece,n07753275,128,0.02877743616700173,0.5198394393920899,0.023574678003787996,0.03021280005574227,0.5886994552612304,0.024173512756824493,0.0014353638887405415,0.06886001586914048,0.0005988347530364972
One-D-Piece,n07753275,160,0.014143320620059968,0.2847464752197263,0.009970749318599698,0.01669607773423194,0.37150838851928697,0.012308250814676283,0.0025527571141719715,0.08676191329956068,0.002337501496076585
One-D-Piece,n07753275,208,0.002333302050828929,0.09548221588134716,0.0014788986742496455,0.0038644647598266597,0.11910427093505874,0.002661047577857969,0.0015311627089977307,0.02362205505371158,0.0011821489036083236
One-D-Piece,n07753275,256,0.0,0.0,0.0,0.0,0.0,0.0,0.0,0.0,0.0
One-D-Piece,n07753592,8,0.4348496995866299,4.915710773468017,0.1552385002374649,0.4339743274450303,5.556342754364014,0.14611484333872796,-0.0008753721415996063,0.6406319808959964,-0.009123656898736954
One-D-Piece,n07753592,16,0.32411534532904623,4.344871387481689,0.1485896957665682,0.3196369814872742,4.716034965515137,0.13804361253976824,-0.004478363841772026,0.3711635780334479,-0.010546083226799952
One-D-Piece,n07753592,32,0.19823532089591026,3.2191851043701165,0.11919066183269025,0.2090323358774185,3.4874689674377435,0.11743555128574373,0.010797014981508257,0.26828386306762697,-0.00175511054694652
One-D-Piece,n07753592,64,0.1025588357448578,2.0041581535339352,0.07495019346475602,0.10557967670261861,2.109221611022949,0.07392156183719636,0.003020840957760812,0.10506345748901369,-0.001028631627559659
One-D-Piece,n07753592,96,0.05464834913611413,1.2925698471069336,0.044181456565856946,0.05539295349270106,1.4282362747192383,0.04284326881170274,0.0007446043565869295,0.13566642761230474,-0.001338187754154209
One-D-Piece,n07753592,128,0.030640963762998585,0.8237992477416989,0.02556982874870301,0.02872295308858157,0.8281707000732417,0.022208684086799622,-0.001918010674417013,0.004371452331542791,-0.003361144661903386
One-D-Piece,n07753592,160,0.015598980039358137,0.5024837875366205,0.013869736641645435,0.013605588860809805,0.472302131652832,0.011044283509254462,-0.0019933911785483312,-0.03018165588378846,-0.0028254531323909735
One-D-Piece,n07753592,208,0.003437786996364596,0.11190324783325152,0.003056818395853048,0.004096108824014671,0.08298370361328068,0.001165392100811004,0.0006583218276500751,-0.02891954421997084,-0.001891426295042044
One-D-Piece,n07753592,256,0.0,0.0,0.0,0.0,0.0,0.0,0.0,0.0,0.0
One-D-Piece,n07768694,8,0.38496105894446375,4.258929595947266,0.16103179663419728,0.4228686207532883,3.849026222229004,0.14333876222372058,0.03790756180882454,-0.409903373718262,-0.017693034410476705
One-D-Piece,n07768694,16,0.2834747011959553,3.6224477767944334,0.15184374630451203,0.315270511507988,3.25085636138916,0.14112285867333413,0.03179581031203271,-0.3715914154052733,-0.0107208876311779
One-D-Piece,n07768694,32,0.17387216106057168,2.8311824417114257,0.12577567085623742,0.2081084954738617,2.466414813995361,0.127859166264534,0.03423633441329002,-0.3647676277160645,0.0020834954082965818
One-D-Piece,n07768694,64,0.0941556815803051,1.8263045310974122,0.0853197342157364,0.11309378802776339,1.5916682434082037,0.07924191743135453,0.01893810644745829,-0.23463628768920852,-0.006077816784381865
One-D-Piece,n07768694,96,0.05060170426964761,1.0663632583618166,0.04960573047399521,0.06147579550743103,0.9821194648742677,0.045422668159008035,0.01087409123778342,-0.08424379348754885,-0.0041830623149871765
One-D-Piece,n07768694,128,0.026709699779748925,0.6867560386657715,0.028143244087696084,0.03247148096561432,0.5863352775573736,0.025359043776988985,0.0057617811858653965,-0.10042076110839793,-0.0027842003107070995
One-D-Piece,n07768694,160,0.013907066136598591,0.3562162971496581,0.014716720581054691,0.01754657790064811,0.34829135894775404,0.01428438425064087,0.003639511764049518,-0.007924938201904042,-0.0004323363304138215
One-D-Piece,n07768694,208,0.003354590386152272,0.13761405944824262,0.004366393089294438,0.003954469412565224,0.07946819305419933,0.0035972735285759038,0.0005998790264129519,-0.05814586639404329,-0.0007691195607185341
One-D-Piece,n07768694,256,0.0,0.0,0.0,0.0,0.0,0.0,0.0,0.0,0.0
One-D-Piece,n07873807,8,0.4074548688530922,2.870389347076416,0.09963245302438738,0.4427050006389618,4.311803894042969,0.1743384790420532,0.03525013178586961,1.441414546966553,0.07470602601766584
One-D-Piece,n07873807,16,0.2956505659222603,2.5381433868408205,0.10991560414433481,0.33973092257976534,3.550997734069824,0.16629520423710345,0.04408035665750504,1.0128543472290037,0.05637960009276864
One-D-Piece,n07873807,32,0.18658144980669022,2.0668617439270016,0.10431981340050697,0.23864616870880126,2.9894255065917967,0.14512891829013827,0.052064718902111035,0.9225637626647951,0.0408091048896313
One-D-Piece,n07873807,64,0.10550434201955795,1.3647517776489255,0.07093088850378991,0.1302819713950157,1.7817993545532227,0.09305929362773897,0.024777629375457758,0.41704757690429717,0.022128405123949063
One-D-Piece,n07873807,96,0.058634049892425544,0.9176944541931151,0.04344731390476228,0.07064228877425195,1.0841188430786133,0.05383425787091256,0.012008238881826408,0.16642438888549815,0.01038694396615028
One-D-Piece,n07873807,128,0.031085670590400703,0.5618101310729977,0.02305300682783127,0.03700352519750595,0.6334152030944824,0.029814469218254095,0.005917854607105248,0.0716050720214847,0.006761462390422825
One-D-Piece,n07873807,160,0.015267293751239783,0.3112775230407712,0.012249290943145759,0.01707309782505036,0.37820524215698226,0.016248129010200504,0.0018058040738105768,0.06692771911621104,0.003998838067054745
One-D-Piece,n07873807,208,0.0035732716321945183,0.12159645080566399,0.003216325640678401,0.004109672904014587,0.07811166763305653,0.003150222897529602,0.0005364012718200688,-0.043484783172607455,-6.610274314879875e-05
One-D-Piece,n07873807,256,0.0,0.0,0.0,0.0,0.0,0.0,0.0,0.0,0.0
One-D-Piece,n07880968,8,0.4435653772950172,4.897921371459961,0.13932701349258425,0.43218455627560615,4.03744234085083,0.17368867084383965,-0.01138082101941107,-0.860479030609131,0.034361657351255404
One-D-Piece,n07880968,16,0.33086220771074293,4.224326248168945,0.13433793216943743,0.3277773161232471,3.5348123359680175,0.16748373150825502,-0.0030848915874958083,-0.689513912200928,0.03314579933881759
One-D-Piece,n07880968,32,0.2134007129073143,3.2581350708007815,0.12253770828247071,0.216055438965559,2.6637223815917968,0.1424825271964073,0.0026547260582447108,-0.5944126892089847,0.019944818913936596
One-D-Piece,n07880968,64,0.11191797286272048,2.1088932037353514,0.08140731602907182,0.11212674304842948,1.6927567291259766,0.0858533537387848,0.00020877018570900074,-0.41613647460937475,0.004446037709712983
One-D-Piece,n07880968,96,0.059707376658916476,1.281405086517334,0.04888240575790406,0.05618610069155694,1.0822239875793453,0.05192605316638947,-0.003521275967359537,-0.19918109893798874,0.0030436474084854087
One-D-Piece,n07880968,128,0.03226268827915192,0.8054947662353517,0.02490729540586472,0.028887386023998252,0.6083791542053222,0.028257928490638743,-0.003375302255153669,-0.19711561203002947,0.0033506330847740233
One-D-Piece,n07880968,160,0.014730991423130033,0.4744550514221193,0.012517553269863133,0.013547303080558784,0.32277318954467743,0.01542738914489747,-0.0011836883425712496,-0.15168186187744187,0.002909835875034338
One-D-Piece,n07880968,208,0.004132485389709477,0.13859977722167993,0.00394614964723587,0.0021689081192016583,0.09381492614746065,0.0035352993011474655,-0.001963577270507819,-0.044784851074219284,-0.0004108503460884048
One-D-Piece,n07880968,256,0.0,0.0,0.0,0.0,0.0,0.0,0.0,0.0,0.0
One-D-Piece,n07920052,8,0.45079606041312226,5.903666381835937,0.19357655912637714,0.4315985687077045,4.797901592254639,0.1875667904317379,-0.019197491705417735,-1.1057647895812988,-0.006009768694639234
One-D-Piece,n07920052,16,0.325731333643198,4.957855205535889,0.17533215671777724,0.3133106242120266,3.9617933654785156,0.1716514855623245,-0.012420709431171406,-0.9960618400573735,-0.0036806711554527305
One-D-Piece,n07920052,32,0.2047322626411915,3.6161008071899414,0.14078067034482958,0.2133980466425419,3.174004898071289,0.14756189092993738,0.008665784001350402,-0.4420959091186525,0.0067812205851078
One-D-Piece,n07920052,64,0.0996278874576092,2.3259738349914554,0.0904389476776123,0.10942121341824533,1.9678471946716312,0.08889206379652023,0.009793325960636132,-0.3581266403198242,-0.0015468838810920732
One-D-Piece,n07920052,96,0.05093746304512025,1.416664581298828,0.053507257103919986,0.05144305258989335,1.2070316314697265,0.05312307238578797,0.0005055895447731024,-0.20963294982910163,-0.0003841847181320149
One-D-Piece,n07920052,128,0.027158754169940957,0.8921201324462892,0.030172256231307985,0.026609972268342975,0.7153974151611329,0.026614687442779547,-0.000548781901597982,-0.17672271728515632,-0.0035575687885284375
One-D-Piece,n07920052,160,0.014967560619115831,0.610461311340332,0.01676270604133606,0.01366949766874313,0.3709339904785156,0.013001216053962712,-0.0012980629503727015,-0.23952732086181638,-0.003761489987373346
One-D-Piece,n07920052,208,0.003466404527425766,0.1880829811096191,0.005593327879905698,0.003024930879473691,0.07912221908569336,0.00335144549608231,-0.0004414736479520752,-0.10896076202392574,-0.002241882383823388
One-D-Piece,n07920052,256,0.0,0.0,0.0,0.0,0.0,0.0,0.0,0.0,0.0
One-D-Piece,n09472597,8,0.2954686963558197,5.7176187705993655,0.10185288488864899,0.4213786360621452,4.176828880310058,0.11977031260728838,0.12590993970632552,-1.5407898902893074,0.017917427718639384
One-D-Piece,n09472597,16,0.2087492525577545,4.44137357711792,0.09665293216705323,0.329617106616497,3.322721061706543,0.11606132492423059,0.12086785405874251,-1.1186525154113771,0.01940839275717736
One-D-Piece,n09472597,32,0.13728983581066131,3.348395366668701,0.07765764176845552,0.22901302546262742,2.5521583747863774,0.106788297444582,0.0917231896519661,-0.7962369918823238,0.02913065567612648
One-D-Piece,n09472597,64,0.06612673982977868,1.8256935310363764,0.04261769354343414,0.11861004382371902,1.5920435714721686,0.0663632382452488,0.05248330399394034,-0.23364995956420787,0.023745544701814655
One-D-Piece,n09472597,96,0.03625846445560456,1.1893018341064452,0.02555466294288636,0.0634996658563614,0.9524705696105957,0.039357180297374735,0.027241201400756837,-0.23683126449584946,0.013802517354488373
One-D-Piece,n09472597,128,0.020156136006116866,0.791042499542236,0.013987277746200564,0.03327316612005235,0.6167484474182134,0.023507871925830842,0.013117030113935484,-0.1742940521240226,0.009520594179630278
One-D-Piece,n09472597,160,0.011856876611709595,0.49623565673828096,0.009093709588050846,0.016397947818040857,0.3496208190917971,0.012381455302238468,0.004541071206331262,-0.14661483764648386,0.003287745714187622
One-D-Piece,n09472597,208,0.003601351529359815,0.163596897125244,0.0021569126844406127,0.004773262590169909,0.13167612075805696,0.003878820836544041,0.0011719110608100938,-0.03192077636718704,0.0017219081521034282
One-D-Piece,n09472597,256,0.0,0.0,0.0,0.0,0.0,0.0,0.0,0.0,0.0
One-D-Piece,n09835506,8,0.43454068049788475,3.590480155944824,0.09599009171128273,0.41788326621055605,4.228201274871826,0.14242003709077836,-0.016657414287328698,0.637721118927002,0.04642994537949563
One-D-Piece,n09835506,16,0.3068160875141621,2.9635667419433593,0.09531900703907013,0.3205511522293091,3.5373373794555665,0.1421321725845337,0.01373506471514696,0.5737706375122071,0.04681316554546357
One-D-Piece,n09835506,32,0.18615997567772866,2.1941282081604006,0.09543267086148263,0.2182884520292282,2.7272525596618653,0.13017185956239702,0.03212847635149954,0.5331243515014648,0.034739188700914386
One-D-Piece,n09835506,64,0.10121768936514855,1.3308559036254883,0.06547759264707566,0.11869004726409912,1.6116028594970704,0.08783181101083755,0.017472357898950575,0.28074695587158205,0.02235421836376189
One-D-Piece,n09835506,96,0.05113392487168312,0.7712458419799805,0.0402218273282051,0.06367990106344223,1.055364437103271,0.05740611910820008,0.012545976191759116,0.28411859512329063,0.017184291779994983
One-D-Piece,n09835506,128,0.02723833352327347,0.4725704765319827,0.024255606830120086,0.0332374769449234,0.6760218620300295,0.03345325917005539,0.005999143421649929,0.20345138549804676,0.009197652339935306
One-D-Piece,n09835506,160,0.012697366923093789,0.26664777755737307,0.011098969578742983,0.015166008323431015,0.3610402297973633,0.01763331562280655,0.0024686414003372258,0.09439245223999021,0.006534346044063567
One-D-Piece,n09835506,208,0.004194800406694408,0.04154537200927752,0.0024879407882690426,0.004139296114444719,0.1271515846252439,0.005285856425762172,-5.550429224968848e-05,0.08560621261596638,0.0027979156374931297
One-D-Piece,n09835506,256,0.0,0.0,0.0,0.0,0.0,0.0,0.0,0.0,0.0
One-D-Piece,n10565667,8,0.3191469399631024,4.796319065093994,0.10622880071401598,0.4078787985444069,4.57285249710083,0.1459973156452179,0.0887318585813045,-0.22346656799316378,0.03976851493120191
One-D-Piece,n10565667,16,0.24390600040555,4.159360790252686,0.09826692372560503,0.313912722170353,3.848889751434326,0.1387370878458023,0.07000672176480299,-0.3104710388183598,0.04047016412019727
One-D-Piece,n10565667,32,0.17212812677025796,3.504074897766113,0.09396669596433642,0.21655821472406392,2.931975212097168,0.12249350219964981,0.04443008795380596,-0.5720996856689453,0.028526806235313396
One-D-Piece,n10565667,64,0.09818977370858194,2.1785912513732906,0.06245533347129822,0.1181350013613701,1.8926122283935547,0.08466347306966782,0.019945227652788167,-0.2859790229797359,0.0222081395983696
One-D-Piece,n10565667,96,0.0540026617050171,1.4106158638000488,0.03796536952257156,0.06386576116085053,1.2057907485961912,0.05080032676458359,0.009863099455833434,-0.2048251152038576,0.01283495724201203
One-D-Piece,n10565667,128,0.029676881134510044,0.7518938446044922,0.021045129895210266,0.033082934767007834,0.7427607345581053,0.02967014729976654,0.0034060536324977894,-0.009133110046386839,0.008625017404556273
One-D-Piece,n10565667,160,0.012872971594333654,0.45467765808105476,0.013114956021308901,0.015867532193660744,0.42997226715087905,0.01617165684700012,0.00299456059932709,-0.024705390930175708,0.0030567008256912175
One-D-Piece,n10565667,208,0.003058003634214404,0.11496669769287085,0.004023931920528411,0.004331009089946753,0.18242017745971661,0.005209274590015409,0.0012730054557323492,0.06745347976684576,0.0011853426694869978
One-D-Piece,n10565667,256,0.0,0.0,0.0,0.0,0.0,0.0,0.0,0.0,0.0
One-D-Piece,n12267677,8,0.4609410029649734,3.6310239601135255,0.1193705627322197,0.4086173523589969,5.442777862548828,0.1888058228418231,-0.052323650605976546,1.8117539024353029,0.0694352601096034
One-D-Piece,n12267677,16,0.3645960837602616,3.2202476692199706,0.11539246752858162,0.30224906574934723,4.5136203956604,0.17159529879689217,-0.06234701801091436,1.2933727264404293,0.05620283126831055
One-D-Piece,n12267677,32,0.225213583111763,2.3552030181884764,0.10498452425003052,0.20230335291475057,3.382537956237793,0.15006964087486266,-0.022910230197012438,1.0273349380493166,0.04508511662483214
One-D-Piece,n12267677,64,0.11193097710609438,1.5320727920532229,0.07519785836338996,0.10345419120043516,2.0204201316833497,0.10160507693886757,-0.008476785905659229,0.4883473396301268,0.026407218575477606
One-D-Piece,n12267677,96,0.061131663918495185,0.9251168251037599,0.04737526014447211,0.05309745013713837,1.270406284332275,0.05494793772697449,-0.008034213781356818,0.34528945922851506,0.0075726775825023795
One-D-Piece,n12267677,128,0.03228334486484529,0.5571397781372069,0.026657911688089366,0.029584918506443496,0.7716553306579587,0.029254006743431087,-0.0026984263584017947,0.21451555252075172,0.0025960950553417204
One-D-Piece,n12267677,160,0.01637602418661118,0.3763833618164063,0.014733701944351188,0.014026019275188442,0.35051509857177693,0.01648169070482254,-0.0023500049114227387,-0.025868263244629375,0.0017479887604713532
One-D-Piece,n12267677,208,0.004491768777370461,0.11250827789306676,0.0037730225920677147,0.0037723850458860446,0.1416286659240723,0.005871087312698365,-0.0007193837314844161,0.029120388031005542,0.0020980647206306504
One-D-Piece,n12267677,256,0.0,0.0,0.0,0.0,0.0,0.0,0.0,0.0,0.0
