dataset,wnid,image
imagenet,n02607072,n02607072/ILSVRC2012_val_00001176.JPEG
imagenet,n02607072,n02607072/ILSVRC2012_val_00003033.JPEG
imagenet,n02607072,n02607072/ILSVRC2012_val_00004093.JPEG
imagenet,n02607072,n02607072/ILSVRC2012_val_00004672.JPEG
imagenet,n02607072,n02607072/ILSVRC2012_val_00005188.JPEG
imagenet,n02607072,n02607072/ILSVRC2012_val_00006366.JPEG
imagenet,n02607072,n02607072/ILSVRC2012_val_00007807.JPEG
imagenet,n02607072,n02607072/ILSVRC2012_val_00010076.JPEG
imagenet,n02607072,n02607072/ILSVRC2012_val_00010478.JPEG
imagenet,n02607072,n02607072/ILSVRC2012_val_00010738.JPEG
imagenet,n02607072,n02607072/ILSVRC2012_val_00011419.JPEG
imagenet,n02607072,n02607072/ILSVRC2012_val_00011637.JPEG
imagenet,n02607072,n02607072/ILSVRC2012_val_00013064.JPEG
imagenet,n02607072,n02607072/ILSVRC2012_val_00013121.JPEG
imagenet,n02607072,n02607072/ILSVRC2012_val_00013661.JPEG
imagenet,n02607072,n02607072/ILSVRC2012_val_00014443.JPEG
imagenet,n02607072,n02607072/ILSVRC2012_val_00015024.JPEG
imagenet,n02607072,n02607072/ILSVRC2012_val_00015222.JPEG
imagenet,n02607072,n02607072/ILSVRC2012_val_00016825.JPEG
imagenet,n02607072,n02607072/ILSVRC2012_val_00017683.JPEG
imagenet,n02607072,n02607072/ILSVRC2012_val_00018465.JPEG
imagenet,n02607072,n02607072/ILSVRC2012_val_00020558.JPEG
imagenet,n02607072,n02607072/ILSVRC2012_val_00021448.JPEG
imagenet,n02607072,n02607072/ILSVRC2012_val_00021505.JPEG
imagenet,n02607072,n02607072/ILSVRC2012_val_00021832.JPEG
imagenet,n02607072,n02607072/ILSVRC2012_val_00021890.JPEG
imagenet,n02607072,n02607072/ILSVRC2012_val_00021994.JPEG
imagenet,n02607072,n02607072/ILSVRC2012_val_00022749.JPEG
imagenet,n02607072,n02607072/ILSVRC2012_val_00022967.JPEG
imagenet,n02607072,n02607072/ILSVRC2012_val_00023406.JPEG
imagenet,n02607072,n02607072/ILSVRC2012_val_00023677.JPEG
imagenet,n02607072,n02607072/ILSVRC2012_val_00024315.JPEG
imagenet,n02607072,n02607072/ILSVRC2012_val_00025141.JPEG
imagenet,n02607072,n02607072/ILSVRC2012_val_00025226.JPEG
imagenet,n02607072,n02607072/ILSVRC2012_val_00027500.JPEG
imagenet,n02607072,n02607072/ILSVRC2012_val_00028937.JPEG
imagenet,n02607072,n02607072/ILSVRC2012_val_00030654.JPEG
imagenet,n02607072,n02607072/ILSVRC2012_val_00031305.JPEG
imagenet,n02607072,n02607072/ILSVRC2012_val_00034042.JPEG
imagenet,n02607072,n02607072/ILSVRC2012_val_00034225.JPEG
imagenet,n02607072,n02607072/ILSVRC2012_val_00036030.JPEG
imagenet,n02607072,n02607072/ILSVRC2012_val_00039839.JPEG
imagenet,n02607072,n02607072/ILSVRC2012_val_00040050.JPEG
imagenet,n02607072,n02607072/ILSVRC2012_val_00042058.JPEG
imagenet,n02607072,n02607072/ILSVRC2012_val_00042307.JPEG
imagenet,n02607072,n02607072/ILSVRC2012_val_00045825.JPEG
imagenet,n02607072,n02607072/ILSVRC2012_val_00047682.JPEG
imagenet,n02607072,n02607072/ILSVRC2012_val_00047999.JPEG
imagenet,n02607072,n02607072/ILSVRC2012_val_00049216.JPEG
imagenet,n02607072,n02607072/ILSVRC2012_val_00049443.JPEG
imagenet,n02655020,n02655020/ILSVRC2012_val_00000699.JPEG
imagenet,n02655020,n02655020/ILSVRC2012_val_00000918.JPEG
imagenet,n02655020,n02655020/ILSVRC2012_val_00001193.JPEG
imagenet,n02655020,n02655020/ILSVRC2012_val_00002401.JPEG
imagenet,n02655020,n02655020/ILSVRC2012_val_00005213.JPEG
imagenet,n02655020,n02655020/ILSVRC2012_val_00006080.JPEG
imagenet,n02655020,n02655020/ILSVRC2012_val_00007185.JPEG
imagenet,n02655020,n02655020/ILSVRC2012_val_00008184.JPEG
imagenet,n02655020,n02655020/ILSVRC2012_val_00008212.JPEG
imagenet,n02655020,n02655020/ILSVRC2012_val_00008373.JPEG
imagenet,n02655020,n02655020/ILSVRC2012_val_00008604.JPEG
imagenet,n02655020,n02655020/ILSVRC2012_val_00008730.JPEG
imagenet,n02655020,n02655020/ILSVRC2012_val_00009982.JPEG
imagenet,n02655020,n02655020/ILSVRC2012_val_00010683.JPEG
imagenet,n02655020,n02655020/ILSVRC2012_val_00011123.JPEG
imagenet,n02655020,n02655020/ILSVRC2012_val_00011321.JPEG
imagenet,n02655020,n02655020/ILSVRC2012_val_00012005.JPEG
imagenet,n02655020,n02655020/ILSVRC2012_val_00012138.JPEG
imagenet,n02655020,n02655020/ILSVRC2012_val_00013189.JPEG
imagenet,n02655020,n02655020/ILSVRC2012_val_00014195.JPEG
imagenet,n02655020,n02655020/ILSVRC2012_val_00017947.JPEG
imagenet,n02655020,n02655020/ILSVRC2012_val_00018606.JPEG
imagenet,n02655020,n02655020/ILSVRC2012_val_00018824.JPEG
imagenet,n02655020,n02655020/ILSVRC2012_val_00019369.JPEG
imagenet,n02655020,n02655020/ILSVRC2012_val_00019403.JPEG
imagenet,n02655020,n02655020/ILSVRC2012_val_00019539.JPEG
imagenet,n02655020,n02655020/ILSVRC2012_val_00020220.JPEG
imagenet,n02655020,n02655020/ILSVRC2012_val_00021476.JPEG
imagenet,n02655020,n02655020/ILSVRC2012_val_00023468.JPEG
imagenet,n02655020,n02655020/ILSVRC2012_val_00025174.JPEG
imagenet,n02655020,n02655020/ILSVRC2012_val_00025407.JPEG
imagenet,n02655020,n02655020/ILSVRC2012_val_00027264.JPEG
imagenet,n02655020,n02655020/ILSVRC2012_val_00028749.JPEG
imagenet,n02655020,n02655020/ILSVRC2012_val_00029587.JPEG
imagenet,n02655020,n02655020/ILSVRC2012_val_00029877.JPEG
imagenet,n02655020,n02655020/ILSVRC2012_val_00032907.JPEG
imagenet,n02655020,n02655020/ILSVRC2012_val_00033507.JPEG
imagenet,n02655020,n02655020/ILSVRC2012_val_00033584.JPEG
imagenet,n02655020,n02655020/ILSVRC2012_val_00034545.JPEG
imagenet,n02655020,n02655020/ILSVRC2012_val_00035415.JPEG
imagenet,n02655020,n02655020/ILSVRC2012_val_00036016.JPEG
imagenet,n02655020,n02655020/ILSVRC2012_val_00038928.JPEG
imagenet,n02655020,n02655020/ILSVRC2012_val_00041768.JPEG
imagenet,n02655020,n02655020/ILSVRC2012_val_00042896.JPEG
imagenet,n02655020,n02655020/ILSVRC2012_val_00043722.JPEG
imagenet,n02655020,n02655020/ILSVRC2012_val_00043777.JPEG
imagenet,n02655020,n02655020/ILSVRC2012_val_00044313.JPEG
imagenet,n02655020,n02655020/ILSVRC2012_val_00044946.JPEG
imagenet,n02655020,n02655020/ILSVRC2012_val_00045811.JPEG
imagenet,n02655020,n02655020/ILSVRC2012_val_00049696.JPEG
imagenet,n02672831,n02672831/ILSVRC2012_val_00000204.JPEG
imagenet,n02672831,n02672831/ILSVRC2012_val_00001317.JPEG
imagenet,n02672831,n02672831/ILSVRC2012_val_00001431.JPEG
imagenet,n02672831,n02672831/ILSVRC2012_val_00001769.JPEG
imagenet,n02672831,n02672831/ILSVRC2012_val_00002361.JPEG
imagenet,n02672831,n02672831/ILSVRC2012_val_00002408.JPEG
imagenet,n02672831,n02672831/ILSVRC2012_val_00003432.JPEG
imagenet,n02672831,n02672831/ILSVRC2012_val_00003980.JPEG
imagenet,n02672831,n02672831/ILSVRC2012_val_00004424.JPEG
imagenet,n02672831,n02672831/ILSVRC2012_val_00004656.JPEG
imagenet,n02672831,n02672831/ILSVRC2012_val_00004817.JPEG
imagenet,n02672831,n02672831/ILSVRC2012_val_00005924.JPEG
imagenet,n02672831,n02672831/ILSVRC2012_val_00006152.JPEG
imagenet,n02672831,n02672831/ILSVRC2012_val_00007271.JPEG
imagenet,n02672831,n02672831/ILSVRC2012_val_00007453.JPEG
imagenet,n02672831,n02672831/ILSVRC2012_val_00009350.JPEG
imagenet,n02672831,n02672831/ILSVRC2012_val_00009600.JPEG
imagenet,n02672831,n02672831/ILSVRC2012_val_00009773.JPEG
imagenet,n02672831,n02672831/ILSVRC2012_val_00013022.JPEG
imagenet,n02672831,n02672831/ILSVRC2012_val_00013625.JPEG
imagenet,n02672831,n02672831/ILSVRC2012_val_00013831.JPEG
imagenet,n02672831,n02672831/ILSVRC2012_val_00016925.JPEG
imagenet,n02672831,n02672831/ILSVRC2012_val_00018139.JPEG
imagenet,n02672831,n02672831/ILSVRC2012_val_00020900.JPEG
imagenet,n02672831,n02672831/ILSVRC2012_val_00021384.JPEG
imagenet,n02672831,n02672831/ILSVRC2012_val_00022519.JPEG
imagenet,n02672831,n02672831/ILSVRC2012_val_00025386.JPEG
imagenet,n02672831,n02672831/ILSVRC2012_val_00025574.JPEG
imagenet,n02672831,n02672831/ILSVRC2012_val_00026627.JPEG
imagenet,n02672831,n02672831/ILSVRC2012_val_00028037.JPEG
imagenet,n02672831,n02672831/ILSVRC2012_val_00028117.JPEG
imagenet,n02672831,n02672831/ILSVRC2012_val_00028627.JPEG
imagenet,n02672831,n02672831/ILSVRC2012_val_00028819.JPEG
imagenet,n02672831,n02672831/ILSVRC2012_val_00029963.JPEG
imagenet,n02672831,n02672831/ILSVRC2012_val_00030312.JPEG
imagenet,n02672831,n02672831/ILSVRC2012_val_00033209.JPEG
imagenet,n02672831,n02672831/ILSVRC2012_val_00033520.JPEG
imagenet,n02672831,n02672831/ILSVRC2012_val_00034116.JPEG
imagenet,n02672831,n02672831/ILSVRC2012_val_00034486.JPEG
imagenet,n02672831,n02672831/ILSVRC2012_val_00038395.JPEG
imagenet,n02672831,n02672831/ILSVRC2012_val_00040418.JPEG
imagenet,n02672831,n02672831/ILSVRC2012_val_00040830.JPEG
imagenet,n02672831,n02672831/ILSVRC2012_val_00042479.JPEG
imagenet,n02672831,n02672831/ILSVRC2012_val_00042605.JPEG
imagenet,n02672831,n02672831/ILSVRC2012_val_00043747.JPEG
imagenet,n02672831,n02672831/ILSVRC2012_val_00043981.JPEG
imagenet,n02672831,n02672831/ILSVRC2012_val_00044113.JPEG
imagenet,n02672831,n02672831/ILSVRC2012_val_00044448.JPEG
imagenet,n02672831,n02672831/ILSVRC2012_val_00046265.JPEG
imagenet,n02672831,n02672831/ILSVRC2012_val_00047423.JPEG
imagenet,n02701002,n02701002/ILSVRC2012_val_00001910.JPEG
imagenet,n02701002,n02701002/ILSVRC2012_val_00001916.JPEG
imagenet,n02701002,n02701002/ILSVRC2012_val_00003703.JPEG
imagenet,n02701002,n02701002/ILSVRC2012_val_00004496.JPEG
imagenet,n02701002,n02701002/ILSVRC2012_val_00007083.JPEG
imagenet,n02701002,n02701002/ILSVRC2012_val_00008039.JPEG
imagenet,n02701002,n02701002/ILSVRC2012_val_00011186.JPEG
imagenet,n02701002,n02701002/ILSVRC2012_val_00011417.JPEG
imagenet,n02701002,n02701002/ILSVRC2012_val_00013686.JPEG
imagenet,n02701002,n02701002/ILSVRC2012_val_00014110.JPEG
imagenet,n02701002,n02701002/ILSVRC2012_val_00014646.JPEG
imagenet,n02701002,n02701002/ILSVRC2012_val_00016090.JPEG
imagenet,n02701002,n02701002/ILSVRC2012_val_00017171.JPEG
imagenet,n02701002,n02701002/ILSVRC2012_val_00018395.JPEG
imagenet,n02701002,n02701002/ILSVRC2012_val_00018957.JPEG
imagenet,n02701002,n02701002/ILSVRC2012_val_00019837.JPEG
imagenet,n02701002,n02701002/ILSVRC2012_val_00020313.JPEG
imagenet,n02701002,n02701002/ILSVRC2012_val_00020319.JPEG
imagenet,n02701002,n02701002/ILSVRC2012_val_00020333.JPEG
imagenet,n02701002,n02701002/ILSVRC2012_val_00020754.JPEG
imagenet,n02701002,n02701002/ILSVRC2012_val_00020826.JPEG
imagenet,n02701002,n02701002/ILSVRC2012_val_00021146.JPEG
imagenet,n02701002,n02701002/ILSVRC2012_val_00021985.JPEG
imagenet,n02701002,n02701002/ILSVRC2012_val_00024296.JPEG
imagenet,n02701002,n02701002/ILSVRC2012_val_00024658.JPEG
imagenet,n02701002,n02701002/ILSVRC2012_val_00024948.JPEG
imagenet,n02701002,n02701002/ILSVRC2012_val_00025159.JPEG
imagenet,n02701002,n02701002/ILSVRC2012_val_00025443.JPEG
imagenet,n02701002,n02701002/ILSVRC2012_val_00025469.JPEG
imagenet,n02701002,n02701002/ILSVRC2012_val_00026354.JPEG
imagenet,n02701002,n02701002/ILSVRC2012_val_00028205.JPEG
imagenet,n02701002,n02701002/ILSVRC2012_val_00029222.JPEG
imagenet,n02701002,n02701002/ILSVRC2012_val_00029737.JPEG
imagenet,n02701002,n02701002/ILSVRC2012_val_00031635.JPEG
imagenet,n02701002,n02701002/ILSVRC2012_val_00032219.JPEG
imagenet,n02701002,n02701002/ILSVRC2012_val_00032293.JPEG
imagenet,n02701002,n02701002/ILSVRC2012_val_00032472.JPEG
imagenet,n02701002,n02701002/ILSVRC2012_val_00036369.JPEG
imagenet,n02701002,n02701002/ILSVRC2012_val_00038491.JPEG
imagenet,n02701002,n02701002/ILSVRC2012_val_00039523.JPEG
imagenet,n02701002,n02701002/ILSVRC2012_val_00041204.JPEG
imagenet,n02701002,n02701002/ILSVRC2012_val_00041942.JPEG
imagenet,n02701002,n02701002/ILSVRC2012_val_00042503.JPEG
imagenet,n02701002,n02701002/ILSVRC2012_val_00043593.JPEG
imagenet,n02701002,n02701002/ILSVRC2012_val_00044559.JPEG
imagenet,n02701002,n02701002/ILSVRC2012_val_00045969.JPEG
imagenet,n02701002,n02701002/ILSVRC2012_val_00046706.JPEG
imagenet,n02701002,n02701002/ILSVRC2012_val_00047635.JPEG
imagenet,n02701002,n02701002/ILSVRC2012_val_00049302.JPEG
imagenet,n02701002,n02701002/ILSVRC2012_val_00049889.JPEG
imagenet,n02749479,n02749479/ILSVRC2012_val_00000268.JPEG
imagenet,n02749479,n02749479/ILSVRC2012_val_00000790.JPEG
imagenet,n02749479,n02749479/ILSVRC2012_val_00001278.JPEG
imagenet,n02749479,n02749479/ILSVRC2012_val_00002269.JPEG
imagenet,n02749479,n02749479/ILSVRC2012_val_00002719.JPEG
imagenet,n02749479,n02749479/ILSVRC2012_val_00003684.JPEG
imagenet,n02749479,n02749479/ILSVRC2012_val_00007515.JPEG
imagenet,n02749479,n02749479/ILSVRC2012_val_00009850.JPEG
imagenet,n02749479,n02749479/ILSVRC2012_val_00011376.JPEG
imagenet,n02749479,n02749479/ILSVRC2012_val_00012081.JPEG
imagenet,n02749479,n02749479/ILSVRC2012_val_00012367.JPEG
imagenet,n02749479,n02749479/ILSVRC2012_val_00012413.JPEG
imagenet,n02749479,n02749479/ILSVRC2012_val_00012724.JPEG
imagenet,n02749479,n02749479/ILSVRC2012_val_00014056.JPEG
imagenet,n02749479,n02749479/ILSVRC2012_val_00016457.JPEG
imagenet,n02749479,n02749479/ILSVRC2012_val_00018057.JPEG
imagenet,n02749479,n02749479/ILSVRC2012_val_00018213.JPEG
imagenet,n02749479,n02749479/ILSVRC2012_val_00018390.JPEG
imagenet,n02749479,n02749479/ILSVRC2012_val_00018759.JPEG
imagenet,n02749479,n02749479/ILSVRC2012_val_00019363.JPEG
imagenet,n02749479,n02749479/ILSVRC2012_val_00019910.JPEG
imagenet,n02749479,n02749479/ILSVRC2012_val_00024794.JPEG
imagenet,n02749479,n02749479/ILSVRC2012_val_00027344.JPEG
imagenet,n02749479,n02749479/ILSVRC2012_val_00028527.JPEG
imagenet,n02749479,n02749479/ILSVRC2012_val_00029319.JPEG
imagenet,n02749479,n02749479/ILSVRC2012_val_00030192.JPEG
imagenet,n02749479,n02749479/ILSVRC2012_val_00031196.JPEG
imagenet,n02749479,n02749479/ILSVRC2012_val_00031231.JPEG
imagenet,n02749479,n02749479/ILSVRC2012_val_00033972.JPEG
imagenet,n02749479,n02749479/ILSVRC2012_val_00034057.JPEG
imagenet,n02749479,n02749479/ILSVRC2012_val_00035791.JPEG
imagenet,n02749479,n02749479/ILSVRC2012_val_00038445.JPEG
imagenet,n02749479,n02749479/ILSVRC2012_val_00038946.JPEG
imagenet,n02749479,n02749479/ILSVRC2012_val_00039278.JPEG
imagenet,n02749479,n02749479/ILSVRC2012_val_00039737.JPEG
imagenet,n02749479,n02749479/ILSVRC2012_val_00040343.JPEG
imagenet,n02749479,n02749479/ILSVRC2012_val_00040591.JPEG
imagenet,n02749479,n02749479/ILSVRC2012_val_00040754.JPEG
imagenet,n02749479,n02749479/ILSVRC2012_val_00040832.JPEG
imagenet,n02749479,n02749479/ILSVRC2012_val_00040844.JPEG
imagenet,n02749479,n02749479/ILSVRC2012_val_00041270.JPEG
imagenet,n02749479,n02749479/ILSVRC2012_val_00041685.JPEG
imagenet,n02749479,n02749479/ILSVRC2012_val_00042969.JPEG
imagenet,n02749479,n02749479/ILSVRC2012_val_00042983.JPEG
imagenet,n02749479,n02749479/ILSVRC2012_val_00043236.JPEG
imagenet,n02749479,n02749479/ILSVRC2012_val_00043386.JPEG
imagenet,n02749479,n02749479/ILSVRC2012_val_00044665.JPEG
imagenet,n02749479,n02749479/ILSVRC2012_val_00044979.JPEG
imagenet,n02749479,n02749479/ILSVRC2012_val_00049122.JPEG
imagenet,n02749479,n02749479/ILSVRC2012_val_00049123.JPEG
imagenet,n02769748,n02769748/ILSVRC2012_val_00000459.JPEG
imagenet,n02769748,n02769748/ILSVRC2012_val_00002174.JPEG
imagenet,n02769748,n02769748/ILSVRC2012_val_00002183.JPEG
imagenet,n02769748,n02769748/ILSVRC2012_val_00003680.JPEG
imagenet,n02769748,n02769748/ILSVRC2012_val_00005367.JPEG
imagenet,n02769748,n02769748/ILSVRC2012_val_00005892.JPEG
imagenet,n02769748,n02769748/ILSVRC2012_val_00006176.JPEG
imagenet,n02769748,n02769748/ILSVRC2012_val_00006379.JPEG
imagenet,n02769748,n02769748/ILSVRC2012_val_00007012.JPEG
imagenet,n02769748,n02769748/ILSVRC2012_val_00007341.JPEG
imagenet,n02769748,n02769748/ILSVRC2012_val_00007615.JPEG
imagenet,n02769748,n02769748/ILSVRC2012_val_00008482.JPEG
imagenet,n02769748,n02769748/ILSVRC2012_val_00008605.JPEG
imagenet,n02769748,n02769748/ILSVRC2012_val_00009722.JPEG
imagenet,n02769748,n02769748/ILSVRC2012_val_00010934.JPEG
imagenet,n02769748,n02769748/ILSVRC2012_val_00011134.JPEG
imagenet,n02769748,n02769748/ILSVRC2012_val_00011933.JPEG
imagenet,n02769748,n02769748/ILSVRC2012_val_00016010.JPEG
imagenet,n02769748,n02769748/ILSVRC2012_val_00016479.JPEG
imagenet,n02769748,n02769748/ILSVRC2012_val_00016935.JPEG
imagenet,n02769748,n02769748/ILSVRC2012_val_00017250.JPEG
imagenet,n02769748,n02769748/ILSVRC2012_val_00017761.JPEG
imagenet,n02769748,n02769748/ILSVRC2012_val_00018021.JPEG
imagenet,n02769748,n02769748/ILSVRC2012_val_00019321.JPEG
imagenet,n02769748,n02769748/ILSVRC2012_val_00022297.JPEG
imagenet,n02769748,n02769748/ILSVRC2012_val_00023651.JPEG
imagenet,n02769748,n02769748/ILSVRC2012_val_00025093.JPEG
imagenet,n02769748,n02769748/ILSVRC2012_val_00025286.JPEG
imagenet,n02769748,n02769748/ILSVRC2012_val_00026564.JPEG
imagenet,n02769748,n02769748/ILSVRC2012_val_00028578.JPEG
imagenet,n02769748,n02769748/ILSVRC2012_val_00029320.JPEG
imagenet,n02769748,n02769748/ILSVRC2012_val_00030346.JPEG
imagenet,n02769748,n02769748/ILSVRC2012_val_00031604.JPEG
imagenet,n02769748,n02769748/ILSVRC2012_val_00034048.JPEG
imagenet,n02769748,n02769748/ILSVRC2012_val_00034742.JPEG
imagenet,n02769748,n02769748/ILSVRC2012_val_00035248.JPEG
imagenet,n02769748,n02769748/ILSVRC2012_val_00036149.JPEG
imagenet,n02769748,n02769748/ILSVRC2012_val_00036510.JPEG
imagenet,n02769748,n02769748/ILSVRC2012_val_00036598.JPEG
imagenet,n02769748,n02769748/ILSVRC2012_val_00036840.JPEG
imagenet,n02769748,n02769748/ILSVRC2012_val_00036867.JPEG
imagenet,n02769748,n02769748/ILSVRC2012_val_00038953.JPEG
imagenet,n02769748,n02769748/ILSVRC2012_val_00041552.JPEG
imagenet,n02769748,n02769748/ILSVRC2012_val_00042327.JPEG
imagenet,n02769748,n02769748/ILSVRC2012_val_00042967.JPEG
imagenet,n02769748,n02769748/ILSVRC2012_val_00043513.JPEG
imagenet,n02769748,n02769748/ILSVRC2012_val_00043921.JPEG
imagenet,n02769748,n02769748/ILSVRC2012_val_00047517.JPEG
imagenet,n02769748,n02769748/ILSVRC2012_val_00048494.JPEG
imagenet,n02769748,n02769748/ILSVRC2012_val_00049070.JPEG
imagenet,n02793495,n02793495/ILSVRC2012_val_00000234.JPEG
imagenet,n02793495,n02793495/ILSVRC2012_val_00000693.JPEG
imagenet,n02793495,n02793495/ILSVRC2012_val_00003727.JPEG
imagenet,n02793495,n02793495/ILSVRC2012_val_00004575.JPEG
imagenet,n02793495,n02793495/ILSVRC2012_val_00009958.JPEG
imagenet,n02793495,n02793495/ILSVRC2012_val_00010548.JPEG
imagenet,n02793495,n02793495/ILSVRC2012_val_00010566.JPEG
imagenet,n02793495,n02793495/ILSVRC2012_val_00010809.JPEG
imagenet,n02793495,n02793495/ILSVRC2012_val_00011475.JPEG
imagenet,n02793495,n02793495/ILSVRC2012_val_00012419.JPEG
imagenet,n02793495,n02793495/ILSVRC2012_val_00012775.JPEG
imagenet,n02793495,n02793495/ILSVRC2012_val_00015008.JPEG
imagenet,n02793495,n02793495/ILSVRC2012_val_00015517.JPEG
imagenet,n02793495,n02793495/ILSVRC2012_val_00016366.JPEG
imagenet,n02793495,n02793495/ILSVRC2012_val_00016718.JPEG
imagenet,n02793495,n02793495/ILSVRC2012_val_00017347.JPEG
imagenet,n02793495,n02793495/ILSVRC2012_val_00017403.JPEG
imagenet,n02793495,n02793495/ILSVRC2012_val_00018261.JPEG
imagenet,n02793495,n02793495/ILSVRC2012_val_00018958.JPEG
imagenet,n02793495,n02793495/ILSVRC2012_val_00019730.JPEG
imagenet,n02793495,n02793495/ILSVRC2012_val_00020602.JPEG
imagenet,n02793495,n02793495/ILSVRC2012_val_00020925.JPEG
imagenet,n02793495,n02793495/ILSVRC2012_val_00020981.JPEG
imagenet,n02793495,n02793495/ILSVRC2012_val_00021442.JPEG
imagenet,n02793495,n02793495/ILSVRC2012_val_00024047.JPEG
imagenet,n02793495,n02793495/ILSVRC2012_val_00024135.JPEG
imagenet,n02793495,n02793495/ILSVRC2012_val_00024346.JPEG
imagenet,n02793495,n02793495/ILSVRC2012_val_00024561.JPEG
imagenet,n02793495,n02793495/ILSVRC2012_val_00027715.JPEG
imagenet,n02793495,n02793495/ILSVRC2012_val_00029901.JPEG
imagenet,n02793495,n02793495/ILSVRC2012_val_00030661.JPEG
imagenet,n02793495,n02793495/ILSVRC2012_val_00031477.JPEG
imagenet,n02793495,n02793495/ILSVRC2012_val_00032510.JPEG
imagenet,n02793495,n02793495/ILSVRC2012_val_00033448.JPEG
imagenet,n02793495,n02793495/ILSVRC2012_val_00035179.JPEG
imagenet,n02793495,n02793495/ILSVRC2012_val_00036736.JPEG
imagenet,n02793495,n02793495/ILSVRC2012_val_00037035.JPEG
imagenet,n02793495,n02793495/ILSVRC2012_val_00037067.JPEG
imagenet,n02793495,n02793495/ILSVRC2012_val_00037338.JPEG
imagenet,n02793495,n02793495/ILSVRC2012_val_00039818.JPEG
imagenet,n02793495,n02793495/ILSVRC2012_val_00040290.JPEG
imagenet,n02793495,n02793495/ILSVRC2012_val_00041650.JPEG
imagenet,n02793495,n02793495/ILSVRC2012_val_00043463.JPEG
imagenet,n02793495,n02793495/ILSVRC2012_val_00044065.JPEG
imagenet,n02793495,n02793495/ILSVRC2012_val_00044640.JPEG
imagenet,n02793495,n02793495/ILSVRC2012_val_00044751.JPEG
imagenet,n02793495,n02793495/ILSVRC2012_val_00046938.JPEG
imagenet,n02793495,n02793495/ILSVRC2012_val_00048871.JPEG
imagenet,n02793495,n02793495/ILSVRC2012_val_00049066.JPEG
imagenet,n02793495,n02793495/ILSVRC2012_val_00049694.JPEG
imagenet,n02797295,n02797295/ILSVRC2012_val_00002509.JPEG
imagenet,n02797295,n02797295/ILSVRC2012_val_00005347.JPEG
imagenet,n02797295,n02797295/ILSVRC2012_val_00007338.JPEG
imagenet,n02797295,n02797295/ILSVRC2012_val_00007717.JPEG
imagenet,n02797295,n02797295/ILSVRC2012_val_00007968.JPEG
imagenet,n02797295,n02797295/ILSVRC2012_val_00008359.JPEG
imagenet,n02797295,n02797295/ILSVRC2012_val_00009500.JPEG
imagenet,n02797295,n02797295/ILSVRC2012_val_00010045.JPEG
imagenet,n02797295,n02797295/ILSVRC2012_val_00013047.JPEG
imagenet,n02797295,n02797295/ILSVRC2012_val_00013526.JPEG
imagenet,n02797295,n02797295/ILSVRC2012_val_00015341.JPEG
imagenet,n02797295,n02797295/ILSVRC2012_val_00016353.JPEG
imagenet,n02797295,n02797295/ILSVRC2012_val_00016849.JPEG
imagenet,n02797295,n02797295/ILSVRC2012_val_00017307.JPEG
imagenet,n02797295,n02797295/ILSVRC2012_val_00017834.JPEG
imagenet,n02797295,n02797295/ILSVRC2012_val_00018522.JPEG
imagenet,n02797295,n02797295/ILSVRC2012_val_00019109.JPEG
imagenet,n02797295,n02797295/ILSVRC2012_val_00019182.JPEG
imagenet,n02797295,n02797295/ILSVRC2012_val_00019923.JPEG
imagenet,n02797295,n02797295/ILSVRC2012_val_00020027.JPEG
imagenet,n02797295,n02797295/ILSVRC2012_val_00020775.JPEG
imagenet,n02797295,n02797295/ILSVRC2012_val_00021614.JPEG
imagenet,n02797295,n02797295/ILSVRC2012_val_00022253.JPEG
imagenet,n02797295,n02797295/ILSVRC2012_val_00023355.JPEG
imagenet,n02797295,n02797295/ILSVRC2012_val_00023460.JPEG
imagenet,n02797295,n02797295/ILSVRC2012_val_00024802.JPEG
imagenet,n02797295,n02797295/ILSVRC2012_val_00025847.JPEG
imagenet,n02797295,n02797295/ILSVRC2012_val_00026437.JPEG
imagenet,n02797295,n02797295/ILSVRC2012_val_00031052.JPEG
imagenet,n02797295,n02797295/ILSVRC2012_val_00031124.JPEG
imagenet,n02797295,n02797295/ILSVRC2012_val_00031279.JPEG
imagenet,n02797295,n02797295/ILSVRC2012_val_00032004.JPEG
imagenet,n02797295,n02797295/ILSVRC2012_val_00032768.JPEG
imagenet,n02797295,n02797295/ILSVRC2012_val_00033975.JPEG
imagenet,n02797295,n02797295/ILSVRC2012_val_00034697.JPEG
imagenet,n02797295,n02797295/ILSVRC2012_val_00034874.JPEG
imagenet,n02797295,n02797295/ILSVRC2012_val_00035053.JPEG
imagenet,n02797295,n02797295/ILSVRC2012_val_00036073.JPEG
imagenet,n02797295,n02797295/ILSVRC2012_val_00037991.JPEG
imagenet,n02797295,n02797295/ILSVRC2012_val_00038103.JPEG
imagenet,n02797295,n02797295/ILSVRC2012_val_00039627.JPEG
imagenet,n02797295,n02797295/ILSVRC2012_val_00039735.JPEG
imagenet,n02797295,n02797295/ILSVRC2012_val_00042798.JPEG
imagenet,n02797295,n02797295/ILSVRC2012_val_00044612.JPEG
imagenet,n02797295,n02797295/ILSVRC2012_val_00045206.JPEG
imagenet,n02797295,n02797295/ILSVRC2012_val_00047092.JPEG
imagenet,n02797295,n02797295/ILSVRC2012_val_00048739.JPEG
imagenet,n02797295,n02797295/ILSVRC2012_val_00048916.JPEG
imagenet,n02797295,n02797295/ILSVRC2012_val_00049035.JPEG
imagenet,n02797295,n02797295/ILSVRC2012_val_00049734.JPEG
imagenet,n02802426,n02802426/ILSVRC2012_val_00001517.JPEG
imagenet,n02802426,n02802426/ILSVRC2012_val_00002376.JPEG
imagenet,n02802426,n02802426/ILSVRC2012_val_00002538.JPEG
imagenet,n02802426,n02802426/ILSVRC2012_val_00003037.JPEG
imagenet,n02802426,n02802426/ILSVRC2012_val_00003617.JPEG
imagenet,n02802426,n02802426/ILSVRC2012_val_00003674.JPEG
imagenet,n02802426,n02802426/ILSVRC2012_val_00003772.JPEG
imagenet,n02802426,n02802426/ILSVRC2012_val_00004993.JPEG
imagenet,n02802426,n02802426/ILSVRC2012_val_00005182.JPEG
imagenet,n02802426,n02802426/ILSVRC2012_val_00006081.JPEG
imagenet,n02802426,n02802426/ILSVRC2012_val_00006099.JPEG
imagenet,n02802426,n02802426/ILSVRC2012_val_00009072.JPEG
imagenet,n02802426,n02802426/ILSVRC2012_val_00010546.JPEG
imagenet,n02802426,n02802426/ILSVRC2012_val_00010909.JPEG
imagenet,n02802426,n02802426/ILSVRC2012_val_00012396.JPEG
imagenet,n02802426,n02802426/ILSVRC2012_val_00014210.JPEG
imagenet,n02802426,n02802426/ILSVRC2012_val_00014382.JPEG
imagenet,n02802426,n02802426/ILSVRC2012_val_00015397.JPEG
imagenet,n02802426,n02802426/ILSVRC2012_val_00017293.JPEG
imagenet,n02802426,n02802426/ILSVRC2012_val_00017397.JPEG
imagenet,n02802426,n02802426/ILSVRC2012_val_00018104.JPEG
imagenet,n02802426,n02802426/ILSVRC2012_val_00018519.JPEG
imagenet,n02802426,n02802426/ILSVRC2012_val_00018537.JPEG
imagenet,n02802426,n02802426/ILSVRC2012_val_00018856.JPEG
imagenet,n02802426,n02802426/ILSVRC2012_val_00022998.JPEG
imagenet,n02802426,n02802426/ILSVRC2012_val_00023152.JPEG
imagenet,n02802426,n02802426/ILSVRC2012_val_00025839.JPEG
imagenet,n02802426,n02802426/ILSVRC2012_val_00026413.JPEG
imagenet,n02802426,n02802426/ILSVRC2012_val_00030155.JPEG
imagenet,n02802426,n02802426/ILSVRC2012_val_00031705.JPEG
imagenet,n02802426,n02802426/ILSVRC2012_val_00031833.JPEG
imagenet,n02802426,n02802426/ILSVRC2012_val_00031911.JPEG
imagenet,n02802426,n02802426/ILSVRC2012_val_00032031.JPEG
imagenet,n02802426,n02802426/ILSVRC2012_val_00034170.JPEG
imagenet,n02802426,n02802426/ILSVRC2012_val_00034473.JPEG
imagenet,n02802426,n02802426/ILSVRC2012_val_00035401.JPEG
imagenet,n02802426,n02802426/ILSVRC2012_val_00036609.JPEG
imagenet,n02802426,n02802426/ILSVRC2012_val_00037508.JPEG
imagenet,n02802426,n02802426/ILSVRC2012_val_00038836.JPEG
imagenet,n02802426,n02802426/ILSVRC2012_val_00038899.JPEG
imagenet,n02802426,n02802426/ILSVRC2012_val_00040597.JPEG
imagenet,n02802426,n02802426/ILSVRC2012_val_00041724.JPEG
imagenet,n02802426,n02802426/ILSVRC2012_val_00042222.JPEG
imagenet,n02802426,n02802426/ILSVRC2012_val_00042313.JPEG
imagenet,n02802426,n02802426/ILSVRC2012_val_00044958.JPEG
imagenet,n02802426,n02802426/ILSVRC2012_val_00046810.JPEG
imagenet,n02802426,n02802426/ILSVRC2012_val_00047548.JPEG
imagenet,n02802426,n02802426/ILSVRC2012_val_00048284.JPEG
imagenet,n02802426,n02802426/ILSVRC2012_val_00049469.JPEG
imagenet,n02802426,n02802426/ILSVRC2012_val_00049986.JPEG
imagenet,n02808440,n02808440/ILSVRC2012_val_00002563.JPEG
imagenet,n02808440,n02808440/ILSVRC2012_val_00002638.JPEG
imagenet,n02808440,n02808440/ILSVRC2012_val_00003072.JPEG
imagenet,n02808440,n02808440/ILSVRC2012_val_00003400.JPEG
imagenet,n02808440,n02808440/ILSVRC2012_val_00003786.JPEG
imagenet,n02808440,n02808440/ILSVRC2012_val_00005080.JPEG
imagenet,n02808440,n02808440/ILSVRC2012_val_00005511.JPEG
imagenet,n02808440,n02808440/ILSVRC2012_val_00006019.JPEG
imagenet,n02808440,n02808440/ILSVRC2012_val_00006993.JPEG
imagenet,n02808440,n02808440/ILSVRC2012_val_00007187.JPEG
imagenet,n02808440,n02808440/ILSVRC2012_val_00011903.JPEG
imagenet,n02808440,n02808440/ILSVRC2012_val_00012591.JPEG
imagenet,n02808440,n02808440/ILSVRC2012_val_00012823.JPEG
imagenet,n02808440,n02808440/ILSVRC2012_val_00013344.JPEG
imagenet,n02808440,n02808440/ILSVRC2012_val_00013900.JPEG
imagenet,n02808440,n02808440/ILSVRC2012_val_00015881.JPEG
imagenet,n02808440,n02808440/ILSVRC2012_val_00015979.JPEG
imagenet,n02808440,n02808440/ILSVRC2012_val_00015996.JPEG
imagenet,n02808440,n02808440/ILSVRC2012_val_00016026.JPEG
imagenet,n02808440,n02808440/ILSVRC2012_val_00016365.JPEG
imagenet,n02808440,n02808440/ILSVRC2012_val_00017804.JPEG
imagenet,n02808440,n02808440/ILSVRC2012_val_00018670.JPEG
imagenet,n02808440,n02808440/ILSVRC2012_val_00019507.JPEG
imagenet,n02808440,n02808440/ILSVRC2012_val_00019565.JPEG
imagenet,n02808440,n02808440/ILSVRC2012_val_00020254.JPEG
imagenet,n02808440,n02808440/ILSVRC2012_val_00022086.JPEG
imagenet,n02808440,n02808440/ILSVRC2012_val_00024124.JPEG
imagenet,n02808440,n02808440/ILSVRC2012_val_00024200.JPEG
imagenet,n02808440,n02808440/ILSVRC2012_val_00024780.JPEG
imagenet,n02808440,n02808440/ILSVRC2012_val_00024866.JPEG
imagenet,n02808440,n02808440/ILSVRC2012_val_00025038.JPEG
imagenet,n02808440,n02808440/ILSVRC2012_val_00027065.JPEG
imagenet,n02808440,n02808440/ILSVRC2012_val_00027377.JPEG
imagenet,n02808440,n02808440/ILSVRC2012_val_00028638.JPEG
imagenet,n02808440,n02808440/ILSVRC2012_val_00030242.JPEG
imagenet,n02808440,n02808440/ILSVRC2012_val_00030761.JPEG
imagenet,n02808440,n02808440/ILSVRC2012_val_00033106.JPEG
imagenet,n02808440,n02808440/ILSVRC2012_val_00033910.JPEG
imagenet,n02808440,n02808440/ILSVRC2012_val_00035983.JPEG
imagenet,n02808440,n02808440/ILSVRC2012_val_00036711.JPEG
imagenet,n02808440,n02808440/ILSVRC2012_val_00036803.JPEG
imagenet,n02808440,n02808440/ILSVRC2012_val_00037073.JPEG
imagenet,n02808440,n02808440/ILSVRC2012_val_00038234.JPEG
imagenet,n02808440,n02808440/ILSVRC2012_val_00042102.JPEG
imagenet,n02808440,n02808440/ILSVRC2012_val_00043361.JPEG
imagenet,n02808440,n02808440/ILSVRC2012_val_00043669.JPEG
imagenet,n02808440,n02808440/ILSVRC2012_val_00048621.JPEG
imagenet,n02808440,n02808440/ILSVRC2012_val_00048839.JPEG
imagenet,n02808440,n02808440/ILSVRC2012_val_00049510.JPEG
imagenet,n02808440,n02808440/ILSVRC2012_val_00049673.JPEG
imagenet,n02814860,n02814860/ILSVRC2012_val_00000483.JPEG
imagenet,n02814860,n02814860/ILSVRC2012_val_00000569.JPEG
imagenet,n02814860,n02814860/ILSVRC2012_val_00001553.JPEG
imagenet,n02814860,n02814860/ILSVRC2012_val_00001866.JPEG
imagenet,n02814860,n02814860/ILSVRC2012_val_00002202.JPEG
imagenet,n02814860,n02814860/ILSVRC2012_val_00002527.JPEG
imagenet,n02814860,n02814860/ILSVRC2012_val_00005131.JPEG
imagenet,n02814860,n02814860/ILSVRC2012_val_00005382.JPEG
imagenet,n02814860,n02814860/ILSVRC2012_val_00006051.JPEG
imagenet,n02814860,n02814860/ILSVRC2012_val_00006317.JPEG
imagenet,n02814860,n02814860/ILSVRC2012_val_00007357.JPEG
imagenet,n02814860,n02814860/ILSVRC2012_val_00007490.JPEG
imagenet,n02814860,n02814860/ILSVRC2012_val_00007628.JPEG
imagenet,n02814860,n02814860/ILSVRC2012_val_00009026.JPEG
imagenet,n02814860,n02814860/ILSVRC2012_val_00009308.JPEG
imagenet,n02814860,n02814860/ILSVRC2012_val_00009417.JPEG
imagenet,n02814860,n02814860/ILSVRC2012_val_00009577.JPEG
imagenet,n02814860,n02814860/ILSVRC2012_val_00011022.JPEG
imagenet,n02814860,n02814860/ILSVRC2012_val_00013851.JPEG
imagenet,n02814860,n02814860/ILSVRC2012_val_00016624.JPEG
imagenet,n02814860,n02814860/ILSVRC2012_val_00016685.JPEG
imagenet,n02814860,n02814860/ILSVRC2012_val_00020080.JPEG
imagenet,n02814860,n02814860/ILSVRC2012_val_00022503.JPEG
imagenet,n02814860,n02814860/ILSVRC2012_val_00024920.JPEG
imagenet,n02814860,n02814860/ILSVRC2012_val_00025050.JPEG
imagenet,n02814860,n02814860/ILSVRC2012_val_00026607.JPEG
imagenet,n02814860,n02814860/ILSVRC2012_val_00028727.JPEG
imagenet,n02814860,n02814860/ILSVRC2012_val_00029597.JPEG
imagenet,n02814860,n02814860/ILSVRC2012_val_00034304.JPEG
imagenet,n02814860,n02814860/ILSVRC2012_val_00034649.JPEG
imagenet,n02814860,n02814860/ILSVRC2012_val_00034772.JPEG
imagenet,n02814860,n02814860/ILSVRC2012_val_00035796.JPEG
imagenet,n02814860,n02814860/ILSVRC2012_val_00035911.JPEG
imagenet,n02814860,n02814860/ILSVRC2012_val_00036780.JPEG
imagenet,n02814860,n02814860/ILSVRC2012_val_00036801.JPEG
imagenet,n02814860,n02814860/ILSVRC2012_val_00037352.JPEG
imagenet,n02814860,n02814860/ILSVRC2012_val_00040325.JPEG
imagenet,n02814860,n02814860/ILSVRC2012_val_00040364.JPEG
imagenet,n02814860,n02814860/ILSVRC2012_val_00040838.JPEG
imagenet,n02814860,n02814860/ILSVRC2012_val_00041138.JPEG
imagenet,n02814860,n02814860/ILSVRC2012_val_00042469.JPEG
imagenet,n02814860,n02814860/ILSVRC2012_val_00042546.JPEG
imagenet,n02814860,n02814860/ILSVRC2012_val_00044244.JPEG
imagenet,n02814860,n02814860/ILSVRC2012_val_00045456.JPEG
imagenet,n02814860,n02814860/ILSVRC2012_val_00046532.JPEG
imagenet,n02814860,n02814860/ILSVRC2012_val_00047116.JPEG
imagenet,n02814860,n02814860/ILSVRC2012_val_00047155.JPEG
imagenet,n02814860,n02814860/ILSVRC2012_val_00047273.JPEG
imagenet,n02814860,n02814860/ILSVRC2012_val_00049721.JPEG
imagenet,n02814860,n02814860/ILSVRC2012_val_00049827.JPEG
imagenet,n02823750,n02823750/ILSVRC2012_val_00003782.JPEG
imagenet,n02823750,n02823750/ILSVRC2012_val_00003994.JPEG
imagenet,n02823750,n02823750/ILSVRC2012_val_00005229.JPEG
imagenet,n02823750,n02823750/ILSVRC2012_val_00005859.JPEG
imagenet,n02823750,n02823750/ILSVRC2012_val_00006552.JPEG
imagenet,n02823750,n02823750/ILSVRC2012_val_00007022.JPEG
imagenet,n02823750,n02823750/ILSVRC2012_val_00007874.JPEG
imagenet,n02823750,n02823750/ILSVRC2012_val_00009049.JPEG
imagenet,n02823750,n02823750/ILSVRC2012_val_00009391.JPEG
imagenet,n02823750,n02823750/ILSVRC2012_val_00010130.JPEG
imagenet,n02823750,n02823750/ILSVRC2012_val_00010158.JPEG
imagenet,n02823750,n02823750/ILSVRC2012_val_00010416.JPEG
imagenet,n02823750,n02823750/ILSVRC2012_val_00011370.JPEG
imagenet,n02823750,n02823750/ILSVRC2012_val_00011658.JPEG
imagenet,n02823750,n02823750/ILSVRC2012_val_00012933.JPEG
imagenet,n02823750,n02823750/ILSVRC2012_val_00013188.JPEG
imagenet,n02823750,n02823750/ILSVRC2012_val_00013431.JPEG
imagenet,n02823750,n02823750/ILSVRC2012_val_00013745.JPEG
imagenet,n02823750,n02823750/ILSVRC2012_val_00013765.JPEG
imagenet,n02823750,n02823750/ILSVRC2012_val_00014301.JPEG
imagenet,n02823750,n02823750/ILSVRC2012_val_00014305.JPEG
imagenet,n02823750,n02823750/ILSVRC2012_val_00014945.JPEG
imagenet,n02823750,n02823750/ILSVRC2012_val_00016435.JPEG
imagenet,n02823750,n02823750/ILSVRC2012_val_00018356.JPEG
imagenet,n02823750,n02823750/ILSVRC2012_val_00018397.JPEG
imagenet,n02823750,n02823750/ILSVRC2012_val_00019477.JPEG
imagenet,n02823750,n02823750/ILSVRC2012_val_00019580.JPEG
imagenet,n02823750,n02823750/ILSVRC2012_val_00020646.JPEG
imagenet,n02823750,n02823750/ILSVRC2012_val_00020685.JPEG
imagenet,n02823750,n02823750/ILSVRC2012_val_00021427.JPEG
imagenet,n02823750,n02823750/ILSVRC2012_val_00026110.JPEG
imagenet,n02823750,n02823750/ILSVRC2012_val_00027329.JPEG
imagenet,n02823750,n02823750/ILSVRC2012_val_00027981.JPEG
imagenet,n02823750,n02823750/ILSVRC2012_val_00032422.JPEG
imagenet,n02823750,n02823750/ILSVRC2012_val_00033999.JPEG
imagenet,n02823750,n02823750/ILSVRC2012_val_00034202.JPEG
imagenet,n02823750,n02823750/ILSVRC2012_val_00036113.JPEG
imagenet,n02823750,n02823750/ILSVRC2012_val_00037085.JPEG
imagenet,n02823750,n02823750/ILSVRC2012_val_00037183.JPEG
imagenet,n02823750,n02823750/ILSVRC2012_val_00037744.JPEG
imagenet,n02823750,n02823750/ILSVRC2012_val_00039742.JPEG
imagenet,n02823750,n02823750/ILSVRC2012_val_00041752.JPEG
imagenet,n02823750,n02823750/ILSVRC2012_val_00041934.JPEG
imagenet,n02823750,n02823750/ILSVRC2012_val_00042562.JPEG
imagenet,n02823750,n02823750/ILSVRC2012_val_00042994.JPEG
imagenet,n02823750,n02823750/ILSVRC2012_val_00045499.JPEG
imagenet,n02823750,n02823750/ILSVRC2012_val_00046210.JPEG
imagenet,n02823750,n02823750/ILSVRC2012_val_00046967.JPEG
imagenet,n02823750,n02823750/ILSVRC2012_val_00047162.JPEG
imagenet,n02823750,n02823750/ILSVRC2012_val_00047477.JPEG
imagenet,n02841315,n02841315/ILSVRC2012_val_00000917.JPEG
imagenet,n02841315,n02841315/ILSVRC2012_val_00002158.JPEG
imagenet,n02841315,n02841315/ILSVRC2012_val_00003215.JPEG
imagenet,n02841315,n02841315/ILSVRC2012_val_00003479.JPEG
imagenet,n02841315,n02841315/ILSVRC2012_val_00004785.JPEG
imagenet,n02841315,n02841315/ILSVRC2012_val_00005526.JPEG
imagenet,n02841315,n02841315/ILSVRC2012_val_00007638.JPEG
imagenet,n02841315,n02841315/ILSVRC2012_val_00008614.JPEG
imagenet,n02841315,n02841315/ILSVRC2012_val_00010205.JPEG
imagenet,n02841315,n02841315/ILSVRC2012_val_00010394.JPEG
imagenet,n02841315,n02841315/ILSVRC2012_val_00011926.JPEG
imagenet,n02841315,n02841315/ILSVRC2012_val_00011935.JPEG
imagenet,n02841315,n02841315/ILSVRC2012_val_00012679.JPEG
imagenet,n02841315,n02841315/ILSVRC2012_val_00013969.JPEG
imagenet,n02841315,n02841315/ILSVRC2012_val_00014601.JPEG
imagenet,n02841315,n02841315/ILSVRC2012_val_00014836.JPEG
imagenet,n02841315,n02841315/ILSVRC2012_val_00015345.JPEG
imagenet,n02841315,n02841315/ILSVRC2012_val_00016311.JPEG
imagenet,n02841315,n02841315/ILSVRC2012_val_00016652.JPEG
imagenet,n02841315,n02841315/ILSVRC2012_val_00017620.JPEG
imagenet,n02841315,n02841315/ILSVRC2012_val_00017808.JPEG
imagenet,n02841315,n02841315/ILSVRC2012_val_00019552.JPEG
imagenet,n02841315,n02841315/ILSVRC2012_val_00021033.JPEG
imagenet,n02841315,n02841315/ILSVRC2012_val_00022069.JPEG
imagenet,n02841315,n02841315/ILSVRC2012_val_00022229.JPEG
imagenet,n02841315,n02841315/ILSVRC2012_val_00022598.JPEG
imagenet,n02841315,n02841315/ILSVRC2012_val_00024139.JPEG
imagenet,n02841315,n02841315/ILSVRC2012_val_00024742.JPEG
imagenet,n02841315,n02841315/ILSVRC2012_val_00025699.JPEG
imagenet,n02841315,n02841315/ILSVRC2012_val_00025790.JPEG
imagenet,n02841315,n02841315/ILSVRC2012_val_00025826.JPEG
imagenet,n02841315,n02841315/ILSVRC2012_val_00026394.JPEG
imagenet,n02841315,n02841315/ILSVRC2012_val_00028880.JPEG
imagenet,n02841315,n02841315/ILSVRC2012_val_00029279.JPEG
imagenet,n02841315,n02841315/ILSVRC2012_val_00032632.JPEG
imagenet,n02841315,n02841315/ILSVRC2012_val_00032772.JPEG
imagenet,n02841315,n02841315/ILSVRC2012_val_00032897.JPEG
imagenet,n02841315,n02841315/ILSVRC2012_val_00034377.JPEG
imagenet,n02841315,n02841315/ILSVRC2012_val_00039162.JPEG
imagenet,n02841315,n02841315/ILSVRC2012_val_00039447.JPEG
imagenet,n02841315,n02841315/ILSVRC2012_val_00039857.JPEG
imagenet,n02841315,n02841315/ILSVRC2012_val_00039961.JPEG
imagenet,n02841315,n02841315/ILSVRC2012_val_00040318.JPEG
imagenet,n02841315,n02841315/ILSVRC2012_val_00040542.JPEG
imagenet,n02841315,n02841315/ILSVRC2012_val_00040975.JPEG
imagenet,n02841315,n02841315/ILSVRC2012_val_00043589.JPEG
imagenet,n02841315,n02841315/ILSVRC2012_val_00043828.JPEG
imagenet,n02841315,n02841315/ILSVRC2012_val_00046109.JPEG
imagenet,n02841315,n02841315/ILSVRC2012_val_00046844.JPEG
imagenet,n02841315,n02841315/ILSVRC2012_val_00049978.JPEG
imagenet,n02843684,n02843684/ILSVRC2012_val_00000514.JPEG
imagenet,n02843684,n02843684/ILSVRC2012_val_00001630.JPEG
imagenet,n02843684,n02843684/ILSVRC2012_val_00002647.JPEG
imagenet,n02843684,n02843684/ILSVRC2012_val_00003783.JPEG
imagenet,n02843684,n02843684/ILSVRC2012_val_00003952.JPEG
imagenet,n02843684,n02843684/ILSVRC2012_val_00004330.JPEG
imagenet,n02843684,n02843684/ILSVRC2012_val_00005853.JPEG
imagenet,n02843684,n02843684/ILSVRC2012_val_00006780.JPEG
imagenet,n02843684,n02843684/ILSVRC2012_val_00007812.JPEG
imagenet,n02843684,n02843684/ILSVRC2012_val_00008769.JPEG
imagenet,n02843684,n02843684/ILSVRC2012_val_00011133.JPEG
imagenet,n02843684,n02843684/ILSVRC2012_val_00012648.JPEG
imagenet,n02843684,n02843684/ILSVRC2012_val_00012709.JPEG
imagenet,n02843684,n02843684/ILSVRC2012_val_00013138.JPEG
imagenet,n02843684,n02843684/ILSVRC2012_val_00013736.JPEG
imagenet,n02843684,n02843684/ILSVRC2012_val_00014364.JPEG
imagenet,n02843684,n02843684/ILSVRC2012_val_00015234.JPEG
imagenet,n02843684,n02843684/ILSVRC2012_val_00015790.JPEG
imagenet,n02843684,n02843684/ILSVRC2012_val_00015956.JPEG
imagenet,n02843684,n02843684/ILSVRC2012_val_00017166.JPEG
imagenet,n02843684,n02843684/ILSVRC2012_val_00017373.JPEG
imagenet,n02843684,n02843684/ILSVRC2012_val_00017720.JPEG
imagenet,n02843684,n02843684/ILSVRC2012_val_00017798.JPEG
imagenet,n02843684,n02843684/ILSVRC2012_val_00020214.JPEG
imagenet,n02843684,n02843684/ILSVRC2012_val_00021619.JPEG
imagenet,n02843684,n02843684/ILSVRC2012_val_00022132.JPEG
imagenet,n02843684,n02843684/ILSVRC2012_val_00023874.JPEG
imagenet,n02843684,n02843684/ILSVRC2012_val_00023964.JPEG
imagenet,n02843684,n02843684/ILSVRC2012_val_00024936.JPEG
imagenet,n02843684,n02843684/ILSVRC2012_val_00025083.JPEG
imagenet,n02843684,n02843684/ILSVRC2012_val_00025965.JPEG
imagenet,n02843684,n02843684/ILSVRC2012_val_00026179.JPEG
imagenet,n02843684,n02843684/ILSVRC2012_val_00026344.JPEG
imagenet,n02843684,n02843684/ILSVRC2012_val_00026872.JPEG
imagenet,n02843684,n02843684/ILSVRC2012_val_00027127.JPEG
imagenet,n02843684,n02843684/ILSVRC2012_val_00027595.JPEG
imagenet,n02843684,n02843684/ILSVRC2012_val_00027688.JPEG
imagenet,n02843684,n02843684/ILSVRC2012_val_00028359.JPEG
imagenet,n02843684,n02843684/ILSVRC2012_val_00030541.JPEG
imagenet,n02843684,n02843684/ILSVRC2012_val_00030818.JPEG
imagenet,n02843684,n02843684/ILSVRC2012_val_00030980.JPEG
imagenet,n02843684,n02843684/ILSVRC2012_val_00032543.JPEG
imagenet,n02843684,n02843684/ILSVRC2012_val_00034726.JPEG
imagenet,n02843684,n02843684/ILSVRC2012_val_00035716.JPEG
imagenet,n02843684,n02843684/ILSVRC2012_val_00036900.JPEG
imagenet,n02843684,n02843684/ILSVRC2012_val_00037860.JPEG
imagenet,n02843684,n02843684/ILSVRC2012_val_00039629.JPEG
imagenet,n02843684,n02843684/ILSVRC2012_val_00041742.JPEG
imagenet,n02843684,n02843684/ILSVRC2012_val_00046472.JPEG
imagenet,n02843684,n02843684/ILSVRC2012_val_00047023.JPEG
imagenet,n02883205,n02883205/ILSVRC2012_val_00000126.JPEG
imagenet,n02883205,n02883205/ILSVRC2012_val_00000202.JPEG
imagenet,n02883205,n02883205/ILSVRC2012_val_00002038.JPEG
imagenet,n02883205,n02883205/ILSVRC2012_val_00003045.JPEG
imagenet,n02883205,n02883205/ILSVRC2012_val_00003907.JPEG
imagenet,n02883205,n02883205/ILSVRC2012_val_00003934.JPEG
imagenet,n02883205,n02883205/ILSVRC2012_val_00004839.JPEG
imagenet,n02883205,n02883205/ILSVRC2012_val_00004943.JPEG
imagenet,n02883205,n02883205/ILSVRC2012_val_00004987.JPEG
imagenet,n02883205,n02883205/ILSVRC2012_val_00005569.JPEG
imagenet,n02883205,n02883205/ILSVRC2012_val_00005907.JPEG
imagenet,n02883205,n02883205/ILSVRC2012_val_00006456.JPEG
imagenet,n02883205,n02883205/ILSVRC2012_val_00007305.JPEG
imagenet,n02883205,n02883205/ILSVRC2012_val_00008612.JPEG
imagenet,n02883205,n02883205/ILSVRC2012_val_00008638.JPEG
imagenet,n02883205,n02883205/ILSVRC2012_val_00009483.JPEG
imagenet,n02883205,n02883205/ILSVRC2012_val_00012387.JPEG
imagenet,n02883205,n02883205/ILSVRC2012_val_00012923.JPEG
imagenet,n02883205,n02883205/ILSVRC2012_val_00015595.JPEG
imagenet,n02883205,n02883205/ILSVRC2012_val_00017785.JPEG
imagenet,n02883205,n02883205/ILSVRC2012_val_00019224.JPEG
imagenet,n02883205,n02883205/ILSVRC2012_val_00020423.JPEG
imagenet,n02883205,n02883205/ILSVRC2012_val_00022542.JPEG
imagenet,n02883205,n02883205/ILSVRC2012_val_00024771.JPEG
imagenet,n02883205,n02883205/ILSVRC2012_val_00027212.JPEG
imagenet,n02883205,n02883205/ILSVRC2012_val_00028840.JPEG
imagenet,n02883205,n02883205/ILSVRC2012_val_00029234.JPEG
imagenet,n02883205,n02883205/ILSVRC2012_val_00029826.JPEG
imagenet,n02883205,n02883205/ILSVRC2012_val_00031215.JPEG
imagenet,n02883205,n02883205/ILSVRC2012_val_00031681.JPEG
imagenet,n02883205,n02883205/ILSVRC2012_val_00033208.JPEG
imagenet,n02883205,n02883205/ILSVRC2012_val_00033484.JPEG
imagenet,n02883205,n02883205/ILSVRC2012_val_00034710.JPEG
imagenet,n02883205,n02883205/ILSVRC2012_val_00034967.JPEG
imagenet,n02883205,n02883205/ILSVRC2012_val_00036348.JPEG
imagenet,n02883205,n02883205/ILSVRC2012_val_00036568.JPEG
imagenet,n02883205,n02883205/ILSVRC2012_val_00036791.JPEG
imagenet,n02883205,n02883205/ILSVRC2012_val_00037178.JPEG
imagenet,n02883205,n02883205/ILSVRC2012_val_00037646.JPEG
imagenet,n02883205,n02883205/ILSVRC2012_val_00038746.JPEG
imagenet,n02883205,n02883205/ILSVRC2012_val_00039581.JPEG
imagenet,n02883205,n02883205/ILSVRC2012_val_00039746.JPEG
imagenet,n02883205,n02883205/ILSVRC2012_val_00042358.JPEG
imagenet,n02883205,n02883205/ILSVRC2012_val_00042415.JPEG
imagenet,n02883205,n02883205/ILSVRC2012_val_00043821.JPEG
imagenet,n02883205,n02883205/ILSVRC2012_val_00043900.JPEG
imagenet,n02883205,n02883205/ILSVRC2012_val_00045515.JPEG
imagenet,n02883205,n02883205/ILSVRC2012_val_00047120.JPEG
imagenet,n02883205,n02883205/ILSVRC2012_val_00047478.JPEG
imagenet,n02883205,n02883205/ILSVRC2012_val_00047612.JPEG
imagenet,n02906734,n02906734/ILSVRC2012_val_00002937.JPEG
imagenet,n02906734,n02906734/ILSVRC2012_val_00003397.JPEG
imagenet,n02906734,n02906734/ILSVRC2012_val_00004586.JPEG
imagenet,n02906734,n02906734/ILSVRC2012_val_00004664.JPEG
imagenet,n02906734,n02906734/ILSVRC2012_val_00005144.JPEG
imagenet,n02906734,n02906734/ILSVRC2012_val_00007167.JPEG
imagenet,n02906734,n02906734/ILSVRC2012_val_00008097.JPEG
imagenet,n02906734,n02906734/ILSVRC2012_val_00008117.JPEG
imagenet,n02906734,n02906734/ILSVRC2012_val_00008505.JPEG
imagenet,n02906734,n02906734/ILSVRC2012_val_00009304.JPEG
imagenet,n02906734,n02906734/ILSVRC2012_val_00010279.JPEG
imagenet,n02906734,n02906734/ILSVRC2012_val_00010496.JPEG
imagenet,n02906734,n02906734/ILSVRC2012_val_00012020.JPEG
imagenet,n02906734,n02906734/ILSVRC2012_val_00013061.JPEG
imagenet,n02906734,n02906734/ILSVRC2012_val_00013336.JPEG
imagenet,n02906734,n02906734/ILSVRC2012_val_00014004.JPEG
imagenet,n02906734,n02906734/ILSVRC2012_val_00014268.JPEG
imagenet,n02906734,n02906734/ILSVRC2012_val_00015359.JPEG
imagenet,n02906734,n02906734/ILSVRC2012_val_00016296.JPEG
imagenet,n02906734,n02906734/ILSVRC2012_val_00016839.JPEG
imagenet,n02906734,n02906734/ILSVRC2012_val_00017512.JPEG
imagenet,n02906734,n02906734/ILSVRC2012_val_00018911.JPEG
imagenet,n02906734,n02906734/ILSVRC2012_val_00024031.JPEG
imagenet,n02906734,n02906734/ILSVRC2012_val_00024493.JPEG
imagenet,n02906734,n02906734/ILSVRC2012_val_00026107.JPEG
imagenet,n02906734,n02906734/ILSVRC2012_val_00027338.JPEG
imagenet,n02906734,n02906734/ILSVRC2012_val_00028098.JPEG
imagenet,n02906734,n02906734/ILSVRC2012_val_00028772.JPEG
imagenet,n02906734,n02906734/ILSVRC2012_val_00030331.JPEG
imagenet,n02906734,n02906734/ILSVRC2012_val_00032789.JPEG
imagenet,n02906734,n02906734/ILSVRC2012_val_00033688.JPEG
imagenet,n02906734,n02906734/ILSVRC2012_val_00035100.JPEG
imagenet,n02906734,n02906734/ILSVRC2012_val_00036355.JPEG
imagenet,n02906734,n02906734/ILSVRC2012_val_00036748.JPEG
imagenet,n02906734,n02906734/ILSVRC2012_val_00036800.JPEG
imagenet,n02906734,n02906734/ILSVRC2012_val_00038800.JPEG
imagenet,n02906734,n02906734/ILSVRC2012_val_00040599.JPEG
imagenet,n02906734,n02906734/ILSVRC2012_val_00040693.JPEG
imagenet,n02906734,n02906734/ILSVRC2012_val_00040873.JPEG
imagenet,n02906734,n02906734/ILSVRC2012_val_00041788.JPEG
imagenet,n02906734,n02906734/ILSVRC2012_val_00041911.JPEG
imagenet,n02906734,n02906734/ILSVRC2012_val_00042629.JPEG
imagenet,n02906734,n02906734/ILSVRC2012_val_00042973.JPEG
imagenet,n02906734,n02906734/ILSVRC2012_val_00044489.JPEG
imagenet,n02906734,n02906734/ILSVRC2012_val_00045118.JPEG
imagenet,n02906734,n02906734/ILSVRC2012_val_00045199.JPEG
imagenet,n02906734,n02906734/ILSVRC2012_val_00045922.JPEG
imagenet,n02906734,n02906734/ILSVRC2012_val_00047857.JPEG
imagenet,n02906734,n02906734/ILSVRC2012_val_00047904.JPEG
imagenet,n02906734,n02906734/ILSVRC2012_val_00049698.JPEG
imagenet,n02909870,n02909870/ILSVRC2012_val_00000226.JPEG
imagenet,n02909870,n02909870/ILSVRC2012_val_00000336.JPEG
imagenet,n02909870,n02909870/ILSVRC2012_val_00001126.JPEG
imagenet,n02909870,n02909870/ILSVRC2012_val_00001214.JPEG
imagenet,n02909870,n02909870/ILSVRC2012_val_00004236.JPEG
imagenet,n02909870,n02909870/ILSVRC2012_val_00004625.JPEG
imagenet,n02909870,n02909870/ILSVRC2012_val_00005035.JPEG
imagenet,n02909870,n02909870/ILSVRC2012_val_00006327.JPEG
imagenet,n02909870,n02909870/ILSVRC2012_val_00006594.JPEG
imagenet,n02909870,n02909870/ILSVRC2012_val_00007724.JPEG
imagenet,n02909870,n02909870/ILSVRC2012_val_00008220.JPEG
imagenet,n02909870,n02909870/ILSVRC2012_val_00008396.JPEG
imagenet,n02909870,n02909870/ILSVRC2012_val_00010175.JPEG
imagenet,n02909870,n02909870/ILSVRC2012_val_00011094.JPEG
imagenet,n02909870,n02909870/ILSVRC2012_val_00011119.JPEG
imagenet,n02909870,n02909870/ILSVRC2012_val_00013122.JPEG
imagenet,n02909870,n02909870/ILSVRC2012_val_00013222.JPEG
imagenet,n02909870,n02909870/ILSVRC2012_val_00013226.JPEG
imagenet,n02909870,n02909870/ILSVRC2012_val_00013968.JPEG
imagenet,n02909870,n02909870/ILSVRC2012_val_00016300.JPEG
imagenet,n02909870,n02909870/ILSVRC2012_val_00017066.JPEG
imagenet,n02909870,n02909870/ILSVRC2012_val_00017170.JPEG
imagenet,n02909870,n02909870/ILSVRC2012_val_00017622.JPEG
imagenet,n02909870,n02909870/ILSVRC2012_val_00020852.JPEG
imagenet,n02909870,n02909870/ILSVRC2012_val_00022064.JPEG
imagenet,n02909870,n02909870/ILSVRC2012_val_00022528.JPEG
imagenet,n02909870,n02909870/ILSVRC2012_val_00022605.JPEG
imagenet,n02909870,n02909870/ILSVRC2012_val_00023828.JPEG
imagenet,n02909870,n02909870/ILSVRC2012_val_00024539.JPEG
imagenet,n02909870,n02909870/ILSVRC2012_val_00027739.JPEG
imagenet,n02909870,n02909870/ILSVRC2012_val_00029235.JPEG
imagenet,n02909870,n02909870/ILSVRC2012_val_00030335.JPEG
imagenet,n02909870,n02909870/ILSVRC2012_val_00031208.JPEG
imagenet,n02909870,n02909870/ILSVRC2012_val_00033388.JPEG
imagenet,n02909870,n02909870/ILSVRC2012_val_00033936.JPEG
imagenet,n02909870,n02909870/ILSVRC2012_val_00034503.JPEG
imagenet,n02909870,n02909870/ILSVRC2012_val_00035806.JPEG
imagenet,n02909870,n02909870/ILSVRC2012_val_00036628.JPEG
imagenet,n02909870,n02909870/ILSVRC2012_val_00040061.JPEG
imagenet,n02909870,n02909870/ILSVRC2012_val_00041404.JPEG
imagenet,n02909870,n02909870/ILSVRC2012_val_00042290.JPEG
imagenet,n02909870,n02909870/ILSVRC2012_val_00042633.JPEG
imagenet,n02909870,n02909870/ILSVRC2012_val_00042873.JPEG
imagenet,n02909870,n02909870/ILSVRC2012_val_00042988.JPEG
imagenet,n02909870,n02909870/ILSVRC2012_val_00043472.JPEG
imagenet,n02909870,n02909870/ILSVRC2012_val_00045186.JPEG
imagenet,n02909870,n02909870/ILSVRC2012_val_00045322.JPEG
imagenet,n02909870,n02909870/ILSVRC2012_val_00046426.JPEG
imagenet,n02909870,n02909870/ILSVRC2012_val_00048205.JPEG
imagenet,n02909870,n02909870/ILSVRC2012_val_00049238.JPEG
imagenet,n02939185,n02939185/ILSVRC2012_val_00000302.JPEG
imagenet,n02939185,n02939185/ILSVRC2012_val_00002629.JPEG
imagenet,n02939185,n02939185/ILSVRC2012_val_00002947.JPEG
imagenet,n02939185,n02939185/ILSVRC2012_val_00003247.JPEG
imagenet,n02939185,n02939185/ILSVRC2012_val_00006010.JPEG
imagenet,n02939185,n02939185/ILSVRC2012_val_00006325.JPEG
imagenet,n02939185,n02939185/ILSVRC2012_val_00006370.JPEG
imagenet,n02939185,n02939185/ILSVRC2012_val_00007070.JPEG
imagenet,n02939185,n02939185/ILSVRC2012_val_00008169.JPEG
imagenet,n02939185,n02939185/ILSVRC2012_val_00008625.JPEG
imagenet,n02939185,n02939185/ILSVRC2012_val_00009140.JPEG
imagenet,n02939185,n02939185/ILSVRC2012_val_00009919.JPEG
imagenet,n02939185,n02939185/ILSVRC2012_val_00010201.JPEG
imagenet,n02939185,n02939185/ILSVRC2012_val_00010282.JPEG
imagenet,n02939185,n02939185/ILSVRC2012_val_00011050.JPEG
imagenet,n02939185,n02939185/ILSVRC2012_val_00012210.JPEG
imagenet,n02939185,n02939185/ILSVRC2012_val_00013864.JPEG
imagenet,n02939185,n02939185/ILSVRC2012_val_00014420.JPEG
imagenet,n02939185,n02939185/ILSVRC2012_val_00014853.JPEG
imagenet,n02939185,n02939185/ILSVRC2012_val_00017286.JPEG
imagenet,n02939185,n02939185/ILSVRC2012_val_00017886.JPEG
imagenet,n02939185,n02939185/ILSVRC2012_val_00020028.JPEG
imagenet,n02939185,n02939185/ILSVRC2012_val_00021757.JPEG
imagenet,n02939185,n02939185/ILSVRC2012_val_00021805.JPEG
imagenet,n02939185,n02939185/ILSVRC2012_val_00024512.JPEG
imagenet,n02939185,n02939185/ILSVRC2012_val_00025163.JPEG
imagenet,n02939185,n02939185/ILSVRC2012_val_00025808.JPEG
imagenet,n02939185,n02939185/ILSVRC2012_val_00028378.JPEG
imagenet,n02939185,n02939185/ILSVRC2012_val_00029179.JPEG
imagenet,n02939185,n02939185/ILSVRC2012_val_00031234.JPEG
imagenet,n02939185,n02939185/ILSVRC2012_val_00031283.JPEG
imagenet,n02939185,n02939185/ILSVRC2012_val_00031452.JPEG
imagenet,n02939185,n02939185/ILSVRC2012_val_00033151.JPEG
imagenet,n02939185,n02939185/ILSVRC2012_val_00034236.JPEG
imagenet,n02939185,n02939185/ILSVRC2012_val_00034904.JPEG
imagenet,n02939185,n02939185/ILSVRC2012_val_00035031.JPEG
imagenet,n02939185,n02939185/ILSVRC2012_val_00035816.JPEG
imagenet,n02939185,n02939185/ILSVRC2012_val_00036084.JPEG
imagenet,n02939185,n02939185/ILSVRC2012_val_00038645.JPEG
imagenet,n02939185,n02939185/ILSVRC2012_val_00040315.JPEG
imagenet,n02939185,n02939185/ILSVRC2012_val_00041034.JPEG
imagenet,n02939185,n02939185/ILSVRC2012_val_00041614.JPEG
imagenet,n02939185,n02939185/ILSVRC2012_val_00043061.JPEG
imagenet,n02939185,n02939185/ILSVRC2012_val_00043291.JPEG
imagenet,n02939185,n02939185/ILSVRC2012_val_00043971.JPEG
imagenet,n02939185,n02939185/ILSVRC2012_val_00044457.JPEG
imagenet,n02939185,n02939185/ILSVRC2012_val_00046481.JPEG
imagenet,n02939185,n02939185/ILSVRC2012_val_00049223.JPEG
imagenet,n02939185,n02939185/ILSVRC2012_val_00049308.JPEG
imagenet,n02939185,n02939185/ILSVRC2012_val_00049824.JPEG
imagenet,n02948072,n02948072/ILSVRC2012_val_00002596.JPEG
imagenet,n02948072,n02948072/ILSVRC2012_val_00003486.JPEG
imagenet,n02948072,n02948072/ILSVRC2012_val_00006227.JPEG
imagenet,n02948072,n02948072/ILSVRC2012_val_00007580.JPEG
imagenet,n02948072,n02948072/ILSVRC2012_val_00007749.JPEG
imagenet,n02948072,n02948072/ILSVRC2012_val_00007889.JPEG
imagenet,n02948072,n02948072/ILSVRC2012_val_00008021.JPEG
imagenet,n02948072,n02948072/ILSVRC2012_val_00008717.JPEG
imagenet,n02948072,n02948072/ILSVRC2012_val_00008806.JPEG
imagenet,n02948072,n02948072/ILSVRC2012_val_00010256.JPEG
imagenet,n02948072,n02948072/ILSVRC2012_val_00010335.JPEG
imagenet,n02948072,n02948072/ILSVRC2012_val_00010993.JPEG
imagenet,n02948072,n02948072/ILSVRC2012_val_00011230.JPEG
imagenet,n02948072,n02948072/ILSVRC2012_val_00012453.JPEG
imagenet,n02948072,n02948072/ILSVRC2012_val_00014393.JPEG
imagenet,n02948072,n02948072/ILSVRC2012_val_00014435.JPEG
imagenet,n02948072,n02948072/ILSVRC2012_val_00014444.JPEG
imagenet,n02948072,n02948072/ILSVRC2012_val_00017392.JPEG
imagenet,n02948072,n02948072/ILSVRC2012_val_00019806.JPEG
imagenet,n02948072,n02948072/ILSVRC2012_val_00019827.JPEG
imagenet,n02948072,n02948072/ILSVRC2012_val_00021186.JPEG
imagenet,n02948072,n02948072/ILSVRC2012_val_00021250.JPEG
imagenet,n02948072,n02948072/ILSVRC2012_val_00022603.JPEG
imagenet,n02948072,n02948072/ILSVRC2012_val_00022845.JPEG
imagenet,n02948072,n02948072/ILSVRC2012_val_00023314.JPEG
imagenet,n02948072,n02948072/ILSVRC2012_val_00023934.JPEG
imagenet,n02948072,n02948072/ILSVRC2012_val_00025086.JPEG
imagenet,n02948072,n02948072/ILSVRC2012_val_00025186.JPEG
imagenet,n02948072,n02948072/ILSVRC2012_val_00026055.JPEG
imagenet,n02948072,n02948072/ILSVRC2012_val_00027000.JPEG
imagenet,n02948072,n02948072/ILSVRC2012_val_00027494.JPEG
imagenet,n02948072,n02948072/ILSVRC2012_val_00030363.JPEG
imagenet,n02948072,n02948072/ILSVRC2012_val_00030664.JPEG
imagenet,n02948072,n02948072/ILSVRC2012_val_00031683.JPEG
imagenet,n02948072,n02948072/ILSVRC2012_val_00032008.JPEG
imagenet,n02948072,n02948072/ILSVRC2012_val_00034517.JPEG
imagenet,n02948072,n02948072/ILSVRC2012_val_00035263.JPEG
imagenet,n02948072,n02948072/ILSVRC2012_val_00037224.JPEG
imagenet,n02948072,n02948072/ILSVRC2012_val_00037695.JPEG
imagenet,n02948072,n02948072/ILSVRC2012_val_00038251.JPEG
imagenet,n02948072,n02948072/ILSVRC2012_val_00038456.JPEG
imagenet,n02948072,n02948072/ILSVRC2012_val_00041374.JPEG
imagenet,n02948072,n02948072/ILSVRC2012_val_00041434.JPEG
imagenet,n02948072,n02948072/ILSVRC2012_val_00043507.JPEG
imagenet,n02948072,n02948072/ILSVRC2012_val_00043844.JPEG
imagenet,n02948072,n02948072/ILSVRC2012_val_00045660.JPEG
imagenet,n02948072,n02948072/ILSVRC2012_val_00046860.JPEG
imagenet,n02948072,n02948072/ILSVRC2012_val_00047415.JPEG
imagenet,n02948072,n02948072/ILSVRC2012_val_00048528.JPEG
imagenet,n02948072,n02948072/ILSVRC2012_val_00049083.JPEG
imagenet,n02950826,n02950826/ILSVRC2012_val_00000392.JPEG
imagenet,n02950826,n02950826/ILSVRC2012_val_00000596.JPEG
imagenet,n02950826,n02950826/ILSVRC2012_val_00001399.JPEG
imagenet,n02950826,n02950826/ILSVRC2012_val_00001528.JPEG
imagenet,n02950826,n02950826/ILSVRC2012_val_00001902.JPEG
imagenet,n02950826,n02950826/ILSVRC2012_val_00004447.JPEG
imagenet,n02950826,n02950826/ILSVRC2012_val_00005016.JPEG
imagenet,n02950826,n02950826/ILSVRC2012_val_00005222.JPEG
imagenet,n02950826,n02950826/ILSVRC2012_val_00006467.JPEG
imagenet,n02950826,n02950826/ILSVRC2012_val_00008964.JPEG
imagenet,n02950826,n02950826/ILSVRC2012_val_00009648.JPEG
imagenet,n02950826,n02950826/ILSVRC2012_val_00010903.JPEG
imagenet,n02950826,n02950826/ILSVRC2012_val_00011155.JPEG
imagenet,n02950826,n02950826/ILSVRC2012_val_00012063.JPEG
imagenet,n02950826,n02950826/ILSVRC2012_val_00012710.JPEG
imagenet,n02950826,n02950826/ILSVRC2012_val_00014835.JPEG
imagenet,n02950826,n02950826/ILSVRC2012_val_00015215.JPEG
imagenet,n02950826,n02950826/ILSVRC2012_val_00017566.JPEG
imagenet,n02950826,n02950826/ILSVRC2012_val_00019075.JPEG
imagenet,n02950826,n02950826/ILSVRC2012_val_00019887.JPEG
imagenet,n02950826,n02950826/ILSVRC2012_val_00020752.JPEG
imagenet,n02950826,n02950826/ILSVRC2012_val_00021004.JPEG
imagenet,n02950826,n02950826/ILSVRC2012_val_00022031.JPEG
imagenet,n02950826,n02950826/ILSVRC2012_val_00024648.JPEG
imagenet,n02950826,n02950826/ILSVRC2012_val_00027001.JPEG
imagenet,n02950826,n02950826/ILSVRC2012_val_00028171.JPEG
imagenet,n02950826,n02950826/ILSVRC2012_val_00030053.JPEG
imagenet,n02950826,n02950826/ILSVRC2012_val_00031000.JPEG
imagenet,n02950826,n02950826/ILSVRC2012_val_00031280.JPEG
imagenet,n02950826,n02950826/ILSVRC2012_val_00031501.JPEG
imagenet,n02950826,n02950826/ILSVRC2012_val_00032815.JPEG
imagenet,n02950826,n02950826/ILSVRC2012_val_00033446.JPEG
imagenet,n02950826,n02950826/ILSVRC2012_val_00034326.JPEG
imagenet,n02950826,n02950826/ILSVRC2012_val_00034902.JPEG
imagenet,n02950826,n02950826/ILSVRC2012_val_00035629.JPEG
imagenet,n02950826,n02950826/ILSVRC2012_val_00036357.JPEG
imagenet,n02950826,n02950826/ILSVRC2012_val_00036600.JPEG
imagenet,n02950826,n02950826/ILSVRC2012_val_00037796.JPEG
imagenet,n02950826,n02950826/ILSVRC2012_val_00037996.JPEG
imagenet,n02950826,n02950826/ILSVRC2012_val_00038297.JPEG
imagenet,n02950826,n02950826/ILSVRC2012_val_00039382.JPEG
imagenet,n02950826,n02950826/ILSVRC2012_val_00040095.JPEG
imagenet,n02950826,n02950826/ILSVRC2012_val_00040163.JPEG
imagenet,n02950826,n02950826/ILSVRC2012_val_00041215.JPEG
imagenet,n02950826,n02950826/ILSVRC2012_val_00041750.JPEG
imagenet,n02950826,n02950826/ILSVRC2012_val_00042461.JPEG
imagenet,n02950826,n02950826/ILSVRC2012_val_00043244.JPEG
imagenet,n02950826,n02950826/ILSVRC2012_val_00043973.JPEG
imagenet,n02950826,n02950826/ILSVRC2012_val_00045603.JPEG
imagenet,n02950826,n02950826/ILSVRC2012_val_00046261.JPEG
imagenet,n02951358,n02951358/ILSVRC2012_val_00000347.JPEG
imagenet,n02951358,n02951358/ILSVRC2012_val_00001326.JPEG
imagenet,n02951358,n02951358/ILSVRC2012_val_00001677.JPEG
imagenet,n02951358,n02951358/ILSVRC2012_val_00002732.JPEG
imagenet,n02951358,n02951358/ILSVRC2012_val_00004909.JPEG
imagenet,n02951358,n02951358/ILSVRC2012_val_00007245.JPEG
imagenet,n02951358,n02951358/ILSVRC2012_val_00007438.JPEG
imagenet,n02951358,n02951358/ILSVRC2012_val_00008477.JPEG
imagenet,n02951358,n02951358/ILSVRC2012_val_00008828.JPEG
imagenet,n02951358,n02951358/ILSVRC2012_val_00010474.JPEG
imagenet,n02951358,n02951358/ILSVRC2012_val_00011563.JPEG
imagenet,n02951358,n02951358/ILSVRC2012_val_00012403.JPEG
imagenet,n02951358,n02951358/ILSVRC2012_val_00012673.JPEG
imagenet,n02951358,n02951358/ILSVRC2012_val_00013191.JPEG
imagenet,n02951358,n02951358/ILSVRC2012_val_00015044.JPEG
imagenet,n02951358,n02951358/ILSVRC2012_val_00017912.JPEG
imagenet,n02951358,n02951358/ILSVRC2012_val_00019947.JPEG
imagenet,n02951358,n02951358/ILSVRC2012_val_00020877.JPEG
imagenet,n02951358,n02951358/ILSVRC2012_val_00021156.JPEG
imagenet,n02951358,n02951358/ILSVRC2012_val_00022210.JPEG
imagenet,n02951358,n02951358/ILSVRC2012_val_00023574.JPEG
imagenet,n02951358,n02951358/ILSVRC2012_val_00023856.JPEG
imagenet,n02951358,n02951358/ILSVRC2012_val_00024906.JPEG
imagenet,n02951358,n02951358/ILSVRC2012_val_00025415.JPEG
imagenet,n02951358,n02951358/ILSVRC2012_val_00026054.JPEG
imagenet,n02951358,n02951358/ILSVRC2012_val_00026341.JPEG
imagenet,n02951358,n02951358/ILSVRC2012_val_00026990.JPEG
imagenet,n02951358,n02951358/ILSVRC2012_val_00027088.JPEG
imagenet,n02951358,n02951358/ILSVRC2012_val_00028376.JPEG
imagenet,n02951358,n02951358/ILSVRC2012_val_00028660.JPEG
imagenet,n02951358,n02951358/ILSVRC2012_val_00029462.JPEG
imagenet,n02951358,n02951358/ILSVRC2012_val_00030001.JPEG
imagenet,n02951358,n02951358/ILSVRC2012_val_00030824.JPEG
imagenet,n02951358,n02951358/ILSVRC2012_val_00031213.JPEG
imagenet,n02951358,n02951358/ILSVRC2012_val_00032408.JPEG
imagenet,n02951358,n02951358/ILSVRC2012_val_00032433.JPEG
imagenet,n02951358,n02951358/ILSVRC2012_val_00032600.JPEG
imagenet,n02951358,n02951358/ILSVRC2012_val_00033316.JPEG
imagenet,n02951358,n02951358/ILSVRC2012_val_00033883.JPEG
imagenet,n02951358,n02951358/ILSVRC2012_val_00037707.JPEG
imagenet,n02951358,n02951358/ILSVRC2012_val_00039572.JPEG
imagenet,n02951358,n02951358/ILSVRC2012_val_00039945.JPEG
imagenet,n02951358,n02951358/ILSVRC2012_val_00040491.JPEG
imagenet,n02951358,n02951358/ILSVRC2012_val_00041227.JPEG
imagenet,n02951358,n02951358/ILSVRC2012_val_00041830.JPEG
imagenet,n02951358,n02951358/ILSVRC2012_val_00043133.JPEG
imagenet,n02951358,n02951358/ILSVRC2012_val_00045786.JPEG
imagenet,n02951358,n02951358/ILSVRC2012_val_00046387.JPEG
imagenet,n02951358,n02951358/ILSVRC2012_val_00048455.JPEG
imagenet,n02951358,n02951358/ILSVRC2012_val_00048773.JPEG
imagenet,n02966193,n02966193/ILSVRC2012_val_00000074.JPEG
imagenet,n02966193,n02966193/ILSVRC2012_val_00004484.JPEG
imagenet,n02966193,n02966193/ILSVRC2012_val_00005552.JPEG
imagenet,n02966193,n02966193/ILSVRC2012_val_00006344.JPEG
imagenet,n02966193,n02966193/ILSVRC2012_val_00007637.JPEG
imagenet,n02966193,n02966193/ILSVRC2012_val_00008293.JPEG
imagenet,n02966193,n02966193/ILSVRC2012_val_00008914.JPEG
imagenet,n02966193,n02966193/ILSVRC2012_val_00009011.JPEG
imagenet,n02966193,n02966193/ILSVRC2012_val_00010578.JPEG
imagenet,n02966193,n02966193/ILSVRC2012_val_00010837.JPEG
imagenet,n02966193,n02966193/ILSVRC2012_val_00011195.JPEG
imagenet,n02966193,n02966193/ILSVRC2012_val_00011199.JPEG
imagenet,n02966193,n02966193/ILSVRC2012_val_00011602.JPEG
imagenet,n02966193,n02966193/ILSVRC2012_val_00012278.JPEG
imagenet,n02966193,n02966193/ILSVRC2012_val_00012675.JPEG
imagenet,n02966193,n02966193/ILSVRC2012_val_00012715.JPEG
imagenet,n02966193,n02966193/ILSVRC2012_val_00012851.JPEG
imagenet,n02966193,n02966193/ILSVRC2012_val_00013846.JPEG
imagenet,n02966193,n02966193/ILSVRC2012_val_00015138.JPEG
imagenet,n02966193,n02966193/ILSVRC2012_val_00015147.JPEG
imagenet,n02966193,n02966193/ILSVRC2012_val_00016271.JPEG
imagenet,n02966193,n02966193/ILSVRC2012_val_00016573.JPEG
imagenet,n02966193,n02966193/ILSVRC2012_val_00017990.JPEG
imagenet,n02966193,n02966193/ILSVRC2012_val_00019102.JPEG
imagenet,n02966193,n02966193/ILSVRC2012_val_00019199.JPEG
imagenet,n02966193,n02966193/ILSVRC2012_val_00019819.JPEG
imagenet,n02966193,n02966193/ILSVRC2012_val_00020077.JPEG
imagenet,n02966193,n02966193/ILSVRC2012_val_00020337.JPEG
imagenet,n02966193,n02966193/ILSVRC2012_val_00020734.JPEG
imagenet,n02966193,n02966193/ILSVRC2012_val_00021189.JPEG
imagenet,n02966193,n02966193/ILSVRC2012_val_00023992.JPEG
imagenet,n02966193,n02966193/ILSVRC2012_val_00026303.JPEG
imagenet,n02966193,n02966193/ILSVRC2012_val_00030310.JPEG
imagenet,n02966193,n02966193/ILSVRC2012_val_00031350.JPEG
imagenet,n02966193,n02966193/ILSVRC2012_val_00031566.JPEG
imagenet,n02966193,n02966193/ILSVRC2012_val_00032898.JPEG
imagenet,n02966193,n02966193/ILSVRC2012_val_00032969.JPEG
imagenet,n02966193,n02966193/ILSVRC2012_val_00033090.JPEG
imagenet,n02966193,n02966193/ILSVRC2012_val_00039037.JPEG
imagenet,n02966193,n02966193/ILSVRC2012_val_00039383.JPEG
imagenet,n02966193,n02966193/ILSVRC2012_val_00040277.JPEG
imagenet,n02966193,n02966193/ILSVRC2012_val_00040917.JPEG
imagenet,n02966193,n02966193/ILSVRC2012_val_00043579.JPEG
imagenet,n02966193,n02966193/ILSVRC2012_val_00044864.JPEG
imagenet,n02966193,n02966193/ILSVRC2012_val_00046263.JPEG
imagenet,n02966193,n02966193/ILSVRC2012_val_00047099.JPEG
imagenet,n02966193,n02966193/ILSVRC2012_val_00047111.JPEG
imagenet,n02966193,n02966193/ILSVRC2012_val_00047790.JPEG
imagenet,n02966193,n02966193/ILSVRC2012_val_00047792.JPEG
imagenet,n02966193,n02966193/ILSVRC2012_val_00049670.JPEG
imagenet,n02980441,n02980441/ILSVRC2012_val_00000122.JPEG
imagenet,n02980441,n02980441/ILSVRC2012_val_00001990.JPEG
imagenet,n02980441,n02980441/ILSVRC2012_val_00002061.JPEG
imagenet,n02980441,n02980441/ILSVRC2012_val_00002487.JPEG
imagenet,n02980441,n02980441/ILSVRC2012_val_00003916.JPEG
imagenet,n02980441,n02980441/ILSVRC2012_val_00004071.JPEG
imagenet,n02980441,n02980441/ILSVRC2012_val_00004647.JPEG
imagenet,n02980441,n02980441/ILSVRC2012_val_00005338.JPEG
imagenet,n02980441,n02980441/ILSVRC2012_val_00005503.JPEG
imagenet,n02980441,n02980441/ILSVRC2012_val_00006355.JPEG
imagenet,n02980441,n02980441/ILSVRC2012_val_00006522.JPEG
imagenet,n02980441,n02980441/ILSVRC2012_val_00011145.JPEG
imagenet,n02980441,n02980441/ILSVRC2012_val_00013726.JPEG
imagenet,n02980441,n02980441/ILSVRC2012_val_00014642.JPEG
imagenet,n02980441,n02980441/ILSVRC2012_val_00014661.JPEG
imagenet,n02980441,n02980441/ILSVRC2012_val_00014807.JPEG
imagenet,n02980441,n02980441/ILSVRC2012_val_00017042.JPEG
imagenet,n02980441,n02980441/ILSVRC2012_val_00017829.JPEG
imagenet,n02980441,n02980441/ILSVRC2012_val_00018553.JPEG
imagenet,n02980441,n02980441/ILSVRC2012_val_00018999.JPEG
imagenet,n02980441,n02980441/ILSVRC2012_val_00019095.JPEG
imagenet,n02980441,n02980441/ILSVRC2012_val_00019157.JPEG
imagenet,n02980441,n02980441/ILSVRC2012_val_00019214.JPEG
imagenet,n02980441,n02980441/ILSVRC2012_val_00019377.JPEG
imagenet,n02980441,n02980441/ILSVRC2012_val_00019778.JPEG
imagenet,n02980441,n02980441/ILSVRC2012_val_00019831.JPEG
imagenet,n02980441,n02980441/ILSVRC2012_val_00020249.JPEG
imagenet,n02980441,n02980441/ILSVRC2012_val_00020777.JPEG
imagenet,n02980441,n02980441/ILSVRC2012_val_00021425.JPEG
imagenet,n02980441,n02980441/ILSVRC2012_val_00023472.JPEG
imagenet,n02980441,n02980441/ILSVRC2012_val_00023667.JPEG
imagenet,n02980441,n02980441/ILSVRC2012_val_00023875.JPEG
imagenet,n02980441,n02980441/ILSVRC2012_val_00024088.JPEG
imagenet,n02980441,n02980441/ILSVRC2012_val_00027848.JPEG
imagenet,n02980441,n02980441/ILSVRC2012_val_00029345.JPEG
imagenet,n02980441,n02980441/ILSVRC2012_val_00030999.JPEG
imagenet,n02980441,n02980441/ILSVRC2012_val_00032173.JPEG
imagenet,n02980441,n02980441/ILSVRC2012_val_00033614.JPEG
imagenet,n02980441,n02980441/ILSVRC2012_val_00034374.JPEG
imagenet,n02980441,n02980441/ILSVRC2012_val_00034819.JPEG
imagenet,n02980441,n02980441/ILSVRC2012_val_00037341.JPEG
imagenet,n02980441,n02980441/ILSVRC2012_val_00037813.JPEG
imagenet,n02980441,n02980441/ILSVRC2012_val_00039597.JPEG
imagenet,n02980441,n02980441/ILSVRC2012_val_00041139.JPEG
imagenet,n02980441,n02980441/ILSVRC2012_val_00041354.JPEG
imagenet,n02980441,n02980441/ILSVRC2012_val_00041372.JPEG
imagenet,n02980441,n02980441/ILSVRC2012_val_00043355.JPEG
imagenet,n02980441,n02980441/ILSVRC2012_val_00044012.JPEG
imagenet,n02980441,n02980441/ILSVRC2012_val_00045955.JPEG
imagenet,n02980441,n02980441/ILSVRC2012_val_00047362.JPEG
imagenet,n02992529,n02992529/ILSVRC2012_val_00000089.JPEG
imagenet,n02992529,n02992529/ILSVRC2012_val_00000257.JPEG
imagenet,n02992529,n02992529/ILSVRC2012_val_00002114.JPEG
imagenet,n02992529,n02992529/ILSVRC2012_val_00003469.JPEG
imagenet,n02992529,n02992529/ILSVRC2012_val_00004117.JPEG
imagenet,n02992529,n02992529/ILSVRC2012_val_00005688.JPEG
imagenet,n02992529,n02992529/ILSVRC2012_val_00005705.JPEG
imagenet,n02992529,n02992529/ILSVRC2012_val_00006156.JPEG
imagenet,n02992529,n02992529/ILSVRC2012_val_00008314.JPEG
imagenet,n02992529,n02992529/ILSVRC2012_val_00008541.JPEG
imagenet,n02992529,n02992529/ILSVRC2012_val_00008583.JPEG
imagenet,n02992529,n02992529/ILSVRC2012_val_00010101.JPEG
imagenet,n02992529,n02992529/ILSVRC2012_val_00010353.JPEG
imagenet,n02992529,n02992529/ILSVRC2012_val_00010737.JPEG
imagenet,n02992529,n02992529/ILSVRC2012_val_00010788.JPEG
imagenet,n02992529,n02992529/ILSVRC2012_val_00011346.JPEG
imagenet,n02992529,n02992529/ILSVRC2012_val_00011809.JPEG
imagenet,n02992529,n02992529/ILSVRC2012_val_00013031.JPEG
imagenet,n02992529,n02992529/ILSVRC2012_val_00014562.JPEG
imagenet,n02992529,n02992529/ILSVRC2012_val_00016828.JPEG
imagenet,n02992529,n02992529/ILSVRC2012_val_00017262.JPEG
imagenet,n02992529,n02992529/ILSVRC2012_val_00017833.JPEG
imagenet,n02992529,n02992529/ILSVRC2012_val_00019685.JPEG
imagenet,n02992529,n02992529/ILSVRC2012_val_00020206.JPEG
imagenet,n02992529,n02992529/ILSVRC2012_val_00020233.JPEG
imagenet,n02992529,n02992529/ILSVRC2012_val_00023929.JPEG
imagenet,n02992529,n02992529/ILSVRC2012_val_00024979.JPEG
imagenet,n02992529,n02992529/ILSVRC2012_val_00026822.JPEG
imagenet,n02992529,n02992529/ILSVRC2012_val_00028116.JPEG
imagenet,n02992529,n02992529/ILSVRC2012_val_00028501.JPEG
imagenet,n02992529,n02992529/ILSVRC2012_val_00030872.JPEG
imagenet,n02992529,n02992529/ILSVRC2012_val_00031438.JPEG
imagenet,n02992529,n02992529/ILSVRC2012_val_00032046.JPEG
imagenet,n02992529,n02992529/ILSVRC2012_val_00033180.JPEG
imagenet,n02992529,n02992529/ILSVRC2012_val_00033654.JPEG
imagenet,n02992529,n02992529/ILSVRC2012_val_00034755.JPEG
imagenet,n02992529,n02992529/ILSVRC2012_val_00035610.JPEG
imagenet,n02992529,n02992529/ILSVRC2012_val_00036024.JPEG
imagenet,n02992529,n02992529/ILSVRC2012_val_00037257.JPEG
imagenet,n02992529,n02992529/ILSVRC2012_val_00039245.JPEG
imagenet,n02992529,n02992529/ILSVRC2012_val_00039425.JPEG
imagenet,n02992529,n02992529/ILSVRC2012_val_00039592.JPEG
imagenet,n02992529,n02992529/ILSVRC2012_val_00039932.JPEG
imagenet,n02992529,n02992529/ILSVRC2012_val_00043042.JPEG
imagenet,n02992529,n02992529/ILSVRC2012_val_00045128.JPEG
imagenet,n02992529,n02992529/ILSVRC2012_val_00046512.JPEG
imagenet,n02992529,n02992529/ILSVRC2012_val_00046613.JPEG
imagenet,n02992529,n02992529/ILSVRC2012_val_00047006.JPEG
imagenet,n02992529,n02992529/ILSVRC2012_val_00047946.JPEG
imagenet,n02992529,n02992529/ILSVRC2012_val_00049503.JPEG
imagenet,n03124170,n03124170/ILSVRC2012_val_00001875.JPEG
imagenet,n03124170,n03124170/ILSVRC2012_val_00002368.JPEG
imagenet,n03124170,n03124170/ILSVRC2012_val_00002639.JPEG
imagenet,n03124170,n03124170/ILSVRC2012_val_00003256.JPEG
imagenet,n03124170,n03124170/ILSVRC2012_val_00003760.JPEG
imagenet,n03124170,n03124170/ILSVRC2012_val_00004413.JPEG
imagenet,n03124170,n03124170/ILSVRC2012_val_00004872.JPEG
imagenet,n03124170,n03124170/ILSVRC2012_val_00005265.JPEG
imagenet,n03124170,n03124170/ILSVRC2012_val_00005346.JPEG
imagenet,n03124170,n03124170/ILSVRC2012_val_00005719.JPEG
imagenet,n03124170,n03124170/ILSVRC2012_val_00006020.JPEG
imagenet,n03124170,n03124170/ILSVRC2012_val_00006384.JPEG
imagenet,n03124170,n03124170/ILSVRC2012_val_00006490.JPEG
imagenet,n03124170,n03124170/ILSVRC2012_val_00008522.JPEG
imagenet,n03124170,n03124170/ILSVRC2012_val_00009695.JPEG
imagenet,n03124170,n03124170/ILSVRC2012_val_00010957.JPEG
imagenet,n03124170,n03124170/ILSVRC2012_val_00012841.JPEG
imagenet,n03124170,n03124170/ILSVRC2012_val_00013362.JPEG
imagenet,n03124170,n03124170/ILSVRC2012_val_00013839.JPEG
imagenet,n03124170,n03124170/ILSVRC2012_val_00016207.JPEG
imagenet,n03124170,n03124170/ILSVRC2012_val_00016536.JPEG
imagenet,n03124170,n03124170/ILSVRC2012_val_00017204.JPEG
imagenet,n03124170,n03124170/ILSVRC2012_val_00018482.JPEG
imagenet,n03124170,n03124170/ILSVRC2012_val_00020143.JPEG
imagenet,n03124170,n03124170/ILSVRC2012_val_00020388.JPEG
imagenet,n03124170,n03124170/ILSVRC2012_val_00022722.JPEG
imagenet,n03124170,n03124170/ILSVRC2012_val_00023878.JPEG
imagenet,n03124170,n03124170/ILSVRC2012_val_00024379.JPEG
imagenet,n03124170,n03124170/ILSVRC2012_val_00024382.JPEG
imagenet,n03124170,n03124170/ILSVRC2012_val_00024741.JPEG
imagenet,n03124170,n03124170/ILSVRC2012_val_00025254.JPEG
imagenet,n03124170,n03124170/ILSVRC2012_val_00026251.JPEG
imagenet,n03124170,n03124170/ILSVRC2012_val_00029414.JPEG
imagenet,n03124170,n03124170/ILSVRC2012_val_00029739.JPEG
imagenet,n03124170,n03124170/ILSVRC2012_val_00030013.JPEG
imagenet,n03124170,n03124170/ILSVRC2012_val_00030122.JPEG
imagenet,n03124170,n03124170/ILSVRC2012_val_00032152.JPEG
imagenet,n03124170,n03124170/ILSVRC2012_val_00033776.JPEG
imagenet,n03124170,n03124170/ILSVRC2012_val_00035648.JPEG
imagenet,n03124170,n03124170/ILSVRC2012_val_00035920.JPEG
imagenet,n03124170,n03124170/ILSVRC2012_val_00036529.JPEG
imagenet,n03124170,n03124170/ILSVRC2012_val_00037403.JPEG
imagenet,n03124170,n03124170/ILSVRC2012_val_00038273.JPEG
imagenet,n03124170,n03124170/ILSVRC2012_val_00039750.JPEG
imagenet,n03124170,n03124170/ILSVRC2012_val_00040779.JPEG
imagenet,n03124170,n03124170/ILSVRC2012_val_00041392.JPEG
imagenet,n03124170,n03124170/ILSVRC2012_val_00042942.JPEG
imagenet,n03124170,n03124170/ILSVRC2012_val_00047208.JPEG
imagenet,n03124170,n03124170/ILSVRC2012_val_00047358.JPEG
imagenet,n03124170,n03124170/ILSVRC2012_val_00049869.JPEG
imagenet,n03272010,n03272010/ILSVRC2012_val_00000374.JPEG
imagenet,n03272010,n03272010/ILSVRC2012_val_00000467.JPEG
imagenet,n03272010,n03272010/ILSVRC2012_val_00001273.JPEG
imagenet,n03272010,n03272010/ILSVRC2012_val_00001836.JPEG
imagenet,n03272010,n03272010/ILSVRC2012_val_00002143.JPEG
imagenet,n03272010,n03272010/ILSVRC2012_val_00002992.JPEG
imagenet,n03272010,n03272010/ILSVRC2012_val_00003552.JPEG
imagenet,n03272010,n03272010/ILSVRC2012_val_00004994.JPEG
imagenet,n03272010,n03272010/ILSVRC2012_val_00005986.JPEG
imagenet,n03272010,n03272010/ILSVRC2012_val_00006373.JPEG
imagenet,n03272010,n03272010/ILSVRC2012_val_00006680.JPEG
imagenet,n03272010,n03272010/ILSVRC2012_val_00008283.JPEG
imagenet,n03272010,n03272010/ILSVRC2012_val_00008326.JPEG
imagenet,n03272010,n03272010/ILSVRC2012_val_00008655.JPEG
imagenet,n03272010,n03272010/ILSVRC2012_val_00009587.JPEG
imagenet,n03272010,n03272010/ILSVRC2012_val_00009952.JPEG
imagenet,n03272010,n03272010/ILSVRC2012_val_00010371.JPEG
imagenet,n03272010,n03272010/ILSVRC2012_val_00010661.JPEG
imagenet,n03272010,n03272010/ILSVRC2012_val_00012911.JPEG
imagenet,n03272010,n03272010/ILSVRC2012_val_00013005.JPEG
imagenet,n03272010,n03272010/ILSVRC2012_val_00013540.JPEG
imagenet,n03272010,n03272010/ILSVRC2012_val_00014896.JPEG
imagenet,n03272010,n03272010/ILSVRC2012_val_00015207.JPEG
imagenet,n03272010,n03272010/ILSVRC2012_val_00018023.JPEG
imagenet,n03272010,n03272010/ILSVRC2012_val_00019195.JPEG
imagenet,n03272010,n03272010/ILSVRC2012_val_00021013.JPEG
imagenet,n03272010,n03272010/ILSVRC2012_val_00021556.JPEG
imagenet,n03272010,n03272010/ILSVRC2012_val_00021720.JPEG
imagenet,n03272010,n03272010/ILSVRC2012_val_00021729.JPEG
imagenet,n03272010,n03272010/ILSVRC2012_val_00022203.JPEG
imagenet,n03272010,n03272010/ILSVRC2012_val_00022811.JPEG
imagenet,n03272010,n03272010/ILSVRC2012_val_00025223.JPEG
imagenet,n03272010,n03272010/ILSVRC2012_val_00027707.JPEG
imagenet,n03272010,n03272010/ILSVRC2012_val_00029593.JPEG
imagenet,n03272010,n03272010/ILSVRC2012_val_00032755.JPEG
imagenet,n03272010,n03272010/ILSVRC2012_val_00033727.JPEG
imagenet,n03272010,n03272010/ILSVRC2012_val_00033765.JPEG
imagenet,n03272010,n03272010/ILSVRC2012_val_00035404.JPEG
imagenet,n03272010,n03272010/ILSVRC2012_val_00038597.JPEG
imagenet,n03272010,n03272010/ILSVRC2012_val_00039867.JPEG
imagenet,n03272010,n03272010/ILSVRC2012_val_00039929.JPEG
imagenet,n03272010,n03272010/ILSVRC2012_val_00040569.JPEG
imagenet,n03272010,n03272010/ILSVRC2012_val_00041609.JPEG
imagenet,n03272010,n03272010/ILSVRC2012_val_00042093.JPEG
imagenet,n03272010,n03272010/ILSVRC2012_val_00043615.JPEG
imagenet,n03272010,n03272010/ILSVRC2012_val_00044737.JPEG
imagenet,n03272010,n03272010/ILSVRC2012_val_00045682.JPEG
imagenet,n03272010,n03272010/ILSVRC2012_val_00046980.JPEG
imagenet,n03272010,n03272010/ILSVRC2012_val_00048443.JPEG
imagenet,n03272010,n03272010/ILSVRC2012_val_00049873.JPEG
imagenet,n03345487,n03345487/ILSVRC2012_val_00000764.JPEG
imagenet,n03345487,n03345487/ILSVRC2012_val_00001491.JPEG
imagenet,n03345487,n03345487/ILSVRC2012_val_00003016.JPEG
imagenet,n03345487,n03345487/ILSVRC2012_val_00003050.JPEG
imagenet,n03345487,n03345487/ILSVRC2012_val_00003384.JPEG
imagenet,n03345487,n03345487/ILSVRC2012_val_00004238.JPEG
imagenet,n03345487,n03345487/ILSVRC2012_val_00008012.JPEG
imagenet,n03345487,n03345487/ILSVRC2012_val_00008013.JPEG
imagenet,n03345487,n03345487/ILSVRC2012_val_00008602.JPEG
imagenet,n03345487,n03345487/ILSVRC2012_val_00008767.JPEG
imagenet,n03345487,n03345487/ILSVRC2012_val_00008893.JPEG
imagenet,n03345487,n03345487/ILSVRC2012_val_00010690.JPEG
imagenet,n03345487,n03345487/ILSVRC2012_val_00011102.JPEG
imagenet,n03345487,n03345487/ILSVRC2012_val_00012916.JPEG
imagenet,n03345487,n03345487/ILSVRC2012_val_00014366.JPEG
imagenet,n03345487,n03345487/ILSVRC2012_val_00014385.JPEG
imagenet,n03345487,n03345487/ILSVRC2012_val_00015376.JPEG
imagenet,n03345487,n03345487/ILSVRC2012_val_00016650.JPEG
imagenet,n03345487,n03345487/ILSVRC2012_val_00019954.JPEG
imagenet,n03345487,n03345487/ILSVRC2012_val_00020483.JPEG
imagenet,n03345487,n03345487/ILSVRC2012_val_00022602.JPEG
imagenet,n03345487,n03345487/ILSVRC2012_val_00023423.JPEG
imagenet,n03345487,n03345487/ILSVRC2012_val_00023724.JPEG
imagenet,n03345487,n03345487/ILSVRC2012_val_00024593.JPEG
imagenet,n03345487,n03345487/ILSVRC2012_val_00025134.JPEG
imagenet,n03345487,n03345487/ILSVRC2012_val_00025573.JPEG
imagenet,n03345487,n03345487/ILSVRC2012_val_00025838.JPEG
imagenet,n03345487,n03345487/ILSVRC2012_val_00028536.JPEG
imagenet,n03345487,n03345487/ILSVRC2012_val_00029595.JPEG
imagenet,n03345487,n03345487/ILSVRC2012_val_00029847.JPEG
imagenet,n03345487,n03345487/ILSVRC2012_val_00031405.JPEG
imagenet,n03345487,n03345487/ILSVRC2012_val_00032745.JPEG
imagenet,n03345487,n03345487/ILSVRC2012_val_00034104.JPEG
imagenet,n03345487,n03345487/ILSVRC2012_val_00034340.JPEG
imagenet,n03345487,n03345487/ILSVRC2012_val_00036198.JPEG
imagenet,n03345487,n03345487/ILSVRC2012_val_00037232.JPEG
imagenet,n03345487,n03345487/ILSVRC2012_val_00039000.JPEG
imagenet,n03345487,n03345487/ILSVRC2012_val_00039248.JPEG
imagenet,n03345487,n03345487/ILSVRC2012_val_00039449.JPEG
imagenet,n03345487,n03345487/ILSVRC2012_val_00041256.JPEG
imagenet,n03345487,n03345487/ILSVRC2012_val_00043256.JPEG
imagenet,n03345487,n03345487/ILSVRC2012_val_00045592.JPEG
imagenet,n03345487,n03345487/ILSVRC2012_val_00046181.JPEG
imagenet,n03345487,n03345487/ILSVRC2012_val_00046909.JPEG
imagenet,n03345487,n03345487/ILSVRC2012_val_00047102.JPEG
imagenet,n03345487,n03345487/ILSVRC2012_val_00047461.JPEG
imagenet,n03345487,n03345487/ILSVRC2012_val_00047588.JPEG
imagenet,n03345487,n03345487/ILSVRC2012_val_00047888.JPEG
imagenet,n03345487,n03345487/ILSVRC2012_val_00048156.JPEG
imagenet,n03345487,n03345487/ILSVRC2012_val_00049032.JPEG
imagenet,n03372029,n03372029/ILSVRC2012_val_00000140.JPEG
imagenet,n03372029,n03372029/ILSVRC2012_val_00001896.JPEG
imagenet,n03372029,n03372029/ILSVRC2012_val_00002542.JPEG
imagenet,n03372029,n03372029/ILSVRC2012_val_00003736.JPEG
imagenet,n03372029,n03372029/ILSVRC2012_val_00003784.JPEG
imagenet,n03372029,n03372029/ILSVRC2012_val_00004099.JPEG
imagenet,n03372029,n03372029/ILSVRC2012_val_00005811.JPEG
imagenet,n03372029,n03372029/ILSVRC2012_val_00007291.JPEG
imagenet,n03372029,n03372029/ILSVRC2012_val_00007509.JPEG
imagenet,n03372029,n03372029/ILSVRC2012_val_00008240.JPEG
imagenet,n03372029,n03372029/ILSVRC2012_val_00008540.JPEG
imagenet,n03372029,n03372029/ILSVRC2012_val_00009395.JPEG
imagenet,n03372029,n03372029/ILSVRC2012_val_00011201.JPEG
imagenet,n03372029,n03372029/ILSVRC2012_val_00011785.JPEG
imagenet,n03372029,n03372029/ILSVRC2012_val_00012350.JPEG
imagenet,n03372029,n03372029/ILSVRC2012_val_00012821.JPEG
imagenet,n03372029,n03372029/ILSVRC2012_val_00012964.JPEG
imagenet,n03372029,n03372029/ILSVRC2012_val_00013537.JPEG
imagenet,n03372029,n03372029/ILSVRC2012_val_00013749.JPEG
imagenet,n03372029,n03372029/ILSVRC2012_val_00014407.JPEG
imagenet,n03372029,n03372029/ILSVRC2012_val_00014577.JPEG
imagenet,n03372029,n03372029/ILSVRC2012_val_00016025.JPEG
imagenet,n03372029,n03372029/ILSVRC2012_val_00018133.JPEG
imagenet,n03372029,n03372029/ILSVRC2012_val_00019375.JPEG
imagenet,n03372029,n03372029/ILSVRC2012_val_00021414.JPEG
imagenet,n03372029,n03372029/ILSVRC2012_val_00021856.JPEG
imagenet,n03372029,n03372029/ILSVRC2012_val_00022013.JPEG
imagenet,n03372029,n03372029/ILSVRC2012_val_00023506.JPEG
imagenet,n03372029,n03372029/ILSVRC2012_val_00023610.JPEG
imagenet,n03372029,n03372029/ILSVRC2012_val_00025781.JPEG
imagenet,n03372029,n03372029/ILSVRC2012_val_00026483.JPEG
imagenet,n03372029,n03372029/ILSVRC2012_val_00026960.JPEG
imagenet,n03372029,n03372029/ILSVRC2012_val_00028005.JPEG
imagenet,n03372029,n03372029/ILSVRC2012_val_00028591.JPEG
imagenet,n03372029,n03372029/ILSVRC2012_val_00028648.JPEG
imagenet,n03372029,n03372029/ILSVRC2012_val_00029188.JPEG
imagenet,n03372029,n03372029/ILSVRC2012_val_00031149.JPEG
imagenet,n03372029,n03372029/ILSVRC2012_val_00031790.JPEG
imagenet,n03372029,n03372029/ILSVRC2012_val_00034642.JPEG
imagenet,n03372029,n03372029/ILSVRC2012_val_00034937.JPEG
imagenet,n03372029,n03372029/ILSVRC2012_val_00037468.JPEG
imagenet,n03372029,n03372029/ILSVRC2012_val_00037909.JPEG
imagenet,n03372029,n03372029/ILSVRC2012_val_00040369.JPEG
imagenet,n03372029,n03372029/ILSVRC2012_val_00041986.JPEG
imagenet,n03372029,n03372029/ILSVRC2012_val_00043562.JPEG
imagenet,n03372029,n03372029/ILSVRC2012_val_00044942.JPEG
imagenet,n03372029,n03372029/ILSVRC2012_val_00046205.JPEG
imagenet,n03372029,n03372029/ILSVRC2012_val_00047537.JPEG
imagenet,n03372029,n03372029/ILSVRC2012_val_00048013.JPEG
imagenet,n03372029,n03372029/ILSVRC2012_val_00048122.JPEG
imagenet,n03424325,n03424325/ILSVRC2012_val_00002290.JPEG
imagenet,n03424325,n03424325/ILSVRC2012_val_00005055.JPEG
imagenet,n03424325,n03424325/ILSVRC2012_val_00005566.JPEG
imagenet,n03424325,n03424325/ILSVRC2012_val_00005630.JPEG
imagenet,n03424325,n03424325/ILSVRC2012_val_00006147.JPEG
imagenet,n03424325,n03424325/ILSVRC2012_val_00007166.JPEG
imagenet,n03424325,n03424325/ILSVRC2012_val_00007659.JPEG
imagenet,n03424325,n03424325/ILSVRC2012_val_00007669.JPEG
imagenet,n03424325,n03424325/ILSVRC2012_val_00008355.JPEG
imagenet,n03424325,n03424325/ILSVRC2012_val_00009315.JPEG
imagenet,n03424325,n03424325/ILSVRC2012_val_00009479.JPEG
imagenet,n03424325,n03424325/ILSVRC2012_val_00009506.JPEG
imagenet,n03424325,n03424325/ILSVRC2012_val_00009685.JPEG
imagenet,n03424325,n03424325/ILSVRC2012_val_00009791.JPEG
imagenet,n03424325,n03424325/ILSVRC2012_val_00011486.JPEG
imagenet,n03424325,n03424325/ILSVRC2012_val_00011700.JPEG
imagenet,n03424325,n03424325/ILSVRC2012_val_00012981.JPEG
imagenet,n03424325,n03424325/ILSVRC2012_val_00013630.JPEG
imagenet,n03424325,n03424325/ILSVRC2012_val_00014992.JPEG
imagenet,n03424325,n03424325/ILSVRC2012_val_00015369.JPEG
imagenet,n03424325,n03424325/ILSVRC2012_val_00016675.JPEG
imagenet,n03424325,n03424325/ILSVRC2012_val_00017033.JPEG
imagenet,n03424325,n03424325/ILSVRC2012_val_00017928.JPEG
imagenet,n03424325,n03424325/ILSVRC2012_val_00018376.JPEG
imagenet,n03424325,n03424325/ILSVRC2012_val_00018874.JPEG
imagenet,n03424325,n03424325/ILSVRC2012_val_00021850.JPEG
imagenet,n03424325,n03424325/ILSVRC2012_val_00023123.JPEG
imagenet,n03424325,n03424325/ILSVRC2012_val_00023141.JPEG
imagenet,n03424325,n03424325/ILSVRC2012_val_00023331.JPEG
imagenet,n03424325,n03424325/ILSVRC2012_val_00025425.JPEG
imagenet,n03424325,n03424325/ILSVRC2012_val_00026832.JPEG
imagenet,n03424325,n03424325/ILSVRC2012_val_00026931.JPEG
imagenet,n03424325,n03424325/ILSVRC2012_val_00027495.JPEG
imagenet,n03424325,n03424325/ILSVRC2012_val_00027617.JPEG
imagenet,n03424325,n03424325/ILSVRC2012_val_00027964.JPEG
imagenet,n03424325,n03424325/ILSVRC2012_val_00028515.JPEG
imagenet,n03424325,n03424325/ILSVRC2012_val_00029263.JPEG
imagenet,n03424325,n03424325/ILSVRC2012_val_00031677.JPEG
imagenet,n03424325,n03424325/ILSVRC2012_val_00034204.JPEG
imagenet,n03424325,n03424325/ILSVRC2012_val_00035533.JPEG
imagenet,n03424325,n03424325/ILSVRC2012_val_00036432.JPEG
imagenet,n03424325,n03424325/ILSVRC2012_val_00036966.JPEG
imagenet,n03424325,n03424325/ILSVRC2012_val_00039279.JPEG
imagenet,n03424325,n03424325/ILSVRC2012_val_00040202.JPEG
imagenet,n03424325,n03424325/ILSVRC2012_val_00040636.JPEG
imagenet,n03424325,n03424325/ILSVRC2012_val_00043184.JPEG
imagenet,n03424325,n03424325/ILSVRC2012_val_00043389.JPEG
imagenet,n03424325,n03424325/ILSVRC2012_val_00043852.JPEG
imagenet,n03424325,n03424325/ILSVRC2012_val_00047935.JPEG
imagenet,n03424325,n03424325/ILSVRC2012_val_00048697.JPEG
imagenet,n03452741,n03452741/ILSVRC2012_val_00000662.JPEG
imagenet,n03452741,n03452741/ILSVRC2012_val_00001017.JPEG
imagenet,n03452741,n03452741/ILSVRC2012_val_00002690.JPEG
imagenet,n03452741,n03452741/ILSVRC2012_val_00003889.JPEG
imagenet,n03452741,n03452741/ILSVRC2012_val_00006036.JPEG
imagenet,n03452741,n03452741/ILSVRC2012_val_00007450.JPEG
imagenet,n03452741,n03452741/ILSVRC2012_val_00007940.JPEG
imagenet,n03452741,n03452741/ILSVRC2012_val_00008996.JPEG
imagenet,n03452741,n03452741/ILSVRC2012_val_00010820.JPEG
imagenet,n03452741,n03452741/ILSVRC2012_val_00010946.JPEG
imagenet,n03452741,n03452741/ILSVRC2012_val_00011986.JPEG
imagenet,n03452741,n03452741/ILSVRC2012_val_00012694.JPEG
imagenet,n03452741,n03452741/ILSVRC2012_val_00012805.JPEG
imagenet,n03452741,n03452741/ILSVRC2012_val_00013298.JPEG
imagenet,n03452741,n03452741/ILSVRC2012_val_00013511.JPEG
imagenet,n03452741,n03452741/ILSVRC2012_val_00016165.JPEG
imagenet,n03452741,n03452741/ILSVRC2012_val_00016899.JPEG
imagenet,n03452741,n03452741/ILSVRC2012_val_00018721.JPEG
imagenet,n03452741,n03452741/ILSVRC2012_val_00018954.JPEG
imagenet,n03452741,n03452741/ILSVRC2012_val_00019981.JPEG
imagenet,n03452741,n03452741/ILSVRC2012_val_00020252.JPEG
imagenet,n03452741,n03452741/ILSVRC2012_val_00020812.JPEG
imagenet,n03452741,n03452741/ILSVRC2012_val_00021188.JPEG
imagenet,n03452741,n03452741/ILSVRC2012_val_00021190.JPEG
imagenet,n03452741,n03452741/ILSVRC2012_val_00021661.JPEG
imagenet,n03452741,n03452741/ILSVRC2012_val_00021695.JPEG
imagenet,n03452741,n03452741/ILSVRC2012_val_00022718.JPEG
imagenet,n03452741,n03452741/ILSVRC2012_val_00025572.JPEG
imagenet,n03452741,n03452741/ILSVRC2012_val_00025854.JPEG
imagenet,n03452741,n03452741/ILSVRC2012_val_00026127.JPEG
imagenet,n03452741,n03452741/ILSVRC2012_val_00028144.JPEG
imagenet,n03452741,n03452741/ILSVRC2012_val_00028207.JPEG
imagenet,n03452741,n03452741/ILSVRC2012_val_00028864.JPEG
imagenet,n03452741,n03452741/ILSVRC2012_val_00029142.JPEG
imagenet,n03452741,n03452741/ILSVRC2012_val_00029617.JPEG
imagenet,n03452741,n03452741/ILSVRC2012_val_00029952.JPEG
imagenet,n03452741,n03452741/ILSVRC2012_val_00032387.JPEG
imagenet,n03452741,n03452741/ILSVRC2012_val_00032753.JPEG
imagenet,n03452741,n03452741/ILSVRC2012_val_00033366.JPEG
imagenet,n03452741,n03452741/ILSVRC2012_val_00034400.JPEG
imagenet,n03452741,n03452741/ILSVRC2012_val_00034629.JPEG
imagenet,n03452741,n03452741/ILSVRC2012_val_00035196.JPEG
imagenet,n03452741,n03452741/ILSVRC2012_val_00037045.JPEG
imagenet,n03452741,n03452741/ILSVRC2012_val_00037936.JPEG
imagenet,n03452741,n03452741/ILSVRC2012_val_00039714.JPEG
imagenet,n03452741,n03452741/ILSVRC2012_val_00039717.JPEG
imagenet,n03452741,n03452741/ILSVRC2012_val_00043659.JPEG
imagenet,n03452741,n03452741/ILSVRC2012_val_00043735.JPEG
imagenet,n03452741,n03452741/ILSVRC2012_val_00047672.JPEG
imagenet,n03452741,n03452741/ILSVRC2012_val_00048755.JPEG
imagenet,n03467068,n03467068/ILSVRC2012_val_00000169.JPEG
imagenet,n03467068,n03467068/ILSVRC2012_val_00001841.JPEG
imagenet,n03467068,n03467068/ILSVRC2012_val_00001996.JPEG
imagenet,n03467068,n03467068/ILSVRC2012_val_00002218.JPEG
imagenet,n03467068,n03467068/ILSVRC2012_val_00006707.JPEG
imagenet,n03467068,n03467068/ILSVRC2012_val_00007208.JPEG
imagenet,n03467068,n03467068/ILSVRC2012_val_00009700.JPEG
imagenet,n03467068,n03467068/ILSVRC2012_val_00009931.JPEG
imagenet,n03467068,n03467068/ILSVRC2012_val_00010095.JPEG
imagenet,n03467068,n03467068/ILSVRC2012_val_00010625.JPEG
imagenet,n03467068,n03467068/ILSVRC2012_val_00011622.JPEG
imagenet,n03467068,n03467068/ILSVRC2012_val_00012225.JPEG
imagenet,n03467068,n03467068/ILSVRC2012_val_00013057.JPEG
imagenet,n03467068,n03467068/ILSVRC2012_val_00013177.JPEG
imagenet,n03467068,n03467068/ILSVRC2012_val_00014231.JPEG
imagenet,n03467068,n03467068/ILSVRC2012_val_00015497.JPEG
imagenet,n03467068,n03467068/ILSVRC2012_val_00015630.JPEG
imagenet,n03467068,n03467068/ILSVRC2012_val_00016424.JPEG
imagenet,n03467068,n03467068/ILSVRC2012_val_00016636.JPEG
imagenet,n03467068,n03467068/ILSVRC2012_val_00017122.JPEG
imagenet,n03467068,n03467068/ILSVRC2012_val_00018621.JPEG
imagenet,n03467068,n03467068/ILSVRC2012_val_00019332.JPEG
imagenet,n03467068,n03467068/ILSVRC2012_val_00019416.JPEG
imagenet,n03467068,n03467068/ILSVRC2012_val_00020240.JPEG
imagenet,n03467068,n03467068/ILSVRC2012_val_00020435.JPEG
imagenet,n03467068,n03467068/ILSVRC2012_val_00020984.JPEG
imagenet,n03467068,n03467068/ILSVRC2012_val_00021434.JPEG
imagenet,n03467068,n03467068/ILSVRC2012_val_00026034.JPEG
imagenet,n03467068,n03467068/ILSVRC2012_val_00028668.JPEG
imagenet,n03467068,n03467068/ILSVRC2012_val_00029694.JPEG
imagenet,n03467068,n03467068/ILSVRC2012_val_00031264.JPEG
imagenet,n03467068,n03467068/ILSVRC2012_val_00035431.JPEG
imagenet,n03467068,n03467068/ILSVRC2012_val_00038559.JPEG
imagenet,n03467068,n03467068/ILSVRC2012_val_00039679.JPEG
imagenet,n03467068,n03467068/ILSVRC2012_val_00041424.JPEG
imagenet,n03467068,n03467068/ILSVRC2012_val_00042452.JPEG
imagenet,n03467068,n03467068/ILSVRC2012_val_00042555.JPEG
imagenet,n03467068,n03467068/ILSVRC2012_val_00042875.JPEG
imagenet,n03467068,n03467068/ILSVRC2012_val_00043020.JPEG
imagenet,n03467068,n03467068/ILSVRC2012_val_00044304.JPEG
imagenet,n03467068,n03467068/ILSVRC2012_val_00044502.JPEG
imagenet,n03467068,n03467068/ILSVRC2012_val_00044525.JPEG
imagenet,n03467068,n03467068/ILSVRC2012_val_00044967.JPEG
imagenet,n03467068,n03467068/ILSVRC2012_val_00047008.JPEG
imagenet,n03467068,n03467068/ILSVRC2012_val_00047256.JPEG
imagenet,n03467068,n03467068/ILSVRC2012_val_00048005.JPEG
imagenet,n03467068,n03467068/ILSVRC2012_val_00048878.JPEG
imagenet,n03467068,n03467068/ILSVRC2012_val_00049842.JPEG
imagenet,n03467068,n03467068/ILSVRC2012_val_00049891.JPEG
imagenet,n03467068,n03467068/ILSVRC2012_val_00049971.JPEG
imagenet,n03481172,n03481172/ILSVRC2012_val_00000887.JPEG
imagenet,n03481172,n03481172/ILSVRC2012_val_00001110.JPEG
imagenet,n03481172,n03481172/ILSVRC2012_val_00001591.JPEG
imagenet,n03481172,n03481172/ILSVRC2012_val_00003387.JPEG
imagenet,n03481172,n03481172/ILSVRC2012_val_00006198.JPEG
imagenet,n03481172,n03481172/ILSVRC2012_val_00007391.JPEG
imagenet,n03481172,n03481172/ILSVRC2012_val_00007907.JPEG
imagenet,n03481172,n03481172/ILSVRC2012_val_00009070.JPEG
imagenet,n03481172,n03481172/ILSVRC2012_val_00009152.JPEG
imagenet,n03481172,n03481172/ILSVRC2012_val_00009914.JPEG
imagenet,n03481172,n03481172/ILSVRC2012_val_00010847.JPEG
imagenet,n03481172,n03481172/ILSVRC2012_val_00013413.JPEG
imagenet,n03481172,n03481172/ILSVRC2012_val_00015583.JPEG
imagenet,n03481172,n03481172/ILSVRC2012_val_00015880.JPEG
imagenet,n03481172,n03481172/ILSVRC2012_val_00015962.JPEG
imagenet,n03481172,n03481172/ILSVRC2012_val_00017320.JPEG
imagenet,n03481172,n03481172/ILSVRC2012_val_00017376.JPEG
imagenet,n03481172,n03481172/ILSVRC2012_val_00017991.JPEG
imagenet,n03481172,n03481172/ILSVRC2012_val_00018822.JPEG
imagenet,n03481172,n03481172/ILSVRC2012_val_00020314.JPEG
imagenet,n03481172,n03481172/ILSVRC2012_val_00020721.JPEG
imagenet,n03481172,n03481172/ILSVRC2012_val_00021070.JPEG
imagenet,n03481172,n03481172/ILSVRC2012_val_00024402.JPEG
imagenet,n03481172,n03481172/ILSVRC2012_val_00024424.JPEG
imagenet,n03481172,n03481172/ILSVRC2012_val_00024678.JPEG
imagenet,n03481172,n03481172/ILSVRC2012_val_00025034.JPEG
imagenet,n03481172,n03481172/ILSVRC2012_val_00025789.JPEG
imagenet,n03481172,n03481172/ILSVRC2012_val_00026527.JPEG
imagenet,n03481172,n03481172/ILSVRC2012_val_00026993.JPEG
imagenet,n03481172,n03481172/ILSVRC2012_val_00027296.JPEG
imagenet,n03481172,n03481172/ILSVRC2012_val_00028069.JPEG
imagenet,n03481172,n03481172/ILSVRC2012_val_00028474.JPEG
imagenet,n03481172,n03481172/ILSVRC2012_val_00029860.JPEG
imagenet,n03481172,n03481172/ILSVRC2012_val_00032002.JPEG
imagenet,n03481172,n03481172/ILSVRC2012_val_00032084.JPEG
imagenet,n03481172,n03481172/ILSVRC2012_val_00032972.JPEG
imagenet,n03481172,n03481172/ILSVRC2012_val_00037086.JPEG
imagenet,n03481172,n03481172/ILSVRC2012_val_00037956.JPEG
imagenet,n03481172,n03481172/ILSVRC2012_val_00038221.JPEG
imagenet,n03481172,n03481172/ILSVRC2012_val_00039315.JPEG
imagenet,n03481172,n03481172/ILSVRC2012_val_00041876.JPEG
imagenet,n03481172,n03481172/ILSVRC2012_val_00042543.JPEG
imagenet,n03481172,n03481172/ILSVRC2012_val_00044583.JPEG
imagenet,n03481172,n03481172/ILSVRC2012_val_00044928.JPEG
imagenet,n03481172,n03481172/ILSVRC2012_val_00045142.JPEG
imagenet,n03481172,n03481172/ILSVRC2012_val_00045395.JPEG
imagenet,n03481172,n03481172/ILSVRC2012_val_00045767.JPEG
imagenet,n03481172,n03481172/ILSVRC2012_val_00047166.JPEG
imagenet,n03481172,n03481172/ILSVRC2012_val_00049008.JPEG
imagenet,n03481172,n03481172/ILSVRC2012_val_00049491.JPEG
imagenet,n03494278,n03494278/ILSVRC2012_val_00001030.JPEG
imagenet,n03494278,n03494278/ILSVRC2012_val_00001367.JPEG
imagenet,n03494278,n03494278/ILSVRC2012_val_00001605.JPEG
imagenet,n03494278,n03494278/ILSVRC2012_val_00002429.JPEG
imagenet,n03494278,n03494278/ILSVRC2012_val_00003246.JPEG
imagenet,n03494278,n03494278/ILSVRC2012_val_00003436.JPEG
imagenet,n03494278,n03494278/ILSVRC2012_val_00004948.JPEG
imagenet,n03494278,n03494278/ILSVRC2012_val_00007924.JPEG
imagenet,n03494278,n03494278/ILSVRC2012_val_00008328.JPEG
imagenet,n03494278,n03494278/ILSVRC2012_val_00012208.JPEG
imagenet,n03494278,n03494278/ILSVRC2012_val_00013477.JPEG
imagenet,n03494278,n03494278/ILSVRC2012_val_00013904.JPEG
imagenet,n03494278,n03494278/ILSVRC2012_val_00015067.JPEG
imagenet,n03494278,n03494278/ILSVRC2012_val_00015448.JPEG
imagenet,n03494278,n03494278/ILSVRC2012_val_00016322.JPEG
imagenet,n03494278,n03494278/ILSVRC2012_val_00017256.JPEG
imagenet,n03494278,n03494278/ILSVRC2012_val_00017366.JPEG
imagenet,n03494278,n03494278/ILSVRC2012_val_00018302.JPEG
imagenet,n03494278,n03494278/ILSVRC2012_val_00018565.JPEG
imagenet,n03494278,n03494278/ILSVRC2012_val_00018926.JPEG
imagenet,n03494278,n03494278/ILSVRC2012_val_00019269.JPEG
imagenet,n03494278,n03494278/ILSVRC2012_val_00019343.JPEG
imagenet,n03494278,n03494278/ILSVRC2012_val_00021005.JPEG
imagenet,n03494278,n03494278/ILSVRC2012_val_00022564.JPEG
imagenet,n03494278,n03494278/ILSVRC2012_val_00023742.JPEG
imagenet,n03494278,n03494278/ILSVRC2012_val_00024537.JPEG
imagenet,n03494278,n03494278/ILSVRC2012_val_00025189.JPEG
imagenet,n03494278,n03494278/ILSVRC2012_val_00027607.JPEG
imagenet,n03494278,n03494278/ILSVRC2012_val_00028082.JPEG
imagenet,n03494278,n03494278/ILSVRC2012_val_00028872.JPEG
imagenet,n03494278,n03494278/ILSVRC2012_val_00029729.JPEG
imagenet,n03494278,n03494278/ILSVRC2012_val_00030826.JPEG
imagenet,n03494278,n03494278/ILSVRC2012_val_00031028.JPEG
imagenet,n03494278,n03494278/ILSVRC2012_val_00031725.JPEG
imagenet,n03494278,n03494278/ILSVRC2012_val_00032221.JPEG
imagenet,n03494278,n03494278/ILSVRC2012_val_00034032.JPEG
imagenet,n03494278,n03494278/ILSVRC2012_val_00034610.JPEG
imagenet,n03494278,n03494278/ILSVRC2012_val_00035637.JPEG
imagenet,n03494278,n03494278/ILSVRC2012_val_00037603.JPEG
imagenet,n03494278,n03494278/ILSVRC2012_val_00038228.JPEG
imagenet,n03494278,n03494278/ILSVRC2012_val_00039798.JPEG
imagenet,n03494278,n03494278/ILSVRC2012_val_00040271.JPEG
imagenet,n03494278,n03494278/ILSVRC2012_val_00043602.JPEG
imagenet,n03494278,n03494278/ILSVRC2012_val_00043892.JPEG
imagenet,n03494278,n03494278/ILSVRC2012_val_00044420.JPEG
imagenet,n03494278,n03494278/ILSVRC2012_val_00045478.JPEG
imagenet,n03494278,n03494278/ILSVRC2012_val_00046506.JPEG
imagenet,n03494278,n03494278/ILSVRC2012_val_00046633.JPEG
imagenet,n03494278,n03494278/ILSVRC2012_val_00048699.JPEG
imagenet,n03494278,n03494278/ILSVRC2012_val_00048826.JPEG
imagenet,n03495258,n03495258/ILSVRC2012_val_00000448.JPEG
imagenet,n03495258,n03495258/ILSVRC2012_val_00002209.JPEG
imagenet,n03495258,n03495258/ILSVRC2012_val_00003669.JPEG
imagenet,n03495258,n03495258/ILSVRC2012_val_00004954.JPEG
imagenet,n03495258,n03495258/ILSVRC2012_val_00006832.JPEG
imagenet,n03495258,n03495258/ILSVRC2012_val_00008462.JPEG
imagenet,n03495258,n03495258/ILSVRC2012_val_00008995.JPEG
imagenet,n03495258,n03495258/ILSVRC2012_val_00009134.JPEG
imagenet,n03495258,n03495258/ILSVRC2012_val_00009425.JPEG
imagenet,n03495258,n03495258/ILSVRC2012_val_00010540.JPEG
imagenet,n03495258,n03495258/ILSVRC2012_val_00010855.JPEG
imagenet,n03495258,n03495258/ILSVRC2012_val_00014569.JPEG
imagenet,n03495258,n03495258/ILSVRC2012_val_00015768.JPEG
imagenet,n03495258,n03495258/ILSVRC2012_val_00015833.JPEG
imagenet,n03495258,n03495258/ILSVRC2012_val_00016855.JPEG
imagenet,n03495258,n03495258/ILSVRC2012_val_00016877.JPEG
imagenet,n03495258,n03495258/ILSVRC2012_val_00019556.JPEG
imagenet,n03495258,n03495258/ILSVRC2012_val_00020312.JPEG
imagenet,n03495258,n03495258/ILSVRC2012_val_00021401.JPEG
imagenet,n03495258,n03495258/ILSVRC2012_val_00022015.JPEG
imagenet,n03495258,n03495258/ILSVRC2012_val_00023475.JPEG
imagenet,n03495258,n03495258/ILSVRC2012_val_00025194.JPEG
imagenet,n03495258,n03495258/ILSVRC2012_val_00027190.JPEG
imagenet,n03495258,n03495258/ILSVRC2012_val_00028762.JPEG
imagenet,n03495258,n03495258/ILSVRC2012_val_00030189.JPEG
imagenet,n03495258,n03495258/ILSVRC2012_val_00030237.JPEG
imagenet,n03495258,n03495258/ILSVRC2012_val_00030551.JPEG
imagenet,n03495258,n03495258/ILSVRC2012_val_00030996.JPEG
imagenet,n03495258,n03495258/ILSVRC2012_val_00032719.JPEG
imagenet,n03495258,n03495258/ILSVRC2012_val_00034624.JPEG
imagenet,n03495258,n03495258/ILSVRC2012_val_00035032.JPEG
imagenet,n03495258,n03495258/ILSVRC2012_val_00036786.JPEG
imagenet,n03495258,n03495258/ILSVRC2012_val_00037094.JPEG
imagenet,n03495258,n03495258/ILSVRC2012_val_00038244.JPEG
imagenet,n03495258,n03495258/ILSVRC2012_val_00039186.JPEG
imagenet,n03495258,n03495258/ILSVRC2012_val_00039792.JPEG
imagenet,n03495258,n03495258/ILSVRC2012_val_00040085.JPEG
imagenet,n03495258,n03495258/ILSVRC2012_val_00040680.JPEG
imagenet,n03495258,n03495258/ILSVRC2012_val_00041694.JPEG
imagenet,n03495258,n03495258/ILSVRC2012_val_00042353.JPEG
imagenet,n03495258,n03495258/ILSVRC2012_val_00042991.JPEG
imagenet,n03495258,n03495258/ILSVRC2012_val_00043409.JPEG
imagenet,n03495258,n03495258/ILSVRC2012_val_00043468.JPEG
imagenet,n03495258,n03495258/ILSVRC2012_val_00044278.JPEG
imagenet,n03495258,n03495258/ILSVRC2012_val_00044541.JPEG
imagenet,n03495258,n03495258/ILSVRC2012_val_00046910.JPEG
imagenet,n03495258,n03495258/ILSVRC2012_val_00047550.JPEG
imagenet,n03495258,n03495258/ILSVRC2012_val_00048034.JPEG
imagenet,n03495258,n03495258/ILSVRC2012_val_00049493.JPEG
imagenet,n03495258,n03495258/ILSVRC2012_val_00049593.JPEG
imagenet,n03498962,n03498962/ILSVRC2012_val_00002436.JPEG
imagenet,n03498962,n03498962/ILSVRC2012_val_00002588.JPEG
imagenet,n03498962,n03498962/ILSVRC2012_val_00003307.JPEG
imagenet,n03498962,n03498962/ILSVRC2012_val_00004068.JPEG
imagenet,n03498962,n03498962/ILSVRC2012_val_00004846.JPEG
imagenet,n03498962,n03498962/ILSVRC2012_val_00005550.JPEG
imagenet,n03498962,n03498962/ILSVRC2012_val_00007225.JPEG
imagenet,n03498962,n03498962/ILSVRC2012_val_00009028.JPEG
imagenet,n03498962,n03498962/ILSVRC2012_val_00011994.JPEG
imagenet,n03498962,n03498962/ILSVRC2012_val_00012745.JPEG
imagenet,n03498962,n03498962/ILSVRC2012_val_00013140.JPEG
imagenet,n03498962,n03498962/ILSVRC2012_val_00015079.JPEG
imagenet,n03498962,n03498962/ILSVRC2012_val_00016204.JPEG
imagenet,n03498962,n03498962/ILSVRC2012_val_00016914.JPEG
imagenet,n03498962,n03498962/ILSVRC2012_val_00017118.JPEG
imagenet,n03498962,n03498962/ILSVRC2012_val_00017235.JPEG
imagenet,n03498962,n03498962/ILSVRC2012_val_00017263.JPEG
imagenet,n03498962,n03498962/ILSVRC2012_val_00017784.JPEG
imagenet,n03498962,n03498962/ILSVRC2012_val_00020887.JPEG
imagenet,n03498962,n03498962/ILSVRC2012_val_00021304.JPEG
imagenet,n03498962,n03498962/ILSVRC2012_val_00021394.JPEG
imagenet,n03498962,n03498962/ILSVRC2012_val_00023035.JPEG
imagenet,n03498962,n03498962/ILSVRC2012_val_00023332.JPEG
imagenet,n03498962,n03498962/ILSVRC2012_val_00023600.JPEG
imagenet,n03498962,n03498962/ILSVRC2012_val_00025619.JPEG
imagenet,n03498962,n03498962/ILSVRC2012_val_00027332.JPEG
imagenet,n03498962,n03498962/ILSVRC2012_val_00028576.JPEG
imagenet,n03498962,n03498962/ILSVRC2012_val_00030655.JPEG
imagenet,n03498962,n03498962/ILSVRC2012_val_00030666.JPEG
imagenet,n03498962,n03498962/ILSVRC2012_val_00031055.JPEG
imagenet,n03498962,n03498962/ILSVRC2012_val_00031367.JPEG
imagenet,n03498962,n03498962/ILSVRC2012_val_00031710.JPEG
imagenet,n03498962,n03498962/ILSVRC2012_val_00032228.JPEG
imagenet,n03498962,n03498962/ILSVRC2012_val_00032383.JPEG
imagenet,n03498962,n03498962/ILSVRC2012_val_00032709.JPEG
imagenet,n03498962,n03498962/ILSVRC2012_val_00033954.JPEG
imagenet,n03498962,n03498962/ILSVRC2012_val_00034911.JPEG
imagenet,n03498962,n03498962/ILSVRC2012_val_00038419.JPEG
imagenet,n03498962,n03498962/ILSVRC2012_val_00040211.JPEG
imagenet,n03498962,n03498962/ILSVRC2012_val_00040559.JPEG
imagenet,n03498962,n03498962/ILSVRC2012_val_00040931.JPEG
imagenet,n03498962,n03498962/ILSVRC2012_val_00041312.JPEG
imagenet,n03498962,n03498962/ILSVRC2012_val_00041471.JPEG
imagenet,n03498962,n03498962/ILSVRC2012_val_00042039.JPEG
imagenet,n03498962,n03498962/ILSVRC2012_val_00044873.JPEG
imagenet,n03498962,n03498962/ILSVRC2012_val_00045508.JPEG
imagenet,n03498962,n03498962/ILSVRC2012_val_00046192.JPEG
imagenet,n03498962,n03498962/ILSVRC2012_val_00047210.JPEG
imagenet,n03498962,n03498962/ILSVRC2012_val_00047673.JPEG
imagenet,n03498962,n03498962/ILSVRC2012_val_00047936.JPEG
imagenet,n03594945,n03594945/ILSVRC2012_val_00000659.JPEG
imagenet,n03594945,n03594945/ILSVRC2012_val_00003945.JPEG
imagenet,n03594945,n03594945/ILSVRC2012_val_00004439.JPEG
imagenet,n03594945,n03594945/ILSVRC2012_val_00005147.JPEG
imagenet,n03594945,n03594945/ILSVRC2012_val_00005302.JPEG
imagenet,n03594945,n03594945/ILSVRC2012_val_00006062.JPEG
imagenet,n03594945,n03594945/ILSVRC2012_val_00006530.JPEG
imagenet,n03594945,n03594945/ILSVRC2012_val_00007064.JPEG
imagenet,n03594945,n03594945/ILSVRC2012_val_00008065.JPEG
imagenet,n03594945,n03594945/ILSVRC2012_val_00008382.JPEG
imagenet,n03594945,n03594945/ILSVRC2012_val_00008383.JPEG
imagenet,n03594945,n03594945/ILSVRC2012_val_00009983.JPEG
imagenet,n03594945,n03594945/ILSVRC2012_val_00011656.JPEG
imagenet,n03594945,n03594945/ILSVRC2012_val_00012806.JPEG
imagenet,n03594945,n03594945/ILSVRC2012_val_00013517.JPEG
imagenet,n03594945,n03594945/ILSVRC2012_val_00013993.JPEG
imagenet,n03594945,n03594945/ILSVRC2012_val_00014198.JPEG
imagenet,n03594945,n03594945/ILSVRC2012_val_00014841.JPEG
imagenet,n03594945,n03594945/ILSVRC2012_val_00015187.JPEG
imagenet,n03594945,n03594945/ILSVRC2012_val_00016456.JPEG
imagenet,n03594945,n03594945/ILSVRC2012_val_00017611.JPEG
imagenet,n03594945,n03594945/ILSVRC2012_val_00017847.JPEG
imagenet,n03594945,n03594945/ILSVRC2012_val_00018237.JPEG
imagenet,n03594945,n03594945/ILSVRC2012_val_00018474.JPEG
imagenet,n03594945,n03594945/ILSVRC2012_val_00019410.JPEG
imagenet,n03594945,n03594945/ILSVRC2012_val_00019509.JPEG
imagenet,n03594945,n03594945/ILSVRC2012_val_00019731.JPEG
imagenet,n03594945,n03594945/ILSVRC2012_val_00019849.JPEG
imagenet,n03594945,n03594945/ILSVRC2012_val_00020829.JPEG
imagenet,n03594945,n03594945/ILSVRC2012_val_00022261.JPEG
imagenet,n03594945,n03594945/ILSVRC2012_val_00023427.JPEG
imagenet,n03594945,n03594945/ILSVRC2012_val_00023599.JPEG
imagenet,n03594945,n03594945/ILSVRC2012_val_00025834.JPEG
imagenet,n03594945,n03594945/ILSVRC2012_val_00025990.JPEG
imagenet,n03594945,n03594945/ILSVRC2012_val_00026466.JPEG
imagenet,n03594945,n03594945/ILSVRC2012_val_00028370.JPEG
imagenet,n03594945,n03594945/ILSVRC2012_val_00028405.JPEG
imagenet,n03594945,n03594945/ILSVRC2012_val_00029244.JPEG
imagenet,n03594945,n03594945/ILSVRC2012_val_00029922.JPEG
imagenet,n03594945,n03594945/ILSVRC2012_val_00033299.JPEG
imagenet,n03594945,n03594945/ILSVRC2012_val_00035162.JPEG
imagenet,n03594945,n03594945/ILSVRC2012_val_00036304.JPEG
imagenet,n03594945,n03594945/ILSVRC2012_val_00037128.JPEG
imagenet,n03594945,n03594945/ILSVRC2012_val_00039576.JPEG
imagenet,n03594945,n03594945/ILSVRC2012_val_00041175.JPEG
imagenet,n03594945,n03594945/ILSVRC2012_val_00041490.JPEG
imagenet,n03594945,n03594945/ILSVRC2012_val_00041895.JPEG
imagenet,n03594945,n03594945/ILSVRC2012_val_00044834.JPEG
imagenet,n03594945,n03594945/ILSVRC2012_val_00045779.JPEG
imagenet,n03594945,n03594945/ILSVRC2012_val_00047575.JPEG
imagenet,n03602883,n03602883/ILSVRC2012_val_00000969.JPEG
imagenet,n03602883,n03602883/ILSVRC2012_val_00001081.JPEG
imagenet,n03602883,n03602883/ILSVRC2012_val_00002195.JPEG
imagenet,n03602883,n03602883/ILSVRC2012_val_00003233.JPEG
imagenet,n03602883,n03602883/ILSVRC2012_val_00005124.JPEG
imagenet,n03602883,n03602883/ILSVRC2012_val_00005640.JPEG
imagenet,n03602883,n03602883/ILSVRC2012_val_00005657.JPEG
imagenet,n03602883,n03602883/ILSVRC2012_val_00005803.JPEG
imagenet,n03602883,n03602883/ILSVRC2012_val_00008424.JPEG
imagenet,n03602883,n03602883/ILSVRC2012_val_00010992.JPEG
imagenet,n03602883,n03602883/ILSVRC2012_val_00012134.JPEG
imagenet,n03602883,n03602883/ILSVRC2012_val_00013023.JPEG
imagenet,n03602883,n03602883/ILSVRC2012_val_00013421.JPEG
imagenet,n03602883,n03602883/ILSVRC2012_val_00015982.JPEG
imagenet,n03602883,n03602883/ILSVRC2012_val_00017448.JPEG
imagenet,n03602883,n03602883/ILSVRC2012_val_00017977.JPEG
imagenet,n03602883,n03602883/ILSVRC2012_val_00018272.JPEG
imagenet,n03602883,n03602883/ILSVRC2012_val_00021285.JPEG
imagenet,n03602883,n03602883/ILSVRC2012_val_00021732.JPEG
imagenet,n03602883,n03602883/ILSVRC2012_val_00022516.JPEG
imagenet,n03602883,n03602883/ILSVRC2012_val_00023768.JPEG
imagenet,n03602883,n03602883/ILSVRC2012_val_00024540.JPEG
imagenet,n03602883,n03602883/ILSVRC2012_val_00025203.JPEG
imagenet,n03602883,n03602883/ILSVRC2012_val_00025506.JPEG
imagenet,n03602883,n03602883/ILSVRC2012_val_00025597.JPEG
imagenet,n03602883,n03602883/ILSVRC2012_val_00027850.JPEG
imagenet,n03602883,n03602883/ILSVRC2012_val_00029516.JPEG
imagenet,n03602883,n03602883/ILSVRC2012_val_00030050.JPEG
imagenet,n03602883,n03602883/ILSVRC2012_val_00030988.JPEG
imagenet,n03602883,n03602883/ILSVRC2012_val_00031160.JPEG
imagenet,n03602883,n03602883/ILSVRC2012_val_00032873.JPEG
imagenet,n03602883,n03602883/ILSVRC2012_val_00033850.JPEG
imagenet,n03602883,n03602883/ILSVRC2012_val_00033970.JPEG
imagenet,n03602883,n03602883/ILSVRC2012_val_00035468.JPEG
imagenet,n03602883,n03602883/ILSVRC2012_val_00035904.JPEG
imagenet,n03602883,n03602883/ILSVRC2012_val_00036138.JPEG
imagenet,n03602883,n03602883/ILSVRC2012_val_00036241.JPEG
imagenet,n03602883,n03602883/ILSVRC2012_val_00036634.JPEG
imagenet,n03602883,n03602883/ILSVRC2012_val_00037927.JPEG
imagenet,n03602883,n03602883/ILSVRC2012_val_00039165.JPEG
imagenet,n03602883,n03602883/ILSVRC2012_val_00039677.JPEG
imagenet,n03602883,n03602883/ILSVRC2012_val_00040672.JPEG
imagenet,n03602883,n03602883/ILSVRC2012_val_00041198.JPEG
imagenet,n03602883,n03602883/ILSVRC2012_val_00042275.JPEG
imagenet,n03602883,n03602883/ILSVRC2012_val_00043096.JPEG
imagenet,n03602883,n03602883/ILSVRC2012_val_00044998.JPEG
imagenet,n03602883,n03602883/ILSVRC2012_val_00045113.JPEG
imagenet,n03602883,n03602883/ILSVRC2012_val_00045298.JPEG
imagenet,n03602883,n03602883/ILSVRC2012_val_00046851.JPEG
imagenet,n03602883,n03602883/ILSVRC2012_val_00047465.JPEG
imagenet,n03630383,n03630383/ILSVRC2012_val_00002627.JPEG
imagenet,n03630383,n03630383/ILSVRC2012_val_00002657.JPEG
imagenet,n03630383,n03630383/ILSVRC2012_val_00004189.JPEG
imagenet,n03630383,n03630383/ILSVRC2012_val_00004537.JPEG
imagenet,n03630383,n03630383/ILSVRC2012_val_00004726.JPEG
imagenet,n03630383,n03630383/ILSVRC2012_val_00007703.JPEG
imagenet,n03630383,n03630383/ILSVRC2012_val_00007859.JPEG
imagenet,n03630383,n03630383/ILSVRC2012_val_00009127.JPEG
imagenet,n03630383,n03630383/ILSVRC2012_val_00010469.JPEG
imagenet,n03630383,n03630383/ILSVRC2012_val_00011301.JPEG
imagenet,n03630383,n03630383/ILSVRC2012_val_00015323.JPEG
imagenet,n03630383,n03630383/ILSVRC2012_val_00016123.JPEG
imagenet,n03630383,n03630383/ILSVRC2012_val_00016305.JPEG
imagenet,n03630383,n03630383/ILSVRC2012_val_00016356.JPEG
imagenet,n03630383,n03630383/ILSVRC2012_val_00016958.JPEG
imagenet,n03630383,n03630383/ILSVRC2012_val_00018458.JPEG
imagenet,n03630383,n03630383/ILSVRC2012_val_00019359.JPEG
imagenet,n03630383,n03630383/ILSVRC2012_val_00019735.JPEG
imagenet,n03630383,n03630383/ILSVRC2012_val_00020085.JPEG
imagenet,n03630383,n03630383/ILSVRC2012_val_00020521.JPEG
imagenet,n03630383,n03630383/ILSVRC2012_val_00020570.JPEG
imagenet,n03630383,n03630383/ILSVRC2012_val_00021598.JPEG
imagenet,n03630383,n03630383/ILSVRC2012_val_00021852.JPEG
imagenet,n03630383,n03630383/ILSVRC2012_val_00022317.JPEG
imagenet,n03630383,n03630383/ILSVRC2012_val_00023509.JPEG
imagenet,n03630383,n03630383/ILSVRC2012_val_00023980.JPEG
imagenet,n03630383,n03630383/ILSVRC2012_val_00024199.JPEG
imagenet,n03630383,n03630383/ILSVRC2012_val_00026329.JPEG
imagenet,n03630383,n03630383/ILSVRC2012_val_00027847.JPEG
imagenet,n03630383,n03630383/ILSVRC2012_val_00028110.JPEG
imagenet,n03630383,n03630383/ILSVRC2012_val_00029815.JPEG
imagenet,n03630383,n03630383/ILSVRC2012_val_00030376.JPEG
imagenet,n03630383,n03630383/ILSVRC2012_val_00031104.JPEG
imagenet,n03630383,n03630383/ILSVRC2012_val_00032567.JPEG
imagenet,n03630383,n03630383/ILSVRC2012_val_00034841.JPEG
imagenet,n03630383,n03630383/ILSVRC2012_val_00036584.JPEG
imagenet,n03630383,n03630383/ILSVRC2012_val_00037355.JPEG
imagenet,n03630383,n03630383/ILSVRC2012_val_00037487.JPEG
imagenet,n03630383,n03630383/ILSVRC2012_val_00038063.JPEG
imagenet,n03630383,n03630383/ILSVRC2012_val_00039803.JPEG
imagenet,n03630383,n03630383/ILSVRC2012_val_00040416.JPEG
imagenet,n03630383,n03630383/ILSVRC2012_val_00040483.JPEG
imagenet,n03630383,n03630383/ILSVRC2012_val_00040554.JPEG
imagenet,n03630383,n03630383/ILSVRC2012_val_00041526.JPEG
imagenet,n03630383,n03630383/ILSVRC2012_val_00042984.JPEG
imagenet,n03630383,n03630383/ILSVRC2012_val_00045271.JPEG
imagenet,n03630383,n03630383/ILSVRC2012_val_00047559.JPEG
imagenet,n03630383,n03630383/ILSVRC2012_val_00048565.JPEG
imagenet,n03630383,n03630383/ILSVRC2012_val_00049178.JPEG
imagenet,n03630383,n03630383/ILSVRC2012_val_00049346.JPEG
imagenet,n03649909,n03649909/ILSVRC2012_val_00000384.JPEG
imagenet,n03649909,n03649909/ILSVRC2012_val_00001433.JPEG
imagenet,n03649909,n03649909/ILSVRC2012_val_00001446.JPEG
imagenet,n03649909,n03649909/ILSVRC2012_val_00001839.JPEG
imagenet,n03649909,n03649909/ILSVRC2012_val_00003483.JPEG
imagenet,n03649909,n03649909/ILSVRC2012_val_00005053.JPEG
imagenet,n03649909,n03649909/ILSVRC2012_val_00005246.JPEG
imagenet,n03649909,n03649909/ILSVRC2012_val_00005717.JPEG
imagenet,n03649909,n03649909/ILSVRC2012_val_00006009.JPEG
imagenet,n03649909,n03649909/ILSVRC2012_val_00006017.JPEG
imagenet,n03649909,n03649909/ILSVRC2012_val_00007358.JPEG
imagenet,n03649909,n03649909/ILSVRC2012_val_00009771.JPEG
imagenet,n03649909,n03649909/ILSVRC2012_val_00009937.JPEG
imagenet,n03649909,n03649909/ILSVRC2012_val_00010775.JPEG
imagenet,n03649909,n03649909/ILSVRC2012_val_00012061.JPEG
imagenet,n03649909,n03649909/ILSVRC2012_val_00012348.JPEG
imagenet,n03649909,n03649909/ILSVRC2012_val_00013162.JPEG
imagenet,n03649909,n03649909/ILSVRC2012_val_00017305.JPEG
imagenet,n03649909,n03649909/ILSVRC2012_val_00020327.JPEG
imagenet,n03649909,n03649909/ILSVRC2012_val_00021670.JPEG
imagenet,n03649909,n03649909/ILSVRC2012_val_00021870.JPEG
imagenet,n03649909,n03649909/ILSVRC2012_val_00022230.JPEG
imagenet,n03649909,n03649909/ILSVRC2012_val_00023077.JPEG
imagenet,n03649909,n03649909/ILSVRC2012_val_00025989.JPEG
imagenet,n03649909,n03649909/ILSVRC2012_val_00026117.JPEG
imagenet,n03649909,n03649909/ILSVRC2012_val_00026632.JPEG
imagenet,n03649909,n03649909/ILSVRC2012_val_00028728.JPEG
imagenet,n03649909,n03649909/ILSVRC2012_val_00029405.JPEG
imagenet,n03649909,n03649909/ILSVRC2012_val_00029725.JPEG
imagenet,n03649909,n03649909/ILSVRC2012_val_00029944.JPEG
imagenet,n03649909,n03649909/ILSVRC2012_val_00030700.JPEG
imagenet,n03649909,n03649909/ILSVRC2012_val_00031075.JPEG
imagenet,n03649909,n03649909/ILSVRC2012_val_00031606.JPEG
imagenet,n03649909,n03649909/ILSVRC2012_val_00033176.JPEG
imagenet,n03649909,n03649909/ILSVRC2012_val_00033574.JPEG
imagenet,n03649909,n03649909/ILSVRC2012_val_00033704.JPEG
imagenet,n03649909,n03649909/ILSVRC2012_val_00034494.JPEG
imagenet,n03649909,n03649909/ILSVRC2012_val_00036641.JPEG
imagenet,n03649909,n03649909/ILSVRC2012_val_00038677.JPEG
imagenet,n03649909,n03649909/ILSVRC2012_val_00038723.JPEG
imagenet,n03649909,n03649909/ILSVRC2012_val_00038906.JPEG
imagenet,n03649909,n03649909/ILSVRC2012_val_00039151.JPEG
imagenet,n03649909,n03649909/ILSVRC2012_val_00042374.JPEG
imagenet,n03649909,n03649909/ILSVRC2012_val_00042765.JPEG
imagenet,n03649909,n03649909/ILSVRC2012_val_00043398.JPEG
imagenet,n03649909,n03649909/ILSVRC2012_val_00043431.JPEG
imagenet,n03649909,n03649909/ILSVRC2012_val_00047053.JPEG
imagenet,n03649909,n03649909/ILSVRC2012_val_00047646.JPEG
imagenet,n03649909,n03649909/ILSVRC2012_val_00049371.JPEG
imagenet,n03649909,n03649909/ILSVRC2012_val_00049709.JPEG
imagenet,n03676483,n03676483/ILSVRC2012_val_00000984.JPEG
imagenet,n03676483,n03676483/ILSVRC2012_val_00001262.JPEG
imagenet,n03676483,n03676483/ILSVRC2012_val_00001276.JPEG
imagenet,n03676483,n03676483/ILSVRC2012_val_00001914.JPEG
imagenet,n03676483,n03676483/ILSVRC2012_val_00002419.JPEG
imagenet,n03676483,n03676483/ILSVRC2012_val_00003138.JPEG
imagenet,n03676483,n03676483/ILSVRC2012_val_00003474.JPEG
imagenet,n03676483,n03676483/ILSVRC2012_val_00004648.JPEG
imagenet,n03676483,n03676483/ILSVRC2012_val_00004742.JPEG
imagenet,n03676483,n03676483/ILSVRC2012_val_00009386.JPEG
imagenet,n03676483,n03676483/ILSVRC2012_val_00009815.JPEG
imagenet,n03676483,n03676483/ILSVRC2012_val_00010374.JPEG
imagenet,n03676483,n03676483/ILSVRC2012_val_00010662.JPEG
imagenet,n03676483,n03676483/ILSVRC2012_val_00010806.JPEG
imagenet,n03676483,n03676483/ILSVRC2012_val_00011742.JPEG
imagenet,n03676483,n03676483/ILSVRC2012_val_00012849.JPEG
imagenet,n03676483,n03676483/ILSVRC2012_val_00014112.JPEG
imagenet,n03676483,n03676483/ILSVRC2012_val_00015297.JPEG
imagenet,n03676483,n03676483/ILSVRC2012_val_00016870.JPEG
imagenet,n03676483,n03676483/ILSVRC2012_val_00018498.JPEG
imagenet,n03676483,n03676483/ILSVRC2012_val_00018920.JPEG
imagenet,n03676483,n03676483/ILSVRC2012_val_00019291.JPEG
imagenet,n03676483,n03676483/ILSVRC2012_val_00019870.JPEG
imagenet,n03676483,n03676483/ILSVRC2012_val_00021922.JPEG
imagenet,n03676483,n03676483/ILSVRC2012_val_00022289.JPEG
imagenet,n03676483,n03676483/ILSVRC2012_val_00026077.JPEG
imagenet,n03676483,n03676483/ILSVRC2012_val_00027437.JPEG
imagenet,n03676483,n03676483/ILSVRC2012_val_00027770.JPEG
imagenet,n03676483,n03676483/ILSVRC2012_val_00029032.JPEG
imagenet,n03676483,n03676483/ILSVRC2012_val_00029251.JPEG
imagenet,n03676483,n03676483/ILSVRC2012_val_00030534.JPEG
imagenet,n03676483,n03676483/ILSVRC2012_val_00030550.JPEG
imagenet,n03676483,n03676483/ILSVRC2012_val_00033849.JPEG
imagenet,n03676483,n03676483/ILSVRC2012_val_00034306.JPEG
imagenet,n03676483,n03676483/ILSVRC2012_val_00035083.JPEG
imagenet,n03676483,n03676483/ILSVRC2012_val_00037921.JPEG
imagenet,n03676483,n03676483/ILSVRC2012_val_00038105.JPEG
imagenet,n03676483,n03676483/ILSVRC2012_val_00038693.JPEG
imagenet,n03676483,n03676483/ILSVRC2012_val_00039467.JPEG
imagenet,n03676483,n03676483/ILSVRC2012_val_00040982.JPEG
imagenet,n03676483,n03676483/ILSVRC2012_val_00042343.JPEG
imagenet,n03676483,n03676483/ILSVRC2012_val_00043137.JPEG
imagenet,n03676483,n03676483/ILSVRC2012_val_00044845.JPEG
imagenet,n03676483,n03676483/ILSVRC2012_val_00044940.JPEG
imagenet,n03676483,n03676483/ILSVRC2012_val_00044945.JPEG
imagenet,n03676483,n03676483/ILSVRC2012_val_00048415.JPEG
imagenet,n03676483,n03676483/ILSVRC2012_val_00048483.JPEG
imagenet,n03676483,n03676483/ILSVRC2012_val_00048584.JPEG
imagenet,n03676483,n03676483/ILSVRC2012_val_00048986.JPEG
imagenet,n03676483,n03676483/ILSVRC2012_val_00049924.JPEG
imagenet_r,n02607072,n02607072/deviantart_0.jpg
imagenet_r,n02607072,n02607072/deviantart_1.jpg
imagenet_r,n02607072,n02607072/deviantart_10.jpg
imagenet_r,n02607072,n02607072/deviantart_11.jpg
imagenet_r,n02607072,n02607072/deviantart_12.jpg
imagenet_r,n02607072,n02607072/deviantart_13.jpg
imagenet_r,n02607072,n02607072/deviantart_14.jpg
imagenet_r,n02607072,n02607072/deviantart_15.jpg
imagenet_r,n02607072,n02607072/deviantart_16.jpg
imagenet_r,n02607072,n02607072/deviantart_17.jpg
imagenet_r,n02607072,n02607072/deviantart_18.jpg
imagenet_r,n02607072,n02607072/deviantart_19.jpg
imagenet_r,n02607072,n02607072/deviantart_2.jpg
imagenet_r,n02607072,n02607072/deviantart_20.jpg
imagenet_r,n02607072,n02607072/deviantart_21.jpg
imagenet_r,n02607072,n02607072/deviantart_3.jpg
imagenet_r,n02607072,n02607072/deviantart_4.jpg
imagenet_r,n02607072,n02607072/deviantart_5.jpg
imagenet_r,n02607072,n02607072/deviantart_6.jpg
imagenet_r,n02607072,n02607072/deviantart_7.jpg
imagenet_r,n02607072,n02607072/deviantart_8.jpg
imagenet_r,n02607072,n02607072/deviantart_9.jpg
imagenet_r,n02607072,n02607072/misc_0.jpg
imagenet_r,n02607072,n02607072/misc_1.jpg
imagenet_r,n02607072,n02607072/misc_10.jpg
imagenet_r,n02607072,n02607072/misc_100.jpg
imagenet_r,n02607072,n02607072/misc_101.jpg
imagenet_r,n02607072,n02607072/misc_102.jpg
imagenet_r,n02607072,n02607072/misc_103.jpg
imagenet_r,n02607072,n02607072/misc_104.jpg
imagenet_r,n02607072,n02607072/misc_105.jpg
imagenet_r,n02607072,n02607072/misc_106.jpg
imagenet_r,n02607072,n02607072/misc_107.jpg
imagenet_r,n02607072,n02607072/misc_108.jpg
imagenet_r,n02607072,n02607072/misc_109.jpg
imagenet_r,n02607072,n02607072/misc_11.jpg
imagenet_r,n02607072,n02607072/misc_110.jpg
imagenet_r,n02607072,n02607072/misc_111.jpg
imagenet_r,n02607072,n02607072/misc_112.jpg
imagenet_r,n02607072,n02607072/misc_113.jpg
imagenet_r,n02607072,n02607072/misc_114.jpg
imagenet_r,n02607072,n02607072/misc_115.jpg
imagenet_r,n02607072,n02607072/misc_116.jpg
imagenet_r,n02607072,n02607072/misc_117.jpg
imagenet_r,n02607072,n02607072/misc_118.jpg
imagenet_r,n02607072,n02607072/misc_119.jpg
imagenet_r,n02607072,n02607072/misc_12.jpg
imagenet_r,n02607072,n02607072/misc_120.jpg
imagenet_r,n02607072,n02607072/misc_121.jpg
imagenet_r,n02607072,n02607072/misc_13.jpg
imagenet_r,n02655020,n02655020/deviantart_0.jpg
imagenet_r,n02655020,n02655020/deviantart_1.jpg
imagenet_r,n02655020,n02655020/deviantart_10.jpg
imagenet_r,n02655020,n02655020/deviantart_11.jpg
imagenet_r,n02655020,n02655020/deviantart_12.jpg
imagenet_r,n02655020,n02655020/deviantart_13.jpg
imagenet_r,n02655020,n02655020/deviantart_14.jpg
imagenet_r,n02655020,n02655020/deviantart_15.jpg
imagenet_r,n02655020,n02655020/deviantart_16.jpg
imagenet_r,n02655020,n02655020/deviantart_17.jpg
imagenet_r,n02655020,n02655020/deviantart_18.jpg
imagenet_r,n02655020,n02655020/deviantart_19.jpg
imagenet_r,n02655020,n02655020/deviantart_2.jpg
imagenet_r,n02655020,n02655020/deviantart_3.jpg
imagenet_r,n02655020,n02655020/deviantart_4.jpg
imagenet_r,n02655020,n02655020/deviantart_5.jpg
imagenet_r,n02655020,n02655020/deviantart_6.jpg
imagenet_r,n02655020,n02655020/deviantart_7.jpg
imagenet_r,n02655020,n02655020/deviantart_8.jpg
imagenet_r,n02655020,n02655020/deviantart_9.jpg
imagenet_r,n02655020,n02655020/misc_0.jpg
imagenet_r,n02655020,n02655020/misc_1.jpg
imagenet_r,n02655020,n02655020/misc_10.jpg
imagenet_r,n02655020,n02655020/misc_100.jpg
imagenet_r,n02655020,n02655020/misc_101.jpg
imagenet_r,n02655020,n02655020/misc_102.jpg
imagenet_r,n02655020,n02655020/misc_103.jpg
imagenet_r,n02655020,n02655020/misc_11.jpg
imagenet_r,n02655020,n02655020/misc_12.jpg
imagenet_r,n02655020,n02655020/misc_13.jpg
imagenet_r,n02655020,n02655020/misc_14.jpg
imagenet_r,n02655020,n02655020/misc_15.jpg
imagenet_r,n02655020,n02655020/misc_16.jpg
imagenet_r,n02655020,n02655020/misc_17.jpg
imagenet_r,n02655020,n02655020/misc_18.jpg
imagenet_r,n02655020,n02655020/misc_19.jpg
imagenet_r,n02655020,n02655020/misc_2.jpg
imagenet_r,n02655020,n02655020/misc_20.jpg
imagenet_r,n02655020,n02655020/misc_21.jpg
imagenet_r,n02655020,n02655020/misc_22.jpg
imagenet_r,n02655020,n02655020/misc_23.jpg
imagenet_r,n02655020,n02655020/misc_24.jpg
imagenet_r,n02655020,n02655020/misc_25.jpg
imagenet_r,n02655020,n02655020/misc_26.jpg
imagenet_r,n02655020,n02655020/misc_27.jpg
imagenet_r,n02655020,n02655020/misc_28.jpg
imagenet_r,n02655020,n02655020/misc_29.jpg
imagenet_r,n02655020,n02655020/misc_3.jpg
imagenet_r,n02655020,n02655020/misc_30.jpg
imagenet_r,n02655020,n02655020/misc_31.jpg
imagenet_r,n02672831,n02672831/art_0.jpg
imagenet_r,n02672831,n02672831/art_1.jpg
imagenet_r,n02672831,n02672831/cartoon_0.jpg
imagenet_r,n02672831,n02672831/cartoon_1.jpg
imagenet_r,n02672831,n02672831/cartoon_10.jpg
imagenet_r,n02672831,n02672831/cartoon_11.jpg
imagenet_r,n02672831,n02672831/cartoon_12.jpg
imagenet_r,n02672831,n02672831/cartoon_13.jpg
imagenet_r,n02672831,n02672831/cartoon_14.jpg
imagenet_r,n02672831,n02672831/cartoon_15.jpg
imagenet_r,n02672831,n02672831/cartoon_16.jpg
imagenet_r,n02672831,n02672831/cartoon_17.jpg
imagenet_r,n02672831,n02672831/cartoon_18.jpg
imagenet_r,n02672831,n02672831/cartoon_19.jpg
imagenet_r,n02672831,n02672831/cartoon_2.jpg
imagenet_r,n02672831,n02672831/cartoon_20.jpg
imagenet_r,n02672831,n02672831/cartoon_21.jpg
imagenet_r,n02672831,n02672831/cartoon_22.jpg
imagenet_r,n02672831,n02672831/cartoon_23.jpg
imagenet_r,n02672831,n02672831/cartoon_24.jpg
imagenet_r,n02672831,n02672831/cartoon_25.jpg
imagenet_r,n02672831,n02672831/cartoon_26.jpg
imagenet_r,n02672831,n02672831/cartoon_27.jpg
imagenet_r,n02672831,n02672831/cartoon_28.jpg
imagenet_r,n02672831,n02672831/cartoon_29.jpg
imagenet_r,n02672831,n02672831/cartoon_3.jpg
imagenet_r,n02672831,n02672831/cartoon_30.jpg
imagenet_r,n02672831,n02672831/cartoon_31.jpg
imagenet_r,n02672831,n02672831/cartoon_32.jpg
imagenet_r,n02672831,n02672831/cartoon_33.jpg
imagenet_r,n02672831,n02672831/cartoon_34.jpg
imagenet_r,n02672831,n02672831/cartoon_35.jpg
imagenet_r,n02672831,n02672831/cartoon_36.jpg
imagenet_r,n02672831,n02672831/cartoon_37.jpg
imagenet_r,n02672831,n02672831/cartoon_38.jpg
imagenet_r,n02672831,n02672831/cartoon_39.jpg
imagenet_r,n02672831,n02672831/cartoon_4.jpg
imagenet_r,n02672831,n02672831/cartoon_5.jpg
imagenet_r,n02672831,n02672831/cartoon_6.jpg
imagenet_r,n02672831,n02672831/cartoon_7.jpg
imagenet_r,n02672831,n02672831/cartoon_8.jpg
imagenet_r,n02672831,n02672831/cartoon_9.jpg
imagenet_r,n02672831,n02672831/deviantart_0.jpg
imagenet_r,n02672831,n02672831/deviantart_1.jpg
imagenet_r,n02672831,n02672831/deviantart_2.jpg
imagenet_r,n02672831,n02672831/deviantart_3.jpg
imagenet_r,n02672831,n02672831/deviantart_4.jpg
imagenet_r,n02672831,n02672831/deviantart_5.jpg
imagenet_r,n02672831,n02672831/deviantart_6.jpg
imagenet_r,n02672831,n02672831/embroidery_0.jpg
imagenet_r,n02701002,n02701002/art_0.jpg
imagenet_r,n02701002,n02701002/art_1.jpg
imagenet_r,n02701002,n02701002/art_2.jpg
imagenet_r,n02701002,n02701002/art_3.jpg
imagenet_r,n02701002,n02701002/art_4.jpg
imagenet_r,n02701002,n02701002/art_5.jpg
imagenet_r,n02701002,n02701002/art_6.jpg
imagenet_r,n02701002,n02701002/cartoon_0.jpg
imagenet_r,n02701002,n02701002/cartoon_1.jpg
imagenet_r,n02701002,n02701002/cartoon_2.jpg
imagenet_r,n02701002,n02701002/cartoon_3.jpg
imagenet_r,n02701002,n02701002/cartoon_4.jpg
imagenet_r,n02701002,n02701002/cartoon_5.jpg
imagenet_r,n02701002,n02701002/cartoon_6.jpg
imagenet_r,n02701002,n02701002/cartoon_7.jpg
imagenet_r,n02701002,n02701002/cartoon_8.jpg
imagenet_r,n02701002,n02701002/cartoon_9.jpg
imagenet_r,n02701002,n02701002/graffiti_0.jpg
imagenet_r,n02701002,n02701002/graphic_0.jpg
imagenet_r,n02701002,n02701002/graphic_1.jpg
imagenet_r,n02701002,n02701002/misc_0.jpg
imagenet_r,n02701002,n02701002/misc_1.jpg
imagenet_r,n02701002,n02701002/painting_0.jpg
imagenet_r,n02701002,n02701002/sculpture_0.jpg
imagenet_r,n02701002,n02701002/sculpture_1.jpg
imagenet_r,n02701002,n02701002/sketch_0.jpg
imagenet_r,n02701002,n02701002/sketch_1.jpg
imagenet_r,n02701002,n02701002/sketch_10.jpg
imagenet_r,n02701002,n02701002/sketch_11.jpg
imagenet_r,n02701002,n02701002/sketch_12.jpg
imagenet_r,n02701002,n02701002/sketch_13.jpg
imagenet_r,n02701002,n02701002/sketch_14.jpg
imagenet_r,n02701002,n02701002/sketch_15.jpg
imagenet_r,n02701002,n02701002/sketch_16.jpg
imagenet_r,n02701002,n02701002/sketch_17.jpg
imagenet_r,n02701002,n02701002/sketch_18.jpg
imagenet_r,n02701002,n02701002/sketch_19.jpg
imagenet_r,n02701002,n02701002/sketch_2.jpg
imagenet_r,n02701002,n02701002/sketch_20.jpg
imagenet_r,n02701002,n02701002/sketch_21.jpg
imagenet_r,n02701002,n02701002/sketch_22.jpg
imagenet_r,n02701002,n02701002/sketch_3.jpg
imagenet_r,n02701002,n02701002/sketch_4.jpg
imagenet_r,n02701002,n02701002/sketch_5.jpg
imagenet_r,n02701002,n02701002/sketch_6.jpg
imagenet_r,n02701002,n02701002/sketch_7.jpg
imagenet_r,n02701002,n02701002/sketch_8.jpg
imagenet_r,n02701002,n02701002/sketch_9.jpg
imagenet_r,n02701002,n02701002/sticker_0.jpg
imagenet_r,n02701002,n02701002/sticker_1.jpg
imagenet_r,n02749479,n02749479/art_0.jpg
imagenet_r,n02749479,n02749479/cartoon_0.jpg
imagenet_r,n02749479,n02749479/cartoon_1.jpg
imagenet_r,n02749479,n02749479/cartoon_2.jpg
imagenet_r,n02749479,n02749479/cartoon_3.jpg
imagenet_r,n02749479,n02749479/cartoon_4.jpg
imagenet_r,n02749479,n02749479/graffiti_0.jpg
imagenet_r,n02749479,n02749479/graphic_0.jpg
imagenet_r,n02749479,n02749479/misc_0.jpg
imagenet_r,n02749479,n02749479/misc_1.jpg
imagenet_r,n02749479,n02749479/misc_10.jpg
imagenet_r,n02749479,n02749479/misc_11.jpg
imagenet_r,n02749479,n02749479/misc_12.jpg
imagenet_r,n02749479,n02749479/misc_13.jpg
imagenet_r,n02749479,n02749479/misc_14.jpg
imagenet_r,n02749479,n02749479/misc_15.jpg
imagenet_r,n02749479,n02749479/misc_16.jpg
imagenet_r,n02749479,n02749479/misc_17.jpg
imagenet_r,n02749479,n02749479/misc_18.jpg
imagenet_r,n02749479,n02749479/misc_19.jpg
imagenet_r,n02749479,n02749479/misc_2.jpg
imagenet_r,n02749479,n02749479/misc_20.jpg
imagenet_r,n02749479,n02749479/misc_21.jpg
imagenet_r,n02749479,n02749479/misc_22.jpg
imagenet_r,n02749479,n02749479/misc_23.jpg
imagenet_r,n02749479,n02749479/misc_24.jpg
imagenet_r,n02749479,n02749479/misc_25.jpg
imagenet_r,n02749479,n02749479/misc_26.jpg
imagenet_r,n02749479,n02749479/misc_27.jpg
imagenet_r,n02749479,n02749479/misc_28.jpg
imagenet_r,n02749479,n02749479/misc_29.jpg
imagenet_r,n02749479,n02749479/misc_3.jpg
imagenet_r,n02749479,n02749479/misc_30.jpg
imagenet_r,n02749479,n02749479/misc_31.jpg
imagenet_r,n02749479,n02749479/misc_32.jpg
imagenet_r,n02749479,n02749479/misc_33.jpg
imagenet_r,n02749479,n02749479/misc_34.jpg
imagenet_r,n02749479,n02749479/misc_35.jpg
imagenet_r,n02749479,n02749479/misc_36.jpg
imagenet_r,n02749479,n02749479/misc_37.jpg
imagenet_r,n02749479,n02749479/misc_4.jpg
imagenet_r,n02749479,n02749479/misc_5.jpg
imagenet_r,n02749479,n02749479/misc_6.jpg
imagenet_r,n02749479,n02749479/misc_7.jpg
imagenet_r,n02749479,n02749479/misc_8.jpg
imagenet_r,n02749479,n02749479/misc_9.jpg
imagenet_r,n02749479,n02749479/origami_0.jpg
imagenet_r,n02749479,n02749479/painting_0.jpg
imagenet_r,n02749479,n02749479/sketch_0.jpg
imagenet_r,n02749479,n02749479/sketch_1.jpg
imagenet_r,n02769748,n02769748/art_0.jpg
imagenet_r,n02769748,n02769748/art_1.jpg
imagenet_r,n02769748,n02769748/art_2.jpg
imagenet_r,n02769748,n02769748/cartoon_0.jpg
imagenet_r,n02769748,n02769748/cartoon_1.jpg
imagenet_r,n02769748,n02769748/cartoon_10.jpg
imagenet_r,n02769748,n02769748/cartoon_11.jpg
imagenet_r,n02769748,n02769748/cartoon_12.jpg
imagenet_r,n02769748,n02769748/cartoon_13.jpg
imagenet_r,n02769748,n02769748/cartoon_14.jpg
imagenet_r,n02769748,n02769748/cartoon_15.jpg
imagenet_r,n02769748,n02769748/cartoon_16.jpg
imagenet_r,n02769748,n02769748/cartoon_17.jpg
imagenet_r,n02769748,n02769748/cartoon_18.jpg
imagenet_r,n02769748,n02769748/cartoon_19.jpg
imagenet_r,n02769748,n02769748/cartoon_2.jpg
imagenet_r,n02769748,n02769748/cartoon_20.jpg
imagenet_r,n02769748,n02769748/cartoon_21.jpg
imagenet_r,n02769748,n02769748/cartoon_22.jpg
imagenet_r,n02769748,n02769748/cartoon_23.jpg
imagenet_r,n02769748,n02769748/cartoon_24.jpg
imagenet_r,n02769748,n02769748/cartoon_25.jpg
imagenet_r,n02769748,n02769748/cartoon_26.jpg
imagenet_r,n02769748,n02769748/cartoon_27.jpg
imagenet_r,n02769748,n02769748/cartoon_28.jpg
imagenet_r,n02769748,n02769748/cartoon_29.jpg
imagenet_r,n02769748,n02769748/cartoon_3.jpg
imagenet_r,n02769748,n02769748/cartoon_30.jpg
imagenet_r,n02769748,n02769748/cartoon_31.jpg
imagenet_r,n02769748,n02769748/cartoon_32.jpg
imagenet_r,n02769748,n02769748/cartoon_33.jpg
imagenet_r,n02769748,n02769748/cartoon_34.jpg
imagenet_r,n02769748,n02769748/cartoon_35.jpg
imagenet_r,n02769748,n02769748/cartoon_36.jpg
imagenet_r,n02769748,n02769748/cartoon_37.jpg
imagenet_r,n02769748,n02769748/cartoon_38.jpg
imagenet_r,n02769748,n02769748/cartoon_39.jpg
imagenet_r,n02769748,n02769748/cartoon_4.jpg
imagenet_r,n02769748,n02769748/cartoon_40.jpg
imagenet_r,n02769748,n02769748/cartoon_41.jpg
imagenet_r,n02769748,n02769748/cartoon_42.jpg
imagenet_r,n02769748,n02769748/cartoon_5.jpg
imagenet_r,n02769748,n02769748/cartoon_6.jpg
imagenet_r,n02769748,n02769748/cartoon_7.jpg
imagenet_r,n02769748,n02769748/cartoon_8.jpg
imagenet_r,n02769748,n02769748/cartoon_9.jpg
imagenet_r,n02769748,n02769748/embroidery_0.jpg
imagenet_r,n02769748,n02769748/embroidery_1.jpg
imagenet_r,n02769748,n02769748/embroidery_2.jpg
imagenet_r,n02769748,n02769748/graffiti_0.jpg
imagenet_r,n02793495,n02793495/art_0.jpg
imagenet_r,n02793495,n02793495/art_1.jpg
imagenet_r,n02793495,n02793495/art_2.jpg
imagenet_r,n02793495,n02793495/art_3.jpg
imagenet_r,n02793495,n02793495/cartoon_0.jpg
imagenet_r,n02793495,n02793495/cartoon_1.jpg
imagenet_r,n02793495,n02793495/cartoon_2.jpg
imagenet_r,n02793495,n02793495/cartoon_3.jpg
imagenet_r,n02793495,n02793495/cartoon_4.jpg
imagenet_r,n02793495,n02793495/cartoon_5.jpg
imagenet_r,n02793495,n02793495/cartoon_6.jpg
imagenet_r,n02793495,n02793495/cartoon_7.jpg
imagenet_r,n02793495,n02793495/cartoon_8.jpg
imagenet_r,n02793495,n02793495/embroidery_0.jpg
imagenet_r,n02793495,n02793495/embroidery_1.jpg
imagenet_r,n02793495,n02793495/embroidery_2.jpg
imagenet_r,n02793495,n02793495/embroidery_3.jpg
imagenet_r,n02793495,n02793495/embroidery_4.jpg
imagenet_r,n02793495,n02793495/embroidery_5.jpg
imagenet_r,n02793495,n02793495/embroidery_6.jpg
imagenet_r,n02793495,n02793495/graphic_0.jpg
imagenet_r,n02793495,n02793495/graphic_1.jpg
imagenet_r,n02793495,n02793495/graphic_2.jpg
imagenet_r,n02793495,n02793495/misc_0.jpg
imagenet_r,n02793495,n02793495/painting_0.jpg
imagenet_r,n02793495,n02793495/painting_1.jpg
imagenet_r,n02793495,n02793495/painting_10.jpg
imagenet_r,n02793495,n02793495/painting_11.jpg
imagenet_r,n02793495,n02793495/painting_12.jpg
imagenet_r,n02793495,n02793495/painting_13.jpg
imagenet_r,n02793495,n02793495/painting_14.jpg
imagenet_r,n02793495,n02793495/painting_15.jpg
imagenet_r,n02793495,n02793495/painting_16.jpg
imagenet_r,n02793495,n02793495/painting_17.jpg
imagenet_r,n02793495,n02793495/painting_18.jpg
imagenet_r,n02793495,n02793495/painting_19.jpg
imagenet_r,n02793495,n02793495/painting_2.jpg
imagenet_r,n02793495,n02793495/painting_20.jpg
imagenet_r,n02793495,n02793495/painting_21.jpg
imagenet_r,n02793495,n02793495/painting_22.jpg
imagenet_r,n02793495,n02793495/painting_23.jpg
imagenet_r,n02793495,n02793495/painting_24.jpg
imagenet_r,n02793495,n02793495/painting_3.jpg
imagenet_r,n02793495,n02793495/painting_4.jpg
imagenet_r,n02793495,n02793495/painting_5.jpg
imagenet_r,n02793495,n02793495/painting_6.jpg
imagenet_r,n02793495,n02793495/painting_7.jpg
imagenet_r,n02793495,n02793495/painting_8.jpg
imagenet_r,n02793495,n02793495/painting_9.jpg
imagenet_r,n02793495,n02793495/sculpture_0.jpg
imagenet_r,n02797295,n02797295/misc_0.jpg
imagenet_r,n02797295,n02797295/misc_1.jpg
imagenet_r,n02797295,n02797295/misc_10.jpg
imagenet_r,n02797295,n02797295/misc_11.jpg
imagenet_r,n02797295,n02797295/misc_12.jpg
imagenet_r,n02797295,n02797295/misc_13.jpg
imagenet_r,n02797295,n02797295/misc_14.jpg
imagenet_r,n02797295,n02797295/misc_15.jpg
imagenet_r,n02797295,n02797295/misc_16.jpg
imagenet_r,n02797295,n02797295/misc_17.jpg
imagenet_r,n02797295,n02797295/misc_18.jpg
imagenet_r,n02797295,n02797295/misc_19.jpg
imagenet_r,n02797295,n02797295/misc_2.jpg
imagenet_r,n02797295,n02797295/misc_20.jpg
imagenet_r,n02797295,n02797295/misc_21.jpg
imagenet_r,n02797295,n02797295/misc_22.jpg
imagenet_r,n02797295,n02797295/misc_23.jpg
imagenet_r,n02797295,n02797295/misc_24.jpg
imagenet_r,n02797295,n02797295/misc_25.jpg
imagenet_r,n02797295,n02797295/misc_26.jpg
imagenet_r,n02797295,n02797295/misc_27.jpg
imagenet_r,n02797295,n02797295/misc_28.jpg
imagenet_r,n02797295,n02797295/misc_29.jpg
imagenet_r,n02797295,n02797295/misc_3.jpg
imagenet_r,n02797295,n02797295/misc_30.jpg
imagenet_r,n02797295,n02797295/misc_31.jpg
imagenet_r,n02797295,n02797295/misc_32.jpg
imagenet_r,n02797295,n02797295/misc_33.jpg
imagenet_r,n02797295,n02797295/misc_34.jpg
imagenet_r,n02797295,n02797295/misc_35.jpg
imagenet_r,n02797295,n02797295/misc_36.jpg
imagenet_r,n02797295,n02797295/misc_37.jpg
imagenet_r,n02797295,n02797295/misc_38.jpg
imagenet_r,n02797295,n02797295/misc_39.jpg
imagenet_r,n02797295,n02797295/misc_4.jpg
imagenet_r,n02797295,n02797295/misc_40.jpg
imagenet_r,n02797295,n02797295/misc_41.jpg
imagenet_r,n02797295,n02797295/misc_42.jpg
imagenet_r,n02797295,n02797295/misc_43.jpg
imagenet_r,n02797295,n02797295/misc_44.jpg
imagenet_r,n02797295,n02797295/misc_45.jpg
imagenet_r,n02797295,n02797295/misc_46.jpg
imagenet_r,n02797295,n02797295/misc_47.jpg
imagenet_r,n02797295,n02797295/misc_48.jpg
imagenet_r,n02797295,n02797295/misc_49.jpg
imagenet_r,n02797295,n02797295/misc_5.jpg
imagenet_r,n02797295,n02797295/misc_50.jpg
imagenet_r,n02797295,n02797295/misc_51.jpg
imagenet_r,n02797295,n02797295/misc_52.jpg
imagenet_r,n02797295,n02797295/misc_53.jpg
imagenet_r,n02802426,n02802426/art_0.jpg
imagenet_r,n02802426,n02802426/art_1.jpg
imagenet_r,n02802426,n02802426/art_2.jpg
imagenet_r,n02802426,n02802426/art_3.jpg
imagenet_r,n02802426,n02802426/cartoon_0.jpg
imagenet_r,n02802426,n02802426/cartoon_1.jpg
imagenet_r,n02802426,n02802426/cartoon_10.jpg
imagenet_r,n02802426,n02802426/cartoon_11.jpg
imagenet_r,n02802426,n02802426/cartoon_12.jpg
imagenet_r,n02802426,n02802426/cartoon_13.jpg
imagenet_r,n02802426,n02802426/cartoon_14.jpg
imagenet_r,n02802426,n02802426/cartoon_15.jpg
imagenet_r,n02802426,n02802426/cartoon_16.jpg
imagenet_r,n02802426,n02802426/cartoon_17.jpg
imagenet_r,n02802426,n02802426/cartoon_18.jpg
imagenet_r,n02802426,n02802426/cartoon_19.jpg
imagenet_r,n02802426,n02802426/cartoon_2.jpg
imagenet_r,n02802426,n02802426/cartoon_20.jpg
imagenet_r,n02802426,n02802426/cartoon_21.jpg
imagenet_r,n02802426,n02802426/cartoon_3.jpg
imagenet_r,n02802426,n02802426/cartoon_4.jpg
imagenet_r,n02802426,n02802426/cartoon_5.jpg
imagenet_r,n02802426,n02802426/cartoon_6.jpg
imagenet_r,n02802426,n02802426/cartoon_7.jpg
imagenet_r,n02802426,n02802426/cartoon_8.jpg
imagenet_r,n02802426,n02802426/cartoon_9.jpg
imagenet_r,n02802426,n02802426/deviantart_0.jpg
imagenet_r,n02802426,n02802426/deviantart_1.jpg
imagenet_r,n02802426,n02802426/deviantart_10.jpg
imagenet_r,n02802426,n02802426/deviantart_11.jpg
imagenet_r,n02802426,n02802426/deviantart_12.jpg
imagenet_r,n02802426,n02802426/deviantart_13.jpg
imagenet_r,n02802426,n02802426/deviantart_14.jpg
imagenet_r,n02802426,n02802426/deviantart_15.jpg
imagenet_r,n02802426,n02802426/deviantart_2.jpg
imagenet_r,n02802426,n02802426/deviantart_3.jpg
imagenet_r,n02802426,n02802426/deviantart_4.jpg
imagenet_r,n02802426,n02802426/deviantart_5.jpg
imagenet_r,n02802426,n02802426/deviantart_6.jpg
imagenet_r,n02802426,n02802426/deviantart_7.jpg
imagenet_r,n02802426,n02802426/deviantart_8.jpg
imagenet_r,n02802426,n02802426/deviantart_9.jpg
imagenet_r,n02802426,n02802426/embroidery_0.jpg
imagenet_r,n02802426,n02802426/embroidery_1.jpg
imagenet_r,n02802426,n02802426/embroidery_2.jpg
imagenet_r,n02802426,n02802426/graffiti_0.jpg
imagenet_r,n02802426,n02802426/graffiti_1.jpg
imagenet_r,n02802426,n02802426/graffiti_2.jpg
imagenet_r,n02802426,n02802426/graffiti_3.jpg
imagenet_r,n02802426,n02802426/graphic_0.jpg
imagenet_r,n02808440,n02808440/art_0.jpg
imagenet_r,n02808440,n02808440/art_1.jpg
imagenet_r,n02808440,n02808440/art_2.jpg
imagenet_r,n02808440,n02808440/art_3.jpg
imagenet_r,n02808440,n02808440/art_4.jpg
imagenet_r,n02808440,n02808440/art_5.jpg
imagenet_r,n02808440,n02808440/art_6.jpg
imagenet_r,n02808440,n02808440/art_7.jpg
imagenet_r,n02808440,n02808440/cartoon_0.jpg
imagenet_r,n02808440,n02808440/cartoon_1.jpg
imagenet_r,n02808440,n02808440/cartoon_10.jpg
imagenet_r,n02808440,n02808440/cartoon_11.jpg
imagenet_r,n02808440,n02808440/cartoon_12.jpg
imagenet_r,n02808440,n02808440/cartoon_13.jpg
imagenet_r,n02808440,n02808440/cartoon_14.jpg
imagenet_r,n02808440,n02808440/cartoon_15.jpg
imagenet_r,n02808440,n02808440/cartoon_16.jpg
imagenet_r,n02808440,n02808440/cartoon_17.jpg
imagenet_r,n02808440,n02808440/cartoon_18.jpg
imagenet_r,n02808440,n02808440/cartoon_19.jpg
imagenet_r,n02808440,n02808440/cartoon_2.jpg
imagenet_r,n02808440,n02808440/cartoon_20.jpg
imagenet_r,n02808440,n02808440/cartoon_21.jpg
imagenet_r,n02808440,n02808440/cartoon_22.jpg
imagenet_r,n02808440,n02808440/cartoon_23.jpg
imagenet_r,n02808440,n02808440/cartoon_24.jpg
imagenet_r,n02808440,n02808440/cartoon_3.jpg
imagenet_r,n02808440,n02808440/cartoon_4.jpg
imagenet_r,n02808440,n02808440/cartoon_5.jpg
imagenet_r,n02808440,n02808440/cartoon_6.jpg
imagenet_r,n02808440,n02808440/cartoon_7.jpg
imagenet_r,n02808440,n02808440/cartoon_8.jpg
imagenet_r,n02808440,n02808440/cartoon_9.jpg
imagenet_r,n02808440,n02808440/embroidery_0.jpg
imagenet_r,n02808440,n02808440/embroidery_1.jpg
imagenet_r,n02808440,n02808440/embroidery_2.jpg
imagenet_r,n02808440,n02808440/graffiti_0.jpg
imagenet_r,n02808440,n02808440/graffiti_1.jpg
imagenet_r,n02808440,n02808440/graffiti_2.jpg
imagenet_r,n02808440,n02808440/graffiti_3.jpg
imagenet_r,n02808440,n02808440/graffiti_4.jpg
imagenet_r,n02808440,n02808440/graffiti_5.jpg
imagenet_r,n02808440,n02808440/graphic_0.jpg
imagenet_r,n02808440,n02808440/graphic_1.jpg
imagenet_r,n02808440,n02808440/graphic_2.jpg
imagenet_r,n02808440,n02808440/graphic_3.jpg
imagenet_r,n02808440,n02808440/graphic_4.jpg
imagenet_r,n02808440,n02808440/misc_0.jpg
imagenet_r,n02808440,n02808440/misc_1.jpg
imagenet_r,n02808440,n02808440/misc_2.jpg
imagenet_r,n02814860,n02814860/art_0.jpg
imagenet_r,n02814860,n02814860/art_1.jpg
imagenet_r,n02814860,n02814860/art_10.jpg
imagenet_r,n02814860,n02814860/art_11.jpg
imagenet_r,n02814860,n02814860/art_12.jpg
imagenet_r,n02814860,n02814860/art_13.jpg
imagenet_r,n02814860,n02814860/art_14.jpg
imagenet_r,n02814860,n02814860/art_15.jpg
imagenet_r,n02814860,n02814860/art_16.jpg
imagenet_r,n02814860,n02814860/art_17.jpg
imagenet_r,n02814860,n02814860/art_18.jpg
imagenet_r,n02814860,n02814860/art_19.jpg
imagenet_r,n02814860,n02814860/art_2.jpg
imagenet_r,n02814860,n02814860/art_20.jpg
imagenet_r,n02814860,n02814860/art_21.jpg
imagenet_r,n02814860,n02814860/art_22.jpg
imagenet_r,n02814860,n02814860/art_23.jpg
imagenet_r,n02814860,n02814860/art_3.jpg
imagenet_r,n02814860,n02814860/art_4.jpg
imagenet_r,n02814860,n02814860/art_5.jpg
imagenet_r,n02814860,n02814860/art_6.jpg
imagenet_r,n02814860,n02814860/art_7.jpg
imagenet_r,n02814860,n02814860/art_8.jpg
imagenet_r,n02814860,n02814860/art_9.jpg
imagenet_r,n02814860,n02814860/cartoon_0.jpg
imagenet_r,n02814860,n02814860/cartoon_1.jpg
imagenet_r,n02814860,n02814860/cartoon_10.jpg
imagenet_r,n02814860,n02814860/cartoon_11.jpg
imagenet_r,n02814860,n02814860/cartoon_12.jpg
imagenet_r,n02814860,n02814860/cartoon_13.jpg
imagenet_r,n02814860,n02814860/cartoon_14.jpg
imagenet_r,n02814860,n02814860/cartoon_15.jpg
imagenet_r,n02814860,n02814860/cartoon_16.jpg
imagenet_r,n02814860,n02814860/cartoon_17.jpg
imagenet_r,n02814860,n02814860/cartoon_18.jpg
imagenet_r,n02814860,n02814860/cartoon_19.jpg
imagenet_r,n02814860,n02814860/cartoon_2.jpg
imagenet_r,n02814860,n02814860/cartoon_20.jpg
imagenet_r,n02814860,n02814860/cartoon_21.jpg
imagenet_r,n02814860,n02814860/cartoon_22.jpg
imagenet_r,n02814860,n02814860/cartoon_23.jpg
imagenet_r,n02814860,n02814860/cartoon_24.jpg
imagenet_r,n02814860,n02814860/cartoon_25.jpg
imagenet_r,n02814860,n02814860/cartoon_26.jpg
imagenet_r,n02814860,n02814860/cartoon_27.jpg
imagenet_r,n02814860,n02814860/cartoon_28.jpg
imagenet_r,n02814860,n02814860/cartoon_29.jpg
imagenet_r,n02814860,n02814860/cartoon_3.jpg
imagenet_r,n02814860,n02814860/cartoon_30.jpg
imagenet_r,n02814860,n02814860/cartoon_31.jpg
imagenet_r,n02823750,n02823750/art_0.jpg
imagenet_r,n02823750,n02823750/cartoon_0.jpg
imagenet_r,n02823750,n02823750/cartoon_1.jpg
imagenet_r,n02823750,n02823750/cartoon_10.jpg
imagenet_r,n02823750,n02823750/cartoon_11.jpg
imagenet_r,n02823750,n02823750/cartoon_12.jpg
imagenet_r,n02823750,n02823750/cartoon_13.jpg
imagenet_r,n02823750,n02823750/cartoon_14.jpg
imagenet_r,n02823750,n02823750/cartoon_15.jpg
imagenet_r,n02823750,n02823750/cartoon_16.jpg
imagenet_r,n02823750,n02823750/cartoon_17.jpg
imagenet_r,n02823750,n02823750/cartoon_18.jpg
imagenet_r,n02823750,n02823750/cartoon_19.jpg
imagenet_r,n02823750,n02823750/cartoon_2.jpg
imagenet_r,n02823750,n02823750/cartoon_20.jpg
imagenet_r,n02823750,n02823750/cartoon_21.jpg
imagenet_r,n02823750,n02823750/cartoon_22.jpg
imagenet_r,n02823750,n02823750/cartoon_23.jpg
imagenet_r,n02823750,n02823750/cartoon_24.jpg
imagenet_r,n02823750,n02823750/cartoon_25.jpg
imagenet_r,n02823750,n02823750/cartoon_26.jpg
imagenet_r,n02823750,n02823750/cartoon_3.jpg
imagenet_r,n02823750,n02823750/cartoon_4.jpg
imagenet_r,n02823750,n02823750/cartoon_5.jpg
imagenet_r,n02823750,n02823750/cartoon_6.jpg
imagenet_r,n02823750,n02823750/cartoon_7.jpg
imagenet_r,n02823750,n02823750/cartoon_8.jpg
imagenet_r,n02823750,n02823750/cartoon_9.jpg
imagenet_r,n02823750,n02823750/deviantart_0.jpg
imagenet_r,n02823750,n02823750/deviantart_1.jpg
imagenet_r,n02823750,n02823750/deviantart_2.jpg
imagenet_r,n02823750,n02823750/deviantart_3.jpg
imagenet_r,n02823750,n02823750/deviantart_4.jpg
imagenet_r,n02823750,n02823750/deviantart_5.jpg
imagenet_r,n02823750,n02823750/deviantart_6.jpg
imagenet_r,n02823750,n02823750/deviantart_7.jpg
imagenet_r,n02823750,n02823750/deviantart_8.jpg
imagenet_r,n02823750,n02823750/graffiti_0.jpg
imagenet_r,n02823750,n02823750/graphic_0.jpg
imagenet_r,n02823750,n02823750/graphic_1.jpg
imagenet_r,n02823750,n02823750/graphic_2.jpg
imagenet_r,n02823750,n02823750/graphic_3.jpg
imagenet_r,n02823750,n02823750/graphic_4.jpg
imagenet_r,n02823750,n02823750/graphic_5.jpg
imagenet_r,n02823750,n02823750/graphic_6.jpg
imagenet_r,n02823750,n02823750/misc_0.jpg
imagenet_r,n02823750,n02823750/misc_1.jpg
imagenet_r,n02823750,n02823750/misc_2.jpg
imagenet_r,n02823750,n02823750/misc_3.jpg
imagenet_r,n02823750,n02823750/painting_0.jpg
imagenet_r,n02841315,n02841315/art_0.jpg
imagenet_r,n02841315,n02841315/art_1.jpg
imagenet_r,n02841315,n02841315/art_10.jpg
imagenet_r,n02841315,n02841315/art_11.jpg
imagenet_r,n02841315,n02841315/art_2.jpg
imagenet_r,n02841315,n02841315/art_3.jpg
imagenet_r,n02841315,n02841315/art_4.jpg
imagenet_r,n02841315,n02841315/art_5.jpg
imagenet_r,n02841315,n02841315/art_6.jpg
imagenet_r,n02841315,n02841315/art_7.jpg
imagenet_r,n02841315,n02841315/art_8.jpg
imagenet_r,n02841315,n02841315/art_9.jpg
imagenet_r,n02841315,n02841315/cartoon_0.jpg
imagenet_r,n02841315,n02841315/cartoon_1.jpg
imagenet_r,n02841315,n02841315/cartoon_10.jpg
imagenet_r,n02841315,n02841315/cartoon_11.jpg
imagenet_r,n02841315,n02841315/cartoon_12.jpg
imagenet_r,n02841315,n02841315/cartoon_13.jpg
imagenet_r,n02841315,n02841315/cartoon_14.jpg
imagenet_r,n02841315,n02841315/cartoon_15.jpg
imagenet_r,n02841315,n02841315/cartoon_16.jpg
imagenet_r,n02841315,n02841315/cartoon_17.jpg
imagenet_r,n02841315,n02841315/cartoon_18.jpg
imagenet_r,n02841315,n02841315/cartoon_19.jpg
imagenet_r,n02841315,n02841315/cartoon_2.jpg
imagenet_r,n02841315,n02841315/cartoon_20.jpg
imagenet_r,n02841315,n02841315/cartoon_21.jpg
imagenet_r,n02841315,n02841315/cartoon_22.jpg
imagenet_r,n02841315,n02841315/cartoon_23.jpg
imagenet_r,n02841315,n02841315/cartoon_24.jpg
imagenet_r,n02841315,n02841315/cartoon_25.jpg
imagenet_r,n02841315,n02841315/cartoon_26.jpg
imagenet_r,n02841315,n02841315/cartoon_27.jpg
imagenet_r,n02841315,n02841315/cartoon_28.jpg
imagenet_r,n02841315,n02841315/cartoon_29.jpg
imagenet_r,n02841315,n02841315/cartoon_3.jpg
imagenet_r,n02841315,n02841315/cartoon_30.jpg
imagenet_r,n02841315,n02841315/cartoon_31.jpg
imagenet_r,n02841315,n02841315/cartoon_32.jpg
imagenet_r,n02841315,n02841315/cartoon_33.jpg
imagenet_r,n02841315,n02841315/cartoon_34.jpg
imagenet_r,n02841315,n02841315/cartoon_35.jpg
imagenet_r,n02841315,n02841315/cartoon_36.jpg
imagenet_r,n02841315,n02841315/cartoon_4.jpg
imagenet_r,n02841315,n02841315/cartoon_5.jpg
imagenet_r,n02841315,n02841315/cartoon_6.jpg
imagenet_r,n02841315,n02841315/cartoon_7.jpg
imagenet_r,n02841315,n02841315/cartoon_8.jpg
imagenet_r,n02841315,n02841315/cartoon_9.jpg
imagenet_r,n02841315,n02841315/graffiti_0.jpg
imagenet_r,n02843684,n02843684/art_0.jpg
imagenet_r,n02843684,n02843684/art_1.jpg
imagenet_r,n02843684,n02843684/art_2.jpg
imagenet_r,n02843684,n02843684/art_3.jpg
imagenet_r,n02843684,n02843684/art_4.jpg
imagenet_r,n02843684,n02843684/cartoon_0.jpg
imagenet_r,n02843684,n02843684/cartoon_1.jpg
imagenet_r,n02843684,n02843684/cartoon_10.jpg
imagenet_r,n02843684,n02843684/cartoon_11.jpg
imagenet_r,n02843684,n02843684/cartoon_12.jpg
imagenet_r,n02843684,n02843684/cartoon_13.jpg
imagenet_r,n02843684,n02843684/cartoon_14.jpg
imagenet_r,n02843684,n02843684/cartoon_15.jpg
imagenet_r,n02843684,n02843684/cartoon_16.jpg
imagenet_r,n02843684,n02843684/cartoon_17.jpg
imagenet_r,n02843684,n02843684/cartoon_18.jpg
imagenet_r,n02843684,n02843684/cartoon_19.jpg
imagenet_r,n02843684,n02843684/cartoon_2.jpg
imagenet_r,n02843684,n02843684/cartoon_20.jpg
imagenet_r,n02843684,n02843684/cartoon_21.jpg
imagenet_r,n02843684,n02843684/cartoon_22.jpg
imagenet_r,n02843684,n02843684/cartoon_23.jpg
imagenet_r,n02843684,n02843684/cartoon_24.jpg
imagenet_r,n02843684,n02843684/cartoon_25.jpg
imagenet_r,n02843684,n02843684/cartoon_3.jpg
imagenet_r,n02843684,n02843684/cartoon_4.jpg
imagenet_r,n02843684,n02843684/cartoon_5.jpg
imagenet_r,n02843684,n02843684/cartoon_6.jpg
imagenet_r,n02843684,n02843684/cartoon_7.jpg
imagenet_r,n02843684,n02843684/cartoon_8.jpg
imagenet_r,n02843684,n02843684/cartoon_9.jpg
imagenet_r,n02843684,n02843684/embroidery_0.jpg
imagenet_r,n02843684,n02843684/embroidery_1.jpg
imagenet_r,n02843684,n02843684/embroidery_10.jpg
imagenet_r,n02843684,n02843684/embroidery_11.jpg
imagenet_r,n02843684,n02843684/embroidery_12.jpg
imagenet_r,n02843684,n02843684/embroidery_13.jpg
imagenet_r,n02843684,n02843684/embroidery_14.jpg
imagenet_r,n02843684,n02843684/embroidery_15.jpg
imagenet_r,n02843684,n02843684/embroidery_16.jpg
imagenet_r,n02843684,n02843684/embroidery_2.jpg
imagenet_r,n02843684,n02843684/embroidery_3.jpg
imagenet_r,n02843684,n02843684/embroidery_4.jpg
imagenet_r,n02843684,n02843684/embroidery_5.jpg
imagenet_r,n02843684,n02843684/embroidery_6.jpg
imagenet_r,n02843684,n02843684/embroidery_7.jpg
imagenet_r,n02843684,n02843684/embroidery_8.jpg
imagenet_r,n02843684,n02843684/embroidery_9.jpg
imagenet_r,n02843684,n02843684/graffiti_0.jpg
imagenet_r,n02843684,n02843684/graffiti_1.jpg
imagenet_r,n02883205,n02883205/art_0.jpg
imagenet_r,n02883205,n02883205/art_1.jpg
imagenet_r,n02883205,n02883205/art_2.jpg
imagenet_r,n02883205,n02883205/art_3.jpg
imagenet_r,n02883205,n02883205/art_4.jpg
imagenet_r,n02883205,n02883205/art_5.jpg
imagenet_r,n02883205,n02883205/art_6.jpg
imagenet_r,n02883205,n02883205/art_7.jpg
imagenet_r,n02883205,n02883205/art_8.jpg
imagenet_r,n02883205,n02883205/cartoon_0.jpg
imagenet_r,n02883205,n02883205/cartoon_1.jpg
imagenet_r,n02883205,n02883205/cartoon_10.jpg
imagenet_r,n02883205,n02883205/cartoon_11.jpg
imagenet_r,n02883205,n02883205/cartoon_12.jpg
imagenet_r,n02883205,n02883205/cartoon_13.jpg
imagenet_r,n02883205,n02883205/cartoon_14.jpg
imagenet_r,n02883205,n02883205/cartoon_15.jpg
imagenet_r,n02883205,n02883205/cartoon_16.jpg
imagenet_r,n02883205,n02883205/cartoon_17.jpg
imagenet_r,n02883205,n02883205/cartoon_18.jpg
imagenet_r,n02883205,n02883205/cartoon_19.jpg
imagenet_r,n02883205,n02883205/cartoon_2.jpg
imagenet_r,n02883205,n02883205/cartoon_20.jpg
imagenet_r,n02883205,n02883205/cartoon_21.jpg
imagenet_r,n02883205,n02883205/cartoon_22.jpg
imagenet_r,n02883205,n02883205/cartoon_23.jpg
imagenet_r,n02883205,n02883205/cartoon_24.jpg
imagenet_r,n02883205,n02883205/cartoon_25.jpg
imagenet_r,n02883205,n02883205/cartoon_26.jpg
imagenet_r,n02883205,n02883205/cartoon_27.jpg
imagenet_r,n02883205,n02883205/cartoon_28.jpg
imagenet_r,n02883205,n02883205/cartoon_29.jpg
imagenet_r,n02883205,n02883205/cartoon_3.jpg
imagenet_r,n02883205,n02883205/cartoon_4.jpg
imagenet_r,n02883205,n02883205/cartoon_5.jpg
imagenet_r,n02883205,n02883205/cartoon_6.jpg
imagenet_r,n02883205,n02883205/cartoon_7.jpg
imagenet_r,n02883205,n02883205/cartoon_8.jpg
imagenet_r,n02883205,n02883205/cartoon_9.jpg
imagenet_r,n02883205,n02883205/embroidery_0.jpg
imagenet_r,n02883205,n02883205/embroidery_1.jpg
imagenet_r,n02883205,n02883205/embroidery_2.jpg
imagenet_r,n02883205,n02883205/graffiti_0.jpg
imagenet_r,n02883205,n02883205/graffiti_1.jpg
imagenet_r,n02883205,n02883205/graffiti_2.jpg
imagenet_r,n02883205,n02883205/graffiti_3.jpg
imagenet_r,n02883205,n02883205/graffiti_4.jpg
imagenet_r,n02883205,n02883205/graffiti_5.jpg
imagenet_r,n02883205,n02883205/graffiti_6.jpg
imagenet_r,n02883205,n02883205/graffiti_7.jpg
imagenet_r,n02906734,n02906734/art_0.jpg
imagenet_r,n02906734,n02906734/art_1.jpg
imagenet_r,n02906734,n02906734/art_2.jpg
imagenet_r,n02906734,n02906734/art_3.jpg
imagenet_r,n02906734,n02906734/art_4.jpg
imagenet_r,n02906734,n02906734/art_5.jpg
imagenet_r,n02906734,n02906734/cartoon_0.jpg
imagenet_r,n02906734,n02906734/cartoon_1.jpg
imagenet_r,n02906734,n02906734/cartoon_10.jpg
imagenet_r,n02906734,n02906734/cartoon_11.jpg
imagenet_r,n02906734,n02906734/cartoon_12.jpg
imagenet_r,n02906734,n02906734/cartoon_13.jpg
imagenet_r,n02906734,n02906734/cartoon_14.jpg
imagenet_r,n02906734,n02906734/cartoon_15.jpg
imagenet_r,n02906734,n02906734/cartoon_16.jpg
imagenet_r,n02906734,n02906734/cartoon_17.jpg
imagenet_r,n02906734,n02906734/cartoon_18.jpg
imagenet_r,n02906734,n02906734/cartoon_19.jpg
imagenet_r,n02906734,n02906734/cartoon_2.jpg
imagenet_r,n02906734,n02906734/cartoon_20.jpg
imagenet_r,n02906734,n02906734/cartoon_21.jpg
imagenet_r,n02906734,n02906734/cartoon_22.jpg
imagenet_r,n02906734,n02906734/cartoon_23.jpg
imagenet_r,n02906734,n02906734/cartoon_24.jpg
imagenet_r,n02906734,n02906734/cartoon_25.jpg
imagenet_r,n02906734,n02906734/cartoon_26.jpg
imagenet_r,n02906734,n02906734/cartoon_27.jpg
imagenet_r,n02906734,n02906734/cartoon_28.jpg
imagenet_r,n02906734,n02906734/cartoon_29.jpg
imagenet_r,n02906734,n02906734/cartoon_3.jpg
imagenet_r,n02906734,n02906734/cartoon_30.jpg
imagenet_r,n02906734,n02906734/cartoon_31.jpg
imagenet_r,n02906734,n02906734/cartoon_32.jpg
imagenet_r,n02906734,n02906734/cartoon_33.jpg
imagenet_r,n02906734,n02906734/cartoon_34.jpg
imagenet_r,n02906734,n02906734/cartoon_35.jpg
imagenet_r,n02906734,n02906734/cartoon_36.jpg
imagenet_r,n02906734,n02906734/cartoon_37.jpg
imagenet_r,n02906734,n02906734/cartoon_38.jpg
imagenet_r,n02906734,n02906734/cartoon_39.jpg
imagenet_r,n02906734,n02906734/cartoon_4.jpg
imagenet_r,n02906734,n02906734/cartoon_40.jpg
imagenet_r,n02906734,n02906734/cartoon_41.jpg
imagenet_r,n02906734,n02906734/cartoon_42.jpg
imagenet_r,n02906734,n02906734/cartoon_43.jpg
imagenet_r,n02906734,n02906734/cartoon_44.jpg
imagenet_r,n02906734,n02906734/cartoon_45.jpg
imagenet_r,n02906734,n02906734/cartoon_46.jpg
imagenet_r,n02906734,n02906734/cartoon_47.jpg
imagenet_r,n02906734,n02906734/cartoon_48.jpg
imagenet_r,n02909870,n02909870/art_0.jpg
imagenet_r,n02909870,n02909870/art_1.jpg
imagenet_r,n02909870,n02909870/art_2.jpg
imagenet_r,n02909870,n02909870/art_3.jpg
imagenet_r,n02909870,n02909870/art_4.jpg
imagenet_r,n02909870,n02909870/art_5.jpg
imagenet_r,n02909870,n02909870/art_6.jpg
imagenet_r,n02909870,n02909870/art_7.jpg
imagenet_r,n02909870,n02909870/cartoon_0.jpg
imagenet_r,n02909870,n02909870/cartoon_1.jpg
imagenet_r,n02909870,n02909870/cartoon_10.jpg
imagenet_r,n02909870,n02909870/cartoon_11.jpg
imagenet_r,n02909870,n02909870/cartoon_12.jpg
imagenet_r,n02909870,n02909870/cartoon_13.jpg
imagenet_r,n02909870,n02909870/cartoon_14.jpg
imagenet_r,n02909870,n02909870/cartoon_15.jpg
imagenet_r,n02909870,n02909870/cartoon_16.jpg
imagenet_r,n02909870,n02909870/cartoon_17.jpg
imagenet_r,n02909870,n02909870/cartoon_18.jpg
imagenet_r,n02909870,n02909870/cartoon_19.jpg
imagenet_r,n02909870,n02909870/cartoon_2.jpg
imagenet_r,n02909870,n02909870/cartoon_20.jpg
imagenet_r,n02909870,n02909870/cartoon_21.jpg
imagenet_r,n02909870,n02909870/cartoon_22.jpg
imagenet_r,n02909870,n02909870/cartoon_23.jpg
imagenet_r,n02909870,n02909870/cartoon_24.jpg
imagenet_r,n02909870,n02909870/cartoon_25.jpg
imagenet_r,n02909870,n02909870/cartoon_26.jpg
imagenet_r,n02909870,n02909870/cartoon_27.jpg
imagenet_r,n02909870,n02909870/cartoon_28.jpg
imagenet_r,n02909870,n02909870/cartoon_29.jpg
imagenet_r,n02909870,n02909870/cartoon_3.jpg
imagenet_r,n02909870,n02909870/cartoon_30.jpg
imagenet_r,n02909870,n02909870/cartoon_31.jpg
imagenet_r,n02909870,n02909870/cartoon_32.jpg
imagenet_r,n02909870,n02909870/cartoon_33.jpg
imagenet_r,n02909870,n02909870/cartoon_34.jpg
imagenet_r,n02909870,n02909870/cartoon_35.jpg
imagenet_r,n02909870,n02909870/cartoon_4.jpg
imagenet_r,n02909870,n02909870/cartoon_5.jpg
imagenet_r,n02909870,n02909870/cartoon_6.jpg
imagenet_r,n02909870,n02909870/cartoon_7.jpg
imagenet_r,n02909870,n02909870/cartoon_8.jpg
imagenet_r,n02909870,n02909870/cartoon_9.jpg
imagenet_r,n02909870,n02909870/embroidery_0.jpg
imagenet_r,n02909870,n02909870/embroidery_1.jpg
imagenet_r,n02909870,n02909870/embroidery_2.jpg
imagenet_r,n02909870,n02909870/embroidery_3.jpg
imagenet_r,n02909870,n02909870/embroidery_4.jpg
imagenet_r,n02909870,n02909870/embroidery_5.jpg
imagenet_r,n02939185,n02939185/art_0.jpg
imagenet_r,n02939185,n02939185/art_1.jpg
imagenet_r,n02939185,n02939185/art_2.jpg
imagenet_r,n02939185,n02939185/cartoon_0.jpg
imagenet_r,n02939185,n02939185/cartoon_1.jpg
imagenet_r,n02939185,n02939185/cartoon_10.jpg
imagenet_r,n02939185,n02939185/cartoon_11.jpg
imagenet_r,n02939185,n02939185/cartoon_12.jpg
imagenet_r,n02939185,n02939185/cartoon_13.jpg
imagenet_r,n02939185,n02939185/cartoon_14.jpg
imagenet_r,n02939185,n02939185/cartoon_15.jpg
imagenet_r,n02939185,n02939185/cartoon_16.jpg
imagenet_r,n02939185,n02939185/cartoon_2.jpg
imagenet_r,n02939185,n02939185/cartoon_3.jpg
imagenet_r,n02939185,n02939185/cartoon_4.jpg
imagenet_r,n02939185,n02939185/cartoon_5.jpg
imagenet_r,n02939185,n02939185/cartoon_6.jpg
imagenet_r,n02939185,n02939185/cartoon_7.jpg
imagenet_r,n02939185,n02939185/cartoon_8.jpg
imagenet_r,n02939185,n02939185/cartoon_9.jpg
imagenet_r,n02939185,n02939185/deviantart_0.jpg
imagenet_r,n02939185,n02939185/deviantart_1.jpg
imagenet_r,n02939185,n02939185/deviantart_10.jpg
imagenet_r,n02939185,n02939185/deviantart_11.jpg
imagenet_r,n02939185,n02939185/deviantart_12.jpg
imagenet_r,n02939185,n02939185/deviantart_13.jpg
imagenet_r,n02939185,n02939185/deviantart_14.jpg
imagenet_r,n02939185,n02939185/deviantart_2.jpg
imagenet_r,n02939185,n02939185/deviantart_3.jpg
imagenet_r,n02939185,n02939185/deviantart_4.jpg
imagenet_r,n02939185,n02939185/deviantart_5.jpg
imagenet_r,n02939185,n02939185/deviantart_6.jpg
imagenet_r,n02939185,n02939185/deviantart_7.jpg
imagenet_r,n02939185,n02939185/deviantart_8.jpg
imagenet_r,n02939185,n02939185/deviantart_9.jpg
imagenet_r,n02939185,n02939185/embroidery_0.jpg
imagenet_r,n02939185,n02939185/embroidery_1.jpg
imagenet_r,n02939185,n02939185/embroidery_2.jpg
imagenet_r,n02939185,n02939185/graffiti_0.jpg
imagenet_r,n02939185,n02939185/misc_0.jpg
imagenet_r,n02939185,n02939185/misc_1.jpg
imagenet_r,n02939185,n02939185/misc_10.jpg
imagenet_r,n02939185,n02939185/misc_11.jpg
imagenet_r,n02939185,n02939185/misc_12.jpg
imagenet_r,n02939185,n02939185/misc_13.jpg
imagenet_r,n02939185,n02939185/misc_14.jpg
imagenet_r,n02939185,n02939185/misc_15.jpg
imagenet_r,n02939185,n02939185/misc_2.jpg
imagenet_r,n02939185,n02939185/misc_3.jpg
imagenet_r,n02939185,n02939185/misc_4.jpg
imagenet_r,n02948072,n02948072/art_0.jpg
imagenet_r,n02948072,n02948072/art_1.jpg
imagenet_r,n02948072,n02948072/art_2.jpg
imagenet_r,n02948072,n02948072/art_3.jpg
imagenet_r,n02948072,n02948072/art_4.jpg
imagenet_r,n02948072,n02948072/art_5.jpg
imagenet_r,n02948072,n02948072/cartoon_0.jpg
imagenet_r,n02948072,n02948072/cartoon_1.jpg
imagenet_r,n02948072,n02948072/cartoon_10.jpg
imagenet_r,n02948072,n02948072/cartoon_11.jpg
imagenet_r,n02948072,n02948072/cartoon_12.jpg
imagenet_r,n02948072,n02948072/cartoon_13.jpg
imagenet_r,n02948072,n02948072/cartoon_14.jpg
imagenet_r,n02948072,n02948072/cartoon_15.jpg
imagenet_r,n02948072,n02948072/cartoon_16.jpg
imagenet_r,n02948072,n02948072/cartoon_17.jpg
imagenet_r,n02948072,n02948072/cartoon_18.jpg
imagenet_r,n02948072,n02948072/cartoon_19.jpg
imagenet_r,n02948072,n02948072/cartoon_2.jpg
imagenet_r,n02948072,n02948072/cartoon_20.jpg
imagenet_r,n02948072,n02948072/cartoon_21.jpg
imagenet_r,n02948072,n02948072/cartoon_22.jpg
imagenet_r,n02948072,n02948072/cartoon_23.jpg
imagenet_r,n02948072,n02948072/cartoon_24.jpg
imagenet_r,n02948072,n02948072/cartoon_25.jpg
imagenet_r,n02948072,n02948072/cartoon_26.jpg
imagenet_r,n02948072,n02948072/cartoon_27.jpg
imagenet_r,n02948072,n02948072/cartoon_28.jpg
imagenet_r,n02948072,n02948072/cartoon_29.jpg
imagenet_r,n02948072,n02948072/cartoon_3.jpg
imagenet_r,n02948072,n02948072/cartoon_30.jpg
imagenet_r,n02948072,n02948072/cartoon_31.jpg
imagenet_r,n02948072,n02948072/cartoon_32.jpg
imagenet_r,n02948072,n02948072/cartoon_33.jpg
imagenet_r,n02948072,n02948072/cartoon_34.jpg
imagenet_r,n02948072,n02948072/cartoon_35.jpg
imagenet_r,n02948072,n02948072/cartoon_36.jpg
imagenet_r,n02948072,n02948072/cartoon_37.jpg
imagenet_r,n02948072,n02948072/cartoon_38.jpg
imagenet_r,n02948072,n02948072/cartoon_39.jpg
imagenet_r,n02948072,n02948072/cartoon_4.jpg
imagenet_r,n02948072,n02948072/cartoon_40.jpg
imagenet_r,n02948072,n02948072/cartoon_41.jpg
imagenet_r,n02948072,n02948072/cartoon_42.jpg
imagenet_r,n02948072,n02948072/cartoon_43.jpg
imagenet_r,n02948072,n02948072/cartoon_44.jpg
imagenet_r,n02948072,n02948072/cartoon_45.jpg
imagenet_r,n02948072,n02948072/cartoon_46.jpg
imagenet_r,n02948072,n02948072/cartoon_47.jpg
imagenet_r,n02948072,n02948072/cartoon_48.jpg
imagenet_r,n02950826,n02950826/art_0.jpg
imagenet_r,n02950826,n02950826/art_1.jpg
imagenet_r,n02950826,n02950826/art_2.jpg
imagenet_r,n02950826,n02950826/cartoon_0.jpg
imagenet_r,n02950826,n02950826/cartoon_1.jpg
imagenet_r,n02950826,n02950826/cartoon_2.jpg
imagenet_r,n02950826,n02950826/cartoon_3.jpg
imagenet_r,n02950826,n02950826/cartoon_4.jpg
imagenet_r,n02950826,n02950826/cartoon_5.jpg
imagenet_r,n02950826,n02950826/cartoon_6.jpg
imagenet_r,n02950826,n02950826/embroidery_0.jpg
imagenet_r,n02950826,n02950826/graffiti_0.jpg
imagenet_r,n02950826,n02950826/graphic_0.jpg
imagenet_r,n02950826,n02950826/graphic_1.jpg
imagenet_r,n02950826,n02950826/graphic_2.jpg
imagenet_r,n02950826,n02950826/misc_0.jpg
imagenet_r,n02950826,n02950826/misc_1.jpg
imagenet_r,n02950826,n02950826/misc_2.jpg
imagenet_r,n02950826,n02950826/origami_0.jpg
imagenet_r,n02950826,n02950826/painting_0.jpg
imagenet_r,n02950826,n02950826/painting_1.jpg
imagenet_r,n02950826,n02950826/painting_2.jpg
imagenet_r,n02950826,n02950826/sculpture_0.jpg
imagenet_r,n02950826,n02950826/sculpture_1.jpg
imagenet_r,n02950826,n02950826/sculpture_2.jpg
imagenet_r,n02950826,n02950826/sketch_0.jpg
imagenet_r,n02950826,n02950826/sketch_1.jpg
imagenet_r,n02950826,n02950826/sketch_10.jpg
imagenet_r,n02950826,n02950826/sketch_11.jpg
imagenet_r,n02950826,n02950826/sketch_12.jpg
imagenet_r,n02950826,n02950826/sketch_13.jpg
imagenet_r,n02950826,n02950826/sketch_14.jpg
imagenet_r,n02950826,n02950826/sketch_15.jpg
imagenet_r,n02950826,n02950826/sketch_16.jpg
imagenet_r,n02950826,n02950826/sketch_17.jpg
imagenet_r,n02950826,n02950826/sketch_18.jpg
imagenet_r,n02950826,n02950826/sketch_19.jpg
imagenet_r,n02950826,n02950826/sketch_2.jpg
imagenet_r,n02950826,n02950826/sketch_20.jpg
imagenet_r,n02950826,n02950826/sketch_21.jpg
imagenet_r,n02950826,n02950826/sketch_22.jpg
imagenet_r,n02950826,n02950826/sketch_3.jpg
imagenet_r,n02950826,n02950826/sketch_4.jpg
imagenet_r,n02950826,n02950826/sketch_5.jpg
imagenet_r,n02950826,n02950826/sketch_6.jpg
imagenet_r,n02950826,n02950826/sketch_7.jpg
imagenet_r,n02950826,n02950826/sketch_8.jpg
imagenet_r,n02950826,n02950826/sketch_9.jpg
imagenet_r,n02950826,n02950826/sticker_0.jpg
imagenet_r,n02950826,n02950826/toy_0.jpg
imagenet_r,n02951358,n02951358/art_0.jpg
imagenet_r,n02951358,n02951358/art_1.jpg
imagenet_r,n02951358,n02951358/art_2.jpg
imagenet_r,n02951358,n02951358/art_3.jpg
imagenet_r,n02951358,n02951358/art_4.jpg
imagenet_r,n02951358,n02951358/cartoon_0.jpg
imagenet_r,n02951358,n02951358/cartoon_1.jpg
imagenet_r,n02951358,n02951358/cartoon_2.jpg
imagenet_r,n02951358,n02951358/cartoon_3.jpg
imagenet_r,n02951358,n02951358/cartoon_4.jpg
imagenet_r,n02951358,n02951358/cartoon_5.jpg
imagenet_r,n02951358,n02951358/cartoon_6.jpg
imagenet_r,n02951358,n02951358/cartoon_7.jpg
imagenet_r,n02951358,n02951358/deviantart_0.jpg
imagenet_r,n02951358,n02951358/deviantart_1.jpg
imagenet_r,n02951358,n02951358/deviantart_2.jpg
imagenet_r,n02951358,n02951358/deviantart_3.jpg
imagenet_r,n02951358,n02951358/deviantart_4.jpg
imagenet_r,n02951358,n02951358/deviantart_5.jpg
imagenet_r,n02951358,n02951358/deviantart_6.jpg
imagenet_r,n02951358,n02951358/deviantart_7.jpg
imagenet_r,n02951358,n02951358/deviantart_8.jpg
imagenet_r,n02951358,n02951358/embroidery_0.jpg
imagenet_r,n02951358,n02951358/embroidery_1.jpg
imagenet_r,n02951358,n02951358/embroidery_2.jpg
imagenet_r,n02951358,n02951358/embroidery_3.jpg
imagenet_r,n02951358,n02951358/embroidery_4.jpg
imagenet_r,n02951358,n02951358/embroidery_5.jpg
imagenet_r,n02951358,n02951358/graphic_0.jpg
imagenet_r,n02951358,n02951358/misc_0.jpg
imagenet_r,n02951358,n02951358/misc_1.jpg
imagenet_r,n02951358,n02951358/misc_2.jpg
imagenet_r,n02951358,n02951358/origami_0.jpg
imagenet_r,n02951358,n02951358/origami_1.jpg
imagenet_r,n02951358,n02951358/painting_0.jpg
imagenet_r,n02951358,n02951358/painting_1.jpg
imagenet_r,n02951358,n02951358/painting_10.jpg
imagenet_r,n02951358,n02951358/painting_11.jpg
imagenet_r,n02951358,n02951358/painting_12.jpg
imagenet_r,n02951358,n02951358/painting_13.jpg
imagenet_r,n02951358,n02951358/painting_14.jpg
imagenet_r,n02951358,n02951358/painting_15.jpg
imagenet_r,n02951358,n02951358/painting_16.jpg
imagenet_r,n02951358,n02951358/painting_17.jpg
imagenet_r,n02951358,n02951358/painting_18.jpg
imagenet_r,n02951358,n02951358/painting_19.jpg
imagenet_r,n02951358,n02951358/painting_2.jpg
imagenet_r,n02951358,n02951358/painting_3.jpg
imagenet_r,n02951358,n02951358/painting_4.jpg
imagenet_r,n02951358,n02951358/painting_5.jpg
imagenet_r,n02966193,n02966193/art_0.jpg
imagenet_r,n02966193,n02966193/art_1.jpg
imagenet_r,n02966193,n02966193/cartoon_0.jpg
imagenet_r,n02966193,n02966193/cartoon_1.jpg
imagenet_r,n02966193,n02966193/cartoon_10.jpg
imagenet_r,n02966193,n02966193/cartoon_11.jpg
imagenet_r,n02966193,n02966193/cartoon_12.jpg
imagenet_r,n02966193,n02966193/cartoon_13.jpg
imagenet_r,n02966193,n02966193/cartoon_14.jpg
imagenet_r,n02966193,n02966193/cartoon_15.jpg
imagenet_r,n02966193,n02966193/cartoon_16.jpg
imagenet_r,n02966193,n02966193/cartoon_17.jpg
imagenet_r,n02966193,n02966193/cartoon_18.jpg
imagenet_r,n02966193,n02966193/cartoon_19.jpg
imagenet_r,n02966193,n02966193/cartoon_2.jpg
imagenet_r,n02966193,n02966193/cartoon_20.jpg
imagenet_r,n02966193,n02966193/cartoon_21.jpg
imagenet_r,n02966193,n02966193/cartoon_22.jpg
imagenet_r,n02966193,n02966193/cartoon_23.jpg
imagenet_r,n02966193,n02966193/cartoon_24.jpg
imagenet_r,n02966193,n02966193/cartoon_25.jpg
imagenet_r,n02966193,n02966193/cartoon_26.jpg
imagenet_r,n02966193,n02966193/cartoon_27.jpg
imagenet_r,n02966193,n02966193/cartoon_28.jpg
imagenet_r,n02966193,n02966193/cartoon_29.jpg
imagenet_r,n02966193,n02966193/cartoon_3.jpg
imagenet_r,n02966193,n02966193/cartoon_4.jpg
imagenet_r,n02966193,n02966193/cartoon_5.jpg
imagenet_r,n02966193,n02966193/cartoon_6.jpg
imagenet_r,n02966193,n02966193/cartoon_7.jpg
imagenet_r,n02966193,n02966193/cartoon_8.jpg
imagenet_r,n02966193,n02966193/cartoon_9.jpg
imagenet_r,n02966193,n02966193/deviantart_0.jpg
imagenet_r,n02966193,n02966193/deviantart_1.jpg
imagenet_r,n02966193,n02966193/deviantart_2.jpg
imagenet_r,n02966193,n02966193/deviantart_3.jpg
imagenet_r,n02966193,n02966193/deviantart_4.jpg
imagenet_r,n02966193,n02966193/deviantart_5.jpg
imagenet_r,n02966193,n02966193/deviantart_6.jpg
imagenet_r,n02966193,n02966193/embroidery_0.jpg
imagenet_r,n02966193,n02966193/embroidery_1.jpg
imagenet_r,n02966193,n02966193/embroidery_2.jpg
imagenet_r,n02966193,n02966193/embroidery_3.jpg
imagenet_r,n02966193,n02966193/graphic_0.jpg
imagenet_r,n02966193,n02966193/graphic_1.jpg
imagenet_r,n02966193,n02966193/graphic_2.jpg
imagenet_r,n02966193,n02966193/misc_0.jpg
imagenet_r,n02966193,n02966193/misc_1.jpg
imagenet_r,n02966193,n02966193/misc_2.jpg
imagenet_r,n02966193,n02966193/misc_3.jpg
imagenet_r,n02980441,n02980441/art_0.jpg
imagenet_r,n02980441,n02980441/art_1.jpg
imagenet_r,n02980441,n02980441/art_2.jpg
imagenet_r,n02980441,n02980441/art_3.jpg
imagenet_r,n02980441,n02980441/art_4.jpg
imagenet_r,n02980441,n02980441/art_5.jpg
imagenet_r,n02980441,n02980441/cartoon_0.jpg
imagenet_r,n02980441,n02980441/cartoon_1.jpg
imagenet_r,n02980441,n02980441/cartoon_10.jpg
imagenet_r,n02980441,n02980441/cartoon_11.jpg
imagenet_r,n02980441,n02980441/cartoon_12.jpg
imagenet_r,n02980441,n02980441/cartoon_13.jpg
imagenet_r,n02980441,n02980441/cartoon_14.jpg
imagenet_r,n02980441,n02980441/cartoon_15.jpg
imagenet_r,n02980441,n02980441/cartoon_16.jpg
imagenet_r,n02980441,n02980441/cartoon_17.jpg
imagenet_r,n02980441,n02980441/cartoon_18.jpg
imagenet_r,n02980441,n02980441/cartoon_19.jpg
imagenet_r,n02980441,n02980441/cartoon_2.jpg
imagenet_r,n02980441,n02980441/cartoon_20.jpg
imagenet_r,n02980441,n02980441/cartoon_21.jpg
imagenet_r,n02980441,n02980441/cartoon_22.jpg
imagenet_r,n02980441,n02980441/cartoon_23.jpg
imagenet_r,n02980441,n02980441/cartoon_3.jpg
imagenet_r,n02980441,n02980441/cartoon_4.jpg
imagenet_r,n02980441,n02980441/cartoon_5.jpg
imagenet_r,n02980441,n02980441/cartoon_6.jpg
imagenet_r,n02980441,n02980441/cartoon_7.jpg
imagenet_r,n02980441,n02980441/cartoon_8.jpg
imagenet_r,n02980441,n02980441/cartoon_9.jpg
imagenet_r,n02980441,n02980441/deviantart_0.jpg
imagenet_r,n02980441,n02980441/deviantart_1.jpg
imagenet_r,n02980441,n02980441/deviantart_2.jpg
imagenet_r,n02980441,n02980441/deviantart_3.jpg
imagenet_r,n02980441,n02980441/deviantart_4.jpg
imagenet_r,n02980441,n02980441/deviantart_5.jpg
imagenet_r,n02980441,n02980441/deviantart_6.jpg
imagenet_r,n02980441,n02980441/deviantart_7.jpg
imagenet_r,n02980441,n02980441/deviantart_8.jpg
imagenet_r,n02980441,n02980441/embroidery_0.jpg
imagenet_r,n02980441,n02980441/embroidery_1.jpg
imagenet_r,n02980441,n02980441/embroidery_2.jpg
imagenet_r,n02980441,n02980441/embroidery_3.jpg
imagenet_r,n02980441,n02980441/embroidery_4.jpg
imagenet_r,n02980441,n02980441/graphic_0.jpg
imagenet_r,n02980441,n02980441/graphic_1.jpg
imagenet_r,n02980441,n02980441/graphic_2.jpg
imagenet_r,n02980441,n02980441/graphic_3.jpg
imagenet_r,n02980441,n02980441/graphic_4.jpg
imagenet_r,n02980441,n02980441/graphic_5.jpg
imagenet_r,n02992529,n02992529/cartoon_0.jpg
imagenet_r,n02992529,n02992529/cartoon_1.jpg
imagenet_r,n02992529,n02992529/cartoon_10.jpg
imagenet_r,n02992529,n02992529/cartoon_11.jpg
imagenet_r,n02992529,n02992529/cartoon_2.jpg
imagenet_r,n02992529,n02992529/cartoon_3.jpg
imagenet_r,n02992529,n02992529/cartoon_4.jpg
imagenet_r,n02992529,n02992529/cartoon_5.jpg
imagenet_r,n02992529,n02992529/cartoon_6.jpg
imagenet_r,n02992529,n02992529/cartoon_7.jpg
imagenet_r,n02992529,n02992529/cartoon_8.jpg
imagenet_r,n02992529,n02992529/cartoon_9.jpg
imagenet_r,n02992529,n02992529/deviantart_0.jpg
imagenet_r,n02992529,n02992529/deviantart_1.jpg
imagenet_r,n02992529,n02992529/deviantart_2.jpg
imagenet_r,n02992529,n02992529/embroidery_0.jpg
imagenet_r,n02992529,n02992529/graffiti_0.jpg
imagenet_r,n02992529,n02992529/graffiti_1.jpg
imagenet_r,n02992529,n02992529/graffiti_2.jpg
imagenet_r,n02992529,n02992529/graffiti_3.jpg
imagenet_r,n02992529,n02992529/graffiti_4.jpg
imagenet_r,n02992529,n02992529/graphic_0.jpg
imagenet_r,n02992529,n02992529/misc_0.jpg
imagenet_r,n02992529,n02992529/painting_0.jpg
imagenet_r,n02992529,n02992529/painting_1.jpg
imagenet_r,n02992529,n02992529/painting_2.jpg
imagenet_r,n02992529,n02992529/sculpture_0.jpg
imagenet_r,n02992529,n02992529/sculpture_1.jpg
imagenet_r,n02992529,n02992529/sketch_0.jpg
imagenet_r,n02992529,n02992529/sketch_1.jpg
imagenet_r,n02992529,n02992529/sketch_10.jpg
imagenet_r,n02992529,n02992529/sketch_11.jpg
imagenet_r,n02992529,n02992529/sketch_12.jpg
imagenet_r,n02992529,n02992529/sketch_13.jpg
imagenet_r,n02992529,n02992529/sketch_14.jpg
imagenet_r,n02992529,n02992529/sketch_15.jpg
imagenet_r,n02992529,n02992529/sketch_16.jpg
imagenet_r,n02992529,n02992529/sketch_17.jpg
imagenet_r,n02992529,n02992529/sketch_18.jpg
imagenet_r,n02992529,n02992529/sketch_19.jpg
imagenet_r,n02992529,n02992529/sketch_2.jpg
imagenet_r,n02992529,n02992529/sketch_20.jpg
imagenet_r,n02992529,n02992529/sketch_21.jpg
imagenet_r,n02992529,n02992529/sketch_22.jpg
imagenet_r,n02992529,n02992529/sketch_23.jpg
imagenet_r,n02992529,n02992529/sketch_24.jpg
imagenet_r,n02992529,n02992529/sketch_25.jpg
imagenet_r,n02992529,n02992529/sketch_26.jpg
imagenet_r,n02992529,n02992529/sketch_27.jpg
imagenet_r,n02992529,n02992529/sketch_28.jpg
imagenet_r,n03124170,n03124170/art_0.jpg
imagenet_r,n03124170,n03124170/art_1.jpg
imagenet_r,n03124170,n03124170/art_10.jpg
imagenet_r,n03124170,n03124170/art_11.jpg
imagenet_r,n03124170,n03124170/art_12.jpg
imagenet_r,n03124170,n03124170/art_13.jpg
imagenet_r,n03124170,n03124170/art_14.jpg
imagenet_r,n03124170,n03124170/art_15.jpg
imagenet_r,n03124170,n03124170/art_16.jpg
imagenet_r,n03124170,n03124170/art_17.jpg
imagenet_r,n03124170,n03124170/art_18.jpg
imagenet_r,n03124170,n03124170/art_19.jpg
imagenet_r,n03124170,n03124170/art_2.jpg
imagenet_r,n03124170,n03124170/art_20.jpg
imagenet_r,n03124170,n03124170/art_21.jpg
imagenet_r,n03124170,n03124170/art_22.jpg
imagenet_r,n03124170,n03124170/art_23.jpg
imagenet_r,n03124170,n03124170/art_3.jpg
imagenet_r,n03124170,n03124170/art_4.jpg
imagenet_r,n03124170,n03124170/art_5.jpg
imagenet_r,n03124170,n03124170/art_6.jpg
imagenet_r,n03124170,n03124170/art_7.jpg
imagenet_r,n03124170,n03124170/art_8.jpg
imagenet_r,n03124170,n03124170/art_9.jpg
imagenet_r,n03124170,n03124170/cartoon_0.jpg
imagenet_r,n03124170,n03124170/cartoon_1.jpg
imagenet_r,n03124170,n03124170/cartoon_10.jpg
imagenet_r,n03124170,n03124170/cartoon_11.jpg
imagenet_r,n03124170,n03124170/cartoon_12.jpg
imagenet_r,n03124170,n03124170/cartoon_13.jpg
imagenet_r,n03124170,n03124170/cartoon_14.jpg
imagenet_r,n03124170,n03124170/cartoon_15.jpg
imagenet_r,n03124170,n03124170/cartoon_16.jpg
imagenet_r,n03124170,n03124170/cartoon_17.jpg
imagenet_r,n03124170,n03124170/cartoon_18.jpg
imagenet_r,n03124170,n03124170/cartoon_19.jpg
imagenet_r,n03124170,n03124170/cartoon_2.jpg
imagenet_r,n03124170,n03124170/cartoon_20.jpg
imagenet_r,n03124170,n03124170/cartoon_21.jpg
imagenet_r,n03124170,n03124170/cartoon_22.jpg
imagenet_r,n03124170,n03124170/cartoon_23.jpg
imagenet_r,n03124170,n03124170/cartoon_24.jpg
imagenet_r,n03124170,n03124170/cartoon_25.jpg
imagenet_r,n03124170,n03124170/cartoon_26.jpg
imagenet_r,n03124170,n03124170/cartoon_27.jpg
imagenet_r,n03124170,n03124170/cartoon_28.jpg
imagenet_r,n03124170,n03124170/cartoon_29.jpg
imagenet_r,n03124170,n03124170/cartoon_3.jpg
imagenet_r,n03124170,n03124170/cartoon_30.jpg
imagenet_r,n03124170,n03124170/cartoon_31.jpg
imagenet_r,n03272010,n03272010/art_0.jpg
imagenet_r,n03272010,n03272010/art_1.jpg
imagenet_r,n03272010,n03272010/art_2.jpg
imagenet_r,n03272010,n03272010/art_3.jpg
imagenet_r,n03272010,n03272010/art_4.jpg
imagenet_r,n03272010,n03272010/art_5.jpg
imagenet_r,n03272010,n03272010/art_6.jpg
imagenet_r,n03272010,n03272010/art_7.jpg
imagenet_r,n03272010,n03272010/art_8.jpg
imagenet_r,n03272010,n03272010/art_9.jpg
imagenet_r,n03272010,n03272010/cartoon_0.jpg
imagenet_r,n03272010,n03272010/cartoon_1.jpg
imagenet_r,n03272010,n03272010/cartoon_10.jpg
imagenet_r,n03272010,n03272010/cartoon_11.jpg
imagenet_r,n03272010,n03272010/cartoon_12.jpg
imagenet_r,n03272010,n03272010/cartoon_13.jpg
imagenet_r,n03272010,n03272010/cartoon_14.jpg
imagenet_r,n03272010,n03272010/cartoon_15.jpg
imagenet_r,n03272010,n03272010/cartoon_16.jpg
imagenet_r,n03272010,n03272010/cartoon_17.jpg
imagenet_r,n03272010,n03272010/cartoon_18.jpg
imagenet_r,n03272010,n03272010/cartoon_19.jpg
imagenet_r,n03272010,n03272010/cartoon_2.jpg
imagenet_r,n03272010,n03272010/cartoon_20.jpg
imagenet_r,n03272010,n03272010/cartoon_21.jpg
imagenet_r,n03272010,n03272010/cartoon_22.jpg
imagenet_r,n03272010,n03272010/cartoon_23.jpg
imagenet_r,n03272010,n03272010/cartoon_24.jpg
imagenet_r,n03272010,n03272010/cartoon_25.jpg
imagenet_r,n03272010,n03272010/cartoon_26.jpg
imagenet_r,n03272010,n03272010/cartoon_27.jpg
imagenet_r,n03272010,n03272010/cartoon_3.jpg
imagenet_r,n03272010,n03272010/cartoon_4.jpg
imagenet_r,n03272010,n03272010/cartoon_5.jpg
imagenet_r,n03272010,n03272010/cartoon_6.jpg
imagenet_r,n03272010,n03272010/cartoon_7.jpg
imagenet_r,n03272010,n03272010/cartoon_8.jpg
imagenet_r,n03272010,n03272010/cartoon_9.jpg
imagenet_r,n03272010,n03272010/deviantart_0.jpg
imagenet_r,n03272010,n03272010/deviantart_1.jpg
imagenet_r,n03272010,n03272010/deviantart_10.jpg
imagenet_r,n03272010,n03272010/deviantart_11.jpg
imagenet_r,n03272010,n03272010/deviantart_12.jpg
imagenet_r,n03272010,n03272010/deviantart_13.jpg
imagenet_r,n03272010,n03272010/deviantart_14.jpg
imagenet_r,n03272010,n03272010/deviantart_15.jpg
imagenet_r,n03272010,n03272010/deviantart_16.jpg
imagenet_r,n03272010,n03272010/deviantart_17.jpg
imagenet_r,n03272010,n03272010/deviantart_18.jpg
imagenet_r,n03272010,n03272010/deviantart_19.jpg
imagenet_r,n03345487,n03345487/art_0.jpg
imagenet_r,n03345487,n03345487/cartoon_0.jpg
imagenet_r,n03345487,n03345487/cartoon_1.jpg
imagenet_r,n03345487,n03345487/cartoon_2.jpg
imagenet_r,n03345487,n03345487/cartoon_3.jpg
imagenet_r,n03345487,n03345487/cartoon_4.jpg
imagenet_r,n03345487,n03345487/deviantart_0.jpg
imagenet_r,n03345487,n03345487/deviantart_1.jpg
imagenet_r,n03345487,n03345487/embroidery_0.jpg
imagenet_r,n03345487,n03345487/embroidery_1.jpg
imagenet_r,n03345487,n03345487/embroidery_2.jpg
imagenet_r,n03345487,n03345487/graffiti_0.jpg
imagenet_r,n03345487,n03345487/graffiti_1.jpg
imagenet_r,n03345487,n03345487/graphic_0.jpg
imagenet_r,n03345487,n03345487/graphic_1.jpg
imagenet_r,n03345487,n03345487/graphic_2.jpg
imagenet_r,n03345487,n03345487/graphic_3.jpg
imagenet_r,n03345487,n03345487/misc_0.jpg
imagenet_r,n03345487,n03345487/misc_1.jpg
imagenet_r,n03345487,n03345487/misc_2.jpg
imagenet_r,n03345487,n03345487/misc_3.jpg
imagenet_r,n03345487,n03345487/misc_4.jpg
imagenet_r,n03345487,n03345487/misc_5.jpg
imagenet_r,n03345487,n03345487/misc_6.jpg
imagenet_r,n03345487,n03345487/misc_7.jpg
imagenet_r,n03345487,n03345487/misc_8.jpg
imagenet_r,n03345487,n03345487/misc_9.jpg
imagenet_r,n03345487,n03345487/painting_0.jpg
imagenet_r,n03345487,n03345487/painting_1.jpg
imagenet_r,n03345487,n03345487/painting_2.jpg
imagenet_r,n03345487,n03345487/sculpture_0.jpg
imagenet_r,n03345487,n03345487/sketch_0.jpg
imagenet_r,n03345487,n03345487/sketch_1.jpg
imagenet_r,n03345487,n03345487/sketch_10.jpg
imagenet_r,n03345487,n03345487/sketch_11.jpg
imagenet_r,n03345487,n03345487/sketch_12.jpg
imagenet_r,n03345487,n03345487/sketch_13.jpg
imagenet_r,n03345487,n03345487/sketch_14.jpg
imagenet_r,n03345487,n03345487/sketch_15.jpg
imagenet_r,n03345487,n03345487/sketch_16.jpg
imagenet_r,n03345487,n03345487/sketch_17.jpg
imagenet_r,n03345487,n03345487/sketch_18.jpg
imagenet_r,n03345487,n03345487/sketch_19.jpg
imagenet_r,n03345487,n03345487/sketch_2.jpg
imagenet_r,n03345487,n03345487/sketch_20.jpg
imagenet_r,n03345487,n03345487/sketch_21.jpg
imagenet_r,n03345487,n03345487/sketch_22.jpg
imagenet_r,n03345487,n03345487/sketch_3.jpg
imagenet_r,n03345487,n03345487/sketch_4.jpg
imagenet_r,n03345487,n03345487/sketch_5.jpg
imagenet_r,n03372029,n03372029/art_0.jpg
imagenet_r,n03372029,n03372029/art_1.jpg
imagenet_r,n03372029,n03372029/art_10.jpg
imagenet_r,n03372029,n03372029/art_11.jpg
imagenet_r,n03372029,n03372029/art_12.jpg
imagenet_r,n03372029,n03372029/art_2.jpg
imagenet_r,n03372029,n03372029/art_3.jpg
imagenet_r,n03372029,n03372029/art_4.jpg
imagenet_r,n03372029,n03372029/art_5.jpg
imagenet_r,n03372029,n03372029/art_6.jpg
imagenet_r,n03372029,n03372029/art_7.jpg
imagenet_r,n03372029,n03372029/art_8.jpg
imagenet_r,n03372029,n03372029/art_9.jpg
imagenet_r,n03372029,n03372029/cartoon_0.jpg
imagenet_r,n03372029,n03372029/cartoon_1.jpg
imagenet_r,n03372029,n03372029/cartoon_10.jpg
imagenet_r,n03372029,n03372029/cartoon_11.jpg
imagenet_r,n03372029,n03372029/cartoon_12.jpg
imagenet_r,n03372029,n03372029/cartoon_13.jpg
imagenet_r,n03372029,n03372029/cartoon_14.jpg
imagenet_r,n03372029,n03372029/cartoon_15.jpg
imagenet_r,n03372029,n03372029/cartoon_16.jpg
imagenet_r,n03372029,n03372029/cartoon_17.jpg
imagenet_r,n03372029,n03372029/cartoon_18.jpg
imagenet_r,n03372029,n03372029/cartoon_19.jpg
imagenet_r,n03372029,n03372029/cartoon_2.jpg
imagenet_r,n03372029,n03372029/cartoon_20.jpg
imagenet_r,n03372029,n03372029/cartoon_21.jpg
imagenet_r,n03372029,n03372029/cartoon_22.jpg
imagenet_r,n03372029,n03372029/cartoon_23.jpg
imagenet_r,n03372029,n03372029/cartoon_24.jpg
imagenet_r,n03372029,n03372029/cartoon_3.jpg
imagenet_r,n03372029,n03372029/cartoon_4.jpg
imagenet_r,n03372029,n03372029/cartoon_5.jpg
imagenet_r,n03372029,n03372029/cartoon_6.jpg
imagenet_r,n03372029,n03372029/cartoon_7.jpg
imagenet_r,n03372029,n03372029/cartoon_8.jpg
imagenet_r,n03372029,n03372029/cartoon_9.jpg
imagenet_r,n03372029,n03372029/deviantart_0.jpg
imagenet_r,n03372029,n03372029/deviantart_1.jpg
imagenet_r,n03372029,n03372029/deviantart_2.jpg
imagenet_r,n03372029,n03372029/deviantart_3.jpg
imagenet_r,n03372029,n03372029/deviantart_4.jpg
imagenet_r,n03372029,n03372029/deviantart_5.jpg
imagenet_r,n03372029,n03372029/deviantart_6.jpg
imagenet_r,n03372029,n03372029/deviantart_7.jpg
imagenet_r,n03372029,n03372029/deviantart_8.jpg
imagenet_r,n03372029,n03372029/deviantart_9.jpg
imagenet_r,n03372029,n03372029/embroidery_0.jpg
imagenet_r,n03372029,n03372029/embroidery_1.jpg
imagenet_r,n03424325,n03424325/cartoon_0.jpg
imagenet_r,n03424325,n03424325/cartoon_1.jpg
imagenet_r,n03424325,n03424325/deviantart_0.jpg
imagenet_r,n03424325,n03424325/deviantart_1.jpg
imagenet_r,n03424325,n03424325/deviantart_2.jpg
imagenet_r,n03424325,n03424325/deviantart_3.jpg
imagenet_r,n03424325,n03424325/deviantart_4.jpg
imagenet_r,n03424325,n03424325/deviantart_5.jpg
imagenet_r,n03424325,n03424325/deviantart_6.jpg
imagenet_r,n03424325,n03424325/deviantart_7.jpg
imagenet_r,n03424325,n03424325/deviantart_8.jpg
imagenet_r,n03424325,n03424325/graffiti_0.jpg
imagenet_r,n03424325,n03424325/graffiti_1.jpg
imagenet_r,n03424325,n03424325/graphic_0.jpg
imagenet_r,n03424325,n03424325/graphic_1.jpg
imagenet_r,n03424325,n03424325/misc_0.jpg
imagenet_r,n03424325,n03424325/misc_1.jpg
imagenet_r,n03424325,n03424325/misc_10.jpg
imagenet_r,n03424325,n03424325/misc_11.jpg
imagenet_r,n03424325,n03424325/misc_12.jpg
imagenet_r,n03424325,n03424325/misc_13.jpg
imagenet_r,n03424325,n03424325/misc_14.jpg
imagenet_r,n03424325,n03424325/misc_15.jpg
imagenet_r,n03424325,n03424325/misc_16.jpg
imagenet_r,n03424325,n03424325/misc_17.jpg
imagenet_r,n03424325,n03424325/misc_18.jpg
imagenet_r,n03424325,n03424325/misc_19.jpg
imagenet_r,n03424325,n03424325/misc_2.jpg
imagenet_r,n03424325,n03424325/misc_20.jpg
imagenet_r,n03424325,n03424325/misc_21.jpg
imagenet_r,n03424325,n03424325/misc_22.jpg
imagenet_r,n03424325,n03424325/misc_23.jpg
imagenet_r,n03424325,n03424325/misc_24.jpg
imagenet_r,n03424325,n03424325/misc_25.jpg
imagenet_r,n03424325,n03424325/misc_26.jpg
imagenet_r,n03424325,n03424325/misc_27.jpg
imagenet_r,n03424325,n03424325/misc_28.jpg
imagenet_r,n03424325,n03424325/misc_29.jpg
imagenet_r,n03424325,n03424325/misc_3.jpg
imagenet_r,n03424325,n03424325/misc_30.jpg
imagenet_r,n03424325,n03424325/misc_31.jpg
imagenet_r,n03424325,n03424325/misc_32.jpg
imagenet_r,n03424325,n03424325/misc_33.jpg
imagenet_r,n03424325,n03424325/misc_34.jpg
imagenet_r,n03424325,n03424325/misc_35.jpg
imagenet_r,n03424325,n03424325/misc_36.jpg
imagenet_r,n03424325,n03424325/misc_37.jpg
imagenet_r,n03424325,n03424325/misc_38.jpg
imagenet_r,n03424325,n03424325/misc_39.jpg
imagenet_r,n03424325,n03424325/misc_4.jpg
imagenet_r,n03452741,n03452741/art_0.jpg
imagenet_r,n03452741,n03452741/art_1.jpg
imagenet_r,n03452741,n03452741/art_2.jpg
imagenet_r,n03452741,n03452741/art_3.jpg
imagenet_r,n03452741,n03452741/art_4.jpg
imagenet_r,n03452741,n03452741/art_5.jpg
imagenet_r,n03452741,n03452741/cartoon_0.jpg
imagenet_r,n03452741,n03452741/cartoon_1.jpg
imagenet_r,n03452741,n03452741/cartoon_2.jpg
imagenet_r,n03452741,n03452741/cartoon_3.jpg
imagenet_r,n03452741,n03452741/cartoon_4.jpg
imagenet_r,n03452741,n03452741/deviantart_0.jpg
imagenet_r,n03452741,n03452741/deviantart_1.jpg
imagenet_r,n03452741,n03452741/deviantart_10.jpg
imagenet_r,n03452741,n03452741/deviantart_11.jpg
imagenet_r,n03452741,n03452741/deviantart_2.jpg
imagenet_r,n03452741,n03452741/deviantart_3.jpg
imagenet_r,n03452741,n03452741/deviantart_4.jpg
imagenet_r,n03452741,n03452741/deviantart_5.jpg
imagenet_r,n03452741,n03452741/deviantart_6.jpg
imagenet_r,n03452741,n03452741/deviantart_7.jpg
imagenet_r,n03452741,n03452741/deviantart_8.jpg
imagenet_r,n03452741,n03452741/deviantart_9.jpg
imagenet_r,n03452741,n03452741/graphic_0.jpg
imagenet_r,n03452741,n03452741/graphic_1.jpg
imagenet_r,n03452741,n03452741/graphic_2.jpg
imagenet_r,n03452741,n03452741/misc_0.jpg
imagenet_r,n03452741,n03452741/misc_1.jpg
imagenet_r,n03452741,n03452741/misc_2.jpg
imagenet_r,n03452741,n03452741/misc_3.jpg
imagenet_r,n03452741,n03452741/misc_4.jpg
imagenet_r,n03452741,n03452741/misc_5.jpg
imagenet_r,n03452741,n03452741/origami_0.jpg
imagenet_r,n03452741,n03452741/origami_1.jpg
imagenet_r,n03452741,n03452741/origami_2.jpg
imagenet_r,n03452741,n03452741/origami_3.jpg
imagenet_r,n03452741,n03452741/painting_0.jpg
imagenet_r,n03452741,n03452741/painting_1.jpg
imagenet_r,n03452741,n03452741/painting_10.jpg
imagenet_r,n03452741,n03452741/painting_2.jpg
imagenet_r,n03452741,n03452741/painting_3.jpg
imagenet_r,n03452741,n03452741/painting_4.jpg
imagenet_r,n03452741,n03452741/painting_5.jpg
imagenet_r,n03452741,n03452741/painting_6.jpg
imagenet_r,n03452741,n03452741/painting_7.jpg
imagenet_r,n03452741,n03452741/painting_8.jpg
imagenet_r,n03452741,n03452741/painting_9.jpg
imagenet_r,n03452741,n03452741/sculpture_0.jpg
imagenet_r,n03452741,n03452741/sculpture_1.jpg
imagenet_r,n03452741,n03452741/sculpture_2.jpg
imagenet_r,n03467068,n03467068/art_0.jpg
imagenet_r,n03467068,n03467068/art_1.jpg
imagenet_r,n03467068,n03467068/art_2.jpg
imagenet_r,n03467068,n03467068/art_3.jpg
imagenet_r,n03467068,n03467068/cartoon_0.jpg
imagenet_r,n03467068,n03467068/cartoon_1.jpg
imagenet_r,n03467068,n03467068/cartoon_10.jpg
imagenet_r,n03467068,n03467068/cartoon_11.jpg
imagenet_r,n03467068,n03467068/cartoon_12.jpg
imagenet_r,n03467068,n03467068/cartoon_13.jpg
imagenet_r,n03467068,n03467068/cartoon_14.jpg
imagenet_r,n03467068,n03467068/cartoon_15.jpg
imagenet_r,n03467068,n03467068/cartoon_16.jpg
imagenet_r,n03467068,n03467068/cartoon_17.jpg
imagenet_r,n03467068,n03467068/cartoon_18.jpg
imagenet_r,n03467068,n03467068/cartoon_2.jpg
imagenet_r,n03467068,n03467068/cartoon_3.jpg
imagenet_r,n03467068,n03467068/cartoon_4.jpg
imagenet_r,n03467068,n03467068/cartoon_5.jpg
imagenet_r,n03467068,n03467068/cartoon_6.jpg
imagenet_r,n03467068,n03467068/cartoon_7.jpg
imagenet_r,n03467068,n03467068/cartoon_8.jpg
imagenet_r,n03467068,n03467068/cartoon_9.jpg
imagenet_r,n03467068,n03467068/deviantart_0.jpg
imagenet_r,n03467068,n03467068/deviantart_1.jpg
imagenet_r,n03467068,n03467068/deviantart_2.jpg
imagenet_r,n03467068,n03467068/graffiti_0.jpg
imagenet_r,n03467068,n03467068/graffiti_1.jpg
imagenet_r,n03467068,n03467068/graffiti_2.jpg
imagenet_r,n03467068,n03467068/graphic_0.jpg
imagenet_r,n03467068,n03467068/misc_0.jpg
imagenet_r,n03467068,n03467068/misc_1.jpg
imagenet_r,n03467068,n03467068/misc_2.jpg
imagenet_r,n03467068,n03467068/painting_0.jpg
imagenet_r,n03467068,n03467068/painting_1.jpg
imagenet_r,n03467068,n03467068/painting_2.jpg
imagenet_r,n03467068,n03467068/sculpture_0.jpg
imagenet_r,n03467068,n03467068/sketch_0.jpg
imagenet_r,n03467068,n03467068/sketch_1.jpg
imagenet_r,n03467068,n03467068/sketch_10.jpg
imagenet_r,n03467068,n03467068/sketch_11.jpg
imagenet_r,n03467068,n03467068/sketch_12.jpg
imagenet_r,n03467068,n03467068/sketch_13.jpg
imagenet_r,n03467068,n03467068/sketch_14.jpg
imagenet_r,n03467068,n03467068/sketch_15.jpg
imagenet_r,n03467068,n03467068/sketch_16.jpg
imagenet_r,n03467068,n03467068/sketch_17.jpg
imagenet_r,n03467068,n03467068/sketch_18.jpg
imagenet_r,n03467068,n03467068/sketch_19.jpg
imagenet_r,n03467068,n03467068/sketch_2.jpg
imagenet_r,n03481172,n03481172/art_0.jpg
imagenet_r,n03481172,n03481172/art_1.jpg
imagenet_r,n03481172,n03481172/art_10.jpg
imagenet_r,n03481172,n03481172/art_11.jpg
imagenet_r,n03481172,n03481172/art_12.jpg
imagenet_r,n03481172,n03481172/art_13.jpg
imagenet_r,n03481172,n03481172/art_2.jpg
imagenet_r,n03481172,n03481172/art_3.jpg
imagenet_r,n03481172,n03481172/art_4.jpg
imagenet_r,n03481172,n03481172/art_5.jpg
imagenet_r,n03481172,n03481172/art_6.jpg
imagenet_r,n03481172,n03481172/art_7.jpg
imagenet_r,n03481172,n03481172/art_8.jpg
imagenet_r,n03481172,n03481172/art_9.jpg
imagenet_r,n03481172,n03481172/cartoon_0.jpg
imagenet_r,n03481172,n03481172/cartoon_1.jpg
imagenet_r,n03481172,n03481172/cartoon_10.jpg
imagenet_r,n03481172,n03481172/cartoon_11.jpg
imagenet_r,n03481172,n03481172/cartoon_12.jpg
imagenet_r,n03481172,n03481172/cartoon_13.jpg
imagenet_r,n03481172,n03481172/cartoon_14.jpg
imagenet_r,n03481172,n03481172/cartoon_15.jpg
imagenet_r,n03481172,n03481172/cartoon_16.jpg
imagenet_r,n03481172,n03481172/cartoon_17.jpg
imagenet_r,n03481172,n03481172/cartoon_18.jpg
imagenet_r,n03481172,n03481172/cartoon_19.jpg
imagenet_r,n03481172,n03481172/cartoon_2.jpg
imagenet_r,n03481172,n03481172/cartoon_20.jpg
imagenet_r,n03481172,n03481172/cartoon_21.jpg
imagenet_r,n03481172,n03481172/cartoon_22.jpg
imagenet_r,n03481172,n03481172/cartoon_23.jpg
imagenet_r,n03481172,n03481172/cartoon_24.jpg
imagenet_r,n03481172,n03481172/cartoon_25.jpg
imagenet_r,n03481172,n03481172/cartoon_26.jpg
imagenet_r,n03481172,n03481172/cartoon_27.jpg
imagenet_r,n03481172,n03481172/cartoon_28.jpg
imagenet_r,n03481172,n03481172/cartoon_29.jpg
imagenet_r,n03481172,n03481172/cartoon_3.jpg
imagenet_r,n03481172,n03481172/cartoon_30.jpg
imagenet_r,n03481172,n03481172/cartoon_31.jpg
imagenet_r,n03481172,n03481172/cartoon_32.jpg
imagenet_r,n03481172,n03481172/cartoon_33.jpg
imagenet_r,n03481172,n03481172/cartoon_4.jpg
imagenet_r,n03481172,n03481172/cartoon_5.jpg
imagenet_r,n03481172,n03481172/cartoon_6.jpg
imagenet_r,n03481172,n03481172/cartoon_7.jpg
imagenet_r,n03481172,n03481172/cartoon_8.jpg
imagenet_r,n03481172,n03481172/cartoon_9.jpg
imagenet_r,n03481172,n03481172/deviantart_0.jpg
imagenet_r,n03481172,n03481172/deviantart_1.jpg
imagenet_r,n03494278,n03494278/art_0.jpg
imagenet_r,n03494278,n03494278/art_1.jpg
imagenet_r,n03494278,n03494278/art_2.jpg
imagenet_r,n03494278,n03494278/art_3.jpg
imagenet_r,n03494278,n03494278/art_4.jpg
imagenet_r,n03494278,n03494278/cartoon_0.jpg
imagenet_r,n03494278,n03494278/cartoon_1.jpg
imagenet_r,n03494278,n03494278/cartoon_10.jpg
imagenet_r,n03494278,n03494278/cartoon_11.jpg
imagenet_r,n03494278,n03494278/cartoon_12.jpg
imagenet_r,n03494278,n03494278/cartoon_13.jpg
imagenet_r,n03494278,n03494278/cartoon_14.jpg
imagenet_r,n03494278,n03494278/cartoon_15.jpg
imagenet_r,n03494278,n03494278/cartoon_16.jpg
imagenet_r,n03494278,n03494278/cartoon_17.jpg
imagenet_r,n03494278,n03494278/cartoon_2.jpg
imagenet_r,n03494278,n03494278/cartoon_3.jpg
imagenet_r,n03494278,n03494278/cartoon_4.jpg
imagenet_r,n03494278,n03494278/cartoon_5.jpg
imagenet_r,n03494278,n03494278/cartoon_6.jpg
imagenet_r,n03494278,n03494278/cartoon_7.jpg
imagenet_r,n03494278,n03494278/cartoon_8.jpg
imagenet_r,n03494278,n03494278/cartoon_9.jpg
imagenet_r,n03494278,n03494278/deviantart_0.jpg
imagenet_r,n03494278,n03494278/deviantart_1.jpg
imagenet_r,n03494278,n03494278/deviantart_2.jpg
imagenet_r,n03494278,n03494278/deviantart_3.jpg
imagenet_r,n03494278,n03494278/deviantart_4.jpg
imagenet_r,n03494278,n03494278/embroidery_0.jpg
imagenet_r,n03494278,n03494278/embroidery_1.jpg
imagenet_r,n03494278,n03494278/graffiti_0.jpg
imagenet_r,n03494278,n03494278/graffiti_1.jpg
imagenet_r,n03494278,n03494278/graffiti_2.jpg
imagenet_r,n03494278,n03494278/graphic_0.jpg
imagenet_r,n03494278,n03494278/graphic_1.jpg
imagenet_r,n03494278,n03494278/graphic_2.jpg
imagenet_r,n03494278,n03494278/misc_0.jpg
imagenet_r,n03494278,n03494278/misc_1.jpg
imagenet_r,n03494278,n03494278/misc_2.jpg
imagenet_r,n03494278,n03494278/painting_0.jpg
imagenet_r,n03494278,n03494278/painting_1.jpg
imagenet_r,n03494278,n03494278/painting_2.jpg
imagenet_r,n03494278,n03494278/painting_3.jpg
imagenet_r,n03494278,n03494278/painting_4.jpg
imagenet_r,n03494278,n03494278/painting_5.jpg
imagenet_r,n03494278,n03494278/painting_6.jpg
imagenet_r,n03494278,n03494278/painting_7.jpg
imagenet_r,n03494278,n03494278/painting_8.jpg
imagenet_r,n03494278,n03494278/painting_9.jpg
imagenet_r,n03494278,n03494278/sketch_0.jpg
imagenet_r,n03495258,n03495258/art_0.jpg
imagenet_r,n03495258,n03495258/art_1.jpg
imagenet_r,n03495258,n03495258/art_2.jpg
imagenet_r,n03495258,n03495258/cartoon_0.jpg
imagenet_r,n03495258,n03495258/cartoon_1.jpg
imagenet_r,n03495258,n03495258/cartoon_10.jpg
imagenet_r,n03495258,n03495258/cartoon_11.jpg
imagenet_r,n03495258,n03495258/cartoon_12.jpg
imagenet_r,n03495258,n03495258/cartoon_13.jpg
imagenet_r,n03495258,n03495258/cartoon_14.jpg
imagenet_r,n03495258,n03495258/cartoon_2.jpg
imagenet_r,n03495258,n03495258/cartoon_3.jpg
imagenet_r,n03495258,n03495258/cartoon_4.jpg
imagenet_r,n03495258,n03495258/cartoon_5.jpg
imagenet_r,n03495258,n03495258/cartoon_6.jpg
imagenet_r,n03495258,n03495258/cartoon_7.jpg
imagenet_r,n03495258,n03495258/cartoon_8.jpg
imagenet_r,n03495258,n03495258/cartoon_9.jpg
imagenet_r,n03495258,n03495258/deviantart_0.jpg
imagenet_r,n03495258,n03495258/deviantart_1.jpg
imagenet_r,n03495258,n03495258/deviantart_2.jpg
imagenet_r,n03495258,n03495258/deviantart_3.jpg
imagenet_r,n03495258,n03495258/deviantart_4.jpg
imagenet_r,n03495258,n03495258/deviantart_5.jpg
imagenet_r,n03495258,n03495258/deviantart_6.jpg
imagenet_r,n03495258,n03495258/deviantart_7.jpg
imagenet_r,n03495258,n03495258/deviantart_8.jpg
imagenet_r,n03495258,n03495258/embroidery_0.jpg
imagenet_r,n03495258,n03495258/embroidery_1.jpg
imagenet_r,n03495258,n03495258/embroidery_2.jpg
imagenet_r,n03495258,n03495258/embroidery_3.jpg
imagenet_r,n03495258,n03495258/graphic_0.jpg
imagenet_r,n03495258,n03495258/graphic_1.jpg
imagenet_r,n03495258,n03495258/graphic_2.jpg
imagenet_r,n03495258,n03495258/graphic_3.jpg
imagenet_r,n03495258,n03495258/misc_0.jpg
imagenet_r,n03495258,n03495258/misc_1.jpg
imagenet_r,n03495258,n03495258/misc_2.jpg
imagenet_r,n03495258,n03495258/misc_3.jpg
imagenet_r,n03495258,n03495258/misc_4.jpg
imagenet_r,n03495258,n03495258/origami_0.jpg
imagenet_r,n03495258,n03495258/origami_1.jpg
imagenet_r,n03495258,n03495258/origami_2.jpg
imagenet_r,n03495258,n03495258/painting_0.jpg
imagenet_r,n03495258,n03495258/painting_1.jpg
imagenet_r,n03495258,n03495258/painting_10.jpg
imagenet_r,n03495258,n03495258/painting_2.jpg
imagenet_r,n03495258,n03495258/painting_3.jpg
imagenet_r,n03495258,n03495258/painting_4.jpg
imagenet_r,n03495258,n03495258/painting_5.jpg
imagenet_r,n03498962,n03498962/art_0.jpg
imagenet_r,n03498962,n03498962/art_1.jpg
imagenet_r,n03498962,n03498962/art_2.jpg
imagenet_r,n03498962,n03498962/art_3.jpg
imagenet_r,n03498962,n03498962/art_4.jpg
imagenet_r,n03498962,n03498962/art_5.jpg
imagenet_r,n03498962,n03498962/art_6.jpg
imagenet_r,n03498962,n03498962/cartoon_0.jpg
imagenet_r,n03498962,n03498962/cartoon_1.jpg
imagenet_r,n03498962,n03498962/cartoon_10.jpg
imagenet_r,n03498962,n03498962/cartoon_11.jpg
imagenet_r,n03498962,n03498962/cartoon_12.jpg
imagenet_r,n03498962,n03498962/cartoon_13.jpg
imagenet_r,n03498962,n03498962/cartoon_14.jpg
imagenet_r,n03498962,n03498962/cartoon_15.jpg
imagenet_r,n03498962,n03498962/cartoon_16.jpg
imagenet_r,n03498962,n03498962/cartoon_17.jpg
imagenet_r,n03498962,n03498962/cartoon_18.jpg
imagenet_r,n03498962,n03498962/cartoon_19.jpg
imagenet_r,n03498962,n03498962/cartoon_2.jpg
imagenet_r,n03498962,n03498962/cartoon_20.jpg
imagenet_r,n03498962,n03498962/cartoon_21.jpg
imagenet_r,n03498962,n03498962/cartoon_3.jpg
imagenet_r,n03498962,n03498962/cartoon_4.jpg
imagenet_r,n03498962,n03498962/cartoon_5.jpg
imagenet_r,n03498962,n03498962/cartoon_6.jpg
imagenet_r,n03498962,n03498962/cartoon_7.jpg
imagenet_r,n03498962,n03498962/cartoon_8.jpg
imagenet_r,n03498962,n03498962/cartoon_9.jpg
imagenet_r,n03498962,n03498962/deviantart_0.jpg
imagenet_r,n03498962,n03498962/deviantart_1.jpg
imagenet_r,n03498962,n03498962/deviantart_2.jpg
imagenet_r,n03498962,n03498962/deviantart_3.jpg
imagenet_r,n03498962,n03498962/graphic_0.jpg
imagenet_r,n03498962,n03498962/graphic_1.jpg
imagenet_r,n03498962,n03498962/graphic_2.jpg
imagenet_r,n03498962,n03498962/graphic_3.jpg
imagenet_r,n03498962,n03498962/graphic_4.jpg
imagenet_r,n03498962,n03498962/misc_0.jpg
imagenet_r,n03498962,n03498962/misc_1.jpg
imagenet_r,n03498962,n03498962/misc_2.jpg
imagenet_r,n03498962,n03498962/misc_3.jpg
imagenet_r,n03498962,n03498962/misc_4.jpg
imagenet_r,n03498962,n03498962/painting_0.jpg
imagenet_r,n03498962,n03498962/painting_1.jpg
imagenet_r,n03498962,n03498962/painting_2.jpg
imagenet_r,n03498962,n03498962/painting_3.jpg
imagenet_r,n03498962,n03498962/painting_4.jpg
imagenet_r,n03498962,n03498962/painting_5.jpg
imagenet_r,n03498962,n03498962/sculpture_0.jpg
imagenet_r,n03594945,n03594945/art_0.jpg
imagenet_r,n03594945,n03594945/art_1.jpg
imagenet_r,n03594945,n03594945/art_2.jpg
imagenet_r,n03594945,n03594945/art_3.jpg
imagenet_r,n03594945,n03594945/art_4.jpg
imagenet_r,n03594945,n03594945/art_5.jpg
imagenet_r,n03594945,n03594945/cartoon_0.jpg
imagenet_r,n03594945,n03594945/cartoon_1.jpg
imagenet_r,n03594945,n03594945/cartoon_10.jpg
imagenet_r,n03594945,n03594945/cartoon_11.jpg
imagenet_r,n03594945,n03594945/cartoon_12.jpg
imagenet_r,n03594945,n03594945/cartoon_2.jpg
imagenet_r,n03594945,n03594945/cartoon_3.jpg
imagenet_r,n03594945,n03594945/cartoon_4.jpg
imagenet_r,n03594945,n03594945/cartoon_5.jpg
imagenet_r,n03594945,n03594945/cartoon_6.jpg
imagenet_r,n03594945,n03594945/cartoon_7.jpg
imagenet_r,n03594945,n03594945/cartoon_8.jpg
imagenet_r,n03594945,n03594945/cartoon_9.jpg
imagenet_r,n03594945,n03594945/deviantart_0.jpg
imagenet_r,n03594945,n03594945/graffiti_0.jpg
imagenet_r,n03594945,n03594945/graffiti_1.jpg
imagenet_r,n03594945,n03594945/graffiti_2.jpg
imagenet_r,n03594945,n03594945/graffiti_3.jpg
imagenet_r,n03594945,n03594945/graffiti_4.jpg
imagenet_r,n03594945,n03594945/graffiti_5.jpg
imagenet_r,n03594945,n03594945/graffiti_6.jpg
imagenet_r,n03594945,n03594945/graffiti_7.jpg
imagenet_r,n03594945,n03594945/graffiti_8.jpg
imagenet_r,n03594945,n03594945/misc_0.jpg
imagenet_r,n03594945,n03594945/misc_1.jpg
imagenet_r,n03594945,n03594945/misc_10.jpg
imagenet_r,n03594945,n03594945/misc_11.jpg
imagenet_r,n03594945,n03594945/misc_12.jpg
imagenet_r,n03594945,n03594945/misc_13.jpg
imagenet_r,n03594945,n03594945/misc_14.jpg
imagenet_r,n03594945,n03594945/misc_15.jpg
imagenet_r,n03594945,n03594945/misc_16.jpg
imagenet_r,n03594945,n03594945/misc_17.jpg
imagenet_r,n03594945,n03594945/misc_18.jpg
imagenet_r,n03594945,n03594945/misc_19.jpg
imagenet_r,n03594945,n03594945/misc_2.jpg
imagenet_r,n03594945,n03594945/misc_20.jpg
imagenet_r,n03594945,n03594945/misc_21.jpg
imagenet_r,n03594945,n03594945/misc_22.jpg
imagenet_r,n03594945,n03594945/misc_3.jpg
imagenet_r,n03594945,n03594945/misc_4.jpg
imagenet_r,n03594945,n03594945/misc_5.jpg
imagenet_r,n03594945,n03594945/misc_6.jpg
imagenet_r,n03594945,n03594945/misc_7.jpg
imagenet_r,n03602883,n03602883/misc_0.jpg
imagenet_r,n03602883,n03602883/misc_1.jpg
imagenet_r,n03602883,n03602883/misc_10.jpg
imagenet_r,n03602883,n03602883/misc_11.jpg
imagenet_r,n03602883,n03602883/misc_12.jpg
imagenet_r,n03602883,n03602883/misc_13.jpg
imagenet_r,n03602883,n03602883/misc_14.jpg
imagenet_r,n03602883,n03602883/misc_15.jpg
imagenet_r,n03602883,n03602883/misc_16.jpg
imagenet_r,n03602883,n03602883/misc_17.jpg
imagenet_r,n03602883,n03602883/misc_18.jpg
imagenet_r,n03602883,n03602883/misc_19.jpg
imagenet_r,n03602883,n03602883/misc_2.jpg
imagenet_r,n03602883,n03602883/misc_20.jpg
imagenet_r,n03602883,n03602883/misc_21.jpg
imagenet_r,n03602883,n03602883/misc_22.jpg
imagenet_r,n03602883,n03602883/misc_23.jpg
imagenet_r,n03602883,n03602883/misc_24.jpg
imagenet_r,n03602883,n03602883/misc_25.jpg
imagenet_r,n03602883,n03602883/misc_26.jpg
imagenet_r,n03602883,n03602883/misc_27.jpg
imagenet_r,n03602883,n03602883/misc_28.jpg
imagenet_r,n03602883,n03602883/misc_29.jpg
imagenet_r,n03602883,n03602883/misc_3.jpg
imagenet_r,n03602883,n03602883/misc_30.jpg
imagenet_r,n03602883,n03602883/misc_31.jpg
imagenet_r,n03602883,n03602883/misc_32.jpg
imagenet_r,n03602883,n03602883/misc_33.jpg
imagenet_r,n03602883,n03602883/misc_34.jpg
imagenet_r,n03602883,n03602883/misc_35.jpg
imagenet_r,n03602883,n03602883/misc_36.jpg
imagenet_r,n03602883,n03602883/misc_37.jpg
imagenet_r,n03602883,n03602883/misc_38.jpg
imagenet_r,n03602883,n03602883/misc_39.jpg
imagenet_r,n03602883,n03602883/misc_4.jpg
imagenet_r,n03602883,n03602883/misc_40.jpg
imagenet_r,n03602883,n03602883/misc_41.jpg
imagenet_r,n03602883,n03602883/misc_42.jpg
imagenet_r,n03602883,n03602883/misc_43.jpg
imagenet_r,n03602883,n03602883/misc_44.jpg
imagenet_r,n03602883,n03602883/misc_45.jpg
imagenet_r,n03602883,n03602883/misc_46.jpg
imagenet_r,n03602883,n03602883/misc_47.jpg
imagenet_r,n03602883,n03602883/misc_48.jpg
imagenet_r,n03602883,n03602883/misc_49.jpg
imagenet_r,n03602883,n03602883/misc_5.jpg
imagenet_r,n03602883,n03602883/misc_50.jpg
imagenet_r,n03602883,n03602883/misc_51.jpg
imagenet_r,n03602883,n03602883/misc_52.jpg
imagenet_r,n03602883,n03602883/misc_53.jpg
imagenet_r,n03630383,n03630383/art_0.jpg
imagenet_r,n03630383,n03630383/art_1.jpg
imagenet_r,n03630383,n03630383/cartoon_0.jpg
imagenet_r,n03630383,n03630383/cartoon_1.jpg
imagenet_r,n03630383,n03630383/cartoon_10.jpg
imagenet_r,n03630383,n03630383/cartoon_11.jpg
imagenet_r,n03630383,n03630383/cartoon_12.jpg
imagenet_r,n03630383,n03630383/cartoon_13.jpg
imagenet_r,n03630383,n03630383/cartoon_14.jpg
imagenet_r,n03630383,n03630383/cartoon_15.jpg
imagenet_r,n03630383,n03630383/cartoon_16.jpg
imagenet_r,n03630383,n03630383/cartoon_17.jpg
imagenet_r,n03630383,n03630383/cartoon_18.jpg
imagenet_r,n03630383,n03630383/cartoon_19.jpg
imagenet_r,n03630383,n03630383/cartoon_2.jpg
imagenet_r,n03630383,n03630383/cartoon_20.jpg
imagenet_r,n03630383,n03630383/cartoon_21.jpg
imagenet_r,n03630383,n03630383/cartoon_22.jpg
imagenet_r,n03630383,n03630383/cartoon_23.jpg
imagenet_r,n03630383,n03630383/cartoon_24.jpg
imagenet_r,n03630383,n03630383/cartoon_25.jpg
imagenet_r,n03630383,n03630383/cartoon_26.jpg
imagenet_r,n03630383,n03630383/cartoon_27.jpg
imagenet_r,n03630383,n03630383/cartoon_28.jpg
imagenet_r,n03630383,n03630383/cartoon_29.jpg
imagenet_r,n03630383,n03630383/cartoon_3.jpg
imagenet_r,n03630383,n03630383/cartoon_30.jpg
imagenet_r,n03630383,n03630383/cartoon_31.jpg
imagenet_r,n03630383,n03630383/cartoon_32.jpg
imagenet_r,n03630383,n03630383/cartoon_33.jpg
imagenet_r,n03630383,n03630383/cartoon_34.jpg
imagenet_r,n03630383,n03630383/cartoon_35.jpg
imagenet_r,n03630383,n03630383/cartoon_36.jpg
imagenet_r,n03630383,n03630383/cartoon_37.jpg
imagenet_r,n03630383,n03630383/cartoon_38.jpg
imagenet_r,n03630383,n03630383/cartoon_4.jpg
imagenet_r,n03630383,n03630383/cartoon_5.jpg
imagenet_r,n03630383,n03630383/cartoon_6.jpg
imagenet_r,n03630383,n03630383/cartoon_7.jpg
imagenet_r,n03630383,n03630383/cartoon_8.jpg
imagenet_r,n03630383,n03630383/cartoon_9.jpg
imagenet_r,n03630383,n03630383/deviantart_0.jpg
imagenet_r,n03630383,n03630383/misc_0.jpg
imagenet_r,n03630383,n03630383/sculpture_0.jpg
imagenet_r,n03630383,n03630383/sculpture_1.jpg
imagenet_r,n03630383,n03630383/sketch_0.jpg
imagenet_r,n03630383,n03630383/sketch_1.jpg
imagenet_r,n03630383,n03630383/sketch_10.jpg
imagenet_r,n03630383,n03630383/sketch_11.jpg
imagenet_r,n03630383,n03630383/sketch_12.jpg
imagenet_r,n03649909,n03649909/art_0.jpg
imagenet_r,n03649909,n03649909/art_1.jpg
imagenet_r,n03649909,n03649909/art_2.jpg
imagenet_r,n03649909,n03649909/art_3.jpg
imagenet_r,n03649909,n03649909/art_4.jpg
imagenet_r,n03649909,n03649909/art_5.jpg
imagenet_r,n03649909,n03649909/art_6.jpg
imagenet_r,n03649909,n03649909/art_7.jpg
imagenet_r,n03649909,n03649909/cartoon_0.jpg
imagenet_r,n03649909,n03649909/cartoon_1.jpg
imagenet_r,n03649909,n03649909/cartoon_2.jpg
imagenet_r,n03649909,n03649909/cartoon_3.jpg
imagenet_r,n03649909,n03649909/cartoon_4.jpg
imagenet_r,n03649909,n03649909/cartoon_5.jpg
imagenet_r,n03649909,n03649909/cartoon_6.jpg
imagenet_r,n03649909,n03649909/graphic_0.jpg
imagenet_r,n03649909,n03649909/misc_0.jpg
imagenet_r,n03649909,n03649909/misc_1.jpg
imagenet_r,n03649909,n03649909/misc_2.jpg
imagenet_r,n03649909,n03649909/misc_3.jpg
imagenet_r,n03649909,n03649909/misc_4.jpg
imagenet_r,n03649909,n03649909/misc_5.jpg
imagenet_r,n03649909,n03649909/misc_6.jpg
imagenet_r,n03649909,n03649909/painting_0.jpg
imagenet_r,n03649909,n03649909/sculpture_0.jpg
imagenet_r,n03649909,n03649909/sculpture_1.jpg
imagenet_r,n03649909,n03649909/sketch_0.jpg
imagenet_r,n03649909,n03649909/sketch_1.jpg
imagenet_r,n03649909,n03649909/sketch_10.jpg
imagenet_r,n03649909,n03649909/sketch_11.jpg
imagenet_r,n03649909,n03649909/sketch_12.jpg
imagenet_r,n03649909,n03649909/sketch_13.jpg
imagenet_r,n03649909,n03649909/sketch_14.jpg
imagenet_r,n03649909,n03649909/sketch_15.jpg
imagenet_r,n03649909,n03649909/sketch_16.jpg
imagenet_r,n03649909,n03649909/sketch_17.jpg
imagenet_r,n03649909,n03649909/sketch_18.jpg
imagenet_r,n03649909,n03649909/sketch_19.jpg
imagenet_r,n03649909,n03649909/sketch_2.jpg
imagenet_r,n03649909,n03649909/sketch_20.jpg
imagenet_r,n03649909,n03649909/sketch_21.jpg
imagenet_r,n03649909,n03649909/sketch_22.jpg
imagenet_r,n03649909,n03649909/sketch_3.jpg
imagenet_r,n03649909,n03649909/sketch_4.jpg
imagenet_r,n03649909,n03649909/sketch_5.jpg
imagenet_r,n03649909,n03649909/sketch_6.jpg
imagenet_r,n03649909,n03649909/sketch_7.jpg
imagenet_r,n03649909,n03649909/sketch_8.jpg
imagenet_r,n03649909,n03649909/sketch_9.jpg
imagenet_r,n03649909,n03649909/toy_0.jpg
imagenet_r,n03676483,n03676483/art_0.jpg
imagenet_r,n03676483,n03676483/cartoon_0.jpg
imagenet_r,n03676483,n03676483/cartoon_1.jpg
imagenet_r,n03676483,n03676483/cartoon_10.jpg
imagenet_r,n03676483,n03676483/cartoon_11.jpg
imagenet_r,n03676483,n03676483/cartoon_12.jpg
imagenet_r,n03676483,n03676483/cartoon_13.jpg
imagenet_r,n03676483,n03676483/cartoon_14.jpg
imagenet_r,n03676483,n03676483/cartoon_15.jpg
imagenet_r,n03676483,n03676483/cartoon_16.jpg
imagenet_r,n03676483,n03676483/cartoon_17.jpg
imagenet_r,n03676483,n03676483/cartoon_18.jpg
imagenet_r,n03676483,n03676483/cartoon_19.jpg
imagenet_r,n03676483,n03676483/cartoon_2.jpg
imagenet_r,n03676483,n03676483/cartoon_20.jpg
imagenet_r,n03676483,n03676483/cartoon_21.jpg
imagenet_r,n03676483,n03676483/cartoon_22.jpg
imagenet_r,n03676483,n03676483/cartoon_3.jpg
imagenet_r,n03676483,n03676483/cartoon_4.jpg
imagenet_r,n03676483,n03676483/cartoon_5.jpg
imagenet_r,n03676483,n03676483/cartoon_6.jpg
imagenet_r,n03676483,n03676483/cartoon_7.jpg
imagenet_r,n03676483,n03676483/cartoon_8.jpg
imagenet_r,n03676483,n03676483/cartoon_9.jpg
imagenet_r,n03676483,n03676483/embroidery_0.jpg
imagenet_r,n03676483,n03676483/embroidery_1.jpg
imagenet_r,n03676483,n03676483/embroidery_2.jpg
imagenet_r,n03676483,n03676483/graffiti_0.jpg
imagenet_r,n03676483,n03676483/graffiti_1.jpg
imagenet_r,n03676483,n03676483/graffiti_2.jpg
imagenet_r,n03676483,n03676483/graffiti_3.jpg
imagenet_r,n03676483,n03676483/graffiti_4.jpg
imagenet_r,n03676483,n03676483/graffiti_5.jpg
imagenet_r,n03676483,n03676483/graphic_0.jpg
imagenet_r,n03676483,n03676483/graphic_1.jpg
imagenet_r,n03676483,n03676483/misc_0.jpg
imagenet_r,n03676483,n03676483/misc_1.jpg
imagenet_r,n03676483,n03676483/misc_2.jpg
imagenet_r,n03676483,n03676483/misc_3.jpg
imagenet_r,n03676483,n03676483/misc_4.jpg
imagenet_r,n03676483,n03676483/origami_0.jpg
imagenet_r,n03676483,n03676483/painting_0.jpg
imagenet_r,n03676483,n03676483/painting_1.jpg
imagenet_r,n03676483,n03676483/painting_2.jpg
imagenet_r,n03676483,n03676483/painting_3.jpg
imagenet_r,n03676483,n03676483/painting_4.jpg
imagenet_r,n03676483,n03676483/painting_5.jpg
imagenet_r,n03676483,n03676483/painting_6.jpg
imagenet_r,n03676483,n03676483/painting_7.jpg
imagenet_r,n03676483,n03676483/sculpture_0.jpg
