dataset,wnid,image
imagenet,n03710193,n03710193/ILSVRC2012_val_00000152.JPEG
imagenet,n03710193,n03710193/ILSVRC2012_val_00000364.JPEG
imagenet,n03710193,n03710193/ILSVRC2012_val_00001322.JPEG
imagenet,n03710193,n03710193/ILSVRC2012_val_00002203.JPEG
imagenet,n03710193,n03710193/ILSVRC2012_val_00003949.JPEG
imagenet,n03710193,n03710193/ILSVRC2012_val_00004092.JPEG
imagenet,n03710193,n03710193/ILSVRC2012_val_00007759.JPEG
imagenet,n03710193,n03710193/ILSVRC2012_val_00008671.JPEG
imagenet,n03710193,n03710193/ILSVRC2012_val_00010118.JPEG
imagenet,n03710193,n03710193/ILSVRC2012_val_00010814.JPEG
imagenet,n03710193,n03710193/ILSVRC2012_val_00011151.JPEG
imagenet,n03710193,n03710193/ILSVRC2012_val_00012031.JPEG
imagenet,n03710193,n03710193/ILSVRC2012_val_00012802.JPEG
imagenet,n03710193,n03710193/ILSVRC2012_val_00013096.JPEG
imagenet,n03710193,n03710193/ILSVRC2012_val_00018245.JPEG
imagenet,n03710193,n03710193/ILSVRC2012_val_00019006.JPEG
imagenet,n03710193,n03710193/ILSVRC2012_val_00019392.JPEG
imagenet,n03710193,n03710193/ILSVRC2012_val_00024544.JPEG
imagenet,n03710193,n03710193/ILSVRC2012_val_00024783.JPEG
imagenet,n03710193,n03710193/ILSVRC2012_val_00025673.JPEG
imagenet,n03710193,n03710193/ILSVRC2012_val_00026765.JPEG
imagenet,n03710193,n03710193/ILSVRC2012_val_00027177.JPEG
imagenet,n03710193,n03710193/ILSVRC2012_val_00028280.JPEG
imagenet,n03710193,n03710193/ILSVRC2012_val_00028333.JPEG
imagenet,n03710193,n03710193/ILSVRC2012_val_00028700.JPEG
imagenet,n03710193,n03710193/ILSVRC2012_val_00030100.JPEG
imagenet,n03710193,n03710193/ILSVRC2012_val_00030503.JPEG
imagenet,n03710193,n03710193/ILSVRC2012_val_00032424.JPEG
imagenet,n03710193,n03710193/ILSVRC2012_val_00034003.JPEG
imagenet,n03710193,n03710193/ILSVRC2012_val_00035052.JPEG
imagenet,n03710193,n03710193/ILSVRC2012_val_00035424.JPEG
imagenet,n03710193,n03710193/ILSVRC2012_val_00036617.JPEG
imagenet,n03710193,n03710193/ILSVRC2012_val_00038533.JPEG
imagenet,n03710193,n03710193/ILSVRC2012_val_00039349.JPEG
imagenet,n03710193,n03710193/ILSVRC2012_val_00040946.JPEG
imagenet,n03710193,n03710193/ILSVRC2012_val_00041167.JPEG
imagenet,n03710193,n03710193/ILSVRC2012_val_00042901.JPEG
imagenet,n03710193,n03710193/ILSVRC2012_val_00043083.JPEG
imagenet,n03710193,n03710193/ILSVRC2012_val_00043368.JPEG
imagenet,n03710193,n03710193/ILSVRC2012_val_00044062.JPEG
imagenet,n03710193,n03710193/ILSVRC2012_val_00045717.JPEG
imagenet,n03710193,n03710193/ILSVRC2012_val_00045727.JPEG
imagenet,n03710193,n03710193/ILSVRC2012_val_00045895.JPEG
imagenet,n03710193,n03710193/ILSVRC2012_val_00047283.JPEG
imagenet,n03710193,n03710193/ILSVRC2012_val_00047418.JPEG
imagenet,n03710193,n03710193/ILSVRC2012_val_00047489.JPEG
imagenet,n03710193,n03710193/ILSVRC2012_val_00047916.JPEG
imagenet,n03710193,n03710193/ILSVRC2012_val_00048316.JPEG
imagenet,n03710193,n03710193/ILSVRC2012_val_00048410.JPEG
imagenet,n03710193,n03710193/ILSVRC2012_val_00048679.JPEG
imagenet,n03773504,n03773504/ILSVRC2012_val_00000700.JPEG
imagenet,n03773504,n03773504/ILSVRC2012_val_00001525.JPEG
imagenet,n03773504,n03773504/ILSVRC2012_val_00003914.JPEG
imagenet,n03773504,n03773504/ILSVRC2012_val_00006816.JPEG
imagenet,n03773504,n03773504/ILSVRC2012_val_00006868.JPEG
imagenet,n03773504,n03773504/ILSVRC2012_val_00006965.JPEG
imagenet,n03773504,n03773504/ILSVRC2012_val_00008010.JPEG
imagenet,n03773504,n03773504/ILSVRC2012_val_00010073.JPEG
imagenet,n03773504,n03773504/ILSVRC2012_val_00010189.JPEG
imagenet,n03773504,n03773504/ILSVRC2012_val_00010724.JPEG
imagenet,n03773504,n03773504/ILSVRC2012_val_00011438.JPEG
imagenet,n03773504,n03773504/ILSVRC2012_val_00011773.JPEG
imagenet,n03773504,n03773504/ILSVRC2012_val_00012289.JPEG
imagenet,n03773504,n03773504/ILSVRC2012_val_00012495.JPEG
imagenet,n03773504,n03773504/ILSVRC2012_val_00015813.JPEG
imagenet,n03773504,n03773504/ILSVRC2012_val_00016588.JPEG
imagenet,n03773504,n03773504/ILSVRC2012_val_00016766.JPEG
imagenet,n03773504,n03773504/ILSVRC2012_val_00016894.JPEG
imagenet,n03773504,n03773504/ILSVRC2012_val_00016927.JPEG
imagenet,n03773504,n03773504/ILSVRC2012_val_00017386.JPEG
imagenet,n03773504,n03773504/ILSVRC2012_val_00019081.JPEG
imagenet,n03773504,n03773504/ILSVRC2012_val_00020413.JPEG
imagenet,n03773504,n03773504/ILSVRC2012_val_00021235.JPEG
imagenet,n03773504,n03773504/ILSVRC2012_val_00021466.JPEG
imagenet,n03773504,n03773504/ILSVRC2012_val_00022433.JPEG
imagenet,n03773504,n03773504/ILSVRC2012_val_00023537.JPEG
imagenet,n03773504,n03773504/ILSVRC2012_val_00024028.JPEG
imagenet,n03773504,n03773504/ILSVRC2012_val_00024286.JPEG
imagenet,n03773504,n03773504/ILSVRC2012_val_00025097.JPEG
imagenet,n03773504,n03773504/ILSVRC2012_val_00025264.JPEG
imagenet,n03773504,n03773504/ILSVRC2012_val_00026052.JPEG
imagenet,n03773504,n03773504/ILSVRC2012_val_00026876.JPEG
imagenet,n03773504,n03773504/ILSVRC2012_val_00026955.JPEG
imagenet,n03773504,n03773504/ILSVRC2012_val_00027130.JPEG
imagenet,n03773504,n03773504/ILSVRC2012_val_00028905.JPEG
imagenet,n03773504,n03773504/ILSVRC2012_val_00029135.JPEG
imagenet,n03773504,n03773504/ILSVRC2012_val_00031503.JPEG
imagenet,n03773504,n03773504/ILSVRC2012_val_00031707.JPEG
imagenet,n03773504,n03773504/ILSVRC2012_val_00031940.JPEG
imagenet,n03773504,n03773504/ILSVRC2012_val_00033144.JPEG
imagenet,n03773504,n03773504/ILSVRC2012_val_00033306.JPEG
imagenet,n03773504,n03773504/ILSVRC2012_val_00037619.JPEG
imagenet,n03773504,n03773504/ILSVRC2012_val_00037919.JPEG
imagenet,n03773504,n03773504/ILSVRC2012_val_00038198.JPEG
imagenet,n03773504,n03773504/ILSVRC2012_val_00039609.JPEG
imagenet,n03773504,n03773504/ILSVRC2012_val_00042034.JPEG
imagenet,n03773504,n03773504/ILSVRC2012_val_00045982.JPEG
imagenet,n03773504,n03773504/ILSVRC2012_val_00046125.JPEG
imagenet,n03773504,n03773504/ILSVRC2012_val_00047508.JPEG
imagenet,n03773504,n03773504/ILSVRC2012_val_00049002.JPEG
imagenet,n03775071,n03775071/ILSVRC2012_val_00001574.JPEG
imagenet,n03775071,n03775071/ILSVRC2012_val_00002123.JPEG
imagenet,n03775071,n03775071/ILSVRC2012_val_00002420.JPEG
imagenet,n03775071,n03775071/ILSVRC2012_val_00006140.JPEG
imagenet,n03775071,n03775071/ILSVRC2012_val_00008503.JPEG
imagenet,n03775071,n03775071/ILSVRC2012_val_00013118.JPEG
imagenet,n03775071,n03775071/ILSVRC2012_val_00014326.JPEG
imagenet,n03775071,n03775071/ILSVRC2012_val_00014685.JPEG
imagenet,n03775071,n03775071/ILSVRC2012_val_00015151.JPEG
imagenet,n03775071,n03775071/ILSVRC2012_val_00015588.JPEG
imagenet,n03775071,n03775071/ILSVRC2012_val_00015921.JPEG
imagenet,n03775071,n03775071/ILSVRC2012_val_00016004.JPEG
imagenet,n03775071,n03775071/ILSVRC2012_val_00016219.JPEG
imagenet,n03775071,n03775071/ILSVRC2012_val_00016272.JPEG
imagenet,n03775071,n03775071/ILSVRC2012_val_00018880.JPEG
imagenet,n03775071,n03775071/ILSVRC2012_val_00019606.JPEG
imagenet,n03775071,n03775071/ILSVRC2012_val_00019745.JPEG
imagenet,n03775071,n03775071/ILSVRC2012_val_00021460.JPEG
imagenet,n03775071,n03775071/ILSVRC2012_val_00022216.JPEG
imagenet,n03775071,n03775071/ILSVRC2012_val_00023240.JPEG
imagenet,n03775071,n03775071/ILSVRC2012_val_00024697.JPEG
imagenet,n03775071,n03775071/ILSVRC2012_val_00024804.JPEG
imagenet,n03775071,n03775071/ILSVRC2012_val_00025301.JPEG
imagenet,n03775071,n03775071/ILSVRC2012_val_00025971.JPEG
imagenet,n03775071,n03775071/ILSVRC2012_val_00029731.JPEG
imagenet,n03775071,n03775071/ILSVRC2012_val_00030946.JPEG
imagenet,n03775071,n03775071/ILSVRC2012_val_00031366.JPEG
imagenet,n03775071,n03775071/ILSVRC2012_val_00032184.JPEG
imagenet,n03775071,n03775071/ILSVRC2012_val_00032775.JPEG
imagenet,n03775071,n03775071/ILSVRC2012_val_00033060.JPEG
imagenet,n03775071,n03775071/ILSVRC2012_val_00034524.JPEG
imagenet,n03775071,n03775071/ILSVRC2012_val_00035270.JPEG
imagenet,n03775071,n03775071/ILSVRC2012_val_00035581.JPEG
imagenet,n03775071,n03775071/ILSVRC2012_val_00035830.JPEG
imagenet,n03775071,n03775071/ILSVRC2012_val_00035992.JPEG
imagenet,n03775071,n03775071/ILSVRC2012_val_00036328.JPEG
imagenet,n03775071,n03775071/ILSVRC2012_val_00036862.JPEG
imagenet,n03775071,n03775071/ILSVRC2012_val_00037281.JPEG
imagenet,n03775071,n03775071/ILSVRC2012_val_00037775.JPEG
imagenet,n03775071,n03775071/ILSVRC2012_val_00038329.JPEG
imagenet,n03775071,n03775071/ILSVRC2012_val_00039575.JPEG
imagenet,n03775071,n03775071/ILSVRC2012_val_00039748.JPEG
imagenet,n03775071,n03775071/ILSVRC2012_val_00040236.JPEG
imagenet,n03775071,n03775071/ILSVRC2012_val_00041132.JPEG
imagenet,n03775071,n03775071/ILSVRC2012_val_00044497.JPEG
imagenet,n03775071,n03775071/ILSVRC2012_val_00045319.JPEG
imagenet,n03775071,n03775071/ILSVRC2012_val_00045882.JPEG
imagenet,n03775071,n03775071/ILSVRC2012_val_00047558.JPEG
imagenet,n03775071,n03775071/ILSVRC2012_val_00049817.JPEG
imagenet,n03775071,n03775071/ILSVRC2012_val_00049880.JPEG
imagenet,n03888257,n03888257/ILSVRC2012_val_00001440.JPEG
imagenet,n03888257,n03888257/ILSVRC2012_val_00002508.JPEG
imagenet,n03888257,n03888257/ILSVRC2012_val_00002665.JPEG
imagenet,n03888257,n03888257/ILSVRC2012_val_00002990.JPEG
imagenet,n03888257,n03888257/ILSVRC2012_val_00004745.JPEG
imagenet,n03888257,n03888257/ILSVRC2012_val_00006561.JPEG
imagenet,n03888257,n03888257/ILSVRC2012_val_00007616.JPEG
imagenet,n03888257,n03888257/ILSVRC2012_val_00009269.JPEG
imagenet,n03888257,n03888257/ILSVRC2012_val_00009370.JPEG
imagenet,n03888257,n03888257/ILSVRC2012_val_00009559.JPEG
imagenet,n03888257,n03888257/ILSVRC2012_val_00009593.JPEG
imagenet,n03888257,n03888257/ILSVRC2012_val_00009873.JPEG
imagenet,n03888257,n03888257/ILSVRC2012_val_00010336.JPEG
imagenet,n03888257,n03888257/ILSVRC2012_val_00010427.JPEG
imagenet,n03888257,n03888257/ILSVRC2012_val_00010460.JPEG
imagenet,n03888257,n03888257/ILSVRC2012_val_00011324.JPEG
imagenet,n03888257,n03888257/ILSVRC2012_val_00013527.JPEG
imagenet,n03888257,n03888257/ILSVRC2012_val_00014381.JPEG
imagenet,n03888257,n03888257/ILSVRC2012_val_00015689.JPEG
imagenet,n03888257,n03888257/ILSVRC2012_val_00015787.JPEG
imagenet,n03888257,n03888257/ILSVRC2012_val_00016387.JPEG
imagenet,n03888257,n03888257/ILSVRC2012_val_00017020.JPEG
imagenet,n03888257,n03888257/ILSVRC2012_val_00017919.JPEG
imagenet,n03888257,n03888257/ILSVRC2012_val_00018229.JPEG
imagenet,n03888257,n03888257/ILSVRC2012_val_00018509.JPEG
imagenet,n03888257,n03888257/ILSVRC2012_val_00019289.JPEG
imagenet,n03888257,n03888257/ILSVRC2012_val_00020003.JPEG
imagenet,n03888257,n03888257/ILSVRC2012_val_00020698.JPEG
imagenet,n03888257,n03888257/ILSVRC2012_val_00022496.JPEG
imagenet,n03888257,n03888257/ILSVRC2012_val_00022638.JPEG
imagenet,n03888257,n03888257/ILSVRC2012_val_00023107.JPEG
imagenet,n03888257,n03888257/ILSVRC2012_val_00024340.JPEG
imagenet,n03888257,n03888257/ILSVRC2012_val_00025121.JPEG
imagenet,n03888257,n03888257/ILSVRC2012_val_00026575.JPEG
imagenet,n03888257,n03888257/ILSVRC2012_val_00029149.JPEG
imagenet,n03888257,n03888257/ILSVRC2012_val_00030583.JPEG
imagenet,n03888257,n03888257/ILSVRC2012_val_00031035.JPEG
imagenet,n03888257,n03888257/ILSVRC2012_val_00031268.JPEG
imagenet,n03888257,n03888257/ILSVRC2012_val_00032482.JPEG
imagenet,n03888257,n03888257/ILSVRC2012_val_00034544.JPEG
imagenet,n03888257,n03888257/ILSVRC2012_val_00037770.JPEG
imagenet,n03888257,n03888257/ILSVRC2012_val_00038942.JPEG
imagenet,n03888257,n03888257/ILSVRC2012_val_00039045.JPEG
imagenet,n03888257,n03888257/ILSVRC2012_val_00041706.JPEG
imagenet,n03888257,n03888257/ILSVRC2012_val_00041925.JPEG
imagenet,n03888257,n03888257/ILSVRC2012_val_00042262.JPEG
imagenet,n03888257,n03888257/ILSVRC2012_val_00044850.JPEG
imagenet,n03888257,n03888257/ILSVRC2012_val_00047147.JPEG
imagenet,n03888257,n03888257/ILSVRC2012_val_00047705.JPEG
imagenet,n03888257,n03888257/ILSVRC2012_val_00047778.JPEG
imagenet,n03930630,n03930630/ILSVRC2012_val_00000049.JPEG
imagenet,n03930630,n03930630/ILSVRC2012_val_00001156.JPEG
imagenet,n03930630,n03930630/ILSVRC2012_val_00001307.JPEG
imagenet,n03930630,n03930630/ILSVRC2012_val_00003080.JPEG
imagenet,n03930630,n03930630/ILSVRC2012_val_00007733.JPEG
imagenet,n03930630,n03930630/ILSVRC2012_val_00008606.JPEG
imagenet,n03930630,n03930630/ILSVRC2012_val_00009098.JPEG
imagenet,n03930630,n03930630/ILSVRC2012_val_00010012.JPEG
imagenet,n03930630,n03930630/ILSVRC2012_val_00010907.JPEG
imagenet,n03930630,n03930630/ILSVRC2012_val_00013435.JPEG
imagenet,n03930630,n03930630/ILSVRC2012_val_00013704.JPEG
imagenet,n03930630,n03930630/ILSVRC2012_val_00015879.JPEG
imagenet,n03930630,n03930630/ILSVRC2012_val_00016098.JPEG
imagenet,n03930630,n03930630/ILSVRC2012_val_00017152.JPEG
imagenet,n03930630,n03930630/ILSVRC2012_val_00017360.JPEG
imagenet,n03930630,n03930630/ILSVRC2012_val_00017538.JPEG
imagenet,n03930630,n03930630/ILSVRC2012_val_00017708.JPEG
imagenet,n03930630,n03930630/ILSVRC2012_val_00018700.JPEG
imagenet,n03930630,n03930630/ILSVRC2012_val_00021802.JPEG
imagenet,n03930630,n03930630/ILSVRC2012_val_00022918.JPEG
imagenet,n03930630,n03930630/ILSVRC2012_val_00023096.JPEG
imagenet,n03930630,n03930630/ILSVRC2012_val_00024317.JPEG
imagenet,n03930630,n03930630/ILSVRC2012_val_00025131.JPEG
imagenet,n03930630,n03930630/ILSVRC2012_val_00025354.JPEG
imagenet,n03930630,n03930630/ILSVRC2012_val_00026079.JPEG
imagenet,n03930630,n03930630/ILSVRC2012_val_00026503.JPEG
imagenet,n03930630,n03930630/ILSVRC2012_val_00026743.JPEG
imagenet,n03930630,n03930630/ILSVRC2012_val_00026922.JPEG
imagenet,n03930630,n03930630/ILSVRC2012_val_00027679.JPEG
imagenet,n03930630,n03930630/ILSVRC2012_val_00027997.JPEG
imagenet,n03930630,n03930630/ILSVRC2012_val_00029046.JPEG
imagenet,n03930630,n03930630/ILSVRC2012_val_00029772.JPEG
imagenet,n03930630,n03930630/ILSVRC2012_val_00032894.JPEG
imagenet,n03930630,n03930630/ILSVRC2012_val_00033589.JPEG
imagenet,n03930630,n03930630/ILSVRC2012_val_00034975.JPEG
imagenet,n03930630,n03930630/ILSVRC2012_val_00035897.JPEG
imagenet,n03930630,n03930630/ILSVRC2012_val_00036504.JPEG
imagenet,n03930630,n03930630/ILSVRC2012_val_00037136.JPEG
imagenet,n03930630,n03930630/ILSVRC2012_val_00038049.JPEG
imagenet,n03930630,n03930630/ILSVRC2012_val_00039120.JPEG
imagenet,n03930630,n03930630/ILSVRC2012_val_00039508.JPEG
imagenet,n03930630,n03930630/ILSVRC2012_val_00039963.JPEG
imagenet,n03930630,n03930630/ILSVRC2012_val_00041314.JPEG
imagenet,n03930630,n03930630/ILSVRC2012_val_00044388.JPEG
imagenet,n03930630,n03930630/ILSVRC2012_val_00045071.JPEG
imagenet,n03930630,n03930630/ILSVRC2012_val_00047595.JPEG
imagenet,n03930630,n03930630/ILSVRC2012_val_00047676.JPEG
imagenet,n03930630,n03930630/ILSVRC2012_val_00049525.JPEG
imagenet,n03930630,n03930630/ILSVRC2012_val_00049612.JPEG
imagenet,n03930630,n03930630/ILSVRC2012_val_00049789.JPEG
imagenet,n03947888,n03947888/ILSVRC2012_val_00000966.JPEG
imagenet,n03947888,n03947888/ILSVRC2012_val_00001111.JPEG
imagenet,n03947888,n03947888/ILSVRC2012_val_00001182.JPEG
imagenet,n03947888,n03947888/ILSVRC2012_val_00001660.JPEG
imagenet,n03947888,n03947888/ILSVRC2012_val_00002130.JPEG
imagenet,n03947888,n03947888/ILSVRC2012_val_00003117.JPEG
imagenet,n03947888,n03947888/ILSVRC2012_val_00003219.JPEG
imagenet,n03947888,n03947888/ILSVRC2012_val_00003230.JPEG
imagenet,n03947888,n03947888/ILSVRC2012_val_00006118.JPEG
imagenet,n03947888,n03947888/ILSVRC2012_val_00006184.JPEG
imagenet,n03947888,n03947888/ILSVRC2012_val_00006349.JPEG
imagenet,n03947888,n03947888/ILSVRC2012_val_00006739.JPEG
imagenet,n03947888,n03947888/ILSVRC2012_val_00007351.JPEG
imagenet,n03947888,n03947888/ILSVRC2012_val_00007600.JPEG
imagenet,n03947888,n03947888/ILSVRC2012_val_00008620.JPEG
imagenet,n03947888,n03947888/ILSVRC2012_val_00008659.JPEG
imagenet,n03947888,n03947888/ILSVRC2012_val_00009628.JPEG
imagenet,n03947888,n03947888/ILSVRC2012_val_00009856.JPEG
imagenet,n03947888,n03947888/ILSVRC2012_val_00011189.JPEG
imagenet,n03947888,n03947888/ILSVRC2012_val_00012447.JPEG
imagenet,n03947888,n03947888/ILSVRC2012_val_00012579.JPEG
imagenet,n03947888,n03947888/ILSVRC2012_val_00012691.JPEG
imagenet,n03947888,n03947888/ILSVRC2012_val_00013944.JPEG
imagenet,n03947888,n03947888/ILSVRC2012_val_00014705.JPEG
imagenet,n03947888,n03947888/ILSVRC2012_val_00014989.JPEG
imagenet,n03947888,n03947888/ILSVRC2012_val_00017696.JPEG
imagenet,n03947888,n03947888/ILSVRC2012_val_00022353.JPEG
imagenet,n03947888,n03947888/ILSVRC2012_val_00023104.JPEG
imagenet,n03947888,n03947888/ILSVRC2012_val_00023269.JPEG
imagenet,n03947888,n03947888/ILSVRC2012_val_00028365.JPEG
imagenet,n03947888,n03947888/ILSVRC2012_val_00028400.JPEG
imagenet,n03947888,n03947888/ILSVRC2012_val_00028471.JPEG
imagenet,n03947888,n03947888/ILSVRC2012_val_00029276.JPEG
imagenet,n03947888,n03947888/ILSVRC2012_val_00030410.JPEG
imagenet,n03947888,n03947888/ILSVRC2012_val_00031484.JPEG
imagenet,n03947888,n03947888/ILSVRC2012_val_00031717.JPEG
imagenet,n03947888,n03947888/ILSVRC2012_val_00032776.JPEG
imagenet,n03947888,n03947888/ILSVRC2012_val_00032856.JPEG
imagenet,n03947888,n03947888/ILSVRC2012_val_00034173.JPEG
imagenet,n03947888,n03947888/ILSVRC2012_val_00036199.JPEG
imagenet,n03947888,n03947888/ILSVRC2012_val_00036604.JPEG
imagenet,n03947888,n03947888/ILSVRC2012_val_00036816.JPEG
imagenet,n03947888,n03947888/ILSVRC2012_val_00037776.JPEG
imagenet,n03947888,n03947888/ILSVRC2012_val_00040013.JPEG
imagenet,n03947888,n03947888/ILSVRC2012_val_00043584.JPEG
imagenet,n03947888,n03947888/ILSVRC2012_val_00044101.JPEG
imagenet,n03947888,n03947888/ILSVRC2012_val_00044338.JPEG
imagenet,n03947888,n03947888/ILSVRC2012_val_00044427.JPEG
imagenet,n03947888,n03947888/ILSVRC2012_val_00044527.JPEG
imagenet,n03947888,n03947888/ILSVRC2012_val_00045572.JPEG
imagenet,n04086273,n04086273/ILSVRC2012_val_00000158.JPEG
imagenet,n04086273,n04086273/ILSVRC2012_val_00000667.JPEG
imagenet,n04086273,n04086273/ILSVRC2012_val_00001789.JPEG
imagenet,n04086273,n04086273/ILSVRC2012_val_00002299.JPEG
imagenet,n04086273,n04086273/ILSVRC2012_val_00002438.JPEG
imagenet,n04086273,n04086273/ILSVRC2012_val_00002604.JPEG
imagenet,n04086273,n04086273/ILSVRC2012_val_00002840.JPEG
imagenet,n04086273,n04086273/ILSVRC2012_val_00003123.JPEG
imagenet,n04086273,n04086273/ILSVRC2012_val_00003457.JPEG
imagenet,n04086273,n04086273/ILSVRC2012_val_00004107.JPEG
imagenet,n04086273,n04086273/ILSVRC2012_val_00006820.JPEG
imagenet,n04086273,n04086273/ILSVRC2012_val_00007170.JPEG
imagenet,n04086273,n04086273/ILSVRC2012_val_00007967.JPEG
imagenet,n04086273,n04086273/ILSVRC2012_val_00009333.JPEG
imagenet,n04086273,n04086273/ILSVRC2012_val_00009592.JPEG
imagenet,n04086273,n04086273/ILSVRC2012_val_00009614.JPEG
imagenet,n04086273,n04086273/ILSVRC2012_val_00011273.JPEG
imagenet,n04086273,n04086273/ILSVRC2012_val_00011824.JPEG
imagenet,n04086273,n04086273/ILSVRC2012_val_00012180.JPEG
imagenet,n04086273,n04086273/ILSVRC2012_val_00012865.JPEG
imagenet,n04086273,n04086273/ILSVRC2012_val_00015260.JPEG
imagenet,n04086273,n04086273/ILSVRC2012_val_00015728.JPEG
imagenet,n04086273,n04086273/ILSVRC2012_val_00015847.JPEG
imagenet,n04086273,n04086273/ILSVRC2012_val_00016796.JPEG
imagenet,n04086273,n04086273/ILSVRC2012_val_00017797.JPEG
imagenet,n04086273,n04086273/ILSVRC2012_val_00017897.JPEG
imagenet,n04086273,n04086273/ILSVRC2012_val_00018181.JPEG
imagenet,n04086273,n04086273/ILSVRC2012_val_00018910.JPEG
imagenet,n04086273,n04086273/ILSVRC2012_val_00021784.JPEG
imagenet,n04086273,n04086273/ILSVRC2012_val_00023382.JPEG
imagenet,n04086273,n04086273/ILSVRC2012_val_00026654.JPEG
imagenet,n04086273,n04086273/ILSVRC2012_val_00027697.JPEG
imagenet,n04086273,n04086273/ILSVRC2012_val_00030134.JPEG
imagenet,n04086273,n04086273/ILSVRC2012_val_00030717.JPEG
imagenet,n04086273,n04086273/ILSVRC2012_val_00032309.JPEG
imagenet,n04086273,n04086273/ILSVRC2012_val_00032525.JPEG
imagenet,n04086273,n04086273/ILSVRC2012_val_00032740.JPEG
imagenet,n04086273,n04086273/ILSVRC2012_val_00033024.JPEG
imagenet,n04086273,n04086273/ILSVRC2012_val_00034825.JPEG
imagenet,n04086273,n04086273/ILSVRC2012_val_00036437.JPEG
imagenet,n04086273,n04086273/ILSVRC2012_val_00036488.JPEG
imagenet,n04086273,n04086273/ILSVRC2012_val_00037225.JPEG
imagenet,n04086273,n04086273/ILSVRC2012_val_00037854.JPEG
imagenet,n04086273,n04086273/ILSVRC2012_val_00038575.JPEG
imagenet,n04086273,n04086273/ILSVRC2012_val_00040355.JPEG
imagenet,n04086273,n04086273/ILSVRC2012_val_00042729.JPEG
imagenet,n04086273,n04086273/ILSVRC2012_val_00043725.JPEG
imagenet,n04086273,n04086273/ILSVRC2012_val_00045053.JPEG
imagenet,n04086273,n04086273/ILSVRC2012_val_00047633.JPEG
imagenet,n04086273,n04086273/ILSVRC2012_val_00047706.JPEG
imagenet,n04118538,n04118538/ILSVRC2012_val_00001497.JPEG
imagenet,n04118538,n04118538/ILSVRC2012_val_00002018.JPEG
imagenet,n04118538,n04118538/ILSVRC2012_val_00002555.JPEG
imagenet,n04118538,n04118538/ILSVRC2012_val_00004829.JPEG
imagenet,n04118538,n04118538/ILSVRC2012_val_00006885.JPEG
imagenet,n04118538,n04118538/ILSVRC2012_val_00007612.JPEG
imagenet,n04118538,n04118538/ILSVRC2012_val_00008802.JPEG
imagenet,n04118538,n04118538/ILSVRC2012_val_00009409.JPEG
imagenet,n04118538,n04118538/ILSVRC2012_val_00010987.JPEG
imagenet,n04118538,n04118538/ILSVRC2012_val_00011091.JPEG
imagenet,n04118538,n04118538/ILSVRC2012_val_00017229.JPEG
imagenet,n04118538,n04118538/ILSVRC2012_val_00017936.JPEG
imagenet,n04118538,n04118538/ILSVRC2012_val_00018753.JPEG
imagenet,n04118538,n04118538/ILSVRC2012_val_00019086.JPEG
imagenet,n04118538,n04118538/ILSVRC2012_val_00019387.JPEG
imagenet,n04118538,n04118538/ILSVRC2012_val_00019445.JPEG
imagenet,n04118538,n04118538/ILSVRC2012_val_00020485.JPEG
imagenet,n04118538,n04118538/ILSVRC2012_val_00021287.JPEG
imagenet,n04118538,n04118538/ILSVRC2012_val_00024490.JPEG
imagenet,n04118538,n04118538/ILSVRC2012_val_00024619.JPEG
imagenet,n04118538,n04118538/ILSVRC2012_val_00026348.JPEG
imagenet,n04118538,n04118538/ILSVRC2012_val_00026574.JPEG
imagenet,n04118538,n04118538/ILSVRC2012_val_00027139.JPEG
imagenet,n04118538,n04118538/ILSVRC2012_val_00027516.JPEG
imagenet,n04118538,n04118538/ILSVRC2012_val_00027616.JPEG
imagenet,n04118538,n04118538/ILSVRC2012_val_00029296.JPEG
imagenet,n04118538,n04118538/ILSVRC2012_val_00030547.JPEG
imagenet,n04118538,n04118538/ILSVRC2012_val_00032103.JPEG
imagenet,n04118538,n04118538/ILSVRC2012_val_00033102.JPEG
imagenet,n04118538,n04118538/ILSVRC2012_val_00034427.JPEG
imagenet,n04118538,n04118538/ILSVRC2012_val_00036288.JPEG
imagenet,n04118538,n04118538/ILSVRC2012_val_00036684.JPEG
imagenet,n04118538,n04118538/ILSVRC2012_val_00037138.JPEG
imagenet,n04118538,n04118538/ILSVRC2012_val_00037924.JPEG
imagenet,n04118538,n04118538/ILSVRC2012_val_00037938.JPEG
imagenet,n04118538,n04118538/ILSVRC2012_val_00038271.JPEG
imagenet,n04118538,n04118538/ILSVRC2012_val_00038323.JPEG
imagenet,n04118538,n04118538/ILSVRC2012_val_00039844.JPEG
imagenet,n04118538,n04118538/ILSVRC2012_val_00040235.JPEG
imagenet,n04118538,n04118538/ILSVRC2012_val_00040568.JPEG
imagenet,n04118538,n04118538/ILSVRC2012_val_00041014.JPEG
imagenet,n04118538,n04118538/ILSVRC2012_val_00042493.JPEG
imagenet,n04118538,n04118538/ILSVRC2012_val_00045773.JPEG
imagenet,n04118538,n04118538/ILSVRC2012_val_00046009.JPEG
imagenet,n04118538,n04118538/ILSVRC2012_val_00046140.JPEG
imagenet,n04118538,n04118538/ILSVRC2012_val_00046334.JPEG
imagenet,n04118538,n04118538/ILSVRC2012_val_00048352.JPEG
imagenet,n04118538,n04118538/ILSVRC2012_val_00048504.JPEG
imagenet,n04118538,n04118538/ILSVRC2012_val_00048999.JPEG
imagenet,n04118538,n04118538/ILSVRC2012_val_00049365.JPEG
imagenet,n04133789,n04133789/ILSVRC2012_val_00002426.JPEG
imagenet,n04133789,n04133789/ILSVRC2012_val_00003342.JPEG
imagenet,n04133789,n04133789/ILSVRC2012_val_00003763.JPEG
imagenet,n04133789,n04133789/ILSVRC2012_val_00005199.JPEG
imagenet,n04133789,n04133789/ILSVRC2012_val_00006296.JPEG
imagenet,n04133789,n04133789/ILSVRC2012_val_00006316.JPEG
imagenet,n04133789,n04133789/ILSVRC2012_val_00007160.JPEG
imagenet,n04133789,n04133789/ILSVRC2012_val_00013852.JPEG
imagenet,n04133789,n04133789/ILSVRC2012_val_00014084.JPEG
imagenet,n04133789,n04133789/ILSVRC2012_val_00015083.JPEG
imagenet,n04133789,n04133789/ILSVRC2012_val_00015569.JPEG
imagenet,n04133789,n04133789/ILSVRC2012_val_00015602.JPEG
imagenet,n04133789,n04133789/ILSVRC2012_val_00019572.JPEG
imagenet,n04133789,n04133789/ILSVRC2012_val_00020491.JPEG
imagenet,n04133789,n04133789/ILSVRC2012_val_00021228.JPEG
imagenet,n04133789,n04133789/ILSVRC2012_val_00021939.JPEG
imagenet,n04133789,n04133789/ILSVRC2012_val_00022801.JPEG
imagenet,n04133789,n04133789/ILSVRC2012_val_00023006.JPEG
imagenet,n04133789,n04133789/ILSVRC2012_val_00023232.JPEG
imagenet,n04133789,n04133789/ILSVRC2012_val_00024738.JPEG
imagenet,n04133789,n04133789/ILSVRC2012_val_00027771.JPEG
imagenet,n04133789,n04133789/ILSVRC2012_val_00027994.JPEG
imagenet,n04133789,n04133789/ILSVRC2012_val_00028976.JPEG
imagenet,n04133789,n04133789/ILSVRC2012_val_00028994.JPEG
imagenet,n04133789,n04133789/ILSVRC2012_val_00029095.JPEG
imagenet,n04133789,n04133789/ILSVRC2012_val_00029180.JPEG
imagenet,n04133789,n04133789/ILSVRC2012_val_00029389.JPEG
imagenet,n04133789,n04133789/ILSVRC2012_val_00029942.JPEG
imagenet,n04133789,n04133789/ILSVRC2012_val_00030250.JPEG
imagenet,n04133789,n04133789/ILSVRC2012_val_00032051.JPEG
imagenet,n04133789,n04133789/ILSVRC2012_val_00032242.JPEG
imagenet,n04133789,n04133789/ILSVRC2012_val_00032308.JPEG
imagenet,n04133789,n04133789/ILSVRC2012_val_00033141.JPEG
imagenet,n04133789,n04133789/ILSVRC2012_val_00034138.JPEG
imagenet,n04133789,n04133789/ILSVRC2012_val_00034558.JPEG
imagenet,n04133789,n04133789/ILSVRC2012_val_00035105.JPEG
imagenet,n04133789,n04133789/ILSVRC2012_val_00035755.JPEG
imagenet,n04133789,n04133789/ILSVRC2012_val_00036524.JPEG
imagenet,n04133789,n04133789/ILSVRC2012_val_00037409.JPEG
imagenet,n04133789,n04133789/ILSVRC2012_val_00037599.JPEG
imagenet,n04133789,n04133789/ILSVRC2012_val_00038588.JPEG
imagenet,n04133789,n04133789/ILSVRC2012_val_00041654.JPEG
imagenet,n04133789,n04133789/ILSVRC2012_val_00045999.JPEG
imagenet,n04133789,n04133789/ILSVRC2012_val_00046895.JPEG
imagenet,n04133789,n04133789/ILSVRC2012_val_00047781.JPEG
imagenet,n04133789,n04133789/ILSVRC2012_val_00048850.JPEG
imagenet,n04133789,n04133789/ILSVRC2012_val_00048889.JPEG
imagenet,n04133789,n04133789/ILSVRC2012_val_00048970.JPEG
imagenet,n04133789,n04133789/ILSVRC2012_val_00049158.JPEG
imagenet,n04133789,n04133789/ILSVRC2012_val_00049173.JPEG
imagenet,n04141076,n04141076/ILSVRC2012_val_00000614.JPEG
imagenet,n04141076,n04141076/ILSVRC2012_val_00000673.JPEG
imagenet,n04141076,n04141076/ILSVRC2012_val_00003260.JPEG
imagenet,n04141076,n04141076/ILSVRC2012_val_00004761.JPEG
imagenet,n04141076,n04141076/ILSVRC2012_val_00006297.JPEG
imagenet,n04141076,n04141076/ILSVRC2012_val_00006682.JPEG
imagenet,n04141076,n04141076/ILSVRC2012_val_00008159.JPEG
imagenet,n04141076,n04141076/ILSVRC2012_val_00009058.JPEG
imagenet,n04141076,n04141076/ILSVRC2012_val_00009736.JPEG
imagenet,n04141076,n04141076/ILSVRC2012_val_00011366.JPEG
imagenet,n04141076,n04141076/ILSVRC2012_val_00011804.JPEG
imagenet,n04141076,n04141076/ILSVRC2012_val_00012795.JPEG
imagenet,n04141076,n04141076/ILSVRC2012_val_00014003.JPEG
imagenet,n04141076,n04141076/ILSVRC2012_val_00014641.JPEG
imagenet,n04141076,n04141076/ILSVRC2012_val_00015586.JPEG
imagenet,n04141076,n04141076/ILSVRC2012_val_00017679.JPEG
imagenet,n04141076,n04141076/ILSVRC2012_val_00020715.JPEG
imagenet,n04141076,n04141076/ILSVRC2012_val_00021311.JPEG
imagenet,n04141076,n04141076/ILSVRC2012_val_00022964.JPEG
imagenet,n04141076,n04141076/ILSVRC2012_val_00024941.JPEG
imagenet,n04141076,n04141076/ILSVRC2012_val_00024972.JPEG
imagenet,n04141076,n04141076/ILSVRC2012_val_00025042.JPEG
imagenet,n04141076,n04141076/ILSVRC2012_val_00026817.JPEG
imagenet,n04141076,n04141076/ILSVRC2012_val_00028114.JPEG
imagenet,n04141076,n04141076/ILSVRC2012_val_00028182.JPEG
imagenet,n04141076,n04141076/ILSVRC2012_val_00028809.JPEG
imagenet,n04141076,n04141076/ILSVRC2012_val_00028942.JPEG
imagenet,n04141076,n04141076/ILSVRC2012_val_00028954.JPEG
imagenet,n04141076,n04141076/ILSVRC2012_val_00029866.JPEG
imagenet,n04141076,n04141076/ILSVRC2012_val_00030435.JPEG
imagenet,n04141076,n04141076/ILSVRC2012_val_00032761.JPEG
imagenet,n04141076,n04141076/ILSVRC2012_val_00034657.JPEG
imagenet,n04141076,n04141076/ILSVRC2012_val_00036726.JPEG
imagenet,n04141076,n04141076/ILSVRC2012_val_00036869.JPEG
imagenet,n04141076,n04141076/ILSVRC2012_val_00036904.JPEG
imagenet,n04141076,n04141076/ILSVRC2012_val_00036922.JPEG
imagenet,n04141076,n04141076/ILSVRC2012_val_00039518.JPEG
imagenet,n04141076,n04141076/ILSVRC2012_val_00039538.JPEG
imagenet,n04141076,n04141076/ILSVRC2012_val_00040575.JPEG
imagenet,n04141076,n04141076/ILSVRC2012_val_00042195.JPEG
imagenet,n04141076,n04141076/ILSVRC2012_val_00043019.JPEG
imagenet,n04141076,n04141076/ILSVRC2012_val_00043084.JPEG
imagenet,n04141076,n04141076/ILSVRC2012_val_00043168.JPEG
imagenet,n04141076,n04141076/ILSVRC2012_val_00045041.JPEG
imagenet,n04141076,n04141076/ILSVRC2012_val_00045255.JPEG
imagenet,n04141076,n04141076/ILSVRC2012_val_00046335.JPEG
imagenet,n04141076,n04141076/ILSVRC2012_val_00046634.JPEG
imagenet,n04141076,n04141076/ILSVRC2012_val_00046661.JPEG
imagenet,n04141076,n04141076/ILSVRC2012_val_00047864.JPEG
imagenet,n04141076,n04141076/ILSVRC2012_val_00049676.JPEG
imagenet,n04146614,n04146614/ILSVRC2012_val_00001736.JPEG
imagenet,n04146614,n04146614/ILSVRC2012_val_00001771.JPEG
imagenet,n04146614,n04146614/ILSVRC2012_val_00001801.JPEG
imagenet,n04146614,n04146614/ILSVRC2012_val_00002346.JPEG
imagenet,n04146614,n04146614/ILSVRC2012_val_00003709.JPEG
imagenet,n04146614,n04146614/ILSVRC2012_val_00004786.JPEG
imagenet,n04146614,n04146614/ILSVRC2012_val_00005051.JPEG
imagenet,n04146614,n04146614/ILSVRC2012_val_00005166.JPEG
imagenet,n04146614,n04146614/ILSVRC2012_val_00007635.JPEG
imagenet,n04146614,n04146614/ILSVRC2012_val_00009450.JPEG
imagenet,n04146614,n04146614/ILSVRC2012_val_00010117.JPEG
imagenet,n04146614,n04146614/ILSVRC2012_val_00010401.JPEG
imagenet,n04146614,n04146614/ILSVRC2012_val_00011337.JPEG
imagenet,n04146614,n04146614/ILSVRC2012_val_00011870.JPEG
imagenet,n04146614,n04146614/ILSVRC2012_val_00013009.JPEG
imagenet,n04146614,n04146614/ILSVRC2012_val_00013295.JPEG
imagenet,n04146614,n04146614/ILSVRC2012_val_00014611.JPEG
imagenet,n04146614,n04146614/ILSVRC2012_val_00015048.JPEG
imagenet,n04146614,n04146614/ILSVRC2012_val_00015541.JPEG
imagenet,n04146614,n04146614/ILSVRC2012_val_00016549.JPEG
imagenet,n04146614,n04146614/ILSVRC2012_val_00016837.JPEG
imagenet,n04146614,n04146614/ILSVRC2012_val_00018378.JPEG
imagenet,n04146614,n04146614/ILSVRC2012_val_00018568.JPEG
imagenet,n04146614,n04146614/ILSVRC2012_val_00019046.JPEG
imagenet,n04146614,n04146614/ILSVRC2012_val_00020112.JPEG
imagenet,n04146614,n04146614/ILSVRC2012_val_00022679.JPEG
imagenet,n04146614,n04146614/ILSVRC2012_val_00023836.JPEG
imagenet,n04146614,n04146614/ILSVRC2012_val_00024242.JPEG
imagenet,n04146614,n04146614/ILSVRC2012_val_00025461.JPEG
imagenet,n04146614,n04146614/ILSVRC2012_val_00028026.JPEG
imagenet,n04146614,n04146614/ILSVRC2012_val_00028711.JPEG
imagenet,n04146614,n04146614/ILSVRC2012_val_00029385.JPEG
imagenet,n04146614,n04146614/ILSVRC2012_val_00029535.JPEG
imagenet,n04146614,n04146614/ILSVRC2012_val_00030750.JPEG
imagenet,n04146614,n04146614/ILSVRC2012_val_00031163.JPEG
imagenet,n04146614,n04146614/ILSVRC2012_val_00031870.JPEG
imagenet,n04146614,n04146614/ILSVRC2012_val_00033865.JPEG
imagenet,n04146614,n04146614/ILSVRC2012_val_00034573.JPEG
imagenet,n04146614,n04146614/ILSVRC2012_val_00034858.JPEG
imagenet,n04146614,n04146614/ILSVRC2012_val_00035824.JPEG
imagenet,n04146614,n04146614/ILSVRC2012_val_00035866.JPEG
imagenet,n04146614,n04146614/ILSVRC2012_val_00035985.JPEG
imagenet,n04146614,n04146614/ILSVRC2012_val_00036576.JPEG
imagenet,n04146614,n04146614/ILSVRC2012_val_00037681.JPEG
imagenet,n04146614,n04146614/ILSVRC2012_val_00038209.JPEG
imagenet,n04146614,n04146614/ILSVRC2012_val_00038506.JPEG
imagenet,n04146614,n04146614/ILSVRC2012_val_00045030.JPEG
imagenet,n04146614,n04146614/ILSVRC2012_val_00045384.JPEG
imagenet,n04146614,n04146614/ILSVRC2012_val_00045798.JPEG
imagenet,n04146614,n04146614/ILSVRC2012_val_00047962.JPEG
imagenet,n04147183,n04147183/ILSVRC2012_val_00000094.JPEG
imagenet,n04147183,n04147183/ILSVRC2012_val_00001551.JPEG
imagenet,n04147183,n04147183/ILSVRC2012_val_00003088.JPEG
imagenet,n04147183,n04147183/ILSVRC2012_val_00003815.JPEG
imagenet,n04147183,n04147183/ILSVRC2012_val_00004682.JPEG
imagenet,n04147183,n04147183/ILSVRC2012_val_00005106.JPEG
imagenet,n04147183,n04147183/ILSVRC2012_val_00007607.JPEG
imagenet,n04147183,n04147183/ILSVRC2012_val_00007978.JPEG
imagenet,n04147183,n04147183/ILSVRC2012_val_00009142.JPEG
imagenet,n04147183,n04147183/ILSVRC2012_val_00010749.JPEG
imagenet,n04147183,n04147183/ILSVRC2012_val_00011098.JPEG
imagenet,n04147183,n04147183/ILSVRC2012_val_00011254.JPEG
imagenet,n04147183,n04147183/ILSVRC2012_val_00011910.JPEG
imagenet,n04147183,n04147183/ILSVRC2012_val_00012054.JPEG
imagenet,n04147183,n04147183/ILSVRC2012_val_00012095.JPEG
imagenet,n04147183,n04147183/ILSVRC2012_val_00012295.JPEG
imagenet,n04147183,n04147183/ILSVRC2012_val_00012794.JPEG
imagenet,n04147183,n04147183/ILSVRC2012_val_00014535.JPEG
imagenet,n04147183,n04147183/ILSVRC2012_val_00015627.JPEG
imagenet,n04147183,n04147183/ILSVRC2012_val_00015783.JPEG
imagenet,n04147183,n04147183/ILSVRC2012_val_00016151.JPEG
imagenet,n04147183,n04147183/ILSVRC2012_val_00017721.JPEG
imagenet,n04147183,n04147183/ILSVRC2012_val_00017945.JPEG
imagenet,n04147183,n04147183/ILSVRC2012_val_00019624.JPEG
imagenet,n04147183,n04147183/ILSVRC2012_val_00021861.JPEG
imagenet,n04147183,n04147183/ILSVRC2012_val_00023233.JPEG
imagenet,n04147183,n04147183/ILSVRC2012_val_00025661.JPEG
imagenet,n04147183,n04147183/ILSVRC2012_val_00026899.JPEG
imagenet,n04147183,n04147183/ILSVRC2012_val_00027291.JPEG
imagenet,n04147183,n04147183/ILSVRC2012_val_00030809.JPEG
imagenet,n04147183,n04147183/ILSVRC2012_val_00031936.JPEG
imagenet,n04147183,n04147183/ILSVRC2012_val_00032553.JPEG
imagenet,n04147183,n04147183/ILSVRC2012_val_00032731.JPEG
imagenet,n04147183,n04147183/ILSVRC2012_val_00036163.JPEG
imagenet,n04147183,n04147183/ILSVRC2012_val_00037184.JPEG
imagenet,n04147183,n04147183/ILSVRC2012_val_00037955.JPEG
imagenet,n04147183,n04147183/ILSVRC2012_val_00038471.JPEG
imagenet,n04147183,n04147183/ILSVRC2012_val_00038543.JPEG
imagenet,n04147183,n04147183/ILSVRC2012_val_00040977.JPEG
imagenet,n04147183,n04147183/ILSVRC2012_val_00041013.JPEG
imagenet,n04147183,n04147183/ILSVRC2012_val_00041082.JPEG
imagenet,n04147183,n04147183/ILSVRC2012_val_00042895.JPEG
imagenet,n04147183,n04147183/ILSVRC2012_val_00045694.JPEG
imagenet,n04147183,n04147183/ILSVRC2012_val_00046278.JPEG
imagenet,n04147183,n04147183/ILSVRC2012_val_00047403.JPEG
imagenet,n04147183,n04147183/ILSVRC2012_val_00047791.JPEG
imagenet,n04147183,n04147183/ILSVRC2012_val_00047934.JPEG
imagenet,n04147183,n04147183/ILSVRC2012_val_00048691.JPEG
imagenet,n04147183,n04147183/ILSVRC2012_val_00048988.JPEG
imagenet,n04147183,n04147183/ILSVRC2012_val_00049923.JPEG
imagenet,n04192698,n04192698/ILSVRC2012_val_00000232.JPEG
imagenet,n04192698,n04192698/ILSVRC2012_val_00001173.JPEG
imagenet,n04192698,n04192698/ILSVRC2012_val_00004694.JPEG
imagenet,n04192698,n04192698/ILSVRC2012_val_00005038.JPEG
imagenet,n04192698,n04192698/ILSVRC2012_val_00005679.JPEG
imagenet,n04192698,n04192698/ILSVRC2012_val_00006435.JPEG
imagenet,n04192698,n04192698/ILSVRC2012_val_00007248.JPEG
imagenet,n04192698,n04192698/ILSVRC2012_val_00008649.JPEG
imagenet,n04192698,n04192698/ILSVRC2012_val_00010773.JPEG
imagenet,n04192698,n04192698/ILSVRC2012_val_00012874.JPEG
imagenet,n04192698,n04192698/ILSVRC2012_val_00015006.JPEG
imagenet,n04192698,n04192698/ILSVRC2012_val_00016291.JPEG
imagenet,n04192698,n04192698/ILSVRC2012_val_00016932.JPEG
imagenet,n04192698,n04192698/ILSVRC2012_val_00017106.JPEG
imagenet,n04192698,n04192698/ILSVRC2012_val_00018574.JPEG
imagenet,n04192698,n04192698/ILSVRC2012_val_00018838.JPEG
imagenet,n04192698,n04192698/ILSVRC2012_val_00018970.JPEG
imagenet,n04192698,n04192698/ILSVRC2012_val_00019697.JPEG
imagenet,n04192698,n04192698/ILSVRC2012_val_00022277.JPEG
imagenet,n04192698,n04192698/ILSVRC2012_val_00023156.JPEG
imagenet,n04192698,n04192698/ILSVRC2012_val_00023309.JPEG
imagenet,n04192698,n04192698/ILSVRC2012_val_00024024.JPEG
imagenet,n04192698,n04192698/ILSVRC2012_val_00024342.JPEG
imagenet,n04192698,n04192698/ILSVRC2012_val_00024634.JPEG
imagenet,n04192698,n04192698/ILSVRC2012_val_00024994.JPEG
imagenet,n04192698,n04192698/ILSVRC2012_val_00025071.JPEG
imagenet,n04192698,n04192698/ILSVRC2012_val_00025337.JPEG
imagenet,n04192698,n04192698/ILSVRC2012_val_00026098.JPEG
imagenet,n04192698,n04192698/ILSVRC2012_val_00026513.JPEG
imagenet,n04192698,n04192698/ILSVRC2012_val_00027200.JPEG
imagenet,n04192698,n04192698/ILSVRC2012_val_00030177.JPEG
imagenet,n04192698,n04192698/ILSVRC2012_val_00031758.JPEG
imagenet,n04192698,n04192698/ILSVRC2012_val_00032125.JPEG
imagenet,n04192698,n04192698/ILSVRC2012_val_00032683.JPEG
imagenet,n04192698,n04192698/ILSVRC2012_val_00035470.JPEG
imagenet,n04192698,n04192698/ILSVRC2012_val_00036370.JPEG
imagenet,n04192698,n04192698/ILSVRC2012_val_00036493.JPEG
imagenet,n04192698,n04192698/ILSVRC2012_val_00037414.JPEG
imagenet,n04192698,n04192698/ILSVRC2012_val_00037734.JPEG
imagenet,n04192698,n04192698/ILSVRC2012_val_00038568.JPEG
imagenet,n04192698,n04192698/ILSVRC2012_val_00038809.JPEG
imagenet,n04192698,n04192698/ILSVRC2012_val_00041324.JPEG
imagenet,n04192698,n04192698/ILSVRC2012_val_00041860.JPEG
imagenet,n04192698,n04192698/ILSVRC2012_val_00044477.JPEG
imagenet,n04192698,n04192698/ILSVRC2012_val_00044974.JPEG
imagenet,n04192698,n04192698/ILSVRC2012_val_00046772.JPEG
imagenet,n04192698,n04192698/ILSVRC2012_val_00047516.JPEG
imagenet,n04192698,n04192698/ILSVRC2012_val_00047613.JPEG
imagenet,n04192698,n04192698/ILSVRC2012_val_00048729.JPEG
imagenet,n04192698,n04192698/ILSVRC2012_val_00049941.JPEG
imagenet,n04254680,n04254680/ILSVRC2012_val_00002349.JPEG
imagenet,n04254680,n04254680/ILSVRC2012_val_00005713.JPEG
imagenet,n04254680,n04254680/ILSVRC2012_val_00007819.JPEG
imagenet,n04254680,n04254680/ILSVRC2012_val_00008133.JPEG
imagenet,n04254680,n04254680/ILSVRC2012_val_00009301.JPEG
imagenet,n04254680,n04254680/ILSVRC2012_val_00009803.JPEG
imagenet,n04254680,n04254680/ILSVRC2012_val_00010033.JPEG
imagenet,n04254680,n04254680/ILSVRC2012_val_00011606.JPEG
imagenet,n04254680,n04254680/ILSVRC2012_val_00013365.JPEG
imagenet,n04254680,n04254680/ILSVRC2012_val_00014100.JPEG
imagenet,n04254680,n04254680/ILSVRC2012_val_00014154.JPEG
imagenet,n04254680,n04254680/ILSVRC2012_val_00014872.JPEG
imagenet,n04254680,n04254680/ILSVRC2012_val_00016558.JPEG
imagenet,n04254680,n04254680/ILSVRC2012_val_00016819.JPEG
imagenet,n04254680,n04254680/ILSVRC2012_val_00017284.JPEG
imagenet,n04254680,n04254680/ILSVRC2012_val_00017671.JPEG
imagenet,n04254680,n04254680/ILSVRC2012_val_00017782.JPEG
imagenet,n04254680,n04254680/ILSVRC2012_val_00019408.JPEG
imagenet,n04254680,n04254680/ILSVRC2012_val_00020296.JPEG
imagenet,n04254680,n04254680/ILSVRC2012_val_00022345.JPEG
imagenet,n04254680,n04254680/ILSVRC2012_val_00024060.JPEG
imagenet,n04254680,n04254680/ILSVRC2012_val_00024334.JPEG
imagenet,n04254680,n04254680/ILSVRC2012_val_00024905.JPEG
imagenet,n04254680,n04254680/ILSVRC2012_val_00026358.JPEG
imagenet,n04254680,n04254680/ILSVRC2012_val_00027702.JPEG
imagenet,n04254680,n04254680/ILSVRC2012_val_00028138.JPEG
imagenet,n04254680,n04254680/ILSVRC2012_val_00029787.JPEG
imagenet,n04254680,n04254680/ILSVRC2012_val_00030118.JPEG
imagenet,n04254680,n04254680/ILSVRC2012_val_00032238.JPEG
imagenet,n04254680,n04254680/ILSVRC2012_val_00032634.JPEG
imagenet,n04254680,n04254680/ILSVRC2012_val_00033202.JPEG
imagenet,n04254680,n04254680/ILSVRC2012_val_00033276.JPEG
imagenet,n04254680,n04254680/ILSVRC2012_val_00033315.JPEG
imagenet,n04254680,n04254680/ILSVRC2012_val_00035006.JPEG
imagenet,n04254680,n04254680/ILSVRC2012_val_00035786.JPEG
imagenet,n04254680,n04254680/ILSVRC2012_val_00036050.JPEG
imagenet,n04254680,n04254680/ILSVRC2012_val_00036164.JPEG
imagenet,n04254680,n04254680/ILSVRC2012_val_00037179.JPEG
imagenet,n04254680,n04254680/ILSVRC2012_val_00038483.JPEG
imagenet,n04254680,n04254680/ILSVRC2012_val_00040329.JPEG
imagenet,n04254680,n04254680/ILSVRC2012_val_00040853.JPEG
imagenet,n04254680,n04254680/ILSVRC2012_val_00041778.JPEG
imagenet,n04254680,n04254680/ILSVRC2012_val_00042311.JPEG
imagenet,n04254680,n04254680/ILSVRC2012_val_00042778.JPEG
imagenet,n04254680,n04254680/ILSVRC2012_val_00043985.JPEG
imagenet,n04254680,n04254680/ILSVRC2012_val_00044160.JPEG
imagenet,n04254680,n04254680/ILSVRC2012_val_00046135.JPEG
imagenet,n04254680,n04254680/ILSVRC2012_val_00047298.JPEG
imagenet,n04254680,n04254680/ILSVRC2012_val_00047887.JPEG
imagenet,n04254680,n04254680/ILSVRC2012_val_00048715.JPEG
imagenet,n04266014,n04266014/ILSVRC2012_val_00000559.JPEG
imagenet,n04266014,n04266014/ILSVRC2012_val_00001795.JPEG
imagenet,n04266014,n04266014/ILSVRC2012_val_00003073.JPEG
imagenet,n04266014,n04266014/ILSVRC2012_val_00004703.JPEG
imagenet,n04266014,n04266014/ILSVRC2012_val_00005204.JPEG
imagenet,n04266014,n04266014/ILSVRC2012_val_00005402.JPEG
imagenet,n04266014,n04266014/ILSVRC2012_val_00005531.JPEG
imagenet,n04266014,n04266014/ILSVRC2012_val_00005787.JPEG
imagenet,n04266014,n04266014/ILSVRC2012_val_00005822.JPEG
imagenet,n04266014,n04266014/ILSVRC2012_val_00009277.JPEG
imagenet,n04266014,n04266014/ILSVRC2012_val_00011708.JPEG
imagenet,n04266014,n04266014/ILSVRC2012_val_00012098.JPEG
imagenet,n04266014,n04266014/ILSVRC2012_val_00013688.JPEG
imagenet,n04266014,n04266014/ILSVRC2012_val_00014262.JPEG
imagenet,n04266014,n04266014/ILSVRC2012_val_00014979.JPEG
imagenet,n04266014,n04266014/ILSVRC2012_val_00017632.JPEG
imagenet,n04266014,n04266014/ILSVRC2012_val_00020130.JPEG
imagenet,n04266014,n04266014/ILSVRC2012_val_00020519.JPEG
imagenet,n04266014,n04266014/ILSVRC2012_val_00021037.JPEG
imagenet,n04266014,n04266014/ILSVRC2012_val_00021759.JPEG
imagenet,n04266014,n04266014/ILSVRC2012_val_00023257.JPEG
imagenet,n04266014,n04266014/ILSVRC2012_val_00025238.JPEG
imagenet,n04266014,n04266014/ILSVRC2012_val_00025483.JPEG
imagenet,n04266014,n04266014/ILSVRC2012_val_00026336.JPEG
imagenet,n04266014,n04266014/ILSVRC2012_val_00026581.JPEG
imagenet,n04266014,n04266014/ILSVRC2012_val_00027853.JPEG
imagenet,n04266014,n04266014/ILSVRC2012_val_00028211.JPEG
imagenet,n04266014,n04266014/ILSVRC2012_val_00028835.JPEG
imagenet,n04266014,n04266014/ILSVRC2012_val_00029823.JPEG
imagenet,n04266014,n04266014/ILSVRC2012_val_00032671.JPEG
imagenet,n04266014,n04266014/ILSVRC2012_val_00033013.JPEG
imagenet,n04266014,n04266014/ILSVRC2012_val_00034335.JPEG
imagenet,n04266014,n04266014/ILSVRC2012_val_00034371.JPEG
imagenet,n04266014,n04266014/ILSVRC2012_val_00036730.JPEG
imagenet,n04266014,n04266014/ILSVRC2012_val_00037621.JPEG
imagenet,n04266014,n04266014/ILSVRC2012_val_00038612.JPEG
imagenet,n04266014,n04266014/ILSVRC2012_val_00039273.JPEG
imagenet,n04266014,n04266014/ILSVRC2012_val_00039643.JPEG
imagenet,n04266014,n04266014/ILSVRC2012_val_00040020.JPEG
imagenet,n04266014,n04266014/ILSVRC2012_val_00042501.JPEG
imagenet,n04266014,n04266014/ILSVRC2012_val_00044382.JPEG
imagenet,n04266014,n04266014/ILSVRC2012_val_00045801.JPEG
imagenet,n04266014,n04266014/ILSVRC2012_val_00046484.JPEG
imagenet,n04266014,n04266014/ILSVRC2012_val_00046929.JPEG
imagenet,n04266014,n04266014/ILSVRC2012_val_00048161.JPEG
imagenet,n04266014,n04266014/ILSVRC2012_val_00048263.JPEG
imagenet,n04266014,n04266014/ILSVRC2012_val_00049610.JPEG
imagenet,n04266014,n04266014/ILSVRC2012_val_00049718.JPEG
imagenet,n04266014,n04266014/ILSVRC2012_val_00049754.JPEG
imagenet,n04266014,n04266014/ILSVRC2012_val_00049969.JPEG
imagenet,n04275548,n04275548/ILSVRC2012_val_00002128.JPEG
imagenet,n04275548,n04275548/ILSVRC2012_val_00005028.JPEG
imagenet,n04275548,n04275548/ILSVRC2012_val_00007259.JPEG
imagenet,n04275548,n04275548/ILSVRC2012_val_00008519.JPEG
imagenet,n04275548,n04275548/ILSVRC2012_val_00008546.JPEG
imagenet,n04275548,n04275548/ILSVRC2012_val_00009373.JPEG
imagenet,n04275548,n04275548/ILSVRC2012_val_00009763.JPEG
imagenet,n04275548,n04275548/ILSVRC2012_val_00009823.JPEG
imagenet,n04275548,n04275548/ILSVRC2012_val_00010811.JPEG
imagenet,n04275548,n04275548/ILSVRC2012_val_00011508.JPEG
imagenet,n04275548,n04275548/ILSVRC2012_val_00012305.JPEG
imagenet,n04275548,n04275548/ILSVRC2012_val_00012897.JPEG
imagenet,n04275548,n04275548/ILSVRC2012_val_00014968.JPEG
imagenet,n04275548,n04275548/ILSVRC2012_val_00018633.JPEG
imagenet,n04275548,n04275548/ILSVRC2012_val_00018751.JPEG
imagenet,n04275548,n04275548/ILSVRC2012_val_00019295.JPEG
imagenet,n04275548,n04275548/ILSVRC2012_val_00019618.JPEG
imagenet,n04275548,n04275548/ILSVRC2012_val_00019649.JPEG
imagenet,n04275548,n04275548/ILSVRC2012_val_00020733.JPEG
imagenet,n04275548,n04275548/ILSVRC2012_val_00020974.JPEG
imagenet,n04275548,n04275548/ILSVRC2012_val_00021471.JPEG
imagenet,n04275548,n04275548/ILSVRC2012_val_00023532.JPEG
imagenet,n04275548,n04275548/ILSVRC2012_val_00023544.JPEG
imagenet,n04275548,n04275548/ILSVRC2012_val_00026078.JPEG
imagenet,n04275548,n04275548/ILSVRC2012_val_00028350.JPEG
imagenet,n04275548,n04275548/ILSVRC2012_val_00028709.JPEG
imagenet,n04275548,n04275548/ILSVRC2012_val_00029580.JPEG
imagenet,n04275548,n04275548/ILSVRC2012_val_00031773.JPEG
imagenet,n04275548,n04275548/ILSVRC2012_val_00033227.JPEG
imagenet,n04275548,n04275548/ILSVRC2012_val_00035058.JPEG
imagenet,n04275548,n04275548/ILSVRC2012_val_00035311.JPEG
imagenet,n04275548,n04275548/ILSVRC2012_val_00036086.JPEG
imagenet,n04275548,n04275548/ILSVRC2012_val_00036672.JPEG
imagenet,n04275548,n04275548/ILSVRC2012_val_00038200.JPEG
imagenet,n04275548,n04275548/ILSVRC2012_val_00038930.JPEG
imagenet,n04275548,n04275548/ILSVRC2012_val_00039054.JPEG
imagenet,n04275548,n04275548/ILSVRC2012_val_00039431.JPEG
imagenet,n04275548,n04275548/ILSVRC2012_val_00040081.JPEG
imagenet,n04275548,n04275548/ILSVRC2012_val_00040594.JPEG
imagenet,n04275548,n04275548/ILSVRC2012_val_00041309.JPEG
imagenet,n04275548,n04275548/ILSVRC2012_val_00042422.JPEG
imagenet,n04275548,n04275548/ILSVRC2012_val_00043164.JPEG
imagenet,n04275548,n04275548/ILSVRC2012_val_00045297.JPEG
imagenet,n04275548,n04275548/ILSVRC2012_val_00045648.JPEG
imagenet,n04275548,n04275548/ILSVRC2012_val_00045949.JPEG
imagenet,n04275548,n04275548/ILSVRC2012_val_00046667.JPEG
imagenet,n04275548,n04275548/ILSVRC2012_val_00046830.JPEG
imagenet,n04275548,n04275548/ILSVRC2012_val_00048313.JPEG
imagenet,n04275548,n04275548/ILSVRC2012_val_00048690.JPEG
imagenet,n04275548,n04275548/ILSVRC2012_val_00049091.JPEG
imagenet,n04310018,n04310018/ILSVRC2012_val_00000544.JPEG
imagenet,n04310018,n04310018/ILSVRC2012_val_00001301.JPEG
imagenet,n04310018,n04310018/ILSVRC2012_val_00002603.JPEG
imagenet,n04310018,n04310018/ILSVRC2012_val_00002710.JPEG
imagenet,n04310018,n04310018/ILSVRC2012_val_00003156.JPEG
imagenet,n04310018,n04310018/ILSVRC2012_val_00003573.JPEG
imagenet,n04310018,n04310018/ILSVRC2012_val_00003599.JPEG
imagenet,n04310018,n04310018/ILSVRC2012_val_00006106.JPEG
imagenet,n04310018,n04310018/ILSVRC2012_val_00007826.JPEG
imagenet,n04310018,n04310018/ILSVRC2012_val_00008744.JPEG
imagenet,n04310018,n04310018/ILSVRC2012_val_00010581.JPEG
imagenet,n04310018,n04310018/ILSVRC2012_val_00015943.JPEG
imagenet,n04310018,n04310018/ILSVRC2012_val_00018384.JPEG
imagenet,n04310018,n04310018/ILSVRC2012_val_00018868.JPEG
imagenet,n04310018,n04310018/ILSVRC2012_val_00020437.JPEG
imagenet,n04310018,n04310018/ILSVRC2012_val_00021247.JPEG
imagenet,n04310018,n04310018/ILSVRC2012_val_00021734.JPEG
imagenet,n04310018,n04310018/ILSVRC2012_val_00022127.JPEG
imagenet,n04310018,n04310018/ILSVRC2012_val_00023508.JPEG
imagenet,n04310018,n04310018/ILSVRC2012_val_00024134.JPEG
imagenet,n04310018,n04310018/ILSVRC2012_val_00024627.JPEG
imagenet,n04310018,n04310018/ILSVRC2012_val_00024811.JPEG
imagenet,n04310018,n04310018/ILSVRC2012_val_00025265.JPEG
imagenet,n04310018,n04310018/ILSVRC2012_val_00026285.JPEG
imagenet,n04310018,n04310018/ILSVRC2012_val_00026477.JPEG
imagenet,n04310018,n04310018/ILSVRC2012_val_00026883.JPEG
imagenet,n04310018,n04310018/ILSVRC2012_val_00028485.JPEG
imagenet,n04310018,n04310018/ILSVRC2012_val_00031692.JPEG
imagenet,n04310018,n04310018/ILSVRC2012_val_00032215.JPEG
imagenet,n04310018,n04310018/ILSVRC2012_val_00033041.JPEG
imagenet,n04310018,n04310018/ILSVRC2012_val_00033557.JPEG
imagenet,n04310018,n04310018/ILSVRC2012_val_00034023.JPEG
imagenet,n04310018,n04310018/ILSVRC2012_val_00035889.JPEG
imagenet,n04310018,n04310018/ILSVRC2012_val_00037088.JPEG
imagenet,n04310018,n04310018/ILSVRC2012_val_00037349.JPEG
imagenet,n04310018,n04310018/ILSVRC2012_val_00038189.JPEG
imagenet,n04310018,n04310018/ILSVRC2012_val_00038429.JPEG
imagenet,n04310018,n04310018/ILSVRC2012_val_00038508.JPEG
imagenet,n04310018,n04310018/ILSVRC2012_val_00038885.JPEG
imagenet,n04310018,n04310018/ILSVRC2012_val_00040994.JPEG
imagenet,n04310018,n04310018/ILSVRC2012_val_00043296.JPEG
imagenet,n04310018,n04310018/ILSVRC2012_val_00044347.JPEG
imagenet,n04310018,n04310018/ILSVRC2012_val_00044835.JPEG
imagenet,n04310018,n04310018/ILSVRC2012_val_00045265.JPEG
imagenet,n04310018,n04310018/ILSVRC2012_val_00045560.JPEG
imagenet,n04310018,n04310018/ILSVRC2012_val_00046166.JPEG
imagenet,n04310018,n04310018/ILSVRC2012_val_00047906.JPEG
imagenet,n04310018,n04310018/ILSVRC2012_val_00048479.JPEG
imagenet,n04310018,n04310018/ILSVRC2012_val_00048487.JPEG
imagenet,n04310018,n04310018/ILSVRC2012_val_00048686.JPEG
imagenet,n04325704,n04325704/ILSVRC2012_val_00001059.JPEG
imagenet,n04325704,n04325704/ILSVRC2012_val_00003010.JPEG
imagenet,n04325704,n04325704/ILSVRC2012_val_00003414.JPEG
imagenet,n04325704,n04325704/ILSVRC2012_val_00004654.JPEG
imagenet,n04325704,n04325704/ILSVRC2012_val_00004680.JPEG
imagenet,n04325704,n04325704/ILSVRC2012_val_00007117.JPEG
imagenet,n04325704,n04325704/ILSVRC2012_val_00007162.JPEG
imagenet,n04325704,n04325704/ILSVRC2012_val_00009732.JPEG
imagenet,n04325704,n04325704/ILSVRC2012_val_00010960.JPEG
imagenet,n04325704,n04325704/ILSVRC2012_val_00012317.JPEG
imagenet,n04325704,n04325704/ILSVRC2012_val_00015383.JPEG
imagenet,n04325704,n04325704/ILSVRC2012_val_00016515.JPEG
imagenet,n04325704,n04325704/ILSVRC2012_val_00017390.JPEG
imagenet,n04325704,n04325704/ILSVRC2012_val_00018497.JPEG
imagenet,n04325704,n04325704/ILSVRC2012_val_00018510.JPEG
imagenet,n04325704,n04325704/ILSVRC2012_val_00020738.JPEG
imagenet,n04325704,n04325704/ILSVRC2012_val_00020882.JPEG
imagenet,n04325704,n04325704/ILSVRC2012_val_00021577.JPEG
imagenet,n04325704,n04325704/ILSVRC2012_val_00021921.JPEG
imagenet,n04325704,n04325704/ILSVRC2012_val_00022281.JPEG
imagenet,n04325704,n04325704/ILSVRC2012_val_00023465.JPEG
imagenet,n04325704,n04325704/ILSVRC2012_val_00025418.JPEG
imagenet,n04325704,n04325704/ILSVRC2012_val_00026365.JPEG
imagenet,n04325704,n04325704/ILSVRC2012_val_00027092.JPEG
imagenet,n04325704,n04325704/ILSVRC2012_val_00027132.JPEG
imagenet,n04325704,n04325704/ILSVRC2012_val_00027609.JPEG
imagenet,n04325704,n04325704/ILSVRC2012_val_00032034.JPEG
imagenet,n04325704,n04325704/ILSVRC2012_val_00032664.JPEG
imagenet,n04325704,n04325704/ILSVRC2012_val_00034344.JPEG
imagenet,n04325704,n04325704/ILSVRC2012_val_00035037.JPEG
imagenet,n04325704,n04325704/ILSVRC2012_val_00035873.JPEG
imagenet,n04325704,n04325704/ILSVRC2012_val_00036167.JPEG
imagenet,n04325704,n04325704/ILSVRC2012_val_00037110.JPEG
imagenet,n04325704,n04325704/ILSVRC2012_val_00038229.JPEG
imagenet,n04325704,n04325704/ILSVRC2012_val_00039815.JPEG
imagenet,n04325704,n04325704/ILSVRC2012_val_00040011.JPEG
imagenet,n04325704,n04325704/ILSVRC2012_val_00041039.JPEG
imagenet,n04325704,n04325704/ILSVRC2012_val_00041789.JPEG
imagenet,n04325704,n04325704/ILSVRC2012_val_00042271.JPEG
imagenet,n04325704,n04325704/ILSVRC2012_val_00042616.JPEG
imagenet,n04325704,n04325704/ILSVRC2012_val_00042632.JPEG
imagenet,n04325704,n04325704/ILSVRC2012_val_00042656.JPEG
imagenet,n04325704,n04325704/ILSVRC2012_val_00044116.JPEG
imagenet,n04325704,n04325704/ILSVRC2012_val_00044506.JPEG
imagenet,n04325704,n04325704/ILSVRC2012_val_00045762.JPEG
imagenet,n04325704,n04325704/ILSVRC2012_val_00046172.JPEG
imagenet,n04325704,n04325704/ILSVRC2012_val_00047302.JPEG
imagenet,n04325704,n04325704/ILSVRC2012_val_00047513.JPEG
imagenet,n04325704,n04325704/ILSVRC2012_val_00047964.JPEG
imagenet,n04325704,n04325704/ILSVRC2012_val_00047994.JPEG
imagenet,n04347754,n04347754/ILSVRC2012_val_00000595.JPEG
imagenet,n04347754,n04347754/ILSVRC2012_val_00000623.JPEG
imagenet,n04347754,n04347754/ILSVRC2012_val_00004204.JPEG
imagenet,n04347754,n04347754/ILSVRC2012_val_00004594.JPEG
imagenet,n04347754,n04347754/ILSVRC2012_val_00004609.JPEG
imagenet,n04347754,n04347754/ILSVRC2012_val_00006653.JPEG
imagenet,n04347754,n04347754/ILSVRC2012_val_00006902.JPEG
imagenet,n04347754,n04347754/ILSVRC2012_val_00010351.JPEG
imagenet,n04347754,n04347754/ILSVRC2012_val_00011046.JPEG
imagenet,n04347754,n04347754/ILSVRC2012_val_00011641.JPEG
imagenet,n04347754,n04347754/ILSVRC2012_val_00011735.JPEG
imagenet,n04347754,n04347754/ILSVRC2012_val_00012654.JPEG
imagenet,n04347754,n04347754/ILSVRC2012_val_00013200.JPEG
imagenet,n04347754,n04347754/ILSVRC2012_val_00013459.JPEG
imagenet,n04347754,n04347754/ILSVRC2012_val_00013469.JPEG
imagenet,n04347754,n04347754/ILSVRC2012_val_00014049.JPEG
imagenet,n04347754,n04347754/ILSVRC2012_val_00014568.JPEG
imagenet,n04347754,n04347754/ILSVRC2012_val_00017481.JPEG
imagenet,n04347754,n04347754/ILSVRC2012_val_00020107.JPEG
imagenet,n04347754,n04347754/ILSVRC2012_val_00020293.JPEG
imagenet,n04347754,n04347754/ILSVRC2012_val_00024698.JPEG
imagenet,n04347754,n04347754/ILSVRC2012_val_00024807.JPEG
imagenet,n04347754,n04347754/ILSVRC2012_val_00025445.JPEG
imagenet,n04347754,n04347754/ILSVRC2012_val_00025812.JPEG
imagenet,n04347754,n04347754/ILSVRC2012_val_00026652.JPEG
imagenet,n04347754,n04347754/ILSVRC2012_val_00029532.JPEG
imagenet,n04347754,n04347754/ILSVRC2012_val_00029680.JPEG
imagenet,n04347754,n04347754/ILSVRC2012_val_00029689.JPEG
imagenet,n04347754,n04347754/ILSVRC2012_val_00030480.JPEG
imagenet,n04347754,n04347754/ILSVRC2012_val_00030681.JPEG
imagenet,n04347754,n04347754/ILSVRC2012_val_00031365.JPEG
imagenet,n04347754,n04347754/ILSVRC2012_val_00031407.JPEG
imagenet,n04347754,n04347754/ILSVRC2012_val_00033516.JPEG
imagenet,n04347754,n04347754/ILSVRC2012_val_00033794.JPEG
imagenet,n04347754,n04347754/ILSVRC2012_val_00033895.JPEG
imagenet,n04347754,n04347754/ILSVRC2012_val_00034762.JPEG
imagenet,n04347754,n04347754/ILSVRC2012_val_00036124.JPEG
imagenet,n04347754,n04347754/ILSVRC2012_val_00038321.JPEG
imagenet,n04347754,n04347754/ILSVRC2012_val_00041636.JPEG
imagenet,n04347754,n04347754/ILSVRC2012_val_00042324.JPEG
imagenet,n04347754,n04347754/ILSVRC2012_val_00042801.JPEG
imagenet,n04347754,n04347754/ILSVRC2012_val_00043762.JPEG
imagenet,n04347754,n04347754/ILSVRC2012_val_00044250.JPEG
imagenet,n04347754,n04347754/ILSVRC2012_val_00046371.JPEG
imagenet,n04347754,n04347754/ILSVRC2012_val_00046685.JPEG
imagenet,n04347754,n04347754/ILSVRC2012_val_00047134.JPEG
imagenet,n04347754,n04347754/ILSVRC2012_val_00047712.JPEG
imagenet,n04347754,n04347754/ILSVRC2012_val_00049011.JPEG
imagenet,n04347754,n04347754/ILSVRC2012_val_00049184.JPEG
imagenet,n04347754,n04347754/ILSVRC2012_val_00049376.JPEG
imagenet,n04389033,n04389033/ILSVRC2012_val_00002120.JPEG
imagenet,n04389033,n04389033/ILSVRC2012_val_00002122.JPEG
imagenet,n04389033,n04389033/ILSVRC2012_val_00002162.JPEG
imagenet,n04389033,n04389033/ILSVRC2012_val_00002520.JPEG
imagenet,n04389033,n04389033/ILSVRC2012_val_00002637.JPEG
imagenet,n04389033,n04389033/ILSVRC2012_val_00003212.JPEG
imagenet,n04389033,n04389033/ILSVRC2012_val_00004353.JPEG
imagenet,n04389033,n04389033/ILSVRC2012_val_00004367.JPEG
imagenet,n04389033,n04389033/ILSVRC2012_val_00005592.JPEG
imagenet,n04389033,n04389033/ILSVRC2012_val_00006398.JPEG
imagenet,n04389033,n04389033/ILSVRC2012_val_00006846.JPEG
imagenet,n04389033,n04389033/ILSVRC2012_val_00008055.JPEG
imagenet,n04389033,n04389033/ILSVRC2012_val_00008783.JPEG
imagenet,n04389033,n04389033/ILSVRC2012_val_00015255.JPEG
imagenet,n04389033,n04389033/ILSVRC2012_val_00015638.JPEG
imagenet,n04389033,n04389033/ILSVRC2012_val_00017065.JPEG
imagenet,n04389033,n04389033/ILSVRC2012_val_00017094.JPEG
imagenet,n04389033,n04389033/ILSVRC2012_val_00020377.JPEG
imagenet,n04389033,n04389033/ILSVRC2012_val_00021989.JPEG
imagenet,n04389033,n04389033/ILSVRC2012_val_00024213.JPEG
imagenet,n04389033,n04389033/ILSVRC2012_val_00024233.JPEG
imagenet,n04389033,n04389033/ILSVRC2012_val_00026377.JPEG
imagenet,n04389033,n04389033/ILSVRC2012_val_00026635.JPEG
imagenet,n04389033,n04389033/ILSVRC2012_val_00027044.JPEG
imagenet,n04389033,n04389033/ILSVRC2012_val_00028659.JPEG
imagenet,n04389033,n04389033/ILSVRC2012_val_00030230.JPEG
imagenet,n04389033,n04389033/ILSVRC2012_val_00030415.JPEG
imagenet,n04389033,n04389033/ILSVRC2012_val_00030454.JPEG
imagenet,n04389033,n04389033/ILSVRC2012_val_00030941.JPEG
imagenet,n04389033,n04389033/ILSVRC2012_val_00032496.JPEG
imagenet,n04389033,n04389033/ILSVRC2012_val_00032996.JPEG
imagenet,n04389033,n04389033/ILSVRC2012_val_00033676.JPEG
imagenet,n04389033,n04389033/ILSVRC2012_val_00034135.JPEG
imagenet,n04389033,n04389033/ILSVRC2012_val_00036249.JPEG
imagenet,n04389033,n04389033/ILSVRC2012_val_00036905.JPEG
imagenet,n04389033,n04389033/ILSVRC2012_val_00037887.JPEG
imagenet,n04389033,n04389033/ILSVRC2012_val_00038383.JPEG
imagenet,n04389033,n04389033/ILSVRC2012_val_00039017.JPEG
imagenet,n04389033,n04389033/ILSVRC2012_val_00040332.JPEG
imagenet,n04389033,n04389033/ILSVRC2012_val_00041546.JPEG
imagenet,n04389033,n04389033/ILSVRC2012_val_00042341.JPEG
imagenet,n04389033,n04389033/ILSVRC2012_val_00042641.JPEG
imagenet,n04389033,n04389033/ILSVRC2012_val_00043756.JPEG
imagenet,n04389033,n04389033/ILSVRC2012_val_00044690.JPEG
imagenet,n04389033,n04389033/ILSVRC2012_val_00046630.JPEG
imagenet,n04389033,n04389033/ILSVRC2012_val_00046843.JPEG
imagenet,n04389033,n04389033/ILSVRC2012_val_00047296.JPEG
imagenet,n04389033,n04389033/ILSVRC2012_val_00048782.JPEG
imagenet,n04389033,n04389033/ILSVRC2012_val_00048799.JPEG
imagenet,n04389033,n04389033/ILSVRC2012_val_00049454.JPEG
imagenet,n04409515,n04409515/ILSVRC2012_val_00000123.JPEG
imagenet,n04409515,n04409515/ILSVRC2012_val_00000397.JPEG
imagenet,n04409515,n04409515/ILSVRC2012_val_00000653.JPEG
imagenet,n04409515,n04409515/ILSVRC2012_val_00003251.JPEG
imagenet,n04409515,n04409515/ILSVRC2012_val_00004929.JPEG
imagenet,n04409515,n04409515/ILSVRC2012_val_00007000.JPEG
imagenet,n04409515,n04409515/ILSVRC2012_val_00008890.JPEG
imagenet,n04409515,n04409515/ILSVRC2012_val_00009085.JPEG
imagenet,n04409515,n04409515/ILSVRC2012_val_00009605.JPEG
imagenet,n04409515,n04409515/ILSVRC2012_val_00010370.JPEG
imagenet,n04409515,n04409515/ILSVRC2012_val_00010812.JPEG
imagenet,n04409515,n04409515/ILSVRC2012_val_00010954.JPEG
imagenet,n04409515,n04409515/ILSVRC2012_val_00011318.JPEG
imagenet,n04409515,n04409515/ILSVRC2012_val_00012659.JPEG
imagenet,n04409515,n04409515/ILSVRC2012_val_00014503.JPEG
imagenet,n04409515,n04409515/ILSVRC2012_val_00015047.JPEG
imagenet,n04409515,n04409515/ILSVRC2012_val_00015054.JPEG
imagenet,n04409515,n04409515/ILSVRC2012_val_00017369.JPEG
imagenet,n04409515,n04409515/ILSVRC2012_val_00017452.JPEG
imagenet,n04409515,n04409515/ILSVRC2012_val_00018697.JPEG
imagenet,n04409515,n04409515/ILSVRC2012_val_00019125.JPEG
imagenet,n04409515,n04409515/ILSVRC2012_val_00020001.JPEG
imagenet,n04409515,n04409515/ILSVRC2012_val_00020170.JPEG
imagenet,n04409515,n04409515/ILSVRC2012_val_00020402.JPEG
imagenet,n04409515,n04409515/ILSVRC2012_val_00020528.JPEG
imagenet,n04409515,n04409515/ILSVRC2012_val_00023732.JPEG
imagenet,n04409515,n04409515/ILSVRC2012_val_00024455.JPEG
imagenet,n04409515,n04409515/ILSVRC2012_val_00025081.JPEG
imagenet,n04409515,n04409515/ILSVRC2012_val_00025113.JPEG
imagenet,n04409515,n04409515/ILSVRC2012_val_00027078.JPEG
imagenet,n04409515,n04409515/ILSVRC2012_val_00027391.JPEG
imagenet,n04409515,n04409515/ILSVRC2012_val_00029009.JPEG
imagenet,n04409515,n04409515/ILSVRC2012_val_00029328.JPEG
imagenet,n04409515,n04409515/ILSVRC2012_val_00030361.JPEG
imagenet,n04409515,n04409515/ILSVRC2012_val_00033467.JPEG
imagenet,n04409515,n04409515/ILSVRC2012_val_00033602.JPEG
imagenet,n04409515,n04409515/ILSVRC2012_val_00033609.JPEG
imagenet,n04409515,n04409515/ILSVRC2012_val_00034028.JPEG
imagenet,n04409515,n04409515/ILSVRC2012_val_00034217.JPEG
imagenet,n04409515,n04409515/ILSVRC2012_val_00035188.JPEG
imagenet,n04409515,n04409515/ILSVRC2012_val_00036818.JPEG
imagenet,n04409515,n04409515/ILSVRC2012_val_00039184.JPEG
imagenet,n04409515,n04409515/ILSVRC2012_val_00042309.JPEG
imagenet,n04409515,n04409515/ILSVRC2012_val_00042701.JPEG
imagenet,n04409515,n04409515/ILSVRC2012_val_00044037.JPEG
imagenet,n04409515,n04409515/ILSVRC2012_val_00046228.JPEG
imagenet,n04409515,n04409515/ILSVRC2012_val_00046348.JPEG
imagenet,n04409515,n04409515/ILSVRC2012_val_00047662.JPEG
imagenet,n04409515,n04409515/ILSVRC2012_val_00049400.JPEG
imagenet,n04409515,n04409515/ILSVRC2012_val_00049681.JPEG
imagenet,n04465501,n04465501/ILSVRC2012_val_00000294.JPEG
imagenet,n04465501,n04465501/ILSVRC2012_val_00000611.JPEG
imagenet,n04465501,n04465501/ILSVRC2012_val_00003326.JPEG
imagenet,n04465501,n04465501/ILSVRC2012_val_00004194.JPEG
imagenet,n04465501,n04465501/ILSVRC2012_val_00004854.JPEG
imagenet,n04465501,n04465501/ILSVRC2012_val_00007432.JPEG
imagenet,n04465501,n04465501/ILSVRC2012_val_00008766.JPEG
imagenet,n04465501,n04465501/ILSVRC2012_val_00009903.JPEG
imagenet,n04465501,n04465501/ILSVRC2012_val_00009997.JPEG
imagenet,n04465501,n04465501/ILSVRC2012_val_00011206.JPEG
imagenet,n04465501,n04465501/ILSVRC2012_val_00012822.JPEG
imagenet,n04465501,n04465501/ILSVRC2012_val_00013518.JPEG
imagenet,n04465501,n04465501/ILSVRC2012_val_00014136.JPEG
imagenet,n04465501,n04465501/ILSVRC2012_val_00015413.JPEG
imagenet,n04465501,n04465501/ILSVRC2012_val_00017040.JPEG
imagenet,n04465501,n04465501/ILSVRC2012_val_00019051.JPEG
imagenet,n04465501,n04465501/ILSVRC2012_val_00020921.JPEG
imagenet,n04465501,n04465501/ILSVRC2012_val_00020987.JPEG
imagenet,n04465501,n04465501/ILSVRC2012_val_00021373.JPEG
imagenet,n04465501,n04465501/ILSVRC2012_val_00024074.JPEG
imagenet,n04465501,n04465501/ILSVRC2012_val_00024101.JPEG
imagenet,n04465501,n04465501/ILSVRC2012_val_00025153.JPEG
imagenet,n04465501,n04465501/ILSVRC2012_val_00025222.JPEG
imagenet,n04465501,n04465501/ILSVRC2012_val_00025656.JPEG
imagenet,n04465501,n04465501/ILSVRC2012_val_00025769.JPEG
imagenet,n04465501,n04465501/ILSVRC2012_val_00026128.JPEG
imagenet,n04465501,n04465501/ILSVRC2012_val_00027450.JPEG
imagenet,n04465501,n04465501/ILSVRC2012_val_00027493.JPEG
imagenet,n04465501,n04465501/ILSVRC2012_val_00027978.JPEG
imagenet,n04465501,n04465501/ILSVRC2012_val_00028200.JPEG
imagenet,n04465501,n04465501/ILSVRC2012_val_00028428.JPEG
imagenet,n04465501,n04465501/ILSVRC2012_val_00030166.JPEG
imagenet,n04465501,n04465501/ILSVRC2012_val_00030443.JPEG
imagenet,n04465501,n04465501/ILSVRC2012_val_00030516.JPEG
imagenet,n04465501,n04465501/ILSVRC2012_val_00030960.JPEG
imagenet,n04465501,n04465501/ILSVRC2012_val_00034533.JPEG
imagenet,n04465501,n04465501/ILSVRC2012_val_00035339.JPEG
imagenet,n04465501,n04465501/ILSVRC2012_val_00035447.JPEG
imagenet,n04465501,n04465501/ILSVRC2012_val_00035513.JPEG
imagenet,n04465501,n04465501/ILSVRC2012_val_00035906.JPEG
imagenet,n04465501,n04465501/ILSVRC2012_val_00038088.JPEG
imagenet,n04465501,n04465501/ILSVRC2012_val_00038484.JPEG
imagenet,n04465501,n04465501/ILSVRC2012_val_00039830.JPEG
imagenet,n04465501,n04465501/ILSVRC2012_val_00039910.JPEG
imagenet,n04465501,n04465501/ILSVRC2012_val_00041033.JPEG
imagenet,n04465501,n04465501/ILSVRC2012_val_00041382.JPEG
imagenet,n04465501,n04465501/ILSVRC2012_val_00042682.JPEG
imagenet,n04465501,n04465501/ILSVRC2012_val_00043459.JPEG
imagenet,n04465501,n04465501/ILSVRC2012_val_00048220.JPEG
imagenet,n04465501,n04465501/ILSVRC2012_val_00049925.JPEG
imagenet,n04487394,n04487394/ILSVRC2012_val_00000146.JPEG
imagenet,n04487394,n04487394/ILSVRC2012_val_00000479.JPEG
imagenet,n04487394,n04487394/ILSVRC2012_val_00000555.JPEG
imagenet,n04487394,n04487394/ILSVRC2012_val_00001321.JPEG
imagenet,n04487394,n04487394/ILSVRC2012_val_00005309.JPEG
imagenet,n04487394,n04487394/ILSVRC2012_val_00005962.JPEG
imagenet,n04487394,n04487394/ILSVRC2012_val_00006413.JPEG
imagenet,n04487394,n04487394/ILSVRC2012_val_00007362.JPEG
imagenet,n04487394,n04487394/ILSVRC2012_val_00007492.JPEG
imagenet,n04487394,n04487394/ILSVRC2012_val_00007914.JPEG
imagenet,n04487394,n04487394/ILSVRC2012_val_00010269.JPEG
imagenet,n04487394,n04487394/ILSVRC2012_val_00012290.JPEG
imagenet,n04487394,n04487394/ILSVRC2012_val_00012692.JPEG
imagenet,n04487394,n04487394/ILSVRC2012_val_00012766.JPEG
imagenet,n04487394,n04487394/ILSVRC2012_val_00013134.JPEG
imagenet,n04487394,n04487394/ILSVRC2012_val_00013844.JPEG
imagenet,n04487394,n04487394/ILSVRC2012_val_00016009.JPEG
imagenet,n04487394,n04487394/ILSVRC2012_val_00016735.JPEG
imagenet,n04487394,n04487394/ILSVRC2012_val_00017424.JPEG
imagenet,n04487394,n04487394/ILSVRC2012_val_00018346.JPEG
imagenet,n04487394,n04487394/ILSVRC2012_val_00018527.JPEG
imagenet,n04487394,n04487394/ILSVRC2012_val_00020259.JPEG
imagenet,n04487394,n04487394/ILSVRC2012_val_00020911.JPEG
imagenet,n04487394,n04487394/ILSVRC2012_val_00022331.JPEG
imagenet,n04487394,n04487394/ILSVRC2012_val_00025175.JPEG
imagenet,n04487394,n04487394/ILSVRC2012_val_00025357.JPEG
imagenet,n04487394,n04487394/ILSVRC2012_val_00026281.JPEG
imagenet,n04487394,n04487394/ILSVRC2012_val_00027297.JPEG
imagenet,n04487394,n04487394/ILSVRC2012_val_00027975.JPEG
imagenet,n04487394,n04487394/ILSVRC2012_val_00028418.JPEG
imagenet,n04487394,n04487394/ILSVRC2012_val_00028953.JPEG
imagenet,n04487394,n04487394/ILSVRC2012_val_00029268.JPEG
imagenet,n04487394,n04487394/ILSVRC2012_val_00029358.JPEG
imagenet,n04487394,n04487394/ILSVRC2012_val_00029366.JPEG
imagenet,n04487394,n04487394/ILSVRC2012_val_00029574.JPEG
imagenet,n04487394,n04487394/ILSVRC2012_val_00029969.JPEG
imagenet,n04487394,n04487394/ILSVRC2012_val_00030894.JPEG
imagenet,n04487394,n04487394/ILSVRC2012_val_00033048.JPEG
imagenet,n04487394,n04487394/ILSVRC2012_val_00033068.JPEG
imagenet,n04487394,n04487394/ILSVRC2012_val_00033205.JPEG
imagenet,n04487394,n04487394/ILSVRC2012_val_00034253.JPEG
imagenet,n04487394,n04487394/ILSVRC2012_val_00036346.JPEG
imagenet,n04487394,n04487394/ILSVRC2012_val_00037551.JPEG
imagenet,n04487394,n04487394/ILSVRC2012_val_00038802.JPEG
imagenet,n04487394,n04487394/ILSVRC2012_val_00041246.JPEG
imagenet,n04487394,n04487394/ILSVRC2012_val_00044033.JPEG
imagenet,n04487394,n04487394/ILSVRC2012_val_00044627.JPEG
imagenet,n04487394,n04487394/ILSVRC2012_val_00045716.JPEG
imagenet,n04487394,n04487394/ILSVRC2012_val_00048169.JPEG
imagenet,n04487394,n04487394/ILSVRC2012_val_00049208.JPEG
imagenet,n04522168,n04522168/ILSVRC2012_val_00000895.JPEG
imagenet,n04522168,n04522168/ILSVRC2012_val_00000973.JPEG
imagenet,n04522168,n04522168/ILSVRC2012_val_00002092.JPEG
imagenet,n04522168,n04522168/ILSVRC2012_val_00002873.JPEG
imagenet,n04522168,n04522168/ILSVRC2012_val_00003657.JPEG
imagenet,n04522168,n04522168/ILSVRC2012_val_00005485.JPEG
imagenet,n04522168,n04522168/ILSVRC2012_val_00006280.JPEG
imagenet,n04522168,n04522168/ILSVRC2012_val_00006712.JPEG
imagenet,n04522168,n04522168/ILSVRC2012_val_00007642.JPEG
imagenet,n04522168,n04522168/ILSVRC2012_val_00007772.JPEG
imagenet,n04522168,n04522168/ILSVRC2012_val_00010407.JPEG
imagenet,n04522168,n04522168/ILSVRC2012_val_00011020.JPEG
imagenet,n04522168,n04522168/ILSVRC2012_val_00011121.JPEG
imagenet,n04522168,n04522168/ILSVRC2012_val_00011908.JPEG
imagenet,n04522168,n04522168/ILSVRC2012_val_00012036.JPEG
imagenet,n04522168,n04522168/ILSVRC2012_val_00012147.JPEG
imagenet,n04522168,n04522168/ILSVRC2012_val_00013199.JPEG
imagenet,n04522168,n04522168/ILSVRC2012_val_00017607.JPEG
imagenet,n04522168,n04522168/ILSVRC2012_val_00018049.JPEG
imagenet,n04522168,n04522168/ILSVRC2012_val_00018077.JPEG
imagenet,n04522168,n04522168/ILSVRC2012_val_00018777.JPEG
imagenet,n04522168,n04522168/ILSVRC2012_val_00018977.JPEG
imagenet,n04522168,n04522168/ILSVRC2012_val_00028768.JPEG
imagenet,n04522168,n04522168/ILSVRC2012_val_00030856.JPEG
imagenet,n04522168,n04522168/ILSVRC2012_val_00031441.JPEG
imagenet,n04522168,n04522168/ILSVRC2012_val_00031592.JPEG
imagenet,n04522168,n04522168/ILSVRC2012_val_00031654.JPEG
imagenet,n04522168,n04522168/ILSVRC2012_val_00031872.JPEG
imagenet,n04522168,n04522168/ILSVRC2012_val_00032364.JPEG
imagenet,n04522168,n04522168/ILSVRC2012_val_00034163.JPEG
imagenet,n04522168,n04522168/ILSVRC2012_val_00034387.JPEG
imagenet,n04522168,n04522168/ILSVRC2012_val_00035219.JPEG
imagenet,n04522168,n04522168/ILSVRC2012_val_00035813.JPEG
imagenet,n04522168,n04522168/ILSVRC2012_val_00037121.JPEG
imagenet,n04522168,n04522168/ILSVRC2012_val_00037335.JPEG
imagenet,n04522168,n04522168/ILSVRC2012_val_00039280.JPEG
imagenet,n04522168,n04522168/ILSVRC2012_val_00039729.JPEG
imagenet,n04522168,n04522168/ILSVRC2012_val_00040024.JPEG
imagenet,n04522168,n04522168/ILSVRC2012_val_00041967.JPEG
imagenet,n04522168,n04522168/ILSVRC2012_val_00042916.JPEG
imagenet,n04522168,n04522168/ILSVRC2012_val_00042947.JPEG
imagenet,n04522168,n04522168/ILSVRC2012_val_00045714.JPEG
imagenet,n04522168,n04522168/ILSVRC2012_val_00046271.JPEG
imagenet,n04522168,n04522168/ILSVRC2012_val_00046900.JPEG
imagenet,n04522168,n04522168/ILSVRC2012_val_00047178.JPEG
imagenet,n04522168,n04522168/ILSVRC2012_val_00047639.JPEG
imagenet,n04522168,n04522168/ILSVRC2012_val_00047813.JPEG
imagenet,n04522168,n04522168/ILSVRC2012_val_00048073.JPEG
imagenet,n04522168,n04522168/ILSVRC2012_val_00048744.JPEG
imagenet,n04522168,n04522168/ILSVRC2012_val_00049753.JPEG
imagenet,n04536866,n04536866/ILSVRC2012_val_00000212.JPEG
imagenet,n04536866,n04536866/ILSVRC2012_val_00001118.JPEG
imagenet,n04536866,n04536866/ILSVRC2012_val_00001628.JPEG
imagenet,n04536866,n04536866/ILSVRC2012_val_00002201.JPEG
imagenet,n04536866,n04536866/ILSVRC2012_val_00002421.JPEG
imagenet,n04536866,n04536866/ILSVRC2012_val_00004695.JPEG
imagenet,n04536866,n04536866/ILSVRC2012_val_00005487.JPEG
imagenet,n04536866,n04536866/ILSVRC2012_val_00007249.JPEG
imagenet,n04536866,n04536866/ILSVRC2012_val_00007538.JPEG
imagenet,n04536866,n04536866/ILSVRC2012_val_00008158.JPEG
imagenet,n04536866,n04536866/ILSVRC2012_val_00008690.JPEG
imagenet,n04536866,n04536866/ILSVRC2012_val_00011089.JPEG
imagenet,n04536866,n04536866/ILSVRC2012_val_00011745.JPEG
imagenet,n04536866,n04536866/ILSVRC2012_val_00012680.JPEG
imagenet,n04536866,n04536866/ILSVRC2012_val_00012803.JPEG
imagenet,n04536866,n04536866/ILSVRC2012_val_00014859.JPEG
imagenet,n04536866,n04536866/ILSVRC2012_val_00015869.JPEG
imagenet,n04536866,n04536866/ILSVRC2012_val_00016034.JPEG
imagenet,n04536866,n04536866/ILSVRC2012_val_00016531.JPEG
imagenet,n04536866,n04536866/ILSVRC2012_val_00019563.JPEG
imagenet,n04536866,n04536866/ILSVRC2012_val_00021288.JPEG
imagenet,n04536866,n04536866/ILSVRC2012_val_00021943.JPEG
imagenet,n04536866,n04536866/ILSVRC2012_val_00021977.JPEG
imagenet,n04536866,n04536866/ILSVRC2012_val_00024173.JPEG
imagenet,n04536866,n04536866/ILSVRC2012_val_00024503.JPEG
imagenet,n04536866,n04536866/ILSVRC2012_val_00024510.JPEG
imagenet,n04536866,n04536866/ILSVRC2012_val_00025119.JPEG
imagenet,n04536866,n04536866/ILSVRC2012_val_00025372.JPEG
imagenet,n04536866,n04536866/ILSVRC2012_val_00025413.JPEG
imagenet,n04536866,n04536866/ILSVRC2012_val_00026957.JPEG
imagenet,n04536866,n04536866/ILSVRC2012_val_00027540.JPEG
imagenet,n04536866,n04536866/ILSVRC2012_val_00027587.JPEG
imagenet,n04536866,n04536866/ILSVRC2012_val_00027728.JPEG
imagenet,n04536866,n04536866/ILSVRC2012_val_00029662.JPEG
imagenet,n04536866,n04536866/ILSVRC2012_val_00031548.JPEG
imagenet,n04536866,n04536866/ILSVRC2012_val_00032060.JPEG
imagenet,n04536866,n04536866/ILSVRC2012_val_00034280.JPEG
imagenet,n04536866,n04536866/ILSVRC2012_val_00036501.JPEG
imagenet,n04536866,n04536866/ILSVRC2012_val_00036991.JPEG
imagenet,n04536866,n04536866/ILSVRC2012_val_00039680.JPEG
imagenet,n04536866,n04536866/ILSVRC2012_val_00040936.JPEG
imagenet,n04536866,n04536866/ILSVRC2012_val_00041774.JPEG
imagenet,n04536866,n04536866/ILSVRC2012_val_00044174.JPEG
imagenet,n04536866,n04536866/ILSVRC2012_val_00045057.JPEG
imagenet,n04536866,n04536866/ILSVRC2012_val_00046800.JPEG
imagenet,n04536866,n04536866/ILSVRC2012_val_00046990.JPEG
imagenet,n04536866,n04536866/ILSVRC2012_val_00047161.JPEG
imagenet,n04536866,n04536866/ILSVRC2012_val_00047659.JPEG
imagenet,n04536866,n04536866/ILSVRC2012_val_00047738.JPEG
imagenet,n04536866,n04536866/ILSVRC2012_val_00048341.JPEG
imagenet,n04552348,n04552348/ILSVRC2012_val_00000369.JPEG
imagenet,n04552348,n04552348/ILSVRC2012_val_00003293.JPEG
imagenet,n04552348,n04552348/ILSVRC2012_val_00004879.JPEG
imagenet,n04552348,n04552348/ILSVRC2012_val_00004998.JPEG
imagenet,n04552348,n04552348/ILSVRC2012_val_00005116.JPEG
imagenet,n04552348,n04552348/ILSVRC2012_val_00007004.JPEG
imagenet,n04552348,n04552348/ILSVRC2012_val_00007311.JPEG
imagenet,n04552348,n04552348/ILSVRC2012_val_00010014.JPEG
imagenet,n04552348,n04552348/ILSVRC2012_val_00011942.JPEG
imagenet,n04552348,n04552348/ILSVRC2012_val_00012932.JPEG
imagenet,n04552348,n04552348/ILSVRC2012_val_00015070.JPEG
imagenet,n04552348,n04552348/ILSVRC2012_val_00015306.JPEG
imagenet,n04552348,n04552348/ILSVRC2012_val_00016506.JPEG
imagenet,n04552348,n04552348/ILSVRC2012_val_00018147.JPEG
imagenet,n04552348,n04552348/ILSVRC2012_val_00018190.JPEG
imagenet,n04552348,n04552348/ILSVRC2012_val_00018638.JPEG
imagenet,n04552348,n04552348/ILSVRC2012_val_00019254.JPEG
imagenet,n04552348,n04552348/ILSVRC2012_val_00020759.JPEG
imagenet,n04552348,n04552348/ILSVRC2012_val_00021062.JPEG
imagenet,n04552348,n04552348/ILSVRC2012_val_00021358.JPEG
imagenet,n04552348,n04552348/ILSVRC2012_val_00022103.JPEG
imagenet,n04552348,n04552348/ILSVRC2012_val_00023087.JPEG
imagenet,n04552348,n04552348/ILSVRC2012_val_00023334.JPEG
imagenet,n04552348,n04552348/ILSVRC2012_val_00023593.JPEG
imagenet,n04552348,n04552348/ILSVRC2012_val_00023701.JPEG
imagenet,n04552348,n04552348/ILSVRC2012_val_00024613.JPEG
imagenet,n04552348,n04552348/ILSVRC2012_val_00024705.JPEG
imagenet,n04552348,n04552348/ILSVRC2012_val_00026553.JPEG
imagenet,n04552348,n04552348/ILSVRC2012_val_00027681.JPEG
imagenet,n04552348,n04552348/ILSVRC2012_val_00028193.JPEG
imagenet,n04552348,n04552348/ILSVRC2012_val_00028234.JPEG
imagenet,n04552348,n04552348/ILSVRC2012_val_00030069.JPEG
imagenet,n04552348,n04552348/ILSVRC2012_val_00030208.JPEG
imagenet,n04552348,n04552348/ILSVRC2012_val_00031559.JPEG
imagenet,n04552348,n04552348/ILSVRC2012_val_00032516.JPEG
imagenet,n04552348,n04552348/ILSVRC2012_val_00033671.JPEG
imagenet,n04552348,n04552348/ILSVRC2012_val_00034713.JPEG
imagenet,n04552348,n04552348/ILSVRC2012_val_00035119.JPEG
imagenet,n04552348,n04552348/ILSVRC2012_val_00037204.JPEG
imagenet,n04552348,n04552348/ILSVRC2012_val_00037822.JPEG
imagenet,n04552348,n04552348/ILSVRC2012_val_00038939.JPEG
imagenet,n04552348,n04552348/ILSVRC2012_val_00039785.JPEG
imagenet,n04552348,n04552348/ILSVRC2012_val_00044335.JPEG
imagenet,n04552348,n04552348/ILSVRC2012_val_00046026.JPEG
imagenet,n04552348,n04552348/ILSVRC2012_val_00046500.JPEG
imagenet,n04552348,n04552348/ILSVRC2012_val_00047529.JPEG
imagenet,n04552348,n04552348/ILSVRC2012_val_00047539.JPEG
imagenet,n04552348,n04552348/ILSVRC2012_val_00047723.JPEG
imagenet,n04552348,n04552348/ILSVRC2012_val_00047865.JPEG
imagenet,n04552348,n04552348/ILSVRC2012_val_00047921.JPEG
imagenet,n04591713,n04591713/ILSVRC2012_val_00000805.JPEG
imagenet,n04591713,n04591713/ILSVRC2012_val_00001589.JPEG
imagenet,n04591713,n04591713/ILSVRC2012_val_00002086.JPEG
imagenet,n04591713,n04591713/ILSVRC2012_val_00003201.JPEG
imagenet,n04591713,n04591713/ILSVRC2012_val_00005191.JPEG
imagenet,n04591713,n04591713/ILSVRC2012_val_00005388.JPEG
imagenet,n04591713,n04591713/ILSVRC2012_val_00006632.JPEG
imagenet,n04591713,n04591713/ILSVRC2012_val_00006808.JPEG
imagenet,n04591713,n04591713/ILSVRC2012_val_00006865.JPEG
imagenet,n04591713,n04591713/ILSVRC2012_val_00007320.JPEG
imagenet,n04591713,n04591713/ILSVRC2012_val_00010827.JPEG
imagenet,n04591713,n04591713/ILSVRC2012_val_00012594.JPEG
imagenet,n04591713,n04591713/ILSVRC2012_val_00013247.JPEG
imagenet,n04591713,n04591713/ILSVRC2012_val_00016360.JPEG
imagenet,n04591713,n04591713/ILSVRC2012_val_00016679.JPEG
imagenet,n04591713,n04591713/ILSVRC2012_val_00017177.JPEG
imagenet,n04591713,n04591713/ILSVRC2012_val_00019154.JPEG
imagenet,n04591713,n04591713/ILSVRC2012_val_00019274.JPEG
imagenet,n04591713,n04591713/ILSVRC2012_val_00021988.JPEG
imagenet,n04591713,n04591713/ILSVRC2012_val_00022049.JPEG
imagenet,n04591713,n04591713/ILSVRC2012_val_00024147.JPEG
imagenet,n04591713,n04591713/ILSVRC2012_val_00025193.JPEG
imagenet,n04591713,n04591713/ILSVRC2012_val_00026293.JPEG
imagenet,n04591713,n04591713/ILSVRC2012_val_00026709.JPEG
imagenet,n04591713,n04591713/ILSVRC2012_val_00027316.JPEG
imagenet,n04591713,n04591713/ILSVRC2012_val_00027648.JPEG
imagenet,n04591713,n04591713/ILSVRC2012_val_00028267.JPEG
imagenet,n04591713,n04591713/ILSVRC2012_val_00031837.JPEG
imagenet,n04591713,n04591713/ILSVRC2012_val_00032225.JPEG
imagenet,n04591713,n04591713/ILSVRC2012_val_00033940.JPEG
imagenet,n04591713,n04591713/ILSVRC2012_val_00033990.JPEG
imagenet,n04591713,n04591713/ILSVRC2012_val_00034842.JPEG
imagenet,n04591713,n04591713/ILSVRC2012_val_00035740.JPEG
imagenet,n04591713,n04591713/ILSVRC2012_val_00036776.JPEG
imagenet,n04591713,n04591713/ILSVRC2012_val_00037871.JPEG
imagenet,n04591713,n04591713/ILSVRC2012_val_00039657.JPEG
imagenet,n04591713,n04591713/ILSVRC2012_val_00039811.JPEG
imagenet,n04591713,n04591713/ILSVRC2012_val_00040198.JPEG
imagenet,n04591713,n04591713/ILSVRC2012_val_00040395.JPEG
imagenet,n04591713,n04591713/ILSVRC2012_val_00042526.JPEG
imagenet,n04591713,n04591713/ILSVRC2012_val_00042920.JPEG
imagenet,n04591713,n04591713/ILSVRC2012_val_00043192.JPEG
imagenet,n04591713,n04591713/ILSVRC2012_val_00043385.JPEG
imagenet,n04591713,n04591713/ILSVRC2012_val_00043394.JPEG
imagenet,n04591713,n04591713/ILSVRC2012_val_00044614.JPEG
imagenet,n04591713,n04591713/ILSVRC2012_val_00046607.JPEG
imagenet,n04591713,n04591713/ILSVRC2012_val_00048539.JPEG
imagenet,n04591713,n04591713/ILSVRC2012_val_00048602.JPEG
imagenet,n04591713,n04591713/ILSVRC2012_val_00049232.JPEG
imagenet,n04591713,n04591713/ILSVRC2012_val_00049393.JPEG
imagenet,n07614500,n07614500/ILSVRC2012_val_00000574.JPEG
imagenet,n07614500,n07614500/ILSVRC2012_val_00001233.JPEG
imagenet,n07614500,n07614500/ILSVRC2012_val_00001415.JPEG
imagenet,n07614500,n07614500/ILSVRC2012_val_00003592.JPEG
imagenet,n07614500,n07614500/ILSVRC2012_val_00004289.JPEG
imagenet,n07614500,n07614500/ILSVRC2012_val_00004495.JPEG
imagenet,n07614500,n07614500/ILSVRC2012_val_00004529.JPEG
imagenet,n07614500,n07614500/ILSVRC2012_val_00006126.JPEG
imagenet,n07614500,n07614500/ILSVRC2012_val_00006749.JPEG
imagenet,n07614500,n07614500/ILSVRC2012_val_00006914.JPEG
imagenet,n07614500,n07614500/ILSVRC2012_val_00008264.JPEG
imagenet,n07614500,n07614500/ILSVRC2012_val_00008598.JPEG
imagenet,n07614500,n07614500/ILSVRC2012_val_00009969.JPEG
imagenet,n07614500,n07614500/ILSVRC2012_val_00012292.JPEG
imagenet,n07614500,n07614500/ILSVRC2012_val_00014137.JPEG
imagenet,n07614500,n07614500/ILSVRC2012_val_00014743.JPEG
imagenet,n07614500,n07614500/ILSVRC2012_val_00015354.JPEG
imagenet,n07614500,n07614500/ILSVRC2012_val_00017575.JPEG
imagenet,n07614500,n07614500/ILSVRC2012_val_00017695.JPEG
imagenet,n07614500,n07614500/ILSVRC2012_val_00018086.JPEG
imagenet,n07614500,n07614500/ILSVRC2012_val_00020294.JPEG
imagenet,n07614500,n07614500/ILSVRC2012_val_00022417.JPEG
imagenet,n07614500,n07614500/ILSVRC2012_val_00024640.JPEG
imagenet,n07614500,n07614500/ILSVRC2012_val_00025209.JPEG
imagenet,n07614500,n07614500/ILSVRC2012_val_00027105.JPEG
imagenet,n07614500,n07614500/ILSVRC2012_val_00028064.JPEG
imagenet,n07614500,n07614500/ILSVRC2012_val_00029547.JPEG
imagenet,n07614500,n07614500/ILSVRC2012_val_00030615.JPEG
imagenet,n07614500,n07614500/ILSVRC2012_val_00030846.JPEG
imagenet,n07614500,n07614500/ILSVRC2012_val_00031158.JPEG
imagenet,n07614500,n07614500/ILSVRC2012_val_00031184.JPEG
imagenet,n07614500,n07614500/ILSVRC2012_val_00034087.JPEG
imagenet,n07614500,n07614500/ILSVRC2012_val_00034189.JPEG
imagenet,n07614500,n07614500/ILSVRC2012_val_00035076.JPEG
imagenet,n07614500,n07614500/ILSVRC2012_val_00037496.JPEG
imagenet,n07614500,n07614500/ILSVRC2012_val_00038691.JPEG
imagenet,n07614500,n07614500/ILSVRC2012_val_00038820.JPEG
imagenet,n07614500,n07614500/ILSVRC2012_val_00038852.JPEG
imagenet,n07614500,n07614500/ILSVRC2012_val_00039323.JPEG
imagenet,n07614500,n07614500/ILSVRC2012_val_00039379.JPEG
imagenet,n07614500,n07614500/ILSVRC2012_val_00040067.JPEG
imagenet,n07614500,n07614500/ILSVRC2012_val_00041321.JPEG
imagenet,n07614500,n07614500/ILSVRC2012_val_00042011.JPEG
imagenet,n07614500,n07614500/ILSVRC2012_val_00042649.JPEG
imagenet,n07614500,n07614500/ILSVRC2012_val_00044555.JPEG
imagenet,n07614500,n07614500/ILSVRC2012_val_00046528.JPEG
imagenet,n07614500,n07614500/ILSVRC2012_val_00046813.JPEG
imagenet,n07614500,n07614500/ILSVRC2012_val_00047647.JPEG
imagenet,n07614500,n07614500/ILSVRC2012_val_00049702.JPEG
imagenet,n07614500,n07614500/ILSVRC2012_val_00049832.JPEG
imagenet,n07693725,n07693725/ILSVRC2012_val_00001405.JPEG
imagenet,n07693725,n07693725/ILSVRC2012_val_00002744.JPEG
imagenet,n07693725,n07693725/ILSVRC2012_val_00004675.JPEG
imagenet,n07693725,n07693725/ILSVRC2012_val_00005619.JPEG
imagenet,n07693725,n07693725/ILSVRC2012_val_00006308.JPEG
imagenet,n07693725,n07693725/ILSVRC2012_val_00007322.JPEG
imagenet,n07693725,n07693725/ILSVRC2012_val_00009341.JPEG
imagenet,n07693725,n07693725/ILSVRC2012_val_00009646.JPEG
imagenet,n07693725,n07693725/ILSVRC2012_val_00011885.JPEG
imagenet,n07693725,n07693725/ILSVRC2012_val_00012537.JPEG
imagenet,n07693725,n07693725/ILSVRC2012_val_00012705.JPEG
imagenet,n07693725,n07693725/ILSVRC2012_val_00013335.JPEG
imagenet,n07693725,n07693725/ILSVRC2012_val_00017354.JPEG
imagenet,n07693725,n07693725/ILSVRC2012_val_00018060.JPEG
imagenet,n07693725,n07693725/ILSVRC2012_val_00018883.JPEG
imagenet,n07693725,n07693725/ILSVRC2012_val_00018914.JPEG
imagenet,n07693725,n07693725/ILSVRC2012_val_00019949.JPEG
imagenet,n07693725,n07693725/ILSVRC2012_val_00019958.JPEG
imagenet,n07693725,n07693725/ILSVRC2012_val_00020615.JPEG
imagenet,n07693725,n07693725/ILSVRC2012_val_00020828.JPEG
imagenet,n07693725,n07693725/ILSVRC2012_val_00021276.JPEG
imagenet,n07693725,n07693725/ILSVRC2012_val_00022802.JPEG
imagenet,n07693725,n07693725/ILSVRC2012_val_00024953.JPEG
imagenet,n07693725,n07693725/ILSVRC2012_val_00026951.JPEG
imagenet,n07693725,n07693725/ILSVRC2012_val_00027560.JPEG
imagenet,n07693725,n07693725/ILSVRC2012_val_00028288.JPEG
imagenet,n07693725,n07693725/ILSVRC2012_val_00028873.JPEG
imagenet,n07693725,n07693725/ILSVRC2012_val_00028893.JPEG
imagenet,n07693725,n07693725/ILSVRC2012_val_00032119.JPEG
imagenet,n07693725,n07693725/ILSVRC2012_val_00033590.JPEG
imagenet,n07693725,n07693725/ILSVRC2012_val_00033678.JPEG
imagenet,n07693725,n07693725/ILSVRC2012_val_00033939.JPEG
imagenet,n07693725,n07693725/ILSVRC2012_val_00035111.JPEG
imagenet,n07693725,n07693725/ILSVRC2012_val_00035201.JPEG
imagenet,n07693725,n07693725/ILSVRC2012_val_00037065.JPEG
imagenet,n07693725,n07693725/ILSVRC2012_val_00039718.JPEG
imagenet,n07693725,n07693725/ILSVRC2012_val_00040367.JPEG
imagenet,n07693725,n07693725/ILSVRC2012_val_00040941.JPEG
imagenet,n07693725,n07693725/ILSVRC2012_val_00043248.JPEG
imagenet,n07693725,n07693725/ILSVRC2012_val_00043485.JPEG
imagenet,n07693725,n07693725/ILSVRC2012_val_00043931.JPEG
imagenet,n07693725,n07693725/ILSVRC2012_val_00044026.JPEG
imagenet,n07693725,n07693725/ILSVRC2012_val_00044186.JPEG
imagenet,n07693725,n07693725/ILSVRC2012_val_00044299.JPEG
imagenet,n07693725,n07693725/ILSVRC2012_val_00044905.JPEG
imagenet,n07693725,n07693725/ILSVRC2012_val_00045277.JPEG
imagenet,n07693725,n07693725/ILSVRC2012_val_00045523.JPEG
imagenet,n07693725,n07693725/ILSVRC2012_val_00045573.JPEG
imagenet,n07693725,n07693725/ILSVRC2012_val_00047003.JPEG
imagenet,n07693725,n07693725/ILSVRC2012_val_00049796.JPEG
imagenet,n07695742,n07695742/ILSVRC2012_val_00000891.JPEG
imagenet,n07695742,n07695742/ILSVRC2012_val_00001967.JPEG
imagenet,n07695742,n07695742/ILSVRC2012_val_00002054.JPEG
imagenet,n07695742,n07695742/ILSVRC2012_val_00002252.JPEG
imagenet,n07695742,n07695742/ILSVRC2012_val_00003416.JPEG
imagenet,n07695742,n07695742/ILSVRC2012_val_00004195.JPEG
imagenet,n07695742,n07695742/ILSVRC2012_val_00004759.JPEG
imagenet,n07695742,n07695742/ILSVRC2012_val_00004887.JPEG
imagenet,n07695742,n07695742/ILSVRC2012_val_00006197.JPEG
imagenet,n07695742,n07695742/ILSVRC2012_val_00007024.JPEG
imagenet,n07695742,n07695742/ILSVRC2012_val_00007087.JPEG
imagenet,n07695742,n07695742/ILSVRC2012_val_00007192.JPEG
imagenet,n07695742,n07695742/ILSVRC2012_val_00007742.JPEG
imagenet,n07695742,n07695742/ILSVRC2012_val_00008100.JPEG
imagenet,n07695742,n07695742/ILSVRC2012_val_00011464.JPEG
imagenet,n07695742,n07695742/ILSVRC2012_val_00012064.JPEG
imagenet,n07695742,n07695742/ILSVRC2012_val_00013493.JPEG
imagenet,n07695742,n07695742/ILSVRC2012_val_00013979.JPEG
imagenet,n07695742,n07695742/ILSVRC2012_val_00013996.JPEG
imagenet,n07695742,n07695742/ILSVRC2012_val_00014104.JPEG
imagenet,n07695742,n07695742/ILSVRC2012_val_00014687.JPEG
imagenet,n07695742,n07695742/ILSVRC2012_val_00014958.JPEG
imagenet,n07695742,n07695742/ILSVRC2012_val_00017047.JPEG
imagenet,n07695742,n07695742/ILSVRC2012_val_00017241.JPEG
imagenet,n07695742,n07695742/ILSVRC2012_val_00018194.JPEG
imagenet,n07695742,n07695742/ILSVRC2012_val_00018217.JPEG
imagenet,n07695742,n07695742/ILSVRC2012_val_00018426.JPEG
imagenet,n07695742,n07695742/ILSVRC2012_val_00019608.JPEG
imagenet,n07695742,n07695742/ILSVRC2012_val_00019823.JPEG
imagenet,n07695742,n07695742/ILSVRC2012_val_00019850.JPEG
imagenet,n07695742,n07695742/ILSVRC2012_val_00020592.JPEG
imagenet,n07695742,n07695742/ILSVRC2012_val_00023752.JPEG
imagenet,n07695742,n07695742/ILSVRC2012_val_00024183.JPEG
imagenet,n07695742,n07695742/ILSVRC2012_val_00024522.JPEG
imagenet,n07695742,n07695742/ILSVRC2012_val_00025057.JPEG
imagenet,n07695742,n07695742/ILSVRC2012_val_00025390.JPEG
imagenet,n07695742,n07695742/ILSVRC2012_val_00025414.JPEG
imagenet,n07695742,n07695742/ILSVRC2012_val_00026653.JPEG
imagenet,n07695742,n07695742/ILSVRC2012_val_00027272.JPEG
imagenet,n07695742,n07695742/ILSVRC2012_val_00028624.JPEG
imagenet,n07695742,n07695742/ILSVRC2012_val_00028699.JPEG
imagenet,n07695742,n07695742/ILSVRC2012_val_00029962.JPEG
imagenet,n07695742,n07695742/ILSVRC2012_val_00033249.JPEG
imagenet,n07695742,n07695742/ILSVRC2012_val_00033327.JPEG
imagenet,n07695742,n07695742/ILSVRC2012_val_00033408.JPEG
imagenet,n07695742,n07695742/ILSVRC2012_val_00035304.JPEG
imagenet,n07695742,n07695742/ILSVRC2012_val_00038510.JPEG
imagenet,n07695742,n07695742/ILSVRC2012_val_00038744.JPEG
imagenet,n07695742,n07695742/ILSVRC2012_val_00044647.JPEG
imagenet,n07695742,n07695742/ILSVRC2012_val_00045165.JPEG
imagenet,n07697313,n07697313/ILSVRC2012_val_00002226.JPEG
imagenet,n07697313,n07697313/ILSVRC2012_val_00002753.JPEG
imagenet,n07697313,n07697313/ILSVRC2012_val_00004041.JPEG
imagenet,n07697313,n07697313/ILSVRC2012_val_00004321.JPEG
imagenet,n07697313,n07697313/ILSVRC2012_val_00006210.JPEG
imagenet,n07697313,n07697313/ILSVRC2012_val_00008200.JPEG
imagenet,n07697313,n07697313/ILSVRC2012_val_00008216.JPEG
imagenet,n07697313,n07697313/ILSVRC2012_val_00008444.JPEG
imagenet,n07697313,n07697313/ILSVRC2012_val_00010104.JPEG
imagenet,n07697313,n07697313/ILSVRC2012_val_00012454.JPEG
imagenet,n07697313,n07697313/ILSVRC2012_val_00012562.JPEG
imagenet,n07697313,n07697313/ILSVRC2012_val_00014093.JPEG
imagenet,n07697313,n07697313/ILSVRC2012_val_00016999.JPEG
imagenet,n07697313,n07697313/ILSVRC2012_val_00017071.JPEG
imagenet,n07697313,n07697313/ILSVRC2012_val_00017895.JPEG
imagenet,n07697313,n07697313/ILSVRC2012_val_00018040.JPEG
imagenet,n07697313,n07697313/ILSVRC2012_val_00018555.JPEG
imagenet,n07697313,n07697313/ILSVRC2012_val_00020338.JPEG
imagenet,n07697313,n07697313/ILSVRC2012_val_00021498.JPEG
imagenet,n07697313,n07697313/ILSVRC2012_val_00024158.JPEG
imagenet,n07697313,n07697313/ILSVRC2012_val_00026756.JPEG
imagenet,n07697313,n07697313/ILSVRC2012_val_00027479.JPEG
imagenet,n07697313,n07697313/ILSVRC2012_val_00027645.JPEG
imagenet,n07697313,n07697313/ILSVRC2012_val_00030799.JPEG
imagenet,n07697313,n07697313/ILSVRC2012_val_00031984.JPEG
imagenet,n07697313,n07697313/ILSVRC2012_val_00032631.JPEG
imagenet,n07697313,n07697313/ILSVRC2012_val_00032811.JPEG
imagenet,n07697313,n07697313/ILSVRC2012_val_00035256.JPEG
imagenet,n07697313,n07697313/ILSVRC2012_val_00035744.JPEG
imagenet,n07697313,n07697313/ILSVRC2012_val_00035993.JPEG
imagenet,n07697313,n07697313/ILSVRC2012_val_00037389.JPEG
imagenet,n07697313,n07697313/ILSVRC2012_val_00038724.JPEG
imagenet,n07697313,n07697313/ILSVRC2012_val_00038898.JPEG
imagenet,n07697313,n07697313/ILSVRC2012_val_00039226.JPEG
imagenet,n07697313,n07697313/ILSVRC2012_val_00039983.JPEG
imagenet,n07697313,n07697313/ILSVRC2012_val_00040186.JPEG
imagenet,n07697313,n07697313/ILSVRC2012_val_00040256.JPEG
imagenet,n07697313,n07697313/ILSVRC2012_val_00040728.JPEG
imagenet,n07697313,n07697313/ILSVRC2012_val_00043140.JPEG
imagenet,n07697313,n07697313/ILSVRC2012_val_00044254.JPEG
imagenet,n07697313,n07697313/ILSVRC2012_val_00044620.JPEG
imagenet,n07697313,n07697313/ILSVRC2012_val_00046111.JPEG
imagenet,n07697313,n07697313/ILSVRC2012_val_00046792.JPEG
imagenet,n07697313,n07697313/ILSVRC2012_val_00047577.JPEG
imagenet,n07697313,n07697313/ILSVRC2012_val_00047793.JPEG
imagenet,n07697313,n07697313/ILSVRC2012_val_00048365.JPEG
imagenet,n07697313,n07697313/ILSVRC2012_val_00048841.JPEG
imagenet,n07697313,n07697313/ILSVRC2012_val_00049095.JPEG
imagenet,n07697313,n07697313/ILSVRC2012_val_00049457.JPEG
imagenet,n07697313,n07697313/ILSVRC2012_val_00049472.JPEG
imagenet,n07697537,n07697537/ILSVRC2012_val_00000129.JPEG
imagenet,n07697537,n07697537/ILSVRC2012_val_00000197.JPEG
imagenet,n07697537,n07697537/ILSVRC2012_val_00000309.JPEG
imagenet,n07697537,n07697537/ILSVRC2012_val_00000811.JPEG
imagenet,n07697537,n07697537/ILSVRC2012_val_00003908.JPEG
imagenet,n07697537,n07697537/ILSVRC2012_val_00003930.JPEG
imagenet,n07697537,n07697537/ILSVRC2012_val_00005710.JPEG
imagenet,n07697537,n07697537/ILSVRC2012_val_00006368.JPEG
imagenet,n07697537,n07697537/ILSVRC2012_val_00010271.JPEG
imagenet,n07697537,n07697537/ILSVRC2012_val_00010910.JPEG
imagenet,n07697537,n07697537/ILSVRC2012_val_00013208.JPEG
imagenet,n07697537,n07697537/ILSVRC2012_val_00014874.JPEG
imagenet,n07697537,n07697537/ILSVRC2012_val_00015811.JPEG
imagenet,n07697537,n07697537/ILSVRC2012_val_00016179.JPEG
imagenet,n07697537,n07697537/ILSVRC2012_val_00023336.JPEG
imagenet,n07697537,n07697537/ILSVRC2012_val_00023660.JPEG
imagenet,n07697537,n07697537/ILSVRC2012_val_00023883.JPEG
imagenet,n07697537,n07697537/ILSVRC2012_val_00024032.JPEG
imagenet,n07697537,n07697537/ILSVRC2012_val_00024917.JPEG
imagenet,n07697537,n07697537/ILSVRC2012_val_00025340.JPEG
imagenet,n07697537,n07697537/ILSVRC2012_val_00025922.JPEG
imagenet,n07697537,n07697537/ILSVRC2012_val_00026101.JPEG
imagenet,n07697537,n07697537/ILSVRC2012_val_00028722.JPEG
imagenet,n07697537,n07697537/ILSVRC2012_val_00029037.JPEG
imagenet,n07697537,n07697537/ILSVRC2012_val_00029990.JPEG
imagenet,n07697537,n07697537/ILSVRC2012_val_00030111.JPEG
imagenet,n07697537,n07697537/ILSVRC2012_val_00030973.JPEG
imagenet,n07697537,n07697537/ILSVRC2012_val_00032384.JPEG
imagenet,n07697537,n07697537/ILSVRC2012_val_00032446.JPEG
imagenet,n07697537,n07697537/ILSVRC2012_val_00032679.JPEG
imagenet,n07697537,n07697537/ILSVRC2012_val_00033675.JPEG
imagenet,n07697537,n07697537/ILSVRC2012_val_00034147.JPEG
imagenet,n07697537,n07697537/ILSVRC2012_val_00034152.JPEG
imagenet,n07697537,n07697537/ILSVRC2012_val_00034161.JPEG
imagenet,n07697537,n07697537/ILSVRC2012_val_00034311.JPEG
imagenet,n07697537,n07697537/ILSVRC2012_val_00036551.JPEG
imagenet,n07697537,n07697537/ILSVRC2012_val_00038387.JPEG
imagenet,n07697537,n07697537/ILSVRC2012_val_00040060.JPEG
imagenet,n07697537,n07697537/ILSVRC2012_val_00040195.JPEG
imagenet,n07697537,n07697537/ILSVRC2012_val_00040959.JPEG
imagenet,n07697537,n07697537/ILSVRC2012_val_00042412.JPEG
imagenet,n07697537,n07697537/ILSVRC2012_val_00042704.JPEG
imagenet,n07697537,n07697537/ILSVRC2012_val_00043773.JPEG
imagenet,n07697537,n07697537/ILSVRC2012_val_00044831.JPEG
imagenet,n07697537,n07697537/ILSVRC2012_val_00046213.JPEG
imagenet,n07697537,n07697537/ILSVRC2012_val_00048937.JPEG
imagenet,n07697537,n07697537/ILSVRC2012_val_00048983.JPEG
imagenet,n07697537,n07697537/ILSVRC2012_val_00049110.JPEG
imagenet,n07697537,n07697537/ILSVRC2012_val_00049219.JPEG
imagenet,n07697537,n07697537/ILSVRC2012_val_00049530.JPEG
imagenet,n07714571,n07714571/ILSVRC2012_val_00001826.JPEG
imagenet,n07714571,n07714571/ILSVRC2012_val_00002925.JPEG
imagenet,n07714571,n07714571/ILSVRC2012_val_00002983.JPEG
imagenet,n07714571,n07714571/ILSVRC2012_val_00002993.JPEG
imagenet,n07714571,n07714571/ILSVRC2012_val_00003020.JPEG
imagenet,n07714571,n07714571/ILSVRC2012_val_00004443.JPEG
imagenet,n07714571,n07714571/ILSVRC2012_val_00004936.JPEG
imagenet,n07714571,n07714571/ILSVRC2012_val_00005214.JPEG
imagenet,n07714571,n07714571/ILSVRC2012_val_00005749.JPEG
imagenet,n07714571,n07714571/ILSVRC2012_val_00007647.JPEG
imagenet,n07714571,n07714571/ILSVRC2012_val_00007752.JPEG
imagenet,n07714571,n07714571/ILSVRC2012_val_00010154.JPEG
imagenet,n07714571,n07714571/ILSVRC2012_val_00011241.JPEG
imagenet,n07714571,n07714571/ILSVRC2012_val_00014348.JPEG
imagenet,n07714571,n07714571/ILSVRC2012_val_00014750.JPEG
imagenet,n07714571,n07714571/ILSVRC2012_val_00014761.JPEG
imagenet,n07714571,n07714571/ILSVRC2012_val_00015246.JPEG
imagenet,n07714571,n07714571/ILSVRC2012_val_00015437.JPEG
imagenet,n07714571,n07714571/ILSVRC2012_val_00015805.JPEG
imagenet,n07714571,n07714571/ILSVRC2012_val_00016627.JPEG
imagenet,n07714571,n07714571/ILSVRC2012_val_00017211.JPEG
imagenet,n07714571,n07714571/ILSVRC2012_val_00019287.JPEG
imagenet,n07714571,n07714571/ILSVRC2012_val_00021265.JPEG
imagenet,n07714571,n07714571/ILSVRC2012_val_00024224.JPEG
imagenet,n07714571,n07714571/ILSVRC2012_val_00025211.JPEG
imagenet,n07714571,n07714571/ILSVRC2012_val_00026463.JPEG
imagenet,n07714571,n07714571/ILSVRC2012_val_00026819.JPEG
imagenet,n07714571,n07714571/ILSVRC2012_val_00027632.JPEG
imagenet,n07714571,n07714571/ILSVRC2012_val_00028051.JPEG
imagenet,n07714571,n07714571/ILSVRC2012_val_00028079.JPEG
imagenet,n07714571,n07714571/ILSVRC2012_val_00029098.JPEG
imagenet,n07714571,n07714571/ILSVRC2012_val_00029321.JPEG
imagenet,n07714571,n07714571/ILSVRC2012_val_00029598.JPEG
imagenet,n07714571,n07714571/ILSVRC2012_val_00031177.JPEG
imagenet,n07714571,n07714571/ILSVRC2012_val_00031722.JPEG
imagenet,n07714571,n07714571/ILSVRC2012_val_00033354.JPEG
imagenet,n07714571,n07714571/ILSVRC2012_val_00034877.JPEG
imagenet,n07714571,n07714571/ILSVRC2012_val_00035929.JPEG
imagenet,n07714571,n07714571/ILSVRC2012_val_00037102.JPEG
imagenet,n07714571,n07714571/ILSVRC2012_val_00037934.JPEG
imagenet,n07714571,n07714571/ILSVRC2012_val_00038733.JPEG
imagenet,n07714571,n07714571/ILSVRC2012_val_00039050.JPEG
imagenet,n07714571,n07714571/ILSVRC2012_val_00039258.JPEG
imagenet,n07714571,n07714571/ILSVRC2012_val_00040469.JPEG
imagenet,n07714571,n07714571/ILSVRC2012_val_00040475.JPEG
imagenet,n07714571,n07714571/ILSVRC2012_val_00041102.JPEG
imagenet,n07714571,n07714571/ILSVRC2012_val_00043273.JPEG
imagenet,n07714571,n07714571/ILSVRC2012_val_00043778.JPEG
imagenet,n07714571,n07714571/ILSVRC2012_val_00045744.JPEG
imagenet,n07714571,n07714571/ILSVRC2012_val_00046631.JPEG
imagenet,n07714990,n07714990/ILSVRC2012_val_00000155.JPEG
imagenet,n07714990,n07714990/ILSVRC2012_val_00000165.JPEG
imagenet,n07714990,n07714990/ILSVRC2012_val_00003600.JPEG
imagenet,n07714990,n07714990/ILSVRC2012_val_00004207.JPEG
imagenet,n07714990,n07714990/ILSVRC2012_val_00004241.JPEG
imagenet,n07714990,n07714990/ILSVRC2012_val_00004819.JPEG
imagenet,n07714990,n07714990/ILSVRC2012_val_00005143.JPEG
imagenet,n07714990,n07714990/ILSVRC2012_val_00006939.JPEG
imagenet,n07714990,n07714990/ILSVRC2012_val_00008416.JPEG
imagenet,n07714990,n07714990/ILSVRC2012_val_00008642.JPEG
imagenet,n07714990,n07714990/ILSVRC2012_val_00009259.JPEG
imagenet,n07714990,n07714990/ILSVRC2012_val_00010470.JPEG
imagenet,n07714990,n07714990/ILSVRC2012_val_00013519.JPEG
imagenet,n07714990,n07714990/ILSVRC2012_val_00014546.JPEG
imagenet,n07714990,n07714990/ILSVRC2012_val_00015318.JPEG
imagenet,n07714990,n07714990/ILSVRC2012_val_00016725.JPEG
imagenet,n07714990,n07714990/ILSVRC2012_val_00017289.JPEG
imagenet,n07714990,n07714990/ILSVRC2012_val_00017318.JPEG
imagenet,n07714990,n07714990/ILSVRC2012_val_00018650.JPEG
imagenet,n07714990,n07714990/ILSVRC2012_val_00019851.JPEG
imagenet,n07714990,n07714990/ILSVRC2012_val_00020545.JPEG
imagenet,n07714990,n07714990/ILSVRC2012_val_00023008.JPEG
imagenet,n07714990,n07714990/ILSVRC2012_val_00024367.JPEG
imagenet,n07714990,n07714990/ILSVRC2012_val_00025693.JPEG
imagenet,n07714990,n07714990/ILSVRC2012_val_00026774.JPEG
imagenet,n07714990,n07714990/ILSVRC2012_val_00027503.JPEG
imagenet,n07714990,n07714990/ILSVRC2012_val_00027637.JPEG
imagenet,n07714990,n07714990/ILSVRC2012_val_00027971.JPEG
imagenet,n07714990,n07714990/ILSVRC2012_val_00028003.JPEG
imagenet,n07714990,n07714990/ILSVRC2012_val_00028304.JPEG
imagenet,n07714990,n07714990/ILSVRC2012_val_00028740.JPEG
imagenet,n07714990,n07714990/ILSVRC2012_val_00029722.JPEG
imagenet,n07714990,n07714990/ILSVRC2012_val_00030197.JPEG
imagenet,n07714990,n07714990/ILSVRC2012_val_00033384.JPEG
imagenet,n07714990,n07714990/ILSVRC2012_val_00033534.JPEG
imagenet,n07714990,n07714990/ILSVRC2012_val_00035639.JPEG
imagenet,n07714990,n07714990/ILSVRC2012_val_00035742.JPEG
imagenet,n07714990,n07714990/ILSVRC2012_val_00037690.JPEG
imagenet,n07714990,n07714990/ILSVRC2012_val_00038204.JPEG
imagenet,n07714990,n07714990/ILSVRC2012_val_00038267.JPEG
imagenet,n07714990,n07714990/ILSVRC2012_val_00038338.JPEG
imagenet,n07714990,n07714990/ILSVRC2012_val_00038518.JPEG
imagenet,n07714990,n07714990/ILSVRC2012_val_00040146.JPEG
imagenet,n07714990,n07714990/ILSVRC2012_val_00040922.JPEG
imagenet,n07714990,n07714990/ILSVRC2012_val_00042227.JPEG
imagenet,n07714990,n07714990/ILSVRC2012_val_00043347.JPEG
imagenet,n07714990,n07714990/ILSVRC2012_val_00047538.JPEG
imagenet,n07714990,n07714990/ILSVRC2012_val_00048012.JPEG
imagenet,n07714990,n07714990/ILSVRC2012_val_00048630.JPEG
imagenet,n07714990,n07714990/ILSVRC2012_val_00048833.JPEG
imagenet,n07718472,n07718472/ILSVRC2012_val_00000463.JPEG
imagenet,n07718472,n07718472/ILSVRC2012_val_00001392.JPEG
imagenet,n07718472,n07718472/ILSVRC2012_val_00001615.JPEG
imagenet,n07718472,n07718472/ILSVRC2012_val_00001920.JPEG
imagenet,n07718472,n07718472/ILSVRC2012_val_00005593.JPEG
imagenet,n07718472,n07718472/ILSVRC2012_val_00007110.JPEG
imagenet,n07718472,n07718472/ILSVRC2012_val_00007748.JPEG
imagenet,n07718472,n07718472/ILSVRC2012_val_00010054.JPEG
imagenet,n07718472,n07718472/ILSVRC2012_val_00010188.JPEG
imagenet,n07718472,n07718472/ILSVRC2012_val_00010447.JPEG
imagenet,n07718472,n07718472/ILSVRC2012_val_00013973.JPEG
imagenet,n07718472,n07718472/ILSVRC2012_val_00015777.JPEG
imagenet,n07718472,n07718472/ILSVRC2012_val_00015993.JPEG
imagenet,n07718472,n07718472/ILSVRC2012_val_00016813.JPEG
imagenet,n07718472,n07718472/ILSVRC2012_val_00017427.JPEG
imagenet,n07718472,n07718472/ILSVRC2012_val_00017489.JPEG
imagenet,n07718472,n07718472/ILSVRC2012_val_00018495.JPEG
imagenet,n07718472,n07718472/ILSVRC2012_val_00019290.JPEG
imagenet,n07718472,n07718472/ILSVRC2012_val_00022886.JPEG
imagenet,n07718472,n07718472/ILSVRC2012_val_00023028.JPEG
imagenet,n07718472,n07718472/ILSVRC2012_val_00023139.JPEG
imagenet,n07718472,n07718472/ILSVRC2012_val_00023388.JPEG
imagenet,n07718472,n07718472/ILSVRC2012_val_00023525.JPEG
imagenet,n07718472,n07718472/ILSVRC2012_val_00023606.JPEG
imagenet,n07718472,n07718472/ILSVRC2012_val_00025124.JPEG
imagenet,n07718472,n07718472/ILSVRC2012_val_00025145.JPEG
imagenet,n07718472,n07718472/ILSVRC2012_val_00025582.JPEG
imagenet,n07718472,n07718472/ILSVRC2012_val_00025981.JPEG
imagenet,n07718472,n07718472/ILSVRC2012_val_00029220.JPEG
imagenet,n07718472,n07718472/ILSVRC2012_val_00030457.JPEG
imagenet,n07718472,n07718472/ILSVRC2012_val_00030797.JPEG
imagenet,n07718472,n07718472/ILSVRC2012_val_00034044.JPEG
imagenet,n07718472,n07718472/ILSVRC2012_val_00035698.JPEG
imagenet,n07718472,n07718472/ILSVRC2012_val_00036275.JPEG
imagenet,n07718472,n07718472/ILSVRC2012_val_00036503.JPEG
imagenet,n07718472,n07718472/ILSVRC2012_val_00037064.JPEG
imagenet,n07718472,n07718472/ILSVRC2012_val_00037161.JPEG
imagenet,n07718472,n07718472/ILSVRC2012_val_00037754.JPEG
imagenet,n07718472,n07718472/ILSVRC2012_val_00038547.JPEG
imagenet,n07718472,n07718472/ILSVRC2012_val_00039243.JPEG
imagenet,n07718472,n07718472/ILSVRC2012_val_00040986.JPEG
imagenet,n07718472,n07718472/ILSVRC2012_val_00042061.JPEG
imagenet,n07718472,n07718472/ILSVRC2012_val_00042999.JPEG
imagenet,n07718472,n07718472/ILSVRC2012_val_00043204.JPEG
imagenet,n07718472,n07718472/ILSVRC2012_val_00045484.JPEG
imagenet,n07718472,n07718472/ILSVRC2012_val_00045704.JPEG
imagenet,n07718472,n07718472/ILSVRC2012_val_00046928.JPEG
imagenet,n07718472,n07718472/ILSVRC2012_val_00047341.JPEG
imagenet,n07718472,n07718472/ILSVRC2012_val_00047407.JPEG
imagenet,n07718472,n07718472/ILSVRC2012_val_00047851.JPEG
imagenet,n07720875,n07720875/ILSVRC2012_val_00000423.JPEG
imagenet,n07720875,n07720875/ILSVRC2012_val_00001374.JPEG
imagenet,n07720875,n07720875/ILSVRC2012_val_00001463.JPEG
imagenet,n07720875,n07720875/ILSVRC2012_val_00002766.JPEG
imagenet,n07720875,n07720875/ILSVRC2012_val_00003046.JPEG
imagenet,n07720875,n07720875/ILSVRC2012_val_00003536.JPEG
imagenet,n07720875,n07720875/ILSVRC2012_val_00004285.JPEG
imagenet,n07720875,n07720875/ILSVRC2012_val_00004918.JPEG
imagenet,n07720875,n07720875/ILSVRC2012_val_00005061.JPEG
imagenet,n07720875,n07720875/ILSVRC2012_val_00005981.JPEG
imagenet,n07720875,n07720875/ILSVRC2012_val_00007028.JPEG
imagenet,n07720875,n07720875/ILSVRC2012_val_00009973.JPEG
imagenet,n07720875,n07720875/ILSVRC2012_val_00011410.JPEG
imagenet,n07720875,n07720875/ILSVRC2012_val_00015907.JPEG
imagenet,n07720875,n07720875/ILSVRC2012_val_00019158.JPEG
imagenet,n07720875,n07720875/ILSVRC2012_val_00019281.JPEG
imagenet,n07720875,n07720875/ILSVRC2012_val_00020957.JPEG
imagenet,n07720875,n07720875/ILSVRC2012_val_00022634.JPEG
imagenet,n07720875,n07720875/ILSVRC2012_val_00023117.JPEG
imagenet,n07720875,n07720875/ILSVRC2012_val_00023223.JPEG
imagenet,n07720875,n07720875/ILSVRC2012_val_00023892.JPEG
imagenet,n07720875,n07720875/ILSVRC2012_val_00024700.JPEG
imagenet,n07720875,n07720875/ILSVRC2012_val_00027266.JPEG
imagenet,n07720875,n07720875/ILSVRC2012_val_00027571.JPEG
imagenet,n07720875,n07720875/ILSVRC2012_val_00027915.JPEG
imagenet,n07720875,n07720875/ILSVRC2012_val_00028090.JPEG
imagenet,n07720875,n07720875/ILSVRC2012_val_00028373.JPEG
imagenet,n07720875,n07720875/ILSVRC2012_val_00028969.JPEG
imagenet,n07720875,n07720875/ILSVRC2012_val_00031450.JPEG
imagenet,n07720875,n07720875/ILSVRC2012_val_00031647.JPEG
imagenet,n07720875,n07720875/ILSVRC2012_val_00033111.JPEG
imagenet,n07720875,n07720875/ILSVRC2012_val_00033497.JPEG
imagenet,n07720875,n07720875/ILSVRC2012_val_00033638.JPEG
imagenet,n07720875,n07720875/ILSVRC2012_val_00035272.JPEG
imagenet,n07720875,n07720875/ILSVRC2012_val_00035410.JPEG
imagenet,n07720875,n07720875/ILSVRC2012_val_00036676.JPEG
imagenet,n07720875,n07720875/ILSVRC2012_val_00037424.JPEG
imagenet,n07720875,n07720875/ILSVRC2012_val_00038523.JPEG
imagenet,n07720875,n07720875/ILSVRC2012_val_00038872.JPEG
imagenet,n07720875,n07720875/ILSVRC2012_val_00041116.JPEG
imagenet,n07720875,n07720875/ILSVRC2012_val_00042960.JPEG
imagenet,n07720875,n07720875/ILSVRC2012_val_00043991.JPEG
imagenet,n07720875,n07720875/ILSVRC2012_val_00045695.JPEG
imagenet,n07720875,n07720875/ILSVRC2012_val_00046235.JPEG
imagenet,n07720875,n07720875/ILSVRC2012_val_00047598.JPEG
imagenet,n07720875,n07720875/ILSVRC2012_val_00047797.JPEG
imagenet,n07720875,n07720875/ILSVRC2012_val_00047801.JPEG
imagenet,n07720875,n07720875/ILSVRC2012_val_00048000.JPEG
imagenet,n07720875,n07720875/ILSVRC2012_val_00048089.JPEG
imagenet,n07720875,n07720875/ILSVRC2012_val_00049710.JPEG
imagenet,n07734744,n07734744/ILSVRC2012_val_00002490.JPEG
imagenet,n07734744,n07734744/ILSVRC2012_val_00004570.JPEG
imagenet,n07734744,n07734744/ILSVRC2012_val_00005527.JPEG
imagenet,n07734744,n07734744/ILSVRC2012_val_00005921.JPEG
imagenet,n07734744,n07734744/ILSVRC2012_val_00007003.JPEG
imagenet,n07734744,n07734744/ILSVRC2012_val_00008005.JPEG
imagenet,n07734744,n07734744/ILSVRC2012_val_00008366.JPEG
imagenet,n07734744,n07734744/ILSVRC2012_val_00008720.JPEG
imagenet,n07734744,n07734744/ILSVRC2012_val_00009394.JPEG
imagenet,n07734744,n07734744/ILSVRC2012_val_00009766.JPEG
imagenet,n07734744,n07734744/ILSVRC2012_val_00010585.JPEG
imagenet,n07734744,n07734744/ILSVRC2012_val_00010608.JPEG
imagenet,n07734744,n07734744/ILSVRC2012_val_00011179.JPEG
imagenet,n07734744,n07734744/ILSVRC2012_val_00012009.JPEG
imagenet,n07734744,n07734744/ILSVRC2012_val_00012313.JPEG
imagenet,n07734744,n07734744/ILSVRC2012_val_00013647.JPEG
imagenet,n07734744,n07734744/ILSVRC2012_val_00014405.JPEG
imagenet,n07734744,n07734744/ILSVRC2012_val_00015748.JPEG
imagenet,n07734744,n07734744/ILSVRC2012_val_00017533.JPEG
imagenet,n07734744,n07734744/ILSVRC2012_val_00019483.JPEG
imagenet,n07734744,n07734744/ILSVRC2012_val_00021531.JPEG
imagenet,n07734744,n07734744/ILSVRC2012_val_00021713.JPEG
imagenet,n07734744,n07734744/ILSVRC2012_val_00022068.JPEG
imagenet,n07734744,n07734744/ILSVRC2012_val_00022512.JPEG
imagenet,n07734744,n07734744/ILSVRC2012_val_00023995.JPEG
imagenet,n07734744,n07734744/ILSVRC2012_val_00024918.JPEG
imagenet,n07734744,n07734744/ILSVRC2012_val_00025115.JPEG
imagenet,n07734744,n07734744/ILSVRC2012_val_00025813.JPEG
imagenet,n07734744,n07734744/ILSVRC2012_val_00026237.JPEG
imagenet,n07734744,n07734744/ILSVRC2012_val_00028371.JPEG
imagenet,n07734744,n07734744/ILSVRC2012_val_00028621.JPEG
imagenet,n07734744,n07734744/ILSVRC2012_val_00030099.JPEG
imagenet,n07734744,n07734744/ILSVRC2012_val_00030139.JPEG
imagenet,n07734744,n07734744/ILSVRC2012_val_00031175.JPEG
imagenet,n07734744,n07734744/ILSVRC2012_val_00031803.JPEG
imagenet,n07734744,n07734744/ILSVRC2012_val_00032230.JPEG
imagenet,n07734744,n07734744/ILSVRC2012_val_00033742.JPEG
imagenet,n07734744,n07734744/ILSVRC2012_val_00038421.JPEG
imagenet,n07734744,n07734744/ILSVRC2012_val_00038698.JPEG
imagenet,n07734744,n07734744/ILSVRC2012_val_00039698.JPEG
imagenet,n07734744,n07734744/ILSVRC2012_val_00040527.JPEG
imagenet,n07734744,n07734744/ILSVRC2012_val_00040625.JPEG
imagenet,n07734744,n07734744/ILSVRC2012_val_00040796.JPEG
imagenet,n07734744,n07734744/ILSVRC2012_val_00041837.JPEG
imagenet,n07734744,n07734744/ILSVRC2012_val_00044938.JPEG
imagenet,n07734744,n07734744/ILSVRC2012_val_00046024.JPEG
imagenet,n07734744,n07734744/ILSVRC2012_val_00046937.JPEG
imagenet,n07734744,n07734744/ILSVRC2012_val_00047464.JPEG
imagenet,n07734744,n07734744/ILSVRC2012_val_00048066.JPEG
imagenet,n07734744,n07734744/ILSVRC2012_val_00048751.JPEG
imagenet,n07742313,n07742313/ILSVRC2012_val_00000023.JPEG
imagenet,n07742313,n07742313/ILSVRC2012_val_00000727.JPEG
imagenet,n07742313,n07742313/ILSVRC2012_val_00003581.JPEG
imagenet,n07742313,n07742313/ILSVRC2012_val_00005747.JPEG
imagenet,n07742313,n07742313/ILSVRC2012_val_00007029.JPEG
imagenet,n07742313,n07742313/ILSVRC2012_val_00007614.JPEG
imagenet,n07742313,n07742313/ILSVRC2012_val_00008128.JPEG
imagenet,n07742313,n07742313/ILSVRC2012_val_00009579.JPEG
imagenet,n07742313,n07742313/ILSVRC2012_val_00009800.JPEG
imagenet,n07742313,n07742313/ILSVRC2012_val_00011332.JPEG
imagenet,n07742313,n07742313/ILSVRC2012_val_00012232.JPEG
imagenet,n07742313,n07742313/ILSVRC2012_val_00012279.JPEG
imagenet,n07742313,n07742313/ILSVRC2012_val_00016141.JPEG
imagenet,n07742313,n07742313/ILSVRC2012_val_00016931.JPEG
imagenet,n07742313,n07742313/ILSVRC2012_val_00018708.JPEG
imagenet,n07742313,n07742313/ILSVRC2012_val_00018903.JPEG
imagenet,n07742313,n07742313/ILSVRC2012_val_00019453.JPEG
imagenet,n07742313,n07742313/ILSVRC2012_val_00020655.JPEG
imagenet,n07742313,n07742313/ILSVRC2012_val_00022487.JPEG
imagenet,n07742313,n07742313/ILSVRC2012_val_00023800.JPEG
imagenet,n07742313,n07742313/ILSVRC2012_val_00023948.JPEG
imagenet,n07742313,n07742313/ILSVRC2012_val_00024129.JPEG
imagenet,n07742313,n07742313/ILSVRC2012_val_00024298.JPEG
imagenet,n07742313,n07742313/ILSVRC2012_val_00031005.JPEG
imagenet,n07742313,n07742313/ILSVRC2012_val_00031019.JPEG
imagenet,n07742313,n07742313/ILSVRC2012_val_00031798.JPEG
imagenet,n07742313,n07742313/ILSVRC2012_val_00032370.JPEG
imagenet,n07742313,n07742313/ILSVRC2012_val_00033504.JPEG
imagenet,n07742313,n07742313/ILSVRC2012_val_00034491.JPEG
imagenet,n07742313,n07742313/ILSVRC2012_val_00034752.JPEG
imagenet,n07742313,n07742313/ILSVRC2012_val_00034820.JPEG
imagenet,n07742313,n07742313/ILSVRC2012_val_00035343.JPEG
imagenet,n07742313,n07742313/ILSVRC2012_val_00036103.JPEG
imagenet,n07742313,n07742313/ILSVRC2012_val_00036263.JPEG
imagenet,n07742313,n07742313/ILSVRC2012_val_00036705.JPEG
imagenet,n07742313,n07742313/ILSVRC2012_val_00036797.JPEG
imagenet,n07742313,n07742313/ILSVRC2012_val_00037416.JPEG
imagenet,n07742313,n07742313/ILSVRC2012_val_00038184.JPEG
imagenet,n07742313,n07742313/ILSVRC2012_val_00038187.JPEG
imagenet,n07742313,n07742313/ILSVRC2012_val_00039090.JPEG
imagenet,n07742313,n07742313/ILSVRC2012_val_00043046.JPEG
imagenet,n07742313,n07742313/ILSVRC2012_val_00043125.JPEG
imagenet,n07742313,n07742313/ILSVRC2012_val_00043445.JPEG
imagenet,n07742313,n07742313/ILSVRC2012_val_00044485.JPEG
imagenet,n07742313,n07742313/ILSVRC2012_val_00045087.JPEG
imagenet,n07742313,n07742313/ILSVRC2012_val_00045374.JPEG
imagenet,n07742313,n07742313/ILSVRC2012_val_00046374.JPEG
imagenet,n07742313,n07742313/ILSVRC2012_val_00046567.JPEG
imagenet,n07742313,n07742313/ILSVRC2012_val_00046718.JPEG
imagenet,n07742313,n07742313/ILSVRC2012_val_00049370.JPEG
imagenet,n07745940,n07745940/ILSVRC2012_val_00000099.JPEG
imagenet,n07745940,n07745940/ILSVRC2012_val_00000320.JPEG
imagenet,n07745940,n07745940/ILSVRC2012_val_00001194.JPEG
imagenet,n07745940,n07745940/ILSVRC2012_val_00001735.JPEG
imagenet,n07745940,n07745940/ILSVRC2012_val_00001936.JPEG
imagenet,n07745940,n07745940/ILSVRC2012_val_00002412.JPEG
imagenet,n07745940,n07745940/ILSVRC2012_val_00004428.JPEG
imagenet,n07745940,n07745940/ILSVRC2012_val_00004832.JPEG
imagenet,n07745940,n07745940/ILSVRC2012_val_00005066.JPEG
imagenet,n07745940,n07745940/ILSVRC2012_val_00005757.JPEG
imagenet,n07745940,n07745940/ILSVRC2012_val_00007898.JPEG
imagenet,n07745940,n07745940/ILSVRC2012_val_00008738.JPEG
imagenet,n07745940,n07745940/ILSVRC2012_val_00010616.JPEG
imagenet,n07745940,n07745940/ILSVRC2012_val_00010942.JPEG
imagenet,n07745940,n07745940/ILSVRC2012_val_00011348.JPEG
imagenet,n07745940,n07745940/ILSVRC2012_val_00012216.JPEG
imagenet,n07745940,n07745940/ILSVRC2012_val_00012371.JPEG
imagenet,n07745940,n07745940/ILSVRC2012_val_00012497.JPEG
imagenet,n07745940,n07745940/ILSVRC2012_val_00012645.JPEG
imagenet,n07745940,n07745940/ILSVRC2012_val_00012652.JPEG
imagenet,n07745940,n07745940/ILSVRC2012_val_00012728.JPEG
imagenet,n07745940,n07745940/ILSVRC2012_val_00013499.JPEG
imagenet,n07745940,n07745940/ILSVRC2012_val_00014739.JPEG
imagenet,n07745940,n07745940/ILSVRC2012_val_00016159.JPEG
imagenet,n07745940,n07745940/ILSVRC2012_val_00017534.JPEG
imagenet,n07745940,n07745940/ILSVRC2012_val_00019253.JPEG
imagenet,n07745940,n07745940/ILSVRC2012_val_00019754.JPEG
imagenet,n07745940,n07745940/ILSVRC2012_val_00021854.JPEG
imagenet,n07745940,n07745940/ILSVRC2012_val_00022484.JPEG
imagenet,n07745940,n07745940/ILSVRC2012_val_00023512.JPEG
imagenet,n07745940,n07745940/ILSVRC2012_val_00023739.JPEG
imagenet,n07745940,n07745940/ILSVRC2012_val_00024155.JPEG
imagenet,n07745940,n07745940/ILSVRC2012_val_00025150.JPEG
imagenet,n07745940,n07745940/ILSVRC2012_val_00031440.JPEG
imagenet,n07745940,n07745940/ILSVRC2012_val_00031509.JPEG
imagenet,n07745940,n07745940/ILSVRC2012_val_00031853.JPEG
imagenet,n07745940,n07745940/ILSVRC2012_val_00032276.JPEG
imagenet,n07745940,n07745940/ILSVRC2012_val_00032411.JPEG
imagenet,n07745940,n07745940/ILSVRC2012_val_00033919.JPEG
imagenet,n07745940,n07745940/ILSVRC2012_val_00035170.JPEG
imagenet,n07745940,n07745940/ILSVRC2012_val_00035445.JPEG
imagenet,n07745940,n07745940/ILSVRC2012_val_00037096.JPEG
imagenet,n07745940,n07745940/ILSVRC2012_val_00037522.JPEG
imagenet,n07745940,n07745940/ILSVRC2012_val_00040989.JPEG
imagenet,n07745940,n07745940/ILSVRC2012_val_00041409.JPEG
imagenet,n07745940,n07745940/ILSVRC2012_val_00042197.JPEG
imagenet,n07745940,n07745940/ILSVRC2012_val_00043920.JPEG
imagenet,n07745940,n07745940/ILSVRC2012_val_00046203.JPEG
imagenet,n07745940,n07745940/ILSVRC2012_val_00046437.JPEG
imagenet,n07745940,n07745940/ILSVRC2012_val_00048023.JPEG
imagenet,n07749582,n07749582/ILSVRC2012_val_00000711.JPEG
imagenet,n07749582,n07749582/ILSVRC2012_val_00001658.JPEG
imagenet,n07749582,n07749582/ILSVRC2012_val_00001671.JPEG
imagenet,n07749582,n07749582/ILSVRC2012_val_00002098.JPEG
imagenet,n07749582,n07749582/ILSVRC2012_val_00002363.JPEG
imagenet,n07749582,n07749582/ILSVRC2012_val_00003345.JPEG
imagenet,n07749582,n07749582/ILSVRC2012_val_00003843.JPEG
imagenet,n07749582,n07749582/ILSVRC2012_val_00005070.JPEG
imagenet,n07749582,n07749582/ILSVRC2012_val_00007458.JPEG
imagenet,n07749582,n07749582/ILSVRC2012_val_00014017.JPEG
imagenet,n07749582,n07749582/ILSVRC2012_val_00014373.JPEG
imagenet,n07749582,n07749582/ILSVRC2012_val_00014929.JPEG
imagenet,n07749582,n07749582/ILSVRC2012_val_00015308.JPEG
imagenet,n07749582,n07749582/ILSVRC2012_val_00017184.JPEG
imagenet,n07749582,n07749582/ILSVRC2012_val_00017842.JPEG
imagenet,n07749582,n07749582/ILSVRC2012_val_00017982.JPEG
imagenet,n07749582,n07749582/ILSVRC2012_val_00018300.JPEG
imagenet,n07749582,n07749582/ILSVRC2012_val_00018338.JPEG
imagenet,n07749582,n07749582/ILSVRC2012_val_00018769.JPEG
imagenet,n07749582,n07749582/ILSVRC2012_val_00018825.JPEG
imagenet,n07749582,n07749582/ILSVRC2012_val_00020573.JPEG
imagenet,n07749582,n07749582/ILSVRC2012_val_00021613.JPEG
imagenet,n07749582,n07749582/ILSVRC2012_val_00022375.JPEG
imagenet,n07749582,n07749582/ILSVRC2012_val_00023026.JPEG
imagenet,n07749582,n07749582/ILSVRC2012_val_00023879.JPEG
imagenet,n07749582,n07749582/ILSVRC2012_val_00025921.JPEG
imagenet,n07749582,n07749582/ILSVRC2012_val_00027090.JPEG
imagenet,n07749582,n07749582/ILSVRC2012_val_00027944.JPEG
imagenet,n07749582,n07749582/ILSVRC2012_val_00028823.JPEG
imagenet,n07749582,n07749582/ILSVRC2012_val_00030225.JPEG
imagenet,n07749582,n07749582/ILSVRC2012_val_00030758.JPEG
imagenet,n07749582,n07749582/ILSVRC2012_val_00030967.JPEG
imagenet,n07749582,n07749582/ILSVRC2012_val_00032151.JPEG
imagenet,n07749582,n07749582/ILSVRC2012_val_00033348.JPEG
imagenet,n07749582,n07749582/ILSVRC2012_val_00033722.JPEG
imagenet,n07749582,n07749582/ILSVRC2012_val_00034286.JPEG
imagenet,n07749582,n07749582/ILSVRC2012_val_00035888.JPEG
imagenet,n07749582,n07749582/ILSVRC2012_val_00035996.JPEG
imagenet,n07749582,n07749582/ILSVRC2012_val_00036146.JPEG
imagenet,n07749582,n07749582/ILSVRC2012_val_00036987.JPEG
imagenet,n07749582,n07749582/ILSVRC2012_val_00038212.JPEG
imagenet,n07749582,n07749582/ILSVRC2012_val_00038325.JPEG
imagenet,n07749582,n07749582/ILSVRC2012_val_00039834.JPEG
imagenet,n07749582,n07749582/ILSVRC2012_val_00040080.JPEG
imagenet,n07749582,n07749582/ILSVRC2012_val_00040755.JPEG
imagenet,n07749582,n07749582/ILSVRC2012_val_00044342.JPEG
imagenet,n07749582,n07749582/ILSVRC2012_val_00045149.JPEG
imagenet,n07749582,n07749582/ILSVRC2012_val_00047221.JPEG
imagenet,n07749582,n07749582/ILSVRC2012_val_00047567.JPEG
imagenet,n07749582,n07749582/ILSVRC2012_val_00048264.JPEG
imagenet_r,n03710193,n03710193/deviantart_0.jpg
imagenet_r,n03710193,n03710193/deviantart_1.jpg
imagenet_r,n03710193,n03710193/misc_0.jpg
imagenet_r,n03710193,n03710193/misc_1.jpg
imagenet_r,n03710193,n03710193/misc_10.jpg
imagenet_r,n03710193,n03710193/misc_11.jpg
imagenet_r,n03710193,n03710193/misc_12.jpg
imagenet_r,n03710193,n03710193/misc_13.jpg
imagenet_r,n03710193,n03710193/misc_14.jpg
imagenet_r,n03710193,n03710193/misc_15.jpg
imagenet_r,n03710193,n03710193/misc_16.jpg
imagenet_r,n03710193,n03710193/misc_17.jpg
imagenet_r,n03710193,n03710193/misc_18.jpg
imagenet_r,n03710193,n03710193/misc_19.jpg
imagenet_r,n03710193,n03710193/misc_2.jpg
imagenet_r,n03710193,n03710193/misc_20.jpg
imagenet_r,n03710193,n03710193/misc_21.jpg
imagenet_r,n03710193,n03710193/misc_22.jpg
imagenet_r,n03710193,n03710193/misc_23.jpg
imagenet_r,n03710193,n03710193/misc_24.jpg
imagenet_r,n03710193,n03710193/misc_25.jpg
imagenet_r,n03710193,n03710193/misc_26.jpg
imagenet_r,n03710193,n03710193/misc_27.jpg
imagenet_r,n03710193,n03710193/misc_28.jpg
imagenet_r,n03710193,n03710193/misc_29.jpg
imagenet_r,n03710193,n03710193/misc_3.jpg
imagenet_r,n03710193,n03710193/misc_30.jpg
imagenet_r,n03710193,n03710193/misc_31.jpg
imagenet_r,n03710193,n03710193/misc_32.jpg
imagenet_r,n03710193,n03710193/misc_33.jpg
imagenet_r,n03710193,n03710193/misc_34.jpg
imagenet_r,n03710193,n03710193/misc_35.jpg
imagenet_r,n03710193,n03710193/misc_36.jpg
imagenet_r,n03710193,n03710193/misc_37.jpg
imagenet_r,n03710193,n03710193/misc_38.jpg
imagenet_r,n03710193,n03710193/misc_39.jpg
imagenet_r,n03710193,n03710193/misc_4.jpg
imagenet_r,n03710193,n03710193/misc_40.jpg
imagenet_r,n03710193,n03710193/misc_41.jpg
imagenet_r,n03710193,n03710193/misc_42.jpg
imagenet_r,n03710193,n03710193/misc_43.jpg
imagenet_r,n03710193,n03710193/misc_44.jpg
imagenet_r,n03710193,n03710193/misc_45.jpg
imagenet_r,n03710193,n03710193/misc_46.jpg
imagenet_r,n03710193,n03710193/misc_47.jpg
imagenet_r,n03710193,n03710193/misc_48.jpg
imagenet_r,n03710193,n03710193/misc_49.jpg
imagenet_r,n03710193,n03710193/misc_5.jpg
imagenet_r,n03710193,n03710193/misc_50.jpg
imagenet_r,n03710193,n03710193/misc_51.jpg
imagenet_r,n03773504,n03773504/art_0.jpg
imagenet_r,n03773504,n03773504/art_1.jpg
imagenet_r,n03773504,n03773504/art_2.jpg
imagenet_r,n03773504,n03773504/art_3.jpg
imagenet_r,n03773504,n03773504/art_4.jpg
imagenet_r,n03773504,n03773504/art_5.jpg
imagenet_r,n03773504,n03773504/cartoon_0.jpg
imagenet_r,n03773504,n03773504/cartoon_1.jpg
imagenet_r,n03773504,n03773504/cartoon_10.jpg
imagenet_r,n03773504,n03773504/cartoon_2.jpg
imagenet_r,n03773504,n03773504/cartoon_3.jpg
imagenet_r,n03773504,n03773504/cartoon_4.jpg
imagenet_r,n03773504,n03773504/cartoon_5.jpg
imagenet_r,n03773504,n03773504/cartoon_6.jpg
imagenet_r,n03773504,n03773504/cartoon_7.jpg
imagenet_r,n03773504,n03773504/cartoon_8.jpg
imagenet_r,n03773504,n03773504/cartoon_9.jpg
imagenet_r,n03773504,n03773504/deviantart_0.jpg
imagenet_r,n03773504,n03773504/graffiti_0.jpg
imagenet_r,n03773504,n03773504/graffiti_1.jpg
imagenet_r,n03773504,n03773504/graffiti_2.jpg
imagenet_r,n03773504,n03773504/graffiti_3.jpg
imagenet_r,n03773504,n03773504/graffiti_4.jpg
imagenet_r,n03773504,n03773504/graffiti_5.jpg
imagenet_r,n03773504,n03773504/graffiti_6.jpg
imagenet_r,n03773504,n03773504/graffiti_7.jpg
imagenet_r,n03773504,n03773504/graphic_0.jpg
imagenet_r,n03773504,n03773504/graphic_1.jpg
imagenet_r,n03773504,n03773504/graphic_2.jpg
imagenet_r,n03773504,n03773504/graphic_3.jpg
imagenet_r,n03773504,n03773504/graphic_4.jpg
imagenet_r,n03773504,n03773504/graphic_5.jpg
imagenet_r,n03773504,n03773504/graphic_6.jpg
imagenet_r,n03773504,n03773504/graphic_7.jpg
imagenet_r,n03773504,n03773504/graphic_8.jpg
imagenet_r,n03773504,n03773504/graphic_9.jpg
imagenet_r,n03773504,n03773504/misc_0.jpg
imagenet_r,n03773504,n03773504/misc_1.jpg
imagenet_r,n03773504,n03773504/origami_0.jpg
imagenet_r,n03773504,n03773504/painting_0.jpg
imagenet_r,n03773504,n03773504/painting_1.jpg
imagenet_r,n03773504,n03773504/painting_2.jpg
imagenet_r,n03773504,n03773504/sculpture_0.jpg
imagenet_r,n03773504,n03773504/sculpture_1.jpg
imagenet_r,n03773504,n03773504/sculpture_2.jpg
imagenet_r,n03773504,n03773504/sculpture_3.jpg
imagenet_r,n03773504,n03773504/sculpture_4.jpg
imagenet_r,n03773504,n03773504/sketch_0.jpg
imagenet_r,n03773504,n03773504/sketch_1.jpg
imagenet_r,n03773504,n03773504/sketch_10.jpg
imagenet_r,n03775071,n03775071/art_0.jpg
imagenet_r,n03775071,n03775071/art_1.jpg
imagenet_r,n03775071,n03775071/art_2.jpg
imagenet_r,n03775071,n03775071/art_3.jpg
imagenet_r,n03775071,n03775071/cartoon_0.jpg
imagenet_r,n03775071,n03775071/cartoon_1.jpg
imagenet_r,n03775071,n03775071/cartoon_10.jpg
imagenet_r,n03775071,n03775071/cartoon_11.jpg
imagenet_r,n03775071,n03775071/cartoon_12.jpg
imagenet_r,n03775071,n03775071/cartoon_13.jpg
imagenet_r,n03775071,n03775071/cartoon_14.jpg
imagenet_r,n03775071,n03775071/cartoon_15.jpg
imagenet_r,n03775071,n03775071/cartoon_16.jpg
imagenet_r,n03775071,n03775071/cartoon_17.jpg
imagenet_r,n03775071,n03775071/cartoon_18.jpg
imagenet_r,n03775071,n03775071/cartoon_19.jpg
imagenet_r,n03775071,n03775071/cartoon_2.jpg
imagenet_r,n03775071,n03775071/cartoon_20.jpg
imagenet_r,n03775071,n03775071/cartoon_21.jpg
imagenet_r,n03775071,n03775071/cartoon_22.jpg
imagenet_r,n03775071,n03775071/cartoon_23.jpg
imagenet_r,n03775071,n03775071/cartoon_24.jpg
imagenet_r,n03775071,n03775071/cartoon_3.jpg
imagenet_r,n03775071,n03775071/cartoon_4.jpg
imagenet_r,n03775071,n03775071/cartoon_5.jpg
imagenet_r,n03775071,n03775071/cartoon_6.jpg
imagenet_r,n03775071,n03775071/cartoon_7.jpg
imagenet_r,n03775071,n03775071/cartoon_8.jpg
imagenet_r,n03775071,n03775071/cartoon_9.jpg
imagenet_r,n03775071,n03775071/embroidery_0.jpg
imagenet_r,n03775071,n03775071/embroidery_1.jpg
imagenet_r,n03775071,n03775071/embroidery_2.jpg
imagenet_r,n03775071,n03775071/embroidery_3.jpg
imagenet_r,n03775071,n03775071/embroidery_4.jpg
imagenet_r,n03775071,n03775071/graffiti_0.jpg
imagenet_r,n03775071,n03775071/graphic_0.jpg
imagenet_r,n03775071,n03775071/origami_0.jpg
imagenet_r,n03775071,n03775071/painting_0.jpg
imagenet_r,n03775071,n03775071/painting_1.jpg
imagenet_r,n03775071,n03775071/painting_2.jpg
imagenet_r,n03775071,n03775071/painting_3.jpg
imagenet_r,n03775071,n03775071/painting_4.jpg
imagenet_r,n03775071,n03775071/painting_5.jpg
imagenet_r,n03775071,n03775071/sculpture_0.jpg
imagenet_r,n03775071,n03775071/sculpture_1.jpg
imagenet_r,n03775071,n03775071/sketch_0.jpg
imagenet_r,n03775071,n03775071/sketch_1.jpg
imagenet_r,n03775071,n03775071/sketch_10.jpg
imagenet_r,n03775071,n03775071/sketch_11.jpg
imagenet_r,n03775071,n03775071/sketch_12.jpg
imagenet_r,n03888257,n03888257/art_0.jpg
imagenet_r,n03888257,n03888257/art_1.jpg
imagenet_r,n03888257,n03888257/art_10.jpg
imagenet_r,n03888257,n03888257/art_11.jpg
imagenet_r,n03888257,n03888257/art_12.jpg
imagenet_r,n03888257,n03888257/art_13.jpg
imagenet_r,n03888257,n03888257/art_2.jpg
imagenet_r,n03888257,n03888257/art_3.jpg
imagenet_r,n03888257,n03888257/art_4.jpg
imagenet_r,n03888257,n03888257/art_5.jpg
imagenet_r,n03888257,n03888257/art_6.jpg
imagenet_r,n03888257,n03888257/art_7.jpg
imagenet_r,n03888257,n03888257/art_8.jpg
imagenet_r,n03888257,n03888257/art_9.jpg
imagenet_r,n03888257,n03888257/cartoon_0.jpg
imagenet_r,n03888257,n03888257/cartoon_1.jpg
imagenet_r,n03888257,n03888257/cartoon_10.jpg
imagenet_r,n03888257,n03888257/cartoon_11.jpg
imagenet_r,n03888257,n03888257/cartoon_12.jpg
imagenet_r,n03888257,n03888257/cartoon_13.jpg
imagenet_r,n03888257,n03888257/cartoon_14.jpg
imagenet_r,n03888257,n03888257/cartoon_15.jpg
imagenet_r,n03888257,n03888257/cartoon_16.jpg
imagenet_r,n03888257,n03888257/cartoon_17.jpg
imagenet_r,n03888257,n03888257/cartoon_18.jpg
imagenet_r,n03888257,n03888257/cartoon_19.jpg
imagenet_r,n03888257,n03888257/cartoon_2.jpg
imagenet_r,n03888257,n03888257/cartoon_20.jpg
imagenet_r,n03888257,n03888257/cartoon_21.jpg
imagenet_r,n03888257,n03888257/cartoon_22.jpg
imagenet_r,n03888257,n03888257/cartoon_23.jpg
imagenet_r,n03888257,n03888257/cartoon_24.jpg
imagenet_r,n03888257,n03888257/cartoon_25.jpg
imagenet_r,n03888257,n03888257/cartoon_26.jpg
imagenet_r,n03888257,n03888257/cartoon_27.jpg
imagenet_r,n03888257,n03888257/cartoon_28.jpg
imagenet_r,n03888257,n03888257/cartoon_29.jpg
imagenet_r,n03888257,n03888257/cartoon_3.jpg
imagenet_r,n03888257,n03888257/cartoon_30.jpg
imagenet_r,n03888257,n03888257/cartoon_31.jpg
imagenet_r,n03888257,n03888257/cartoon_32.jpg
imagenet_r,n03888257,n03888257/cartoon_33.jpg
imagenet_r,n03888257,n03888257/cartoon_34.jpg
imagenet_r,n03888257,n03888257/cartoon_35.jpg
imagenet_r,n03888257,n03888257/cartoon_36.jpg
imagenet_r,n03888257,n03888257/cartoon_37.jpg
imagenet_r,n03888257,n03888257/cartoon_4.jpg
imagenet_r,n03888257,n03888257/cartoon_5.jpg
imagenet_r,n03888257,n03888257/cartoon_6.jpg
imagenet_r,n03888257,n03888257/cartoon_7.jpg
imagenet_r,n03930630,n03930630/art_0.jpg
imagenet_r,n03930630,n03930630/art_1.jpg
imagenet_r,n03930630,n03930630/art_2.jpg
imagenet_r,n03930630,n03930630/art_3.jpg
imagenet_r,n03930630,n03930630/art_4.jpg
imagenet_r,n03930630,n03930630/art_5.jpg
imagenet_r,n03930630,n03930630/art_6.jpg
imagenet_r,n03930630,n03930630/cartoon_0.jpg
imagenet_r,n03930630,n03930630/cartoon_1.jpg
imagenet_r,n03930630,n03930630/cartoon_10.jpg
imagenet_r,n03930630,n03930630/cartoon_11.jpg
imagenet_r,n03930630,n03930630/cartoon_12.jpg
imagenet_r,n03930630,n03930630/cartoon_13.jpg
imagenet_r,n03930630,n03930630/cartoon_14.jpg
imagenet_r,n03930630,n03930630/cartoon_15.jpg
imagenet_r,n03930630,n03930630/cartoon_16.jpg
imagenet_r,n03930630,n03930630/cartoon_17.jpg
imagenet_r,n03930630,n03930630/cartoon_18.jpg
imagenet_r,n03930630,n03930630/cartoon_19.jpg
imagenet_r,n03930630,n03930630/cartoon_2.jpg
imagenet_r,n03930630,n03930630/cartoon_20.jpg
imagenet_r,n03930630,n03930630/cartoon_21.jpg
imagenet_r,n03930630,n03930630/cartoon_3.jpg
imagenet_r,n03930630,n03930630/cartoon_4.jpg
imagenet_r,n03930630,n03930630/cartoon_5.jpg
imagenet_r,n03930630,n03930630/cartoon_6.jpg
imagenet_r,n03930630,n03930630/cartoon_7.jpg
imagenet_r,n03930630,n03930630/cartoon_8.jpg
imagenet_r,n03930630,n03930630/cartoon_9.jpg
imagenet_r,n03930630,n03930630/deviantart_0.jpg
imagenet_r,n03930630,n03930630/deviantart_1.jpg
imagenet_r,n03930630,n03930630/deviantart_2.jpg
imagenet_r,n03930630,n03930630/deviantart_3.jpg
imagenet_r,n03930630,n03930630/deviantart_4.jpg
imagenet_r,n03930630,n03930630/deviantart_5.jpg
imagenet_r,n03930630,n03930630/deviantart_6.jpg
imagenet_r,n03930630,n03930630/embroidery_0.jpg
imagenet_r,n03930630,n03930630/graphic_0.jpg
imagenet_r,n03930630,n03930630/graphic_1.jpg
imagenet_r,n03930630,n03930630/misc_0.jpg
imagenet_r,n03930630,n03930630/misc_1.jpg
imagenet_r,n03930630,n03930630/misc_10.jpg
imagenet_r,n03930630,n03930630/misc_11.jpg
imagenet_r,n03930630,n03930630/misc_12.jpg
imagenet_r,n03930630,n03930630/misc_13.jpg
imagenet_r,n03930630,n03930630/misc_14.jpg
imagenet_r,n03930630,n03930630/misc_15.jpg
imagenet_r,n03930630,n03930630/misc_16.jpg
imagenet_r,n03930630,n03930630/misc_17.jpg
imagenet_r,n03930630,n03930630/misc_18.jpg
imagenet_r,n03947888,n03947888/art_0.jpg
imagenet_r,n03947888,n03947888/art_1.jpg
imagenet_r,n03947888,n03947888/art_2.jpg
imagenet_r,n03947888,n03947888/art_3.jpg
imagenet_r,n03947888,n03947888/art_4.jpg
imagenet_r,n03947888,n03947888/cartoon_0.jpg
imagenet_r,n03947888,n03947888/cartoon_1.jpg
imagenet_r,n03947888,n03947888/cartoon_10.jpg
imagenet_r,n03947888,n03947888/cartoon_11.jpg
imagenet_r,n03947888,n03947888/cartoon_12.jpg
imagenet_r,n03947888,n03947888/cartoon_13.jpg
imagenet_r,n03947888,n03947888/cartoon_2.jpg
imagenet_r,n03947888,n03947888/cartoon_3.jpg
imagenet_r,n03947888,n03947888/cartoon_4.jpg
imagenet_r,n03947888,n03947888/cartoon_5.jpg
imagenet_r,n03947888,n03947888/cartoon_6.jpg
imagenet_r,n03947888,n03947888/cartoon_7.jpg
imagenet_r,n03947888,n03947888/cartoon_8.jpg
imagenet_r,n03947888,n03947888/cartoon_9.jpg
imagenet_r,n03947888,n03947888/deviantart_0.jpg
imagenet_r,n03947888,n03947888/deviantart_1.jpg
imagenet_r,n03947888,n03947888/embroidery_0.jpg
imagenet_r,n03947888,n03947888/graffiti_0.jpg
imagenet_r,n03947888,n03947888/graffiti_1.jpg
imagenet_r,n03947888,n03947888/graffiti_2.jpg
imagenet_r,n03947888,n03947888/graphic_0.jpg
imagenet_r,n03947888,n03947888/misc_0.jpg
imagenet_r,n03947888,n03947888/misc_1.jpg
imagenet_r,n03947888,n03947888/misc_10.jpg
imagenet_r,n03947888,n03947888/misc_11.jpg
imagenet_r,n03947888,n03947888/misc_2.jpg
imagenet_r,n03947888,n03947888/misc_3.jpg
imagenet_r,n03947888,n03947888/misc_4.jpg
imagenet_r,n03947888,n03947888/misc_5.jpg
imagenet_r,n03947888,n03947888/misc_6.jpg
imagenet_r,n03947888,n03947888/misc_7.jpg
imagenet_r,n03947888,n03947888/misc_8.jpg
imagenet_r,n03947888,n03947888/misc_9.jpg
imagenet_r,n03947888,n03947888/origami_0.jpg
imagenet_r,n03947888,n03947888/painting_0.jpg
imagenet_r,n03947888,n03947888/painting_1.jpg
imagenet_r,n03947888,n03947888/painting_10.jpg
imagenet_r,n03947888,n03947888/painting_11.jpg
imagenet_r,n03947888,n03947888/painting_12.jpg
imagenet_r,n03947888,n03947888/painting_2.jpg
imagenet_r,n03947888,n03947888/painting_3.jpg
imagenet_r,n03947888,n03947888/painting_4.jpg
imagenet_r,n03947888,n03947888/painting_5.jpg
imagenet_r,n03947888,n03947888/painting_6.jpg
imagenet_r,n03947888,n03947888/painting_7.jpg
imagenet_r,n04086273,n04086273/art_0.jpg
imagenet_r,n04086273,n04086273/art_1.jpg
imagenet_r,n04086273,n04086273/art_10.jpg
imagenet_r,n04086273,n04086273/art_11.jpg
imagenet_r,n04086273,n04086273/art_12.jpg
imagenet_r,n04086273,n04086273/art_13.jpg
imagenet_r,n04086273,n04086273/art_14.jpg
imagenet_r,n04086273,n04086273/art_15.jpg
imagenet_r,n04086273,n04086273/art_2.jpg
imagenet_r,n04086273,n04086273/art_3.jpg
imagenet_r,n04086273,n04086273/art_4.jpg
imagenet_r,n04086273,n04086273/art_5.jpg
imagenet_r,n04086273,n04086273/art_6.jpg
imagenet_r,n04086273,n04086273/art_7.jpg
imagenet_r,n04086273,n04086273/art_8.jpg
imagenet_r,n04086273,n04086273/art_9.jpg
imagenet_r,n04086273,n04086273/cartoon_0.jpg
imagenet_r,n04086273,n04086273/cartoon_1.jpg
imagenet_r,n04086273,n04086273/cartoon_10.jpg
imagenet_r,n04086273,n04086273/cartoon_11.jpg
imagenet_r,n04086273,n04086273/cartoon_12.jpg
imagenet_r,n04086273,n04086273/cartoon_13.jpg
imagenet_r,n04086273,n04086273/cartoon_14.jpg
imagenet_r,n04086273,n04086273/cartoon_15.jpg
imagenet_r,n04086273,n04086273/cartoon_16.jpg
imagenet_r,n04086273,n04086273/cartoon_17.jpg
imagenet_r,n04086273,n04086273/cartoon_18.jpg
imagenet_r,n04086273,n04086273/cartoon_19.jpg
imagenet_r,n04086273,n04086273/cartoon_2.jpg
imagenet_r,n04086273,n04086273/cartoon_20.jpg
imagenet_r,n04086273,n04086273/cartoon_21.jpg
imagenet_r,n04086273,n04086273/cartoon_3.jpg
imagenet_r,n04086273,n04086273/cartoon_4.jpg
imagenet_r,n04086273,n04086273/cartoon_5.jpg
imagenet_r,n04086273,n04086273/cartoon_6.jpg
imagenet_r,n04086273,n04086273/cartoon_7.jpg
imagenet_r,n04086273,n04086273/cartoon_8.jpg
imagenet_r,n04086273,n04086273/cartoon_9.jpg
imagenet_r,n04086273,n04086273/deviantart_0.jpg
imagenet_r,n04086273,n04086273/deviantart_1.jpg
imagenet_r,n04086273,n04086273/deviantart_10.jpg
imagenet_r,n04086273,n04086273/deviantart_11.jpg
imagenet_r,n04086273,n04086273/deviantart_2.jpg
imagenet_r,n04086273,n04086273/deviantart_3.jpg
imagenet_r,n04086273,n04086273/deviantart_4.jpg
imagenet_r,n04086273,n04086273/deviantart_5.jpg
imagenet_r,n04086273,n04086273/deviantart_6.jpg
imagenet_r,n04086273,n04086273/deviantart_7.jpg
imagenet_r,n04086273,n04086273/deviantart_8.jpg
imagenet_r,n04086273,n04086273/deviantart_9.jpg
imagenet_r,n04118538,n04118538/art_0.jpg
imagenet_r,n04118538,n04118538/cartoon_0.jpg
imagenet_r,n04118538,n04118538/cartoon_1.jpg
imagenet_r,n04118538,n04118538/cartoon_10.jpg
imagenet_r,n04118538,n04118538/cartoon_11.jpg
imagenet_r,n04118538,n04118538/cartoon_12.jpg
imagenet_r,n04118538,n04118538/cartoon_13.jpg
imagenet_r,n04118538,n04118538/cartoon_14.jpg
imagenet_r,n04118538,n04118538/cartoon_15.jpg
imagenet_r,n04118538,n04118538/cartoon_16.jpg
imagenet_r,n04118538,n04118538/cartoon_17.jpg
imagenet_r,n04118538,n04118538/cartoon_18.jpg
imagenet_r,n04118538,n04118538/cartoon_19.jpg
imagenet_r,n04118538,n04118538/cartoon_2.jpg
imagenet_r,n04118538,n04118538/cartoon_20.jpg
imagenet_r,n04118538,n04118538/cartoon_21.jpg
imagenet_r,n04118538,n04118538/cartoon_22.jpg
imagenet_r,n04118538,n04118538/cartoon_23.jpg
imagenet_r,n04118538,n04118538/cartoon_24.jpg
imagenet_r,n04118538,n04118538/cartoon_25.jpg
imagenet_r,n04118538,n04118538/cartoon_26.jpg
imagenet_r,n04118538,n04118538/cartoon_27.jpg
imagenet_r,n04118538,n04118538/cartoon_28.jpg
imagenet_r,n04118538,n04118538/cartoon_29.jpg
imagenet_r,n04118538,n04118538/cartoon_3.jpg
imagenet_r,n04118538,n04118538/cartoon_30.jpg
imagenet_r,n04118538,n04118538/cartoon_31.jpg
imagenet_r,n04118538,n04118538/cartoon_32.jpg
imagenet_r,n04118538,n04118538/cartoon_33.jpg
imagenet_r,n04118538,n04118538/cartoon_34.jpg
imagenet_r,n04118538,n04118538/cartoon_35.jpg
imagenet_r,n04118538,n04118538/cartoon_4.jpg
imagenet_r,n04118538,n04118538/cartoon_5.jpg
imagenet_r,n04118538,n04118538/cartoon_6.jpg
imagenet_r,n04118538,n04118538/cartoon_7.jpg
imagenet_r,n04118538,n04118538/cartoon_8.jpg
imagenet_r,n04118538,n04118538/cartoon_9.jpg
imagenet_r,n04118538,n04118538/graphic_0.jpg
imagenet_r,n04118538,n04118538/graphic_1.jpg
imagenet_r,n04118538,n04118538/graphic_2.jpg
imagenet_r,n04118538,n04118538/graphic_3.jpg
imagenet_r,n04118538,n04118538/painting_0.jpg
imagenet_r,n04118538,n04118538/sculpture_0.jpg
imagenet_r,n04118538,n04118538/sketch_0.jpg
imagenet_r,n04118538,n04118538/sketch_1.jpg
imagenet_r,n04118538,n04118538/sketch_10.jpg
imagenet_r,n04118538,n04118538/sketch_11.jpg
imagenet_r,n04118538,n04118538/sketch_12.jpg
imagenet_r,n04118538,n04118538/sketch_13.jpg
imagenet_r,n04118538,n04118538/sketch_14.jpg
imagenet_r,n04133789,n04133789/art_0.jpg
imagenet_r,n04133789,n04133789/art_1.jpg
imagenet_r,n04133789,n04133789/art_2.jpg
imagenet_r,n04133789,n04133789/art_3.jpg
imagenet_r,n04133789,n04133789/art_4.jpg
imagenet_r,n04133789,n04133789/art_5.jpg
imagenet_r,n04133789,n04133789/art_6.jpg
imagenet_r,n04133789,n04133789/art_7.jpg
imagenet_r,n04133789,n04133789/art_8.jpg
imagenet_r,n04133789,n04133789/art_9.jpg
imagenet_r,n04133789,n04133789/cartoon_0.jpg
imagenet_r,n04133789,n04133789/cartoon_1.jpg
imagenet_r,n04133789,n04133789/cartoon_10.jpg
imagenet_r,n04133789,n04133789/cartoon_11.jpg
imagenet_r,n04133789,n04133789/cartoon_12.jpg
imagenet_r,n04133789,n04133789/cartoon_13.jpg
imagenet_r,n04133789,n04133789/cartoon_14.jpg
imagenet_r,n04133789,n04133789/cartoon_15.jpg
imagenet_r,n04133789,n04133789/cartoon_16.jpg
imagenet_r,n04133789,n04133789/cartoon_17.jpg
imagenet_r,n04133789,n04133789/cartoon_18.jpg
imagenet_r,n04133789,n04133789/cartoon_19.jpg
imagenet_r,n04133789,n04133789/cartoon_2.jpg
imagenet_r,n04133789,n04133789/cartoon_20.jpg
imagenet_r,n04133789,n04133789/cartoon_21.jpg
imagenet_r,n04133789,n04133789/cartoon_22.jpg
imagenet_r,n04133789,n04133789/cartoon_23.jpg
imagenet_r,n04133789,n04133789/cartoon_24.jpg
imagenet_r,n04133789,n04133789/cartoon_25.jpg
imagenet_r,n04133789,n04133789/cartoon_26.jpg
imagenet_r,n04133789,n04133789/cartoon_27.jpg
imagenet_r,n04133789,n04133789/cartoon_3.jpg
imagenet_r,n04133789,n04133789/cartoon_4.jpg
imagenet_r,n04133789,n04133789/cartoon_5.jpg
imagenet_r,n04133789,n04133789/cartoon_6.jpg
imagenet_r,n04133789,n04133789/cartoon_7.jpg
imagenet_r,n04133789,n04133789/cartoon_8.jpg
imagenet_r,n04133789,n04133789/cartoon_9.jpg
imagenet_r,n04133789,n04133789/deviantart_0.jpg
imagenet_r,n04133789,n04133789/deviantart_1.jpg
imagenet_r,n04133789,n04133789/embroidery_0.jpg
imagenet_r,n04133789,n04133789/graffiti_0.jpg
imagenet_r,n04133789,n04133789/graphic_0.jpg
imagenet_r,n04133789,n04133789/graphic_1.jpg
imagenet_r,n04133789,n04133789/graphic_2.jpg
imagenet_r,n04133789,n04133789/misc_0.jpg
imagenet_r,n04133789,n04133789/misc_1.jpg
imagenet_r,n04133789,n04133789/misc_2.jpg
imagenet_r,n04133789,n04133789/misc_3.jpg
imagenet_r,n04133789,n04133789/painting_0.jpg
imagenet_r,n04141076,n04141076/art_0.jpg
imagenet_r,n04141076,n04141076/art_1.jpg
imagenet_r,n04141076,n04141076/art_10.jpg
imagenet_r,n04141076,n04141076/art_11.jpg
imagenet_r,n04141076,n04141076/art_12.jpg
imagenet_r,n04141076,n04141076/art_13.jpg
imagenet_r,n04141076,n04141076/art_14.jpg
imagenet_r,n04141076,n04141076/art_2.jpg
imagenet_r,n04141076,n04141076/art_3.jpg
imagenet_r,n04141076,n04141076/art_4.jpg
imagenet_r,n04141076,n04141076/art_5.jpg
imagenet_r,n04141076,n04141076/art_6.jpg
imagenet_r,n04141076,n04141076/art_7.jpg
imagenet_r,n04141076,n04141076/art_8.jpg
imagenet_r,n04141076,n04141076/art_9.jpg
imagenet_r,n04141076,n04141076/cartoon_0.jpg
imagenet_r,n04141076,n04141076/cartoon_1.jpg
imagenet_r,n04141076,n04141076/cartoon_10.jpg
imagenet_r,n04141076,n04141076/cartoon_11.jpg
imagenet_r,n04141076,n04141076/cartoon_12.jpg
imagenet_r,n04141076,n04141076/cartoon_13.jpg
imagenet_r,n04141076,n04141076/cartoon_14.jpg
imagenet_r,n04141076,n04141076/cartoon_15.jpg
imagenet_r,n04141076,n04141076/cartoon_16.jpg
imagenet_r,n04141076,n04141076/cartoon_17.jpg
imagenet_r,n04141076,n04141076/cartoon_18.jpg
imagenet_r,n04141076,n04141076/cartoon_19.jpg
imagenet_r,n04141076,n04141076/cartoon_2.jpg
imagenet_r,n04141076,n04141076/cartoon_20.jpg
imagenet_r,n04141076,n04141076/cartoon_21.jpg
imagenet_r,n04141076,n04141076/cartoon_22.jpg
imagenet_r,n04141076,n04141076/cartoon_23.jpg
imagenet_r,n04141076,n04141076/cartoon_24.jpg
imagenet_r,n04141076,n04141076/cartoon_25.jpg
imagenet_r,n04141076,n04141076/cartoon_26.jpg
imagenet_r,n04141076,n04141076/cartoon_27.jpg
imagenet_r,n04141076,n04141076/cartoon_28.jpg
imagenet_r,n04141076,n04141076/cartoon_29.jpg
imagenet_r,n04141076,n04141076/cartoon_3.jpg
imagenet_r,n04141076,n04141076/cartoon_30.jpg
imagenet_r,n04141076,n04141076/cartoon_31.jpg
imagenet_r,n04141076,n04141076/cartoon_32.jpg
imagenet_r,n04141076,n04141076/cartoon_33.jpg
imagenet_r,n04141076,n04141076/cartoon_34.jpg
imagenet_r,n04141076,n04141076/cartoon_35.jpg
imagenet_r,n04141076,n04141076/cartoon_36.jpg
imagenet_r,n04141076,n04141076/cartoon_37.jpg
imagenet_r,n04141076,n04141076/cartoon_38.jpg
imagenet_r,n04141076,n04141076/cartoon_39.jpg
imagenet_r,n04141076,n04141076/cartoon_4.jpg
imagenet_r,n04146614,n04146614/art_0.jpg
imagenet_r,n04146614,n04146614/art_1.jpg
imagenet_r,n04146614,n04146614/art_2.jpg
imagenet_r,n04146614,n04146614/cartoon_0.jpg
imagenet_r,n04146614,n04146614/cartoon_1.jpg
imagenet_r,n04146614,n04146614/cartoon_2.jpg
imagenet_r,n04146614,n04146614/cartoon_3.jpg
imagenet_r,n04146614,n04146614/cartoon_4.jpg
imagenet_r,n04146614,n04146614/cartoon_5.jpg
imagenet_r,n04146614,n04146614/cartoon_6.jpg
imagenet_r,n04146614,n04146614/cartoon_7.jpg
imagenet_r,n04146614,n04146614/cartoon_8.jpg
imagenet_r,n04146614,n04146614/cartoon_9.jpg
imagenet_r,n04146614,n04146614/deviantart_0.jpg
imagenet_r,n04146614,n04146614/deviantart_1.jpg
imagenet_r,n04146614,n04146614/deviantart_10.jpg
imagenet_r,n04146614,n04146614/deviantart_11.jpg
imagenet_r,n04146614,n04146614/deviantart_12.jpg
imagenet_r,n04146614,n04146614/deviantart_2.jpg
imagenet_r,n04146614,n04146614/deviantart_3.jpg
imagenet_r,n04146614,n04146614/deviantart_4.jpg
imagenet_r,n04146614,n04146614/deviantart_5.jpg
imagenet_r,n04146614,n04146614/deviantart_6.jpg
imagenet_r,n04146614,n04146614/deviantart_7.jpg
imagenet_r,n04146614,n04146614/deviantart_8.jpg
imagenet_r,n04146614,n04146614/deviantart_9.jpg
imagenet_r,n04146614,n04146614/embroidery_0.jpg
imagenet_r,n04146614,n04146614/embroidery_1.jpg
imagenet_r,n04146614,n04146614/graffiti_0.jpg
imagenet_r,n04146614,n04146614/graffiti_1.jpg
imagenet_r,n04146614,n04146614/graffiti_2.jpg
imagenet_r,n04146614,n04146614/graphic_0.jpg
imagenet_r,n04146614,n04146614/misc_0.jpg
imagenet_r,n04146614,n04146614/misc_1.jpg
imagenet_r,n04146614,n04146614/misc_2.jpg
imagenet_r,n04146614,n04146614/misc_3.jpg
imagenet_r,n04146614,n04146614/misc_4.jpg
imagenet_r,n04146614,n04146614/origami_0.jpg
imagenet_r,n04146614,n04146614/painting_0.jpg
imagenet_r,n04146614,n04146614/painting_1.jpg
imagenet_r,n04146614,n04146614/painting_2.jpg
imagenet_r,n04146614,n04146614/painting_3.jpg
imagenet_r,n04146614,n04146614/painting_4.jpg
imagenet_r,n04146614,n04146614/painting_5.jpg
imagenet_r,n04146614,n04146614/painting_6.jpg
imagenet_r,n04146614,n04146614/sculpture_0.jpg
imagenet_r,n04146614,n04146614/sketch_0.jpg
imagenet_r,n04146614,n04146614/sketch_1.jpg
imagenet_r,n04146614,n04146614/sketch_10.jpg
imagenet_r,n04146614,n04146614/sketch_11.jpg
imagenet_r,n04147183,n04147183/art_0.jpg
imagenet_r,n04147183,n04147183/art_1.jpg
imagenet_r,n04147183,n04147183/art_10.jpg
imagenet_r,n04147183,n04147183/art_11.jpg
imagenet_r,n04147183,n04147183/art_12.jpg
imagenet_r,n04147183,n04147183/art_13.jpg
imagenet_r,n04147183,n04147183/art_2.jpg
imagenet_r,n04147183,n04147183/art_3.jpg
imagenet_r,n04147183,n04147183/art_4.jpg
imagenet_r,n04147183,n04147183/art_5.jpg
imagenet_r,n04147183,n04147183/art_6.jpg
imagenet_r,n04147183,n04147183/art_7.jpg
imagenet_r,n04147183,n04147183/art_8.jpg
imagenet_r,n04147183,n04147183/art_9.jpg
imagenet_r,n04147183,n04147183/cartoon_0.jpg
imagenet_r,n04147183,n04147183/deviantart_0.jpg
imagenet_r,n04147183,n04147183/deviantart_1.jpg
imagenet_r,n04147183,n04147183/deviantart_10.jpg
imagenet_r,n04147183,n04147183/deviantart_11.jpg
imagenet_r,n04147183,n04147183/deviantart_12.jpg
imagenet_r,n04147183,n04147183/deviantart_13.jpg
imagenet_r,n04147183,n04147183/deviantart_14.jpg
imagenet_r,n04147183,n04147183/deviantart_15.jpg
imagenet_r,n04147183,n04147183/deviantart_16.jpg
imagenet_r,n04147183,n04147183/deviantart_17.jpg
imagenet_r,n04147183,n04147183/deviantart_2.jpg
imagenet_r,n04147183,n04147183/deviantart_3.jpg
imagenet_r,n04147183,n04147183/deviantart_4.jpg
imagenet_r,n04147183,n04147183/deviantart_5.jpg
imagenet_r,n04147183,n04147183/deviantart_6.jpg
imagenet_r,n04147183,n04147183/deviantart_7.jpg
imagenet_r,n04147183,n04147183/deviantart_8.jpg
imagenet_r,n04147183,n04147183/deviantart_9.jpg
imagenet_r,n04147183,n04147183/misc_0.jpg
imagenet_r,n04147183,n04147183/misc_1.jpg
imagenet_r,n04147183,n04147183/misc_2.jpg
imagenet_r,n04147183,n04147183/misc_3.jpg
imagenet_r,n04147183,n04147183/origami_0.jpg
imagenet_r,n04147183,n04147183/painting_0.jpg
imagenet_r,n04147183,n04147183/painting_1.jpg
imagenet_r,n04147183,n04147183/painting_10.jpg
imagenet_r,n04147183,n04147183/painting_11.jpg
imagenet_r,n04147183,n04147183/painting_12.jpg
imagenet_r,n04147183,n04147183/painting_13.jpg
imagenet_r,n04147183,n04147183/painting_14.jpg
imagenet_r,n04147183,n04147183/painting_15.jpg
imagenet_r,n04147183,n04147183/painting_16.jpg
imagenet_r,n04147183,n04147183/painting_17.jpg
imagenet_r,n04147183,n04147183/painting_18.jpg
imagenet_r,n04147183,n04147183/painting_19.jpg
imagenet_r,n04192698,n04192698/art_0.jpg
imagenet_r,n04192698,n04192698/art_1.jpg
imagenet_r,n04192698,n04192698/art_2.jpg
imagenet_r,n04192698,n04192698/art_3.jpg
imagenet_r,n04192698,n04192698/art_4.jpg
imagenet_r,n04192698,n04192698/art_5.jpg
imagenet_r,n04192698,n04192698/art_6.jpg
imagenet_r,n04192698,n04192698/art_7.jpg
imagenet_r,n04192698,n04192698/cartoon_0.jpg
imagenet_r,n04192698,n04192698/cartoon_1.jpg
imagenet_r,n04192698,n04192698/cartoon_10.jpg
imagenet_r,n04192698,n04192698/cartoon_11.jpg
imagenet_r,n04192698,n04192698/cartoon_12.jpg
imagenet_r,n04192698,n04192698/cartoon_13.jpg
imagenet_r,n04192698,n04192698/cartoon_14.jpg
imagenet_r,n04192698,n04192698/cartoon_15.jpg
imagenet_r,n04192698,n04192698/cartoon_16.jpg
imagenet_r,n04192698,n04192698/cartoon_17.jpg
imagenet_r,n04192698,n04192698/cartoon_2.jpg
imagenet_r,n04192698,n04192698/cartoon_3.jpg
imagenet_r,n04192698,n04192698/cartoon_4.jpg
imagenet_r,n04192698,n04192698/cartoon_5.jpg
imagenet_r,n04192698,n04192698/cartoon_6.jpg
imagenet_r,n04192698,n04192698/cartoon_7.jpg
imagenet_r,n04192698,n04192698/cartoon_8.jpg
imagenet_r,n04192698,n04192698/cartoon_9.jpg
imagenet_r,n04192698,n04192698/deviantart_0.jpg
imagenet_r,n04192698,n04192698/deviantart_1.jpg
imagenet_r,n04192698,n04192698/deviantart_10.jpg
imagenet_r,n04192698,n04192698/deviantart_11.jpg
imagenet_r,n04192698,n04192698/deviantart_12.jpg
imagenet_r,n04192698,n04192698/deviantart_13.jpg
imagenet_r,n04192698,n04192698/deviantart_14.jpg
imagenet_r,n04192698,n04192698/deviantart_15.jpg
imagenet_r,n04192698,n04192698/deviantart_16.jpg
imagenet_r,n04192698,n04192698/deviantart_17.jpg
imagenet_r,n04192698,n04192698/deviantart_18.jpg
imagenet_r,n04192698,n04192698/deviantart_19.jpg
imagenet_r,n04192698,n04192698/deviantart_2.jpg
imagenet_r,n04192698,n04192698/deviantart_20.jpg
imagenet_r,n04192698,n04192698/deviantart_21.jpg
imagenet_r,n04192698,n04192698/deviantart_22.jpg
imagenet_r,n04192698,n04192698/deviantart_23.jpg
imagenet_r,n04192698,n04192698/deviantart_24.jpg
imagenet_r,n04192698,n04192698/deviantart_3.jpg
imagenet_r,n04192698,n04192698/deviantart_4.jpg
imagenet_r,n04192698,n04192698/deviantart_5.jpg
imagenet_r,n04192698,n04192698/deviantart_6.jpg
imagenet_r,n04192698,n04192698/deviantart_7.jpg
imagenet_r,n04192698,n04192698/deviantart_8.jpg
imagenet_r,n04254680,n04254680/art_0.jpg
imagenet_r,n04254680,n04254680/art_1.jpg
imagenet_r,n04254680,n04254680/art_2.jpg
imagenet_r,n04254680,n04254680/art_3.jpg
imagenet_r,n04254680,n04254680/art_4.jpg
imagenet_r,n04254680,n04254680/art_5.jpg
imagenet_r,n04254680,n04254680/art_6.jpg
imagenet_r,n04254680,n04254680/art_7.jpg
imagenet_r,n04254680,n04254680/cartoon_0.jpg
imagenet_r,n04254680,n04254680/cartoon_1.jpg
imagenet_r,n04254680,n04254680/cartoon_10.jpg
imagenet_r,n04254680,n04254680/cartoon_11.jpg
imagenet_r,n04254680,n04254680/cartoon_12.jpg
imagenet_r,n04254680,n04254680/cartoon_13.jpg
imagenet_r,n04254680,n04254680/cartoon_14.jpg
imagenet_r,n04254680,n04254680/cartoon_15.jpg
imagenet_r,n04254680,n04254680/cartoon_16.jpg
imagenet_r,n04254680,n04254680/cartoon_17.jpg
imagenet_r,n04254680,n04254680/cartoon_18.jpg
imagenet_r,n04254680,n04254680/cartoon_19.jpg
imagenet_r,n04254680,n04254680/cartoon_2.jpg
imagenet_r,n04254680,n04254680/cartoon_20.jpg
imagenet_r,n04254680,n04254680/cartoon_3.jpg
imagenet_r,n04254680,n04254680/cartoon_4.jpg
imagenet_r,n04254680,n04254680/cartoon_5.jpg
imagenet_r,n04254680,n04254680/cartoon_6.jpg
imagenet_r,n04254680,n04254680/cartoon_7.jpg
imagenet_r,n04254680,n04254680/cartoon_8.jpg
imagenet_r,n04254680,n04254680/cartoon_9.jpg
imagenet_r,n04254680,n04254680/deviantart_0.jpg
imagenet_r,n04254680,n04254680/deviantart_1.jpg
imagenet_r,n04254680,n04254680/deviantart_10.jpg
imagenet_r,n04254680,n04254680/deviantart_11.jpg
imagenet_r,n04254680,n04254680/deviantart_12.jpg
imagenet_r,n04254680,n04254680/deviantart_13.jpg
imagenet_r,n04254680,n04254680/deviantart_14.jpg
imagenet_r,n04254680,n04254680/deviantart_15.jpg
imagenet_r,n04254680,n04254680/deviantart_16.jpg
imagenet_r,n04254680,n04254680/deviantart_17.jpg
imagenet_r,n04254680,n04254680/deviantart_18.jpg
imagenet_r,n04254680,n04254680/deviantart_19.jpg
imagenet_r,n04254680,n04254680/deviantart_2.jpg
imagenet_r,n04254680,n04254680/deviantart_20.jpg
imagenet_r,n04254680,n04254680/deviantart_21.jpg
imagenet_r,n04254680,n04254680/deviantart_22.jpg
imagenet_r,n04254680,n04254680/deviantart_23.jpg
imagenet_r,n04254680,n04254680/deviantart_24.jpg
imagenet_r,n04254680,n04254680/deviantart_25.jpg
imagenet_r,n04254680,n04254680/deviantart_26.jpg
imagenet_r,n04254680,n04254680/deviantart_27.jpg
imagenet_r,n04266014,n04266014/art_0.jpg
imagenet_r,n04266014,n04266014/art_1.jpg
imagenet_r,n04266014,n04266014/art_2.jpg
imagenet_r,n04266014,n04266014/art_3.jpg
imagenet_r,n04266014,n04266014/art_4.jpg
imagenet_r,n04266014,n04266014/art_5.jpg
imagenet_r,n04266014,n04266014/art_6.jpg
imagenet_r,n04266014,n04266014/cartoon_0.jpg
imagenet_r,n04266014,n04266014/cartoon_1.jpg
imagenet_r,n04266014,n04266014/cartoon_10.jpg
imagenet_r,n04266014,n04266014/cartoon_11.jpg
imagenet_r,n04266014,n04266014/cartoon_12.jpg
imagenet_r,n04266014,n04266014/cartoon_13.jpg
imagenet_r,n04266014,n04266014/cartoon_14.jpg
imagenet_r,n04266014,n04266014/cartoon_15.jpg
imagenet_r,n04266014,n04266014/cartoon_16.jpg
imagenet_r,n04266014,n04266014/cartoon_17.jpg
imagenet_r,n04266014,n04266014/cartoon_18.jpg
imagenet_r,n04266014,n04266014/cartoon_19.jpg
imagenet_r,n04266014,n04266014/cartoon_2.jpg
imagenet_r,n04266014,n04266014/cartoon_20.jpg
imagenet_r,n04266014,n04266014/cartoon_21.jpg
imagenet_r,n04266014,n04266014/cartoon_22.jpg
imagenet_r,n04266014,n04266014/cartoon_23.jpg
imagenet_r,n04266014,n04266014/cartoon_24.jpg
imagenet_r,n04266014,n04266014/cartoon_25.jpg
imagenet_r,n04266014,n04266014/cartoon_26.jpg
imagenet_r,n04266014,n04266014/cartoon_27.jpg
imagenet_r,n04266014,n04266014/cartoon_28.jpg
imagenet_r,n04266014,n04266014/cartoon_29.jpg
imagenet_r,n04266014,n04266014/cartoon_3.jpg
imagenet_r,n04266014,n04266014/cartoon_30.jpg
imagenet_r,n04266014,n04266014/cartoon_31.jpg
imagenet_r,n04266014,n04266014/cartoon_32.jpg
imagenet_r,n04266014,n04266014/cartoon_33.jpg
imagenet_r,n04266014,n04266014/cartoon_34.jpg
imagenet_r,n04266014,n04266014/cartoon_35.jpg
imagenet_r,n04266014,n04266014/cartoon_36.jpg
imagenet_r,n04266014,n04266014/cartoon_37.jpg
imagenet_r,n04266014,n04266014/cartoon_38.jpg
imagenet_r,n04266014,n04266014/cartoon_39.jpg
imagenet_r,n04266014,n04266014/cartoon_4.jpg
imagenet_r,n04266014,n04266014/cartoon_40.jpg
imagenet_r,n04266014,n04266014/cartoon_41.jpg
imagenet_r,n04266014,n04266014/cartoon_42.jpg
imagenet_r,n04266014,n04266014/cartoon_5.jpg
imagenet_r,n04266014,n04266014/cartoon_6.jpg
imagenet_r,n04266014,n04266014/cartoon_7.jpg
imagenet_r,n04266014,n04266014/cartoon_8.jpg
imagenet_r,n04266014,n04266014/cartoon_9.jpg
imagenet_r,n04275548,n04275548/art_0.jpg
imagenet_r,n04275548,n04275548/art_1.jpg
imagenet_r,n04275548,n04275548/art_2.jpg
imagenet_r,n04275548,n04275548/art_3.jpg
imagenet_r,n04275548,n04275548/art_4.jpg
imagenet_r,n04275548,n04275548/art_5.jpg
imagenet_r,n04275548,n04275548/cartoon_0.jpg
imagenet_r,n04275548,n04275548/cartoon_1.jpg
imagenet_r,n04275548,n04275548/cartoon_10.jpg
imagenet_r,n04275548,n04275548/cartoon_11.jpg
imagenet_r,n04275548,n04275548/cartoon_12.jpg
imagenet_r,n04275548,n04275548/cartoon_2.jpg
imagenet_r,n04275548,n04275548/cartoon_3.jpg
imagenet_r,n04275548,n04275548/cartoon_4.jpg
imagenet_r,n04275548,n04275548/cartoon_5.jpg
imagenet_r,n04275548,n04275548/cartoon_6.jpg
imagenet_r,n04275548,n04275548/cartoon_7.jpg
imagenet_r,n04275548,n04275548/cartoon_8.jpg
imagenet_r,n04275548,n04275548/cartoon_9.jpg
imagenet_r,n04275548,n04275548/deviantart_0.jpg
imagenet_r,n04275548,n04275548/deviantart_1.jpg
imagenet_r,n04275548,n04275548/deviantart_2.jpg
imagenet_r,n04275548,n04275548/deviantart_3.jpg
imagenet_r,n04275548,n04275548/deviantart_4.jpg
imagenet_r,n04275548,n04275548/deviantart_5.jpg
imagenet_r,n04275548,n04275548/embroidery_0.jpg
imagenet_r,n04275548,n04275548/embroidery_1.jpg
imagenet_r,n04275548,n04275548/embroidery_10.jpg
imagenet_r,n04275548,n04275548/embroidery_11.jpg
imagenet_r,n04275548,n04275548/embroidery_12.jpg
imagenet_r,n04275548,n04275548/embroidery_13.jpg
imagenet_r,n04275548,n04275548/embroidery_14.jpg
imagenet_r,n04275548,n04275548/embroidery_15.jpg
imagenet_r,n04275548,n04275548/embroidery_16.jpg
imagenet_r,n04275548,n04275548/embroidery_17.jpg
imagenet_r,n04275548,n04275548/embroidery_18.jpg
imagenet_r,n04275548,n04275548/embroidery_2.jpg
imagenet_r,n04275548,n04275548/embroidery_3.jpg
imagenet_r,n04275548,n04275548/embroidery_4.jpg
imagenet_r,n04275548,n04275548/embroidery_5.jpg
imagenet_r,n04275548,n04275548/embroidery_6.jpg
imagenet_r,n04275548,n04275548/embroidery_7.jpg
imagenet_r,n04275548,n04275548/embroidery_8.jpg
imagenet_r,n04275548,n04275548/embroidery_9.jpg
imagenet_r,n04275548,n04275548/graffiti_0.jpg
imagenet_r,n04275548,n04275548/graffiti_1.jpg
imagenet_r,n04275548,n04275548/graffiti_2.jpg
imagenet_r,n04275548,n04275548/graffiti_3.jpg
imagenet_r,n04275548,n04275548/graffiti_4.jpg
imagenet_r,n04275548,n04275548/graphic_0.jpg
imagenet_r,n04310018,n04310018/art_0.jpg
imagenet_r,n04310018,n04310018/art_1.jpg
imagenet_r,n04310018,n04310018/art_10.jpg
imagenet_r,n04310018,n04310018/art_11.jpg
imagenet_r,n04310018,n04310018/art_12.jpg
imagenet_r,n04310018,n04310018/art_13.jpg
imagenet_r,n04310018,n04310018/art_14.jpg
imagenet_r,n04310018,n04310018/art_15.jpg
imagenet_r,n04310018,n04310018/art_16.jpg
imagenet_r,n04310018,n04310018/art_17.jpg
imagenet_r,n04310018,n04310018/art_18.jpg
imagenet_r,n04310018,n04310018/art_19.jpg
imagenet_r,n04310018,n04310018/art_2.jpg
imagenet_r,n04310018,n04310018/art_20.jpg
imagenet_r,n04310018,n04310018/art_21.jpg
imagenet_r,n04310018,n04310018/art_22.jpg
imagenet_r,n04310018,n04310018/art_3.jpg
imagenet_r,n04310018,n04310018/art_4.jpg
imagenet_r,n04310018,n04310018/art_5.jpg
imagenet_r,n04310018,n04310018/art_6.jpg
imagenet_r,n04310018,n04310018/art_7.jpg
imagenet_r,n04310018,n04310018/art_8.jpg
imagenet_r,n04310018,n04310018/art_9.jpg
imagenet_r,n04310018,n04310018/cartoon_0.jpg
imagenet_r,n04310018,n04310018/cartoon_1.jpg
imagenet_r,n04310018,n04310018/cartoon_2.jpg
imagenet_r,n04310018,n04310018/cartoon_3.jpg
imagenet_r,n04310018,n04310018/cartoon_4.jpg
imagenet_r,n04310018,n04310018/cartoon_5.jpg
imagenet_r,n04310018,n04310018/cartoon_6.jpg
imagenet_r,n04310018,n04310018/cartoon_7.jpg
imagenet_r,n04310018,n04310018/deviantart_0.jpg
imagenet_r,n04310018,n04310018/deviantart_1.jpg
imagenet_r,n04310018,n04310018/deviantart_10.jpg
imagenet_r,n04310018,n04310018/deviantart_11.jpg
imagenet_r,n04310018,n04310018/deviantart_12.jpg
imagenet_r,n04310018,n04310018/deviantart_13.jpg
imagenet_r,n04310018,n04310018/deviantart_14.jpg
imagenet_r,n04310018,n04310018/deviantart_15.jpg
imagenet_r,n04310018,n04310018/deviantart_16.jpg
imagenet_r,n04310018,n04310018/deviantart_2.jpg
imagenet_r,n04310018,n04310018/deviantart_3.jpg
imagenet_r,n04310018,n04310018/deviantart_4.jpg
imagenet_r,n04310018,n04310018/deviantart_5.jpg
imagenet_r,n04310018,n04310018/deviantart_6.jpg
imagenet_r,n04310018,n04310018/deviantart_7.jpg
imagenet_r,n04310018,n04310018/deviantart_8.jpg
imagenet_r,n04310018,n04310018/deviantart_9.jpg
imagenet_r,n04310018,n04310018/embroidery_0.jpg
imagenet_r,n04310018,n04310018/graffiti_0.jpg
imagenet_r,n04325704,n04325704/art_0.jpg
imagenet_r,n04325704,n04325704/art_1.jpg
imagenet_r,n04325704,n04325704/art_2.jpg
imagenet_r,n04325704,n04325704/art_3.jpg
imagenet_r,n04325704,n04325704/cartoon_0.jpg
imagenet_r,n04325704,n04325704/cartoon_1.jpg
imagenet_r,n04325704,n04325704/cartoon_10.jpg
imagenet_r,n04325704,n04325704/cartoon_11.jpg
imagenet_r,n04325704,n04325704/cartoon_12.jpg
imagenet_r,n04325704,n04325704/cartoon_13.jpg
imagenet_r,n04325704,n04325704/cartoon_14.jpg
imagenet_r,n04325704,n04325704/cartoon_15.jpg
imagenet_r,n04325704,n04325704/cartoon_16.jpg
imagenet_r,n04325704,n04325704/cartoon_17.jpg
imagenet_r,n04325704,n04325704/cartoon_18.jpg
imagenet_r,n04325704,n04325704/cartoon_19.jpg
imagenet_r,n04325704,n04325704/cartoon_2.jpg
imagenet_r,n04325704,n04325704/cartoon_20.jpg
imagenet_r,n04325704,n04325704/cartoon_21.jpg
imagenet_r,n04325704,n04325704/cartoon_22.jpg
imagenet_r,n04325704,n04325704/cartoon_23.jpg
imagenet_r,n04325704,n04325704/cartoon_24.jpg
imagenet_r,n04325704,n04325704/cartoon_25.jpg
imagenet_r,n04325704,n04325704/cartoon_26.jpg
imagenet_r,n04325704,n04325704/cartoon_27.jpg
imagenet_r,n04325704,n04325704/cartoon_28.jpg
imagenet_r,n04325704,n04325704/cartoon_29.jpg
imagenet_r,n04325704,n04325704/cartoon_3.jpg
imagenet_r,n04325704,n04325704/cartoon_30.jpg
imagenet_r,n04325704,n04325704/cartoon_31.jpg
imagenet_r,n04325704,n04325704/cartoon_32.jpg
imagenet_r,n04325704,n04325704/cartoon_4.jpg
imagenet_r,n04325704,n04325704/cartoon_5.jpg
imagenet_r,n04325704,n04325704/cartoon_6.jpg
imagenet_r,n04325704,n04325704/cartoon_7.jpg
imagenet_r,n04325704,n04325704/cartoon_8.jpg
imagenet_r,n04325704,n04325704/cartoon_9.jpg
imagenet_r,n04325704,n04325704/deviantart_0.jpg
imagenet_r,n04325704,n04325704/deviantart_1.jpg
imagenet_r,n04325704,n04325704/deviantart_10.jpg
imagenet_r,n04325704,n04325704/deviantart_11.jpg
imagenet_r,n04325704,n04325704/deviantart_12.jpg
imagenet_r,n04325704,n04325704/deviantart_13.jpg
imagenet_r,n04325704,n04325704/deviantart_14.jpg
imagenet_r,n04325704,n04325704/deviantart_15.jpg
imagenet_r,n04325704,n04325704/deviantart_2.jpg
imagenet_r,n04325704,n04325704/deviantart_3.jpg
imagenet_r,n04325704,n04325704/deviantart_4.jpg
imagenet_r,n04325704,n04325704/deviantart_5.jpg
imagenet_r,n04325704,n04325704/deviantart_6.jpg
imagenet_r,n04347754,n04347754/art_0.jpg
imagenet_r,n04347754,n04347754/art_1.jpg
imagenet_r,n04347754,n04347754/art_2.jpg
imagenet_r,n04347754,n04347754/art_3.jpg
imagenet_r,n04347754,n04347754/art_4.jpg
imagenet_r,n04347754,n04347754/art_5.jpg
imagenet_r,n04347754,n04347754/art_6.jpg
imagenet_r,n04347754,n04347754/art_7.jpg
imagenet_r,n04347754,n04347754/art_8.jpg
imagenet_r,n04347754,n04347754/art_9.jpg
imagenet_r,n04347754,n04347754/cartoon_0.jpg
imagenet_r,n04347754,n04347754/cartoon_1.jpg
imagenet_r,n04347754,n04347754/cartoon_10.jpg
imagenet_r,n04347754,n04347754/cartoon_11.jpg
imagenet_r,n04347754,n04347754/cartoon_12.jpg
imagenet_r,n04347754,n04347754/cartoon_13.jpg
imagenet_r,n04347754,n04347754/cartoon_14.jpg
imagenet_r,n04347754,n04347754/cartoon_15.jpg
imagenet_r,n04347754,n04347754/cartoon_2.jpg
imagenet_r,n04347754,n04347754/cartoon_3.jpg
imagenet_r,n04347754,n04347754/cartoon_4.jpg
imagenet_r,n04347754,n04347754/cartoon_5.jpg
imagenet_r,n04347754,n04347754/cartoon_6.jpg
imagenet_r,n04347754,n04347754/cartoon_7.jpg
imagenet_r,n04347754,n04347754/cartoon_8.jpg
imagenet_r,n04347754,n04347754/cartoon_9.jpg
imagenet_r,n04347754,n04347754/deviantart_0.jpg
imagenet_r,n04347754,n04347754/deviantart_1.jpg
imagenet_r,n04347754,n04347754/deviantart_2.jpg
imagenet_r,n04347754,n04347754/deviantart_3.jpg
imagenet_r,n04347754,n04347754/deviantart_4.jpg
imagenet_r,n04347754,n04347754/deviantart_5.jpg
imagenet_r,n04347754,n04347754/deviantart_6.jpg
imagenet_r,n04347754,n04347754/embroidery_0.jpg
imagenet_r,n04347754,n04347754/embroidery_1.jpg
imagenet_r,n04347754,n04347754/graffiti_0.jpg
imagenet_r,n04347754,n04347754/graffiti_1.jpg
imagenet_r,n04347754,n04347754/graffiti_2.jpg
imagenet_r,n04347754,n04347754/graffiti_3.jpg
imagenet_r,n04347754,n04347754/graffiti_4.jpg
imagenet_r,n04347754,n04347754/graffiti_5.jpg
imagenet_r,n04347754,n04347754/graffiti_6.jpg
imagenet_r,n04347754,n04347754/graffiti_7.jpg
imagenet_r,n04347754,n04347754/graffiti_8.jpg
imagenet_r,n04347754,n04347754/graphic_0.jpg
imagenet_r,n04347754,n04347754/misc_0.jpg
imagenet_r,n04347754,n04347754/misc_1.jpg
imagenet_r,n04347754,n04347754/misc_2.jpg
imagenet_r,n04347754,n04347754/misc_3.jpg
imagenet_r,n04347754,n04347754/misc_4.jpg
imagenet_r,n04389033,n04389033/art_0.jpg
imagenet_r,n04389033,n04389033/art_1.jpg
imagenet_r,n04389033,n04389033/art_2.jpg
imagenet_r,n04389033,n04389033/art_3.jpg
imagenet_r,n04389033,n04389033/art_4.jpg
imagenet_r,n04389033,n04389033/art_5.jpg
imagenet_r,n04389033,n04389033/art_6.jpg
imagenet_r,n04389033,n04389033/art_7.jpg
imagenet_r,n04389033,n04389033/art_8.jpg
imagenet_r,n04389033,n04389033/art_9.jpg
imagenet_r,n04389033,n04389033/cartoon_0.jpg
imagenet_r,n04389033,n04389033/cartoon_1.jpg
imagenet_r,n04389033,n04389033/cartoon_10.jpg
imagenet_r,n04389033,n04389033/cartoon_11.jpg
imagenet_r,n04389033,n04389033/cartoon_12.jpg
imagenet_r,n04389033,n04389033/cartoon_2.jpg
imagenet_r,n04389033,n04389033/cartoon_3.jpg
imagenet_r,n04389033,n04389033/cartoon_4.jpg
imagenet_r,n04389033,n04389033/cartoon_5.jpg
imagenet_r,n04389033,n04389033/cartoon_6.jpg
imagenet_r,n04389033,n04389033/cartoon_7.jpg
imagenet_r,n04389033,n04389033/cartoon_8.jpg
imagenet_r,n04389033,n04389033/cartoon_9.jpg
imagenet_r,n04389033,n04389033/deviantart_0.jpg
imagenet_r,n04389033,n04389033/deviantart_1.jpg
imagenet_r,n04389033,n04389033/deviantart_10.jpg
imagenet_r,n04389033,n04389033/deviantart_11.jpg
imagenet_r,n04389033,n04389033/deviantart_12.jpg
imagenet_r,n04389033,n04389033/deviantart_13.jpg
imagenet_r,n04389033,n04389033/deviantart_14.jpg
imagenet_r,n04389033,n04389033/deviantart_15.jpg
imagenet_r,n04389033,n04389033/deviantart_16.jpg
imagenet_r,n04389033,n04389033/deviantart_17.jpg
imagenet_r,n04389033,n04389033/deviantart_18.jpg
imagenet_r,n04389033,n04389033/deviantart_19.jpg
imagenet_r,n04389033,n04389033/deviantart_2.jpg
imagenet_r,n04389033,n04389033/deviantart_20.jpg
imagenet_r,n04389033,n04389033/deviantart_21.jpg
imagenet_r,n04389033,n04389033/deviantart_22.jpg
imagenet_r,n04389033,n04389033/deviantart_23.jpg
imagenet_r,n04389033,n04389033/deviantart_24.jpg
imagenet_r,n04389033,n04389033/deviantart_3.jpg
imagenet_r,n04389033,n04389033/deviantart_4.jpg
imagenet_r,n04389033,n04389033/deviantart_5.jpg
imagenet_r,n04389033,n04389033/deviantart_6.jpg
imagenet_r,n04389033,n04389033/deviantart_7.jpg
imagenet_r,n04389033,n04389033/deviantart_8.jpg
imagenet_r,n04389033,n04389033/deviantart_9.jpg
imagenet_r,n04389033,n04389033/embroidery_0.jpg
imagenet_r,n04389033,n04389033/graffiti_0.jpg
imagenet_r,n04409515,n04409515/art_0.jpg
imagenet_r,n04409515,n04409515/art_1.jpg
imagenet_r,n04409515,n04409515/art_2.jpg
imagenet_r,n04409515,n04409515/art_3.jpg
imagenet_r,n04409515,n04409515/art_4.jpg
imagenet_r,n04409515,n04409515/art_5.jpg
imagenet_r,n04409515,n04409515/art_6.jpg
imagenet_r,n04409515,n04409515/cartoon_0.jpg
imagenet_r,n04409515,n04409515/cartoon_1.jpg
imagenet_r,n04409515,n04409515/cartoon_10.jpg
imagenet_r,n04409515,n04409515/cartoon_11.jpg
imagenet_r,n04409515,n04409515/cartoon_12.jpg
imagenet_r,n04409515,n04409515/cartoon_13.jpg
imagenet_r,n04409515,n04409515/cartoon_14.jpg
imagenet_r,n04409515,n04409515/cartoon_15.jpg
imagenet_r,n04409515,n04409515/cartoon_16.jpg
imagenet_r,n04409515,n04409515/cartoon_17.jpg
imagenet_r,n04409515,n04409515/cartoon_18.jpg
imagenet_r,n04409515,n04409515/cartoon_19.jpg
imagenet_r,n04409515,n04409515/cartoon_2.jpg
imagenet_r,n04409515,n04409515/cartoon_20.jpg
imagenet_r,n04409515,n04409515/cartoon_21.jpg
imagenet_r,n04409515,n04409515/cartoon_22.jpg
imagenet_r,n04409515,n04409515/cartoon_23.jpg
imagenet_r,n04409515,n04409515/cartoon_24.jpg
imagenet_r,n04409515,n04409515/cartoon_25.jpg
imagenet_r,n04409515,n04409515/cartoon_3.jpg
imagenet_r,n04409515,n04409515/cartoon_4.jpg
imagenet_r,n04409515,n04409515/cartoon_5.jpg
imagenet_r,n04409515,n04409515/cartoon_6.jpg
imagenet_r,n04409515,n04409515/cartoon_7.jpg
imagenet_r,n04409515,n04409515/cartoon_8.jpg
imagenet_r,n04409515,n04409515/cartoon_9.jpg
imagenet_r,n04409515,n04409515/deviantart_0.jpg
imagenet_r,n04409515,n04409515/deviantart_1.jpg
imagenet_r,n04409515,n04409515/deviantart_10.jpg
imagenet_r,n04409515,n04409515/deviantart_11.jpg
imagenet_r,n04409515,n04409515/deviantart_12.jpg
imagenet_r,n04409515,n04409515/deviantart_13.jpg
imagenet_r,n04409515,n04409515/deviantart_14.jpg
imagenet_r,n04409515,n04409515/deviantart_15.jpg
imagenet_r,n04409515,n04409515/deviantart_16.jpg
imagenet_r,n04409515,n04409515/deviantart_17.jpg
imagenet_r,n04409515,n04409515/deviantart_2.jpg
imagenet_r,n04409515,n04409515/deviantart_3.jpg
imagenet_r,n04409515,n04409515/deviantart_4.jpg
imagenet_r,n04409515,n04409515/deviantart_5.jpg
imagenet_r,n04409515,n04409515/deviantart_6.jpg
imagenet_r,n04409515,n04409515/deviantart_7.jpg
imagenet_r,n04409515,n04409515/deviantart_8.jpg
imagenet_r,n04465501,n04465501/art_0.jpg
imagenet_r,n04465501,n04465501/art_1.jpg
imagenet_r,n04465501,n04465501/art_2.jpg
imagenet_r,n04465501,n04465501/art_3.jpg
imagenet_r,n04465501,n04465501/art_4.jpg
imagenet_r,n04465501,n04465501/art_5.jpg
imagenet_r,n04465501,n04465501/cartoon_0.jpg
imagenet_r,n04465501,n04465501/cartoon_1.jpg
imagenet_r,n04465501,n04465501/cartoon_10.jpg
imagenet_r,n04465501,n04465501/cartoon_11.jpg
imagenet_r,n04465501,n04465501/cartoon_12.jpg
imagenet_r,n04465501,n04465501/cartoon_13.jpg
imagenet_r,n04465501,n04465501/cartoon_14.jpg
imagenet_r,n04465501,n04465501/cartoon_15.jpg
imagenet_r,n04465501,n04465501/cartoon_16.jpg
imagenet_r,n04465501,n04465501/cartoon_17.jpg
imagenet_r,n04465501,n04465501/cartoon_18.jpg
imagenet_r,n04465501,n04465501/cartoon_19.jpg
imagenet_r,n04465501,n04465501/cartoon_2.jpg
imagenet_r,n04465501,n04465501/cartoon_3.jpg
imagenet_r,n04465501,n04465501/cartoon_4.jpg
imagenet_r,n04465501,n04465501/cartoon_5.jpg
imagenet_r,n04465501,n04465501/cartoon_6.jpg
imagenet_r,n04465501,n04465501/cartoon_7.jpg
imagenet_r,n04465501,n04465501/cartoon_8.jpg
imagenet_r,n04465501,n04465501/cartoon_9.jpg
imagenet_r,n04465501,n04465501/deviantart_0.jpg
imagenet_r,n04465501,n04465501/deviantart_1.jpg
imagenet_r,n04465501,n04465501/deviantart_10.jpg
imagenet_r,n04465501,n04465501/deviantart_11.jpg
imagenet_r,n04465501,n04465501/deviantart_12.jpg
imagenet_r,n04465501,n04465501/deviantart_13.jpg
imagenet_r,n04465501,n04465501/deviantart_14.jpg
imagenet_r,n04465501,n04465501/deviantart_15.jpg
imagenet_r,n04465501,n04465501/deviantart_16.jpg
imagenet_r,n04465501,n04465501/deviantart_17.jpg
imagenet_r,n04465501,n04465501/deviantart_2.jpg
imagenet_r,n04465501,n04465501/deviantart_3.jpg
imagenet_r,n04465501,n04465501/deviantart_4.jpg
imagenet_r,n04465501,n04465501/deviantart_5.jpg
imagenet_r,n04465501,n04465501/deviantart_6.jpg
imagenet_r,n04465501,n04465501/deviantart_7.jpg
imagenet_r,n04465501,n04465501/deviantart_8.jpg
imagenet_r,n04465501,n04465501/deviantart_9.jpg
imagenet_r,n04465501,n04465501/embroidery_0.jpg
imagenet_r,n04465501,n04465501/embroidery_1.jpg
imagenet_r,n04465501,n04465501/embroidery_2.jpg
imagenet_r,n04465501,n04465501/embroidery_3.jpg
imagenet_r,n04465501,n04465501/embroidery_4.jpg
imagenet_r,n04465501,n04465501/embroidery_5.jpg
imagenet_r,n04487394,n04487394/art_0.jpg
imagenet_r,n04487394,n04487394/art_1.jpg
imagenet_r,n04487394,n04487394/art_2.jpg
imagenet_r,n04487394,n04487394/art_3.jpg
imagenet_r,n04487394,n04487394/art_4.jpg
imagenet_r,n04487394,n04487394/art_5.jpg
imagenet_r,n04487394,n04487394/cartoon_0.jpg
imagenet_r,n04487394,n04487394/cartoon_1.jpg
imagenet_r,n04487394,n04487394/cartoon_10.jpg
imagenet_r,n04487394,n04487394/cartoon_11.jpg
imagenet_r,n04487394,n04487394/cartoon_12.jpg
imagenet_r,n04487394,n04487394/cartoon_13.jpg
imagenet_r,n04487394,n04487394/cartoon_14.jpg
imagenet_r,n04487394,n04487394/cartoon_15.jpg
imagenet_r,n04487394,n04487394/cartoon_16.jpg
imagenet_r,n04487394,n04487394/cartoon_17.jpg
imagenet_r,n04487394,n04487394/cartoon_18.jpg
imagenet_r,n04487394,n04487394/cartoon_19.jpg
imagenet_r,n04487394,n04487394/cartoon_2.jpg
imagenet_r,n04487394,n04487394/cartoon_20.jpg
imagenet_r,n04487394,n04487394/cartoon_21.jpg
imagenet_r,n04487394,n04487394/cartoon_22.jpg
imagenet_r,n04487394,n04487394/cartoon_23.jpg
imagenet_r,n04487394,n04487394/cartoon_24.jpg
imagenet_r,n04487394,n04487394/cartoon_25.jpg
imagenet_r,n04487394,n04487394/cartoon_26.jpg
imagenet_r,n04487394,n04487394/cartoon_27.jpg
imagenet_r,n04487394,n04487394/cartoon_28.jpg
imagenet_r,n04487394,n04487394/cartoon_29.jpg
imagenet_r,n04487394,n04487394/cartoon_3.jpg
imagenet_r,n04487394,n04487394/cartoon_30.jpg
imagenet_r,n04487394,n04487394/cartoon_31.jpg
imagenet_r,n04487394,n04487394/cartoon_32.jpg
imagenet_r,n04487394,n04487394/cartoon_33.jpg
imagenet_r,n04487394,n04487394/cartoon_4.jpg
imagenet_r,n04487394,n04487394/cartoon_5.jpg
imagenet_r,n04487394,n04487394/cartoon_6.jpg
imagenet_r,n04487394,n04487394/cartoon_7.jpg
imagenet_r,n04487394,n04487394/cartoon_8.jpg
imagenet_r,n04487394,n04487394/cartoon_9.jpg
imagenet_r,n04487394,n04487394/deviantart_0.jpg
imagenet_r,n04487394,n04487394/deviantart_1.jpg
imagenet_r,n04487394,n04487394/deviantart_10.jpg
imagenet_r,n04487394,n04487394/deviantart_11.jpg
imagenet_r,n04487394,n04487394/deviantart_12.jpg
imagenet_r,n04487394,n04487394/deviantart_13.jpg
imagenet_r,n04487394,n04487394/deviantart_2.jpg
imagenet_r,n04487394,n04487394/deviantart_3.jpg
imagenet_r,n04487394,n04487394/deviantart_4.jpg
imagenet_r,n04487394,n04487394/deviantart_5.jpg
imagenet_r,n04522168,n04522168/art_0.jpg
imagenet_r,n04522168,n04522168/art_1.jpg
imagenet_r,n04522168,n04522168/art_2.jpg
imagenet_r,n04522168,n04522168/art_3.jpg
imagenet_r,n04522168,n04522168/art_4.jpg
imagenet_r,n04522168,n04522168/art_5.jpg
imagenet_r,n04522168,n04522168/art_6.jpg
imagenet_r,n04522168,n04522168/cartoon_0.jpg
imagenet_r,n04522168,n04522168/cartoon_1.jpg
imagenet_r,n04522168,n04522168/cartoon_10.jpg
imagenet_r,n04522168,n04522168/cartoon_11.jpg
imagenet_r,n04522168,n04522168/cartoon_12.jpg
imagenet_r,n04522168,n04522168/cartoon_13.jpg
imagenet_r,n04522168,n04522168/cartoon_14.jpg
imagenet_r,n04522168,n04522168/cartoon_15.jpg
imagenet_r,n04522168,n04522168/cartoon_16.jpg
imagenet_r,n04522168,n04522168/cartoon_17.jpg
imagenet_r,n04522168,n04522168/cartoon_18.jpg
imagenet_r,n04522168,n04522168/cartoon_19.jpg
imagenet_r,n04522168,n04522168/cartoon_2.jpg
imagenet_r,n04522168,n04522168/cartoon_20.jpg
imagenet_r,n04522168,n04522168/cartoon_21.jpg
imagenet_r,n04522168,n04522168/cartoon_22.jpg
imagenet_r,n04522168,n04522168/cartoon_23.jpg
imagenet_r,n04522168,n04522168/cartoon_24.jpg
imagenet_r,n04522168,n04522168/cartoon_25.jpg
imagenet_r,n04522168,n04522168/cartoon_26.jpg
imagenet_r,n04522168,n04522168/cartoon_27.jpg
imagenet_r,n04522168,n04522168/cartoon_28.jpg
imagenet_r,n04522168,n04522168/cartoon_29.jpg
imagenet_r,n04522168,n04522168/cartoon_3.jpg
imagenet_r,n04522168,n04522168/cartoon_4.jpg
imagenet_r,n04522168,n04522168/cartoon_5.jpg
imagenet_r,n04522168,n04522168/cartoon_6.jpg
imagenet_r,n04522168,n04522168/cartoon_7.jpg
imagenet_r,n04522168,n04522168/cartoon_8.jpg
imagenet_r,n04522168,n04522168/cartoon_9.jpg
imagenet_r,n04522168,n04522168/deviantart_0.jpg
imagenet_r,n04522168,n04522168/deviantart_1.jpg
imagenet_r,n04522168,n04522168/deviantart_2.jpg
imagenet_r,n04522168,n04522168/deviantart_3.jpg
imagenet_r,n04522168,n04522168/deviantart_4.jpg
imagenet_r,n04522168,n04522168/deviantart_5.jpg
imagenet_r,n04522168,n04522168/deviantart_6.jpg
imagenet_r,n04522168,n04522168/deviantart_7.jpg
imagenet_r,n04522168,n04522168/deviantart_8.jpg
imagenet_r,n04522168,n04522168/deviantart_9.jpg
imagenet_r,n04522168,n04522168/embroidery_0.jpg
imagenet_r,n04522168,n04522168/embroidery_1.jpg
imagenet_r,n04522168,n04522168/embroidery_10.jpg
imagenet_r,n04536866,n04536866/art_0.jpg
imagenet_r,n04536866,n04536866/art_1.jpg
imagenet_r,n04536866,n04536866/art_2.jpg
imagenet_r,n04536866,n04536866/art_3.jpg
imagenet_r,n04536866,n04536866/art_4.jpg
imagenet_r,n04536866,n04536866/art_5.jpg
imagenet_r,n04536866,n04536866/art_6.jpg
imagenet_r,n04536866,n04536866/cartoon_0.jpg
imagenet_r,n04536866,n04536866/cartoon_1.jpg
imagenet_r,n04536866,n04536866/cartoon_10.jpg
imagenet_r,n04536866,n04536866/cartoon_11.jpg
imagenet_r,n04536866,n04536866/cartoon_12.jpg
imagenet_r,n04536866,n04536866/cartoon_13.jpg
imagenet_r,n04536866,n04536866/cartoon_14.jpg
imagenet_r,n04536866,n04536866/cartoon_15.jpg
imagenet_r,n04536866,n04536866/cartoon_16.jpg
imagenet_r,n04536866,n04536866/cartoon_17.jpg
imagenet_r,n04536866,n04536866/cartoon_18.jpg
imagenet_r,n04536866,n04536866/cartoon_19.jpg
imagenet_r,n04536866,n04536866/cartoon_2.jpg
imagenet_r,n04536866,n04536866/cartoon_20.jpg
imagenet_r,n04536866,n04536866/cartoon_21.jpg
imagenet_r,n04536866,n04536866/cartoon_22.jpg
imagenet_r,n04536866,n04536866/cartoon_23.jpg
imagenet_r,n04536866,n04536866/cartoon_24.jpg
imagenet_r,n04536866,n04536866/cartoon_25.jpg
imagenet_r,n04536866,n04536866/cartoon_26.jpg
imagenet_r,n04536866,n04536866/cartoon_27.jpg
imagenet_r,n04536866,n04536866/cartoon_3.jpg
imagenet_r,n04536866,n04536866/cartoon_4.jpg
imagenet_r,n04536866,n04536866/cartoon_5.jpg
imagenet_r,n04536866,n04536866/cartoon_6.jpg
imagenet_r,n04536866,n04536866/cartoon_7.jpg
imagenet_r,n04536866,n04536866/cartoon_8.jpg
imagenet_r,n04536866,n04536866/cartoon_9.jpg
imagenet_r,n04536866,n04536866/deviantart_0.jpg
imagenet_r,n04536866,n04536866/deviantart_1.jpg
imagenet_r,n04536866,n04536866/deviantart_10.jpg
imagenet_r,n04536866,n04536866/deviantart_11.jpg
imagenet_r,n04536866,n04536866/deviantart_12.jpg
imagenet_r,n04536866,n04536866/deviantart_13.jpg
imagenet_r,n04536866,n04536866/deviantart_14.jpg
imagenet_r,n04536866,n04536866/deviantart_15.jpg
imagenet_r,n04536866,n04536866/deviantart_16.jpg
imagenet_r,n04536866,n04536866/deviantart_17.jpg
imagenet_r,n04536866,n04536866/deviantart_18.jpg
imagenet_r,n04536866,n04536866/deviantart_19.jpg
imagenet_r,n04536866,n04536866/deviantart_2.jpg
imagenet_r,n04536866,n04536866/deviantart_20.jpg
imagenet_r,n04536866,n04536866/deviantart_21.jpg
imagenet_r,n04552348,n04552348/art_0.jpg
imagenet_r,n04552348,n04552348/art_1.jpg
imagenet_r,n04552348,n04552348/art_10.jpg
imagenet_r,n04552348,n04552348/art_11.jpg
imagenet_r,n04552348,n04552348/art_12.jpg
imagenet_r,n04552348,n04552348/art_13.jpg
imagenet_r,n04552348,n04552348/art_14.jpg
imagenet_r,n04552348,n04552348/art_15.jpg
imagenet_r,n04552348,n04552348/art_16.jpg
imagenet_r,n04552348,n04552348/art_17.jpg
imagenet_r,n04552348,n04552348/art_18.jpg
imagenet_r,n04552348,n04552348/art_19.jpg
imagenet_r,n04552348,n04552348/art_2.jpg
imagenet_r,n04552348,n04552348/art_20.jpg
imagenet_r,n04552348,n04552348/art_21.jpg
imagenet_r,n04552348,n04552348/art_3.jpg
imagenet_r,n04552348,n04552348/art_4.jpg
imagenet_r,n04552348,n04552348/art_5.jpg
imagenet_r,n04552348,n04552348/art_6.jpg
imagenet_r,n04552348,n04552348/art_7.jpg
imagenet_r,n04552348,n04552348/art_8.jpg
imagenet_r,n04552348,n04552348/art_9.jpg
imagenet_r,n04552348,n04552348/cartoon_0.jpg
imagenet_r,n04552348,n04552348/cartoon_1.jpg
imagenet_r,n04552348,n04552348/cartoon_2.jpg
imagenet_r,n04552348,n04552348/cartoon_3.jpg
imagenet_r,n04552348,n04552348/cartoon_4.jpg
imagenet_r,n04552348,n04552348/cartoon_5.jpg
imagenet_r,n04552348,n04552348/deviantart_0.jpg
imagenet_r,n04552348,n04552348/deviantart_1.jpg
imagenet_r,n04552348,n04552348/deviantart_10.jpg
imagenet_r,n04552348,n04552348/deviantart_11.jpg
imagenet_r,n04552348,n04552348/deviantart_12.jpg
imagenet_r,n04552348,n04552348/deviantart_13.jpg
imagenet_r,n04552348,n04552348/deviantart_14.jpg
imagenet_r,n04552348,n04552348/deviantart_15.jpg
imagenet_r,n04552348,n04552348/deviantart_16.jpg
imagenet_r,n04552348,n04552348/deviantart_17.jpg
imagenet_r,n04552348,n04552348/deviantart_18.jpg
imagenet_r,n04552348,n04552348/deviantart_19.jpg
imagenet_r,n04552348,n04552348/deviantart_2.jpg
imagenet_r,n04552348,n04552348/deviantart_20.jpg
imagenet_r,n04552348,n04552348/deviantart_21.jpg
imagenet_r,n04552348,n04552348/deviantart_22.jpg
imagenet_r,n04552348,n04552348/deviantart_23.jpg
imagenet_r,n04552348,n04552348/deviantart_24.jpg
imagenet_r,n04552348,n04552348/deviantart_25.jpg
imagenet_r,n04552348,n04552348/deviantart_26.jpg
imagenet_r,n04552348,n04552348/deviantart_27.jpg
imagenet_r,n04552348,n04552348/deviantart_28.jpg
imagenet_r,n04591713,n04591713/art_0.jpg
imagenet_r,n04591713,n04591713/art_1.jpg
imagenet_r,n04591713,n04591713/cartoon_0.jpg
imagenet_r,n04591713,n04591713/cartoon_1.jpg
imagenet_r,n04591713,n04591713/cartoon_2.jpg
imagenet_r,n04591713,n04591713/cartoon_3.jpg
imagenet_r,n04591713,n04591713/cartoon_4.jpg
imagenet_r,n04591713,n04591713/cartoon_5.jpg
imagenet_r,n04591713,n04591713/cartoon_6.jpg
imagenet_r,n04591713,n04591713/cartoon_7.jpg
imagenet_r,n04591713,n04591713/cartoon_8.jpg
imagenet_r,n04591713,n04591713/deviantart_0.jpg
imagenet_r,n04591713,n04591713/deviantart_1.jpg
imagenet_r,n04591713,n04591713/deviantart_2.jpg
imagenet_r,n04591713,n04591713/deviantart_3.jpg
imagenet_r,n04591713,n04591713/deviantart_4.jpg
imagenet_r,n04591713,n04591713/deviantart_5.jpg
imagenet_r,n04591713,n04591713/deviantart_6.jpg
imagenet_r,n04591713,n04591713/deviantart_7.jpg
imagenet_r,n04591713,n04591713/deviantart_8.jpg
imagenet_r,n04591713,n04591713/embroidery_0.jpg
imagenet_r,n04591713,n04591713/embroidery_1.jpg
imagenet_r,n04591713,n04591713/graffiti_0.jpg
imagenet_r,n04591713,n04591713/graffiti_1.jpg
imagenet_r,n04591713,n04591713/graphic_0.jpg
imagenet_r,n04591713,n04591713/misc_0.jpg
imagenet_r,n04591713,n04591713/misc_1.jpg
imagenet_r,n04591713,n04591713/misc_2.jpg
imagenet_r,n04591713,n04591713/painting_0.jpg
imagenet_r,n04591713,n04591713/painting_1.jpg
imagenet_r,n04591713,n04591713/painting_10.jpg
imagenet_r,n04591713,n04591713/painting_11.jpg
imagenet_r,n04591713,n04591713/painting_12.jpg
imagenet_r,n04591713,n04591713/painting_13.jpg
imagenet_r,n04591713,n04591713/painting_14.jpg
imagenet_r,n04591713,n04591713/painting_15.jpg
imagenet_r,n04591713,n04591713/painting_16.jpg
imagenet_r,n04591713,n04591713/painting_17.jpg
imagenet_r,n04591713,n04591713/painting_18.jpg
imagenet_r,n04591713,n04591713/painting_19.jpg
imagenet_r,n04591713,n04591713/painting_2.jpg
imagenet_r,n04591713,n04591713/painting_20.jpg
imagenet_r,n04591713,n04591713/painting_21.jpg
imagenet_r,n04591713,n04591713/painting_22.jpg
imagenet_r,n04591713,n04591713/painting_23.jpg
imagenet_r,n04591713,n04591713/painting_24.jpg
imagenet_r,n04591713,n04591713/painting_25.jpg
imagenet_r,n04591713,n04591713/painting_26.jpg
imagenet_r,n04591713,n04591713/painting_27.jpg
imagenet_r,n04591713,n04591713/painting_28.jpg
imagenet_r,n07614500,n07614500/art_0.jpg
imagenet_r,n07614500,n07614500/art_1.jpg
imagenet_r,n07614500,n07614500/art_2.jpg
imagenet_r,n07614500,n07614500/art_3.jpg
imagenet_r,n07614500,n07614500/art_4.jpg
imagenet_r,n07614500,n07614500/art_5.jpg
imagenet_r,n07614500,n07614500/art_6.jpg
imagenet_r,n07614500,n07614500/art_7.jpg
imagenet_r,n07614500,n07614500/cartoon_0.jpg
imagenet_r,n07614500,n07614500/cartoon_1.jpg
imagenet_r,n07614500,n07614500/cartoon_10.jpg
imagenet_r,n07614500,n07614500/cartoon_11.jpg
imagenet_r,n07614500,n07614500/cartoon_12.jpg
imagenet_r,n07614500,n07614500/cartoon_13.jpg
imagenet_r,n07614500,n07614500/cartoon_14.jpg
imagenet_r,n07614500,n07614500/cartoon_15.jpg
imagenet_r,n07614500,n07614500/cartoon_16.jpg
imagenet_r,n07614500,n07614500/cartoon_17.jpg
imagenet_r,n07614500,n07614500/cartoon_18.jpg
imagenet_r,n07614500,n07614500/cartoon_19.jpg
imagenet_r,n07614500,n07614500/cartoon_2.jpg
imagenet_r,n07614500,n07614500/cartoon_20.jpg
imagenet_r,n07614500,n07614500/cartoon_21.jpg
imagenet_r,n07614500,n07614500/cartoon_22.jpg
imagenet_r,n07614500,n07614500/cartoon_23.jpg
imagenet_r,n07614500,n07614500/cartoon_3.jpg
imagenet_r,n07614500,n07614500/cartoon_4.jpg
imagenet_r,n07614500,n07614500/cartoon_5.jpg
imagenet_r,n07614500,n07614500/cartoon_6.jpg
imagenet_r,n07614500,n07614500/cartoon_7.jpg
imagenet_r,n07614500,n07614500/cartoon_8.jpg
imagenet_r,n07614500,n07614500/cartoon_9.jpg
imagenet_r,n07614500,n07614500/deviantart_0.jpg
imagenet_r,n07614500,n07614500/deviantart_1.jpg
imagenet_r,n07614500,n07614500/deviantart_10.jpg
imagenet_r,n07614500,n07614500/deviantart_11.jpg
imagenet_r,n07614500,n07614500/deviantart_12.jpg
imagenet_r,n07614500,n07614500/deviantart_13.jpg
imagenet_r,n07614500,n07614500/deviantart_14.jpg
imagenet_r,n07614500,n07614500/deviantart_15.jpg
imagenet_r,n07614500,n07614500/deviantart_16.jpg
imagenet_r,n07614500,n07614500/deviantart_17.jpg
imagenet_r,n07614500,n07614500/deviantart_18.jpg
imagenet_r,n07614500,n07614500/deviantart_19.jpg
imagenet_r,n07614500,n07614500/deviantart_2.jpg
imagenet_r,n07614500,n07614500/deviantart_20.jpg
imagenet_r,n07614500,n07614500/deviantart_3.jpg
imagenet_r,n07614500,n07614500/deviantart_4.jpg
imagenet_r,n07614500,n07614500/deviantart_5.jpg
imagenet_r,n07614500,n07614500/deviantart_6.jpg
imagenet_r,n07693725,n07693725/art_0.jpg
imagenet_r,n07693725,n07693725/cartoon_0.jpg
imagenet_r,n07693725,n07693725/cartoon_1.jpg
imagenet_r,n07693725,n07693725/cartoon_10.jpg
imagenet_r,n07693725,n07693725/cartoon_11.jpg
imagenet_r,n07693725,n07693725/cartoon_12.jpg
imagenet_r,n07693725,n07693725/cartoon_13.jpg
imagenet_r,n07693725,n07693725/cartoon_14.jpg
imagenet_r,n07693725,n07693725/cartoon_15.jpg
imagenet_r,n07693725,n07693725/cartoon_16.jpg
imagenet_r,n07693725,n07693725/cartoon_17.jpg
imagenet_r,n07693725,n07693725/cartoon_18.jpg
imagenet_r,n07693725,n07693725/cartoon_19.jpg
imagenet_r,n07693725,n07693725/cartoon_2.jpg
imagenet_r,n07693725,n07693725/cartoon_20.jpg
imagenet_r,n07693725,n07693725/cartoon_21.jpg
imagenet_r,n07693725,n07693725/cartoon_22.jpg
imagenet_r,n07693725,n07693725/cartoon_23.jpg
imagenet_r,n07693725,n07693725/cartoon_24.jpg
imagenet_r,n07693725,n07693725/cartoon_25.jpg
imagenet_r,n07693725,n07693725/cartoon_26.jpg
imagenet_r,n07693725,n07693725/cartoon_27.jpg
imagenet_r,n07693725,n07693725/cartoon_28.jpg
imagenet_r,n07693725,n07693725/cartoon_29.jpg
imagenet_r,n07693725,n07693725/cartoon_3.jpg
imagenet_r,n07693725,n07693725/cartoon_30.jpg
imagenet_r,n07693725,n07693725/cartoon_31.jpg
imagenet_r,n07693725,n07693725/cartoon_4.jpg
imagenet_r,n07693725,n07693725/cartoon_5.jpg
imagenet_r,n07693725,n07693725/cartoon_6.jpg
imagenet_r,n07693725,n07693725/cartoon_7.jpg
imagenet_r,n07693725,n07693725/cartoon_8.jpg
imagenet_r,n07693725,n07693725/cartoon_9.jpg
imagenet_r,n07693725,n07693725/deviantart_0.jpg
imagenet_r,n07693725,n07693725/deviantart_1.jpg
imagenet_r,n07693725,n07693725/deviantart_2.jpg
imagenet_r,n07693725,n07693725/deviantart_3.jpg
imagenet_r,n07693725,n07693725/deviantart_4.jpg
imagenet_r,n07693725,n07693725/deviantart_5.jpg
imagenet_r,n07693725,n07693725/deviantart_6.jpg
imagenet_r,n07693725,n07693725/deviantart_7.jpg
imagenet_r,n07693725,n07693725/deviantart_8.jpg
imagenet_r,n07693725,n07693725/graffiti_0.jpg
imagenet_r,n07693725,n07693725/graffiti_1.jpg
imagenet_r,n07693725,n07693725/misc_0.jpg
imagenet_r,n07693725,n07693725/misc_1.jpg
imagenet_r,n07693725,n07693725/painting_0.jpg
imagenet_r,n07693725,n07693725/painting_1.jpg
imagenet_r,n07693725,n07693725/painting_10.jpg
imagenet_r,n07693725,n07693725/painting_11.jpg
imagenet_r,n07695742,n07695742/art_0.jpg
imagenet_r,n07695742,n07695742/art_1.jpg
imagenet_r,n07695742,n07695742/cartoon_0.jpg
imagenet_r,n07695742,n07695742/cartoon_1.jpg
imagenet_r,n07695742,n07695742/cartoon_10.jpg
imagenet_r,n07695742,n07695742/cartoon_11.jpg
imagenet_r,n07695742,n07695742/cartoon_12.jpg
imagenet_r,n07695742,n07695742/cartoon_13.jpg
imagenet_r,n07695742,n07695742/cartoon_14.jpg
imagenet_r,n07695742,n07695742/cartoon_15.jpg
imagenet_r,n07695742,n07695742/cartoon_16.jpg
imagenet_r,n07695742,n07695742/cartoon_17.jpg
imagenet_r,n07695742,n07695742/cartoon_18.jpg
imagenet_r,n07695742,n07695742/cartoon_19.jpg
imagenet_r,n07695742,n07695742/cartoon_2.jpg
imagenet_r,n07695742,n07695742/cartoon_20.jpg
imagenet_r,n07695742,n07695742/cartoon_3.jpg
imagenet_r,n07695742,n07695742/cartoon_4.jpg
imagenet_r,n07695742,n07695742/cartoon_5.jpg
imagenet_r,n07695742,n07695742/cartoon_6.jpg
imagenet_r,n07695742,n07695742/cartoon_7.jpg
imagenet_r,n07695742,n07695742/cartoon_8.jpg
imagenet_r,n07695742,n07695742/cartoon_9.jpg
imagenet_r,n07695742,n07695742/deviantart_0.jpg
imagenet_r,n07695742,n07695742/deviantart_1.jpg
imagenet_r,n07695742,n07695742/deviantart_10.jpg
imagenet_r,n07695742,n07695742/deviantart_11.jpg
imagenet_r,n07695742,n07695742/deviantart_12.jpg
imagenet_r,n07695742,n07695742/deviantart_13.jpg
imagenet_r,n07695742,n07695742/deviantart_14.jpg
imagenet_r,n07695742,n07695742/deviantart_2.jpg
imagenet_r,n07695742,n07695742/deviantart_3.jpg
imagenet_r,n07695742,n07695742/deviantart_4.jpg
imagenet_r,n07695742,n07695742/deviantart_5.jpg
imagenet_r,n07695742,n07695742/deviantart_6.jpg
imagenet_r,n07695742,n07695742/deviantart_7.jpg
imagenet_r,n07695742,n07695742/deviantart_8.jpg
imagenet_r,n07695742,n07695742/deviantart_9.jpg
imagenet_r,n07695742,n07695742/embroidery_0.jpg
imagenet_r,n07695742,n07695742/embroidery_1.jpg
imagenet_r,n07695742,n07695742/embroidery_2.jpg
imagenet_r,n07695742,n07695742/embroidery_3.jpg
imagenet_r,n07695742,n07695742/graffiti_0.jpg
imagenet_r,n07695742,n07695742/graffiti_1.jpg
imagenet_r,n07695742,n07695742/graffiti_2.jpg
imagenet_r,n07695742,n07695742/graphic_0.jpg
imagenet_r,n07695742,n07695742/misc_0.jpg
imagenet_r,n07695742,n07695742/misc_1.jpg
imagenet_r,n07695742,n07695742/misc_10.jpg
imagenet_r,n07695742,n07695742/misc_11.jpg
imagenet_r,n07697313,n07697313/art_0.jpg
imagenet_r,n07697313,n07697313/art_1.jpg
imagenet_r,n07697313,n07697313/art_10.jpg
imagenet_r,n07697313,n07697313/art_11.jpg
imagenet_r,n07697313,n07697313/art_12.jpg
imagenet_r,n07697313,n07697313/art_13.jpg
imagenet_r,n07697313,n07697313/art_14.jpg
imagenet_r,n07697313,n07697313/art_15.jpg
imagenet_r,n07697313,n07697313/art_16.jpg
imagenet_r,n07697313,n07697313/art_17.jpg
imagenet_r,n07697313,n07697313/art_18.jpg
imagenet_r,n07697313,n07697313/art_19.jpg
imagenet_r,n07697313,n07697313/art_2.jpg
imagenet_r,n07697313,n07697313/art_20.jpg
imagenet_r,n07697313,n07697313/art_21.jpg
imagenet_r,n07697313,n07697313/art_22.jpg
imagenet_r,n07697313,n07697313/art_23.jpg
imagenet_r,n07697313,n07697313/art_24.jpg
imagenet_r,n07697313,n07697313/art_25.jpg
imagenet_r,n07697313,n07697313/art_26.jpg
imagenet_r,n07697313,n07697313/art_27.jpg
imagenet_r,n07697313,n07697313/art_28.jpg
imagenet_r,n07697313,n07697313/art_29.jpg
imagenet_r,n07697313,n07697313/art_3.jpg
imagenet_r,n07697313,n07697313/art_30.jpg
imagenet_r,n07697313,n07697313/art_31.jpg
imagenet_r,n07697313,n07697313/art_32.jpg
imagenet_r,n07697313,n07697313/art_33.jpg
imagenet_r,n07697313,n07697313/art_34.jpg
imagenet_r,n07697313,n07697313/art_35.jpg
imagenet_r,n07697313,n07697313/art_36.jpg
imagenet_r,n07697313,n07697313/art_37.jpg
imagenet_r,n07697313,n07697313/art_38.jpg
imagenet_r,n07697313,n07697313/art_39.jpg
imagenet_r,n07697313,n07697313/art_4.jpg
imagenet_r,n07697313,n07697313/art_40.jpg
imagenet_r,n07697313,n07697313/art_41.jpg
imagenet_r,n07697313,n07697313/art_42.jpg
imagenet_r,n07697313,n07697313/art_43.jpg
imagenet_r,n07697313,n07697313/art_5.jpg
imagenet_r,n07697313,n07697313/art_6.jpg
imagenet_r,n07697313,n07697313/art_7.jpg
imagenet_r,n07697313,n07697313/art_8.jpg
imagenet_r,n07697313,n07697313/art_9.jpg
imagenet_r,n07697313,n07697313/cartoon_0.jpg
imagenet_r,n07697313,n07697313/cartoon_1.jpg
imagenet_r,n07697313,n07697313/cartoon_10.jpg
imagenet_r,n07697313,n07697313/cartoon_11.jpg
imagenet_r,n07697313,n07697313/cartoon_12.jpg
imagenet_r,n07697313,n07697313/cartoon_13.jpg
imagenet_r,n07697537,n07697537/deviantart_0.jpg
imagenet_r,n07697537,n07697537/deviantart_1.jpg
imagenet_r,n07697537,n07697537/deviantart_10.jpg
imagenet_r,n07697537,n07697537/deviantart_11.jpg
imagenet_r,n07697537,n07697537/deviantart_12.jpg
imagenet_r,n07697537,n07697537/deviantart_13.jpg
imagenet_r,n07697537,n07697537/deviantart_14.jpg
imagenet_r,n07697537,n07697537/deviantart_15.jpg
imagenet_r,n07697537,n07697537/deviantart_16.jpg
imagenet_r,n07697537,n07697537/deviantart_17.jpg
imagenet_r,n07697537,n07697537/deviantart_18.jpg
imagenet_r,n07697537,n07697537/deviantart_19.jpg
imagenet_r,n07697537,n07697537/deviantart_2.jpg
imagenet_r,n07697537,n07697537/deviantart_20.jpg
imagenet_r,n07697537,n07697537/deviantart_21.jpg
imagenet_r,n07697537,n07697537/deviantart_22.jpg
imagenet_r,n07697537,n07697537/deviantart_23.jpg
imagenet_r,n07697537,n07697537/deviantart_24.jpg
imagenet_r,n07697537,n07697537/deviantart_25.jpg
imagenet_r,n07697537,n07697537/deviantart_26.jpg
imagenet_r,n07697537,n07697537/deviantart_27.jpg
imagenet_r,n07697537,n07697537/deviantart_28.jpg
imagenet_r,n07697537,n07697537/deviantart_29.jpg
imagenet_r,n07697537,n07697537/deviantart_3.jpg
imagenet_r,n07697537,n07697537/deviantart_30.jpg
imagenet_r,n07697537,n07697537/deviantart_31.jpg
imagenet_r,n07697537,n07697537/deviantart_32.jpg
imagenet_r,n07697537,n07697537/deviantart_4.jpg
imagenet_r,n07697537,n07697537/deviantart_5.jpg
imagenet_r,n07697537,n07697537/deviantart_6.jpg
imagenet_r,n07697537,n07697537/deviantart_7.jpg
imagenet_r,n07697537,n07697537/deviantart_8.jpg
imagenet_r,n07697537,n07697537/deviantart_9.jpg
imagenet_r,n07697537,n07697537/misc_0.jpg
imagenet_r,n07697537,n07697537/misc_1.jpg
imagenet_r,n07697537,n07697537/misc_10.jpg
imagenet_r,n07697537,n07697537/misc_100.jpg
imagenet_r,n07697537,n07697537/misc_101.jpg
imagenet_r,n07697537,n07697537/misc_102.jpg
imagenet_r,n07697537,n07697537/misc_103.jpg
imagenet_r,n07697537,n07697537/misc_104.jpg
imagenet_r,n07697537,n07697537/misc_105.jpg
imagenet_r,n07697537,n07697537/misc_106.jpg
imagenet_r,n07697537,n07697537/misc_107.jpg
imagenet_r,n07697537,n07697537/misc_108.jpg
imagenet_r,n07697537,n07697537/misc_109.jpg
imagenet_r,n07697537,n07697537/misc_11.jpg
imagenet_r,n07697537,n07697537/misc_110.jpg
imagenet_r,n07697537,n07697537/misc_111.jpg
imagenet_r,n07697537,n07697537/misc_112.jpg
imagenet_r,n07714571,n07714571/art_0.jpg
imagenet_r,n07714571,n07714571/art_1.jpg
imagenet_r,n07714571,n07714571/art_2.jpg
imagenet_r,n07714571,n07714571/art_3.jpg
imagenet_r,n07714571,n07714571/art_4.jpg
imagenet_r,n07714571,n07714571/cartoon_0.jpg
imagenet_r,n07714571,n07714571/cartoon_1.jpg
imagenet_r,n07714571,n07714571/cartoon_2.jpg
imagenet_r,n07714571,n07714571/cartoon_3.jpg
imagenet_r,n07714571,n07714571/cartoon_4.jpg
imagenet_r,n07714571,n07714571/cartoon_5.jpg
imagenet_r,n07714571,n07714571/cartoon_6.jpg
imagenet_r,n07714571,n07714571/cartoon_7.jpg
imagenet_r,n07714571,n07714571/deviantart_0.jpg
imagenet_r,n07714571,n07714571/deviantart_1.jpg
imagenet_r,n07714571,n07714571/deviantart_2.jpg
imagenet_r,n07714571,n07714571/deviantart_3.jpg
imagenet_r,n07714571,n07714571/deviantart_4.jpg
imagenet_r,n07714571,n07714571/deviantart_5.jpg
imagenet_r,n07714571,n07714571/deviantart_6.jpg
imagenet_r,n07714571,n07714571/deviantart_7.jpg
imagenet_r,n07714571,n07714571/deviantart_8.jpg
imagenet_r,n07714571,n07714571/graffiti_0.jpg
imagenet_r,n07714571,n07714571/graphic_0.jpg
imagenet_r,n07714571,n07714571/graphic_1.jpg
imagenet_r,n07714571,n07714571/misc_0.jpg
imagenet_r,n07714571,n07714571/misc_1.jpg
imagenet_r,n07714571,n07714571/misc_2.jpg
imagenet_r,n07714571,n07714571/misc_3.jpg
imagenet_r,n07714571,n07714571/misc_4.jpg
imagenet_r,n07714571,n07714571/misc_5.jpg
imagenet_r,n07714571,n07714571/origami_0.jpg
imagenet_r,n07714571,n07714571/painting_0.jpg
imagenet_r,n07714571,n07714571/painting_1.jpg
imagenet_r,n07714571,n07714571/painting_10.jpg
imagenet_r,n07714571,n07714571/painting_11.jpg
imagenet_r,n07714571,n07714571/painting_12.jpg
imagenet_r,n07714571,n07714571/painting_13.jpg
imagenet_r,n07714571,n07714571/painting_14.jpg
imagenet_r,n07714571,n07714571/painting_15.jpg
imagenet_r,n07714571,n07714571/painting_16.jpg
imagenet_r,n07714571,n07714571/painting_17.jpg
imagenet_r,n07714571,n07714571/painting_18.jpg
imagenet_r,n07714571,n07714571/painting_19.jpg
imagenet_r,n07714571,n07714571/painting_2.jpg
imagenet_r,n07714571,n07714571/painting_20.jpg
imagenet_r,n07714571,n07714571/painting_21.jpg
imagenet_r,n07714571,n07714571/painting_22.jpg
imagenet_r,n07714571,n07714571/painting_23.jpg
imagenet_r,n07714571,n07714571/painting_24.jpg
imagenet_r,n07714990,n07714990/art_0.jpg
imagenet_r,n07714990,n07714990/art_1.jpg
imagenet_r,n07714990,n07714990/art_2.jpg
imagenet_r,n07714990,n07714990/art_3.jpg
imagenet_r,n07714990,n07714990/cartoon_0.jpg
imagenet_r,n07714990,n07714990/cartoon_1.jpg
imagenet_r,n07714990,n07714990/cartoon_10.jpg
imagenet_r,n07714990,n07714990/cartoon_11.jpg
imagenet_r,n07714990,n07714990/cartoon_12.jpg
imagenet_r,n07714990,n07714990/cartoon_13.jpg
imagenet_r,n07714990,n07714990/cartoon_14.jpg
imagenet_r,n07714990,n07714990/cartoon_15.jpg
imagenet_r,n07714990,n07714990/cartoon_16.jpg
imagenet_r,n07714990,n07714990/cartoon_17.jpg
imagenet_r,n07714990,n07714990/cartoon_18.jpg
imagenet_r,n07714990,n07714990/cartoon_19.jpg
imagenet_r,n07714990,n07714990/cartoon_2.jpg
imagenet_r,n07714990,n07714990/cartoon_20.jpg
imagenet_r,n07714990,n07714990/cartoon_21.jpg
imagenet_r,n07714990,n07714990/cartoon_22.jpg
imagenet_r,n07714990,n07714990/cartoon_23.jpg
imagenet_r,n07714990,n07714990/cartoon_24.jpg
imagenet_r,n07714990,n07714990/cartoon_25.jpg
imagenet_r,n07714990,n07714990/cartoon_26.jpg
imagenet_r,n07714990,n07714990/cartoon_27.jpg
imagenet_r,n07714990,n07714990/cartoon_28.jpg
imagenet_r,n07714990,n07714990/cartoon_29.jpg
imagenet_r,n07714990,n07714990/cartoon_3.jpg
imagenet_r,n07714990,n07714990/cartoon_30.jpg
imagenet_r,n07714990,n07714990/cartoon_31.jpg
imagenet_r,n07714990,n07714990/cartoon_32.jpg
imagenet_r,n07714990,n07714990/cartoon_33.jpg
imagenet_r,n07714990,n07714990/cartoon_34.jpg
imagenet_r,n07714990,n07714990/cartoon_35.jpg
imagenet_r,n07714990,n07714990/cartoon_36.jpg
imagenet_r,n07714990,n07714990/cartoon_37.jpg
imagenet_r,n07714990,n07714990/cartoon_38.jpg
imagenet_r,n07714990,n07714990/cartoon_4.jpg
imagenet_r,n07714990,n07714990/cartoon_5.jpg
imagenet_r,n07714990,n07714990/cartoon_6.jpg
imagenet_r,n07714990,n07714990/cartoon_7.jpg
imagenet_r,n07714990,n07714990/cartoon_8.jpg
imagenet_r,n07714990,n07714990/cartoon_9.jpg
imagenet_r,n07714990,n07714990/deviantart_0.jpg
imagenet_r,n07714990,n07714990/deviantart_1.jpg
imagenet_r,n07714990,n07714990/deviantart_10.jpg
imagenet_r,n07714990,n07714990/deviantart_11.jpg
imagenet_r,n07714990,n07714990/deviantart_12.jpg
imagenet_r,n07714990,n07714990/deviantart_13.jpg
imagenet_r,n07714990,n07714990/deviantart_14.jpg
imagenet_r,n07718472,n07718472/art_0.jpg
imagenet_r,n07718472,n07718472/art_1.jpg
imagenet_r,n07718472,n07718472/art_2.jpg
imagenet_r,n07718472,n07718472/art_3.jpg
imagenet_r,n07718472,n07718472/cartoon_0.jpg
imagenet_r,n07718472,n07718472/cartoon_1.jpg
imagenet_r,n07718472,n07718472/cartoon_10.jpg
imagenet_r,n07718472,n07718472/cartoon_11.jpg
imagenet_r,n07718472,n07718472/cartoon_12.jpg
imagenet_r,n07718472,n07718472/cartoon_13.jpg
imagenet_r,n07718472,n07718472/cartoon_14.jpg
imagenet_r,n07718472,n07718472/cartoon_15.jpg
imagenet_r,n07718472,n07718472/cartoon_16.jpg
imagenet_r,n07718472,n07718472/cartoon_17.jpg
imagenet_r,n07718472,n07718472/cartoon_18.jpg
imagenet_r,n07718472,n07718472/cartoon_19.jpg
imagenet_r,n07718472,n07718472/cartoon_2.jpg
imagenet_r,n07718472,n07718472/cartoon_20.jpg
imagenet_r,n07718472,n07718472/cartoon_3.jpg
imagenet_r,n07718472,n07718472/cartoon_4.jpg
imagenet_r,n07718472,n07718472/cartoon_5.jpg
imagenet_r,n07718472,n07718472/cartoon_6.jpg
imagenet_r,n07718472,n07718472/cartoon_7.jpg
imagenet_r,n07718472,n07718472/cartoon_8.jpg
imagenet_r,n07718472,n07718472/cartoon_9.jpg
imagenet_r,n07718472,n07718472/deviantart_0.jpg
imagenet_r,n07718472,n07718472/deviantart_1.jpg
imagenet_r,n07718472,n07718472/deviantart_2.jpg
imagenet_r,n07718472,n07718472/deviantart_3.jpg
imagenet_r,n07718472,n07718472/deviantart_4.jpg
imagenet_r,n07718472,n07718472/deviantart_5.jpg
imagenet_r,n07718472,n07718472/deviantart_6.jpg
imagenet_r,n07718472,n07718472/embroidery_0.jpg
imagenet_r,n07718472,n07718472/embroidery_1.jpg
imagenet_r,n07718472,n07718472/graffiti_0.jpg
imagenet_r,n07718472,n07718472/graffiti_1.jpg
imagenet_r,n07718472,n07718472/graphic_0.jpg
imagenet_r,n07718472,n07718472/misc_0.jpg
imagenet_r,n07718472,n07718472/misc_1.jpg
imagenet_r,n07718472,n07718472/painting_0.jpg
imagenet_r,n07718472,n07718472/painting_1.jpg
imagenet_r,n07718472,n07718472/painting_10.jpg
imagenet_r,n07718472,n07718472/painting_11.jpg
imagenet_r,n07718472,n07718472/painting_12.jpg
imagenet_r,n07718472,n07718472/painting_13.jpg
imagenet_r,n07718472,n07718472/painting_2.jpg
imagenet_r,n07718472,n07718472/painting_3.jpg
imagenet_r,n07718472,n07718472/painting_4.jpg
imagenet_r,n07718472,n07718472/painting_5.jpg
imagenet_r,n07718472,n07718472/painting_6.jpg
imagenet_r,n07720875,n07720875/art_0.jpg
imagenet_r,n07720875,n07720875/art_1.jpg
imagenet_r,n07720875,n07720875/art_10.jpg
imagenet_r,n07720875,n07720875/art_11.jpg
imagenet_r,n07720875,n07720875/art_12.jpg
imagenet_r,n07720875,n07720875/art_13.jpg
imagenet_r,n07720875,n07720875/art_14.jpg
imagenet_r,n07720875,n07720875/art_15.jpg
imagenet_r,n07720875,n07720875/art_16.jpg
imagenet_r,n07720875,n07720875/art_17.jpg
imagenet_r,n07720875,n07720875/art_2.jpg
imagenet_r,n07720875,n07720875/art_3.jpg
imagenet_r,n07720875,n07720875/art_4.jpg
imagenet_r,n07720875,n07720875/art_5.jpg
imagenet_r,n07720875,n07720875/art_6.jpg
imagenet_r,n07720875,n07720875/art_7.jpg
imagenet_r,n07720875,n07720875/art_8.jpg
imagenet_r,n07720875,n07720875/art_9.jpg
imagenet_r,n07720875,n07720875/cartoon_0.jpg
imagenet_r,n07720875,n07720875/cartoon_1.jpg
imagenet_r,n07720875,n07720875/cartoon_10.jpg
imagenet_r,n07720875,n07720875/cartoon_11.jpg
imagenet_r,n07720875,n07720875/cartoon_12.jpg
imagenet_r,n07720875,n07720875/cartoon_2.jpg
imagenet_r,n07720875,n07720875/cartoon_3.jpg
imagenet_r,n07720875,n07720875/cartoon_4.jpg
imagenet_r,n07720875,n07720875/cartoon_5.jpg
imagenet_r,n07720875,n07720875/cartoon_6.jpg
imagenet_r,n07720875,n07720875/cartoon_7.jpg
imagenet_r,n07720875,n07720875/cartoon_8.jpg
imagenet_r,n07720875,n07720875/cartoon_9.jpg
imagenet_r,n07720875,n07720875/deviantart_0.jpg
imagenet_r,n07720875,n07720875/deviantart_1.jpg
imagenet_r,n07720875,n07720875/deviantart_10.jpg
imagenet_r,n07720875,n07720875/deviantart_11.jpg
imagenet_r,n07720875,n07720875/deviantart_12.jpg
imagenet_r,n07720875,n07720875/deviantart_13.jpg
imagenet_r,n07720875,n07720875/deviantart_14.jpg
imagenet_r,n07720875,n07720875/deviantart_15.jpg
imagenet_r,n07720875,n07720875/deviantart_16.jpg
imagenet_r,n07720875,n07720875/deviantart_17.jpg
imagenet_r,n07720875,n07720875/deviantart_18.jpg
imagenet_r,n07720875,n07720875/deviantart_19.jpg
imagenet_r,n07720875,n07720875/deviantart_2.jpg
imagenet_r,n07720875,n07720875/deviantart_20.jpg
imagenet_r,n07720875,n07720875/deviantart_21.jpg
imagenet_r,n07720875,n07720875/deviantart_22.jpg
imagenet_r,n07720875,n07720875/deviantart_23.jpg
imagenet_r,n07720875,n07720875/deviantart_24.jpg
imagenet_r,n07720875,n07720875/deviantart_3.jpg
imagenet_r,n07734744,n07734744/art_0.jpg
imagenet_r,n07734744,n07734744/art_1.jpg
imagenet_r,n07734744,n07734744/art_10.jpg
imagenet_r,n07734744,n07734744/art_11.jpg
imagenet_r,n07734744,n07734744/art_12.jpg
imagenet_r,n07734744,n07734744/art_13.jpg
imagenet_r,n07734744,n07734744/art_14.jpg
imagenet_r,n07734744,n07734744/art_15.jpg
imagenet_r,n07734744,n07734744/art_16.jpg
imagenet_r,n07734744,n07734744/art_17.jpg
imagenet_r,n07734744,n07734744/art_18.jpg
imagenet_r,n07734744,n07734744/art_19.jpg
imagenet_r,n07734744,n07734744/art_2.jpg
imagenet_r,n07734744,n07734744/art_20.jpg
imagenet_r,n07734744,n07734744/art_21.jpg
imagenet_r,n07734744,n07734744/art_22.jpg
imagenet_r,n07734744,n07734744/art_23.jpg
imagenet_r,n07734744,n07734744/art_24.jpg
imagenet_r,n07734744,n07734744/art_3.jpg
imagenet_r,n07734744,n07734744/art_4.jpg
imagenet_r,n07734744,n07734744/art_5.jpg
imagenet_r,n07734744,n07734744/art_6.jpg
imagenet_r,n07734744,n07734744/art_7.jpg
imagenet_r,n07734744,n07734744/art_8.jpg
imagenet_r,n07734744,n07734744/art_9.jpg
imagenet_r,n07734744,n07734744/cartoon_0.jpg
imagenet_r,n07734744,n07734744/cartoon_1.jpg
imagenet_r,n07734744,n07734744/cartoon_10.jpg
imagenet_r,n07734744,n07734744/cartoon_11.jpg
imagenet_r,n07734744,n07734744/cartoon_12.jpg
imagenet_r,n07734744,n07734744/cartoon_13.jpg
imagenet_r,n07734744,n07734744/cartoon_14.jpg
imagenet_r,n07734744,n07734744/cartoon_15.jpg
imagenet_r,n07734744,n07734744/cartoon_16.jpg
imagenet_r,n07734744,n07734744/cartoon_17.jpg
imagenet_r,n07734744,n07734744/cartoon_18.jpg
imagenet_r,n07734744,n07734744/cartoon_19.jpg
imagenet_r,n07734744,n07734744/cartoon_2.jpg
imagenet_r,n07734744,n07734744/cartoon_20.jpg
imagenet_r,n07734744,n07734744/cartoon_21.jpg
imagenet_r,n07734744,n07734744/cartoon_22.jpg
imagenet_r,n07734744,n07734744/cartoon_23.jpg
imagenet_r,n07734744,n07734744/cartoon_24.jpg
imagenet_r,n07734744,n07734744/cartoon_25.jpg
imagenet_r,n07734744,n07734744/cartoon_26.jpg
imagenet_r,n07734744,n07734744/cartoon_27.jpg
imagenet_r,n07734744,n07734744/cartoon_28.jpg
imagenet_r,n07734744,n07734744/cartoon_29.jpg
imagenet_r,n07734744,n07734744/cartoon_3.jpg
imagenet_r,n07734744,n07734744/cartoon_30.jpg
imagenet_r,n07742313,n07742313/art_0.jpg
imagenet_r,n07742313,n07742313/art_1.jpg
imagenet_r,n07742313,n07742313/art_2.jpg
imagenet_r,n07742313,n07742313/art_3.jpg
imagenet_r,n07742313,n07742313/art_4.jpg
imagenet_r,n07742313,n07742313/cartoon_0.jpg
imagenet_r,n07742313,n07742313/cartoon_1.jpg
imagenet_r,n07742313,n07742313/cartoon_2.jpg
imagenet_r,n07742313,n07742313/cartoon_3.jpg
imagenet_r,n07742313,n07742313/cartoon_4.jpg
imagenet_r,n07742313,n07742313/deviantart_0.jpg
imagenet_r,n07742313,n07742313/deviantart_1.jpg
imagenet_r,n07742313,n07742313/deviantart_10.jpg
imagenet_r,n07742313,n07742313/deviantart_11.jpg
imagenet_r,n07742313,n07742313/deviantart_12.jpg
imagenet_r,n07742313,n07742313/deviantart_13.jpg
imagenet_r,n07742313,n07742313/deviantart_2.jpg
imagenet_r,n07742313,n07742313/deviantart_3.jpg
imagenet_r,n07742313,n07742313/deviantart_4.jpg
imagenet_r,n07742313,n07742313/deviantart_5.jpg
imagenet_r,n07742313,n07742313/deviantart_6.jpg
imagenet_r,n07742313,n07742313/deviantart_7.jpg
imagenet_r,n07742313,n07742313/deviantart_8.jpg
imagenet_r,n07742313,n07742313/deviantart_9.jpg
imagenet_r,n07742313,n07742313/graphic_0.jpg
imagenet_r,n07742313,n07742313/misc_0.jpg
imagenet_r,n07742313,n07742313/painting_0.jpg
imagenet_r,n07742313,n07742313/painting_1.jpg
imagenet_r,n07742313,n07742313/painting_10.jpg
imagenet_r,n07742313,n07742313/painting_11.jpg
imagenet_r,n07742313,n07742313/painting_12.jpg
imagenet_r,n07742313,n07742313/painting_13.jpg
imagenet_r,n07742313,n07742313/painting_14.jpg
imagenet_r,n07742313,n07742313/painting_15.jpg
imagenet_r,n07742313,n07742313/painting_16.jpg
imagenet_r,n07742313,n07742313/painting_17.jpg
imagenet_r,n07742313,n07742313/painting_18.jpg
imagenet_r,n07742313,n07742313/painting_19.jpg
imagenet_r,n07742313,n07742313/painting_2.jpg
imagenet_r,n07742313,n07742313/painting_20.jpg
imagenet_r,n07742313,n07742313/painting_21.jpg
imagenet_r,n07742313,n07742313/painting_22.jpg
imagenet_r,n07742313,n07742313/painting_23.jpg
imagenet_r,n07742313,n07742313/painting_24.jpg
imagenet_r,n07742313,n07742313/painting_25.jpg
imagenet_r,n07742313,n07742313/painting_26.jpg
imagenet_r,n07742313,n07742313/painting_27.jpg
imagenet_r,n07742313,n07742313/painting_3.jpg
imagenet_r,n07742313,n07742313/painting_4.jpg
imagenet_r,n07742313,n07742313/painting_5.jpg
imagenet_r,n07745940,n07745940/art_0.jpg
imagenet_r,n07745940,n07745940/art_1.jpg
imagenet_r,n07745940,n07745940/art_10.jpg
imagenet_r,n07745940,n07745940/art_11.jpg
imagenet_r,n07745940,n07745940/art_12.jpg
imagenet_r,n07745940,n07745940/art_13.jpg
imagenet_r,n07745940,n07745940/art_14.jpg
imagenet_r,n07745940,n07745940/art_15.jpg
imagenet_r,n07745940,n07745940/art_16.jpg
imagenet_r,n07745940,n07745940/art_17.jpg
imagenet_r,n07745940,n07745940/art_2.jpg
imagenet_r,n07745940,n07745940/art_3.jpg
imagenet_r,n07745940,n07745940/art_4.jpg
imagenet_r,n07745940,n07745940/art_5.jpg
imagenet_r,n07745940,n07745940/art_6.jpg
imagenet_r,n07745940,n07745940/art_7.jpg
imagenet_r,n07745940,n07745940/art_8.jpg
imagenet_r,n07745940,n07745940/art_9.jpg
imagenet_r,n07745940,n07745940/cartoon_0.jpg
imagenet_r,n07745940,n07745940/cartoon_1.jpg
imagenet_r,n07745940,n07745940/cartoon_10.jpg
imagenet_r,n07745940,n07745940/cartoon_11.jpg
imagenet_r,n07745940,n07745940/cartoon_12.jpg
imagenet_r,n07745940,n07745940/cartoon_13.jpg
imagenet_r,n07745940,n07745940/cartoon_14.jpg
imagenet_r,n07745940,n07745940/cartoon_15.jpg
imagenet_r,n07745940,n07745940/cartoon_16.jpg
imagenet_r,n07745940,n07745940/cartoon_17.jpg
imagenet_r,n07745940,n07745940/cartoon_18.jpg
imagenet_r,n07745940,n07745940/cartoon_19.jpg
imagenet_r,n07745940,n07745940/cartoon_2.jpg
imagenet_r,n07745940,n07745940/cartoon_20.jpg
imagenet_r,n07745940,n07745940/cartoon_3.jpg
imagenet_r,n07745940,n07745940/cartoon_4.jpg
imagenet_r,n07745940,n07745940/cartoon_5.jpg
imagenet_r,n07745940,n07745940/cartoon_6.jpg
imagenet_r,n07745940,n07745940/cartoon_7.jpg
imagenet_r,n07745940,n07745940/cartoon_8.jpg
imagenet_r,n07745940,n07745940/cartoon_9.jpg
imagenet_r,n07745940,n07745940/deviantart_0.jpg
imagenet_r,n07745940,n07745940/deviantart_1.jpg
imagenet_r,n07745940,n07745940/deviantart_10.jpg
imagenet_r,n07745940,n07745940/deviantart_11.jpg
imagenet_r,n07745940,n07745940/deviantart_12.jpg
imagenet_r,n07745940,n07745940/deviantart_13.jpg
imagenet_r,n07745940,n07745940/deviantart_14.jpg
imagenet_r,n07745940,n07745940/deviantart_15.jpg
imagenet_r,n07745940,n07745940/deviantart_16.jpg
imagenet_r,n07745940,n07745940/deviantart_17.jpg
imagenet_r,n07745940,n07745940/deviantart_18.jpg
imagenet_r,n07749582,n07749582/art_0.jpg
imagenet_r,n07749582,n07749582/art_1.jpg
imagenet_r,n07749582,n07749582/art_2.jpg
imagenet_r,n07749582,n07749582/art_3.jpg
imagenet_r,n07749582,n07749582/art_4.jpg
imagenet_r,n07749582,n07749582/art_5.jpg
imagenet_r,n07749582,n07749582/art_6.jpg
imagenet_r,n07749582,n07749582/art_7.jpg
imagenet_r,n07749582,n07749582/art_8.jpg
imagenet_r,n07749582,n07749582/cartoon_0.jpg
imagenet_r,n07749582,n07749582/cartoon_1.jpg
imagenet_r,n07749582,n07749582/cartoon_10.jpg
imagenet_r,n07749582,n07749582/cartoon_11.jpg
imagenet_r,n07749582,n07749582/cartoon_12.jpg
imagenet_r,n07749582,n07749582/cartoon_13.jpg
imagenet_r,n07749582,n07749582/cartoon_2.jpg
imagenet_r,n07749582,n07749582/cartoon_3.jpg
imagenet_r,n07749582,n07749582/cartoon_4.jpg
imagenet_r,n07749582,n07749582/cartoon_5.jpg
imagenet_r,n07749582,n07749582/cartoon_6.jpg
imagenet_r,n07749582,n07749582/cartoon_7.jpg
imagenet_r,n07749582,n07749582/cartoon_8.jpg
imagenet_r,n07749582,n07749582/cartoon_9.jpg
imagenet_r,n07749582,n07749582/deviantart_0.jpg
imagenet_r,n07749582,n07749582/deviantart_1.jpg
imagenet_r,n07749582,n07749582/deviantart_10.jpg
imagenet_r,n07749582,n07749582/deviantart_11.jpg
imagenet_r,n07749582,n07749582/deviantart_12.jpg
imagenet_r,n07749582,n07749582/deviantart_13.jpg
imagenet_r,n07749582,n07749582/deviantart_14.jpg
imagenet_r,n07749582,n07749582/deviantart_15.jpg
imagenet_r,n07749582,n07749582/deviantart_16.jpg
imagenet_r,n07749582,n07749582/deviantart_17.jpg
imagenet_r,n07749582,n07749582/deviantart_18.jpg
imagenet_r,n07749582,n07749582/deviantart_19.jpg
imagenet_r,n07749582,n07749582/deviantart_2.jpg
imagenet_r,n07749582,n07749582/deviantart_20.jpg
imagenet_r,n07749582,n07749582/deviantart_21.jpg
imagenet_r,n07749582,n07749582/deviantart_22.jpg
imagenet_r,n07749582,n07749582/deviantart_23.jpg
imagenet_r,n07749582,n07749582/deviantart_24.jpg
imagenet_r,n07749582,n07749582/deviantart_25.jpg
imagenet_r,n07749582,n07749582/deviantart_3.jpg
imagenet_r,n07749582,n07749582/deviantart_4.jpg
imagenet_r,n07749582,n07749582/deviantart_5.jpg
imagenet_r,n07749582,n07749582/deviantart_6.jpg
imagenet_r,n07749582,n07749582/deviantart_7.jpg
imagenet_r,n07749582,n07749582/deviantart_8.jpg
imagenet_r,n07749582,n07749582/deviantart_9.jpg
imagenet_r,n07749582,n07749582/embroidery_0.jpg
