code_id,count,frequency,is_active,rank
307,5101,0.000398515625,1,1
1388,4529,0.000353828125,1,2
1085,4491,0.000350859375,1,3
10578,4275,0.000333984375,1,4
5001,4198,0.00032796875,1,5
1190,3692,0.0002884375,1,6
2246,3014,0.00023546875,1,7
7855,2868,0.0002240625,1,8
2580,2794,0.00021828125,1,9
218,2578,0.00020140625,1,10
2617,2114,0.00016515625,1,11
8308,1802,0.00014078125,1,12
6205,1736,0.000135625,1,13
13977,1599,0.000124921875,1,14
5195,1567,0.000122421875,1,15
3305,1549,0.000121015625,1,16
2300,1528,0.000119375,1,17
1509,1486,0.00011609375,1,18
2149,1439,0.000112421875,1,19
1907,1432,0.000111875,1,20
922,1393,0.000108828125,1,21
7830,1393,0.000108828125,1,22
2976,1389,0.000108515625,1,23
8854,1387,0.000108359375,1,24
1366,1375,0.000107421875,1,25
8989,1370,0.00010703125,1,26
14233,1363,0.000106484375,1,27
5602,1359,0.000106171875,1,28
10145,1350,0.00010546875,1,29
242,1345,0.000105078125,1,30
14066,1318,0.00010296875,1,31
10334,1312,0.0001025,1,32
8816,1308,0.0001021875,1,33
3896,1306,0.00010203125,1,34
5267,1297,0.000101328125,1,35
6032,1294,0.00010109375,1,36
13745,1291,0.000100859375,1,37
4133,1285,0.000100390625,1,38
6807,1283,0.000100234375,1,39
6094,1280,0.0001,1,40
14632,1275,9.9609375e-05,1,41
4559,1268,9.90625e-05,1,42
8928,1257,9.8203125e-05,1,43
8995,1254,9.796875e-05,1,44
7655,1253,9.7890625e-05,1,45
6162,1249,9.7578125e-05,1,47
6034,1249,9.7578125e-05,1,46
14428,1247,9.7421875e-05,1,48
9495,1247,9.7421875e-05,1,49
2924,1245,9.7265625e-05,1,50
13773,1244,9.71875e-05,1,51
14711,1243,9.7109375e-05,1,52
1585,1242,9.703125e-05,1,53
6957,1241,9.6953125e-05,1,54
3541,1237,9.6640625e-05,1,55
9563,1236,9.65625e-05,1,56
6013,1235,9.6484375e-05,1,57
12169,1235,9.6484375e-05,1,58
4256,1231,9.6171875e-05,1,59
7364,1227,9.5859375e-05,1,60
4878,1227,9.5859375e-05,1,61
2759,1226,9.578125e-05,1,62
6911,1225,9.5703125e-05,1,63
11219,1223,9.5546875e-05,1,64
7185,1223,9.5546875e-05,1,65
7551,1221,9.5390625e-05,1,66
13388,1217,9.5078125e-05,1,67
5770,1216,9.5e-05,1,68
2356,1213,9.4765625e-05,1,69
8886,1211,9.4609375e-05,1,70
2499,1209,9.4453125e-05,1,71
11929,1201,9.3828125e-05,1,72
12671,1201,9.3828125e-05,1,74
4057,1201,9.3828125e-05,1,73
10452,1200,9.375e-05,1,75
2170,1199,9.3671875e-05,1,76
1747,1198,9.359375e-05,1,77
295,1195,9.3359375e-05,1,78
3247,1194,9.328125e-05,1,79
10391,1192,9.3125e-05,1,80
9930,1189,9.2890625e-05,1,81
10162,1188,9.28125e-05,1,82
286,1188,9.28125e-05,1,84
11141,1188,9.28125e-05,1,83
1951,1187,9.2734375e-05,1,86
3233,1187,9.2734375e-05,1,85
12163,1185,9.2578125e-05,1,87
3649,1182,9.234375e-05,1,89
2287,1182,9.234375e-05,1,88
14955,1179,9.2109375e-05,1,90
12202,1178,9.203125e-05,1,91
682,1177,9.1953125e-05,1,93
10015,1177,9.1953125e-05,1,92
5673,1177,9.1953125e-05,1,94
12156,1173,9.1640625e-05,1,95
14972,1171,9.1484375e-05,1,96
5830,1170,9.140625e-05,1,97
9171,1169,9.1328125e-05,1,98
14614,1168,9.125e-05,1,99
6802,1168,9.125e-05,1,100
12716,1168,9.125e-05,1,101
7313,1167,9.1171875e-05,1,102
10914,1167,9.1171875e-05,1,103
11093,1166,9.109375e-05,1,104
6976,1165,9.1015625e-05,1,106
9284,1165,9.1015625e-05,1,105
649,1165,9.1015625e-05,1,107
12761,1162,9.078125e-05,1,109
3686,1162,9.078125e-05,1,108
5121,1161,9.0703125e-05,1,110
1544,1161,9.0703125e-05,1,113
5058,1161,9.0703125e-05,1,112
298,1161,9.0703125e-05,1,111
11237,1159,9.0546875e-05,1,114
432,1159,9.0546875e-05,1,115
4,1158,9.046875e-05,1,116
11386,1156,9.03125e-05,1,117
4016,1156,9.03125e-05,1,118
10695,1155,9.0234375e-05,1,120
14106,1155,9.0234375e-05,1,119
11938,1155,9.0234375e-05,1,121
510,1154,9.015625e-05,1,123
6752,1154,9.015625e-05,1,122
5689,1153,9.0078125e-05,1,125
11767,1153,9.0078125e-05,1,124
5740,1153,9.0078125e-05,1,126
5380,1152,9e-05,1,127
12953,1152,9e-05,1,130
349,1152,9e-05,1,131
13973,1152,9e-05,1,129
11737,1152,9e-05,1,128
7309,1151,8.9921875e-05,1,133
4120,1151,8.9921875e-05,1,132
1494,1150,8.984375e-05,1,134
15172,1149,8.9765625e-05,1,135
3118,1149,8.9765625e-05,1,136
8713,1148,8.96875e-05,1,137
8603,1147,8.9609375e-05,1,141
5193,1147,8.9609375e-05,1,140
1830,1147,8.9609375e-05,1,142
5183,1147,8.9609375e-05,1,139
622,1147,8.9609375e-05,1,138
3106,1146,8.953125e-05,1,143
8842,1145,8.9453125e-05,1,145
9719,1145,8.9453125e-05,1,144
10931,1144,8.9375e-05,1,146
4673,1143,8.9296875e-05,1,148
6233,1143,8.9296875e-05,1,147
2504,1142,8.921875e-05,1,149
740,1139,8.8984375e-05,1,151
2166,1139,8.8984375e-05,1,150
3608,1139,8.8984375e-05,1,152
1691,1137,8.8828125e-05,1,153
15276,1135,8.8671875e-05,1,154
1161,1135,8.8671875e-05,1,155
5540,1134,8.859375e-05,1,157
11469,1134,8.859375e-05,1,156
780,1133,8.8515625e-05,1,158
12635,1132,8.84375e-05,1,160
14716,1132,8.84375e-05,1,159
5384,1129,8.8203125e-05,1,161
6453,1128,8.8125e-05,1,162
11958,1128,8.8125e-05,1,163
12428,1128,8.8125e-05,1,164
10898,1128,8.8125e-05,1,165
2399,1126,8.796875e-05,1,166
14090,1125,8.7890625e-05,1,167
5589,1124,8.78125e-05,1,168
8002,1123,8.7734375e-05,1,169
4822,1123,8.7734375e-05,1,170
6652,1122,8.765625e-05,1,171
12401,1122,8.765625e-05,1,172
6171,1121,8.7578125e-05,1,173
4173,1120,8.75e-05,1,174
1224,1119,8.7421875e-05,1,175
2251,1118,8.734375e-05,1,177
6395,1118,8.734375e-05,1,176
6965,1117,8.7265625e-05,1,179
4219,1117,8.7265625e-05,1,178
4247,1116,8.71875e-05,1,180
3454,1116,8.71875e-05,1,181
13556,1115,8.7109375e-05,1,182
5278,1113,8.6953125e-05,1,183
13792,1113,8.6953125e-05,1,187
4383,1113,8.6953125e-05,1,186
13894,1113,8.6953125e-05,1,185
2616,1113,8.6953125e-05,1,184
5920,1112,8.6875e-05,1,189
9863,1112,8.6875e-05,1,188
3145,1111,8.6796875e-05,1,190
1167,1110,8.671875e-05,1,193
7568,1110,8.671875e-05,1,192
12515,1110,8.671875e-05,1,191
10638,1109,8.6640625e-05,1,194
7736,1108,8.65625e-05,1,198
6986,1108,8.65625e-05,1,197
1027,1108,8.65625e-05,1,196
6284,1108,8.65625e-05,1,195
2896,1107,8.6484375e-05,1,199
10228,1107,8.6484375e-05,1,200
785,1106,8.640625e-05,1,201
6340,1106,8.640625e-05,1,202
6416,1104,8.625e-05,1,204
12337,1104,8.625e-05,1,205
6067,1104,8.625e-05,1,203
11482,1104,8.625e-05,1,206
2466,1103,8.6171875e-05,1,208
13665,1103,8.6171875e-05,1,207
7818,1102,8.609375e-05,1,209
9641,1101,8.6015625e-05,1,212
12015,1101,8.6015625e-05,1,210
14420,1101,8.6015625e-05,1,211
7331,1100,8.59375e-05,1,213
3299,1099,8.5859375e-05,1,214
1649,1099,8.5859375e-05,1,216
6724,1099,8.5859375e-05,1,215
12135,1098,8.578125e-05,1,217
12150,1097,8.5703125e-05,1,220
2280,1097,8.5703125e-05,1,219
474,1097,8.5703125e-05,1,218
9630,1096,8.5625e-05,1,221
3214,1095,8.5546875e-05,1,224
6355,1095,8.5546875e-05,1,222
15754,1095,8.5546875e-05,1,223
6166,1094,8.546875e-05,1,227
1990,1094,8.546875e-05,1,225
2067,1094,8.546875e-05,1,226
5323,1093,8.5390625e-05,1,228
4195,1093,8.5390625e-05,1,229
12029,1093,8.5390625e-05,1,230
2206,1093,8.5390625e-05,1,231
1711,1092,8.53125e-05,1,232
11535,1090,8.515625e-05,1,233
13234,1090,8.515625e-05,1,234
8239,1089,8.5078125e-05,1,235
4334,1089,8.5078125e-05,1,236
13187,1089,8.5078125e-05,1,237
14036,1088,8.5e-05,1,238
1060,1087,8.4921875e-05,1,239
107,1087,8.4921875e-05,1,241
9034,1087,8.4921875e-05,1,240
4127,1086,8.484375e-05,1,245
2723,1086,8.484375e-05,1,243
4517,1086,8.484375e-05,1,242
10455,1086,8.484375e-05,1,244
12876,1086,8.484375e-05,1,246
4719,1085,8.4765625e-05,1,252
1755,1085,8.4765625e-05,1,251
8231,1085,8.4765625e-05,1,248
14121,1085,8.4765625e-05,1,247
10571,1085,8.4765625e-05,1,249
9509,1085,8.4765625e-05,1,250
1813,1084,8.46875e-05,1,253
6336,1084,8.46875e-05,1,254
10990,1084,8.46875e-05,1,256
334,1084,8.46875e-05,1,255
12332,1083,8.4609375e-05,1,258
9514,1083,8.4609375e-05,1,257
110,1082,8.453125e-05,1,259
10320,1081,8.4453125e-05,1,260
471,1081,8.4453125e-05,1,261
9160,1081,8.4453125e-05,1,263
1411,1081,8.4453125e-05,1,264
9186,1081,8.4453125e-05,1,262
15377,1080,8.4375e-05,1,265
3077,1080,8.4375e-05,1,267
6590,1080,8.4375e-05,1,266
1232,1079,8.4296875e-05,1,271
8063,1079,8.4296875e-05,1,273
16069,1079,8.4296875e-05,1,274
4089,1079,8.4296875e-05,1,270
5896,1079,8.4296875e-05,1,268
14083,1079,8.4296875e-05,1,272
6500,1079,8.4296875e-05,1,269
4538,1078,8.421875e-05,1,275
2678,1078,8.421875e-05,1,276
12780,1078,8.421875e-05,1,278
6038,1078,8.421875e-05,1,277
3150,1077,8.4140625e-05,1,279
8194,1077,8.4140625e-05,1,280
10857,1076,8.40625e-05,1,281
9706,1076,8.40625e-05,1,282
16171,1075,8.3984375e-05,1,284
14213,1075,8.3984375e-05,1,283
9437,1074,8.390625e-05,1,289
11921,1074,8.390625e-05,1,288
12946,1074,8.390625e-05,1,287
14332,1074,8.390625e-05,1,285
4409,1074,8.390625e-05,1,286
726,1074,8.390625e-05,1,290
3497,1073,8.3828125e-05,1,294
9532,1073,8.3828125e-05,1,291
10129,1073,8.3828125e-05,1,292
1876,1073,8.3828125e-05,1,293
11736,1072,8.375e-05,1,297
12949,1072,8.375e-05,1,296
9572,1072,8.375e-05,1,295
7895,1071,8.3671875e-05,1,300
826,1071,8.3671875e-05,1,298
12820,1071,8.3671875e-05,1,301
762,1071,8.3671875e-05,1,299
6004,1070,8.359375e-05,1,307
4233,1070,8.359375e-05,1,306
1195,1070,8.359375e-05,1,304
12582,1070,8.359375e-05,1,305
10661,1070,8.359375e-05,1,308
14159,1070,8.359375e-05,1,303
1476,1070,8.359375e-05,1,302
1557,1069,8.3515625e-05,1,313
4606,1069,8.3515625e-05,1,309
5563,1069,8.3515625e-05,1,314
13738,1069,8.3515625e-05,1,312
13497,1069,8.3515625e-05,1,311
4988,1069,8.3515625e-05,1,310
6223,1068,8.34375e-05,1,315
11699,1068,8.34375e-05,1,317
15452,1068,8.34375e-05,1,316
2511,1067,8.3359375e-05,1,319
199,1067,8.3359375e-05,1,318
10972,1066,8.328125e-05,1,324
3573,1066,8.328125e-05,1,321
6743,1066,8.328125e-05,1,320
442,1066,8.328125e-05,1,322
5463,1066,8.328125e-05,1,323
2872,1065,8.3203125e-05,1,326
912,1065,8.3203125e-05,1,325
5187,1064,8.3125e-05,1,328
5014,1064,8.3125e-05,1,329
2075,1064,8.3125e-05,1,327
7070,1063,8.3046875e-05,1,331
1212,1063,8.3046875e-05,1,330
8775,1062,8.296875e-05,1,333
2482,1062,8.296875e-05,1,332
15282,1062,8.296875e-05,1,334
12753,1061,8.2890625e-05,1,337
5023,1061,8.2890625e-05,1,336
15232,1061,8.2890625e-05,1,335
3595,1060,8.28125e-05,1,338
2038,1060,8.28125e-05,1,339
11763,1059,8.2734375e-05,1,340
15134,1059,8.2734375e-05,1,341
6296,1058,8.265625e-05,1,344
1719,1058,8.265625e-05,1,347
15890,1058,8.265625e-05,1,345
13309,1058,8.265625e-05,1,343
4171,1058,8.265625e-05,1,346
11654,1058,8.265625e-05,1,342
14696,1057,8.2578125e-05,1,348
8820,1057,8.2578125e-05,1,349
15884,1056,8.25e-05,1,350
9500,1056,8.25e-05,1,352
10382,1056,8.25e-05,1,351
5331,1055,8.2421875e-05,1,356
5931,1055,8.2421875e-05,1,355
737,1055,8.2421875e-05,1,353
7485,1055,8.2421875e-05,1,361
2535,1055,8.2421875e-05,1,360
3280,1055,8.2421875e-05,1,358
10676,1055,8.2421875e-05,1,354
3050,1055,8.2421875e-05,1,357
889,1055,8.2421875e-05,1,362
1723,1055,8.2421875e-05,1,359
4868,1054,8.234375e-05,1,363
11291,1053,8.2265625e-05,1,368
2318,1053,8.2265625e-05,1,364
3521,1053,8.2265625e-05,1,366
2000,1053,8.2265625e-05,1,367
1815,1053,8.2265625e-05,1,365
15013,1052,8.21875e-05,1,370
9674,1052,8.21875e-05,1,369
11352,1051,8.2109375e-05,1,373
12225,1051,8.2109375e-05,1,372
9009,1051,8.2109375e-05,1,371
5290,1050,8.203125e-05,1,378
12199,1050,8.203125e-05,1,377
6925,1050,8.203125e-05,1,375
13409,1050,8.203125e-05,1,376
1597,1050,8.203125e-05,1,374
13366,1048,8.1875e-05,1,381
332,1048,8.1875e-05,1,380
4666,1048,8.1875e-05,1,379
13016,1047,8.1796875e-05,1,383
14063,1047,8.1796875e-05,1,382
14585,1046,8.171875e-05,1,384
8046,1045,8.1640625e-05,1,386
13608,1045,8.1640625e-05,1,385
4109,1044,8.15625e-05,1,390
707,1044,8.15625e-05,1,388
9599,1044,8.15625e-05,1,389
2550,1044,8.15625e-05,1,391
8080,1044,8.15625e-05,1,387
6854,1044,8.15625e-05,1,392
12470,1043,8.1484375e-05,1,394
3922,1043,8.1484375e-05,1,393
5002,1043,8.1484375e-05,1,395
1362,1042,8.140625e-05,1,400
97,1042,8.140625e-05,1,396
2263,1042,8.140625e-05,1,398
363,1042,8.140625e-05,1,397
3000,1042,8.140625e-05,1,399
2115,1041,8.1328125e-05,1,405
6511,1041,8.1328125e-05,1,404
3779,1041,8.1328125e-05,1,406
2408,1041,8.1328125e-05,1,408
3589,1041,8.1328125e-05,1,401
4239,1041,8.1328125e-05,1,407
127,1041,8.1328125e-05,1,403
15869,1041,8.1328125e-05,1,402
4734,1040,8.125e-05,1,410
7877,1040,8.125e-05,1,412
4118,1040,8.125e-05,1,411
8679,1040,8.125e-05,1,409
494,1039,8.1171875e-05,1,415
15638,1039,8.1171875e-05,1,414
11518,1039,8.1171875e-05,1,416
7831,1039,8.1171875e-05,1,413
4343,1038,8.109375e-05,1,419
2103,1038,8.109375e-05,1,417
12161,1038,8.109375e-05,1,418
4782,1038,8.109375e-05,1,420
5649,1037,8.1015625e-05,1,422
8660,1037,8.1015625e-05,1,423
9025,1037,8.1015625e-05,1,421
3918,1037,8.1015625e-05,1,425
15836,1037,8.1015625e-05,1,424
7906,1036,8.09375e-05,1,429
5476,1036,8.09375e-05,1,426
1825,1036,8.09375e-05,1,427
2195,1036,8.09375e-05,1,428
7979,1035,8.0859375e-05,1,430
2468,1035,8.0859375e-05,1,431
8544,1034,8.078125e-05,1,432
7785,1034,8.078125e-05,1,437
2635,1034,8.078125e-05,1,439
11180,1034,8.078125e-05,1,435
2062,1034,8.078125e-05,1,434
5533,1034,8.078125e-05,1,440
7466,1034,8.078125e-05,1,442
3276,1034,8.078125e-05,1,444
8629,1034,8.078125e-05,1,438
1706,1034,8.078125e-05,1,441
1455,1034,8.078125e-05,1,436
5532,1034,8.078125e-05,1,433
11546,1034,8.078125e-05,1,443
16167,1033,8.0703125e-05,1,446
4388,1033,8.0703125e-05,1,445
3494,1033,8.0703125e-05,1,447
13275,1032,8.0625e-05,1,448
3011,1031,8.0546875e-05,1,449
6578,1031,8.0546875e-05,1,451
2055,1031,8.0546875e-05,1,450
3113,1030,8.046875e-05,1,452
16039,1030,8.046875e-05,1,454
1996,1030,8.046875e-05,1,453
12123,1029,8.0390625e-05,1,459
3733,1029,8.0390625e-05,1,458
15905,1029,8.0390625e-05,1,456
8464,1029,8.0390625e-05,1,455
15285,1029,8.0390625e-05,1,457
7340,1028,8.03125e-05,1,462
14991,1028,8.03125e-05,1,464
6698,1028,8.03125e-05,1,461
13367,1028,8.03125e-05,1,460
1291,1028,8.03125e-05,1,463
14937,1027,8.0234375e-05,1,466
3838,1027,8.0234375e-05,1,467
1496,1027,8.0234375e-05,1,465
1481,1027,8.0234375e-05,1,468
11732,1026,8.015625e-05,1,469
15928,1026,8.015625e-05,1,471
14772,1026,8.015625e-05,1,470
7077,1026,8.015625e-05,1,472
2631,1025,8.0078125e-05,1,475
1088,1025,8.0078125e-05,1,474
1197,1025,8.0078125e-05,1,473
8246,1024,8e-05,1,478
11040,1024,8e-05,1,477
8707,1024,8e-05,1,476
861,1023,7.9921875e-05,1,480
15506,1023,7.9921875e-05,1,479
1214,1022,7.984375e-05,1,482
9616,1022,7.984375e-05,1,481
1769,1022,7.984375e-05,1,484
11288,1022,7.984375e-05,1,483
15494,1021,7.9765625e-05,1,488
2728,1021,7.9765625e-05,1,487
12832,1021,7.9765625e-05,1,486
11873,1021,7.9765625e-05,1,485
15113,1020,7.96875e-05,1,492
16164,1020,7.96875e-05,1,490
3258,1020,7.96875e-05,1,495
13263,1020,7.96875e-05,1,494
16327,1020,7.96875e-05,1,493
344,1020,7.96875e-05,1,489
2139,1020,7.96875e-05,1,491
764,1019,7.9609375e-05,1,496
3291,1019,7.9609375e-05,1,497
3619,1019,7.9609375e-05,1,501
8378,1019,7.9609375e-05,1,500
12268,1019,7.9609375e-05,1,499
615,1019,7.9609375e-05,1,498
4774,1018,7.953125e-05,1,506
9524,1018,7.953125e-05,1,503
2278,1018,7.953125e-05,1,505
7928,1018,7.953125e-05,1,504
11029,1018,7.953125e-05,1,502
11248,1017,7.9453125e-05,1,513
15453,1017,7.9453125e-05,1,510
2855,1017,7.9453125e-05,1,509
8442,1017,7.9453125e-05,1,512
3784,1017,7.9453125e-05,1,508
9453,1017,7.9453125e-05,1,507
5209,1017,7.9453125e-05,1,511
8168,1016,7.9375e-05,1,515
14830,1016,7.9375e-05,1,519
1293,1016,7.9375e-05,1,516
7506,1016,7.9375e-05,1,517
7402,1016,7.9375e-05,1,518
5581,1016,7.9375e-05,1,514
13768,1015,7.9296875e-05,1,524
3252,1015,7.9296875e-05,1,522
2260,1015,7.9296875e-05,1,520
2309,1015,7.9296875e-05,1,523
1129,1015,7.9296875e-05,1,521
3196,1014,7.921875e-05,1,526
12835,1014,7.921875e-05,1,525
11391,1014,7.921875e-05,1,527
6039,1013,7.9140625e-05,1,532
11456,1013,7.9140625e-05,1,529
2668,1013,7.9140625e-05,1,530
130,1013,7.9140625e-05,1,531
13220,1013,7.9140625e-05,1,528
15115,1013,7.9140625e-05,1,533
12679,1012,7.90625e-05,1,535
618,1012,7.90625e-05,1,534
8273,1012,7.90625e-05,1,537
2701,1012,7.90625e-05,1,539
3887,1012,7.90625e-05,1,538
7224,1012,7.90625e-05,1,536
13726,1011,7.8984375e-05,1,543
1334,1011,7.8984375e-05,1,542
14526,1011,7.8984375e-05,1,540
12452,1011,7.8984375e-05,1,541
3096,1010,7.890625e-05,1,550
2758,1010,7.890625e-05,1,545
14867,1010,7.890625e-05,1,547
834,1010,7.890625e-05,1,546
13049,1010,7.890625e-05,1,544
4200,1010,7.890625e-05,1,548
1130,1010,7.890625e-05,1,549
8889,1009,7.8828125e-05,1,555
5501,1009,7.8828125e-05,1,551
473,1009,7.8828125e-05,1,557
15045,1009,7.8828125e-05,1,558
1039,1009,7.8828125e-05,1,554
4941,1009,7.8828125e-05,1,556
2981,1009,7.8828125e-05,1,552
14945,1009,7.8828125e-05,1,553
8845,1008,7.875e-05,1,561
1902,1008,7.875e-05,1,559
7221,1008,7.875e-05,1,564
12719,1008,7.875e-05,1,563
1074,1008,7.875e-05,1,560
5805,1008,7.875e-05,1,562
7372,1007,7.8671875e-05,1,566
1605,1007,7.8671875e-05,1,567
1066,1007,7.8671875e-05,1,569
6114,1007,7.8671875e-05,1,570
4546,1007,7.8671875e-05,1,571
13591,1007,7.8671875e-05,1,568
13228,1007,7.8671875e-05,1,565
14469,1006,7.859375e-05,1,573
3505,1006,7.859375e-05,1,572
9000,1006,7.859375e-05,1,576
15096,1006,7.859375e-05,1,575
2364,1006,7.859375e-05,1,577
11755,1006,7.859375e-05,1,574
11888,1006,7.859375e-05,1,578
12185,1005,7.8515625e-05,1,585
237,1005,7.8515625e-05,1,580
6966,1005,7.8515625e-05,1,584
3072,1005,7.8515625e-05,1,582
8,1005,7.8515625e-05,1,579
6283,1005,7.8515625e-05,1,581
6842,1005,7.8515625e-05,1,583
3342,1004,7.84375e-05,1,589
13525,1004,7.84375e-05,1,588
13008,1004,7.84375e-05,1,591
1647,1004,7.84375e-05,1,587
4644,1004,7.84375e-05,1,586
6543,1004,7.84375e-05,1,590
3655,1003,7.8359375e-05,1,595
9816,1003,7.8359375e-05,1,596
16282,1003,7.8359375e-05,1,592
416,1003,7.8359375e-05,1,594
9608,1003,7.8359375e-05,1,593
9546,1002,7.828125e-05,1,602
15922,1002,7.828125e-05,1,599
1617,1002,7.828125e-05,1,597
7556,1002,7.828125e-05,1,600
10288,1002,7.828125e-05,1,598
13448,1002,7.828125e-05,1,601
684,1002,7.828125e-05,1,603
2881,1001,7.8203125e-05,1,604
4815,1001,7.8203125e-05,1,605
6007,1000,7.8125e-05,1,610
11128,1000,7.8125e-05,1,615
11084,1000,7.8125e-05,1,608
15778,1000,7.8125e-05,1,616
8980,1000,7.8125e-05,1,613
16103,1000,7.8125e-05,1,607
2637,1000,7.8125e-05,1,611
7117,1000,7.8125e-05,1,606
11296,1000,7.8125e-05,1,612
12242,1000,7.8125e-05,1,609
2922,1000,7.8125e-05,1,614
12728,999,7.8046875e-05,1,617
5679,999,7.8046875e-05,1,620
7565,999,7.8046875e-05,1,621
14268,999,7.8046875e-05,1,626
12940,999,7.8046875e-05,1,622
5387,999,7.8046875e-05,1,623
1658,999,7.8046875e-05,1,624
9092,999,7.8046875e-05,1,618
1725,999,7.8046875e-05,1,619
5145,999,7.8046875e-05,1,625
4669,998,7.796875e-05,1,636
394,998,7.796875e-05,1,631
992,998,7.796875e-05,1,629
2191,998,7.796875e-05,1,630
7178,998,7.796875e-05,1,628
15720,998,7.796875e-05,1,633
12231,998,7.796875e-05,1,627
13202,998,7.796875e-05,1,634
12012,998,7.796875e-05,1,632
247,998,7.796875e-05,1,635
4114,997,7.7890625e-05,1,645
168,997,7.7890625e-05,1,638
287,997,7.7890625e-05,1,639
14142,997,7.7890625e-05,1,641
8814,997,7.7890625e-05,1,642
3304,997,7.7890625e-05,1,644
15125,997,7.7890625e-05,1,640
10060,997,7.7890625e-05,1,637
28,997,7.7890625e-05,1,646
8476,997,7.7890625e-05,1,643
5848,996,7.78125e-05,1,651
5705,996,7.78125e-05,1,647
14773,996,7.78125e-05,1,652
10338,996,7.78125e-05,1,648
5383,996,7.78125e-05,1,649
1882,996,7.78125e-05,1,650
14292,996,7.78125e-05,1,653
6748,995,7.7734375e-05,1,654
8206,995,7.7734375e-05,1,657
11189,995,7.7734375e-05,1,658
9393,995,7.7734375e-05,1,660
3898,995,7.7734375e-05,1,655
8908,995,7.7734375e-05,1,661
1389,995,7.7734375e-05,1,656
7620,995,7.7734375e-05,1,659
6211,994,7.765625e-05,1,662
7657,994,7.765625e-05,1,666
2854,994,7.765625e-05,1,664
8439,994,7.765625e-05,1,668
7578,994,7.765625e-05,1,667
15666,994,7.765625e-05,1,669
371,994,7.765625e-05,1,663
12920,994,7.765625e-05,1,665
1413,994,7.765625e-05,1,670
9628,993,7.7578125e-05,1,676
1270,993,7.7578125e-05,1,671
12962,993,7.7578125e-05,1,674
6843,993,7.7578125e-05,1,675
5729,993,7.7578125e-05,1,672
2189,993,7.7578125e-05,1,673
13351,992,7.75e-05,1,681
11387,992,7.75e-05,1,685
9273,992,7.75e-05,1,677
10325,992,7.75e-05,1,679
5519,992,7.75e-05,1,683
8305,992,7.75e-05,1,678
4615,992,7.75e-05,1,680
8769,992,7.75e-05,1,682
15038,992,7.75e-05,1,684
11010,991,7.7421875e-05,1,690
8081,991,7.7421875e-05,1,692
11267,991,7.7421875e-05,1,687
8461,991,7.7421875e-05,1,691
4225,991,7.7421875e-05,1,689
5518,991,7.7421875e-05,1,686
11188,991,7.7421875e-05,1,688
1609,990,7.734375e-05,1,696
8764,990,7.734375e-05,1,695
3455,990,7.734375e-05,1,699
4485,990,7.734375e-05,1,697
10366,990,7.734375e-05,1,693
5718,990,7.734375e-05,1,698
9235,990,7.734375e-05,1,700
3240,990,7.734375e-05,1,694
9231,989,7.7265625e-05,1,701
12873,989,7.7265625e-05,1,704
133,989,7.7265625e-05,1,703
525,989,7.7265625e-05,1,702
8217,989,7.7265625e-05,1,705
6391,988,7.71875e-05,1,709
898,988,7.71875e-05,1,707
16078,988,7.71875e-05,1,708
7388,988,7.71875e-05,1,710
5719,988,7.71875e-05,1,706
2891,987,7.7109375e-05,1,711
15341,987,7.7109375e-05,1,717
3660,987,7.7109375e-05,1,715
11983,987,7.7109375e-05,1,718
5754,987,7.7109375e-05,1,716
2216,987,7.7109375e-05,1,714
7175,987,7.7109375e-05,1,712
13480,987,7.7109375e-05,1,713
9976,986,7.703125e-05,1,721
5142,986,7.703125e-05,1,720
14885,986,7.703125e-05,1,723
6833,986,7.703125e-05,1,719
2957,986,7.703125e-05,1,724
7368,986,7.703125e-05,1,725
7447,986,7.703125e-05,1,722
8960,985,7.6953125e-05,1,731
1505,985,7.6953125e-05,1,726
10948,985,7.6953125e-05,1,727
801,985,7.6953125e-05,1,730
455,985,7.6953125e-05,1,729
13336,985,7.6953125e-05,1,728
3758,984,7.6875e-05,1,739
7966,984,7.6875e-05,1,733
11169,984,7.6875e-05,1,736
1099,984,7.6875e-05,1,735
5013,984,7.6875e-05,1,734
7107,984,7.6875e-05,1,737
4832,984,7.6875e-05,1,740
11754,984,7.6875e-05,1,738
13094,984,7.6875e-05,1,732
1242,983,7.6796875e-05,1,745
12987,983,7.6796875e-05,1,742
4760,983,7.6796875e-05,1,741
6419,983,7.6796875e-05,1,744
7921,983,7.6796875e-05,1,746
359,983,7.6796875e-05,1,743
7732,982,7.671875e-05,1,749
2576,982,7.671875e-05,1,751
11140,982,7.671875e-05,1,750
16272,982,7.671875e-05,1,747
3249,982,7.671875e-05,1,748
10090,981,7.6640625e-05,1,755
10093,981,7.6640625e-05,1,758
11835,981,7.6640625e-05,1,757
15491,981,7.6640625e-05,1,752
704,981,7.6640625e-05,1,753
8019,981,7.6640625e-05,1,756
963,981,7.6640625e-05,1,759
2070,981,7.6640625e-05,1,754
7021,980,7.65625e-05,1,769
8076,980,7.65625e-05,1,760
11635,980,7.65625e-05,1,763
15053,980,7.65625e-05,1,770
10670,980,7.65625e-05,1,764
6086,980,7.65625e-05,1,767
7539,980,7.65625e-05,1,762
4425,980,7.65625e-05,1,771
10731,980,7.65625e-05,1,768
3121,980,7.65625e-05,1,765
10840,980,7.65625e-05,1,766
4775,980,7.65625e-05,1,761
5947,979,7.6484375e-05,1,778
5151,979,7.6484375e-05,1,777
7490,979,7.6484375e-05,1,772
14244,979,7.6484375e-05,1,776
4540,979,7.6484375e-05,1,780
4453,979,7.6484375e-05,1,775
303,979,7.6484375e-05,1,781
12054,979,7.6484375e-05,1,773
2350,979,7.6484375e-05,1,774
750,979,7.6484375e-05,1,779
12184,978,7.640625e-05,1,783
8542,978,7.640625e-05,1,786
8621,978,7.640625e-05,1,787
14775,978,7.640625e-05,1,784
11648,978,7.640625e-05,1,785
1676,978,7.640625e-05,1,782
6321,977,7.6328125e-05,1,797
8826,977,7.6328125e-05,1,791
14285,977,7.6328125e-05,1,793
9302,977,7.6328125e-05,1,790
9064,977,7.6328125e-05,1,789
9438,977,7.6328125e-05,1,792
3523,977,7.6328125e-05,1,795
5957,977,7.6328125e-05,1,798
1483,977,7.6328125e-05,1,788
5175,977,7.6328125e-05,1,796
1945,977,7.6328125e-05,1,794
10971,976,7.625e-05,1,807
7704,976,7.625e-05,1,804
10296,976,7.625e-05,1,802
2435,976,7.625e-05,1,805
1278,976,7.625e-05,1,806
6436,976,7.625e-05,1,800
3719,976,7.625e-05,1,803
9137,976,7.625e-05,1,799
10763,976,7.625e-05,1,801
14881,975,7.6171875e-05,1,812
872,975,7.6171875e-05,1,811
7223,975,7.6171875e-05,1,815
2918,975,7.6171875e-05,1,810
14582,975,7.6171875e-05,1,809
5585,975,7.6171875e-05,1,813
13987,975,7.6171875e-05,1,808
7269,975,7.6171875e-05,1,814
8494,974,7.609375e-05,1,822
11643,974,7.609375e-05,1,816
12797,974,7.609375e-05,1,819
429,974,7.609375e-05,1,820
6375,974,7.609375e-05,1,821
5281,974,7.609375e-05,1,818
1010,974,7.609375e-05,1,817
5642,973,7.6015625e-05,1,831
8567,973,7.6015625e-05,1,825
3356,973,7.6015625e-05,1,830
4269,973,7.6015625e-05,1,824
10926,973,7.6015625e-05,1,832
10767,973,7.6015625e-05,1,829
6429,973,7.6015625e-05,1,833
9579,973,7.6015625e-05,1,826
8994,973,7.6015625e-05,1,827
3604,973,7.6015625e-05,1,828
6900,973,7.6015625e-05,1,823
10458,972,7.59375e-05,1,842
15003,972,7.59375e-05,1,840
14898,972,7.59375e-05,1,838
13399,972,7.59375e-05,1,841
2079,972,7.59375e-05,1,835
366,972,7.59375e-05,1,843
4281,972,7.59375e-05,1,836
2230,972,7.59375e-05,1,837
8867,972,7.59375e-05,1,834
12058,972,7.59375e-05,1,839
15177,971,7.5859375e-05,1,848
7395,971,7.5859375e-05,1,844
12147,971,7.5859375e-05,1,845
12348,971,7.5859375e-05,1,847
1895,971,7.5859375e-05,1,846
7169,971,7.5859375e-05,1,850
3290,971,7.5859375e-05,1,849
9782,970,7.578125e-05,1,856
2736,970,7.578125e-05,1,859
2962,970,7.578125e-05,1,854
4058,970,7.578125e-05,1,853
263,970,7.578125e-05,1,852
2877,970,7.578125e-05,1,858
12398,970,7.578125e-05,1,851
844,970,7.578125e-05,1,861
3993,970,7.578125e-05,1,857
6984,970,7.578125e-05,1,855
12530,970,7.578125e-05,1,860
1152,969,7.5703125e-05,1,866
10111,969,7.5703125e-05,1,869
3254,969,7.5703125e-05,1,865
11969,969,7.5703125e-05,1,863
8157,969,7.5703125e-05,1,871
2540,969,7.5703125e-05,1,864
15946,969,7.5703125e-05,1,868
3949,969,7.5703125e-05,1,862
11660,969,7.5703125e-05,1,867
967,969,7.5703125e-05,1,870
1462,968,7.5625e-05,1,880
2353,968,7.5625e-05,1,877
1464,968,7.5625e-05,1,878
1778,968,7.5625e-05,1,872
9915,968,7.5625e-05,1,881
3566,968,7.5625e-05,1,876
12492,968,7.5625e-05,1,874
12490,968,7.5625e-05,1,879
12926,968,7.5625e-05,1,873
6937,968,7.5625e-05,1,875
3773,967,7.5546875e-05,1,885
9325,967,7.5546875e-05,1,883
7206,967,7.5546875e-05,1,887
7941,967,7.5546875e-05,1,884
14396,967,7.5546875e-05,1,886
9909,967,7.5546875e-05,1,882
5927,966,7.546875e-05,1,891
3486,966,7.546875e-05,1,897
10910,966,7.546875e-05,1,900
13486,966,7.546875e-05,1,898
5724,966,7.546875e-05,1,895
966,966,7.546875e-05,1,896
6123,966,7.546875e-05,1,902
3986,966,7.546875e-05,1,890
12129,966,7.546875e-05,1,893
13037,966,7.546875e-05,1,894
14855,966,7.546875e-05,1,892
1771,966,7.546875e-05,1,888
12910,966,7.546875e-05,1,904
6685,966,7.546875e-05,1,889
15700,966,7.546875e-05,1,901
795,966,7.546875e-05,1,903
10432,966,7.546875e-05,1,899
1160,965,7.5390625e-05,1,907
16218,965,7.5390625e-05,1,909
3397,965,7.5390625e-05,1,906
16098,965,7.5390625e-05,1,910
12604,965,7.5390625e-05,1,905
15348,965,7.5390625e-05,1,908
10310,964,7.53125e-05,1,915
1103,964,7.53125e-05,1,911
6414,964,7.53125e-05,1,920
10837,964,7.53125e-05,1,913
1370,964,7.53125e-05,1,912
1795,964,7.53125e-05,1,914
14820,964,7.53125e-05,1,918
16204,964,7.53125e-05,1,919
9089,964,7.53125e-05,1,917
2243,964,7.53125e-05,1,916
7938,964,7.53125e-05,1,921
8454,963,7.5234375e-05,1,933
1935,963,7.5234375e-05,1,936
951,963,7.5234375e-05,1,925
3908,963,7.5234375e-05,1,928
7607,963,7.5234375e-05,1,932
15555,963,7.5234375e-05,1,926
4960,963,7.5234375e-05,1,927
1465,963,7.5234375e-05,1,931
5320,963,7.5234375e-05,1,924
8978,963,7.5234375e-05,1,922
10817,963,7.5234375e-05,1,935
7791,963,7.5234375e-05,1,934
6801,963,7.5234375e-05,1,930
3869,963,7.5234375e-05,1,929
2998,963,7.5234375e-05,1,923
8992,962,7.515625e-05,1,938
6043,962,7.515625e-05,1,941
9503,962,7.515625e-05,1,942
16045,962,7.515625e-05,1,943
16061,962,7.515625e-05,1,944
5043,962,7.515625e-05,1,939
5097,962,7.515625e-05,1,937
10810,962,7.515625e-05,1,940
13276,961,7.5078125e-05,1,948
13059,961,7.5078125e-05,1,949
11326,961,7.5078125e-05,1,951
2082,961,7.5078125e-05,1,945
9112,961,7.5078125e-05,1,947
8725,961,7.5078125e-05,1,950
14251,961,7.5078125e-05,1,946
14368,961,7.5078125e-05,1,952
4456,960,7.5e-05,1,964
16287,960,7.5e-05,1,963
2774,960,7.5e-05,1,959
15290,960,7.5e-05,1,962
6946,960,7.5e-05,1,958
10248,960,7.5e-05,1,954
1514,960,7.5e-05,1,953
7374,960,7.5e-05,1,960
12066,960,7.5e-05,1,956
109,960,7.5e-05,1,955
14940,960,7.5e-05,1,957
575,960,7.5e-05,1,961
12355,960,7.5e-05,1,965
1182,959,7.4921875e-05,1,976
1079,959,7.4921875e-05,1,977
633,959,7.4921875e-05,1,979
15379,959,7.4921875e-05,1,966
207,959,7.4921875e-05,1,981
46,959,7.4921875e-05,1,969
9772,959,7.4921875e-05,1,980
7634,959,7.4921875e-05,1,974
4667,959,7.4921875e-05,1,971
119,959,7.4921875e-05,1,978
6849,959,7.4921875e-05,1,982
6793,959,7.4921875e-05,1,967
9566,959,7.4921875e-05,1,973
9223,959,7.4921875e-05,1,970
6143,959,7.4921875e-05,1,975
8504,959,7.4921875e-05,1,972
7561,959,7.4921875e-05,1,968
10964,958,7.484375e-05,1,992
12208,958,7.484375e-05,1,990
3565,958,7.484375e-05,1,991
2085,958,7.484375e-05,1,989
12622,958,7.484375e-05,1,983
13641,958,7.484375e-05,1,987
13285,958,7.484375e-05,1,985
6902,958,7.484375e-05,1,986
15938,958,7.484375e-05,1,984
2954,958,7.484375e-05,1,988
871,957,7.4765625e-05,1,1004
16260,957,7.4765625e-05,1,994
1914,957,7.4765625e-05,1,996
12463,957,7.4765625e-05,1,1006
5785,957,7.4765625e-05,1,1005
3041,957,7.4765625e-05,1,1000
12057,957,7.4765625e-05,1,1003
4181,957,7.4765625e-05,1,1001
13240,957,7.4765625e-05,1,998
5918,957,7.4765625e-05,1,995
16044,957,7.4765625e-05,1,999
3864,957,7.4765625e-05,1,1002
6490,957,7.4765625e-05,1,997
1586,957,7.4765625e-05,1,993
812,956,7.46875e-05,1,1009
3855,956,7.46875e-05,1,1020
7713,956,7.46875e-05,1,1013
6951,956,7.46875e-05,1,1008
477,956,7.46875e-05,1,1012
9959,956,7.46875e-05,1,1011
5959,956,7.46875e-05,1,1010
2995,956,7.46875e-05,1,1016
8538,956,7.46875e-05,1,1019
6582,956,7.46875e-05,1,1015
5725,956,7.46875e-05,1,1014
2395,956,7.46875e-05,1,1018
12458,956,7.46875e-05,1,1007
530,956,7.46875e-05,1,1017
9598,955,7.4609375e-05,1,1022
5221,955,7.4609375e-05,1,1024
160,955,7.4609375e-05,1,1029
4614,955,7.4609375e-05,1,1025
6329,955,7.4609375e-05,1,1032
8788,955,7.4609375e-05,1,1026
1960,955,7.4609375e-05,1,1030
2999,955,7.4609375e-05,1,1027
14403,955,7.4609375e-05,1,1021
13136,955,7.4609375e-05,1,1023
2682,955,7.4609375e-05,1,1028
8930,955,7.4609375e-05,1,1031
5238,954,7.453125e-05,1,1041
2671,954,7.453125e-05,1,1033
14540,954,7.453125e-05,1,1042
11036,954,7.453125e-05,1,1040
2818,954,7.453125e-05,1,1036
10493,954,7.453125e-05,1,1035
11745,954,7.453125e-05,1,1043
4420,954,7.453125e-05,1,1039
3921,954,7.453125e-05,1,1034
15859,954,7.453125e-05,1,1038
1067,954,7.453125e-05,1,1037
8964,954,7.453125e-05,1,1044
15576,953,7.4453125e-05,1,1053
11537,953,7.4453125e-05,1,1048
7026,953,7.4453125e-05,1,1050
676,953,7.4453125e-05,1,1046
11841,953,7.4453125e-05,1,1051
841,953,7.4453125e-05,1,1047
4122,953,7.4453125e-05,1,1049
10529,953,7.4453125e-05,1,1052
11442,953,7.4453125e-05,1,1045
5021,952,7.4375e-05,1,1060
11261,952,7.4375e-05,1,1058
1001,952,7.4375e-05,1,1068
10653,952,7.4375e-05,1,1070
9902,952,7.4375e-05,1,1063
13760,952,7.4375e-05,1,1064
2864,952,7.4375e-05,1,1054
3201,952,7.4375e-05,1,1067
2532,952,7.4375e-05,1,1072
11,952,7.4375e-05,1,1056
2034,952,7.4375e-05,1,1057
6690,952,7.4375e-05,1,1061
15242,952,7.4375e-05,1,1066
16357,952,7.4375e-05,1,1055
352,952,7.4375e-05,1,1069
13585,952,7.4375e-05,1,1071
4974,952,7.4375e-05,1,1059
14641,952,7.4375e-05,1,1065
4948,952,7.4375e-05,1,1062
698,951,7.4296875e-05,1,1078
16275,951,7.4296875e-05,1,1083
5618,951,7.4296875e-05,1,1079
601,951,7.4296875e-05,1,1074
15373,951,7.4296875e-05,1,1075
8756,951,7.4296875e-05,1,1076
1976,951,7.4296875e-05,1,1080
12001,951,7.4296875e-05,1,1084
3137,951,7.4296875e-05,1,1077
6676,951,7.4296875e-05,1,1082
3883,951,7.4296875e-05,1,1073
12765,951,7.4296875e-05,1,1081
6597,950,7.421875e-05,1,1090
12972,950,7.421875e-05,1,1085
8563,950,7.421875e-05,1,1087
4584,950,7.421875e-05,1,1092
989,950,7.421875e-05,1,1086
13607,950,7.421875e-05,1,1089
856,950,7.421875e-05,1,1094
15809,950,7.421875e-05,1,1088
1760,950,7.421875e-05,1,1091
12495,950,7.421875e-05,1,1093
9468,949,7.4140625e-05,1,1099
6808,949,7.4140625e-05,1,1102
1551,949,7.4140625e-05,1,1098
5406,949,7.4140625e-05,1,1100
10494,949,7.4140625e-05,1,1104
12952,949,7.4140625e-05,1,1103
4726,949,7.4140625e-05,1,1101
8435,949,7.4140625e-05,1,1095
1977,949,7.4140625e-05,1,1097
11927,949,7.4140625e-05,1,1096
3435,948,7.40625e-05,1,1113
2390,948,7.40625e-05,1,1109
6303,948,7.40625e-05,1,1122
5191,948,7.40625e-05,1,1116
3630,948,7.40625e-05,1,1120
3337,948,7.40625e-05,1,1114
10662,948,7.40625e-05,1,1107
8872,948,7.40625e-05,1,1110
5216,948,7.40625e-05,1,1121
13463,948,7.40625e-05,1,1118
3747,948,7.40625e-05,1,1108
3572,948,7.40625e-05,1,1105
8859,948,7.40625e-05,1,1112
4703,948,7.40625e-05,1,1106
5789,948,7.40625e-05,1,1111
9684,948,7.40625e-05,1,1115
8766,948,7.40625e-05,1,1119
830,948,7.40625e-05,1,1117
6989,947,7.3984375e-05,1,1124
4493,947,7.3984375e-05,1,1125
12027,947,7.3984375e-05,1,1129
13974,947,7.3984375e-05,1,1127
5318,947,7.3984375e-05,1,1126
14409,947,7.3984375e-05,1,1133
7186,947,7.3984375e-05,1,1128
11941,947,7.3984375e-05,1,1130
5252,947,7.3984375e-05,1,1123
4520,947,7.3984375e-05,1,1132
10858,947,7.3984375e-05,1,1131
4448,946,7.390625e-05,1,1134
2323,946,7.390625e-05,1,1144
9626,946,7.390625e-05,1,1139
6327,946,7.390625e-05,1,1143
3270,946,7.390625e-05,1,1141
1898,946,7.390625e-05,1,1136
16318,946,7.390625e-05,1,1138
412,946,7.390625e-05,1,1145
5088,946,7.390625e-05,1,1135
14872,946,7.390625e-05,1,1142
13328,946,7.390625e-05,1,1140
5926,946,7.390625e-05,1,1137
4709,945,7.3828125e-05,1,1162
2880,945,7.3828125e-05,1,1154
12046,945,7.3828125e-05,1,1164
4471,945,7.3828125e-05,1,1156
8452,945,7.3828125e-05,1,1153
15665,945,7.3828125e-05,1,1148
12132,945,7.3828125e-05,1,1165
4141,945,7.3828125e-05,1,1151
9229,945,7.3828125e-05,1,1149
14252,945,7.3828125e-05,1,1160
4730,945,7.3828125e-05,1,1161
11516,945,7.3828125e-05,1,1159
9440,945,7.3828125e-05,1,1146
4885,945,7.3828125e-05,1,1150
14476,945,7.3828125e-05,1,1163
6516,945,7.3828125e-05,1,1147
14923,945,7.3828125e-05,1,1155
4900,945,7.3828125e-05,1,1158
16307,945,7.3828125e-05,1,1152
15785,945,7.3828125e-05,1,1157
4972,944,7.375e-05,1,1176
12964,944,7.375e-05,1,1166
4161,944,7.375e-05,1,1172
5120,944,7.375e-05,1,1179
2742,944,7.375e-05,1,1182
12042,944,7.375e-05,1,1174
258,944,7.375e-05,1,1178
7793,944,7.375e-05,1,1180
14094,944,7.375e-05,1,1177
499,944,7.375e-05,1,1181
165,944,7.375e-05,1,1169
9246,944,7.375e-05,1,1173
14862,944,7.375e-05,1,1175
11622,944,7.375e-05,1,1171
7524,944,7.375e-05,1,1167
3308,944,7.375e-05,1,1183
13235,944,7.375e-05,1,1168
15759,944,7.375e-05,1,1170
8806,943,7.3671875e-05,1,1195
1511,943,7.3671875e-05,1,1184
5604,943,7.3671875e-05,1,1188
13552,943,7.3671875e-05,1,1193
5595,943,7.3671875e-05,1,1187
11976,943,7.3671875e-05,1,1194
7597,943,7.3671875e-05,1,1189
2360,943,7.3671875e-05,1,1186
2336,943,7.3671875e-05,1,1191
8754,943,7.3671875e-05,1,1192
4670,943,7.3671875e-05,1,1196
7174,943,7.3671875e-05,1,1203
205,943,7.3671875e-05,1,1201
8873,943,7.3671875e-05,1,1185
3149,943,7.3671875e-05,1,1202
5127,943,7.3671875e-05,1,1190
3867,943,7.3671875e-05,1,1198
4503,943,7.3671875e-05,1,1197
6700,943,7.3671875e-05,1,1204
7005,943,7.3671875e-05,1,1199
3404,943,7.3671875e-05,1,1205
3699,943,7.3671875e-05,1,1200
13710,942,7.359375e-05,1,1210
7765,942,7.359375e-05,1,1211
5174,942,7.359375e-05,1,1212
6707,942,7.359375e-05,1,1208
1122,942,7.359375e-05,1,1209
612,942,7.359375e-05,1,1213
1728,942,7.359375e-05,1,1207
12730,942,7.359375e-05,1,1216
7513,942,7.359375e-05,1,1217
13782,942,7.359375e-05,1,1206
11474,942,7.359375e-05,1,1218
4568,942,7.359375e-05,1,1214
210,942,7.359375e-05,1,1215
4023,941,7.3515625e-05,1,1220
2724,941,7.3515625e-05,1,1224
12855,941,7.3515625e-05,1,1219
6959,941,7.3515625e-05,1,1223
6786,941,7.3515625e-05,1,1221
3482,941,7.3515625e-05,1,1232
7787,941,7.3515625e-05,1,1228
6633,941,7.3515625e-05,1,1226
13428,941,7.3515625e-05,1,1229
13770,941,7.3515625e-05,1,1233
11896,941,7.3515625e-05,1,1234
9853,941,7.3515625e-05,1,1222
10973,941,7.3515625e-05,1,1227
9789,941,7.3515625e-05,1,1230
15656,941,7.3515625e-05,1,1225
918,941,7.3515625e-05,1,1231
11015,940,7.34375e-05,1,1247
6129,940,7.34375e-05,1,1235
6422,940,7.34375e-05,1,1239
9813,940,7.34375e-05,1,1246
4689,940,7.34375e-05,1,1244
709,940,7.34375e-05,1,1240
1184,940,7.34375e-05,1,1242
4034,940,7.34375e-05,1,1236
6870,940,7.34375e-05,1,1251
1025,940,7.34375e-05,1,1241
8326,940,7.34375e-05,1,1243
7413,940,7.34375e-05,1,1248
15227,940,7.34375e-05,1,1237
13332,940,7.34375e-05,1,1245
96,940,7.34375e-05,1,1238
15126,940,7.34375e-05,1,1249
4916,940,7.34375e-05,1,1250
1761,939,7.3359375e-05,1,1258
425,939,7.3359375e-05,1,1261
16151,939,7.3359375e-05,1,1256
104,939,7.3359375e-05,1,1262
14676,939,7.3359375e-05,1,1252
8154,939,7.3359375e-05,1,1264
2156,939,7.3359375e-05,1,1259
8366,939,7.3359375e-05,1,1255
1768,939,7.3359375e-05,1,1260
15868,939,7.3359375e-05,1,1254
11707,939,7.3359375e-05,1,1257
915,939,7.3359375e-05,1,1263
1188,939,7.3359375e-05,1,1253
748,938,7.328125e-05,1,1268
16085,938,7.328125e-05,1,1274
7387,938,7.328125e-05,1,1271
2645,938,7.328125e-05,1,1267
1372,938,7.328125e-05,1,1266
15450,938,7.328125e-05,1,1275
8351,938,7.328125e-05,1,1265
7440,938,7.328125e-05,1,1276
11122,938,7.328125e-05,1,1270
1553,938,7.328125e-05,1,1269
2125,938,7.328125e-05,1,1272
13051,938,7.328125e-05,1,1273
12224,937,7.3203125e-05,1,1288
6873,937,7.3203125e-05,1,1277
10260,937,7.3203125e-05,1,1285
7570,937,7.3203125e-05,1,1290
4554,937,7.3203125e-05,1,1279
16377,937,7.3203125e-05,1,1287
13778,937,7.3203125e-05,1,1281
6442,937,7.3203125e-05,1,1284
4651,937,7.3203125e-05,1,1293
14964,937,7.3203125e-05,1,1280
770,937,7.3203125e-05,1,1289
5817,937,7.3203125e-05,1,1282
4026,937,7.3203125e-05,1,1295
16233,937,7.3203125e-05,1,1283
5946,937,7.3203125e-05,1,1291
15736,937,7.3203125e-05,1,1292
13704,937,7.3203125e-05,1,1294
678,937,7.3203125e-05,1,1278
12528,937,7.3203125e-05,1,1286
3820,936,7.3125e-05,1,1299
10286,936,7.3125e-05,1,1303
9827,936,7.3125e-05,1,1301
931,936,7.3125e-05,1,1305
1341,936,7.3125e-05,1,1304
675,936,7.3125e-05,1,1297
8004,936,7.3125e-05,1,1306
11017,936,7.3125e-05,1,1296
8837,936,7.3125e-05,1,1309
14706,936,7.3125e-05,1,1302
14943,936,7.3125e-05,1,1298
1894,936,7.3125e-05,1,1308
12579,936,7.3125e-05,1,1307
336,936,7.3125e-05,1,1300
306,935,7.3046875e-05,1,1325
6814,935,7.3046875e-05,1,1315
5783,935,7.3046875e-05,1,1324
3532,935,7.3046875e-05,1,1310
4245,935,7.3046875e-05,1,1322
986,935,7.3046875e-05,1,1326
5951,935,7.3046875e-05,1,1321
6443,935,7.3046875e-05,1,1328
8340,935,7.3046875e-05,1,1323
13958,935,7.3046875e-05,1,1327
10559,935,7.3046875e-05,1,1313
2911,935,7.3046875e-05,1,1312
7214,935,7.3046875e-05,1,1316
12064,935,7.3046875e-05,1,1319
5577,935,7.3046875e-05,1,1329
4684,935,7.3046875e-05,1,1311
8184,935,7.3046875e-05,1,1318
14859,935,7.3046875e-05,1,1314
7103,935,7.3046875e-05,1,1320
13732,935,7.3046875e-05,1,1317
12531,934,7.296875e-05,1,1336
15811,934,7.296875e-05,1,1345
15098,934,7.296875e-05,1,1332
14284,934,7.296875e-05,1,1337
14216,934,7.296875e-05,1,1342
697,934,7.296875e-05,1,1338
1739,934,7.296875e-05,1,1331
3049,934,7.296875e-05,1,1341
9466,934,7.296875e-05,1,1344
8049,934,7.296875e-05,1,1330
2314,934,7.296875e-05,1,1333
6547,934,7.296875e-05,1,1339
9305,934,7.296875e-05,1,1334
6130,934,7.296875e-05,1,1343
14165,934,7.296875e-05,1,1335
50,934,7.296875e-05,1,1340
9156,934,7.296875e-05,1,1346
5903,933,7.2890625e-05,1,1359
3300,933,7.2890625e-05,1,1352
7403,933,7.2890625e-05,1,1358
5000,933,7.2890625e-05,1,1357
15887,933,7.2890625e-05,1,1348
7451,933,7.2890625e-05,1,1353
1783,933,7.2890625e-05,1,1355
14983,933,7.2890625e-05,1,1361
8939,933,7.2890625e-05,1,1363
5997,933,7.2890625e-05,1,1354
10796,933,7.2890625e-05,1,1364
14797,933,7.2890625e-05,1,1347
14412,933,7.2890625e-05,1,1351
3392,933,7.2890625e-05,1,1350
10371,933,7.2890625e-05,1,1365
12951,933,7.2890625e-05,1,1360
1149,933,7.2890625e-05,1,1349
2886,933,7.2890625e-05,1,1356
16144,933,7.2890625e-05,1,1362
16330,932,7.28125e-05,1,1381
2154,932,7.28125e-05,1,1367
2471,932,7.28125e-05,1,1368
3614,932,7.28125e-05,1,1366
16161,932,7.28125e-05,1,1374
11765,932,7.28125e-05,1,1382
11206,932,7.28125e-05,1,1373
9144,932,7.28125e-05,1,1380
544,932,7.28125e-05,1,1372
14418,932,7.28125e-05,1,1383
11427,932,7.28125e-05,1,1370
11760,932,7.28125e-05,1,1378
15042,932,7.28125e-05,1,1376
7142,932,7.28125e-05,1,1375
3228,932,7.28125e-05,1,1369
12817,932,7.28125e-05,1,1371
4583,932,7.28125e-05,1,1377
11891,932,7.28125e-05,1,1379
14097,931,7.2734375e-05,1,1391
8067,931,7.2734375e-05,1,1395
706,931,7.2734375e-05,1,1393
10098,931,7.2734375e-05,1,1388
5876,931,7.2734375e-05,1,1386
2345,931,7.2734375e-05,1,1398
3714,931,7.2734375e-05,1,1390
14954,931,7.2734375e-05,1,1384
14184,931,7.2734375e-05,1,1385
9807,931,7.2734375e-05,1,1389
4808,931,7.2734375e-05,1,1399
14346,931,7.2734375e-05,1,1397
2138,931,7.2734375e-05,1,1394
435,931,7.2734375e-05,1,1396
12805,931,7.2734375e-05,1,1392
9343,931,7.2734375e-05,1,1400
13634,931,7.2734375e-05,1,1387
4044,930,7.265625e-05,1,1408
937,930,7.265625e-05,1,1401
8913,930,7.265625e-05,1,1412
3622,930,7.265625e-05,1,1403
15853,930,7.265625e-05,1,1404
15667,930,7.265625e-05,1,1407
13281,930,7.265625e-05,1,1405
2849,930,7.265625e-05,1,1410
13048,930,7.265625e-05,1,1402
7817,930,7.265625e-05,1,1406
3115,930,7.265625e-05,1,1411
11690,930,7.265625e-05,1,1409
2711,929,7.2578125e-05,1,1425
261,929,7.2578125e-05,1,1419
5586,929,7.2578125e-05,1,1417
2401,929,7.2578125e-05,1,1413
11619,929,7.2578125e-05,1,1422
9850,929,7.2578125e-05,1,1428
13972,929,7.2578125e-05,1,1414
6401,929,7.2578125e-05,1,1423
15698,929,7.2578125e-05,1,1421
6090,929,7.2578125e-05,1,1420
6199,929,7.2578125e-05,1,1415
8105,929,7.2578125e-05,1,1418
8525,929,7.2578125e-05,1,1426
3350,929,7.2578125e-05,1,1416
5788,929,7.2578125e-05,1,1424
12173,929,7.2578125e-05,1,1427
10854,928,7.25e-05,1,1445
356,928,7.25e-05,1,1430
8739,928,7.25e-05,1,1433
7274,928,7.25e-05,1,1444
7314,928,7.25e-05,1,1441
7577,928,7.25e-05,1,1438
1292,928,7.25e-05,1,1440
2941,928,7.25e-05,1,1434
10672,928,7.25e-05,1,1435
2341,928,7.25e-05,1,1443
9329,928,7.25e-05,1,1442
10030,928,7.25e-05,1,1431
4903,928,7.25e-05,1,1447
8510,928,7.25e-05,1,1429
10683,928,7.25e-05,1,1439
10035,928,7.25e-05,1,1437
14065,928,7.25e-05,1,1446
5468,928,7.25e-05,1,1432
2305,928,7.25e-05,1,1436
4004,927,7.2421875e-05,1,1455
95,927,7.2421875e-05,1,1453
13604,927,7.2421875e-05,1,1458
13840,927,7.2421875e-05,1,1451
3537,927,7.2421875e-05,1,1460
13499,927,7.2421875e-05,1,1461
9201,927,7.2421875e-05,1,1457
8490,927,7.2421875e-05,1,1456
11361,927,7.2421875e-05,1,1454
4624,927,7.2421875e-05,1,1459
4020,927,7.2421875e-05,1,1462
6850,927,7.2421875e-05,1,1452
8929,927,7.2421875e-05,1,1450
3703,927,7.2421875e-05,1,1448
9430,927,7.2421875e-05,1,1449
4056,926,7.234375e-05,1,1479
11992,926,7.234375e-05,1,1463
1532,926,7.234375e-05,1,1464
313,926,7.234375e-05,1,1475
7738,926,7.234375e-05,1,1469
855,926,7.234375e-05,1,1481
4275,926,7.234375e-05,1,1478
15106,926,7.234375e-05,1,1470
5357,926,7.234375e-05,1,1473
2365,926,7.234375e-05,1,1472
8116,926,7.234375e-05,1,1468
9419,926,7.234375e-05,1,1480
10125,926,7.234375e-05,1,1482
2133,926,7.234375e-05,1,1476
6679,926,7.234375e-05,1,1471
11999,926,7.234375e-05,1,1467
16316,926,7.234375e-05,1,1465
8204,926,7.234375e-05,1,1474
14687,926,7.234375e-05,1,1477
5656,926,7.234375e-05,1,1483
3014,926,7.234375e-05,1,1466
11220,925,7.2265625e-05,1,1485
7772,925,7.2265625e-05,1,1487
9870,925,7.2265625e-05,1,1492
11410,925,7.2265625e-05,1,1495
735,925,7.2265625e-05,1,1493
5798,925,7.2265625e-05,1,1491
15862,925,7.2265625e-05,1,1484
12427,925,7.2265625e-05,1,1498
9148,925,7.2265625e-05,1,1489
4428,925,7.2265625e-05,1,1499
13771,925,7.2265625e-05,1,1500
14031,925,7.2265625e-05,1,1496
3023,925,7.2265625e-05,1,1490
9295,925,7.2265625e-05,1,1497
7114,925,7.2265625e-05,1,1486
10096,925,7.2265625e-05,1,1494
6417,925,7.2265625e-05,1,1488
862,924,7.21875e-05,1,1519
7742,924,7.21875e-05,1,1512
15482,924,7.21875e-05,1,1515
4576,924,7.21875e-05,1,1504
114,924,7.21875e-05,1,1511
450,924,7.21875e-05,1,1501
16243,924,7.21875e-05,1,1506
10490,924,7.21875e-05,1,1503
7750,924,7.21875e-05,1,1513
15323,924,7.21875e-05,1,1507
6581,924,7.21875e-05,1,1502
2371,924,7.21875e-05,1,1509
1864,924,7.21875e-05,1,1517
13006,924,7.21875e-05,1,1505
6332,924,7.21875e-05,1,1510
4742,924,7.21875e-05,1,1514
14015,924,7.21875e-05,1,1516
10405,924,7.21875e-05,1,1518
2194,924,7.21875e-05,1,1508
15790,923,7.2109375e-05,1,1530
13149,923,7.2109375e-05,1,1538
934,923,7.2109375e-05,1,1526
12272,923,7.2109375e-05,1,1535
4572,923,7.2109375e-05,1,1524
4224,923,7.2109375e-05,1,1528
7348,923,7.2109375e-05,1,1525
13054,923,7.2109375e-05,1,1533
10195,923,7.2109375e-05,1,1536
3321,923,7.2109375e-05,1,1527
13661,923,7.2109375e-05,1,1537
15217,923,7.2109375e-05,1,1520
8569,923,7.2109375e-05,1,1521
9655,923,7.2109375e-05,1,1532
10482,923,7.2109375e-05,1,1522
13333,923,7.2109375e-05,1,1534
1333,923,7.2109375e-05,1,1529
2627,923,7.2109375e-05,1,1523
765,923,7.2109375e-05,1,1531
14172,922,7.203125e-05,1,1542
4294,922,7.203125e-05,1,1545
14108,922,7.203125e-05,1,1541
1150,922,7.203125e-05,1,1544
11705,922,7.203125e-05,1,1550
949,922,7.203125e-05,1,1548
3745,922,7.203125e-05,1,1543
1037,922,7.203125e-05,1,1547
11367,922,7.203125e-05,1,1540
11729,922,7.203125e-05,1,1546
1863,922,7.203125e-05,1,1539
15948,922,7.203125e-05,1,1549
1741,921,7.1953125e-05,1,1553
7530,921,7.1953125e-05,1,1552
1688,921,7.1953125e-05,1,1569
12253,921,7.1953125e-05,1,1568
2244,921,7.1953125e-05,1,1556
11099,921,7.1953125e-05,1,1561
15138,921,7.1953125e-05,1,1559
12630,921,7.1953125e-05,1,1555
15415,921,7.1953125e-05,1,1554
7405,921,7.1953125e-05,1,1565
14933,921,7.1953125e-05,1,1563
13153,921,7.1953125e-05,1,1560
3552,921,7.1953125e-05,1,1570
3059,921,7.1953125e-05,1,1562
11471,921,7.1953125e-05,1,1558
7073,921,7.1953125e-05,1,1567
514,921,7.1953125e-05,1,1566
1324,921,7.1953125e-05,1,1551
547,921,7.1953125e-05,1,1557
15941,921,7.1953125e-05,1,1564
5941,920,7.1875e-05,1,1589
15864,920,7.1875e-05,1,1580
4967,920,7.1875e-05,1,1574
11685,920,7.1875e-05,1,1584
12777,920,7.1875e-05,1,1575
4184,920,7.1875e-05,1,1578
7983,920,7.1875e-05,1,1582
7285,920,7.1875e-05,1,1590
12118,920,7.1875e-05,1,1585
1729,920,7.1875e-05,1,1577
12402,920,7.1875e-05,1,1573
6400,920,7.1875e-05,1,1586
2929,920,7.1875e-05,1,1587
2256,920,7.1875e-05,1,1581
3057,920,7.1875e-05,1,1588
12605,920,7.1875e-05,1,1579
8033,920,7.1875e-05,1,1571
10951,920,7.1875e-05,1,1576
1799,920,7.1875e-05,1,1572
8540,920,7.1875e-05,1,1583
3256,919,7.1796875e-05,1,1596
7593,919,7.1796875e-05,1,1604
8912,919,7.1796875e-05,1,1602
2368,919,7.1796875e-05,1,1592
12125,919,7.1796875e-05,1,1607
3353,919,7.1796875e-05,1,1599
713,919,7.1796875e-05,1,1593
1985,919,7.1796875e-05,1,1603
2856,919,7.1796875e-05,1,1594
10667,919,7.1796875e-05,1,1600
53,919,7.1796875e-05,1,1601
11596,919,7.1796875e-05,1,1608
14922,919,7.1796875e-05,1,1597
4384,919,7.1796875e-05,1,1606
11273,919,7.1796875e-05,1,1595
3374,919,7.1796875e-05,1,1598
9068,919,7.1796875e-05,1,1591
7761,919,7.1796875e-05,1,1605
14497,918,7.171875e-05,1,1616
2866,918,7.171875e-05,1,1614
7507,918,7.171875e-05,1,1619
10050,918,7.171875e-05,1,1609
8172,918,7.171875e-05,1,1617
9918,918,7.171875e-05,1,1626
12210,918,7.171875e-05,1,1625
6277,918,7.171875e-05,1,1618
14167,918,7.171875e-05,1,1615
9114,918,7.171875e-05,1,1610
3051,918,7.171875e-05,1,1627
4462,918,7.171875e-05,1,1620
2135,918,7.171875e-05,1,1624
598,918,7.171875e-05,1,1622
3548,918,7.171875e-05,1,1612
1453,918,7.171875e-05,1,1611
10073,918,7.171875e-05,1,1628
5988,918,7.171875e-05,1,1623
7476,918,7.171875e-05,1,1621
2534,918,7.171875e-05,1,1613
3751,917,7.1640625e-05,1,1638
7763,917,7.1640625e-05,1,1645
7580,917,7.1640625e-05,1,1635
8587,917,7.1640625e-05,1,1637
12944,917,7.1640625e-05,1,1643
560,917,7.1640625e-05,1,1632
8103,917,7.1640625e-05,1,1646
1011,917,7.1640625e-05,1,1647
7792,917,7.1640625e-05,1,1633
1753,917,7.1640625e-05,1,1636
13047,917,7.1640625e-05,1,1634
11964,917,7.1640625e-05,1,1639
2086,917,7.1640625e-05,1,1630
6202,917,7.1640625e-05,1,1649
2584,917,7.1640625e-05,1,1641
15112,917,7.1640625e-05,1,1640
2541,917,7.1640625e-05,1,1648
15150,917,7.1640625e-05,1,1644
7404,917,7.1640625e-05,1,1631
5490,917,7.1640625e-05,1,1642
10764,917,7.1640625e-05,1,1629
16051,916,7.15625e-05,1,1661
6175,916,7.15625e-05,1,1667
7376,916,7.15625e-05,1,1664
11246,916,7.15625e-05,1,1655
870,916,7.15625e-05,1,1650
3396,916,7.15625e-05,1,1670
11123,916,7.15625e-05,1,1662
13522,916,7.15625e-05,1,1658
10362,916,7.15625e-05,1,1654
10394,916,7.15625e-05,1,1669
14372,916,7.15625e-05,1,1657
8254,916,7.15625e-05,1,1665
9108,916,7.15625e-05,1,1656
5769,916,7.15625e-05,1,1672
15964,916,7.15625e-05,1,1660
14513,916,7.15625e-05,1,1666
2388,916,7.15625e-05,1,1652
1853,916,7.15625e-05,1,1663
4338,916,7.15625e-05,1,1671
6352,916,7.15625e-05,1,1659
7585,916,7.15625e-05,1,1668
4472,916,7.15625e-05,1,1653
5857,916,7.15625e-05,1,1651
4671,915,7.1484375e-05,1,1688
12609,915,7.1484375e-05,1,1676
8205,915,7.1484375e-05,1,1687
10339,915,7.1484375e-05,1,1677
9646,915,7.1484375e-05,1,1690
4379,915,7.1484375e-05,1,1693
4658,915,7.1484375e-05,1,1689
10829,915,7.1484375e-05,1,1679
7545,915,7.1484375e-05,1,1683
6760,915,7.1484375e-05,1,1694
7288,915,7.1484375e-05,1,1686
4783,915,7.1484375e-05,1,1684
513,915,7.1484375e-05,1,1673
16296,915,7.1484375e-05,1,1691
1522,915,7.1484375e-05,1,1685
1803,915,7.1484375e-05,1,1682
3901,915,7.1484375e-05,1,1674
13453,915,7.1484375e-05,1,1675
14832,915,7.1484375e-05,1,1678
2822,915,7.1484375e-05,1,1681
7915,915,7.1484375e-05,1,1680
4461,915,7.1484375e-05,1,1692
9619,914,7.140625e-05,1,1701
15671,914,7.140625e-05,1,1711
11000,914,7.140625e-05,1,1705
3340,914,7.140625e-05,1,1700
15805,914,7.140625e-05,1,1702
7218,914,7.140625e-05,1,1703
7217,914,7.140625e-05,1,1704
730,914,7.140625e-05,1,1713
7320,914,7.140625e-05,1,1696
12413,914,7.140625e-05,1,1714
1485,914,7.140625e-05,1,1707
722,914,7.140625e-05,1,1708
15601,914,7.140625e-05,1,1698
4243,914,7.140625e-05,1,1710
11600,914,7.140625e-05,1,1697
2658,914,7.140625e-05,1,1699
12456,914,7.140625e-05,1,1709
449,914,7.140625e-05,1,1695
8503,914,7.140625e-05,1,1706
7971,914,7.140625e-05,1,1712
5442,913,7.1328125e-05,1,1724
14612,913,7.1328125e-05,1,1718
3360,913,7.1328125e-05,1,1732
2625,913,7.1328125e-05,1,1722
3021,913,7.1328125e-05,1,1731
10617,913,7.1328125e-05,1,1733
11452,913,7.1328125e-05,1,1727
8825,913,7.1328125e-05,1,1725
13326,913,7.1328125e-05,1,1729
6339,913,7.1328125e-05,1,1720
5956,913,7.1328125e-05,1,1721
5029,913,7.1328125e-05,1,1723
4676,913,7.1328125e-05,1,1719
233,913,7.1328125e-05,1,1735
8750,913,7.1328125e-05,1,1730
13230,913,7.1328125e-05,1,1734
15393,913,7.1328125e-05,1,1726
5274,913,7.1328125e-05,1,1717
2686,913,7.1328125e-05,1,1715
2871,913,7.1328125e-05,1,1716
7246,913,7.1328125e-05,1,1728
14109,912,7.125e-05,1,1745
4172,912,7.125e-05,1,1738
659,912,7.125e-05,1,1748
8727,912,7.125e-05,1,1740
11644,912,7.125e-05,1,1744
540,912,7.125e-05,1,1736
89,912,7.125e-05,1,1746
5777,912,7.125e-05,1,1737
7251,912,7.125e-05,1,1747
11339,912,7.125e-05,1,1742
5369,912,7.125e-05,1,1743
5046,912,7.125e-05,1,1739
16095,912,7.125e-05,1,1741
3690,911,7.1171875e-05,1,1752
12886,911,7.1171875e-05,1,1756
5776,911,7.1171875e-05,1,1763
1786,911,7.1171875e-05,1,1755
6091,911,7.1171875e-05,1,1759
14892,911,7.1171875e-05,1,1765
10327,911,7.1171875e-05,1,1760
14916,911,7.1171875e-05,1,1761
13477,911,7.1171875e-05,1,1762
6008,911,7.1171875e-05,1,1749
11528,911,7.1171875e-05,1,1758
10691,911,7.1171875e-05,1,1753
2696,911,7.1171875e-05,1,1751
4479,911,7.1171875e-05,1,1764
10221,911,7.1171875e-05,1,1750
9967,911,7.1171875e-05,1,1754
8666,911,7.1171875e-05,1,1766
11053,911,7.1171875e-05,1,1757
8726,910,7.109375e-05,1,1783
6817,910,7.109375e-05,1,1769
6486,910,7.109375e-05,1,1784
4704,910,7.109375e-05,1,1773
3870,910,7.109375e-05,1,1770
13370,910,7.109375e-05,1,1768
6868,910,7.109375e-05,1,1776
6263,910,7.109375e-05,1,1780
16213,910,7.109375e-05,1,1781
12794,910,7.109375e-05,1,1779
15353,910,7.109375e-05,1,1775
11662,910,7.109375e-05,1,1778
6725,910,7.109375e-05,1,1767
6127,910,7.109375e-05,1,1777
11799,910,7.109375e-05,1,1771
7315,910,7.109375e-05,1,1772
8564,910,7.109375e-05,1,1774
1083,910,7.109375e-05,1,1782
9755,909,7.1015625e-05,1,1793
11759,909,7.1015625e-05,1,1803
903,909,7.1015625e-05,1,1801
9551,909,7.1015625e-05,1,1790
5745,909,7.1015625e-05,1,1802
15036,909,7.1015625e-05,1,1808
6696,909,7.1015625e-05,1,1795
14740,909,7.1015625e-05,1,1806
2620,909,7.1015625e-05,1,1789
6354,909,7.1015625e-05,1,1786
11821,909,7.1015625e-05,1,1794
5012,909,7.1015625e-05,1,1799
3646,909,7.1015625e-05,1,1787
11397,909,7.1015625e-05,1,1805
5017,909,7.1015625e-05,1,1796
7234,909,7.1015625e-05,1,1798
10218,909,7.1015625e-05,1,1810
1253,909,7.1015625e-05,1,1785
7431,909,7.1015625e-05,1,1809
14223,909,7.1015625e-05,1,1800
11165,909,7.1015625e-05,1,1792
1510,909,7.1015625e-05,1,1804
6248,909,7.1015625e-05,1,1797
4025,909,7.1015625e-05,1,1791
12811,909,7.1015625e-05,1,1807
262,909,7.1015625e-05,1,1788
4436,908,7.09375e-05,1,1833
8955,908,7.09375e-05,1,1822
9916,908,7.09375e-05,1,1815
11228,908,7.09375e-05,1,1820
7694,908,7.09375e-05,1,1829
2959,908,7.09375e-05,1,1830
12600,908,7.09375e-05,1,1828
1146,908,7.09375e-05,1,1825
7674,908,7.09375e-05,1,1821
8528,908,7.09375e-05,1,1818
6000,908,7.09375e-05,1,1824
13300,908,7.09375e-05,1,1812
2697,908,7.09375e-05,1,1827
12789,908,7.09375e-05,1,1817
8227,908,7.09375e-05,1,1811
12340,908,7.09375e-05,1,1832
15397,908,7.09375e-05,1,1823
8176,908,7.09375e-05,1,1813
13182,908,7.09375e-05,1,1819
8265,908,7.09375e-05,1,1814
10666,908,7.09375e-05,1,1816
9110,908,7.09375e-05,1,1831
7957,908,7.09375e-05,1,1826
7229,907,7.0859375e-05,1,1847
15861,907,7.0859375e-05,1,1849
7192,907,7.0859375e-05,1,1838
13805,907,7.0859375e-05,1,1843
12971,907,7.0859375e-05,1,1848
12737,907,7.0859375e-05,1,1846
2461,907,7.0859375e-05,1,1836
8780,907,7.0859375e-05,1,1834
2547,907,7.0859375e-05,1,1842
4326,907,7.0859375e-05,1,1839
15166,907,7.0859375e-05,1,1837
10213,907,7.0859375e-05,1,1844
4215,907,7.0859375e-05,1,1841
10004,907,7.0859375e-05,1,1835
4365,907,7.0859375e-05,1,1845
12299,907,7.0859375e-05,1,1840
14914,906,7.078125e-05,1,1860
8938,906,7.078125e-05,1,1852
14046,906,7.078125e-05,1,1855
2599,906,7.078125e-05,1,1863
4971,906,7.078125e-05,1,1862
8691,906,7.078125e-05,1,1865
810,906,7.078125e-05,1,1857
14894,906,7.078125e-05,1,1850
8853,906,7.078125e-05,1,1866
1280,906,7.078125e-05,1,1864
12165,906,7.078125e-05,1,1867
8616,906,7.078125e-05,1,1851
12967,906,7.078125e-05,1,1853
4679,906,7.078125e-05,1,1859
5202,906,7.078125e-05,1,1858
8379,906,7.078125e-05,1,1861
3861,906,7.078125e-05,1,1856
3288,906,7.078125e-05,1,1854
16203,905,7.0703125e-05,1,1878
10165,905,7.0703125e-05,1,1873
5125,905,7.0703125e-05,1,1877
6282,905,7.0703125e-05,1,1875
4496,905,7.0703125e-05,1,1879
11555,905,7.0703125e-05,1,1869
11959,905,7.0703125e-05,1,1868
8506,905,7.0703125e-05,1,1874
4895,905,7.0703125e-05,1,1871
1507,905,7.0703125e-05,1,1882
2239,905,7.0703125e-05,1,1872
7067,905,7.0703125e-05,1,1876
661,905,7.0703125e-05,1,1870
7119,905,7.0703125e-05,1,1880
176,905,7.0703125e-05,1,1881
6772,904,7.0625e-05,1,1905
2321,904,7.0625e-05,1,1896
13124,904,7.0625e-05,1,1886
1957,904,7.0625e-05,1,1891
7036,904,7.0625e-05,1,1901
1101,904,7.0625e-05,1,1892
6237,904,7.0625e-05,1,1883
3947,904,7.0625e-05,1,1888
4072,904,7.0625e-05,1,1887
6646,904,7.0625e-05,1,1900
12387,904,7.0625e-05,1,1903
9166,904,7.0625e-05,1,1902
13858,904,7.0625e-05,1,1890
1432,904,7.0625e-05,1,1904
7914,904,7.0625e-05,1,1885
14462,904,7.0625e-05,1,1894
4110,904,7.0625e-05,1,1907
9082,904,7.0625e-05,1,1906
9265,904,7.0625e-05,1,1889
6872,904,7.0625e-05,1,1898
15670,904,7.0625e-05,1,1895
3624,904,7.0625e-05,1,1899
6209,904,7.0625e-05,1,1897
5025,904,7.0625e-05,1,1893
8492,904,7.0625e-05,1,1884
5546,903,7.0546875e-05,1,1928
6449,903,7.0546875e-05,1,1934
2449,903,7.0546875e-05,1,1931
4131,903,7.0546875e-05,1,1918
10183,903,7.0546875e-05,1,1921
180,903,7.0546875e-05,1,1914
4716,903,7.0546875e-05,1,1924
7102,903,7.0546875e-05,1,1915
4165,903,7.0546875e-05,1,1916
14436,903,7.0546875e-05,1,1926
11398,903,7.0546875e-05,1,1919
6046,903,7.0546875e-05,1,1908
10151,903,7.0546875e-05,1,1925
527,903,7.0546875e-05,1,1909
5211,903,7.0546875e-05,1,1933
5846,903,7.0546875e-05,1,1911
1120,903,7.0546875e-05,1,1912
6100,903,7.0546875e-05,1,1929
9650,903,7.0546875e-05,1,1932
5114,903,7.0546875e-05,1,1922
8299,903,7.0546875e-05,1,1920
13752,903,7.0546875e-05,1,1927
2176,903,7.0546875e-05,1,1910
3876,903,7.0546875e-05,1,1930
3457,903,7.0546875e-05,1,1917
8553,903,7.0546875e-05,1,1923
2906,903,7.0546875e-05,1,1913
8902,902,7.046875e-05,1,1936
2090,902,7.046875e-05,1,1938
5922,902,7.046875e-05,1,1955
11817,902,7.046875e-05,1,1958
7591,902,7.046875e-05,1,1956
10094,902,7.046875e-05,1,1940
7567,902,7.046875e-05,1,1960
5010,902,7.046875e-05,1,1953
11366,902,7.046875e-05,1,1957
2816,902,7.046875e-05,1,1945
8276,902,7.046875e-05,1,1939
13968,902,7.046875e-05,1,1935
3213,902,7.046875e-05,1,1941
5762,902,7.046875e-05,1,1937
2833,902,7.046875e-05,1,1942
13635,902,7.046875e-05,1,1951
9035,902,7.046875e-05,1,1954
12571,902,7.046875e-05,1,1946
1539,902,7.046875e-05,1,1949
2809,902,7.046875e-05,1,1952
2760,902,7.046875e-05,1,1947
14250,902,7.046875e-05,1,1943
6356,902,7.046875e-05,1,1950
10932,902,7.046875e-05,1,1944
14684,902,7.046875e-05,1,1959
5070,902,7.046875e-05,1,1948
11852,902,7.046875e-05,1,1961
16280,901,7.0390625e-05,1,1983
309,901,7.0390625e-05,1,1975
6562,901,7.0390625e-05,1,1981
8536,901,7.0390625e-05,1,1967
16120,901,7.0390625e-05,1,1985
1379,901,7.0390625e-05,1,1969
817,901,7.0390625e-05,1,1978
4893,901,7.0390625e-05,1,1965
991,901,7.0390625e-05,1,1963
12468,901,7.0390625e-05,1,1962
9526,901,7.0390625e-05,1,1986
11371,901,7.0390625e-05,1,1964
8344,901,7.0390625e-05,1,1973
10538,901,7.0390625e-05,1,1974
5270,901,7.0390625e-05,1,1968
5026,901,7.0390625e-05,1,1977
5774,901,7.0390625e-05,1,1984
1735,901,7.0390625e-05,1,1972
12685,901,7.0390625e-05,1,1987
2293,901,7.0390625e-05,1,1970
14963,901,7.0390625e-05,1,1979
16043,901,7.0390625e-05,1,1982
3915,901,7.0390625e-05,1,1980
2352,901,7.0390625e-05,1,1966
3694,901,7.0390625e-05,1,1976
13320,901,7.0390625e-05,1,1971
1582,900,7.03125e-05,1,1999
13961,900,7.03125e-05,1,2013
1503,900,7.03125e-05,1,1992
8790,900,7.03125e-05,1,1996
9517,900,7.03125e-05,1,2000
13089,900,7.03125e-05,1,2018
1424,900,7.03125e-05,1,2015
3962,900,7.03125e-05,1,1993
11741,900,7.03125e-05,1,1989
3074,900,7.03125e-05,1,2011
8760,900,7.03125e-05,1,2010
5241,900,7.03125e-05,1,2007
7028,900,7.03125e-05,1,2008
4483,900,7.03125e-05,1,1991
6527,900,7.03125e-05,1,2009
4750,900,7.03125e-05,1,2016
10548,900,7.03125e-05,1,2001
15293,900,7.03125e-05,1,2002
807,900,7.03125e-05,1,2017
12381,900,7.03125e-05,1,1997
15683,900,7.03125e-05,1,2006
10603,900,7.03125e-05,1,2004
14977,900,7.03125e-05,1,2014
5928,900,7.03125e-05,1,1994
14076,900,7.03125e-05,1,2012
1648,900,7.03125e-05,1,2005
12385,900,7.03125e-05,1,1998
4300,900,7.03125e-05,1,1995
13684,900,7.03125e-05,1,2003
6325,900,7.03125e-05,1,1990
8338,900,7.03125e-05,1,1988
10336,899,7.0234375e-05,1,2028
10039,899,7.0234375e-05,1,2039
7375,899,7.0234375e-05,1,2034
9239,899,7.0234375e-05,1,2033
5335,899,7.0234375e-05,1,2023
1861,899,7.0234375e-05,1,2029
1916,899,7.0234375e-05,1,2038
8697,899,7.0234375e-05,1,2024
13061,899,7.0234375e-05,1,2041
11242,899,7.0234375e-05,1,2042
10367,899,7.0234375e-05,1,2037
5133,899,7.0234375e-05,1,2019
4193,899,7.0234375e-05,1,2025
571,899,7.0234375e-05,1,2021
13854,899,7.0234375e-05,1,2036
5472,899,7.0234375e-05,1,2040
14361,899,7.0234375e-05,1,2030
777,899,7.0234375e-05,1,2022
390,899,7.0234375e-05,1,2027
752,899,7.0234375e-05,1,2035
11629,899,7.0234375e-05,1,2031
6961,899,7.0234375e-05,1,2020
8942,899,7.0234375e-05,1,2032
6651,899,7.0234375e-05,1,2026
13426,898,7.015625e-05,1,2066
3631,898,7.015625e-05,1,2048
2593,898,7.015625e-05,1,2053
4938,898,7.015625e-05,1,2050
10439,898,7.015625e-05,1,2044
3111,898,7.015625e-05,1,2051
3609,898,7.015625e-05,1,2046
12275,898,7.015625e-05,1,2045
3673,898,7.015625e-05,1,2043
10180,898,7.015625e-05,1,2047
0,898,7.015625e-05,1,2054
9426,898,7.015625e-05,1,2049
15855,898,7.015625e-05,1,2059
340,898,7.015625e-05,1,2065
7422,898,7.015625e-05,1,2056
5995,898,7.015625e-05,1,2061
4403,898,7.015625e-05,1,2052
688,898,7.015625e-05,1,2057
14659,898,7.015625e-05,1,2064
15258,898,7.015625e-05,1,2063
7155,898,7.015625e-05,1,2058
7247,898,7.015625e-05,1,2060
395,898,7.015625e-05,1,2062
8251,898,7.015625e-05,1,2055
5684,897,7.0078125e-05,1,2081
8348,897,7.0078125e-05,1,2087
1328,897,7.0078125e-05,1,2067
3398,897,7.0078125e-05,1,2068
3274,897,7.0078125e-05,1,2090
1992,897,7.0078125e-05,1,2071
7840,897,7.0078125e-05,1,2077
11815,897,7.0078125e-05,1,2084
1889,897,7.0078125e-05,1,2075
9635,897,7.0078125e-05,1,2078
12623,897,7.0078125e-05,1,2085
6601,897,7.0078125e-05,1,2076
11973,897,7.0078125e-05,1,2080
930,897,7.0078125e-05,1,2073
3729,897,7.0078125e-05,1,2083
2320,897,7.0078125e-05,1,2096
2475,897,7.0078125e-05,1,2086
4094,897,7.0078125e-05,1,2070
4445,897,7.0078125e-05,1,2069
12472,897,7.0078125e-05,1,2095
4560,897,7.0078125e-05,1,2089
9771,897,7.0078125e-05,1,2079
3515,897,7.0078125e-05,1,2074
3789,897,7.0078125e-05,1,2093
1740,897,7.0078125e-05,1,2082
12614,897,7.0078125e-05,1,2088
398,897,7.0078125e-05,1,2094
7541,897,7.0078125e-05,1,2072
1846,897,7.0078125e-05,1,2091
4250,897,7.0078125e-05,1,2092
10804,896,7e-05,1,2102
15385,896,7e-05,1,2129
6664,896,7e-05,1,2118
16256,896,7e-05,1,2119
13543,896,7e-05,1,2108
5627,896,7e-05,1,2104
12933,896,7e-05,1,2127
5410,896,7e-05,1,2123
913,896,7e-05,1,2137
8138,896,7e-05,1,2105
1644,896,7e-05,1,2110
2292,896,7e-05,1,2106
16176,896,7e-05,1,2125
13741,896,7e-05,1,2111
11285,896,7e-05,1,2128
7778,896,7e-05,1,2124
11393,896,7e-05,1,2138
9862,896,7e-05,1,2103
11063,896,7e-05,1,2133
9418,896,7e-05,1,2134
5685,896,7e-05,1,2097
3828,896,7e-05,1,2099
6122,896,7e-05,1,2101
11520,896,7e-05,1,2126
11499,896,7e-05,1,2132
11856,896,7e-05,1,2100
3885,896,7e-05,1,2113
3971,896,7e-05,1,2112
1702,896,7e-05,1,2107
6528,896,7e-05,1,2109
5475,896,7e-05,1,2115
14058,896,7e-05,1,2120
11139,896,7e-05,1,2130
10156,896,7e-05,1,2098
2095,896,7e-05,1,2131
12818,896,7e-05,1,2122
2652,896,7e-05,1,2121
4811,896,7e-05,1,2114
1466,896,7e-05,1,2117
6616,896,7e-05,1,2116
3067,896,7e-05,1,2136
15409,896,7e-05,1,2135
4350,895,6.9921875e-05,1,2139
13439,895,6.9921875e-05,1,2162
15067,895,6.9921875e-05,1,2151
13841,895,6.9921875e-05,1,2168
3620,895,6.9921875e-05,1,2148
10187,895,6.9921875e-05,1,2166
8373,895,6.9921875e-05,1,2161
626,895,6.9921875e-05,1,2145
8777,895,6.9921875e-05,1,2147
8793,895,6.9921875e-05,1,2152
9858,895,6.9921875e-05,1,2169
14947,895,6.9921875e-05,1,2141
12215,895,6.9921875e-05,1,2150
13339,895,6.9921875e-05,1,2170
12661,895,6.9921875e-05,1,2159
4983,895,6.9921875e-05,1,2142
15674,895,6.9921875e-05,1,2164
4663,895,6.9921875e-05,1,2157
6333,895,6.9921875e-05,1,2163
1323,895,6.9921875e-05,1,2140
554,895,6.9921875e-05,1,2146
8122,895,6.9921875e-05,1,2160
2108,895,6.9921875e-05,1,2167
13990,895,6.9921875e-05,1,2149
5958,895,6.9921875e-05,1,2158
3197,895,6.9921875e-05,1,2155
13939,895,6.9921875e-05,1,2153
5343,895,6.9921875e-05,1,2165
8737,895,6.9921875e-05,1,2144
1478,895,6.9921875e-05,1,2154
3547,895,6.9921875e-05,1,2143
3122,895,6.9921875e-05,1,2156
13615,894,6.984375e-05,1,2174
942,894,6.984375e-05,1,2191
5811,894,6.984375e-05,1,2192
8376,894,6.984375e-05,1,2172
4314,894,6.984375e-05,1,2187
6888,894,6.984375e-05,1,2180
10759,894,6.984375e-05,1,2190
14288,894,6.984375e-05,1,2178
1446,894,6.984375e-05,1,2179
14552,894,6.984375e-05,1,2177
2908,894,6.984375e-05,1,2175
5796,894,6.984375e-05,1,2189
12823,894,6.984375e-05,1,2171
11590,894,6.984375e-05,1,2182
13785,894,6.984375e-05,1,2181
9538,894,6.984375e-05,1,2183
5246,894,6.984375e-05,1,2176
15433,894,6.984375e-05,1,2188
10660,894,6.984375e-05,1,2184
4336,894,6.984375e-05,1,2173
1690,894,6.984375e-05,1,2186
7745,894,6.984375e-05,1,2185
4527,893,6.9765625e-05,1,2203
9808,893,6.9765625e-05,1,2214
2585,893,6.9765625e-05,1,2216
8480,893,6.9765625e-05,1,2206
6290,893,6.9765625e-05,1,2201
6883,893,6.9765625e-05,1,2218
11646,893,6.9765625e-05,1,2222
9820,893,6.9765625e-05,1,2210
6537,893,6.9765625e-05,1,2202
3104,893,6.9765625e-05,1,2211
10473,893,6.9765625e-05,1,2197
8247,893,6.9765625e-05,1,2212
1489,893,6.9765625e-05,1,2220
8137,893,6.9765625e-05,1,2193
7068,893,6.9765625e-05,1,2195
9956,893,6.9765625e-05,1,2217
10543,893,6.9765625e-05,1,2213
8643,893,6.9765625e-05,1,2200
8743,893,6.9765625e-05,1,2198
1543,893,6.9765625e-05,1,2194
5160,893,6.9765625e-05,1,2215
5173,893,6.9765625e-05,1,2204
3155,893,6.9765625e-05,1,2219
11910,893,6.9765625e-05,1,2208
12106,893,6.9765625e-05,1,2209
6953,893,6.9765625e-05,1,2199
5603,893,6.9765625e-05,1,2205
10936,893,6.9765625e-05,1,2221
9073,893,6.9765625e-05,1,2207
15308,893,6.9765625e-05,1,2196
15475,892,6.96875e-05,1,2237
821,892,6.96875e-05,1,2234
10284,892,6.96875e-05,1,2236
10465,892,6.96875e-05,1,2231
1329,892,6.96875e-05,1,2232
2231,892,6.96875e-05,1,2228
12282,892,6.96875e-05,1,2233
1461,892,6.96875e-05,1,2230
10126,892,6.96875e-05,1,2229
4571,892,6.96875e-05,1,2224
8159,892,6.96875e-05,1,2223
12954,892,6.96875e-05,1,2227
10594,892,6.96875e-05,1,2238
155,892,6.96875e-05,1,2226
9488,892,6.96875e-05,1,2235
11645,892,6.96875e-05,1,2225
15447,891,6.9609375e-05,1,2253
7617,891,6.9609375e-05,1,2255
14564,891,6.9609375e-05,1,2241
2890,891,6.9609375e-05,1,2242
8236,891,6.9609375e-05,1,2261
15193,891,6.9609375e-05,1,2251
5152,891,6.9609375e-05,1,2263
1245,891,6.9609375e-05,1,2257
4349,891,6.9609375e-05,1,2259
8020,891,6.9609375e-05,1,2256
595,891,6.9609375e-05,1,2248
15238,891,6.9609375e-05,1,2247
12643,891,6.9609375e-05,1,2243
6088,891,6.9609375e-05,1,2240
5500,891,6.9609375e-05,1,2249
1434,891,6.9609375e-05,1,2258
1890,891,6.9609375e-05,1,2264
2420,891,6.9609375e-05,1,2239
16088,891,6.9609375e-05,1,2254
7912,891,6.9609375e-05,1,2246
1611,891,6.9609375e-05,1,2250
2173,891,6.9609375e-05,1,2262
14725,891,6.9609375e-05,1,2260
11860,891,6.9609375e-05,1,2252
14629,891,6.9609375e-05,1,2244
7851,891,6.9609375e-05,1,2245
14327,890,6.953125e-05,1,2288
9181,890,6.953125e-05,1,2265
7397,890,6.953125e-05,1,2270
5325,890,6.953125e-05,1,2277
1672,890,6.953125e-05,1,2279
13416,890,6.953125e-05,1,2283
12625,890,6.953125e-05,1,2267
9966,890,6.953125e-05,1,2274
1390,890,6.953125e-05,1,2268
6521,890,6.953125e-05,1,2266
1727,890,6.953125e-05,1,2271
8718,890,6.953125e-05,1,2273
13390,890,6.953125e-05,1,2284
2842,890,6.953125e-05,1,2282
9105,890,6.953125e-05,1,2285
13373,890,6.953125e-05,1,2286
3567,890,6.953125e-05,1,2287
8220,890,6.953125e-05,1,2278
15544,890,6.953125e-05,1,2275
11599,890,6.953125e-05,1,2276
711,890,6.953125e-05,1,2272
892,890,6.953125e-05,1,2281
15362,890,6.953125e-05,1,2269
897,890,6.953125e-05,1,2280
14784,889,6.9453125e-05,1,2295
15339,889,6.9453125e-05,1,2305
7433,889,6.9453125e-05,1,2293
9765,889,6.9453125e-05,1,2300
3880,889,6.9453125e-05,1,2302
4205,889,6.9453125e-05,1,2311
6624,889,6.9453125e-05,1,2301
15055,889,6.9453125e-05,1,2308
5509,889,6.9453125e-05,1,2298
3148,889,6.9453125e-05,1,2306
10386,889,6.9453125e-05,1,2296
3848,889,6.9453125e-05,1,2313
6618,889,6.9453125e-05,1,2299
13111,889,6.9453125e-05,1,2314
5077,889,6.9453125e-05,1,2290
7484,889,6.9453125e-05,1,2312
14401,889,6.9453125e-05,1,2307
9200,889,6.9453125e-05,1,2297
6154,889,6.9453125e-05,1,2315
9534,889,6.9453125e-05,1,2304
2843,889,6.9453125e-05,1,2303
7869,889,6.9453125e-05,1,2294
6550,889,6.9453125e-05,1,2310
290,889,6.9453125e-05,1,2292
11031,889,6.9453125e-05,1,2289
7464,889,6.9453125e-05,1,2291
10435,889,6.9453125e-05,1,2309
11467,888,6.9375e-05,1,2316
1267,888,6.9375e-05,1,2319
10982,888,6.9375e-05,1,2334
5262,888,6.9375e-05,1,2327
1624,888,6.9375e-05,1,2324
13916,888,6.9375e-05,1,2335
4715,888,6.9375e-05,1,2337
558,888,6.9375e-05,1,2329
15439,888,6.9375e-05,1,2321
9290,888,6.9375e-05,1,2326
5250,888,6.9375e-05,1,2336
8875,888,6.9375e-05,1,2333
1627,888,6.9375e-05,1,2323
9339,888,6.9375e-05,1,2330
12353,888,6.9375e-05,1,2328
9486,888,6.9375e-05,1,2332
6077,888,6.9375e-05,1,2322
10010,888,6.9375e-05,1,2317
3028,888,6.9375e-05,1,2331
10909,888,6.9375e-05,1,2320
10302,888,6.9375e-05,1,2318
15987,888,6.9375e-05,1,2325
3048,887,6.9296875e-05,1,2345
2410,887,6.9296875e-05,1,2352
6762,887,6.9296875e-05,1,2340
9461,887,6.9296875e-05,1,2348
3054,887,6.9296875e-05,1,2347
12487,887,6.9296875e-05,1,2356
15630,887,6.9296875e-05,1,2365
14173,887,6.9296875e-05,1,2358
8360,887,6.9296875e-05,1,2355
6118,887,6.9296875e-05,1,2354
8361,887,6.9296875e-05,1,2341
16046,887,6.9296875e-05,1,2350
11195,887,6.9296875e-05,1,2367
2982,887,6.9296875e-05,1,2357
2137,887,6.9296875e-05,1,2349
7531,887,6.9296875e-05,1,2362
1781,887,6.9296875e-05,1,2353
11202,887,6.9296875e-05,1,2351
7495,887,6.9296875e-05,1,2346
4491,887,6.9296875e-05,1,2359
1715,887,6.9296875e-05,1,2364
14812,887,6.9296875e-05,1,2339
376,887,6.9296875e-05,1,2361
5460,887,6.9296875e-05,1,2368
10872,887,6.9296875e-05,1,2338
2011,887,6.9296875e-05,1,2343
8924,887,6.9296875e-05,1,2366
8468,887,6.9296875e-05,1,2360
9845,887,6.9296875e-05,1,2363
1784,887,6.9296875e-05,1,2342
12053,887,6.9296875e-05,1,2344
1878,886,6.921875e-05,1,2388
6935,886,6.921875e-05,1,2383
9338,886,6.921875e-05,1,2391
650,886,6.921875e-05,1,2384
4429,886,6.921875e-05,1,2398
11222,886,6.921875e-05,1,2377
16188,886,6.921875e-05,1,2381
11780,886,6.921875e-05,1,2389
14779,886,6.921875e-05,1,2396
2835,886,6.921875e-05,1,2369
3322,886,6.921875e-05,1,2373
12788,886,6.921875e-05,1,2370
3964,886,6.921875e-05,1,2378
9543,886,6.921875e-05,1,2394
1207,886,6.921875e-05,1,2382
15931,886,6.921875e-05,1,2393
1559,886,6.921875e-05,1,2390
1930,886,6.921875e-05,1,2379
5386,886,6.921875e-05,1,2372
3092,886,6.921875e-05,1,2380
5374,886,6.921875e-05,1,2376
8031,886,6.921875e-05,1,2371
9066,886,6.921875e-05,1,2374
2817,886,6.921875e-05,1,2386
945,886,6.921875e-05,1,2392
7562,886,6.921875e-05,1,2385
13711,886,6.921875e-05,1,2375
4821,886,6.921875e-05,1,2397
5529,886,6.921875e-05,1,2387
4435,886,6.921875e-05,1,2395
916,885,6.9140625e-05,1,2409
3696,885,6.9140625e-05,1,2405
7887,885,6.9140625e-05,1,2399
10197,885,6.9140625e-05,1,2424
137,885,6.9140625e-05,1,2428
14718,885,6.9140625e-05,1,2415
7847,885,6.9140625e-05,1,2402
1320,885,6.9140625e-05,1,2407
10016,885,6.9140625e-05,1,2417
8944,885,6.9140625e-05,1,2403
4260,885,6.9140625e-05,1,2421
15929,885,6.9140625e-05,1,2404
3428,885,6.9140625e-05,1,2411
5913,885,6.9140625e-05,1,2422
950,885,6.9140625e-05,1,2400
9119,885,6.9140625e-05,1,2413
7140,885,6.9140625e-05,1,2430
3792,885,6.9140625e-05,1,2414
6097,885,6.9140625e-05,1,2418
10136,885,6.9140625e-05,1,2410
6587,885,6.9140625e-05,1,2420
12111,885,6.9140625e-05,1,2406
11659,885,6.9140625e-05,1,2419
3854,885,6.9140625e-05,1,2427
1409,885,6.9140625e-05,1,2416
7604,885,6.9140625e-05,1,2408
175,885,6.9140625e-05,1,2425
2767,885,6.9140625e-05,1,2412
7156,885,6.9140625e-05,1,2401
3925,885,6.9140625e-05,1,2423
4914,885,6.9140625e-05,1,2429
11276,885,6.9140625e-05,1,2426
4887,884,6.90625e-05,1,2440
13600,884,6.90625e-05,1,2433
4797,884,6.90625e-05,1,2444
1792,884,6.90625e-05,1,2447
14110,884,6.90625e-05,1,2439
774,884,6.90625e-05,1,2437
4449,884,6.90625e-05,1,2432
1516,884,6.90625e-05,1,2450
4692,884,6.90625e-05,1,2434
14998,884,6.90625e-05,1,2446
3168,884,6.90625e-05,1,2431
3388,884,6.90625e-05,1,2443
1158,884,6.90625e-05,1,2441
1479,884,6.90625e-05,1,2448
10306,884,6.90625e-05,1,2445
16036,884,6.90625e-05,1,2436
3730,884,6.90625e-05,1,2452
550,884,6.90625e-05,1,2449
4363,884,6.90625e-05,1,2438
12080,884,6.90625e-05,1,2451
406,884,6.90625e-05,1,2442
6109,884,6.90625e-05,1,2435
10166,883,6.8984375e-05,1,2462
14049,883,6.8984375e-05,1,2465
13284,883,6.8984375e-05,1,2470
10200,883,6.8984375e-05,1,2476
12201,883,6.8984375e-05,1,2458
14588,883,6.8984375e-05,1,2469
9582,883,6.8984375e-05,1,2456
2132,883,6.8984375e-05,1,2453
4863,883,6.8984375e-05,1,2480
12002,883,6.8984375e-05,1,2459
2689,883,6.8984375e-05,1,2474
10567,883,6.8984375e-05,1,2454
1331,883,6.8984375e-05,1,2478
14101,883,6.8984375e-05,1,2475
2873,883,6.8984375e-05,1,2464
3868,883,6.8984375e-05,1,2473
11178,883,6.8984375e-05,1,2455
2985,883,6.8984375e-05,1,2467
12647,883,6.8984375e-05,1,2472
4099,883,6.8984375e-05,1,2479
8582,883,6.8984375e-05,1,2477
8112,883,6.8984375e-05,1,2461
4789,883,6.8984375e-05,1,2466
3281,883,6.8984375e-05,1,2481
3550,883,6.8984375e-05,1,2457
2814,883,6.8984375e-05,1,2471
9185,883,6.8984375e-05,1,2463
11325,883,6.8984375e-05,1,2468
831,883,6.8984375e-05,1,2482
10726,883,6.8984375e-05,1,2460
5934,882,6.890625e-05,1,2485
8055,882,6.890625e-05,1,2493
2145,882,6.890625e-05,1,2490
1112,882,6.890625e-05,1,2487
9359,882,6.890625e-05,1,2506
5665,882,6.890625e-05,1,2504
6777,882,6.890625e-05,1,2500
1839,882,6.890625e-05,1,2501
15255,882,6.890625e-05,1,2489
13610,882,6.890625e-05,1,2495
2007,882,6.890625e-05,1,2503
12474,882,6.890625e-05,1,2494
10790,882,6.890625e-05,1,2497
6638,882,6.890625e-05,1,2484
10224,882,6.890625e-05,1,2488
617,882,6.890625e-05,1,2505
3897,882,6.890625e-05,1,2496
467,882,6.890625e-05,1,2499
7250,882,6.890625e-05,1,2498
8559,882,6.890625e-05,1,2492
16140,882,6.890625e-05,1,2502
6379,882,6.890625e-05,1,2483
10212,882,6.890625e-05,1,2491
14541,882,6.890625e-05,1,2486
10628,881,6.8828125e-05,1,2523
4391,881,6.8828125e-05,1,2520
400,881,6.8828125e-05,1,2533
13138,881,6.8828125e-05,1,2538
5329,881,6.8828125e-05,1,2526
15626,881,6.8828125e-05,1,2519
16070,881,6.8828125e-05,1,2532
8272,881,6.8828125e-05,1,2535
3401,881,6.8828125e-05,1,2509
11047,881,6.8828125e-05,1,2511
13400,881,6.8828125e-05,1,2522
8574,881,6.8828125e-05,1,2524
5457,881,6.8828125e-05,1,2515
11293,881,6.8828125e-05,1,2510
7773,881,6.8828125e-05,1,2508
12815,881,6.8828125e-05,1,2529
6575,881,6.8828125e-05,1,2525
11022,881,6.8828125e-05,1,2507
8623,881,6.8828125e-05,1,2513
939,881,6.8828125e-05,1,2531
3285,881,6.8828125e-05,1,2536
3273,881,6.8828125e-05,1,2530
3016,881,6.8828125e-05,1,2528
1282,881,6.8828125e-05,1,2518
343,881,6.8828125e-05,1,2537
15791,881,6.8828125e-05,1,2539
12263,881,6.8828125e-05,1,2516
2768,881,6.8828125e-05,1,2534
10211,881,6.8828125e-05,1,2521
10545,881,6.8828125e-05,1,2517
904,881,6.8828125e-05,1,2527
7063,881,6.8828125e-05,1,2514
8008,881,6.8828125e-05,1,2512
11196,880,6.875e-05,1,2541
405,880,6.875e-05,1,2557
6272,880,6.875e-05,1,2543
7093,880,6.875e-05,1,2554
2290,880,6.875e-05,1,2549
14047,880,6.875e-05,1,2550
389,880,6.875e-05,1,2555
1506,880,6.875e-05,1,2540
13024,880,6.875e-05,1,2542
294,880,6.875e-05,1,2548
5977,880,6.875e-05,1,2551
10003,880,6.875e-05,1,2547
13882,880,6.875e-05,1,2553
1765,880,6.875e-05,1,2544
665,880,6.875e-05,1,2545
668,880,6.875e-05,1,2552
6826,880,6.875e-05,1,2556
12481,880,6.875e-05,1,2546
1891,879,6.8671875e-05,1,2588
106,879,6.8671875e-05,1,2565
12691,879,6.8671875e-05,1,2568
2992,879,6.8671875e-05,1,2577
5470,879,6.8671875e-05,1,2573
15281,879,6.8671875e-05,1,2582
13364,879,6.8671875e-05,1,2558
11704,879,6.8671875e-05,1,2589
14343,879,6.8671875e-05,1,2572
4147,879,6.8671875e-05,1,2569
4597,879,6.8671875e-05,1,2566
8332,879,6.8671875e-05,1,2574
12444,879,6.8671875e-05,1,2583
7039,879,6.8671875e-05,1,2562
9644,879,6.8671875e-05,1,2576
2473,879,6.8671875e-05,1,2575
9232,879,6.8671875e-05,1,2564
13826,879,6.8671875e-05,1,2585
3823,879,6.8671875e-05,1,2584
1710,879,6.8671875e-05,1,2578
154,879,6.8671875e-05,1,2591
5916,879,6.8671875e-05,1,2590
11066,879,6.8671875e-05,1,2579
6071,879,6.8671875e-05,1,2581
14429,879,6.8671875e-05,1,2561
16113,879,6.8671875e-05,1,2587
10474,879,6.8671875e-05,1,2580
12188,879,6.8671875e-05,1,2571
15829,879,6.8671875e-05,1,2567
7494,879,6.8671875e-05,1,2559
15888,879,6.8671875e-05,1,2563
7690,879,6.8671875e-05,1,2560
13214,879,6.8671875e-05,1,2570
15751,879,6.8671875e-05,1,2586
4280,878,6.859375e-05,1,2596
5200,878,6.859375e-05,1,2593
587,878,6.859375e-05,1,2605
10600,878,6.859375e-05,1,2611
11673,878,6.859375e-05,1,2604
14796,878,6.859375e-05,1,2602
13198,878,6.859375e-05,1,2595
8665,878,6.859375e-05,1,2603
7057,878,6.859375e-05,1,2592
4322,878,6.859375e-05,1,2610
12618,878,6.859375e-05,1,2599
2858,878,6.859375e-05,1,2597
9275,878,6.859375e-05,1,2608
14056,878,6.859375e-05,1,2598
2184,878,6.859375e-05,1,2613
7427,878,6.859375e-05,1,2601
11073,878,6.859375e-05,1,2612
14488,878,6.859375e-05,1,2600
14402,878,6.859375e-05,1,2606
2083,878,6.859375e-05,1,2594
2549,878,6.859375e-05,1,2609
1716,878,6.859375e-05,1,2607
15653,877,6.8515625e-05,1,2645
12473,877,6.8515625e-05,1,2616
11962,877,6.8515625e-05,1,2619
16207,877,6.8515625e-05,1,2624
5207,877,6.8515625e-05,1,2640
5208,877,6.8515625e-05,1,2648
15288,877,6.8515625e-05,1,2618
12669,877,6.8515625e-05,1,2647
13833,877,6.8515625e-05,1,2634
6510,877,6.8515625e-05,1,2629
2660,877,6.8515625e-05,1,2631
4164,877,6.8515625e-05,1,2650
3395,877,6.8515625e-05,1,2615
4049,877,6.8515625e-05,1,2637
13502,877,6.8515625e-05,1,2646
10380,877,6.8515625e-05,1,2632
16165,877,6.8515625e-05,1,2639
6201,877,6.8515625e-05,1,2651
224,877,6.8515625e-05,1,2638
15074,877,6.8515625e-05,1,2628
2200,877,6.8515625e-05,1,2641
8614,877,6.8515625e-05,1,2630
10266,877,6.8515625e-05,1,2614
5053,877,6.8515625e-05,1,2622
760,877,6.8515625e-05,1,2633
12865,877,6.8515625e-05,1,2642
8910,877,6.8515625e-05,1,2636
4930,877,6.8515625e-05,1,2625
15413,877,6.8515625e-05,1,2623
7865,877,6.8515625e-05,1,2644
2131,877,6.8515625e-05,1,2626
27,877,6.8515625e-05,1,2649
13647,877,6.8515625e-05,1,2620
725,877,6.8515625e-05,1,2635
15596,877,6.8515625e-05,1,2643
15795,877,6.8515625e-05,1,2617
9691,877,6.8515625e-05,1,2627
10255,877,6.8515625e-05,1,2621
13574,876,6.84375e-05,1,2671
3498,876,6.84375e-05,1,2682
2519,876,6.84375e-05,1,2669
6741,876,6.84375e-05,1,2655
6373,876,6.84375e-05,1,2678
10189,876,6.84375e-05,1,2672
8078,876,6.84375e-05,1,2666
9856,876,6.84375e-05,1,2673
327,876,6.84375e-05,1,2657
13132,876,6.84375e-05,1,2665
1275,876,6.84375e-05,1,2668
13168,876,6.84375e-05,1,2653
4548,876,6.84375e-05,1,2656
15919,876,6.84375e-05,1,2667
10127,876,6.84375e-05,1,2662
4033,876,6.84375e-05,1,2664
4687,876,6.84375e-05,1,2681
2596,876,6.84375e-05,1,2676
9581,876,6.84375e-05,1,2652
15451,876,6.84375e-05,1,2659
1980,876,6.84375e-05,1,2674
1974,876,6.84375e-05,1,2675
9452,876,6.84375e-05,1,2661
9690,876,6.84375e-05,1,2680
15355,876,6.84375e-05,1,2679
7108,876,6.84375e-05,1,2654
5392,876,6.84375e-05,1,2683
8473,876,6.84375e-05,1,2660
7473,876,6.84375e-05,1,2677
7337,876,6.84375e-05,1,2658
3512,876,6.84375e-05,1,2663
11580,876,6.84375e-05,1,2670
14277,876,6.84375e-05,1,2684
806,875,6.8359375e-05,1,2705
10788,875,6.8359375e-05,1,2688
11875,875,6.8359375e-05,1,2685
5597,875,6.8359375e-05,1,2689
7253,875,6.8359375e-05,1,2693
6014,875,6.8359375e-05,1,2695
3444,875,6.8359375e-05,1,2691
4994,875,6.8359375e-05,1,2698
11592,875,6.8359375e-05,1,2697
1583,875,6.8359375e-05,1,2700
12088,875,6.8359375e-05,1,2709
8692,875,6.8359375e-05,1,2702
9373,875,6.8359375e-05,1,2715
10735,875,6.8359375e-05,1,2686
532,875,6.8359375e-05,1,2712
11309,875,6.8359375e-05,1,2699
679,875,6.8359375e-05,1,2716
9140,875,6.8359375e-05,1,2711
1087,875,6.8359375e-05,1,2708
98,875,6.8359375e-05,1,2717
10521,875,6.8359375e-05,1,2704
16232,875,6.8359375e-05,1,2703
172,875,6.8359375e-05,1,2707
15028,875,6.8359375e-05,1,2718
8083,875,6.8359375e-05,1,2701
15514,875,6.8359375e-05,1,2706
1251,875,6.8359375e-05,1,2687
2608,875,6.8359375e-05,1,2710
14637,875,6.8359375e-05,1,2690
6637,875,6.8359375e-05,1,2713
15839,875,6.8359375e-05,1,2714
6522,875,6.8359375e-05,1,2692
1322,875,6.8359375e-05,1,2696
1536,875,6.8359375e-05,1,2694
15798,874,6.828125e-05,1,2749
3826,874,6.828125e-05,1,2735
6841,874,6.828125e-05,1,2739
14329,874,6.828125e-05,1,2737
9254,874,6.828125e-05,1,2740
15099,874,6.828125e-05,1,2745
15075,874,6.828125e-05,1,2720
11001,874,6.828125e-05,1,2724
9836,874,6.828125e-05,1,2743
9207,874,6.828125e-05,1,2736
4123,874,6.828125e-05,1,2734
5300,874,6.828125e-05,1,2758
7365,874,6.828125e-05,1,2746
16059,874,6.828125e-05,1,2754
9887,874,6.828125e-05,1,2751
4545,874,6.828125e-05,1,2730
2648,874,6.828125e-05,1,2757
15194,874,6.828125e-05,1,2733
11500,874,6.828125e-05,1,2726
5090,874,6.828125e-05,1,2732
9536,874,6.828125e-05,1,2738
742,874,6.828125e-05,1,2728
16354,874,6.828125e-05,1,2747
15408,874,6.828125e-05,1,2722
5144,874,6.828125e-05,1,2729
857,874,6.828125e-05,1,2723
12271,874,6.828125e-05,1,2759
7981,874,6.828125e-05,1,2756
11936,874,6.828125e-05,1,2725
7504,874,6.828125e-05,1,2727
14733,874,6.828125e-05,1,2744
4498,874,6.828125e-05,1,2741
11950,874,6.828125e-05,1,2719
15257,874,6.828125e-05,1,2731
6170,874,6.828125e-05,1,2748
16172,874,6.828125e-05,1,2755
6331,874,6.828125e-05,1,2742
16128,874,6.828125e-05,1,2750
9065,874,6.828125e-05,1,2721
3697,874,6.828125e-05,1,2753
13612,874,6.828125e-05,1,2752
2307,873,6.8203125e-05,1,2791
14359,873,6.8203125e-05,1,2765
705,873,6.8203125e-05,1,2778
2478,873,6.8203125e-05,1,2770
3177,873,6.8203125e-05,1,2766
7278,873,6.8203125e-05,1,2771
14915,873,6.8203125e-05,1,2774
9987,873,6.8203125e-05,1,2784
13613,873,6.8203125e-05,1,2775
769,873,6.8203125e-05,1,2773
11404,873,6.8203125e-05,1,2790
1361,873,6.8203125e-05,1,2780
15295,873,6.8203125e-05,1,2798
8155,873,6.8203125e-05,1,2796
4351,873,6.8203125e-05,1,2772
15530,873,6.8203125e-05,1,2794
7790,873,6.8203125e-05,1,2769
9923,873,6.8203125e-05,1,2760
15040,873,6.8203125e-05,1,2777
216,873,6.8203125e-05,1,2781
15441,873,6.8203125e-05,1,2783
1625,873,6.8203125e-05,1,2788
3760,873,6.8203125e-05,1,2793
1987,873,6.8203125e-05,1,2782
14613,873,6.8203125e-05,1,2786
9134,873,6.8203125e-05,1,2768
14904,873,6.8203125e-05,1,2787
8661,873,6.8203125e-05,1,2764
14584,873,6.8203125e-05,1,2789
9776,873,6.8203125e-05,1,2785
7538,873,6.8203125e-05,1,2792
2056,873,6.8203125e-05,1,2797
12415,873,6.8203125e-05,1,2763
7277,873,6.8203125e-05,1,2779
1763,873,6.8203125e-05,1,2795
2074,873,6.8203125e-05,1,2761
1181,873,6.8203125e-05,1,2767
12733,873,6.8203125e-05,1,2776
11310,873,6.8203125e-05,1,2762
6045,872,6.8125e-05,1,2833
4048,872,6.8125e-05,1,2822
1255,872,6.8125e-05,1,2800
8211,872,6.8125e-05,1,2821
3199,872,6.8125e-05,1,2828
3770,872,6.8125e-05,1,2810
2163,872,6.8125e-05,1,2827
2097,872,6.8125e-05,1,2805
10766,872,6.8125e-05,1,2818
13747,872,6.8125e-05,1,2826
8108,872,6.8125e-05,1,2829
585,872,6.8125e-05,1,2824
15832,872,6.8125e-05,1,2813
8330,872,6.8125e-05,1,2807
8225,872,6.8125e-05,1,2804
8967,872,6.8125e-05,1,2801
845,872,6.8125e-05,1,2819
7157,872,6.8125e-05,1,2815
7703,872,6.8125e-05,1,2817
11628,872,6.8125e-05,1,2811
6243,872,6.8125e-05,1,2820
6505,872,6.8125e-05,1,2832
8778,872,6.8125e-05,1,2806
6288,872,6.8125e-05,1,2809
11900,872,6.8125e-05,1,2834
5706,872,6.8125e-05,1,2808
14478,872,6.8125e-05,1,2803
13408,872,6.8125e-05,1,2799
8264,872,6.8125e-05,1,2830
12013,872,6.8125e-05,1,2816
12576,872,6.8125e-05,1,2825
14473,872,6.8125e-05,1,2814
5166,872,6.8125e-05,1,2802
13536,872,6.8125e-05,1,2835
11210,872,6.8125e-05,1,2812
9341,872,6.8125e-05,1,2831
516,872,6.8125e-05,1,2823
13352,871,6.8046875e-05,1,2859
4295,871,6.8046875e-05,1,2864
4858,871,6.8046875e-05,1,2876
14124,871,6.8046875e-05,1,2880
4645,871,6.8046875e-05,1,2836
7134,871,6.8046875e-05,1,2856
10734,871,6.8046875e-05,1,2878
10859,871,6.8046875e-05,1,2845
9282,871,6.8046875e-05,1,2850
9988,871,6.8046875e-05,1,2846
9997,871,6.8046875e-05,1,2847
6968,871,6.8046875e-05,1,2873
1952,871,6.8046875e-05,1,2852
6119,871,6.8046875e-05,1,2871
10,871,6.8046875e-05,1,2855
819,871,6.8046875e-05,1,2841
12688,871,6.8046875e-05,1,2877
14962,871,6.8046875e-05,1,2849
7380,871,6.8046875e-05,1,2853
5378,871,6.8046875e-05,1,2851
15226,871,6.8046875e-05,1,2862
5048,871,6.8046875e-05,1,2854
943,871,6.8046875e-05,1,2838
14748,871,6.8046875e-05,1,2869
7671,871,6.8046875e-05,1,2872
10080,871,6.8046875e-05,1,2865
5569,871,6.8046875e-05,1,2863
7770,871,6.8046875e-05,1,2875
6270,871,6.8046875e-05,1,2867
13513,871,6.8046875e-05,1,2868
16060,871,6.8046875e-05,1,2843
10976,871,6.8046875e-05,1,2842
3045,871,6.8046875e-05,1,2844
2319,871,6.8046875e-05,1,2870
2581,871,6.8046875e-05,1,2839
6139,871,6.8046875e-05,1,2848
10042,871,6.8046875e-05,1,2861
7407,871,6.8046875e-05,1,2840
13857,871,6.8046875e-05,1,2860
14756,871,6.8046875e-05,1,2866
15801,871,6.8046875e-05,1,2857
10822,871,6.8046875e-05,1,2879
4500,871,6.8046875e-05,1,2837
15306,871,6.8046875e-05,1,2874
2249,871,6.8046875e-05,1,2858
1926,870,6.796875e-05,1,2885
9322,870,6.796875e-05,1,2888
3886,870,6.796875e-05,1,2898
6111,870,6.796875e-05,1,2896
103,870,6.796875e-05,1,2895
12289,870,6.796875e-05,1,2893
6892,870,6.796875e-05,1,2886
7525,870,6.796875e-05,1,2890
14777,870,6.796875e-05,1,2894
11789,870,6.796875e-05,1,2900
13362,870,6.796875e-05,1,2887
3234,870,6.796875e-05,1,2889
5102,870,6.796875e-05,1,2901
10704,870,6.796875e-05,1,2884
12868,870,6.796875e-05,1,2892
7764,870,6.796875e-05,1,2882
2421,870,6.796875e-05,1,2881
2134,870,6.796875e-05,1,2899
5666,870,6.796875e-05,1,2883
2276,870,6.796875e-05,1,2897
13216,870,6.796875e-05,1,2891
7609,869,6.7890625e-05,1,2912
11917,869,6.7890625e-05,1,2906
6930,869,6.7890625e-05,1,2926
1382,869,6.7890625e-05,1,2919
15488,869,6.7890625e-05,1,2927
3367,869,6.7890625e-05,1,2923
3352,869,6.7890625e-05,1,2918
12841,869,6.7890625e-05,1,2908
1186,869,6.7890625e-05,1,2913
6394,869,6.7890625e-05,1,2915
4604,869,6.7890625e-05,1,2910
9506,869,6.7890625e-05,1,2916
2223,869,6.7890625e-05,1,2920
8599,869,6.7890625e-05,1,2909
13853,869,6.7890625e-05,1,2904
4823,869,6.7890625e-05,1,2907
8765,869,6.7890625e-05,1,2925
3813,869,6.7890625e-05,1,2914
2129,869,6.7890625e-05,1,2928
1009,869,6.7890625e-05,1,2922
2589,869,6.7890625e-05,1,2903
16315,869,6.7890625e-05,1,2905
2901,869,6.7890625e-05,1,2929
3193,869,6.7890625e-05,1,2911
3415,869,6.7890625e-05,1,2902
1918,869,6.7890625e-05,1,2921
13632,869,6.7890625e-05,1,2917
8306,869,6.7890625e-05,1,2924
11454,868,6.78125e-05,1,2948
15503,868,6.78125e-05,1,2951
4850,868,6.78125e-05,1,2949
7054,868,6.78125e-05,1,2934
5138,868,6.78125e-05,1,2942
11746,868,6.78125e-05,1,2958
860,868,6.78125e-05,1,2947
4071,868,6.78125e-05,1,2963
3991,868,6.78125e-05,1,2966
6992,868,6.78125e-05,1,2930
9424,868,6.78125e-05,1,2950
13407,868,6.78125e-05,1,2931
891,868,6.78125e-05,1,2938
9975,868,6.78125e-05,1,2952
12775,868,6.78125e-05,1,2935
13893,868,6.78125e-05,1,2937
16234,868,6.78125e-05,1,2954
4194,868,6.78125e-05,1,2936
11897,868,6.78125e-05,1,2964
2726,868,6.78125e-05,1,2961
5722,868,6.78125e-05,1,2962
4470,868,6.78125e-05,1,2940
13766,868,6.78125e-05,1,2946
5617,868,6.78125e-05,1,2956
14220,868,6.78125e-05,1,2968
13820,868,6.78125e-05,1,2953
3683,868,6.78125e-05,1,2933
6622,868,6.78125e-05,1,2967
13568,868,6.78125e-05,1,2943
9720,868,6.78125e-05,1,2960
15287,868,6.78125e-05,1,2932
1126,868,6.78125e-05,1,2965
1208,868,6.78125e-05,1,2959
2376,868,6.78125e-05,1,2944
9023,868,6.78125e-05,1,2957
14195,868,6.78125e-05,1,2955
5344,868,6.78125e-05,1,2945
3175,868,6.78125e-05,1,2941
131,868,6.78125e-05,1,2939
2606,867,6.7734375e-05,1,2995
6859,867,6.7734375e-05,1,2978
10072,867,6.7734375e-05,1,2977
4638,867,6.7734375e-05,1,2970
5355,867,6.7734375e-05,1,2989
1937,867,6.7734375e-05,1,2975
998,867,6.7734375e-05,1,3002
4706,867,6.7734375e-05,1,2988
816,867,6.7734375e-05,1,2996
4625,867,6.7734375e-05,1,3001
813,867,6.7734375e-05,1,2992
5104,867,6.7734375e-05,1,2973
10696,867,6.7734375e-05,1,2987
12905,867,6.7734375e-05,1,2980
699,867,6.7734375e-05,1,2974
12478,867,6.7734375e-05,1,2976
5489,867,6.7734375e-05,1,2986
6766,867,6.7734375e-05,1,3000
14946,867,6.7734375e-05,1,2985
10349,867,6.7734375e-05,1,2993
14458,867,6.7734375e-05,1,2991
8703,867,6.7734375e-05,1,2983
6894,867,6.7734375e-05,1,2999
1199,867,6.7734375e-05,1,3003
15634,867,6.7734375e-05,1,2984
13421,867,6.7734375e-05,1,2997
7726,867,6.7734375e-05,1,2990
3672,867,6.7734375e-05,1,2971
3879,867,6.7734375e-05,1,2969
14228,867,6.7734375e-05,1,2982
647,867,6.7734375e-05,1,2994
3184,867,6.7734375e-05,1,2981
15324,867,6.7734375e-05,1,2998
1211,867,6.7734375e-05,1,2972
10481,867,6.7734375e-05,1,2979
7454,866,6.765625e-05,1,3014
15378,866,6.765625e-05,1,3032
9099,866,6.765625e-05,1,3033
6056,866,6.765625e-05,1,3025
11262,866,6.765625e-05,1,3021
13481,866,6.765625e-05,1,3028
5370,866,6.765625e-05,1,3016
3641,866,6.765625e-05,1,3022
13838,866,6.765625e-05,1,3039
7768,866,6.765625e-05,1,3019
10531,866,6.765625e-05,1,3043
1667,866,6.765625e-05,1,3018
5075,866,6.765625e-05,1,3024
193,866,6.765625e-05,1,3012
16341,866,6.765625e-05,1,3038
9388,866,6.765625e-05,1,3040
3163,866,6.765625e-05,1,3005
4340,866,6.765625e-05,1,3004
5101,866,6.765625e-05,1,3026
13161,866,6.765625e-05,1,3035
13564,866,6.765625e-05,1,3006
12544,866,6.765625e-05,1,3007
9016,866,6.765625e-05,1,3034
5976,866,6.765625e-05,1,3027
11788,866,6.765625e-05,1,3015
12709,866,6.765625e-05,1,3042
7307,866,6.765625e-05,1,3031
5498,866,6.765625e-05,1,3013
15239,866,6.765625e-05,1,3037
1321,866,6.765625e-05,1,3041
14558,866,6.765625e-05,1,3010
8142,866,6.765625e-05,1,3023
6180,866,6.765625e-05,1,3011
9759,866,6.765625e-05,1,3020
16148,866,6.765625e-05,1,3029
13394,866,6.765625e-05,1,3036
2557,866,6.765625e-05,1,3030
9448,866,6.765625e-05,1,3008
190,866,6.765625e-05,1,3017
14115,866,6.765625e-05,1,3009
13267,865,6.7578125e-05,1,3074
13143,865,6.7578125e-05,1,3045
2415,865,6.7578125e-05,1,3065
7352,865,6.7578125e-05,1,3081
7923,865,6.7578125e-05,1,3079
551,865,6.7578125e-05,1,3063
7848,865,6.7578125e-05,1,3078
8161,865,6.7578125e-05,1,3058
1809,865,6.7578125e-05,1,3052
2685,865,6.7578125e-05,1,3044
9898,865,6.7578125e-05,1,3057
6588,865,6.7578125e-05,1,3076
2944,865,6.7578125e-05,1,3075
5980,865,6.7578125e-05,1,3049
11683,865,6.7578125e-05,1,3073
325,865,6.7578125e-05,1,3066
4291,865,6.7578125e-05,1,3067
1264,865,6.7578125e-05,1,3053
14078,865,6.7578125e-05,1,3071
15428,865,6.7578125e-05,1,3054
793,865,6.7578125e-05,1,3060
12445,865,6.7578125e-05,1,3050
11253,865,6.7578125e-05,1,3062
3232,865,6.7578125e-05,1,3064
15757,865,6.7578125e-05,1,3069
4541,865,6.7578125e-05,1,3047
7143,865,6.7578125e-05,1,3068
658,865,6.7578125e-05,1,3055
3894,865,6.7578125e-05,1,3072
148,865,6.7578125e-05,1,3056
5859,865,6.7578125e-05,1,3051
16298,865,6.7578125e-05,1,3077
15044,865,6.7578125e-05,1,3059
7537,865,6.7578125e-05,1,3046
15181,865,6.7578125e-05,1,3061
10037,865,6.7578125e-05,1,3048
3040,865,6.7578125e-05,1,3080
7455,865,6.7578125e-05,1,3070
16141,864,6.75e-05,1,3106
3549,864,6.75e-05,1,3113
388,864,6.75e-05,1,3104
16292,864,6.75e-05,1,3089
16023,864,6.75e-05,1,3082
4861,864,6.75e-05,1,3087
15797,864,6.75e-05,1,3093
12285,864,6.75e-05,1,3085
461,864,6.75e-05,1,3086
546,864,6.75e-05,1,3109
3339,864,6.75e-05,1,3088
4157,864,6.75e-05,1,3110
501,864,6.75e-05,1,3094
419,864,6.75e-05,1,3112
3591,864,6.75e-05,1,3090
3662,864,6.75e-05,1,3097
3943,864,6.75e-05,1,3083
10074,864,6.75e-05,1,3101
14835,864,6.75e-05,1,3102
6197,864,6.75e-05,1,3111
2935,864,6.75e-05,1,3098
13188,864,6.75e-05,1,3096
11437,864,6.75e-05,1,3116
15189,864,6.75e-05,1,3099
8922,864,6.75e-05,1,3092
13349,864,6.75e-05,1,3108
3007,864,6.75e-05,1,3103
13795,864,6.75e-05,1,3091
2245,864,6.75e-05,1,3105
2181,864,6.75e-05,1,3117
8552,864,6.75e-05,1,3114
5797,864,6.75e-05,1,3100
4055,864,6.75e-05,1,3084
14314,864,6.75e-05,1,3115
10128,864,6.75e-05,1,3095
13494,864,6.75e-05,1,3107
728,863,6.7421875e-05,1,3124
2349,863,6.7421875e-05,1,3154
15643,863,6.7421875e-05,1,3147
14127,863,6.7421875e-05,1,3125
9348,863,6.7421875e-05,1,3159
553,863,6.7421875e-05,1,3152
4410,863,6.7421875e-05,1,3150
6682,863,6.7421875e-05,1,3157
15350,863,6.7421875e-05,1,3126
13169,863,6.7421875e-05,1,3149
4648,863,6.7421875e-05,1,3145
6411,863,6.7421875e-05,1,3122
136,863,6.7421875e-05,1,3121
8057,863,6.7421875e-05,1,3131
7723,863,6.7421875e-05,1,3140
6108,863,6.7421875e-05,1,3155
13865,863,6.7421875e-05,1,3138
14944,863,6.7421875e-05,1,3132
14201,863,6.7421875e-05,1,3156
9703,863,6.7421875e-05,1,3158
16223,863,6.7421875e-05,1,3129
2691,863,6.7421875e-05,1,3135
1299,863,6.7421875e-05,1,3160
11680,863,6.7421875e-05,1,3153
14339,863,6.7421875e-05,1,3151
3371,863,6.7421875e-05,1,3142
4857,863,6.7421875e-05,1,3148
7324,863,6.7421875e-05,1,3123
8568,863,6.7421875e-05,1,3144
2869,863,6.7421875e-05,1,3137
4255,863,6.7421875e-05,1,3141
12881,863,6.7421875e-05,1,3119
11554,863,6.7421875e-05,1,3146
14786,863,6.7421875e-05,1,3134
1529,863,6.7421875e-05,1,3136
15046,863,6.7421875e-05,1,3139
13860,863,6.7421875e-05,1,3127
5531,863,6.7421875e-05,1,3130
9833,863,6.7421875e-05,1,3118
15819,863,6.7421875e-05,1,3133
15625,863,6.7421875e-05,1,3128
4979,863,6.7421875e-05,1,3120
12786,863,6.7421875e-05,1,3143
3278,862,6.734375e-05,1,3166
4680,862,6.734375e-05,1,3199
1404,862,6.734375e-05,1,3176
8102,862,6.734375e-05,1,3164
11002,862,6.734375e-05,1,3167
5289,862,6.734375e-05,1,3163
10739,862,6.734375e-05,1,3169
10393,862,6.734375e-05,1,3171
4696,862,6.734375e-05,1,3180
11179,862,6.734375e-05,1,3175
11551,862,6.734375e-05,1,3177
217,862,6.734375e-05,1,3200
7721,862,6.734375e-05,1,3189
11226,862,6.734375e-05,1,3195
10778,862,6.734375e-05,1,3161
1336,862,6.734375e-05,1,3196
7845,862,6.734375e-05,1,3187
5134,862,6.734375e-05,1,3184
4923,862,6.734375e-05,1,3174
12774,862,6.734375e-05,1,3198
4924,862,6.734375e-05,1,3168
14565,862,6.734375e-05,1,3193
787,862,6.734375e-05,1,3183
2004,862,6.734375e-05,1,3179
10231,862,6.734375e-05,1,3172
719,862,6.734375e-05,1,3162
6677,862,6.734375e-05,1,3194
12921,862,6.734375e-05,1,3188
13905,862,6.734375e-05,1,3186
1356,862,6.734375e-05,1,3185
7719,862,6.734375e-05,1,3197
12907,862,6.734375e-05,1,3170
11563,862,6.734375e-05,1,3182
5179,862,6.734375e-05,1,3173
6975,862,6.734375e-05,1,3178
7559,862,6.734375e-05,1,3190
16343,862,6.734375e-05,1,3165
3958,862,6.734375e-05,1,3181
5865,862,6.734375e-05,1,3192
16293,862,6.734375e-05,1,3191
1191,861,6.7265625e-05,1,3234
12672,861,6.7265625e-05,1,3209
15860,861,6.7265625e-05,1,3227
1071,861,6.7265625e-05,1,3216
8868,861,6.7265625e-05,1,3206
2853,861,6.7265625e-05,1,3219
13414,861,6.7265625e-05,1,3210
12532,861,6.7265625e-05,1,3217
12467,861,6.7265625e-05,1,3226
424,861,6.7265625e-05,1,3230
4124,861,6.7265625e-05,1,3228
7366,861,6.7265625e-05,1,3232
12597,861,6.7265625e-05,1,3233
8637,861,6.7265625e-05,1,3236
2418,861,6.7265625e-05,1,3222
3802,861,6.7265625e-05,1,3207
6312,861,6.7265625e-05,1,3225
7461,861,6.7265625e-05,1,3220
497,861,6.7265625e-05,1,3205
1202,861,6.7265625e-05,1,3235
5008,861,6.7265625e-05,1,3231
8906,861,6.7265625e-05,1,3204
147,861,6.7265625e-05,1,3229
5036,861,6.7265625e-05,1,3213
865,861,6.7265625e-05,1,3223
988,861,6.7265625e-05,1,3211
12241,861,6.7265625e-05,1,3201
5983,861,6.7265625e-05,1,3208
2126,861,6.7265625e-05,1,3221
5052,861,6.7265625e-05,1,3215
741,861,6.7265625e-05,1,3224
166,861,6.7265625e-05,1,3214
5804,861,6.7265625e-05,1,3202
3664,861,6.7265625e-05,1,3212
16163,861,6.7265625e-05,1,3203
14085,861,6.7265625e-05,1,3218
13598,860,6.71875e-05,1,3264
3850,860,6.71875e-05,1,3240
13643,860,6.71875e-05,1,3245
7123,860,6.71875e-05,1,3241
7232,860,6.71875e-05,1,3237
4773,860,6.71875e-05,1,3239
3013,860,6.71875e-05,1,3257
3066,860,6.71875e-05,1,3246
6572,860,6.71875e-05,1,3250
5117,860,6.71875e-05,1,3263
7248,860,6.71875e-05,1,3261
2548,860,6.71875e-05,1,3243
8993,860,6.71875e-05,1,3238
9483,860,6.71875e-05,1,3253
5478,860,6.71875e-05,1,3255
15965,860,6.71875e-05,1,3242
9060,860,6.71875e-05,1,3268
13191,860,6.71875e-05,1,3258
5915,860,6.71875e-05,1,3262
3524,860,6.71875e-05,1,3265
4298,860,6.71875e-05,1,3256
5779,860,6.71875e-05,1,3248
15068,860,6.71875e-05,1,3267
11730,860,6.71875e-05,1,3259
15168,860,6.71875e-05,1,3254
2738,860,6.71875e-05,1,3244
5034,860,6.71875e-05,1,3251
3891,860,6.71875e-05,1,3247
16380,860,6.71875e-05,1,3252
12924,860,6.71875e-05,1,3260
6507,860,6.71875e-05,1,3269
401,860,6.71875e-05,1,3266
7241,860,6.71875e-05,1,3249
12958,859,6.7109375e-05,1,3288
1052,859,6.7109375e-05,1,3296
3633,859,6.7109375e-05,1,3271
6666,859,6.7109375e-05,1,3280
8741,859,6.7109375e-05,1,3294
14512,859,6.7109375e-05,1,3295
13599,859,6.7109375e-05,1,3297
269,859,6.7109375e-05,1,3272
88,859,6.7109375e-05,1,3275
14648,859,6.7109375e-05,1,3299
9985,859,6.7109375e-05,1,3274
4796,859,6.7109375e-05,1,3293
1488,859,6.7109375e-05,1,3292
15406,859,6.7109375e-05,1,3281
10305,859,6.7109375e-05,1,3278
431,859,6.7109375e-05,1,3277
8100,859,6.7109375e-05,1,3309
10130,859,6.7109375e-05,1,3286
11009,859,6.7109375e-05,1,3273
5309,859,6.7109375e-05,1,3298
14391,859,6.7109375e-05,1,3291
9767,859,6.7109375e-05,1,3285
10430,859,6.7109375e-05,1,3276
1738,859,6.7109375e-05,1,3302
10475,859,6.7109375e-05,1,3283
12687,859,6.7109375e-05,1,3306
567,859,6.7109375e-05,1,3270
13053,859,6.7109375e-05,1,3308
10401,859,6.7109375e-05,1,3287
5263,859,6.7109375e-05,1,3305
6212,859,6.7109375e-05,1,3282
629,859,6.7109375e-05,1,3289
2342,859,6.7109375e-05,1,3301
11714,859,6.7109375e-05,1,3300
13344,859,6.7109375e-05,1,3307
6009,859,6.7109375e-05,1,3284
4201,859,6.7109375e-05,1,3279
5141,859,6.7109375e-05,1,3310
12638,859,6.7109375e-05,1,3304
3178,859,6.7109375e-05,1,3303
4370,859,6.7109375e-05,1,3290
11259,858,6.703125e-05,1,3358
8009,858,6.703125e-05,1,3342
10890,858,6.703125e-05,1,3328
5486,858,6.703125e-05,1,3329
14704,858,6.703125e-05,1,3324
1295,858,6.703125e-05,1,3352
9550,858,6.703125e-05,1,3357
5535,858,6.703125e-05,1,3350
3421,858,6.703125e-05,1,3322
4908,858,6.703125e-05,1,3337
13949,858,6.703125e-05,1,3347
10825,858,6.703125e-05,1,3327
11823,858,6.703125e-05,1,3317
10921,858,6.703125e-05,1,3325
8321,858,6.703125e-05,1,3331
6496,858,6.703125e-05,1,3336
3658,858,6.703125e-05,1,3344
2725,858,6.703125e-05,1,3330
10185,858,6.703125e-05,1,3355
5825,858,6.703125e-05,1,3316
6441,858,6.703125e-05,1,3334
15738,858,6.703125e-05,1,3326
15729,858,6.703125e-05,1,3311
14447,858,6.703125e-05,1,3318
921,858,6.703125e-05,1,3319
9188,858,6.703125e-05,1,3323
8650,858,6.703125e-05,1,3338
13815,858,6.703125e-05,1,3343
5229,858,6.703125e-05,1,3335
1108,858,6.703125e-05,1,3320
4100,858,6.703125e-05,1,3314
6190,858,6.703125e-05,1,3351
10421,858,6.703125e-05,1,3340
990,858,6.703125e-05,1,3321
4574,858,6.703125e-05,1,3315
5016,858,6.703125e-05,1,3333
4725,858,6.703125e-05,1,3348
8669,858,6.703125e-05,1,3339
1638,858,6.703125e-05,1,3353
6214,858,6.703125e-05,1,3346
6634,858,6.703125e-05,1,3349
13912,858,6.703125e-05,1,3345
9076,858,6.703125e-05,1,3312
15361,858,6.703125e-05,1,3356
9126,858,6.703125e-05,1,3313
9423,858,6.703125e-05,1,3354
10273,858,6.703125e-05,1,3332
4641,858,6.703125e-05,1,3341
76,857,6.6953125e-05,1,3394
2451,857,6.6953125e-05,1,3372
1944,857,6.6953125e-05,1,3388
8915,857,6.6953125e-05,1,3363
14351,857,6.6953125e-05,1,3390
1512,857,6.6953125e-05,1,3364
4718,857,6.6953125e-05,1,3381
381,857,6.6953125e-05,1,3386
13948,857,6.6953125e-05,1,3362
7731,857,6.6953125e-05,1,3396
1670,857,6.6953125e-05,1,3378
7521,857,6.6953125e-05,1,3384
6003,857,6.6953125e-05,1,3368
6087,857,6.6953125e-05,1,3359
3491,857,6.6953125e-05,1,3385
5897,857,6.6953125e-05,1,3376
9663,857,6.6953125e-05,1,3392
2023,857,6.6953125e-05,1,3397
9892,857,6.6953125e-05,1,3391
1631,857,6.6953125e-05,1,3360
9243,857,6.6953125e-05,1,3365
10884,857,6.6953125e-05,1,3361
2630,857,6.6953125e-05,1,3395
8270,857,6.6953125e-05,1,3387
10131,857,6.6953125e-05,1,3379
4477,857,6.6953125e-05,1,3370
11214,857,6.6953125e-05,1,3371
2777,857,6.6953125e-05,1,3383
946,857,6.6953125e-05,1,3367
15620,857,6.6953125e-05,1,3382
2694,857,6.6953125e-05,1,3389
448,857,6.6953125e-05,1,3380
496,857,6.6953125e-05,1,3369
12563,857,6.6953125e-05,1,3374
663,857,6.6953125e-05,1,3375
15184,857,6.6953125e-05,1,3377
1013,857,6.6953125e-05,1,3373
5302,857,6.6953125e-05,1,3366
1062,857,6.6953125e-05,1,3393
9149,856,6.6875e-05,1,3402
919,856,6.6875e-05,1,3421
9460,856,6.6875e-05,1,3406
3924,856,6.6875e-05,1,3428
2116,856,6.6875e-05,1,3432
192,856,6.6875e-05,1,3398
15930,856,6.6875e-05,1,3414
7202,856,6.6875e-05,1,3420
6276,856,6.6875e-05,1,3422
2384,856,6.6875e-05,1,3434
5165,856,6.6875e-05,1,3426
16026,856,6.6875e-05,1,3405
11847,856,6.6875e-05,1,3401
1244,856,6.6875e-05,1,3417
2414,856,6.6875e-05,1,3436
7104,856,6.6875e-05,1,3419
2441,856,6.6875e-05,1,3400
11075,856,6.6875e-05,1,3412
5636,856,6.6875e-05,1,3418
7754,856,6.6875e-05,1,3407
2113,856,6.6875e-05,1,3437
5760,856,6.6875e-05,1,3409
7587,856,6.6875e-05,1,3411
12810,856,6.6875e-05,1,3425
6271,856,6.6875e-05,1,3431
2275,856,6.6875e-05,1,3424
9326,856,6.6875e-05,1,3429
15455,856,6.6875e-05,1,3423
3933,856,6.6875e-05,1,3433
11997,856,6.6875e-05,1,3408
1384,856,6.6875e-05,1,3415
14016,856,6.6875e-05,1,3404
8943,856,6.6875e-05,1,3416
12219,856,6.6875e-05,1,3413
7024,856,6.6875e-05,1,3435
6879,856,6.6875e-05,1,3399
14675,856,6.6875e-05,1,3410
11775,856,6.6875e-05,1,3403
10099,856,6.6875e-05,1,3430
10106,856,6.6875e-05,1,3427
12314,855,6.6796875e-05,1,3461
9427,855,6.6796875e-05,1,3449
5037,855,6.6796875e-05,1,3450
8410,855,6.6796875e-05,1,3454
16170,855,6.6796875e-05,1,3470
14291,855,6.6796875e-05,1,3452
11338,855,6.6796875e-05,1,3457
10277,855,6.6796875e-05,1,3447
3283,855,6.6796875e-05,1,3438
4369,855,6.6796875e-05,1,3469
7810,855,6.6796875e-05,1,3459
2764,855,6.6796875e-05,1,3453
4160,855,6.6796875e-05,1,3460
5761,855,6.6796875e-05,1,3458
6131,855,6.6796875e-05,1,3448
9814,855,6.6796875e-05,1,3445
3499,855,6.6796875e-05,1,3443
13734,855,6.6796875e-05,1,3467
9745,855,6.6796875e-05,1,3471
8597,855,6.6796875e-05,1,3466
13237,855,6.6796875e-05,1,3440
2117,855,6.6796875e-05,1,3451
3429,855,6.6796875e-05,1,3465
5047,855,6.6796875e-05,1,3446
7891,855,6.6796875e-05,1,3463
6082,855,6.6796875e-05,1,3462
11205,855,6.6796875e-05,1,3464
8833,855,6.6796875e-05,1,3468
4627,855,6.6796875e-05,1,3439
3114,855,6.6796875e-05,1,3444
451,855,6.6796875e-05,1,3472
4134,855,6.6796875e-05,1,3441
7689,855,6.6796875e-05,1,3442
11305,855,6.6796875e-05,1,3456
12776,855,6.6796875e-05,1,3455
2927,854,6.671875e-05,1,3512
12659,854,6.671875e-05,1,3495
3129,854,6.671875e-05,1,3515
3413,854,6.671875e-05,1,3511
12662,854,6.671875e-05,1,3489
1849,854,6.671875e-05,1,3486
12078,854,6.671875e-05,1,3503
10057,854,6.671875e-05,1,3481
3941,854,6.671875e-05,1,3480
4031,854,6.671875e-05,1,3493
1096,854,6.671875e-05,1,3513
16196,854,6.671875e-05,1,3484
4813,854,6.671875e-05,1,3477
13950,854,6.671875e-05,1,3494
1441,854,6.671875e-05,1,3490
11360,854,6.671875e-05,1,3483
5235,854,6.671875e-05,1,3487
4598,854,6.671875e-05,1,3482
4192,854,6.671875e-05,1,3514
15116,854,6.671875e-05,1,3498
3372,854,6.671875e-05,1,3505
11171,854,6.671875e-05,1,3475
6518,854,6.671875e-05,1,3485
15866,854,6.671875e-05,1,3488
10663,854,6.671875e-05,1,3491
12754,854,6.671875e-05,1,3500
8996,854,6.671875e-05,1,3492
12573,854,6.671875e-05,1,3478
11812,854,6.671875e-05,1,3509
10257,854,6.671875e-05,1,3496
2398,854,6.671875e-05,1,3502
11934,854,6.671875e-05,1,3501
11423,854,6.671875e-05,1,3506
7097,854,6.671875e-05,1,3474
3439,854,6.671875e-05,1,3508
11849,854,6.671875e-05,1,3476
1276,854,6.671875e-05,1,3497
4481,854,6.671875e-05,1,3516
12981,854,6.671875e-05,1,3479
476,854,6.671875e-05,1,3504
9707,854,6.671875e-05,1,3510
11993,854,6.671875e-05,1,3499
9202,854,6.671875e-05,1,3507
651,854,6.671875e-05,1,3473
15615,853,6.6640625e-05,1,3534
7009,853,6.6640625e-05,1,3560
1822,853,6.6640625e-05,1,3567
6919,853,6.6640625e-05,1,3566
1933,853,6.6640625e-05,1,3559
12882,853,6.6640625e-05,1,3556
10424,853,6.6640625e-05,1,3520
11263,853,6.6640625e-05,1,3538
12069,853,6.6640625e-05,1,3529
1818,853,6.6640625e-05,1,3569
4263,853,6.6640625e-05,1,3549
15211,853,6.6640625e-05,1,3517
14246,853,6.6640625e-05,1,3544
3561,853,6.6640625e-05,1,3522
15304,853,6.6640625e-05,1,3557
7532,853,6.6640625e-05,1,3570
5852,853,6.6640625e-05,1,3562
12942,853,6.6640625e-05,1,3551
7501,853,6.6640625e-05,1,3550
10636,853,6.6640625e-05,1,3530
14193,853,6.6640625e-05,1,3526
14202,853,6.6640625e-05,1,3523
3740,853,6.6640625e-05,1,3547
11712,853,6.6640625e-05,1,3539
12327,853,6.6640625e-05,1,3540
6539,853,6.6640625e-05,1,3524
13769,853,6.6640625e-05,1,3542
5399,853,6.6640625e-05,1,3541
4106,853,6.6640625e-05,1,3552
548,853,6.6640625e-05,1,3564
8095,853,6.6640625e-05,1,3561
1641,853,6.6640625e-05,1,3527
5669,853,6.6640625e-05,1,3555
13654,853,6.6640625e-05,1,3519
5376,853,6.6640625e-05,1,3545
14906,853,6.6640625e-05,1,3563
14522,853,6.6640625e-05,1,3568
296,853,6.6640625e-05,1,3536
2460,853,6.6640625e-05,1,3543
1692,853,6.6640625e-05,1,3548
4555,853,6.6640625e-05,1,3558
4008,853,6.6640625e-05,1,3531
4907,853,6.6640625e-05,1,3521
10169,853,6.6640625e-05,1,3553
8941,853,6.6640625e-05,1,3533
15885,853,6.6640625e-05,1,3565
4228,853,6.6640625e-05,1,3528
12535,853,6.6640625e-05,1,3518
4230,853,6.6640625e-05,1,3535
13371,853,6.6640625e-05,1,3572
12045,853,6.6640625e-05,1,3525
2053,853,6.6640625e-05,1,3537
4158,853,6.6640625e-05,1,3546
7170,853,6.6640625e-05,1,3554
4705,853,6.6640625e-05,1,3532
5968,853,6.6640625e-05,1,3571
12717,852,6.65625e-05,1,3604
5544,852,6.65625e-05,1,3615
6967,852,6.65625e-05,1,3599
3420,852,6.65625e-05,1,3596
12227,852,6.65625e-05,1,3575
10175,852,6.65625e-05,1,3573
16149,852,6.65625e-05,1,3603
440,852,6.65625e-05,1,3610
3433,852,6.65625e-05,1,3601
10196,852,6.65625e-05,1,3582
9332,852,6.65625e-05,1,3578
11907,852,6.65625e-05,1,3611
864,852,6.65625e-05,1,3606
8224,852,6.65625e-05,1,3593
10157,852,6.65625e-05,1,3602
15419,852,6.65625e-05,1,3600
1241,852,6.65625e-05,1,3609
8331,852,6.65625e-05,1,3580
11607,852,6.65625e-05,1,3586
4278,852,6.65625e-05,1,3576
2081,852,6.65625e-05,1,3577
12496,852,6.65625e-05,1,3579
4183,852,6.65625e-05,1,3583
15147,852,6.65625e-05,1,3587
8297,852,6.65625e-05,1,3605
7470,852,6.65625e-05,1,3614
14719,852,6.65625e-05,1,3597
10590,852,6.65625e-05,1,3581
7321,852,6.65625e-05,1,3590
1005,852,6.65625e-05,1,3595
7100,852,6.65625e-05,1,3612
11043,852,6.65625e-05,1,3574
1885,852,6.65625e-05,1,3594
15998,852,6.65625e-05,1,3589
2836,852,6.65625e-05,1,3607
9131,852,6.65625e-05,1,3616
1178,852,6.65625e-05,1,3618
15632,852,6.65625e-05,1,3617
11407,852,6.65625e-05,1,3585
12162,852,6.65625e-05,1,3588
6734,852,6.65625e-05,1,3613
13750,852,6.65625e-05,1,3598
9925,852,6.65625e-05,1,3584
16065,852,6.65625e-05,1,3591
9768,852,6.65625e-05,1,3608
4203,852,6.65625e-05,1,3592
430,851,6.6484375e-05,1,3626
2088,851,6.6484375e-05,1,3625
7200,851,6.6484375e-05,1,3645
5939,851,6.6484375e-05,1,3641
8925,851,6.6484375e-05,1,3660
10309,851,6.6484375e-05,1,3646
10314,851,6.6484375e-05,1,3648
3176,851,6.6484375e-05,1,3643
15983,851,6.6484375e-05,1,3631
3785,851,6.6484375e-05,1,3655
415,851,6.6484375e-05,1,3649
10378,851,6.6484375e-05,1,3622
2885,851,6.6484375e-05,1,3619
1854,851,6.6484375e-05,1,3652
13703,851,6.6484375e-05,1,3638
14767,851,6.6484375e-05,1,3640
1374,851,6.6484375e-05,1,3661
15023,851,6.6484375e-05,1,3642
13807,851,6.6484375e-05,1,3633
6256,851,6.6484375e-05,1,3635
15054,851,6.6484375e-05,1,3650
15291,851,6.6484375e-05,1,3637
5930,851,6.6484375e-05,1,3651
3151,851,6.6484375e-05,1,3653
5904,851,6.6484375e-05,1,3659
12072,851,6.6484375e-05,1,3639
10511,851,6.6484375e-05,1,3630
1722,851,6.6484375e-05,1,3627
1272,851,6.6484375e-05,1,3632
11384,851,6.6484375e-05,1,3624
6431,851,6.6484375e-05,1,3658
9122,851,6.6484375e-05,1,3634
11846,851,6.6484375e-05,1,3654
10540,851,6.6484375e-05,1,3621
2494,851,6.6484375e-05,1,3628
13211,851,6.6484375e-05,1,3644
8418,851,6.6484375e-05,1,3620
12477,851,6.6484375e-05,1,3636
8533,851,6.6484375e-05,1,3656
4722,851,6.6484375e-05,1,3647
14847,851,6.6484375e-05,1,3623
2972,851,6.6484375e-05,1,3629
8167,851,6.6484375e-05,1,3662
2434,851,6.6484375e-05,1,3657
12055,850,6.640625e-05,1,3690
2094,850,6.640625e-05,1,3695
15250,850,6.640625e-05,1,3683
12854,850,6.640625e-05,1,3669
1016,850,6.640625e-05,1,3713
8471,850,6.640625e-05,1,3685
8447,850,6.640625e-05,1,3665
6893,850,6.640625e-05,1,3691
8421,850,6.640625e-05,1,3694
6931,850,6.640625e-05,1,3666
3062,850,6.640625e-05,1,3684
12849,850,6.640625e-05,1,3676
3417,850,6.640625e-05,1,3670
8263,850,6.640625e-05,1,3686
15631,850,6.640625e-05,1,3668
12738,850,6.640625e-05,1,3689
574,850,6.640625e-05,1,3710
7268,850,6.640625e-05,1,3675
7945,850,6.640625e-05,1,3707
15886,850,6.640625e-05,1,3711
10438,850,6.640625e-05,1,3672
13067,850,6.640625e-05,1,3673
1106,850,6.640625e-05,1,3681
15007,850,6.640625e-05,1,3705
13844,850,6.640625e-05,1,3709
1995,850,6.640625e-05,1,3704
9773,850,6.640625e-05,1,3664
1915,850,6.640625e-05,1,3663
6103,850,6.640625e-05,1,3680
1852,850,6.640625e-05,1,3682
6220,850,6.640625e-05,1,3699
6229,850,6.640625e-05,1,3702
2381,850,6.640625e-05,1,3677
14534,850,6.640625e-05,1,3679
1391,850,6.640625e-05,1,3706
5469,850,6.640625e-05,1,3701
6567,850,6.640625e-05,1,3698
5439,850,6.640625e-05,1,3697
2783,850,6.640625e-05,1,3667
15913,850,6.640625e-05,1,3712
2190,850,6.640625e-05,1,3674
7505,850,6.640625e-05,1,3671
12290,850,6.640625e-05,1,3693
12309,850,6.640625e-05,1,3696
7697,850,6.640625e-05,1,3700
10967,850,6.640625e-05,1,3687
3488,850,6.640625e-05,1,3688
7672,850,6.640625e-05,1,3708
4697,850,6.640625e-05,1,3703
7590,850,6.640625e-05,1,3678
3472,850,6.640625e-05,1,3692
8389,849,6.6328125e-05,1,3718
15423,849,6.6328125e-05,1,3716
925,849,6.6328125e-05,1,3720
6732,849,6.6328125e-05,1,3756
8281,849,6.6328125e-05,1,3714
8502,849,6.6328125e-05,1,3717
2923,849,6.6328125e-05,1,3721
2915,849,6.6328125e-05,1,3723
1082,849,6.6328125e-05,1,3752
13104,849,6.6328125e-05,1,3754
3090,849,6.6328125e-05,1,3739
4701,849,6.6328125e-05,1,3729
10923,849,6.6328125e-05,1,3758
8808,849,6.6328125e-05,1,3750
1189,849,6.6328125e-05,1,3730
13569,849,6.6328125e-05,1,3743
9742,849,6.6328125e-05,1,3732
16369,849,6.6328125e-05,1,3727
5780,849,6.6328125e-05,1,3738
13762,849,6.6328125e-05,1,3740
7640,849,6.6328125e-05,1,3753
3955,849,6.6328125e-05,1,3745
2439,849,6.6328125e-05,1,3751
1566,849,6.6328125e-05,1,3741
10230,849,6.6328125e-05,1,3755
9002,849,6.6328125e-05,1,3749
3829,849,6.6328125e-05,1,3715
1491,849,6.6328125e-05,1,3722
1440,849,6.6328125e-05,1,3734
7683,849,6.6328125e-05,1,3757
1381,849,6.6328125e-05,1,3728
12748,849,6.6328125e-05,1,3735
12763,849,6.6328125e-05,1,3725
9342,849,6.6328125e-05,1,3736
12450,849,6.6328125e-05,1,3737
15776,849,6.6328125e-05,1,3747
3720,849,6.6328125e-05,1,3744
11667,849,6.6328125e-05,1,3746
12159,849,6.6328125e-05,1,3742
576,849,6.6328125e-05,1,3726
234,849,6.6328125e-05,1,3731
3198,849,6.6328125e-05,1,3724
12658,849,6.6328125e-05,1,3719
11194,849,6.6328125e-05,1,3733
7151,849,6.6328125e-05,1,3748
1132,848,6.625e-05,1,3769
2788,848,6.625e-05,1,3779
11490,848,6.625e-05,1,3785
3295,848,6.625e-05,1,3770
8007,848,6.625e-05,1,3765
10114,848,6.625e-05,1,3798
8053,848,6.625e-05,1,3800
5276,848,6.625e-05,1,3790
11447,848,6.625e-05,1,3766
11511,848,6.625e-05,1,3805
16285,848,6.625e-05,1,3803
6457,848,6.625e-05,1,3763
4333,848,6.625e-05,1,3788
4229,848,6.625e-05,1,3784
7216,848,6.625e-05,1,3764
4595,848,6.625e-05,1,3768
9621,848,6.625e-05,1,3777
7798,848,6.625e-05,1,3801
9743,848,6.625e-05,1,3761
14133,848,6.625e-05,1,3789
5741,848,6.625e-05,1,3767
3603,848,6.625e-05,1,3759
316,848,6.625e-05,1,3771
5701,848,6.625e-05,1,3797
6253,848,6.625e-05,1,3780
14352,848,6.625e-05,1,3792
11970,848,6.625e-05,1,3787
3357,848,6.625e-05,1,3762
7944,848,6.625e-05,1,3773
5576,848,6.625e-05,1,3772
4567,848,6.625e-05,1,3775
10404,848,6.625e-05,1,3802
2940,848,6.625e-05,1,3799
11028,848,6.625e-05,1,3774
4534,848,6.625e-05,1,3796
1000,848,6.625e-05,1,3782
8139,848,6.625e-05,1,3804
8245,848,6.625e-05,1,3781
972,848,6.625e-05,1,3783
11636,848,6.625e-05,1,3786
3465,848,6.625e-05,1,3795
556,848,6.625e-05,1,3778
3756,848,6.625e-05,1,3794
4287,848,6.625e-05,1,3760
10665,848,6.625e-05,1,3791
16150,848,6.625e-05,1,3793
3112,848,6.625e-05,1,3776
6037,847,6.6171875e-05,1,3841
12466,847,6.6171875e-05,1,3816
9006,847,6.6171875e-05,1,3819
13519,847,6.6171875e-05,1,3832
7872,847,6.6171875e-05,1,3822
883,847,6.6171875e-05,1,3844
15133,847,6.6171875e-05,1,3829
1028,847,6.6171875e-05,1,3820
48,847,6.6171875e-05,1,3810
11088,847,6.6171875e-05,1,3821
4643,847,6.6171875e-05,1,3846
11972,847,6.6171875e-05,1,3835
10602,847,6.6171875e-05,1,3828
5659,847,6.6171875e-05,1,3834
14171,847,6.6171875e-05,1,3818
14362,847,6.6171875e-05,1,3806
12866,847,6.6171875e-05,1,3808
14333,847,6.6171875e-05,1,3815
14215,847,6.6171875e-05,1,3814
126,847,6.6171875e-05,1,3838
12627,847,6.6171875e-05,1,3843
9683,847,6.6171875e-05,1,3807
1405,847,6.6171875e-05,1,3830
13019,847,6.6171875e-05,1,3809
10462,847,6.6171875e-05,1,3817
512,847,6.6171875e-05,1,3836
2914,847,6.6171875e-05,1,3826
12692,847,6.6171875e-05,1,3837
13921,847,6.6171875e-05,1,3825
2925,847,6.6171875e-05,1,3827
11930,847,6.6171875e-05,1,3842
7685,847,6.6171875e-05,1,3823
8656,847,6.6171875e-05,1,3831
10634,847,6.6171875e-05,1,3812
13261,847,6.6171875e-05,1,3845
6692,847,6.6171875e-05,1,3833
11193,847,6.6171875e-05,1,3847
8149,847,6.6171875e-05,1,3840
8240,847,6.6171875e-05,1,3813
13347,847,6.6171875e-05,1,3839
8465,847,6.6171875e-05,1,3811
8871,847,6.6171875e-05,1,3824
314,846,6.609375e-05,1,3872
1899,846,6.609375e-05,1,3888
9618,846,6.609375e-05,1,3864
2036,846,6.609375e-05,1,3878
14019,846,6.609375e-05,1,3896
9654,846,6.609375e-05,1,3849
14023,846,6.609375e-05,1,3895
1814,846,6.609375e-05,1,3890
1571,846,6.609375e-05,1,3876
16177,846,6.609375e-05,1,3901
7370,846,6.609375e-05,1,3848
15148,846,6.609375e-05,1,3893
493,846,6.609375e-05,1,3885
8036,846,6.609375e-05,1,3863
8649,846,6.609375e-05,1,3866
8010,846,6.609375e-05,1,3860
1287,846,6.609375e-05,1,3903
4174,846,6.609375e-05,1,3861
55,846,6.609375e-05,1,3897
8477,846,6.609375e-05,1,3856
3992,846,6.609375e-05,1,3851
407,846,6.609375e-05,1,3880
8128,846,6.609375e-05,1,3859
8134,846,6.609375e-05,1,3855
11424,846,6.609375e-05,1,3886
6396,846,6.609375e-05,1,3865
4162,846,6.609375e-05,1,3854
14547,846,6.609375e-05,1,3871
6934,846,6.609375e-05,1,3853
14519,846,6.609375e-05,1,3879
14483,846,6.609375e-05,1,3899
1620,846,6.609375e-05,1,3881
7744,846,6.609375e-05,1,3850
214,846,6.609375e-05,1,3904
607,846,6.609375e-05,1,3889
4590,846,6.609375e-05,1,3858
9871,846,6.609375e-05,1,3862
2961,846,6.609375e-05,1,3900
11955,846,6.609375e-05,1,3870
2301,846,6.609375e-05,1,3898
3485,846,6.609375e-05,1,3905
12845,846,6.609375e-05,1,3869
10469,846,6.609375e-05,1,3873
2443,846,6.609375e-05,1,3902
12883,846,6.609375e-05,1,3868
13000,846,6.609375e-05,1,3891
10834,846,6.609375e-05,1,3906
13550,846,6.609375e-05,1,3883
12168,846,6.609375e-05,1,3887
3771,846,6.609375e-05,1,3877
13526,846,6.609375e-05,1,3884
13069,846,6.609375e-05,1,3882
3182,846,6.609375e-05,1,3867
3218,846,6.609375e-05,1,3874
2196,846,6.609375e-05,1,3892
5306,846,6.609375e-05,1,3852
10033,846,6.609375e-05,1,3857
12724,846,6.609375e-05,1,3894
10974,846,6.609375e-05,1,3875
9267,845,6.6015625e-05,1,3920
8573,845,6.6015625e-05,1,3932
7378,845,6.6015625e-05,1,3925
1144,845,6.6015625e-05,1,3927
4304,845,6.6015625e-05,1,3935
14336,845,6.6015625e-05,1,3924
10895,845,6.6015625e-05,1,3910
3376,845,6.6015625e-05,1,3919
1187,845,6.6015625e-05,1,3907
6285,845,6.6015625e-05,1,3934
4932,845,6.6015625e-05,1,3939
9193,845,6.6015625e-05,1,3908
404,845,6.6015625e-05,1,3936
4128,845,6.6015625e-05,1,3945
6656,845,6.6015625e-05,1,3931
8755,845,6.6015625e-05,1,3950
12640,845,6.6015625e-05,1,3942
5541,845,6.6015625e-05,1,3909
10745,845,6.6015625e-05,1,3913
4257,845,6.6015625e-05,1,3947
5019,845,6.6015625e-05,1,3946
11374,845,6.6015625e-05,1,3940
11611,845,6.6015625e-05,1,3917
8110,845,6.6015625e-05,1,3914
16339,845,6.6015625e-05,1,3949
11947,845,6.6015625e-05,1,3915
8409,845,6.6015625e-05,1,3944
9764,845,6.6015625e-05,1,3933
14062,845,6.6015625e-05,1,3911
10987,845,6.6015625e-05,1,3916
16192,845,6.6015625e-05,1,3938
10981,845,6.6015625e-05,1,3926
6863,845,6.6015625e-05,1,3941
51,845,6.6015625e-05,1,3943
11049,845,6.6015625e-05,1,3937
2019,845,6.6015625e-05,1,3929
5222,845,6.6015625e-05,1,3948
14029,845,6.6015625e-05,1,3912
14169,845,6.6015625e-05,1,3928
10558,845,6.6015625e-05,1,3930
13723,845,6.6015625e-05,1,3923
2979,845,6.6015625e-05,1,3918
7857,845,6.6015625e-05,1,3922
14210,845,6.6015625e-05,1,3921
12745,844,6.59375e-05,1,3952
1273,844,6.59375e-05,1,3958
559,844,6.59375e-05,1,3977
940,844,6.59375e-05,1,3976
1500,844,6.59375e-05,1,3956
1300,844,6.59375e-05,1,3960
1463,844,6.59375e-05,1,3961
2968,844,6.59375e-05,1,3957
5499,844,6.59375e-05,1,3962
4474,844,6.59375e-05,1,3954
15752,844,6.59375e-05,1,3970
2546,844,6.59375e-05,1,3973
16306,844,6.59375e-05,1,3963
1816,844,6.59375e-05,1,3971
9895,844,6.59375e-05,1,3968
12404,844,6.59375e-05,1,3951
8354,844,6.59375e-05,1,3972
5455,844,6.59375e-05,1,3966
14160,844,6.59375e-05,1,3964
9873,844,6.59375e-05,1,3974
8175,844,6.59375e-05,1,3955
9980,844,6.59375e-05,1,3959
10969,844,6.59375e-05,1,3967
1997,844,6.59375e-05,1,3975
8706,844,6.59375e-05,1,3965
1634,844,6.59375e-05,1,3969
11475,844,6.59375e-05,1,3953
3004,843,6.5859375e-05,1,4010
8115,843,6.5859375e-05,1,4005
6978,843,6.5859375e-05,1,4015
11501,843,6.5859375e-05,1,4018
1338,843,6.5859375e-05,1,4006
9692,843,6.5859375e-05,1,4025
4080,843,6.5859375e-05,1,3988
12041,843,6.5859375e-05,1,3991
10639,843,6.5859375e-05,1,3993
4001,843,6.5859375e-05,1,4007
7147,843,6.5859375e-05,1,4022
13274,843,6.5859375e-05,1,3982
3133,843,6.5859375e-05,1,4011
4009,843,6.5859375e-05,1,3986
5349,843,6.5859375e-05,1,3996
6712,843,6.5859375e-05,1,4024
8794,843,6.5859375e-05,1,4003
2930,843,6.5859375e-05,1,4027
9011,843,6.5859375e-05,1,3994
5148,843,6.5859375e-05,1,4004
2406,843,6.5859375e-05,1,3987
1657,843,6.5859375e-05,1,3990
3948,843,6.5859375e-05,1,4020
4791,843,6.5859375e-05,1,3989
15949,843,6.5859375e-05,1,4028
3389,843,6.5859375e-05,1,4017
1749,843,6.5859375e-05,1,3978
5693,843,6.5859375e-05,1,4023
15963,843,6.5859375e-05,1,4029
10918,843,6.5859375e-05,1,4002
270,843,6.5859375e-05,1,4026
7844,843,6.5859375e-05,1,4001
11377,843,6.5859375e-05,1,4009
1848,843,6.5859375e-05,1,3985
13712,843,6.5859375e-05,1,4000
14230,843,6.5859375e-05,1,4031
13659,843,6.5859375e-05,1,3997
13802,843,6.5859375e-05,1,3992
4593,843,6.5859375e-05,1,3995
12191,843,6.5859375e-05,1,3984
11439,843,6.5859375e-05,1,4013
11630,843,6.5859375e-05,1,4008
1480,843,6.5859375e-05,1,3998
5962,843,6.5859375e-05,1,4016
12291,843,6.5859375e-05,1,3979
7252,843,6.5859375e-05,1,4021
5578,843,6.5859375e-05,1,4030
12244,843,6.5859375e-05,1,3980
14555,843,6.5859375e-05,1,4014
6017,843,6.5859375e-05,1,4012
1568,843,6.5859375e-05,1,3981
4956,843,6.5859375e-05,1,3999
7279,843,6.5859375e-05,1,4019
3553,843,6.5859375e-05,1,3983
3558,842,6.578125e-05,1,4076
8396,842,6.578125e-05,1,4056
5109,842,6.578125e-05,1,4058
112,842,6.578125e-05,1,4040
12889,842,6.578125e-05,1,4055
12154,842,6.578125e-05,1,4072
10674,842,6.578125e-05,1,4075
12839,842,6.578125e-05,1,4053
677,842,6.578125e-05,1,4045
4251,842,6.578125e-05,1,4074
7188,842,6.578125e-05,1,4052
528,842,6.578125e-05,1,4050
5006,842,6.578125e-05,1,4051
12721,842,6.578125e-05,1,4048
4998,842,6.578125e-05,1,4049
4547,842,6.578125e-05,1,4061
4236,842,6.578125e-05,1,4034
8147,842,6.578125e-05,1,4042
7297,842,6.578125e-05,1,4069
3289,842,6.578125e-05,1,4037
4265,842,6.578125e-05,1,4032
4871,842,6.578125e-05,1,4059
7182,842,6.578125e-05,1,4041
4807,842,6.578125e-05,1,4057
8186,842,6.578125e-05,1,4046
5869,842,6.578125e-05,1,4038
14975,842,6.578125e-05,1,4036
14263,842,6.578125e-05,1,4065
5517,842,6.578125e-05,1,4071
14768,842,6.578125e-05,1,4067
14700,842,6.578125e-05,1,4060
3978,842,6.578125e-05,1,4070
11994,842,6.578125e-05,1,4078
14783,842,6.578125e-05,1,4068
1340,842,6.578125e-05,1,4039
9208,842,6.578125e-05,1,4062
13299,842,6.578125e-05,1,4047
5416,842,6.578125e-05,1,4063
14353,842,6.578125e-05,1,4066
1767,842,6.578125e-05,1,4033
13385,842,6.578125e-05,1,4043
10419,842,6.578125e-05,1,4073
9693,842,6.578125e-05,1,4077
2111,842,6.578125e-05,1,4044
4444,842,6.578125e-05,1,4035
4039,842,6.578125e-05,1,4064
3907,842,6.578125e-05,1,4054
9439,841,6.5703125e-05,1,4113
9929,841,6.5703125e-05,1,4092
1685,841,6.5703125e-05,1,4103
14448,841,6.5703125e-05,1,4115
459,841,6.5703125e-05,1,4123
9995,841,6.5703125e-05,1,4079
12175,841,6.5703125e-05,1,4101
7259,841,6.5703125e-05,1,4104
13824,841,6.5703125e-05,1,4120
11060,841,6.5703125e-05,1,4096
2153,841,6.5703125e-05,1,4082
9679,841,6.5703125e-05,1,4119
10802,841,6.5703125e-05,1,4088
383,841,6.5703125e-05,1,4084
12347,841,6.5703125e-05,1,4100
16178,841,6.5703125e-05,1,4093
3351,841,6.5703125e-05,1,4081
15882,841,6.5703125e-05,1,4080
6269,841,6.5703125e-05,1,4091
6266,841,6.5703125e-05,1,4090
4452,841,6.5703125e-05,1,4110
13404,841,6.5703125e-05,1,4114
4382,841,6.5703125e-05,1,4109
9839,841,6.5703125e-05,1,4108
6079,841,6.5703125e-05,1,4124
7853,841,6.5703125e-05,1,4112
3859,841,6.5703125e-05,1,4122
5767,841,6.5703125e-05,1,4107
4768,841,6.5703125e-05,1,4118
923,841,6.5703125e-05,1,4085
3264,841,6.5703125e-05,1,4087
6574,841,6.5703125e-05,1,4089
13239,841,6.5703125e-05,1,4111
6635,841,6.5703125e-05,1,4097
6819,841,6.5703125e-05,1,4099
2611,841,6.5703125e-05,1,4116
1089,841,6.5703125e-05,1,4117
13070,841,6.5703125e-05,1,4121
11694,841,6.5703125e-05,1,4086
14957,841,6.5703125e-05,1,4102
10135,841,6.5703125e-05,1,4083
8406,841,6.5703125e-05,1,4098
11515,841,6.5703125e-05,1,4105
7051,841,6.5703125e-05,1,4106
10553,841,6.5703125e-05,1,4094
4543,841,6.5703125e-05,1,4095
231,840,6.5625e-05,1,4142
8259,840,6.5625e-05,1,4164
1962,840,6.5625e-05,1,4168
9809,840,6.5625e-05,1,4162
14179,840,6.5625e-05,1,4167
6128,840,6.5625e-05,1,4140
1943,840,6.5625e-05,1,4155
11688,840,6.5625e-05,1,4128
2863,840,6.5625e-05,1,4127
3871,840,6.5625e-05,1,4161
84,840,6.5625e-05,1,4136
2326,840,6.5625e-05,1,4156
13959,840,6.5625e-05,1,4144
9597,840,6.5625e-05,1,4131
5932,840,6.5625e-05,1,4166
10549,840,6.5625e-05,1,4151
1007,840,6.5625e-05,1,4139
12961,840,6.5625e-05,1,4163
7667,840,6.5625e-05,1,4149
3015,840,6.5625e-05,1,4126
5169,840,6.5625e-05,1,4169
3,840,6.5625e-05,1,4158
10621,840,6.5625e-05,1,4147
8545,840,6.5625e-05,1,4159
3738,840,6.5625e-05,1,4165
15298,840,6.5625e-05,1,4160
9986,840,6.5625e-05,1,4146
8013,840,6.5625e-05,1,4138
9120,840,6.5625e-05,1,4130
5655,840,6.5625e-05,1,4145
14442,840,6.5625e-05,1,4143
15580,840,6.5625e-05,1,4134
11824,840,6.5625e-05,1,4125
8021,840,6.5625e-05,1,4137
1315,840,6.5625e-05,1,4150
8104,840,6.5625e-05,1,4154
7122,840,6.5625e-05,1,4153
3262,840,6.5625e-05,1,4129
7880,840,6.5625e-05,1,4141
1410,840,6.5625e-05,1,4148
2719,840,6.5625e-05,1,4132
10330,840,6.5625e-05,1,4135
5317,840,6.5625e-05,1,4133
1772,840,6.5625e-05,1,4152
10381,840,6.5625e-05,1,4157
10547,839,6.5546875e-05,1,4195
11337,839,6.5546875e-05,1,4182
7569,839,6.5546875e-05,1,4176
6450,839,6.5546875e-05,1,4190
4248,839,6.5546875e-05,1,4184
6456,839,6.5546875e-05,1,4194
8869,839,6.5546875e-05,1,4193
11042,839,6.5546875e-05,1,4197
5806,839,6.5546875e-05,1,4174
8843,839,6.5546875e-05,1,4191
6822,839,6.5546875e-05,1,4202
11459,839,6.5546875e-05,1,4178
8770,839,6.5546875e-05,1,4188
4417,839,6.5546875e-05,1,4173
11573,839,6.5546875e-05,1,4177
7758,839,6.5546875e-05,1,4185
4772,839,6.5546875e-05,1,4192
7874,839,6.5546875e-05,1,4203
7382,839,6.5546875e-05,1,4183
12037,839,6.5546875e-05,1,4199
12465,839,6.5546875e-05,1,4186
1754,839,6.5546875e-05,1,4196
14531,839,6.5546875e-05,1,4172
13811,839,6.5546875e-05,1,4201
2274,839,6.5546875e-05,1,4187
14905,839,6.5546875e-05,1,4175
3189,839,6.5546875e-05,1,4180
15351,839,6.5546875e-05,1,4179
1969,839,6.5546875e-05,1,4189
1473,839,6.5546875e-05,1,4205
3343,839,6.5546875e-05,1,4200
12117,839,6.5546875e-05,1,4204
987,839,6.5546875e-05,1,4171
236,839,6.5546875e-05,1,4198
14746,839,6.5546875e-05,1,4170
14950,839,6.5546875e-05,1,4181
2100,838,6.546875e-05,1,4220
10173,838,6.546875e-05,1,4248
12667,838,6.546875e-05,1,4218
6942,838,6.546875e-05,1,4217
9552,838,6.546875e-05,1,4207
7115,838,6.546875e-05,1,4239
11225,838,6.546875e-05,1,4206
2512,838,6.546875e-05,1,4221
10703,838,6.546875e-05,1,4246
5902,838,6.546875e-05,1,4238
3858,838,6.546875e-05,1,4243
12689,838,6.546875e-05,1,4219
9676,838,6.546875e-05,1,4249
6113,838,6.546875e-05,1,4210
3188,838,6.546875e-05,1,4212
3185,838,6.546875e-05,1,4211
13743,838,6.546875e-05,1,4226
2332,838,6.546875e-05,1,4233
11832,838,6.546875e-05,1,4230
9869,838,6.546875e-05,1,4247
7480,838,6.546875e-05,1,4242
10053,838,6.546875e-05,1,4244
11507,838,6.546875e-05,1,4240
13501,838,6.546875e-05,1,4224
16325,838,6.546875e-05,1,4208
5407,838,6.546875e-05,1,4227
1689,838,6.546875e-05,1,4225
1454,838,6.546875e-05,1,4231
14640,838,6.546875e-05,1,4235
12220,838,6.546875e-05,1,4222
1759,838,6.546875e-05,1,4223
10364,838,6.546875e-05,1,4245
1163,838,6.546875e-05,1,4234
6852,838,6.546875e-05,1,4241
8642,838,6.546875e-05,1,4216
6179,838,6.546875e-05,1,4214
4622,838,6.546875e-05,1,4228
11168,838,6.546875e-05,1,4215
11182,838,6.546875e-05,1,4213
9086,838,6.546875e-05,1,4229
6612,838,6.546875e-05,1,4209
9355,838,6.546875e-05,1,4237
14912,838,6.546875e-05,1,4236
7621,838,6.546875e-05,1,4232
1471,837,6.5390625e-05,1,4292
1857,837,6.5390625e-05,1,4277
15926,837,6.5390625e-05,1,4273
11850,837,6.5390625e-05,1,4281
5094,837,6.5390625e-05,1,4286
16006,837,6.5390625e-05,1,4271
13657,837,6.5390625e-05,1,4293
10551,837,6.5390625e-05,1,4283
4319,837,6.5390625e-05,1,4267
16032,837,6.5390625e-05,1,4270
12923,837,6.5390625e-05,1,4287
11502,837,6.5390625e-05,1,4272
12372,837,6.5390625e-05,1,4260
14848,837,6.5390625e-05,1,4254
2483,837,6.5390625e-05,1,4285
3957,837,6.5390625e-05,1,4258
14504,837,6.5390625e-05,1,4259
9013,837,6.5390625e-05,1,4250
8301,837,6.5390625e-05,1,4295
6112,837,6.5390625e-05,1,4282
911,837,6.5390625e-05,1,4253
906,837,6.5390625e-05,1,4252
9465,837,6.5390625e-05,1,4269
8547,837,6.5390625e-05,1,4288
9297,837,6.5390625e-05,1,4276
6954,837,6.5390625e-05,1,4279
827,837,6.5390625e-05,1,4256
9588,837,6.5390625e-05,1,4263
11388,837,6.5390625e-05,1,4268
14369,837,6.5390625e-05,1,4261
9221,837,6.5390625e-05,1,4278
5004,837,6.5390625e-05,1,4289
625,837,6.5390625e-05,1,4280
8653,837,6.5390625e-05,1,4262
12252,837,6.5390625e-05,1,4264
6687,837,6.5390625e-05,1,4275
11890,837,6.5390625e-05,1,4274
5568,837,6.5390625e-05,1,4298
1359,837,6.5390625e-05,1,4297
13348,837,6.5390625e-05,1,4290
5196,837,6.5390625e-05,1,4284
7656,837,6.5390625e-05,1,4296
7739,837,6.5390625e-05,1,4299
16311,837,6.5390625e-05,1,4265
2684,837,6.5390625e-05,1,4251
10045,837,6.5390625e-05,1,4255
14,837,6.5390625e-05,1,4291
7693,837,6.5390625e-05,1,4294
4152,837,6.5390625e-05,1,4257
2748,837,6.5390625e-05,1,4266
5473,836,6.53125e-05,1,4343
14997,836,6.53125e-05,1,4341
4426,836,6.53125e-05,1,4309
45,836,6.53125e-05,1,4350
12431,836,6.53125e-05,1,4323
3166,836,6.53125e-05,1,4347
3440,836,6.53125e-05,1,4339
7705,836,6.53125e-05,1,4326
7973,836,6.53125e-05,1,4305
2621,836,6.53125e-05,1,4335
6392,836,6.53125e-05,1,4349
4414,836,6.53125e-05,1,4311
14966,836,6.53125e-05,1,4340
2894,836,6.53125e-05,1,4303
7908,836,6.53125e-05,1,4300
5050,836,6.53125e-05,1,4304
361,836,6.53125e-05,1,4308
3605,836,6.53125e-05,1,4338
8539,836,6.53125e-05,1,4342
7187,836,6.53125e-05,1,4337
7669,836,6.53125e-05,1,4318
2267,836,6.53125e-05,1,4329
12542,836,6.53125e-05,1,4321
11153,836,6.53125e-05,1,4348
15108,836,6.53125e-05,1,4317
9053,836,6.53125e-05,1,4319
9903,836,6.53125e-05,1,4330
5137,836,6.53125e-05,1,4312
4713,836,6.53125e-05,1,4334
2919,836,6.53125e-05,1,4316
3775,836,6.53125e-05,1,4307
10383,836,6.53125e-05,1,4301
3302,836,6.53125e-05,1,4345
13110,836,6.53125e-05,1,4314
10605,836,6.53125e-05,1,4336
8244,836,6.53125e-05,1,4315
16055,836,6.53125e-05,1,4324
10823,836,6.53125e-05,1,4306
8218,836,6.53125e-05,1,4327
7606,836,6.53125e-05,1,4320
8214,836,6.53125e-05,1,4313
12412,836,6.53125e-05,1,4325
10844,836,6.53125e-05,1,4328
12684,836,6.53125e-05,1,4331
13891,836,6.53125e-05,1,4302
3710,836,6.53125e-05,1,4333
10713,836,6.53125e-05,1,4310
12522,836,6.53125e-05,1,4322
3221,836,6.53125e-05,1,4346
3845,836,6.53125e-05,1,4351
12216,836,6.53125e-05,1,4332
9843,836,6.53125e-05,1,4344
478,835,6.5234375e-05,1,4375
1794,835,6.5234375e-05,1,4373
8026,835,6.5234375e-05,1,4378
16245,835,6.5234375e-05,1,4362
16361,835,6.5234375e-05,1,4355
15740,835,6.5234375e-05,1,4372
7227,835,6.5234375e-05,1,4358
7219,835,6.5234375e-05,1,4357
3128,835,6.5234375e-05,1,4385
14226,835,6.5234375e-05,1,4366
9823,835,6.5234375e-05,1,4380
12696,835,6.5234375e-05,1,4370
2151,835,6.5234375e-05,1,4353
4925,835,6.5234375e-05,1,4365
1947,835,6.5234375e-05,1,4374
3741,835,6.5234375e-05,1,4387
902,835,6.5234375e-05,1,4359
9593,835,6.5234375e-05,1,4368
10779,835,6.5234375e-05,1,4388
8324,835,6.5234375e-05,1,4382
794,835,6.5234375e-05,1,4352
4145,835,6.5234375e-05,1,4371
2672,835,6.5234375e-05,1,4354
5480,835,6.5234375e-05,1,4356
2796,835,6.5234375e-05,1,4386
11540,835,6.5234375e-05,1,4383
10402,835,6.5234375e-05,1,4361
8918,835,6.5234375e-05,1,4363
2824,835,6.5234375e-05,1,4384
1407,835,6.5234375e-05,1,4369
11840,835,6.5234375e-05,1,4381
14475,835,6.5234375e-05,1,4360
13123,835,6.5234375e-05,1,4376
8622,835,6.5234375e-05,1,4367
13077,835,6.5234375e-05,1,4377
3960,835,6.5234375e-05,1,4364
11833,835,6.5234375e-05,1,4379
4328,834,6.515625e-05,1,4391
3997,834,6.515625e-05,1,4427
10828,834,6.515625e-05,1,4419
619,834,6.515625e-05,1,4406
4081,834,6.515625e-05,1,4426
11401,834,6.515625e-05,1,4424
1233,834,6.515625e-05,1,4392
12556,834,6.515625e-05,1,4428
151,834,6.515625e-05,1,4417
4904,834,6.515625e-05,1,4429
16326,834,6.515625e-05,1,4422
3692,834,6.515625e-05,1,4401
14886,834,6.515625e-05,1,4405
15273,834,6.515625e-05,1,4407
3301,834,6.515625e-05,1,4418
6941,834,6.515625e-05,1,4403
797,834,6.515625e-05,1,4396
796,834,6.515625e-05,1,4394
2040,834,6.515625e-05,1,4414
6033,834,6.515625e-05,1,4399
12342,834,6.515625e-05,1,4395
10205,834,6.515625e-05,1,4430
4721,834,6.515625e-05,1,4410
12394,834,6.515625e-05,1,4393
12937,834,6.515625e-05,1,4413
6905,834,6.515625e-05,1,4409
16270,834,6.515625e-05,1,4397
4117,834,6.515625e-05,1,4420
14879,834,6.515625e-05,1,4408
14705,834,6.515625e-05,1,4402
4654,834,6.515625e-05,1,4398
4207,834,6.515625e-05,1,4412
292,834,6.515625e-05,1,4415
15094,834,6.515625e-05,1,4404
4889,834,6.515625e-05,1,4411
10324,834,6.515625e-05,1,4425
9801,834,6.515625e-05,1,4416
11844,834,6.515625e-05,1,4389
3154,834,6.515625e-05,1,4423
3407,834,6.515625e-05,1,4390
3651,834,6.515625e-05,1,4400
5089,834,6.515625e-05,1,4421
15881,834,6.515625e-05,1,4431
13701,833,6.5078125e-05,1,4433
12303,833,6.5078125e-05,1,4457
3753,833,6.5078125e-05,1,4445
1422,833,6.5078125e-05,1,4463
6955,833,6.5078125e-05,1,4444
15563,833,6.5078125e-05,1,4443
10720,833,6.5078125e-05,1,4438
5542,833,6.5078125e-05,1,4460
3416,833,6.5078125e-05,1,4440
3752,833,6.5078125e-05,1,4442
9793,833,6.5078125e-05,1,4465
10243,833,6.5078125e-05,1,4477
4865,833,6.5078125e-05,1,4454
3327,833,6.5078125e-05,1,4475
9584,833,6.5078125e-05,1,4456
14073,833,6.5078125e-05,1,4459
11282,833,6.5078125e-05,1,4473
1988,833,6.5078125e-05,1,4439
75,833,6.5078125e-05,1,4467
12646,833,6.5078125e-05,1,4458
2010,833,6.5078125e-05,1,4434
6309,833,6.5078125e-05,1,4462
182,833,6.5078125e-05,1,4476
9842,833,6.5078125e-05,1,4461
13529,833,6.5078125e-05,1,4447
11113,833,6.5078125e-05,1,4470
11087,833,6.5078125e-05,1,4436
5996,833,6.5078125e-05,1,4448
10143,833,6.5078125e-05,1,4478
7907,833,6.5078125e-05,1,4469
15101,833,6.5078125e-05,1,4471
8152,833,6.5078125e-05,1,4435
15162,833,6.5078125e-05,1,4451
3332,833,6.5078125e-05,1,4466
5055,833,6.5078125e-05,1,4450
15660,833,6.5078125e-05,1,4474
603,833,6.5078125e-05,1,4441
13868,833,6.5078125e-05,1,4468
15642,833,6.5078125e-05,1,4449
3330,833,6.5078125e-05,1,4446
8658,833,6.5078125e-05,1,4455
7599,833,6.5078125e-05,1,4453
15608,833,6.5078125e-05,1,4432
15130,833,6.5078125e-05,1,4472
8522,833,6.5078125e-05,1,4464
8098,833,6.5078125e-05,1,4437
2382,833,6.5078125e-05,1,4452
9334,832,6.5e-05,1,4504
12435,832,6.5e-05,1,4489
12351,832,6.5e-05,1,4536
14033,832,6.5e-05,1,4499
14407,832,6.5e-05,1,4493
12192,832,6.5e-05,1,4506
4242,832,6.5e-05,1,4527
12344,832,6.5e-05,1,4528
9127,832,6.5e-05,1,4514
9382,832,6.5e-05,1,4509
13028,832,6.5e-05,1,4517
1157,832,6.5e-05,1,4492
13238,832,6.5e-05,1,4529
15283,832,6.5e-05,1,4498
8517,832,6.5e-05,1,4505
3717,832,6.5e-05,1,4537
14194,832,6.5e-05,1,4482
2892,832,6.5e-05,1,4491
4212,832,6.5e-05,1,4515
6805,832,6.5e-05,1,4479
9315,832,6.5e-05,1,4518
15077,832,6.5e-05,1,4511
6659,832,6.5e-05,1,4483
1821,832,6.5e-05,1,4538
7680,832,6.5e-05,1,4502
9056,832,6.5e-05,1,4480
12335,832,6.5e-05,1,4523
10390,832,6.5e-05,1,4481
9542,832,6.5e-05,1,4486
7799,832,6.5e-05,1,4512
7467,832,6.5e-05,1,4494
5844,832,6.5e-05,1,4522
483,832,6.5e-05,1,4519
3909,832,6.5e-05,1,4525
686,832,6.5e-05,1,4503
11304,832,6.5e-05,1,4533
7160,832,6.5e-05,1,4485
5853,832,6.5e-05,1,4516
7408,832,6.5e-05,1,4535
9762,832,6.5e-05,1,4534
2110,832,6.5e-05,1,4488
4024,832,6.5e-05,1,4497
414,832,6.5e-05,1,4539
11416,832,6.5e-05,1,4484
3191,832,6.5e-05,1,4540
5538,832,6.5e-05,1,4487
13584,832,6.5e-05,1,4524
13886,832,6.5e-05,1,4496
7342,832,6.5e-05,1,4521
12755,832,6.5e-05,1,4501
8085,832,6.5e-05,1,4531
7023,832,6.5e-05,1,4508
5590,832,6.5e-05,1,4513
13746,832,6.5e-05,1,4495
9961,832,6.5e-05,1,4507
8099,832,6.5e-05,1,4520
7181,832,6.5e-05,1,4490
15783,832,6.5e-05,1,4530
9547,832,6.5e-05,1,4526
11739,832,6.5e-05,1,4532
16121,832,6.5e-05,1,4500
12814,832,6.5e-05,1,4510
8268,832,6.5e-05,1,4541
11925,831,6.4921875e-05,1,4555
1492,831,6.4921875e-05,1,4551
6148,831,6.4921875e-05,1,4590
1751,831,6.4921875e-05,1,4549
8921,831,6.4921875e-05,1,4557
15089,831,6.4921875e-05,1,4552
5067,831,6.4921875e-05,1,4586
609,831,6.4921875e-05,1,4564
3134,831,6.4921875e-05,1,4582
4575,831,6.4921875e-05,1,4545
15821,831,6.4921875e-05,1,4584
2813,831,6.4921875e-05,1,4562
11878,831,6.4921875e-05,1,4556
10652,831,6.4921875e-05,1,4543
1180,831,6.4921875e-05,1,4570
1246,831,6.4921875e-05,1,4591
1449,831,6.4921875e-05,1,4554
584,831,6.4921875e-05,1,4589
7980,831,6.4921875e-05,1,4580
13088,831,6.4921875e-05,1,4567
12769,831,6.4921875e-05,1,4558
7619,831,6.4921875e-05,1,4542
565,831,6.4921875e-05,1,4566
5389,831,6.4921875e-05,1,4592
12529,831,6.4921875e-05,1,4565
12493,831,6.4921875e-05,1,4593
6890,831,6.4921875e-05,1,4577
13133,831,6.4921875e-05,1,4547
8334,831,6.4921875e-05,1,4579
15370,831,6.4921875e-05,1,4594
4717,831,6.4921875e-05,1,4559
13288,831,6.4921875e-05,1,4561
13530,831,6.4921875e-05,1,4546
886,831,6.4921875e-05,1,4569
82,831,6.4921875e-05,1,4587
4524,831,6.4921875e-05,1,4576
15500,831,6.4921875e-05,1,4571
13662,831,6.4921875e-05,1,4572
11429,831,6.4921875e-05,1,4550
5935,831,6.4921875e-05,1,4583
7310,831,6.4921875e-05,1,4560
10791,831,6.4921875e-05,1,4573
9610,831,6.4921875e-05,1,4553
10508,831,6.4921875e-05,1,4574
6886,831,6.4921875e-05,1,4578
5096,831,6.4921875e-05,1,4581
12366,831,6.4921875e-05,1,4548
11094,831,6.4921875e-05,1,4575
10806,831,6.4921875e-05,1,4588
8644,831,6.4921875e-05,1,4563
11569,831,6.4921875e-05,1,4585
9380,831,6.4921875e-05,1,4544
842,831,6.4921875e-05,1,4568
7488,830,6.484375e-05,1,4604
5496,830,6.484375e-05,1,4612
13046,830,6.484375e-05,1,4627
12898,830,6.484375e-05,1,4615
8680,830,6.484375e-05,1,4595
7959,830,6.484375e-05,1,4623
7598,830,6.484375e-05,1,4608
347,830,6.484375e-05,1,4609
350,830,6.484375e-05,1,4611
3086,830,6.484375e-05,1,4636
9884,830,6.484375e-05,1,4620
11839,830,6.484375e-05,1,4616
6754,830,6.484375e-05,1,4603
9855,830,6.484375e-05,1,4632
16005,830,6.484375e-05,1,4621
7164,830,6.484375e-05,1,4606
6219,830,6.484375e-05,1,4634
721,830,6.484375e-05,1,4600
652,830,6.484375e-05,1,4638
11559,830,6.484375e-05,1,4598
5,830,6.484375e-05,1,4633
8196,830,6.484375e-05,1,4639
1924,830,6.484375e-05,1,4618
1403,830,6.484375e-05,1,4622
2104,830,6.484375e-05,1,4619
13566,830,6.484375e-05,1,4629
2644,830,6.484375e-05,1,4601
13559,830,6.484375e-05,1,4628
14760,830,6.484375e-05,1,4605
7013,830,6.484375e-05,1,4631
14007,830,6.484375e-05,1,4637
16279,830,6.484375e-05,1,4610
15427,830,6.484375e-05,1,4613
2025,830,6.484375e-05,1,4626
10351,830,6.484375e-05,1,4624
12369,830,6.484375e-05,1,4599
12871,830,6.484375e-05,1,4614
491,830,6.484375e-05,1,4625
12570,830,6.484375e-05,1,4602
1002,830,6.484375e-05,1,4607
5204,830,6.484375e-05,1,4635
3905,830,6.484375e-05,1,4630
4262,830,6.484375e-05,1,4617
3675,830,6.484375e-05,1,4596
3027,830,6.484375e-05,1,4597
11793,829,6.4765625e-05,1,4662
4756,829,6.4765625e-05,1,4678
10061,829,6.4765625e-05,1,4672
11517,829,6.4765625e-05,1,4670
14619,829,6.4765625e-05,1,4679
2446,829,6.4765625e-05,1,4661
11045,829,6.4765625e-05,1,4671
14583,829,6.4765625e-05,1,4676
14745,829,6.4765625e-05,1,4673
11640,829,6.4765625e-05,1,4658
11771,829,6.4765625e-05,1,4641
11470,829,6.4765625e-05,1,4667
8749,829,6.4765625e-05,1,4648
9971,829,6.4765625e-05,1,4666
12918,829,6.4765625e-05,1,4677
9057,829,6.4765625e-05,1,4669
15779,829,6.4765625e-05,1,4644
3724,829,6.4765625e-05,1,4647
6236,829,6.4765625e-05,1,4686
3685,829,6.4765625e-05,1,4640
13873,829,6.4765625e-05,1,4668
14527,829,6.4765625e-05,1,4646
11362,829,6.4765625e-05,1,4664
4883,829,6.4765625e-05,1,4687
15517,829,6.4765625e-05,1,4652
11889,829,6.4765625e-05,1,4651
11710,829,6.4765625e-05,1,4685
887,829,6.4765625e-05,1,4683
12793,829,6.4765625e-05,1,4675
691,829,6.4765625e-05,1,4643
4557,829,6.4765625e-05,1,4682
13196,829,6.4765625e-05,1,4665
4852,829,6.4765625e-05,1,4642
13956,829,6.4765625e-05,1,4650
12105,829,6.4765625e-05,1,4653
2093,829,6.4765625e-05,1,4684
13374,829,6.4765625e-05,1,4649
10776,829,6.4765625e-05,1,4660
6314,829,6.4765625e-05,1,4654
14457,829,6.4765625e-05,1,4657
2707,829,6.4765625e-05,1,4663
8657,829,6.4765625e-05,1,4674
13693,829,6.4765625e-05,1,4656
9865,829,6.4765625e-05,1,4655
3983,829,6.4765625e-05,1,4681
12960,829,6.4765625e-05,1,4680
2009,829,6.4765625e-05,1,4659
7090,829,6.4765625e-05,1,4645
4933,828,6.46875e-05,1,4704
4732,828,6.46875e-05,1,4693
5107,828,6.46875e-05,1,4722
1395,828,6.46875e-05,1,4698
1383,828,6.46875e-05,1,4700
9444,828,6.46875e-05,1,4708
4946,828,6.46875e-05,1,4702
2043,828,6.46875e-05,1,4715
1378,828,6.46875e-05,1,4701
10832,828,6.46875e-05,1,4699
5210,828,6.46875e-05,1,4694
9601,828,6.46875e-05,1,4696
5111,828,6.46875e-05,1,4723
9882,828,6.46875e-05,1,4718
5646,828,6.46875e-05,1,4716
13442,828,6.46875e-05,1,4692
13173,828,6.46875e-05,1,4689
12506,828,6.46875e-05,1,4724
4848,828,6.46875e-05,1,4717
10425,828,6.46875e-05,1,4725
2298,828,6.46875e-05,1,4703
5065,828,6.46875e-05,1,4711
10486,828,6.46875e-05,1,4688
5391,828,6.46875e-05,1,4713
5461,828,6.46875e-05,1,4706
3217,828,6.46875e-05,1,4727
6570,828,6.46875e-05,1,4721
2986,828,6.46875e-05,1,4737
4189,828,6.46875e-05,1,4729
6831,828,6.46875e-05,1,4728
47,828,6.46875e-05,1,4709
134,828,6.46875e-05,1,4720
456,828,6.46875e-05,1,4736
16147,828,6.46875e-05,1,4714
8381,828,6.46875e-05,1,4712
4623,828,6.46875e-05,1,4733
6928,828,6.46875e-05,1,4739
15679,828,6.46875e-05,1,4735
15742,828,6.46875e-05,1,4730
8283,828,6.46875e-05,1,4695
4290,828,6.46875e-05,1,4719
7670,828,6.46875e-05,1,4705
3736,828,6.46875e-05,1,4738
6745,828,6.46875e-05,1,4734
3642,828,6.46875e-05,1,4707
335,828,6.46875e-05,1,4690
16374,828,6.46875e-05,1,4691
312,828,6.46875e-05,1,4697
8050,828,6.46875e-05,1,4710
11606,828,6.46875e-05,1,4731
1222,828,6.46875e-05,1,4726
15711,828,6.46875e-05,1,4732
8483,827,6.4609375e-05,1,4751
9360,827,6.4609375e-05,1,4743
4088,827,6.4609375e-05,1,4742
7139,827,6.4609375e-05,1,4745
941,827,6.4609375e-05,1,4774
1217,827,6.4609375e-05,1,4780
7133,827,6.4609375e-05,1,4752
13331,827,6.4609375e-05,1,4769
11692,827,6.4609375e-05,1,4760
11351,827,6.4609375e-05,1,4757
1662,827,6.4609375e-05,1,4764
8676,827,6.4609375e-05,1,4744
2988,827,6.4609375e-05,1,4758
4323,827,6.4609375e-05,1,4749
15982,827,6.4609375e-05,1,4777
11813,827,6.4609375e-05,1,4773
12869,827,6.4609375e-05,1,4756
9291,827,6.4609375e-05,1,4766
16108,827,6.4609375e-05,1,4779
2508,827,6.4609375e-05,1,4754
2543,827,6.4609375e-05,1,4768
5733,827,6.4609375e-05,1,4763
5082,827,6.4609375e-05,1,4746
16166,827,6.4609375e-05,1,4778
16182,827,6.4609375e-05,1,4776
2295,827,6.4609375e-05,1,4767
1137,827,6.4609375e-05,1,4753
6577,827,6.4609375e-05,1,4770
13636,827,6.4609375e-05,1,4771
11682,827,6.4609375e-05,1,4772
8786,827,6.4609375e-05,1,4750
12295,827,6.4609375e-05,1,4748
8818,827,6.4609375e-05,1,4761
8983,827,6.4609375e-05,1,4759
11233,827,6.4609375e-05,1,4741
3555,827,6.4609375e-05,1,4747
2077,827,6.4609375e-05,1,4775
14043,827,6.4609375e-05,1,4755
4708,827,6.4609375e-05,1,4765
14030,827,6.4609375e-05,1,4762
14617,827,6.4609375e-05,1,4740
12050,826,6.453125e-05,1,4793
12796,826,6.453125e-05,1,4794
13178,826,6.453125e-05,1,4781
10403,826,6.453125e-05,1,4795
10911,826,6.453125e-05,1,4814
13476,826,6.453125e-05,1,4802
9491,826,6.453125e-05,1,4796
4480,826,6.453125e-05,1,4827
2514,826,6.453125e-05,1,4833
6514,826,6.453125e-05,1,4832
11684,826,6.453125e-05,1,4798
12512,826,6.453125e-05,1,4803
10899,826,6.453125e-05,1,4815
15114,826,6.453125e-05,1,4811
5975,826,6.453125e-05,1,4799
4729,826,6.453125e-05,1,4822
2802,826,6.453125e-05,1,4806
7296,826,6.453125e-05,1,4816
13698,826,6.453125e-05,1,4807
2808,826,6.453125e-05,1,4805
16064,826,6.453125e-05,1,4836
14012,826,6.453125e-05,1,4789
5697,826,6.453125e-05,1,4790
8879,826,6.453125e-05,1,4823
13667,826,6.453125e-05,1,4821
5635,826,6.453125e-05,1,4797
4968,826,6.453125e-05,1,4830
13266,826,6.453125e-05,1,4835
12483,826,6.453125e-05,1,4783
4135,826,6.453125e-05,1,4785
15556,826,6.453125e-05,1,4819
14628,826,6.453125e-05,1,4834
10449,826,6.453125e-05,1,4812
8566,826,6.453125e-05,1,4818
15663,826,6.453125e-05,1,4810
6101,826,6.453125e-05,1,4824
9381,826,6.453125e-05,1,4828
2613,826,6.453125e-05,1,4813
13449,826,6.453125e-05,1,4788
6647,826,6.453125e-05,1,4825
3727,826,6.453125e-05,1,4782
7516,826,6.453125e-05,1,4792
14932,826,6.453125e-05,1,4791
5024,826,6.453125e-05,1,4784
6158,826,6.453125e-05,1,4820
12186,826,6.453125e-05,1,4837
4270,826,6.453125e-05,1,4808
4142,826,6.453125e-05,1,4787
2572,826,6.453125e-05,1,4817
9354,826,6.453125e-05,1,4831
1610,826,6.453125e-05,1,4786
8678,826,6.453125e-05,1,4801
11065,826,6.453125e-05,1,4809
12102,826,6.453125e-05,1,4800
2122,826,6.453125e-05,1,4829
11664,826,6.453125e-05,1,4804
15170,826,6.453125e-05,1,4826
12593,825,6.4453125e-05,1,4856
14135,825,6.4453125e-05,1,4839
6897,825,6.4453125e-05,1,4838
895,825,6.4453125e-05,1,4879
15524,825,6.4453125e-05,1,4847
2066,825,6.4453125e-05,1,4866
8368,825,6.4453125e-05,1,4887
4867,825,6.4453125e-05,1,4846
14278,825,6.4453125e-05,1,4845
692,825,6.4453125e-05,1,4842
422,825,6.4453125e-05,1,4869
591,825,6.4453125e-05,1,4868
433,825,6.4453125e-05,1,4883
6181,825,6.4453125e-05,1,4855
8382,825,6.4453125e-05,1,4865
2296,825,6.4453125e-05,1,4857
9991,825,6.4453125e-05,1,4882
14022,825,6.4453125e-05,1,4851
8610,825,6.4453125e-05,1,4849
7588,825,6.4453125e-05,1,4844
9214,825,6.4453125e-05,1,4881
9212,825,6.4453125e-05,1,4841
14384,825,6.4453125e-05,1,4884
4824,825,6.4453125e-05,1,4861
6363,825,6.4453125e-05,1,4876
7636,825,6.4453125e-05,1,4852
14434,825,6.4453125e-05,1,4862
6740,825,6.4453125e-05,1,4871
14484,825,6.4453125e-05,1,4877
9136,825,6.4453125e-05,1,4874
6713,825,6.4453125e-05,1,4873
2952,825,6.4453125e-05,1,4858
1397,825,6.4453125e-05,1,4848
6353,825,6.4453125e-05,1,4854
16251,825,6.4453125e-05,1,4875
6701,825,6.4453125e-05,1,4870
10941,825,6.4453125e-05,1,4864
13144,825,6.4453125e-05,1,4850
15051,825,6.4453125e-05,1,4843
13512,825,6.4453125e-05,1,4859
13160,825,6.4453125e-05,1,4840
37,825,6.4453125e-05,1,4853
14686,825,6.4453125e-05,1,4872
6464,825,6.4453125e-05,1,4860
1490,825,6.4453125e-05,1,4863
10867,825,6.4453125e-05,1,4878
4188,825,6.4453125e-05,1,4885
3380,825,6.4453125e-05,1,4886
239,825,6.4453125e-05,1,4880
11567,825,6.4453125e-05,1,4867
9625,824,6.4375e-05,1,4904
3748,824,6.4375e-05,1,4903
4087,824,6.4375e-05,1,4932
2681,824,6.4375e-05,1,4925
12975,824,6.4375e-05,1,4899
9087,824,6.4375e-05,1,4892
6076,824,6.4375e-05,1,4900
16366,824,6.4375e-05,1,4908
927,824,6.4375e-05,1,4905
14841,824,6.4375e-05,1,4913
11059,824,6.4375e-05,1,4888
7138,824,6.4375e-05,1,4919
4098,824,6.4375e-05,1,4927
6413,824,6.4375e-05,1,4909
6068,824,6.4375e-05,1,4889
10797,824,6.4375e-05,1,4915
2001,824,6.4375e-05,1,4911
645,824,6.4375e-05,1,4923
2663,824,6.4375e-05,1,4921
6576,824,6.4375e-05,1,4894
12160,824,6.4375e-05,1,4895
10487,824,6.4375e-05,1,4922
12207,824,6.4375e-05,1,4907
15994,824,6.4375e-05,1,4917
2030,824,6.4375e-05,1,4937
12521,824,6.4375e-05,1,4920
7401,824,6.4375e-05,1,4934
16033,824,6.4375e-05,1,4897
4864,824,6.4375e-05,1,4891
3002,824,6.4375e-05,1,4901
13553,824,6.4375e-05,1,4930
3979,824,6.4375e-05,1,4938
2485,824,6.4375e-05,1,4924
14798,824,6.4375e-05,1,4902
12213,824,6.4375e-05,1,4906
426,824,6.4375e-05,1,4928
12145,824,6.4375e-05,1,4929
3500,824,6.4375e-05,1,4939
15789,824,6.4375e-05,1,4926
9124,824,6.4375e-05,1,4935
2204,824,6.4375e-05,1,4933
9769,824,6.4375e-05,1,4898
8835,824,6.4375e-05,1,4936
2266,824,6.4375e-05,1,4890
14722,824,6.4375e-05,1,4896
9357,824,6.4375e-05,1,4910
12259,824,6.4375e-05,1,4893
5506,824,6.4375e-05,1,4918
14819,824,6.4375e-05,1,4912
11033,824,6.4375e-05,1,4916
10915,824,6.4375e-05,1,4914
4386,824,6.4375e-05,1,4931
6997,823,6.4296875e-05,1,4946
11271,823,6.4296875e-05,1,4971
11585,823,6.4296875e-05,1,4955
5954,823,6.4296875e-05,1,4950
12884,823,6.4296875e-05,1,4948
5253,823,6.4296875e-05,1,4956
15716,823,6.4296875e-05,1,4943
5644,823,6.4296875e-05,1,4954
2458,823,6.4296875e-05,1,4966
833,823,6.4296875e-05,1,4952
9847,823,6.4296875e-05,1,4957
9841,823,6.4296875e-05,1,4969
7243,823,6.4296875e-05,1,4972
10063,823,6.4296875e-05,1,4960
4093,823,6.4296875e-05,1,4945
5394,823,6.4296875e-05,1,4949
11697,823,6.4296875e-05,1,4982
13890,823,6.4296875e-05,1,4947
10472,823,6.4296875e-05,1,4984
2673,823,6.4296875e-05,1,4977
7094,823,6.4296875e-05,1,4978
10207,823,6.4296875e-05,1,4961
15582,823,6.4296875e-05,1,4981
9687,823,6.4296875e-05,1,4944
3843,823,6.4296875e-05,1,4976
14322,823,6.4296875e-05,1,4980
1640,823,6.4296875e-05,1,4974
1897,823,6.4296875e-05,1,4953
3466,823,6.4296875e-05,1,4964
3464,823,6.4296875e-05,1,4962
6357,823,6.4296875e-05,1,4965
8646,823,6.4296875e-05,1,4983
4809,823,6.4296875e-05,1,4959
12203,823,6.4296875e-05,1,4970
8781,823,6.4296875e-05,1,4963
1824,823,6.4296875e-05,1,4973
1823,823,6.4296875e-05,1,4975
14258,823,6.4296875e-05,1,4967
14347,823,6.4296875e-05,1,4958
8557,823,6.4296875e-05,1,4940
4609,823,6.4296875e-05,1,4951
3569,823,6.4296875e-05,1,4942
1069,823,6.4296875e-05,1,4979
14800,823,6.4296875e-05,1,4968
15343,823,6.4296875e-05,1,4941
16201,822,6.421875e-05,1,5042
9195,822,6.421875e-05,1,5037
5178,822,6.421875e-05,1,5030
14010,822,6.421875e-05,1,5007
10650,822,6.421875e-05,1,4999
2555,822,6.421875e-05,1,5043
3606,822,6.421875e-05,1,5033
13382,822,6.421875e-05,1,4998
14942,822,6.421875e-05,1,4987
10949,822,6.421875e-05,1,5034
1203,822,6.421875e-05,1,5005
9716,822,6.421875e-05,1,5025
581,822,6.421875e-05,1,4985
93,822,6.421875e-05,1,5024
11695,822,6.421875e-05,1,5015
12144,822,6.421875e-05,1,4997
6409,822,6.421875e-05,1,5006
70,822,6.421875e-05,1,5044
66,822,6.421875e-05,1,5029
4202,822,6.421875e-05,1,5001
10833,822,6.421875e-05,1,5011
10199,822,6.421875e-05,1,5003
16029,822,6.421875e-05,1,5032
11136,822,6.421875e-05,1,5041
14293,822,6.421875e-05,1,5031
850,822,6.421875e-05,1,4988
13670,822,6.421875e-05,1,5023
281,822,6.421875e-05,1,5040
11125,822,6.421875e-05,1,4990
9940,822,6.421875e-05,1,5019
9244,822,6.421875e-05,1,5010
10591,822,6.421875e-05,1,5027
181,822,6.421875e-05,1,5020
10870,822,6.421875e-05,1,5002
5598,822,6.421875e-05,1,5008
2343,822,6.421875e-05,1,5012
3001,822,6.421875e-05,1,5026
9230,822,6.421875e-05,1,5022
4596,822,6.421875e-05,1,5028
15097,822,6.421875e-05,1,5016
5079,822,6.421875e-05,1,4995
606,822,6.421875e-05,1,5038
2220,822,6.421875e-05,1,5039
14178,822,6.421875e-05,1,5009
2907,822,6.421875e-05,1,5014
15332,822,6.421875e-05,1,4994
1277,822,6.421875e-05,1,5036
8189,822,6.421875e-05,1,5013
10244,822,6.421875e-05,1,4992
2781,822,6.421875e-05,1,5018
1486,822,6.421875e-05,1,4993
4447,822,6.421875e-05,1,5021
5260,822,6.421875e-05,1,4991
4190,822,6.421875e-05,1,4986
8156,822,6.421875e-05,1,5000
14903,822,6.421875e-05,1,4996
4674,822,6.421875e-05,1,4989
13193,822,6.421875e-05,1,5004
14059,822,6.421875e-05,1,5017
7548,822,6.421875e-05,1,5035
2144,821,6.4140625e-05,1,5091
2730,821,6.4140625e-05,1,5064
1364,821,6.4140625e-05,1,5080
4140,821,6.4140625e-05,1,5070
13932,821,6.4140625e-05,1,5094
11531,821,6.4140625e-05,1,5067
12130,821,6.4140625e-05,1,5092
10415,821,6.4140625e-05,1,5090
7414,821,6.4140625e-05,1,5088
8458,821,6.4140625e-05,1,5086
16334,821,6.4140625e-05,1,5079
3791,821,6.4140625e-05,1,5081
3575,821,6.4140625e-05,1,5058
11493,821,6.4140625e-05,1,5072
3648,821,6.4140625e-05,1,5066
863,821,6.4140625e-05,1,5089
6010,821,6.4140625e-05,1,5050
9321,821,6.4140625e-05,1,5045
4839,821,6.4140625e-05,1,5062
1285,821,6.4140625e-05,1,5063
2997,821,6.4140625e-05,1,5048
8136,821,6.4140625e-05,1,5057
7978,821,6.4140625e-05,1,5055
16346,821,6.4140625e-05,1,5071
7958,821,6.4140625e-05,1,5052
1750,821,6.4140625e-05,1,5051
9783,821,6.4140625e-05,1,5083
9866,821,6.4140625e-05,1,5054
8463,821,6.4140625e-05,1,5087
3999,821,6.4140625e-05,1,5077
577,821,6.4140625e-05,1,5049
7020,821,6.4140625e-05,1,5061
13816,821,6.4140625e-05,1,5073
4953,821,6.4140625e-05,1,5076
13075,821,6.4140625e-05,1,5056
2600,821,6.4140625e-05,1,5059
9118,821,6.4140625e-05,1,5082
10573,821,6.4140625e-05,1,5069
4616,821,6.4140625e-05,1,5078
2013,821,6.4140625e-05,1,5046
3852,821,6.4140625e-05,1,5075
5945,821,6.4140625e-05,1,5065
7198,821,6.4140625e-05,1,5084
3702,821,6.4140625e-05,1,5085
11349,821,6.4140625e-05,1,5060
10315,821,6.4140625e-05,1,5074
9848,821,6.4140625e-05,1,5047
4130,821,6.4140625e-05,1,5068
15513,821,6.4140625e-05,1,5053
15131,821,6.4140625e-05,1,5093
10557,820,6.40625e-05,1,5098
2450,820,6.40625e-05,1,5125
4028,820,6.40625e-05,1,5148
6258,820,6.40625e-05,1,5102
8795,820,6.40625e-05,1,5117
6606,820,6.40625e-05,1,5139
3390,820,6.40625e-05,1,5134
16080,820,6.40625e-05,1,5119
6261,820,6.40625e-05,1,5129
13313,820,6.40625e-05,1,5100
6430,820,6.40625e-05,1,5124
9069,820,6.40625e-05,1,5104
12979,820,6.40625e-05,1,5138
9031,820,6.40625e-05,1,5118
13625,820,6.40625e-05,1,5097
7709,820,6.40625e-05,1,5142
6525,820,6.40625e-05,1,5145
6544,820,6.40625e-05,1,5101
16195,820,6.40625e-05,1,5143
11108,820,6.40625e-05,1,5149
2536,820,6.40625e-05,1,5128
1262,820,6.40625e-05,1,5110
6747,820,6.40625e-05,1,5120
11633,820,6.40625e-05,1,5135
170,820,6.40625e-05,1,5113
4702,820,6.40625e-05,1,5111
6286,820,6.40625e-05,1,5147
15029,820,6.40625e-05,1,5114
15032,820,6.40625e-05,1,5121
7442,820,6.40625e-05,1,5115
14834,820,6.40625e-05,1,5108
824,820,6.40625e-05,1,5127
15572,820,6.40625e-05,1,5096
5965,820,6.40625e-05,1,5133
4408,820,6.40625e-05,1,5116
14117,820,6.40625e-05,1,5095
14146,820,6.40625e-05,1,5103
759,820,6.40625e-05,1,5122
9732,820,6.40625e-05,1,5099
15082,820,6.40625e-05,1,5123
7027,820,6.40625e-05,1,5130
7960,820,6.40625e-05,1,5136
15208,820,6.40625e-05,1,5131
4918,820,6.40625e-05,1,5126
9658,820,6.40625e-05,1,5105
9469,820,6.40625e-05,1,5112
4526,820,6.40625e-05,1,5141
9794,820,6.40625e-05,1,5137
11884,820,6.40625e-05,1,5132
13878,820,6.40625e-05,1,5140
13875,820,6.40625e-05,1,5146
13679,820,6.40625e-05,1,5150
3171,820,6.40625e-05,1,5144
7992,820,6.40625e-05,1,5151
11251,820,6.40625e-05,1,5106
15651,820,6.40625e-05,1,5109
7332,820,6.40625e-05,1,5107
11987,819,6.3984375e-05,1,5191
3712,819,6.3984375e-05,1,5153
12589,819,6.3984375e-05,1,5183
13208,819,6.3984375e-05,1,5159
3412,819,6.3984375e-05,1,5187
2105,819,6.3984375e-05,1,5164
5248,819,6.3984375e-05,1,5174
3223,819,6.3984375e-05,1,5162
15697,819,6.3984375e-05,1,5165
9702,819,6.3984375e-05,1,5172
6871,819,6.3984375e-05,1,5193
1221,819,6.3984375e-05,1,5177
8751,819,6.3984375e-05,1,5152
4238,819,6.3984375e-05,1,5203
2650,819,6.3984375e-05,1,5168
10968,819,6.3984375e-05,1,5199
11336,819,6.3984375e-05,1,5195
9757,819,6.3984375e-05,1,5173
3912,819,6.3984375e-05,1,5200
10749,819,6.3984375e-05,1,5158
1904,819,6.3984375e-05,1,5167
2870,819,6.3984375e-05,1,5205
12974,819,6.3984375e-05,1,5198
4412,819,6.3984375e-05,1,5202
3695,819,6.3984375e-05,1,5175
7549,819,6.3984375e-05,1,5184
212,819,6.3984375e-05,1,5163
3538,819,6.3984375e-05,1,5154
4870,819,6.3984375e-05,1,5197
15898,819,6.3984375e-05,1,5186
9978,819,6.3984375e-05,1,5194
10740,819,6.3984375e-05,1,5196
9300,819,6.3984375e-05,1,5180
9477,819,6.3984375e-05,1,5181
14017,819,6.3984375e-05,1,5204
6796,819,6.3984375e-05,1,5156
1776,819,6.3984375e-05,1,5176
15847,819,6.3984375e-05,1,5201
1775,819,6.3984375e-05,1,5157
4185,819,6.3984375e-05,1,5155
12824,819,6.3984375e-05,1,5160
8287,819,6.3984375e-05,1,5188
7639,819,6.3984375e-05,1,5190
7766,819,6.3984375e-05,1,5169
2495,819,6.3984375e-05,1,5171
4987,819,6.3984375e-05,1,5179
8576,819,6.3984375e-05,1,5178
15039,819,6.3984375e-05,1,5185
8386,819,6.3984375e-05,1,5166
1418,819,6.3984375e-05,1,5182
184,819,6.3984375e-05,1,5206
7757,819,6.3984375e-05,1,5192
5277,819,6.3984375e-05,1,5161
1832,819,6.3984375e-05,1,5170
2283,819,6.3984375e-05,1,5189
4176,818,6.390625e-05,1,5249
11935,818,6.390625e-05,1,5241
2875,818,6.390625e-05,1,5231
13914,818,6.390625e-05,1,5220
3242,818,6.390625e-05,1,5238
632,818,6.390625e-05,1,5219
10240,818,6.390625e-05,1,5217
4686,818,6.390625e-05,1,5236
14682,818,6.390625e-05,1,5228
8822,818,6.390625e-05,1,5239
12120,818,6.390625e-05,1,5237
14086,818,6.390625e-05,1,5214
13197,818,6.390625e-05,1,5247
7854,818,6.390625e-05,1,5208
13346,818,6.390625e-05,1,5212
6524,818,6.390625e-05,1,5211
6362,818,6.390625e-05,1,5209
13790,818,6.390625e-05,1,5222
4406,818,6.390625e-05,1,5240
13781,818,6.390625e-05,1,5225
8087,818,6.390625e-05,1,5230
5528,818,6.390625e-05,1,5213
2270,818,6.390625e-05,1,5244
3722,818,6.390625e-05,1,5226
16185,818,6.390625e-05,1,5210
12497,818,6.390625e-05,1,5233
10876,818,6.390625e-05,1,5245
5753,818,6.390625e-05,1,5216
5562,818,6.390625e-05,1,5207
11882,818,6.390625e-05,1,5250
8535,818,6.390625e-05,1,5234
9829,818,6.390625e-05,1,5246
6189,818,6.390625e-05,1,5224
13791,818,6.390625e-05,1,5221
1707,818,6.390625e-05,1,5223
4085,818,6.390625e-05,1,5242
13823,818,6.390625e-05,1,5229
7362,818,6.390625e-05,1,5215
15688,818,6.390625e-05,1,5218
9696,818,6.390625e-05,1,5235
3369,818,6.390625e-05,1,5248
1215,818,6.390625e-05,1,5227
11825,818,6.390625e-05,1,5232
9059,818,6.390625e-05,1,5243
8315,817,6.3828125e-05,1,5253
1343,817,6.3828125e-05,1,5256
15939,817,6.3828125e-05,1,5268
8555,817,6.3828125e-05,1,5258
7363,817,6.3828125e-05,1,5293
2340,817,6.3828125e-05,1,5297
7623,817,6.3828125e-05,1,5296
1734,817,6.3828125e-05,1,5257
16052,817,6.3828125e-05,1,5280
15873,817,6.3828125e-05,1,5271
9238,817,6.3828125e-05,1,5277
16086,817,6.3828125e-05,1,5267
14186,817,6.3828125e-05,1,5294
8035,817,6.3828125e-05,1,5266
8709,817,6.3828125e-05,1,5286
2186,817,6.3828125e-05,1,5275
2203,817,6.3828125e-05,1,5276
13325,817,6.3828125e-05,1,5292
15252,817,6.3828125e-05,1,5298
6144,817,6.3828125e-05,1,5272
9008,817,6.3828125e-05,1,5281
9090,817,6.3828125e-05,1,5288
5775,817,6.3828125e-05,1,5291
1580,817,6.3828125e-05,1,5269
1263,817,6.3828125e-05,1,5289
15598,817,6.3828125e-05,1,5259
2747,817,6.3828125e-05,1,5285
5525,817,6.3828125e-05,1,5255
14095,817,6.3828125e-05,1,5252
505,817,6.3828125e-05,1,5254
7612,817,6.3828125e-05,1,5295
5122,817,6.3828125e-05,1,5263
12615,817,6.3828125e-05,1,5282
4368,817,6.3828125e-05,1,5262
11814,817,6.3828125e-05,1,5279
3085,817,6.3828125e-05,1,5265
3452,817,6.3828125e-05,1,5283
11289,817,6.3828125e-05,1,5278
4329,817,6.3828125e-05,1,5274
10795,817,6.3828125e-05,1,5270
11886,817,6.3828125e-05,1,5290
3467,817,6.3828125e-05,1,5287
2978,817,6.3828125e-05,1,5273
12223,817,6.3828125e-05,1,5284
13034,817,6.3828125e-05,1,5264
4984,817,6.3828125e-05,1,5260
3476,817,6.3828125e-05,1,5251
10772,817,6.3828125e-05,1,5261
14808,816,6.375e-05,1,5304
14749,816,6.375e-05,1,5314
12190,816,6.375e-05,1,5303
3411,816,6.375e-05,1,5328
9872,816,6.375e-05,1,5313
14378,816,6.375e-05,1,5329
3980,816,6.375e-05,1,5327
15122,816,6.375e-05,1,5326
8586,816,6.375e-05,1,5321
12758,816,6.375e-05,1,5330
1393,816,6.375e-05,1,5325
9710,816,6.375e-05,1,5318
9828,816,6.375e-05,1,5347
1588,816,6.375e-05,1,5306
8897,816,6.375e-05,1,5315
12356,816,6.375e-05,1,5319
9115,816,6.375e-05,1,5324
6840,816,6.375e-05,1,5335
403,816,6.375e-05,1,5340
15975,816,6.375e-05,1,5311
397,816,6.375e-05,1,5341
6513,816,6.375e-05,1,5353
14703,816,6.375e-05,1,5345
9050,816,6.375e-05,1,5332
5086,816,6.375e-05,1,5316
14695,816,6.375e-05,1,5305
7339,816,6.375e-05,1,5333
14691,816,6.375e-05,1,5309
5381,816,6.375e-05,1,5310
12171,816,6.375e-05,1,5301
6207,816,6.375e-05,1,5308
12149,816,6.375e-05,1,5317
8120,816,6.375e-05,1,5349
13877,816,6.375e-05,1,5343
9377,816,6.375e-05,1,5302
4911,816,6.375e-05,1,5320
839,816,6.375e-05,1,5337
2518,816,6.375e-05,1,5307
11575,816,6.375e-05,1,5312
4497,816,6.375e-05,1,5344
15652,816,6.375e-05,1,5338
14091,816,6.375e-05,1,5323
8179,816,6.375e-05,1,5352
9602,816,6.375e-05,1,5346
12649,816,6.375e-05,1,5322
4166,816,6.375e-05,1,5336
15584,816,6.375e-05,1,5331
4464,816,6.375e-05,1,5339
15680,816,6.375e-05,1,5342
5884,816,6.375e-05,1,5334
4267,816,6.375e-05,1,5351
3346,816,6.375e-05,1,5350
11548,816,6.375e-05,1,5299
4421,816,6.375e-05,1,5300
16239,816,6.375e-05,1,5348
2900,815,6.3671875e-05,1,5405
11998,815,6.3671875e-05,1,5386
15613,815,6.3671875e-05,1,5359
15609,815,6.3671875e-05,1,5354
14701,815,6.3671875e-05,1,5404
15246,815,6.3671875e-05,1,5370
3564,815,6.3671875e-05,1,5397
6488,815,6.3671875e-05,1,5411
8581,815,6.3671875e-05,1,5395
10502,815,6.3671875e-05,1,5364
8091,815,6.3671875e-05,1,5358
15558,815,6.3671875e-05,1,5365
11989,815,6.3671875e-05,1,5387
956,815,6.3671875e-05,1,5378
743,815,6.3671875e-05,1,5376
2383,815,6.3671875e-05,1,5382
3808,815,6.3671875e-05,1,5403
11939,815,6.3671875e-05,1,5383
7968,815,6.3671875e-05,1,5398
4395,815,6.3671875e-05,1,5362
5157,815,6.3671875e-05,1,5381
11415,815,6.3671875e-05,1,5402
1236,815,6.3671875e-05,1,5414
14737,815,6.3671875e-05,1,5410
12947,815,6.3671875e-05,1,5366
3005,815,6.3671875e-05,1,5377
15387,815,6.3671875e-05,1,5399
15320,815,6.3671875e-05,1,5409
7237,815,6.3671875e-05,1,5379
463,815,6.3671875e-05,1,5357
8970,815,6.3671875e-05,1,5384
12664,815,6.3671875e-05,1,5413
10301,815,6.3671875e-05,1,5385
10937,815,6.3671875e-05,1,5396
4944,815,6.3671875e-05,1,5401
355,815,6.3671875e-05,1,5371
6322,815,6.3671875e-05,1,5380
4310,815,6.3671875e-05,1,5390
16041,815,6.3671875e-05,1,5406
13071,815,6.3671875e-05,1,5412
4851,815,6.3671875e-05,1,5375
4875,815,6.3671875e-05,1,5360
6141,815,6.3671875e-05,1,5372
10363,815,6.3671875e-05,1,5356
273,815,6.3671875e-05,1,5361
13803,815,6.3671875e-05,1,5367
11806,815,6.3671875e-05,1,5393
14149,815,6.3671875e-05,1,5394
10783,815,6.3671875e-05,1,5392
14535,815,6.3671875e-05,1,5374
4244,815,6.3671875e-05,1,5388
3183,815,6.3671875e-05,1,5355
12408,815,6.3671875e-05,1,5400
13139,815,6.3671875e-05,1,5391
2089,815,6.3671875e-05,1,5369
10400,815,6.3671875e-05,1,5368
11834,815,6.3671875e-05,1,5389
9337,815,6.3671875e-05,1,5373
7616,815,6.3671875e-05,1,5363
2277,815,6.3671875e-05,1,5407
14151,815,6.3671875e-05,1,5408
5431,814,6.359375e-05,1,5455
14136,814,6.359375e-05,1,5415
6221,814,6.359375e-05,1,5443
9285,814,6.359375e-05,1,5434
6146,814,6.359375e-05,1,5436
9442,814,6.359375e-05,1,5439
3328,814,6.359375e-05,1,5446
4588,814,6.359375e-05,1,5432
13964,814,6.359375e-05,1,5430
744,814,6.359375e-05,1,5452
6827,814,6.359375e-05,1,5435
12543,814,6.359375e-05,1,5418
2160,814,6.359375e-05,1,5417
2651,814,6.359375e-05,1,5433
4635,814,6.359375e-05,1,5428
11761,814,6.359375e-05,1,5424
8062,814,6.359375e-05,1,5416
12262,814,6.359375e-05,1,5441
15579,814,6.359375e-05,1,5423
9796,814,6.359375e-05,1,5437
14600,814,6.359375e-05,1,5447
331,814,6.359375e-05,1,5451
690,814,6.359375e-05,1,5449
2517,814,6.359375e-05,1,5448
2351,814,6.359375e-05,1,5425
16004,814,6.359375e-05,1,5442
10924,814,6.359375e-05,1,5421
14764,814,6.359375e-05,1,5453
16241,814,6.359375e-05,1,5431
14805,814,6.359375e-05,1,5454
15802,814,6.359375e-05,1,5450
9881,814,6.359375e-05,1,5445
1663,814,6.359375e-05,1,5440
4434,814,6.359375e-05,1,5438
495,814,6.359375e-05,1,5419
4841,814,6.359375e-05,1,5427
1249,814,6.359375e-05,1,5444
16370,814,6.359375e-05,1,5420
16274,814,6.359375e-05,1,5429
1218,814,6.359375e-05,1,5426
4220,814,6.359375e-05,1,5422
4912,813,6.3515625e-05,1,5466
10988,813,6.3515625e-05,1,5497
6116,813,6.3515625e-05,1,5490
783,813,6.3515625e-05,1,5463
8256,813,6.3515625e-05,1,5491
2964,813,6.3515625e-05,1,5501
10717,813,6.3515625e-05,1,5506
13402,813,6.3515625e-05,1,5469
13965,813,6.3515625e-05,1,5510
4473,813,6.3515625e-05,1,5495
9949,813,6.3515625e-05,1,5511
3202,813,6.3515625e-05,1,5461
5651,813,6.3515625e-05,1,5471
10627,813,6.3515625e-05,1,5462
1541,813,6.3515625e-05,1,5499
6501,813,6.3515625e-05,1,5483
6390,813,6.3515625e-05,1,5503
12436,813,6.3515625e-05,1,5507
2232,813,6.3515625e-05,1,5477
3528,813,6.3515625e-05,1,5457
1673,813,6.3515625e-05,1,5478
9211,813,6.3515625e-05,1,5456
4846,813,6.3515625e-05,1,5498
12277,813,6.3515625e-05,1,5475
4629,813,6.3515625e-05,1,5492
5559,813,6.3515625e-05,1,5485
9937,813,6.3515625e-05,1,5479
9726,813,6.3515625e-05,1,5465
3643,813,6.3515625e-05,1,5486
4862,813,6.3515625e-05,1,5487
3347,813,6.3515625e-05,1,5505
4564,813,6.3515625e-05,1,5489
6172,813,6.3515625e-05,1,5496
13524,813,6.3515625e-05,1,5459
15300,813,6.3515625e-05,1,5458
10824,813,6.3515625e-05,1,5488
11223,813,6.3515625e-05,1,5509
13384,813,6.3515625e-05,1,5470
11173,813,6.3515625e-05,1,5500
11865,813,6.3515625e-05,1,5467
11717,813,6.3515625e-05,1,5473
2910,813,6.3515625e-05,1,5476
16356,813,6.3515625e-05,1,5468
4277,813,6.3515625e-05,1,5502
362,813,6.3515625e-05,1,5482
16106,813,6.3515625e-05,1,5480
4206,813,6.3515625e-05,1,5474
5385,813,6.3515625e-05,1,5481
7873,813,6.3515625e-05,1,5508
15745,813,6.3515625e-05,1,5464
11804,813,6.3515625e-05,1,5493
2666,813,6.3515625e-05,1,5494
8000,813,6.3515625e-05,1,5504
4180,813,6.3515625e-05,1,5472
2828,813,6.3515625e-05,1,5484
4136,813,6.3515625e-05,1,5460
10517,812,6.34375e-05,1,5531
4536,812,6.34375e-05,1,5529
3970,812,6.34375e-05,1,5538
5098,812,6.34375e-05,1,5533
14723,812,6.34375e-05,1,5528
11008,812,6.34375e-05,1,5554
7951,812,6.34375e-05,1,5558
15876,812,6.34375e-05,1,5566
2308,812,6.34375e-05,1,5520
7898,812,6.34375e-05,1,5543
8355,812,6.34375e-05,1,5516
9054,812,6.34375e-05,1,5526
11241,812,6.34375e-05,1,5514
7249,812,6.34375e-05,1,5553
6536,812,6.34375e-05,1,5535
511,812,6.34375e-05,1,5512
5139,812,6.34375e-05,1,5517
11132,812,6.34375e-05,1,5532
5625,812,6.34375e-05,1,5572
12240,812,6.34375e-05,1,5569
2464,812,6.34375e-05,1,5560
11381,812,6.34375e-05,1,5568
11076,812,6.34375e-05,1,5525
3580,812,6.34375e-05,1,5550
11898,812,6.34375e-05,1,5563
488,812,6.34375e-05,1,5565
8462,812,6.34375e-05,1,5539
15262,812,6.34375e-05,1,5541
1294,812,6.34375e-05,1,5552
14854,812,6.34375e-05,1,5551
14839,812,6.34375e-05,1,5548
3531,812,6.34375e-05,1,5518
15395,812,6.34375e-05,1,5530
8094,812,6.34375e-05,1,5564
15962,812,6.34375e-05,1,5559
2819,812,6.34375e-05,1,5575
2024,812,6.34375e-05,1,5519
2569,812,6.34375e-05,1,5546
2207,812,6.34375e-05,1,5574
1774,812,6.34375e-05,1,5555
7628,812,6.34375e-05,1,5521
9688,812,6.34375e-05,1,5571
120,812,6.34375e-05,1,5570
14325,812,6.34375e-05,1,5549
13869,812,6.34375e-05,1,5527
117,812,6.34375e-05,1,5545
5872,812,6.34375e-05,1,5557
9368,812,6.34375e-05,1,5542
11556,812,6.34375e-05,1,5534
15621,812,6.34375e-05,1,5537
646,812,6.34375e-05,1,5547
1909,812,6.34375e-05,1,5522
693,812,6.34375e-05,1,5540
9256,812,6.34375e-05,1,5536
9560,812,6.34375e-05,1,5515
9240,812,6.34375e-05,1,5573
2780,812,6.34375e-05,1,5524
6291,812,6.34375e-05,1,5544
9203,812,6.34375e-05,1,5561
2107,812,6.34375e-05,1,5523
11996,812,6.34375e-05,1,5513
6381,812,6.34375e-05,1,5556
16371,812,6.34375e-05,1,5567
5981,812,6.34375e-05,1,5562
2413,811,6.3359375e-05,1,5582
6092,811,6.3359375e-05,1,5625
7242,811,6.3359375e-05,1,5606
2426,811,6.3359375e-05,1,5581
1254,811,6.3359375e-05,1,5580
10752,811,6.3359375e-05,1,5583
519,811,6.3359375e-05,1,5614
12890,811,6.3359375e-05,1,5587
8683,811,6.3359375e-05,1,5576
14793,811,6.3359375e-05,1,5595
16349,811,6.3359375e-05,1,5613
3544,811,6.3359375e-05,1,5610
10270,811,6.3359375e-05,1,5605
8523,811,6.3359375e-05,1,5627
9117,811,6.3359375e-05,1,5577
4769,811,6.3359375e-05,1,5601
5758,811,6.3359375e-05,1,5602
16071,811,6.3359375e-05,1,5603
6437,811,6.3359375e-05,1,5586
14337,811,6.3359375e-05,1,5584
1423,811,6.3359375e-05,1,5621
4068,811,6.3359375e-05,1,5579
7312,811,6.3359375e-05,1,5597
7079,811,6.3359375e-05,1,5622
11419,811,6.3359375e-05,1,5604
1402,811,6.3359375e-05,1,5617
6186,811,6.3359375e-05,1,5594
141,811,6.3359375e-05,1,5599
1558,811,6.3359375e-05,1,5593
1533,811,6.3359375e-05,1,5588
13109,811,6.3359375e-05,1,5590
971,811,6.3359375e-05,1,5596
15502,811,6.3359375e-05,1,5616
15628,811,6.3359375e-05,1,5624
12155,811,6.3359375e-05,1,5619
6878,811,6.3359375e-05,1,5620
2931,811,6.3359375e-05,1,5623
8294,811,6.3359375e-05,1,5589
962,811,6.3359375e-05,1,5592
5156,811,6.3359375e-05,1,5609
671,811,6.3359375e-05,1,5578
5481,811,6.3359375e-05,1,5626
10044,811,6.3359375e-05,1,5598
8358,811,6.3359375e-05,1,5600
15678,811,6.3359375e-05,1,5607
15519,811,6.3359375e-05,1,5618
8291,811,6.3359375e-05,1,5608
798,811,6.3359375e-05,1,5611
12914,811,6.3359375e-05,1,5591
11278,811,6.3359375e-05,1,5615
811,811,6.3359375e-05,1,5612
926,811,6.3359375e-05,1,5585
15828,810,6.328125e-05,1,5648
5843,810,6.328125e-05,1,5632
2362,810,6.328125e-05,1,5676
15633,810,6.328125e-05,1,5658
8160,810,6.328125e-05,1,5634
14222,810,6.328125e-05,1,5673
2551,810,6.328125e-05,1,5635
3370,810,6.328125e-05,1,5671
15718,810,6.328125e-05,1,5651
1870,810,6.328125e-05,1,5628
1879,810,6.328125e-05,1,5637
8891,810,6.328125e-05,1,5631
11027,810,6.328125e-05,1,5644
9708,810,6.328125e-05,1,5645
8900,810,6.328125e-05,1,5633
9079,810,6.328125e-05,1,5643
9032,810,6.328125e-05,1,5639
9770,810,6.328125e-05,1,5666
10278,810,6.328125e-05,1,5669
1475,810,6.328125e-05,1,5660
10939,810,6.328125e-05,1,5665
13031,810,6.328125e-05,1,5677
7803,810,6.328125e-05,1,5657
9187,810,6.328125e-05,1,5642
229,810,6.328125e-05,1,5674
8311,810,6.328125e-05,1,5668
1703,810,6.328125e-05,1,5656
1713,810,6.328125e-05,1,5659
5564,810,6.328125e-05,1,5652
14732,810,6.328125e-05,1,5640
11025,810,6.328125e-05,1,5667
14162,810,6.328125e-05,1,5670
8054,810,6.328125e-05,1,5646
2745,810,6.328125e-05,1,5629
11593,810,6.328125e-05,1,5650
1138,810,6.328125e-05,1,5638
8096,810,6.328125e-05,1,5662
6095,810,6.328125e-05,1,5661
10476,810,6.328125e-05,1,5636
1104,810,6.328125e-05,1,5630
7576,810,6.328125e-05,1,5675
8467,810,6.328125e-05,1,5653
8577,810,6.328125e-05,1,5649
2409,810,6.328125e-05,1,5641
3224,810,6.328125e-05,1,5672
3212,810,6.328125e-05,1,5664
11620,810,6.328125e-05,1,5655
8534,810,6.328125e-05,1,5654
9591,810,6.328125e-05,1,5647
2061,810,6.328125e-05,1,5663
9731,809,6.3203125e-05,1,5682
1950,809,6.3203125e-05,1,5728
2507,809,6.3203125e-05,1,5687
13335,809,6.3203125e-05,1,5695
6245,809,6.3203125e-05,1,5713
391,809,6.3203125e-05,1,5678
1124,809,6.3203125e-05,1,5708
12517,809,6.3203125e-05,1,5721
6921,809,6.3203125e-05,1,5715
5434,809,6.3203125e-05,1,5701
2432,809,6.3203125e-05,1,5716
8073,809,6.3203125e-05,1,5681
1901,809,6.3203125e-05,1,5710
9531,809,6.3203125e-05,1,5736
6809,809,6.3203125e-05,1,5706
8093,809,6.3203125e-05,1,5735
2279,809,6.3203125e-05,1,5724
14549,809,6.3203125e-05,1,5700
9596,809,6.3203125e-05,1,5719
12812,809,6.3203125e-05,1,5712
15571,809,6.3203125e-05,1,5733
10133,809,6.3203125e-05,1,5697
6360,809,6.3203125e-05,1,5696
2236,809,6.3203125e-05,1,5732
3783,809,6.3203125e-05,1,5698
10943,809,6.3203125e-05,1,5718
14651,809,6.3203125e-05,1,5702
531,809,6.3203125e-05,1,5725
11816,809,6.3203125e-05,1,5717
7153,809,6.3203125e-05,1,5726
5005,809,6.3203125e-05,1,5727
2722,809,6.3203125e-05,1,5709
8419,809,6.3203125e-05,1,5693
10117,809,6.3203125e-05,1,5731
434,809,6.3203125e-05,1,5734
2653,809,6.3203125e-05,1,5707
5454,809,6.3203125e-05,1,5705
7712,809,6.3203125e-05,1,5730
3061,809,6.3203125e-05,1,5694
9888,809,6.3203125e-05,1,5692
14935,809,6.3203125e-05,1,5729
14882,809,6.3203125e-05,1,5683
13864,809,6.3203125e-05,1,5699
9379,809,6.3203125e-05,1,5690
3173,809,6.3203125e-05,1,5704
13450,809,6.3203125e-05,1,5714
1782,809,6.3203125e-05,1,5720
4104,809,6.3203125e-05,1,5703
10337,809,6.3203125e-05,1,5689
15456,809,6.3203125e-05,1,5711
12352,809,6.3203125e-05,1,5685
6540,809,6.3203125e-05,1,5686
9386,809,6.3203125e-05,1,5688
8257,809,6.3203125e-05,1,5723
4226,809,6.3203125e-05,1,5722
2148,809,6.3203125e-05,1,5679
173,809,6.3203125e-05,1,5684
9422,809,6.3203125e-05,1,5691
9435,809,6.3203125e-05,1,5680
14528,808,6.3125e-05,1,5777
101,808,6.3125e-05,1,5758
15992,808,6.3125e-05,1,5741
4327,808,6.3125e-05,1,5753
10353,808,6.3125e-05,1,5744
6382,808,6.3125e-05,1,5739
10397,808,6.3125e-05,1,5748
6371,808,6.3125e-05,1,5768
14152,808,6.3125e-05,1,5789
14005,808,6.3125e-05,1,5780
15984,808,6.3125e-05,1,5740
1925,808,6.3125e-05,1,5791
7066,808,6.3125e-05,1,5747
15487,808,6.3125e-05,1,5765
5338,808,6.3125e-05,1,5774
1764,808,6.3125e-05,1,5792
11321,808,6.3125e-05,1,5756
5510,808,6.3125e-05,1,5775
768,808,6.3125e-05,1,5752
9494,808,6.3125e-05,1,5738
16139,808,6.3125e-05,1,5755
10853,808,6.3125e-05,1,5770
3355,808,6.3125e-05,1,5759
2821,808,6.3125e-05,1,5750
8188,808,6.3125e-05,1,5795
7126,808,6.3125e-05,1,5761
8318,808,6.3125e-05,1,5790
5524,808,6.3125e-05,1,5771
14433,808,6.3125e-05,1,5787
1563,808,6.3125e-05,1,5785
11803,808,6.3125e-05,1,5751
4210,808,6.3125e-05,1,5746
14495,808,6.3125e-05,1,5781
5511,808,6.3125e-05,1,5769
10831,808,6.3125e-05,1,5772
800,808,6.3125e-05,1,5763
12316,808,6.3125e-05,1,5788
5420,808,6.3125e-05,1,5786
1439,808,6.3125e-05,1,5782
11887,808,6.3125e-05,1,5745
2430,808,6.3125e-05,1,5776
15739,808,6.3125e-05,1,5754
8953,808,6.3125e-05,1,5737
13609,808,6.3125e-05,1,5773
5146,808,6.3125e-05,1,5778
15008,808,6.3125e-05,1,5764
977,808,6.3125e-05,1,5757
11069,808,6.3125e-05,1,5742
3645,808,6.3125e-05,1,5794
4662,808,6.3125e-05,1,5760
961,808,6.3125e-05,1,5767
14610,808,6.3125e-05,1,5796
13740,808,6.3125e-05,1,5783
2386,808,6.3125e-05,1,5793
8827,808,6.3125e-05,1,5779
3460,808,6.3125e-05,1,5784
11836,808,6.3125e-05,1,5766
9049,808,6.3125e-05,1,5762
11915,808,6.3125e-05,1,5743
6596,808,6.3125e-05,1,5749
4888,807,6.3046875e-05,1,5834
894,807,6.3046875e-05,1,5811
7189,807,6.3046875e-05,1,5801
8617,807,6.3046875e-05,1,5822
1312,807,6.3046875e-05,1,5802
10085,807,6.3046875e-05,1,5803
7635,807,6.3046875e-05,1,5841
12233,807,6.3046875e-05,1,5832
12297,807,6.3046875e-05,1,5831
14107,807,6.3046875e-05,1,5826
5327,807,6.3046875e-05,1,5829
3726,807,6.3046875e-05,1,5827
7290,807,6.3046875e-05,1,5830
3517,807,6.3046875e-05,1,5808
8275,807,6.3046875e-05,1,5824
12141,807,6.3046875e-05,1,5812
2861,807,6.3046875e-05,1,5823
5727,807,6.3046875e-05,1,5836
15843,807,6.3046875e-05,1,5820
14287,807,6.3046875e-05,1,5828
5849,807,6.3046875e-05,1,5815
14168,807,6.3046875e-05,1,5798
9868,807,6.3046875e-05,1,5842
14843,807,6.3046875e-05,1,5833
4082,807,6.3046875e-05,1,5810
4416,807,6.3046875e-05,1,5840
2325,807,6.3046875e-05,1,5804
2447,807,6.3046875e-05,1,5813
2051,807,6.3046875e-05,1,5817
13729,807,6.3046875e-05,1,5809
2739,807,6.3046875e-05,1,5818
8489,807,6.3046875e-05,1,5843
5282,807,6.3046875e-05,1,5837
9098,807,6.3046875e-05,1,5806
1041,807,6.3046875e-05,1,5807
2769,807,6.3046875e-05,1,5839
14009,807,6.3046875e-05,1,5797
12095,807,6.3046875e-05,1,5799
5467,807,6.3046875e-05,1,5816
7917,807,6.3046875e-05,1,5814
15389,807,6.3046875e-05,1,5825
7913,807,6.3046875e-05,1,5805
13787,807,6.3046875e-05,1,5821
2587,807,6.3046875e-05,1,5838
11347,807,6.3046875e-05,1,5835
15585,807,6.3046875e-05,1,5819
14460,807,6.3046875e-05,1,5800
10120,806,6.296875e-05,1,5856
15758,806,6.296875e-05,1,5885
9557,806,6.296875e-05,1,5890
1256,806,6.296875e-05,1,5854
2480,806,6.296875e-05,1,5871
15726,806,6.296875e-05,1,5844
13986,806,6.296875e-05,1,5866
4683,806,6.296875e-05,1,5905
12288,806,6.296875e-05,1,5898
1110,806,6.296875e-05,1,5876
13888,806,6.296875e-05,1,5848
2118,806,6.296875e-05,1,5857
1121,806,6.296875e-05,1,5891
15537,806,6.296875e-05,1,5855
2002,806,6.296875e-05,1,5882
2006,806,6.296875e-05,1,5877
5923,806,6.296875e-05,1,5851
13119,806,6.296875e-05,1,5884
8238,806,6.296875e-05,1,5893
13944,806,6.296875e-05,1,5850
11631,806,6.296875e-05,1,5845
5432,806,6.296875e-05,1,5870
12888,806,6.296875e-05,1,5847
2039,806,6.296875e-05,1,5874
1213,806,6.296875e-05,1,5869
13606,806,6.296875e-05,1,5887
10088,806,6.296875e-05,1,5865
14013,806,6.296875e-05,1,5862
14917,806,6.296875e-05,1,5904
14560,806,6.296875e-05,1,5889
15280,806,6.296875e-05,1,5864
13329,806,6.296875e-05,1,5903
4487,806,6.296875e-05,1,5868
6231,806,6.296875e-05,1,5879
2348,806,6.296875e-05,1,5863
7462,806,6.296875e-05,1,5901
2212,806,6.296875e-05,1,5858
6922,806,6.296875e-05,1,5852
12051,806,6.296875e-05,1,5894
14374,806,6.296875e-05,1,5867
5738,806,6.296875e-05,1,5880
790,806,6.296875e-05,1,5861
1635,806,6.296875e-05,1,5881
5358,806,6.296875e-05,1,5878
3449,806,6.296875e-05,1,5888
2262,806,6.296875e-05,1,5853
4341,806,6.296875e-05,1,5892
2943,806,6.296875e-05,1,5860
15136,806,6.296875e-05,1,5849
328,806,6.296875e-05,1,5900
14590,806,6.296875e-05,1,5895
7984,806,6.296875e-05,1,5875
5606,806,6.296875e-05,1,5859
13146,806,6.296875e-05,1,5872
3159,806,6.296875e-05,1,5886
11543,806,6.296875e-05,1,5902
5035,806,6.296875e-05,1,5846
1798,806,6.296875e-05,1,5897
11217,806,6.296875e-05,1,5899
8445,806,6.296875e-05,1,5896
9861,806,6.296875e-05,1,5873
10484,806,6.296875e-05,1,5883
543,805,6.2890625e-05,1,5909
7526,805,6.2890625e-05,1,5960
9145,805,6.2890625e-05,1,5918
7258,805,6.2890625e-05,1,5954
4799,805,6.2890625e-05,1,5962
10986,805,6.2890625e-05,1,5928
8961,805,6.2890625e-05,1,5965
929,805,6.2890625e-05,1,5958
7469,805,6.2890625e-05,1,5966
15737,805,6.2890625e-05,1,5926
1873,805,6.2890625e-05,1,5907
14887,805,6.2890625e-05,1,5964
1527,805,6.2890625e-05,1,5925
6134,805,6.2890625e-05,1,5927
11829,805,6.2890625e-05,1,5911
14815,805,6.2890625e-05,1,5952
8529,805,6.2890625e-05,1,5945
2072,805,6.2890625e-05,1,5934
8527,805,6.2890625e-05,1,5943
14270,805,6.2890625e-05,1,5970
15435,805,6.2890625e-05,1,5910
15901,805,6.2890625e-05,1,5936
14330,805,6.2890625e-05,1,5961
4411,805,6.2890625e-05,1,5929
8675,805,6.2890625e-05,1,5906
15749,805,6.2890625e-05,1,5924
11650,805,6.2890625e-05,1,5935
15750,805,6.2890625e-05,1,5923
6548,805,6.2890625e-05,1,5921
15012,805,6.2890625e-05,1,5968
1400,805,6.2890625e-05,1,5948
7974,805,6.2890625e-05,1,5940
4693,805,6.2890625e-05,1,5956
6482,805,6.2890625e-05,1,5915
4052,805,6.2890625e-05,1,5908
9472,805,6.2890625e-05,1,5942
8404,805,6.2890625e-05,1,5932
8846,805,6.2890625e-05,1,5959
6580,805,6.2890625e-05,1,5941
9505,805,6.2890625e-05,1,5946
16084,805,6.2890625e-05,1,5947
386,805,6.2890625e-05,1,5931
11243,805,6.2890625e-05,1,5916
11363,805,6.2890625e-05,1,5944
2155,805,6.2890625e-05,1,5933
13206,805,6.2890625e-05,1,5913
5298,805,6.2890625e-05,1,5914
5714,805,6.2890625e-05,1,5957
10251,805,6.2890625e-05,1,5917
10470,805,6.2890625e-05,1,5967
10727,805,6.2890625e-05,1,5919
13764,805,6.2890625e-05,1,5937
12968,805,6.2890625e-05,1,5938
13721,805,6.2890625e-05,1,5939
13273,805,6.2890625e-05,1,5912
5802,805,6.2890625e-05,1,5955
2795,805,6.2890625e-05,1,5930
2265,805,6.2890625e-05,1,5922
9893,805,6.2890625e-05,1,5920
9754,805,6.2890625e-05,1,5953
5873,805,6.2890625e-05,1,5951
2531,805,6.2890625e-05,1,5969
5230,805,6.2890625e-05,1,5950
2794,805,6.2890625e-05,1,5949
2632,805,6.2890625e-05,1,5963
656,804,6.28125e-05,1,6013
2357,804,6.28125e-05,1,6017
14044,804,6.28125e-05,1,5976
6227,804,6.28125e-05,1,6001
6026,804,6.28125e-05,1,5982
2597,804,6.28125e-05,1,5975
2958,804,6.28125e-05,1,5993
12616,804,6.28125e-05,1,6022
670,804,6.28125e-05,1,6029
7456,804,6.28125e-05,1,5995
10856,804,6.28125e-05,1,6014
2339,804,6.28125e-05,1,6018
1437,804,6.28125e-05,1,6011
13709,804,6.28125e-05,1,6019
11358,804,6.28125e-05,1,5983
12391,804,6.28125e-05,1,5973
7904,804,6.28125e-05,1,5972
7756,804,6.28125e-05,1,6003
393,804,6.28125e-05,1,6002
9220,804,6.28125e-05,1,5990
15863,804,6.28125e-05,1,5977
7918,804,6.28125e-05,1,5985
13256,804,6.28125e-05,1,5981
1913,804,6.28125e-05,1,5971
10222,804,6.28125e-05,1,6028
6239,804,6.28125e-05,1,5991
14664,804,6.28125e-05,1,5978
2272,804,6.28125e-05,1,5980
14554,804,6.28125e-05,1,6015
2127,804,6.28125e-05,1,6005
12795,804,6.28125e-05,1,5998
13403,804,6.28125e-05,1,5997
1523,804,6.28125e-05,1,5974
6102,804,6.28125e-05,1,6004
6455,804,6.28125e-05,1,5984
5759,804,6.28125e-05,1,6020
9219,804,6.28125e-05,1,5989
12550,804,6.28125e-05,1,6027
6750,804,6.28125e-05,1,5988
6943,804,6.28125e-05,1,6000
2989,804,6.28125e-05,1,6007
1192,804,6.28125e-05,1,5999
899,804,6.28125e-05,1,6026
10807,804,6.28125e-05,1,6006
13538,804,6.28125e-05,1,6025
12645,804,6.28125e-05,1,6016
5882,804,6.28125e-05,1,6010
3781,804,6.28125e-05,1,5986
9366,804,6.28125e-05,1,5979
5566,804,6.28125e-05,1,6024
4522,804,6.28125e-05,1,6012
2183,804,6.28125e-05,1,5992
3757,804,6.28125e-05,1,5987
12237,804,6.28125e-05,1,6009
15185,804,6.28125e-05,1,6021
10736,804,6.28125e-05,1,5996
5611,804,6.28125e-05,1,6023
13412,804,6.28125e-05,1,5994
9927,804,6.28125e-05,1,6008
10864,803,6.2734375e-05,1,6045
12430,803,6.2734375e-05,1,6041
5041,803,6.2734375e-05,1,6058
14158,803,6.2734375e-05,1,6071
5422,803,6.2734375e-05,1,6038
16058,803,6.2734375e-05,1,6051
13849,803,6.2734375e-05,1,6060
10152,803,6.2734375e-05,1,6054
2092,803,6.2734375e-05,1,6073
9680,803,6.2734375e-05,1,6065
4552,803,6.2734375e-05,1,6057
12153,803,6.2734375e-05,1,6036
409,803,6.2734375e-05,1,6047
4818,803,6.2734375e-05,1,6046
4594,803,6.2734375e-05,1,6048
8491,803,6.2734375e-05,1,6049
7925,803,6.2734375e-05,1,6070
6065,803,6.2734375e-05,1,6032
3070,803,6.2734375e-05,1,6072
10505,803,6.2734375e-05,1,6031
12367,803,6.2734375e-05,1,6056
3844,803,6.2734375e-05,1,6066
8878,803,6.2734375e-05,1,6033
10347,803,6.2734375e-05,1,6042
13468,803,6.2734375e-05,1,6059
5103,803,6.2734375e-05,1,6044
8758,803,6.2734375e-05,1,6052
16360,803,6.2734375e-05,1,6055
15416,803,6.2734375e-05,1,6062
9306,803,6.2734375e-05,1,6043
2520,803,6.2734375e-05,1,6037
3593,803,6.2734375e-05,1,6069
6950,803,6.2734375e-05,1,6064
5180,803,6.2734375e-05,1,6061
12977,803,6.2734375e-05,1,6068
614,803,6.2734375e-05,1,6035
5502,803,6.2734375e-05,1,6039
611,803,6.2734375e-05,1,6030
14792,803,6.2734375e-05,1,6034
7436,803,6.2734375e-05,1,6053
4258,803,6.2734375e-05,1,6067
4217,803,6.2734375e-05,1,6040
13728,803,6.2734375e-05,1,6050
3761,803,6.2734375e-05,1,6063
15999,802,6.265625e-05,1,6121
10869,802,6.265625e-05,1,6088
9701,802,6.265625e-05,1,6074
7846,802,6.265625e-05,1,6083
9724,802,6.265625e-05,1,6125
10835,802,6.265625e-05,1,6113
13222,802,6.265625e-05,1,6123
9367,802,6.265625e-05,1,6131
7836,802,6.265625e-05,1,6097
7828,802,6.265625e-05,1,6085
11790,802,6.265625e-05,1,6102
14224,802,6.265625e-05,1,6093
5834,802,6.265625e-05,1,6136
5949,802,6.265625e-05,1,6080
6292,802,6.265625e-05,1,6133
4356,802,6.265625e-05,1,6104
7056,802,6.265625e-05,1,6084
9878,802,6.265625e-05,1,6091
2967,802,6.265625e-05,1,6103
11051,802,6.265625e-05,1,6107
6660,802,6.265625e-05,1,6115
4656,802,6.265625e-05,1,6096
1175,802,6.265625e-05,1,6132
1151,802,6.265625e-05,1,6082
10519,802,6.265625e-05,1,6130
1125,802,6.265625e-05,1,6106
2502,802,6.265625e-05,1,6122
12115,802,6.265625e-05,1,6116
6769,802,6.265625e-05,1,6092
15277,802,6.265625e-05,1,6134
4549,802,6.265625e-05,1,6120
5624,802,6.265625e-05,1,6141
3017,802,6.265625e-05,1,6086
2561,802,6.265625e-05,1,6101
4710,802,6.265625e-05,1,6076
4712,802,6.265625e-05,1,6095
5419,802,6.265625e-05,1,6135
12501,802,6.265625e-05,1,6119
2713,802,6.265625e-05,1,6089
11418,802,6.265625e-05,1,6098
9169,802,6.265625e-05,1,6118
14435,802,6.265625e-05,1,6087
6323,802,6.265625e-05,1,6128
3441,802,6.265625e-05,1,6117
507,802,6.265625e-05,1,6111
2579,802,6.265625e-05,1,6108
14586,802,6.265625e-05,1,6075
13761,802,6.265625e-05,1,6139
9047,802,6.265625e-05,1,6099
3927,802,6.265625e-05,1,6081
12816,802,6.265625e-05,1,6126
12834,802,6.265625e-05,1,6077
653,802,6.265625e-05,1,6079
9372,802,6.265625e-05,1,6110
12177,802,6.265625e-05,1,6112
13055,802,6.265625e-05,1,6140
11553,802,6.265625e-05,1,6090
6053,802,6.265625e-05,1,6124
16304,802,6.265625e-05,1,6138
11583,802,6.265625e-05,1,6078
9549,802,6.265625e-05,1,6109
5969,802,6.265625e-05,1,6127
1998,802,6.265625e-05,1,6129
12639,802,6.265625e-05,1,6114
49,802,6.265625e-05,1,6137
13899,802,6.265625e-05,1,6100
1968,802,6.265625e-05,1,6094
16206,802,6.265625e-05,1,6105
13302,801,6.2578125e-05,1,6170
11464,801,6.2578125e-05,1,6156
2879,801,6.2578125e-05,1,6166
9748,801,6.2578125e-05,1,6161
209,801,6.2578125e-05,1,6185
13219,801,6.2578125e-05,1,6199
8145,801,6.2578125e-05,1,6204
2800,801,6.2578125e-05,1,6162
2670,801,6.2578125e-05,1,6143
3136,801,6.2578125e-05,1,6197
9540,801,6.2578125e-05,1,6158
9913,801,6.2578125e-05,1,6196
2187,801,6.2578125e-05,1,6198
10108,801,6.2578125e-05,1,6167
10070,801,6.2578125e-05,1,6151
2921,801,6.2578125e-05,1,6202
4431,801,6.2578125e-05,1,6160
3469,801,6.2578125e-05,1,6175
5744,801,6.2578125e-05,1,6189
13511,801,6.2578125e-05,1,6201
5690,801,6.2578125e-05,1,6150
12399,801,6.2578125e-05,1,6188
3222,801,6.2578125e-05,1,6148
6906,801,6.2578125e-05,1,6157
12235,801,6.2578125e-05,1,6190
1704,801,6.2578125e-05,1,6172
15315,801,6.2578125e-05,1,6173
4621,801,6.2578125e-05,1,6164
10723,801,6.2578125e-05,1,6200
1297,801,6.2578125e-05,1,6165
12113,801,6.2578125e-05,1,6142
10855,801,6.2578125e-05,1,6171
4688,801,6.2578125e-05,1,6152
8295,801,6.2578125e-05,1,6209
2887,801,6.2578125e-05,1,6163
4880,801,6.2578125e-05,1,6187
11920,801,6.2578125e-05,1,6183
268,801,6.2578125e-05,1,6147
8316,801,6.2578125e-05,1,6194
5557,801,6.2578125e-05,1,6168
12867,801,6.2578125e-05,1,6191
12908,801,6.2578125e-05,1,6184
11494,801,6.2578125e-05,1,6146
3069,801,6.2578125e-05,1,6149
7735,801,6.2578125e-05,1,6206
2772,801,6.2578125e-05,1,6181
3834,801,6.2578125e-05,1,6177
8052,801,6.2578125e-05,1,6178
9369,801,6.2578125e-05,1,6145
15155,801,6.2578125e-05,1,6174
14508,801,6.2578125e-05,1,6186
10047,801,6.2578125e-05,1,6192
10690,801,6.2578125e-05,1,6144
5057,801,6.2578125e-05,1,6154
10510,801,6.2578125e-05,1,6203
5791,801,6.2578125e-05,1,6195
11863,801,6.2578125e-05,1,6179
16363,801,6.2578125e-05,1,6169
10392,801,6.2578125e-05,1,6180
1406,801,6.2578125e-05,1,6207
1412,801,6.2578125e-05,1,6205
1173,801,6.2578125e-05,1,6208
11054,801,6.2578125e-05,1,6182
6117,801,6.2578125e-05,1,6155
13933,801,6.2578125e-05,1,6193
10331,801,6.2578125e-05,1,6153
11762,801,6.2578125e-05,1,6159
11077,801,6.2578125e-05,1,6176
7684,800,6.25e-05,1,6230
12457,800,6.25e-05,1,6227
5435,800,6.25e-05,1,6253
11747,800,6.25e-05,1,6222
4490,800,6.25e-05,1,6247
11118,800,6.25e-05,1,6232
9905,800,6.25e-05,1,6263
11868,800,6.25e-05,1,6241
2810,800,6.25e-05,1,6239
3812,800,6.25e-05,1,6215
1314,800,6.25e-05,1,6237
13142,800,6.25e-05,1,6219
8988,800,6.25e-05,1,6226
11901,800,6.25e-05,1,6233
14536,800,6.25e-05,1,6216
2692,800,6.25e-05,1,6251
8322,800,6.25e-05,1,6210
10654,800,6.25e-05,1,6255
773,800,6.25e-05,1,6223
1269,800,6.25e-05,1,6243
14398,800,6.25e-05,1,6266
14597,800,6.25e-05,1,6258
8699,800,6.25e-05,1,6236
12298,800,6.25e-05,1,6220
3973,800,6.25e-05,1,6259
9471,800,6.25e-05,1,6217
7276,800,6.25e-05,1,6214
9544,800,6.25e-05,1,6249
14379,800,6.25e-05,1,6264
9091,800,6.25e-05,1,6238
10925,800,6.25e-05,1,6225
12433,800,6.25e-05,1,6257
13927,800,6.25e-05,1,6261
2281,800,6.25e-05,1,6228
12283,800,6.25e-05,1,6245
4151,800,6.25e-05,1,6242
7894,800,6.25e-05,1,6252
2180,800,6.25e-05,1,6262
11655,800,6.25e-05,1,6265
8861,800,6.25e-05,1,6248
12205,800,6.25e-05,1,6212
15180,800,6.25e-05,1,6240
1354,800,6.25e-05,1,6229
6758,800,6.25e-05,1,6256
710,800,6.25e-05,1,6235
7546,800,6.25e-05,1,6231
12167,800,6.25e-05,1,6218
8141,800,6.25e-05,1,6224
5731,800,6.25e-05,1,6211
14261,800,6.25e-05,1,6234
9529,800,6.25e-05,1,6246
7162,800,6.25e-05,1,6254
13588,800,6.25e-05,1,6213
8513,800,6.25e-05,1,6244
4083,800,6.25e-05,1,6250
7052,800,6.25e-05,1,6221
16248,800,6.25e-05,1,6260
5350,799,6.2421875e-05,1,6323
10753,799,6.2421875e-05,1,6279
4311,799,6.2421875e-05,1,6270
4999,799,6.2421875e-05,1,6288
14789,799,6.2421875e-05,1,6286
9323,799,6.2421875e-05,1,6293
5293,799,6.2421875e-05,1,6280
2960,799,6.2421875e-05,1,6296
5558,799,6.2421875e-05,1,6302
13396,799,6.2421875e-05,1,6285
3526,799,6.2421875e-05,1,6273
9624,799,6.2421875e-05,1,6277
4607,799,6.2421875e-05,1,6333
13985,799,6.2421875e-05,1,6297
15175,799,6.2421875e-05,1,6327
421,799,6.2421875e-05,1,6294
6839,799,6.2421875e-05,1,6298
5794,799,6.2421875e-05,1,6300
15145,799,6.2421875e-05,1,6290
13640,799,6.2421875e-05,1,6325
1219,799,6.2421875e-05,1,6308
10119,799,6.2421875e-05,1,6303
4249,799,6.2421875e-05,1,6272
6974,799,6.2421875e-05,1,6289
1850,799,6.2421875e-05,1,6316
11156,799,6.2421875e-05,1,6283
13010,799,6.2421875e-05,1,6324
12568,799,6.2421875e-05,1,6314
8178,799,6.2421875e-05,1,6268
9361,799,6.2421875e-05,1,6322
6334,799,6.2421875e-05,1,6275
2909,799,6.2421875e-05,1,6307
5398,799,6.2421875e-05,1,6329
3602,799,6.2421875e-05,1,6295
3816,799,6.2421875e-05,1,6318
15935,799,6.2421875e-05,1,6332
8274,799,6.2421875e-05,1,6269
14289,799,6.2421875e-05,1,6310
4620,799,6.2421875e-05,1,6311
7720,799,6.2421875e-05,1,6330
5337,799,6.2421875e-05,1,6321
2222,799,6.2421875e-05,1,6305
15301,799,6.2421875e-05,1,6312
4337,799,6.2421875e-05,1,6317
2417,799,6.2421875e-05,1,6309
5244,799,6.2421875e-05,1,6274
7030,799,6.2421875e-05,1,6320
5184,799,6.2421875e-05,1,6284
6005,799,6.2421875e-05,1,6292
14026,799,6.2421875e-05,1,6304
5516,799,6.2421875e-05,1,6306
2431,799,6.2421875e-05,1,6301
8119,799,6.2421875e-05,1,6276
5446,799,6.2421875e-05,1,6313
5702,799,6.2421875e-05,1,6326
92,799,6.2421875e-05,1,6267
10851,799,6.2421875e-05,1,6299
5247,799,6.2421875e-05,1,6282
6494,799,6.2421875e-05,1,6271
5087,799,6.2421875e-05,1,6328
6771,799,6.2421875e-05,1,6291
4430,799,6.2421875e-05,1,6287
6297,799,6.2421875e-05,1,6278
3825,799,6.2421875e-05,1,6315
4069,799,6.2421875e-05,1,6281
882,799,6.2421875e-05,1,6331
1678,799,6.2421875e-05,1,6319
2804,798,6.234375e-05,1,6390
7038,798,6.234375e-05,1,6340
14200,798,6.234375e-05,1,6335
4724,798,6.234375e-05,1,6369
12024,798,6.234375e-05,1,6355
8191,798,6.234375e-05,1,6367
10478,798,6.234375e-05,1,6348
15518,798,6.234375e-05,1,6364
1589,798,6.234375e-05,1,6391
5223,798,6.234375e-05,1,6392
820,798,6.234375e-05,1,6385
3511,798,6.234375e-05,1,6397
6023,798,6.234375e-05,1,6394
13338,798,6.234375e-05,1,6342
1376,798,6.234375e-05,1,6379
11020,798,6.234375e-05,1,6349
4720,798,6.234375e-05,1,6370
1243,798,6.234375e-05,1,6381
7131,798,6.234375e-05,1,6359
16332,798,6.234375e-05,1,6363
1373,798,6.234375e-05,1,6380
4747,798,6.234375e-05,1,6388
1398,798,6.234375e-05,1,6377
3930,798,6.234375e-05,1,6376
4398,798,6.234375e-05,1,6373
7116,798,6.234375e-05,1,6360
10614,798,6.234375e-05,1,6361
5072,798,6.234375e-05,1,6393
4949,798,6.234375e-05,1,6386
7158,798,6.234375e-05,1,6356
13251,798,6.234375e-05,1,6341
5973,798,6.234375e-05,1,6375
11064,798,6.234375e-05,1,6337
5860,798,6.234375e-05,1,6384
13091,798,6.234375e-05,1,6346
5303,798,6.234375e-05,1,6374
255,798,6.234375e-05,1,6371
15891,798,6.234375e-05,1,6350
12256,798,6.234375e-05,1,6366
9346,798,6.234375e-05,1,6365
2980,798,6.234375e-05,1,6395
6192,798,6.234375e-05,1,6389
6259,798,6.234375e-05,1,6398
15851,798,6.234375e-05,1,6353
12655,798,6.234375e-05,1,6339
15865,798,6.234375e-05,1,6352
13076,798,6.234375e-05,1,6347
9191,798,6.234375e-05,1,6344
10329,798,6.234375e-05,1,6351
7814,798,6.234375e-05,1,6358
6151,798,6.234375e-05,1,6382
2735,798,6.234375e-05,1,6383
12540,798,6.234375e-05,1,6334
8654,798,6.234375e-05,1,6338
5393,798,6.234375e-05,1,6378
13540,798,6.234375e-05,1,6345
1745,798,6.234375e-05,1,6372
12674,798,6.234375e-05,1,6362
14987,798,6.234375e-05,1,6357
6124,798,6.234375e-05,1,6387
6251,798,6.234375e-05,1,6396
9670,798,6.234375e-05,1,6343
8722,798,6.234375e-05,1,6354
6137,798,6.234375e-05,1,6368
8590,798,6.234375e-05,1,6336
12312,797,6.2265625e-05,1,6461
755,797,6.2265625e-05,1,6427
2484,797,6.2265625e-05,1,6447
12800,797,6.2265625e-05,1,6445
7471,797,6.2265625e-05,1,6405
2542,797,6.2265625e-05,1,6438
5129,797,6.2265625e-05,1,6416
11928,797,6.2265625e-05,1,6432
15401,797,6.2265625e-05,1,6411
749,797,6.2265625e-05,1,6402
10975,797,6.2265625e-05,1,6455
14317,797,6.2265625e-05,1,6454
13902,797,6.2265625e-05,1,6418
7902,797,6.2265625e-05,1,6460
4707,797,6.2265625e-05,1,6422
1451,797,6.2265625e-05,1,6421
7452,797,6.2265625e-05,1,6431
7862,797,6.2265625e-05,1,6412
6594,797,6.2265625e-05,1,6410
13229,797,6.2265625e-05,1,6407
11549,797,6.2265625e-05,1,6439
14140,797,6.2265625e-05,1,6399
6604,797,6.2265625e-05,1,6433
5891,797,6.2265625e-05,1,6406
2898,797,6.2265625e-05,1,6417
1431,797,6.2265625e-05,1,6426
3975,797,6.2265625e-05,1,6415
7029,797,6.2265625e-05,1,6446
4975,797,6.2265625e-05,1,6409
1417,797,6.2265625e-05,1,6430
4827,797,6.2265625e-05,1,6404
2120,797,6.2265625e-05,1,6458
9993,797,6.2265625e-05,1,6408
1252,797,6.2265625e-05,1,6448
11582,797,6.2265625e-05,1,6413
4022,797,6.2265625e-05,1,6400
847,797,6.2265625e-05,1,6403
2366,797,6.2265625e-05,1,6441
16335,797,6.2265625e-05,1,6420
12266,797,6.2265625e-05,1,6440
4660,797,6.2265625e-05,1,6424
3934,797,6.2265625e-05,1,6434
2405,797,6.2265625e-05,1,6453
9664,797,6.2265625e-05,1,6450
12911,797,6.2265625e-05,1,6452
1856,797,6.2265625e-05,1,6435
4297,797,6.2265625e-05,1,6456
8882,797,6.2265625e-05,1,6425
9899,797,6.2265625e-05,1,6459
1643,797,6.2265625e-05,1,6419
2948,797,6.2265625e-05,1,6429
7489,797,6.2265625e-05,1,6401
9441,797,6.2265625e-05,1,6449
11144,797,6.2265625e-05,1,6436
3373,797,6.2265625e-05,1,6442
79,797,6.2265625e-05,1,6462
8548,797,6.2265625e-05,1,6414
5720,797,6.2265625e-05,1,6423
13702,797,6.2265625e-05,1,6428
12847,797,6.2265625e-05,1,6451
5030,797,6.2265625e-05,1,6443
8431,797,6.2265625e-05,1,6457
9752,797,6.2265625e-05,1,6444
25,797,6.2265625e-05,1,6437
1169,797,6.2265625e-05,1,6463
5573,796,6.21875e-05,1,6517
974,796,6.21875e-05,1,6522
9957,796,6.21875e-05,1,6513
5952,796,6.21875e-05,1,6503
6,796,6.21875e-05,1,6480
15567,796,6.21875e-05,1,6496
7396,796,6.21875e-05,1,6486
7860,796,6.21875e-05,1,6506
9653,796,6.21875e-05,1,6491
11922,796,6.21875e-05,1,6521
16364,796,6.21875e-05,1,6510
4320,796,6.21875e-05,1,6465
14191,796,6.21875e-05,1,6515
3520,796,6.21875e-05,1,6487
9356,796,6.21875e-05,1,6501
7651,796,6.21875e-05,1,6523
5339,796,6.21875e-05,1,6477
2380,796,6.21875e-05,1,6469
1694,796,6.21875e-05,1,6492
1693,796,6.21875e-05,1,6490
7197,796,6.21875e-05,1,6520
1687,796,6.21875e-05,1,6489
5676,796,6.21875e-05,1,6514
2291,796,6.21875e-05,1,6484
10699,796,6.21875e-05,1,6481
8300,796,6.21875e-05,1,6471
6636,796,6.21875e-05,1,6479
10232,796,6.21875e-05,1,6478
533,796,6.21875e-05,1,6482
7491,796,6.21875e-05,1,6468
9151,796,6.21875e-05,1,6498
10186,796,6.21875e-05,1,6473
3126,796,6.21875e-05,1,6518
521,796,6.21875e-05,1,6519
7502,796,6.21875e-05,1,6509
13292,796,6.21875e-05,1,6516
498,796,6.21875e-05,1,6512
1595,796,6.21875e-05,1,6476
14918,796,6.21875e-05,1,6507
818,796,6.21875e-05,1,6500
8735,796,6.21875e-05,1,6475
9043,796,6.21875e-05,1,6495
14596,796,6.21875e-05,1,6488
12771,796,6.21875e-05,1,6483
13744,796,6.21875e-05,1,6493
1752,796,6.21875e-05,1,6470
15911,796,6.21875e-05,1,6467
15022,796,6.21875e-05,1,6504
15909,796,6.21875e-05,1,6524
8986,796,6.21875e-05,1,6466
10798,796,6.21875e-05,1,6485
12339,796,6.21875e-05,1,6511
5688,796,6.21875e-05,1,6497
7043,796,6.21875e-05,1,6502
11565,796,6.21875e-05,1,6472
7334,796,6.21875e-05,1,6474
2656,796,6.21875e-05,1,6508
11368,796,6.21875e-05,1,6494
4947,796,6.21875e-05,1,6505
3231,796,6.21875e-05,1,6464
11112,796,6.21875e-05,1,6499
7062,795,6.2109375e-05,1,6556
11581,795,6.2109375e-05,1,6541
13937,795,6.2109375e-05,1,6587
5645,795,6.2109375e-05,1,6588
4467,795,6.2109375e-05,1,6543
16333,795,6.2109375e-05,1,6583
12903,795,6.2109375e-05,1,6526
9580,795,6.2109375e-05,1,6566
15424,795,6.2109375e-05,1,6538
38,795,6.2109375e-05,1,6558
3571,795,6.2109375e-05,1,6592
71,795,6.2109375e-05,1,6564
3634,795,6.2109375e-05,1,6579
10550,795,6.2109375e-05,1,6593
7574,795,6.2109375e-05,1,6595
1367,795,6.2109375e-05,1,6594
15516,795,6.2109375e-05,1,6545
15061,795,6.2109375e-05,1,6553
2838,795,6.2109375e-05,1,6533
11086,795,6.2109375e-05,1,6590
11691,795,6.2109375e-05,1,6547
14883,795,6.2109375e-05,1,6559
5964,795,6.2109375e-05,1,6525
3653,795,6.2109375e-05,1,6589
8365,795,6.2109375e-05,1,6572
14196,795,6.2109375e-05,1,6578
5312,795,6.2109375e-05,1,6527
10997,795,6.2109375e-05,1,6574
10774,795,6.2109375e-05,1,6596
5054,795,6.2109375e-05,1,6585
11713,795,6.2109375e-05,1,6567
5842,795,6.2109375e-05,1,6570
9499,795,6.2109375e-05,1,6534
9704,795,6.2109375e-05,1,6531
1460,795,6.2109375e-05,1,6581
6346,795,6.2109375e-05,1,6582
8981,795,6.2109375e-05,1,6550
15902,795,6.2109375e-05,1,6577
1732,795,6.2109375e-05,1,6554
4753,795,6.2109375e-05,1,6555
13305,795,6.2109375e-05,1,6551
10447,795,6.2109375e-05,1,6591
9029,795,6.2109375e-05,1,6562
2312,795,6.2109375e-05,1,6569
6546,795,6.2109375e-05,1,6576
14608,795,6.2109375e-05,1,6548
11902,795,6.2109375e-05,1,6542
9001,795,6.2109375e-05,1,6552
13134,795,6.2109375e-05,1,6540
11364,795,6.2109375e-05,1,6598
562,795,6.2109375e-05,1,6575
11722,795,6.2109375e-05,1,6565
4003,795,6.2109375e-05,1,6537
13922,795,6.2109375e-05,1,6584
12557,795,6.2109375e-05,1,6557
1842,795,6.2109375e-05,1,6560
9521,795,6.2109375e-05,1,6529
11785,795,6.2109375e-05,1,6568
9673,795,6.2109375e-05,1,6528
6024,795,6.2109375e-05,1,6544
2271,795,6.2109375e-05,1,6571
12572,795,6.2109375e-05,1,6563
13789,795,6.2109375e-05,1,6535
12681,795,6.2109375e-05,1,6532
5479,795,6.2109375e-05,1,6561
14212,795,6.2109375e-05,1,6597
13887,795,6.2109375e-05,1,6573
10956,795,6.2109375e-05,1,6586
115,795,6.2109375e-05,1,6539
10612,795,6.2109375e-05,1,6580
492,795,6.2109375e-05,1,6536
1587,795,6.2109375e-05,1,6530
4389,795,6.2109375e-05,1,6549
13179,795,6.2109375e-05,1,6546
3599,794,6.203125e-05,1,6659
10641,794,6.203125e-05,1,6670
2516,794,6.203125e-05,1,6636
14443,794,6.203125e-05,1,6610
4785,794,6.203125e-05,1,6666
832,794,6.203125e-05,1,6612
1632,794,6.203125e-05,1,6640
1608,794,6.203125e-05,1,6656
1604,794,6.203125e-05,1,6637
12091,794,6.203125e-05,1,6650
2975,794,6.203125e-05,1,6641
1965,794,6.203125e-05,1,6600
14908,794,6.203125e-05,1,6633
7256,794,6.203125e-05,1,6631
15817,794,6.203125e-05,1,6671
10903,794,6.203125e-05,1,6667
11420,794,6.203125e-05,1,6655
15986,794,6.203125e-05,1,6658
13177,794,6.203125e-05,1,6668
13589,794,6.203125e-05,1,6628
16066,794,6.203125e-05,1,6621
9660,794,6.203125e-05,1,6662
12575,794,6.203125e-05,1,6645
15064,794,6.203125e-05,1,6608
6782,794,6.203125e-05,1,6669
952,794,6.203125e-05,1,6644
15052,794,6.203125e-05,1,6609
9324,794,6.203125e-05,1,6615
2193,794,6.203125e-05,1,6657
13181,794,6.203125e-05,1,6638
13190,794,6.203125e-05,1,6639
4000,794,6.203125e-05,1,6634
11238,794,6.203125e-05,1,6601
10258,794,6.203125e-05,1,6660
13212,794,6.203125e-05,1,6653
5824,794,6.203125e-05,1,6630
8627,794,6.203125e-05,1,6626
14376,794,6.203125e-05,1,6652
8066,794,6.203125e-05,1,6632
6727,794,6.203125e-05,1,6665
1696,794,6.203125e-05,1,6618
10906,794,6.203125e-05,1,6661
3139,794,6.203125e-05,1,6648
7318,794,6.203125e-05,1,6643
8655,794,6.203125e-05,1,6606
5560,794,6.203125e-05,1,6654
1560,794,6.203125e-05,1,6649
1570,794,6.203125e-05,1,6647
1975,794,6.203125e-05,1,6623
14870,794,6.203125e-05,1,6642
14592,794,6.203125e-05,1,6614
12377,794,6.203125e-05,1,6620
2031,794,6.203125e-05,1,6619
4950,794,6.203125e-05,1,6646
1279,794,6.203125e-05,1,6613
7699,794,6.203125e-05,1,6602
6444,794,6.203125e-05,1,6607
13707,794,6.203125e-05,1,6663
2297,794,6.203125e-05,1,6651
12301,794,6.203125e-05,1,6611
14735,794,6.203125e-05,1,6635
2539,794,6.203125e-05,1,6616
4111,794,6.203125e-05,1,6627
7691,794,6.203125e-05,1,6622
11038,794,6.203125e-05,1,6603
535,794,6.203125e-05,1,6605
12360,794,6.203125e-05,1,6624
11968,794,6.203125e-05,1,6664
7035,794,6.203125e-05,1,6599
8183,794,6.203125e-05,1,6629
11300,794,6.203125e-05,1,6625
13001,794,6.203125e-05,1,6617
7696,794,6.203125e-05,1,6604
2734,793,6.1953125e-05,1,6683
12680,793,6.1953125e-05,1,6715
14150,793,6.1953125e-05,1,6675
16217,793,6.1953125e-05,1,6687
6468,793,6.1953125e-05,1,6679
5972,793,6.1953125e-05,1,6700
9729,793,6.1953125e-05,1,6720
8605,793,6.1953125e-05,1,6690
3749,793,6.1953125e-05,1,6713
13030,793,6.1953125e-05,1,6734
5823,793,6.1953125e-05,1,6673
2971,793,6.1953125e-05,1,6710
13907,793,6.1953125e-05,1,6709
5044,793,6.1953125e-05,1,6705
3386,793,6.1953125e-05,1,6731
3607,793,6.1953125e-05,1,6702
10312,793,6.1953125e-05,1,6716
7859,793,6.1953125e-05,1,6686
1467,793,6.1953125e-05,1,6696
10615,793,6.1953125e-05,1,6708
16273,793,6.1953125e-05,1,6701
1040,793,6.1953125e-05,1,6676
1050,793,6.1953125e-05,1,6730
11602,793,6.1953125e-05,1,6711
15623,793,6.1953125e-05,1,6717
2459,793,6.1953125e-05,1,6735
3857,793,6.1953125e-05,1,6698
12941,793,6.1953125e-05,1,6733
15244,793,6.1953125e-05,1,6677
10533,793,6.1953125e-05,1,6697
11133,793,6.1953125e-05,1,6685
2770,793,6.1953125e-05,1,6682
2084,793,6.1953125e-05,1,6728
1810,793,6.1953125e-05,1,6681
1808,793,6.1953125e-05,1,6684
18,793,6.1953125e-05,1,6674
304,793,6.1953125e-05,1,6672
15961,793,6.1953125e-05,1,6678
7702,793,6.1953125e-05,1,6725
2302,793,6.1953125e-05,1,6714
890,793,6.1953125e-05,1,6704
470,793,6.1953125e-05,1,6721
15730,793,6.1953125e-05,1,6693
3442,793,6.1953125e-05,1,6706
5225,793,6.1953125e-05,1,6732
10209,793,6.1953125e-05,1,6724
10504,793,6.1953125e-05,1,6692
6667,793,6.1953125e-05,1,6729
14087,793,6.1953125e-05,1,6695
2904,793,6.1953125e-05,1,6722
7244,793,6.1953125e-05,1,6689
7492,793,6.1953125e-05,1,6694
5324,793,6.1953125e-05,1,6699
11370,793,6.1953125e-05,1,6712
7299,793,6.1953125e-05,1,6707
13751,793,6.1953125e-05,1,6719
15825,793,6.1953125e-05,1,6726
13279,793,6.1953125e-05,1,6680
11538,793,6.1953125e-05,1,6718
2912,793,6.1953125e-05,1,6727
14576,793,6.1953125e-05,1,6703
12094,793,6.1953125e-05,1,6688
12096,793,6.1953125e-05,1,6691
775,793,6.1953125e-05,1,6723
3261,792,6.1875e-05,1,6760
5217,792,6.1875e-05,1,6782
8723,792,6.1875e-05,1,6770
3471,792,6.1875e-05,1,6749
12273,792,6.1875e-05,1,6741
5812,792,6.1875e-05,1,6781
16118,792,6.1875e-05,1,6755
12678,792,6.1875e-05,1,6740
13492,792,6.1875e-05,1,6769
1841,792,6.1875e-05,1,6789
12740,792,6.1875e-05,1,6757
3937,792,6.1875e-05,1,6791
3874,792,6.1875e-05,1,6765
12419,792,6.1875e-05,1,6750
15063,792,6.1875e-05,1,6759
7722,792,6.1875e-05,1,6774
11791,792,6.1875e-05,1,6773
4884,792,6.1875e-05,1,6777
10418,792,6.1875e-05,1,6784
9981,792,6.1875e-05,1,6739
12574,792,6.1875e-05,1,6747
13573,792,6.1875e-05,1,6778
7412,792,6.1875e-05,1,6780
14604,792,6.1875e-05,1,6776
3951,792,6.1875e-05,1,6792
8372,792,6.1875e-05,1,6738
8823,792,6.1875e-05,1,6779
14823,792,6.1875e-05,1,6746
1982,792,6.1875e-05,1,6742
4955,792,6.1875e-05,1,6745
1143,792,6.1875e-05,1,6753
15690,792,6.1875e-05,1,6751
12992,792,6.1875e-05,1,6744
15741,792,6.1875e-05,1,6762
10412,792,6.1875e-05,1,6787
561,792,6.1875e-05,1,6758
10516,792,6.1875e-05,1,6772
14615,792,6.1875e-05,1,6771
736,792,6.1875e-05,1,6788
12174,792,6.1875e-05,1,6756
6307,792,6.1875e-05,1,6752
7943,792,6.1875e-05,1,6754
14243,792,6.1875e-05,1,6748
6557,792,6.1875e-05,1,6766
7424,792,6.1875e-05,1,6785
11853,792,6.1875e-05,1,6763
1116,792,6.1875e-05,1,6786
14853,792,6.1875e-05,1,6743
3956,792,6.1875e-05,1,6790
8841,792,6.1875e-05,1,6767
6589,792,6.1875e-05,1,6761
3024,792,6.1875e-05,1,6764
7261,792,6.1875e-05,1,6775
16107,792,6.1875e-05,1,6737
10188,792,6.1875e-05,1,6768
13925,792,6.1875e-05,1,6783
14157,792,6.1875e-05,1,6736
994,791,6.1796875e-05,1,6794
664,791,6.1796875e-05,1,6808
7784,791,6.1796875e-05,1,6793
11971,791,6.1796875e-05,1,6806
15159,791,6.1796875e-05,1,6843
4581,791,6.1796875e-05,1,6848
16255,791,6.1796875e-05,1,6826
12101,791,6.1796875e-05,1,6851
15198,791,6.1796875e-05,1,6799
7730,791,6.1796875e-05,1,6828
8385,791,6.1796875e-05,1,6850
13247,791,6.1796875e-05,1,6836
7040,791,6.1796875e-05,1,6818
15687,791,6.1796875e-05,1,6861
15375,791,6.1796875e-05,1,6842
4347,791,6.1796875e-05,1,6859
582,791,6.1796875e-05,1,6798
6909,791,6.1796875e-05,1,6802
4535,791,6.1796875e-05,1,6805
11735,791,6.1796875e-05,1,6812
4510,791,6.1796875e-05,1,6823
7281,791,6.1796875e-05,1,6817
354,791,6.1796875e-05,1,6809
7882,791,6.1796875e-05,1,6845
11287,791,6.1796875e-05,1,6810
11912,791,6.1796875e-05,1,6835
590,791,6.1796875e-05,1,6860
5551,791,6.1796875e-05,1,6827
620,791,6.1796875e-05,1,6814
15724,791,6.1796875e-05,1,6801
15794,791,6.1796875e-05,1,6819
10483,791,6.1796875e-05,1,6820
15220,791,6.1796875e-05,1,6854
5189,791,6.1796875e-05,1,6857
6445,791,6.1796875e-05,1,6838
9445,791,6.1796875e-05,1,6811
6249,791,6.1796875e-05,1,6795
10800,791,6.1796875e-05,1,6837
3375,791,6.1796875e-05,1,6824
11135,791,6.1796875e-05,1,6800
9253,791,6.1796875e-05,1,6844
3056,791,6.1796875e-05,1,6822
1286,791,6.1796875e-05,1,6849
5672,791,6.1796875e-05,1,6804
14082,791,6.1796875e-05,1,6796
5670,791,6.1796875e-05,1,6797
5917,791,6.1796875e-05,1,6847
14511,791,6.1796875e-05,1,6855
4599,791,6.1796875e-05,1,6832
6257,791,6.1796875e-05,1,6803
14041,791,6.1796875e-05,1,6840
8685,791,6.1796875e-05,1,6815
1622,791,6.1796875e-05,1,6839
11082,791,6.1796875e-05,1,6841
12226,791,6.1796875e-05,1,6830
4646,791,6.1796875e-05,1,6856
15004,791,6.1796875e-05,1,6807
5821,791,6.1796875e-05,1,6829
9926,791,6.1796875e-05,1,6846
9647,791,6.1796875e-05,1,6813
5801,791,6.1796875e-05,1,6834
14387,791,6.1796875e-05,1,6853
4817,791,6.1796875e-05,1,6858
11176,791,6.1796875e-05,1,6833
2453,791,6.1796875e-05,1,6816
1797,791,6.1796875e-05,1,6831
14599,791,6.1796875e-05,1,6825
8945,791,6.1796875e-05,1,6821
1847,791,6.1796875e-05,1,6862
4906,791,6.1796875e-05,1,6852
2361,790,6.171875e-05,1,6871
8728,790,6.171875e-05,1,6874
5471,790,6.171875e-05,1,6889
14229,790,6.171875e-05,1,6887
8717,790,6.171875e-05,1,6863
7266,790,6.171875e-05,1,6915
6939,790,6.171875e-05,1,6864
14938,790,6.171875e-05,1,6898
453,790,6.171875e-05,1,6881
3294,790,6.171875e-05,1,6912
1827,790,6.171875e-05,1,6904
3423,790,6.171875e-05,1,6909
14633,790,6.171875e-05,1,6895
11686,790,6.171875e-05,1,6883
15319,790,6.171875e-05,1,6872
275,790,6.171875e-05,1,6868
7179,790,6.171875e-05,1,6886
12784,790,6.171875e-05,1,6870
13646,790,6.171875e-05,1,6911
14713,790,6.171875e-05,1,6900
5199,790,6.171875e-05,1,6875
8876,790,6.171875e-05,1,6908
11764,790,6.171875e-05,1,6914
16137,790,6.171875e-05,1,6902
227,790,6.171875e-05,1,6903
6583,790,6.171875e-05,1,6880
504,790,6.171875e-05,1,6884
9668,790,6.171875e-05,1,6906
2601,790,6.171875e-05,1,6899
14209,790,6.171875e-05,1,6894
15504,790,6.171875e-05,1,6910
7678,790,6.171875e-05,1,6888
6069,790,6.171875e-05,1,6916
10570,790,6.171875e-05,1,6892
1961,790,6.171875e-05,1,6901
10503,790,6.171875e-05,1,6890
1531,790,6.171875e-05,1,6879
4381,790,6.171875e-05,1,6867
9492,790,6.171875e-05,1,6876
9780,790,6.171875e-05,1,6918
5396,790,6.171875e-05,1,6885
16210,790,6.171875e-05,1,6917
15210,790,6.171875e-05,1,6893
9548,790,6.171875e-05,1,6877
9545,790,6.171875e-05,1,6878
15073,790,6.171875e-05,1,6907
13809,790,6.171875e-05,1,6882
11154,790,6.171875e-05,1,6897
3387,790,6.171875e-05,1,6913
6324,790,6.171875e-05,1,6891
7969,790,6.171875e-05,1,6865
6813,790,6.171875e-05,1,6896
8438,790,6.171875e-05,1,6866
2991,790,6.171875e-05,1,6873
5587,790,6.171875e-05,1,6869
5286,790,6.171875e-05,1,6905
10360,789,6.1640625e-05,1,6919
8056,789,6.1640625e-05,1,6958
1927,789,6.1640625e-05,1,6946
5314,789,6.1640625e-05,1,6955
500,789,6.1640625e-05,1,6924
12874,789,6.1640625e-05,1,6964
7293,789,6.1640625e-05,1,6927
9948,789,6.1640625e-05,1,6942
9247,789,6.1640625e-05,1,6947
4943,789,6.1640625e-05,1,6950
4929,789,6.1640625e-05,1,6949
4385,789,6.1640625e-05,1,6960
8811,789,6.1640625e-05,1,6971
10919,789,6.1640625e-05,1,6931
10647,789,6.1640625e-05,1,6941
10532,789,6.1640625e-05,1,6921
12651,789,6.1640625e-05,1,6926
15245,789,6.1640625e-05,1,6920
11672,789,6.1640625e-05,1,6934
1344,789,6.1640625e-05,1,6965
12913,789,6.1640625e-05,1,6959
9311,789,6.1640625e-05,1,6951
16017,789,6.1640625e-05,1,6943
8519,789,6.1640625e-05,1,6957
6465,789,6.1640625e-05,1,6948
2642,789,6.1640625e-05,1,6922
16028,789,6.1640625e-05,1,6925
8968,789,6.1640625e-05,1,6962
11794,789,6.1640625e-05,1,6932
259,789,6.1640625e-05,1,6970
14618,789,6.1640625e-05,1,6969
14219,789,6.1640625e-05,1,6956
3215,789,6.1640625e-05,1,6937
10170,789,6.1640625e-05,1,6929
14431,789,6.1640625e-05,1,6945
1787,789,6.1640625e-05,1,6963
15600,789,6.1640625e-05,1,6935
12525,789,6.1640625e-05,1,6939
2363,789,6.1640625e-05,1,6936
4859,789,6.1640625e-05,1,6961
11294,789,6.1640625e-05,1,6940
4978,789,6.1640625e-05,1,6954
1234,789,6.1640625e-05,1,6968
14910,789,6.1640625e-05,1,6933
14100,789,6.1640625e-05,1,6952
5251,789,6.1640625e-05,1,6967
8443,789,6.1640625e-05,1,6953
6944,789,6.1640625e-05,1,6938
15310,789,6.1640625e-05,1,6930
9530,789,6.1640625e-05,1,6923
7997,789,6.1640625e-05,1,6928
10762,789,6.1640625e-05,1,6944
15831,789,6.1640625e-05,1,6966
9979,788,6.15625e-05,1,7002
3363,788,6.15625e-05,1,7018
4400,788,6.15625e-05,1,6982
9570,788,6.15625e-05,1,7014
3513,788,6.15625e-05,1,7015
4970,788,6.15625e-05,1,6985
13452,788,6.15625e-05,1,6989
16342,788,6.15625e-05,1,7007
2545,788,6.15625e-05,1,7000
13980,788,6.15625e-05,1,7011
1954,788,6.15625e-05,1,6977
12211,788,6.15625e-05,1,6986
13923,788,6.15625e-05,1,7008
144,788,6.15625e-05,1,7009
10582,788,6.15625e-05,1,7012
7924,788,6.15625e-05,1,6988
14995,788,6.15625e-05,1,6973
7209,788,6.15625e-05,1,7025
10701,788,6.15625e-05,1,7022
12331,788,6.15625e-05,1,6996
10952,788,6.15625e-05,1,6993
9104,788,6.15625e-05,1,6984
10649,788,6.15625e-05,1,6992
16168,788,6.15625e-05,1,6990
5493,788,6.15625e-05,1,6991
10352,788,6.15625e-05,1,6998
8549,788,6.15625e-05,1,7001
15575,788,6.15625e-05,1,7023
15533,788,6.15625e-05,1,6999
15031,788,6.15625e-05,1,7016
2052,788,6.15625e-05,1,6974
8428,788,6.15625e-05,1,7006
4714,788,6.15625e-05,1,7017
7317,788,6.15625e-05,1,6980
1450,788,6.15625e-05,1,7013
3493,788,6.15625e-05,1,6972
1674,788,6.15625e-05,1,7019
2636,788,6.15625e-05,1,6995
8414,788,6.15625e-05,1,7020
4810,788,6.15625e-05,1,6994
14890,788,6.15625e-05,1,6981
4415,788,6.15625e-05,1,6979
13855,788,6.15625e-05,1,7005
4422,788,6.15625e-05,1,6976
15437,788,6.15625e-05,1,7003
11566,788,6.15625e-05,1,6978
12675,788,6.15625e-05,1,7010
5851,788,6.15625e-05,1,6987
13930,788,6.15625e-05,1,7021
12070,788,6.15625e-05,1,7004
2626,788,6.15625e-05,1,6997
5728,788,6.15625e-05,1,6983
4764,788,6.15625e-05,1,6975
15883,788,6.15625e-05,1,7024
12735,787,6.1484375e-05,1,7042
16111,787,6.1484375e-05,1,7039
5963,787,6.1484375e-05,1,7087
8200,787,6.1484375e-05,1,7075
12257,787,6.1484375e-05,1,7064
9319,787,6.1484375e-05,1,7097
7762,787,6.1484375e-05,1,7084
5605,787,6.1484375e-05,1,7044
1135,787,6.1484375e-05,1,7035
11245,787,6.1484375e-05,1,7032
14155,787,6.1484375e-05,1,7099
14654,787,6.1484375e-05,1,7085
3227,787,6.1484375e-05,1,7033
10227,787,6.1484375e-05,1,7079
1377,787,6.1484375e-05,1,7089
4289,787,6.1484375e-05,1,7048
11359,787,6.1484375e-05,1,7088
8411,787,6.1484375e-05,1,7028
9698,787,6.1484375e-05,1,7054
14411,787,6.1484375e-05,1,7036
12642,787,6.1484375e-05,1,7060
6147,787,6.1484375e-05,1,7080
10813,787,6.1484375e-05,1,7086
5765,787,6.1484375e-05,1,7030
4642,787,6.1484375e-05,1,7062
1623,787,6.1484375e-05,1,7077
539,787,6.1484375e-05,1,7027
10488,787,6.1484375e-05,1,7066
4986,787,6.1484375e-05,1,7065
8511,787,6.1484375e-05,1,7081
6213,787,6.1484375e-05,1,7038
8426,787,6.1484375e-05,1,7070
3164,787,6.1484375e-05,1,7040
2109,787,6.1484375e-05,1,7043
14968,787,6.1484375e-05,1,7046
9859,787,6.1484375e-05,1,7041
12722,787,6.1484375e-05,1,7067
11012,787,6.1484375e-05,1,7056
12541,787,6.1484375e-05,1,7090
8079,787,6.1484375e-05,1,7037
5764,787,6.1484375e-05,1,7031
7575,787,6.1484375e-05,1,7050
4784,787,6.1484375e-05,1,7091
14084,787,6.1484375e-05,1,7092
2423,787,6.1484375e-05,1,7026
16193,787,6.1484375e-05,1,7082
9553,787,6.1484375e-05,1,7029
8819,787,6.1484375e-05,1,7055
6358,787,6.1484375e-05,1,7072
3938,787,6.1484375e-05,1,7083
5623,787,6.1484375e-05,1,7098
1953,787,6.1484375e-05,1,7058
14949,787,6.1484375e-05,1,7052
7727,787,6.1484375e-05,1,7074
12089,787,6.1484375e-05,1,7069
4390,787,6.1484375e-05,1,7073
9248,787,6.1484375e-05,1,7068
6619,787,6.1484375e-05,1,7071
16281,787,6.1484375e-05,1,7063
12044,787,6.1484375e-05,1,7093
11074,787,6.1484375e-05,1,7076
8817,787,6.1484375e-05,1,7049
2974,787,6.1484375e-05,1,7061
6792,787,6.1484375e-05,1,7057
12620,787,6.1484375e-05,1,7047
360,787,6.1484375e-05,1,7045
2677,787,6.1484375e-05,1,7094
446,787,6.1484375e-05,1,7059
2687,787,6.1484375e-05,1,7096
3315,787,6.1484375e-05,1,7053
7695,787,6.1484375e-05,1,7051
6971,787,6.1484375e-05,1,7034
9464,787,6.1484375e-05,1,7095
5315,787,6.1484375e-05,1,7078
4506,786,6.140625e-05,1,7121
1521,786,6.140625e-05,1,7141
3336,786,6.140625e-05,1,7122
15454,786,6.140625e-05,1,7108
13852,786,6.140625e-05,1,7139
14280,786,6.140625e-05,1,7102
13945,786,6.140625e-05,1,7129
3306,786,6.140625e-05,1,7134
9686,786,6.140625e-05,1,7137
14708,786,6.140625e-05,1,7120
2049,786,6.140625e-05,1,7140
15705,786,6.140625e-05,1,7112
4344,786,6.140625e-05,1,7148
14907,786,6.140625e-05,1,7143
3432,786,6.140625e-05,1,7151
1271,786,6.140625e-05,1,7119
13101,786,6.140625e-05,1,7153
8763,786,6.140625e-05,1,7144
1614,786,6.140625e-05,1,7110
2938,786,6.140625e-05,1,7123
10755,786,6.140625e-05,1,7147
6279,786,6.140625e-05,1,7150
1081,786,6.140625e-05,1,7156
3794,786,6.140625e-05,1,7130
9896,786,6.140625e-05,1,7125
6042,786,6.140625e-05,1,7145
15360,786,6.140625e-05,1,7100
5680,786,6.140625e-05,1,7149
8202,786,6.140625e-05,1,7107
5401,786,6.140625e-05,1,7135
8892,786,6.140625e-05,1,7101
15111,786,6.140625e-05,1,7158
10087,786,6.140625e-05,1,7113
10122,786,6.140625e-05,1,7104
7353,786,6.140625e-05,1,7131
9074,786,6.140625e-05,1,7115
16109,786,6.140625e-05,1,7142
4566,786,6.140625e-05,1,7106
4928,786,6.140625e-05,1,7133
2815,786,6.140625e-05,1,7116
5652,786,6.140625e-05,1,7146
6393,786,6.140625e-05,1,7127
7060,786,6.140625e-05,1,7136
3989,786,6.140625e-05,1,7118
3768,786,6.140625e-05,1,7126
12025,786,6.140625e-05,1,7124
13357,786,6.140625e-05,1,7103
8280,786,6.140625e-05,1,7155
4113,786,6.140625e-05,1,7138
3379,786,6.140625e-05,1,7111
6530,786,6.140625e-05,1,7132
14973,786,6.140625e-05,1,7109
763,786,6.140625e-05,1,7117
2839,786,6.140625e-05,1,7105
15382,786,6.140625e-05,1,7157
12713,786,6.140625e-05,1,7152
9908,786,6.140625e-05,1,7154
9636,786,6.140625e-05,1,7128
1746,786,6.140625e-05,1,7114
11383,785,6.1328125e-05,1,7162
14539,785,6.1328125e-05,1,7194
9249,785,6.1328125e-05,1,7200
11411,785,6.1328125e-05,1,7209
10632,785,6.1328125e-05,1,7203
7856,785,6.1328125e-05,1,7188
13236,785,6.1328125e-05,1,7216
11417,785,6.1328125e-05,1,7206
9730,785,6.1328125e-05,1,7165
2240,785,6.1328125e-05,1,7181
10622,785,6.1328125e-05,1,7191
8011,785,6.1328125e-05,1,7183
3131,785,6.1328125e-05,1,7213
5440,785,6.1328125e-05,1,7210
9106,785,6.1328125e-05,1,7169
9287,785,6.1328125e-05,1,7197
14438,785,6.1328125e-05,1,7180
2455,785,6.1328125e-05,1,7159
7011,785,6.1328125e-05,1,7174
6689,785,6.1328125e-05,1,7172
11666,785,6.1328125e-05,1,7196
8604,785,6.1328125e-05,1,7190
4043,785,6.1328125e-05,1,7207
4457,785,6.1328125e-05,1,7211
3623,785,6.1328125e-05,1,7168
6125,785,6.1328125e-05,1,7192
7781,785,6.1328125e-05,1,7212
13466,785,6.1328125e-05,1,7160
8208,785,6.1328125e-05,1,7161
14806,785,6.1328125e-05,1,7182
1932,785,6.1328125e-05,1,7193
7435,785,6.1328125e-05,1,7164
16181,785,6.1328125e-05,1,7187
7045,785,6.1328125e-05,1,7217
152,785,6.1328125e-05,1,7215
9523,785,6.1328125e-05,1,7171
15499,785,6.1328125e-05,1,7186
12026,785,6.1328125e-05,1,7218
10293,785,6.1328125e-05,1,7185
7499,785,6.1328125e-05,1,7175
6040,785,6.1328125e-05,1,7163
10398,785,6.1328125e-05,1,7170
6765,785,6.1328125e-05,1,7208
7716,785,6.1328125e-05,1,7179
6472,785,6.1328125e-05,1,7189
16021,785,6.1328125e-05,1,7201
5734,785,6.1328125e-05,1,7166
15657,785,6.1328125e-05,1,7184
7136,785,6.1328125e-05,1,7198
11342,785,6.1328125e-05,1,7173
6784,785,6.1328125e-05,1,7195
15105,785,6.1328125e-05,1,7199
3715,785,6.1328125e-05,1,7177
7421,785,6.1328125e-05,1,7176
4873,785,6.1328125e-05,1,7178
13112,785,6.1328125e-05,1,7202
9362,785,6.1328125e-05,1,7167
2607,785,6.1328125e-05,1,7204
10613,785,6.1328125e-05,1,7205
5864,785,6.1328125e-05,1,7214
5554,784,6.125e-05,1,7224
7692,784,6.125e-05,1,7226
12676,784,6.125e-05,1,7273
15810,784,6.125e-05,1,7238
6289,784,6.125e-05,1,7248
3426,784,6.125e-05,1,7255
15823,784,6.125e-05,1,7239
14920,784,6.125e-05,1,7274
11867,784,6.125e-05,1,7271
12292,784,6.125e-05,1,7252
1054,784,6.125e-05,1,7229
1726,784,6.125e-05,1,7244
14961,784,6.125e-05,1,7266
1159,784,6.125e-05,1,7247
1097,784,6.125e-05,1,7221
1650,784,6.125e-05,1,7232
4833,784,6.125e-05,1,7241
11425,784,6.125e-05,1,7243
7641,784,6.125e-05,1,7260
9562,784,6.125e-05,1,7267
4232,784,6.125e-05,1,7272
5164,784,6.125e-05,1,7235
10889,784,6.125e-05,1,7275
13633,784,6.125e-05,1,7240
11239,784,6.125e-05,1,7220
8677,784,6.125e-05,1,7219
1170,784,6.125e-05,1,7257
9143,784,6.125e-05,1,7270
13027,784,6.125e-05,1,7249
6006,784,6.125e-05,1,7253
15358,784,6.125e-05,1,7285
15043,784,6.125e-05,1,7276
15021,784,6.125e-05,1,7286
1800,784,6.125e-05,1,7277
11880,784,6.125e-05,1,7280
3318,784,6.125e-05,1,7234
700,784,6.125e-05,1,7242
15429,784,6.125e-05,1,7231
6566,784,6.125e-05,1,7227
9774,784,6.125e-05,1,7261
3208,784,6.125e-05,1,7236
1547,784,6.125e-05,1,7233
15593,784,6.125e-05,1,7269
3516,784,6.125e-05,1,7259
7101,784,6.125e-05,1,7268
8896,784,6.125e-05,1,7230
11777,784,6.125e-05,1,7237
4450,784,6.125e-05,1,7256
7804,784,6.125e-05,1,7278
15649,784,6.125e-05,1,7279
15976,784,6.125e-05,1,7262
15650,784,6.125e-05,1,7282
14698,784,6.125e-05,1,7258
14256,784,6.125e-05,1,7250
15710,784,6.125e-05,1,7254
2205,784,6.125e-05,1,7251
10585,784,6.125e-05,1,7281
13154,784,6.125e-05,1,7265
8282,784,6.125e-05,1,7228
5837,784,6.125e-05,1,7284
10497,784,6.125e-05,1,7225
2741,784,6.125e-05,1,7246
2128,784,6.125e-05,1,7283
13673,784,6.125e-05,1,7223
12602,784,6.125e-05,1,7264
13163,784,6.125e-05,1,7263
1579,784,6.125e-05,1,7222
13445,784,6.125e-05,1,7245
7886,783,6.1171875e-05,1,7288
5297,783,6.1171875e-05,1,7291
10275,783,6.1171875e-05,1,7360
4896,783,6.1171875e-05,1,7331
13118,783,6.1171875e-05,1,7290
1989,783,6.1171875e-05,1,7309
13121,783,6.1171875e-05,1,7318
132,783,6.1171875e-05,1,7312
16379,783,6.1171875e-05,1,7340
14405,783,6.1171875e-05,1,7347
14340,783,6.1171875e-05,1,7302
16362,783,6.1171875e-05,1,7328
11547,783,6.1171875e-05,1,7304
14060,783,6.1171875e-05,1,7359
6035,783,6.1171875e-05,1,7349
7434,783,6.1171875e-05,1,7358
16092,783,6.1171875e-05,1,7287
4926,783,6.1171875e-05,1,7307
9715,783,6.1171875e-05,1,7317
7542,783,6.1171875e-05,1,7315
14028,783,6.1171875e-05,1,7327
2037,783,6.1171875e-05,1,7295
3996,783,6.1171875e-05,1,7348
11527,783,6.1171875e-05,1,7301
7952,783,6.1171875e-05,1,7334
2674,783,6.1171875e-05,1,7352
3579,783,6.1171875e-05,1,7305
2436,783,6.1171875e-05,1,7316
2496,783,6.1171875e-05,1,7292
11218,783,6.1171875e-05,1,7341
11097,783,6.1171875e-05,1,7308
6554,783,6.1171875e-05,1,7344
7240,783,6.1171875e-05,1,7337
5653,783,6.1171875e-05,1,7342
9197,783,6.1171875e-05,1,7356
2582,783,6.1171875e-05,1,7294
5113,783,6.1171875e-05,1,7322
15706,783,6.1171875e-05,1,7355
13645,783,6.1171875e-05,1,7323
13443,783,6.1171875e-05,1,7300
4759,783,6.1171875e-05,1,7338
2676,783,6.1171875e-05,1,7353
3778,783,6.1171875e-05,1,7289
9088,783,6.1171875e-05,1,7329
1562,783,6.1171875e-05,1,7314
14589,783,6.1171875e-05,1,7321
2385,783,6.1171875e-05,1,7343
6410,783,6.1171875e-05,1,7350
776,783,6.1171875e-05,1,7335
11041,783,6.1171875e-05,1,7333
8787,783,6.1171875e-05,1,7299
11215,783,6.1171875e-05,1,7325
10076,783,6.1171875e-05,1,7324
11313,783,6.1171875e-05,1,7345
428,783,6.1171875e-05,1,7306
5607,783,6.1171875e-05,1,7351
13363,783,6.1171875e-05,1,7326
14413,783,6.1171875e-05,1,7311
6815,783,6.1171875e-05,1,7297
4733,783,6.1171875e-05,1,7330
643,783,6.1171875e-05,1,7336
3071,783,6.1171875e-05,1,7296
5803,783,6.1171875e-05,1,7319
3636,783,6.1171875e-05,1,7346
1056,783,6.1171875e-05,1,7332
1396,783,6.1171875e-05,1,7320
5408,783,6.1171875e-05,1,7313
15846,783,6.1171875e-05,1,7303
657,783,6.1171875e-05,1,7298
3952,783,6.1171875e-05,1,7357
2476,783,6.1171875e-05,1,7310
2598,783,6.1171875e-05,1,7339
15845,783,6.1171875e-05,1,7293
2700,783,6.1171875e-05,1,7354
3809,782,6.109375e-05,1,7395
3545,782,6.109375e-05,1,7380
3186,782,6.109375e-05,1,7364
2779,782,6.109375e-05,1,7413
6605,782,6.109375e-05,1,7397
7089,782,6.109375e-05,1,7435
8909,782,6.109375e-05,1,7410
3535,782,6.109375e-05,1,7367
2378,782,6.109375e-05,1,7388
5888,782,6.109375e-05,1,7398
183,782,6.109375e-05,1,7362
13381,782,6.109375e-05,1,7411
6529,782,6.109375e-05,1,7384
7049,782,6.109375e-05,1,7422
14817,782,6.109375e-05,1,7389
14781,782,6.109375e-05,1,7392
11986,782,6.109375e-05,1,7406
6295,782,6.109375e-05,1,7375
6623,782,6.109375e-05,1,7403
15203,782,6.109375e-05,1,7373
6746,782,6.109375e-05,1,7405
41,782,6.109375e-05,1,7412
5992,782,6.109375e-05,1,7376
4551,782,6.109375e-05,1,7414
2996,782,6.109375e-05,1,7416
3647,782,6.109375e-05,1,7402
12204,782,6.109375e-05,1,7393
3568,782,6.109375e-05,1,7385
6838,782,6.109375e-05,1,7424
13115,782,6.109375e-05,1,7415
9583,782,6.109375e-05,1,7429
2091,782,6.109375e-05,1,7391
5612,782,6.109375e-05,1,7374
15123,782,6.109375e-05,1,7436
2841,782,6.109375e-05,1,7365
8416,782,6.109375e-05,1,7366
1162,782,6.109375e-05,1,7418
15380,782,6.109375e-05,1,7372
3268,782,6.109375e-05,1,7369
11562,782,6.109375e-05,1,7434
14037,782,6.109375e-05,1,7378
3044,782,6.109375e-05,1,7437
12677,782,6.109375e-05,1,7370
9897,782,6.109375e-05,1,7425
91,782,6.109375e-05,1,7409
8335,782,6.109375e-05,1,7404
14702,782,6.109375e-05,1,7400
6044,782,6.109375e-05,1,7383
14069,782,6.109375e-05,1,7423
16224,782,6.109375e-05,1,7433
124,782,6.109375e-05,1,7431
14709,782,6.109375e-05,1,7396
10409,782,6.109375e-05,1,7363
479,782,6.109375e-05,1,7419
13042,782,6.109375e-05,1,7426
9251,782,6.109375e-05,1,7394
517,782,6.109375e-05,1,7407
9113,782,6.109375e-05,1,7408
572,782,6.109375e-05,1,7382
2299,782,6.109375e-05,1,7371
6466,782,6.109375e-05,1,7430
1545,782,6.109375e-05,1,7390
13846,782,6.109375e-05,1,7432
13713,782,6.109375e-05,1,7399
9763,782,6.109375e-05,1,7421
12799,782,6.109375e-05,1,7386
596,782,6.109375e-05,1,7420
4346,782,6.109375e-05,1,7377
14492,782,6.109375e-05,1,7368
6374,782,6.109375e-05,1,7379
4374,782,6.109375e-05,1,7387
4882,782,6.109375e-05,1,7381
549,782,6.109375e-05,1,7428
12498,782,6.109375e-05,1,7361
3399,782,6.109375e-05,1,7401
3475,782,6.109375e-05,1,7427
14470,782,6.109375e-05,1,7417
14856,781,6.1015625e-05,1,7476
4504,781,6.1015625e-05,1,7456
805,781,6.1015625e-05,1,7463
5181,781,6.1015625e-05,1,7494
8336,781,6.1015625e-05,1,7442
13207,781,6.1015625e-05,1,7457
337,781,6.1015625e-05,1,7506
5373,781,6.1015625e-05,1,7482
8798,781,6.1015625e-05,1,7495
12293,781,6.1015625e-05,1,7469
2920,781,6.1015625e-05,1,7508
3793,781,6.1015625e-05,1,7507
1281,781,6.1015625e-05,1,7439
322,781,6.1015625e-05,1,7502
8312,781,6.1015625e-05,1,7447
10062,781,6.1015625e-05,1,7459
6675,781,6.1015625e-05,1,7481
13137,781,6.1015625e-05,1,7454
9891,781,6.1015625e-05,1,7471
6492,781,6.1015625e-05,1,7440
2258,781,6.1015625e-05,1,7473
7899,781,6.1015625e-05,1,7472
2806,781,6.1015625e-05,1,7466
9751,781,6.1015625e-05,1,7485
387,781,6.1015625e-05,1,7470
13023,781,6.1015625e-05,1,7486
11598,781,6.1015625e-05,1,7496
12516,781,6.1015625e-05,1,7480
1047,781,6.1015625e-05,1,7467
12668,781,6.1015625e-05,1,7450
2438,781,6.1015625e-05,1,7491
997,781,6.1015625e-05,1,7490
3711,781,6.1015625e-05,1,7504
2242,781,6.1015625e-05,1,7474
8440,781,6.1015625e-05,1,7444
4969,781,6.1015625e-05,1,7443
7566,781,6.1015625e-05,1,7446
5990,781,6.1015625e-05,1,7478
4847,781,6.1015625e-05,1,7498
13086,781,6.1015625e-05,1,7452
9920,781,6.1015625e-05,1,7453
13614,781,6.1015625e-05,1,7492
11571,781,6.1015625e-05,1,7501
1590,781,6.1015625e-05,1,7500
6917,781,6.1015625e-05,1,7477
14971,781,6.1015625e-05,1,7451
1528,781,6.1015625e-05,1,7499
1091,781,6.1015625e-05,1,7505
9651,781,6.1015625e-05,1,7479
14739,781,6.1015625e-05,1,7488
203,781,6.1015625e-05,1,7458
10153,781,6.1015625e-05,1,7465
3099,781,6.1015625e-05,1,7503
11980,781,6.1015625e-05,1,7460
8985,781,6.1015625e-05,1,7468
10809,781,6.1015625e-05,1,7445
9312,781,6.1015625e-05,1,7487
13341,781,6.1015625e-05,1,7461
8901,781,6.1015625e-05,1,7493
9851,781,6.1015625e-05,1,7489
14275,781,6.1015625e-05,1,7449
5347,781,6.1015625e-05,1,7475
9330,781,6.1015625e-05,1,7484
14649,781,6.1015625e-05,1,7464
3220,781,6.1015625e-05,1,7509
16119,781,6.1015625e-05,1,7438
13862,781,6.1015625e-05,1,7497
1928,781,6.1015625e-05,1,7455
3496,781,6.1015625e-05,1,7441
11018,781,6.1015625e-05,1,7448
9336,781,6.1015625e-05,1,7483
11954,781,6.1015625e-05,1,7462
8415,780,6.09375e-05,1,7536
4045,780,6.09375e-05,1,7510
3323,780,6.09375e-05,1,7523
14421,780,6.09375e-05,1,7562
7420,780,6.09375e-05,1,7528
3882,780,6.09375e-05,1,7572
10946,780,6.09375e-05,1,7571
7789,780,6.09375e-05,1,7540
9934,780,6.09375e-05,1,7561
1733,780,6.09375e-05,1,7565
8132,780,6.09375e-05,1,7557
7977,780,6.09375e-05,1,7534
869,780,6.09375e-05,1,7517
3098,780,6.09375e-05,1,7513
11623,780,6.09375e-05,1,7549
368,780,6.09375e-05,1,7553
9938,780,6.09375e-05,1,7566
10881,780,6.09375e-05,1,7518
8479,780,6.09375e-05,1,7556
995,780,6.09375e-05,1,7522
4977,780,6.09375e-05,1,7567
2465,780,6.09375e-05,1,7542
5622,780,6.09375e-05,1,7538
11783,780,6.09375e-05,1,7564
6945,780,6.09375e-05,1,7525
10528,780,6.09375e-05,1,7511
6773,780,6.09375e-05,1,7560
1100,780,6.09375e-05,1,7532
5579,780,6.09375e-05,1,7569
6519,780,6.09375e-05,1,7531
5051,780,6.09375e-05,1,7543
3255,780,6.09375e-05,1,7545
11960,780,6.09375e-05,1,7548
3058,780,6.09375e-05,1,7551
829,780,6.09375e-05,1,7554
3519,780,6.09375e-05,1,7529
2913,780,6.09375e-05,1,7563
13767,780,6.09375e-05,1,7568
8248,780,6.09375e-05,1,7570
15973,780,6.09375e-05,1,7544
12405,780,6.09375e-05,1,7524
11708,780,6.09375e-05,1,7558
12875,780,6.09375e-05,1,7539
14790,780,6.09375e-05,1,7537
13295,780,6.09375e-05,1,7546
4499,780,6.09375e-05,1,7559
4074,780,6.09375e-05,1,7512
15550,780,6.09375e-05,1,7515
1444,780,6.09375e-05,1,7555
717,780,6.09375e-05,1,7519
3462,780,6.09375e-05,1,7520
2372,780,6.09375e-05,1,7535
1261,780,6.09375e-05,1,7547
10112,780,6.09375e-05,1,7552
12636,780,6.09375e-05,1,7530
2208,780,6.09375e-05,1,7533
7032,780,6.09375e-05,1,7541
5548,780,6.09375e-05,1,7527
14844,780,6.09375e-05,1,7526
4466,780,6.09375e-05,1,7516
7741,780,6.09375e-05,1,7514
753,780,6.09375e-05,1,7550
10651,780,6.09375e-05,1,7521
15897,779,6.0859375e-05,1,7584
9883,779,6.0859375e-05,1,7589
10239,779,6.0859375e-05,1,7580
16056,779,6.0859375e-05,1,7596
10626,779,6.0859375e-05,1,7591
15966,779,6.0859375e-05,1,7590
9700,779,6.0859375e-05,1,7582
13459,779,6.0859375e-05,1,7615
7752,779,6.0859375e-05,1,7585
8252,779,6.0859375e-05,1,7595
12596,779,6.0859375e-05,1,7608
12092,779,6.0859375e-05,1,7638
9280,779,6.0859375e-05,1,7587
12872,779,6.0859375e-05,1,7611
7794,779,6.0859375e-05,1,7576
12887,779,6.0859375e-05,1,7612
8037,779,6.0859375e-05,1,7579
8107,779,6.0859375e-05,1,7594
12637,779,6.0859375e-05,1,7614
13508,779,6.0859375e-05,1,7619
12397,779,6.0859375e-05,1,7620
11905,779,6.0859375e-05,1,7609
12108,779,6.0859375e-05,1,7627
10341,779,6.0859375e-05,1,7586
15682,779,6.0859375e-05,1,7581
12383,779,6.0859375e-05,1,7623
14544,779,6.0859375e-05,1,7618
14061,779,6.0859375e-05,1,7640
12995,779,6.0859375e-05,1,7634
14014,779,6.0859375e-05,1,7613
13699,779,6.0859375e-05,1,7621
8857,779,6.0859375e-05,1,7577
14274,779,6.0859375e-05,1,7636
12578,779,6.0859375e-05,1,7603
13686,779,6.0859375e-05,1,7622
7652,779,6.0859375e-05,1,7593
12955,779,6.0859375e-05,1,7635
16383,779,6.0859375e-05,1,7600
6268,779,6.0859375e-05,1,7601
5022,779,6.0859375e-05,1,7597
3617,779,6.0859375e-05,1,7598
3582,779,6.0859375e-05,1,7592
6875,779,6.0859375e-05,1,7610
3530,779,6.0859375e-05,1,7628
2331,779,6.0859375e-05,1,7606
2367,779,6.0859375e-05,1,7646
6078,779,6.0859375e-05,1,7633
6552,779,6.0859375e-05,1,7645
1127,779,6.0859375e-05,1,7617
5886,779,6.0859375e-05,1,7637
3316,779,6.0859375e-05,1,7624
1200,779,6.0859375e-05,1,7632
4795,779,6.0859375e-05,1,7574
7208,779,6.0859375e-05,1,7626
6818,779,6.0859375e-05,1,7630
6650,779,6.0859375e-05,1,7602
6804,779,6.0859375e-05,1,7641
6803,779,6.0859375e-05,1,7643
7180,779,6.0859375e-05,1,7642
2847,779,6.0859375e-05,1,7616
2680,779,6.0859375e-05,1,7644
2669,779,6.0859375e-05,1,7639
2556,779,6.0859375e-05,1,7629
185,779,6.0859375e-05,1,7599
4834,779,6.0859375e-05,1,7588
2335,779,6.0859375e-05,1,7604
3913,779,6.0859375e-05,1,7578
4366,779,6.0859375e-05,1,7573
2119,779,6.0859375e-05,1,7625
3884,779,6.0859375e-05,1,7575
5691,779,6.0859375e-05,1,7631
6240,779,6.0859375e-05,1,7605
6970,779,6.0859375e-05,1,7607
4030,779,6.0859375e-05,1,7583
13045,778,6.078125e-05,1,7648
10610,778,6.078125e-05,1,7696
10569,778,6.078125e-05,1,7698
7896,778,6.078125e-05,1,7667
15508,778,6.078125e-05,1,7668
4787,778,6.078125e-05,1,7652
10500,778,6.078125e-05,1,7657
3914,778,6.078125e-05,1,7675
2834,778,6.078125e-05,1,7688
14728,778,6.078125e-05,1,7663
11751,778,6.078125e-05,1,7679
5261,778,6.078125e-05,1,7673
14657,778,6.078125e-05,1,7672
13391,778,6.078125e-05,1,7687
10333,778,6.078125e-05,1,7662
15526,778,6.078125e-05,1,7665
15942,778,6.078125e-05,1,7680
11951,778,6.078125e-05,1,7671
9314,778,6.078125e-05,1,7689
3652,778,6.078125e-05,1,7692
3616,778,6.078125e-05,1,7706
8998,778,6.078125e-05,1,7681
3734,778,6.078125e-05,1,7653
15259,778,6.078125e-05,1,7690
15279,778,6.078125e-05,1,7705
5366,778,6.078125e-05,1,7661
3787,778,6.078125e-05,1,7686
12432,778,6.078125e-05,1,7647
6081,778,6.078125e-05,1,7664
15314,778,6.078125e-05,1,7699
12006,778,6.078125e-05,1,7670
11110,778,6.078125e-05,1,7703
15893,778,6.078125e-05,1,7694
3851,778,6.078125e-05,1,7678
14990,778,6.078125e-05,1,7669
9457,778,6.078125e-05,1,7656
8596,778,6.078125e-05,1,7702
308,778,6.078125e-05,1,7655
10268,778,6.078125e-05,1,7683
158,778,6.078125e-05,1,7700
1535,778,6.078125e-05,1,7660
13510,778,6.078125e-05,1,7682
8277,778,6.078125e-05,1,7649
14112,778,6.078125e-05,1,7693
8190,778,6.078125e-05,1,7684
32,778,6.078125e-05,1,7651
14096,778,6.078125e-05,1,7697
2071,778,6.078125e-05,1,7666
5631,778,6.078125e-05,1,7691
13953,778,6.078125e-05,1,7677
13829,778,6.078125e-05,1,7658
13725,778,6.078125e-05,1,7654
13644,778,6.078125e-05,1,7674
13623,778,6.078125e-05,1,7685
5555,778,6.078125e-05,1,7704
5703,778,6.078125e-05,1,7659
14530,778,6.078125e-05,1,7650
8325,778,6.078125e-05,1,7701
7605,778,6.078125e-05,1,7695
13423,778,6.078125e-05,1,7676
3939,777,6.0703125e-05,1,7733
12380,777,6.0703125e-05,1,7710
3706,777,6.0703125e-05,1,7744
10953,777,6.0703125e-05,1,7730
12230,777,6.0703125e-05,1,7769
7289,777,6.0703125e-05,1,7735
4375,777,6.0703125e-05,1,7740
11681,777,6.0703125e-05,1,7716
6105,777,6.0703125e-05,1,7770
12424,777,6.0703125e-05,1,7748
7648,777,6.0703125e-05,1,7731
382,777,6.0703125e-05,1,7742
13682,777,6.0703125e-05,1,7746
9178,777,6.0703125e-05,1,7736
10718,777,6.0703125e-05,1,7760
4178,777,6.0703125e-05,1,7756
6287,777,6.0703125e-05,1,7753
8327,777,6.0703125e-05,1,7711
7953,777,6.0703125e-05,1,7752
3940,777,6.0703125e-05,1,7734
4035,777,6.0703125e-05,1,7712
3929,777,6.0703125e-05,1,7726
11870,777,6.0703125e-05,1,7721
5682,777,6.0703125e-05,1,7751
6372,777,6.0703125e-05,1,7745
8279,777,6.0703125e-05,1,7761
835,777,6.0703125e-05,1,7747
11848,777,6.0703125e-05,1,7722
14348,777,6.0703125e-05,1,7743
14139,777,6.0703125e-05,1,7724
10700,777,6.0703125e-05,1,7715
11055,777,6.0703125e-05,1,7771
4685,777,6.0703125e-05,1,7738
4012,777,6.0703125e-05,1,7758
1699,777,6.0703125e-05,1,7729
11354,777,6.0703125e-05,1,7768
928,777,6.0703125e-05,1,7757
4738,777,6.0703125e-05,1,7709
6398,777,6.0703125e-05,1,7759
3502,777,6.0703125e-05,1,7718
14578,777,6.0703125e-05,1,7737
12683,777,6.0703125e-05,1,7755
10158,777,6.0703125e-05,1,7723
1448,777,6.0703125e-05,1,7762
16076,777,6.0703125e-05,1,7767
2563,777,6.0703125e-05,1,7763
12809,777,6.0703125e-05,1,7764
13312,777,6.0703125e-05,1,7728
5224,777,6.0703125e-05,1,7707
1576,777,6.0703125e-05,1,7750
2470,777,6.0703125e-05,1,7719
12901,777,6.0703125e-05,1,7714
6744,777,6.0703125e-05,1,7732
9559,777,6.0703125e-05,1,7727
3157,777,6.0703125e-05,1,7772
8158,777,6.0703125e-05,1,7739
15937,777,6.0703125e-05,1,7720
12939,777,6.0703125e-05,1,7741
14986,777,6.0703125e-05,1,7708
12632,777,6.0703125e-05,1,7713
16122,777,6.0703125e-05,1,7717
140,777,6.0703125e-05,1,7749
13419,777,6.0703125e-05,1,7725
1584,777,6.0703125e-05,1,7754
8612,777,6.0703125e-05,1,7766
7668,777,6.0703125e-05,1,7765
7919,776,6.0625e-05,1,7866
2852,776,6.0625e-05,1,7847
3881,776,6.0625e-05,1,7867
852,776,6.0625e-05,1,7781
13068,776,6.0625e-05,1,7780
14144,776,6.0625e-05,1,7778
808,776,6.0625e-05,1,7783
804,776,6.0625e-05,1,7773
1892,776,6.0625e-05,1,7801
13620,776,6.0625e-05,1,7844
13097,776,6.0625e-05,1,7809
2832,776,6.0625e-05,1,7862
6274,776,6.0625e-05,1,7849
4221,776,6.0625e-05,1,7779
4213,776,6.0625e-05,1,7811
6990,776,6.0625e-05,1,7775
8607,776,6.0625e-05,1,7818
8591,776,6.0625e-05,1,7816
15545,776,6.0625e-05,1,7774
2624,776,6.0625e-05,1,7802
8631,776,6.0625e-05,1,7832
6963,776,6.0625e-05,1,7859
11801,776,6.0625e-05,1,7858
1874,776,6.0625e-05,1,7786
6397,776,6.0625e-05,1,7791
13310,776,6.0625e-05,1,7776
13507,776,6.0625e-05,1,7854
734,776,6.0625e-05,1,7843
12000,776,6.0625e-05,1,7798
6686,776,6.0625e-05,1,7857
13847,776,6.0625e-05,1,7834
1265,776,6.0625e-05,1,7784
3551,776,6.0625e-05,1,7800
12330,776,6.0625e-05,1,7805
12706,776,6.0625e-05,1,7841
15141,776,6.0625e-05,1,7819
12376,776,6.0625e-05,1,7815
6761,776,6.0625e-05,1,7799
13616,776,6.0625e-05,1,7852
3219,776,6.0625e-05,1,7837
15087,776,6.0625e-05,1,7864
12482,776,6.0625e-05,1,7812
8883,776,6.0625e-05,1,7820
3235,776,6.0625e-05,1,7839
7078,776,6.0625e-05,1,7804
8881,776,6.0625e-05,1,7822
13650,776,6.0625e-05,1,7817
14982,776,6.0625e-05,1,7792
982,776,6.0625e-05,1,7789
2182,776,6.0625e-05,1,7845
3837,776,6.0625e-05,1,7850
8434,776,6.0625e-05,1,7806
1348,776,6.0625e-05,1,7856
2953,776,6.0625e-05,1,7861
7611,776,6.0625e-05,1,7793
3325,776,6.0625e-05,1,7826
2462,776,6.0625e-05,1,7829
12825,776,6.0625e-05,1,7870
9038,776,6.0625e-05,1,7846
1964,776,6.0625e-05,1,7788
12808,776,6.0625e-05,1,7825
965,776,6.0625e-05,1,7813
4318,776,6.0625e-05,1,7835
12170,776,6.0625e-05,1,7810
1569,776,6.0625e-05,1,7830
14876,776,6.0625e-05,1,7848
2167,776,6.0625e-05,1,7851
14425,776,6.0625e-05,1,7794
12723,776,6.0625e-05,1,7840
12093,776,6.0625e-05,1,7790
6999,776,6.0625e-05,1,7796
5861,776,6.0625e-05,1,7803
16258,776,6.0625e-05,1,7836
10708,776,6.0625e-05,1,7785
9485,776,6.0625e-05,1,7833
4433,776,6.0625e-05,1,7787
11394,776,6.0625e-05,1,7823
5575,776,6.0625e-05,1,7814
15967,776,6.0625e-05,1,7797
6177,776,6.0625e-05,1,7869
5583,776,6.0625e-05,1,7777
624,776,6.0625e-05,1,7782
5514,776,6.0625e-05,1,7821
6047,776,6.0625e-05,1,7827
480,776,6.0625e-05,1,7828
44,776,6.0625e-05,1,7807
72,776,6.0625e-05,1,7795
5856,776,6.0625e-05,1,7808
9791,776,6.0625e-05,1,7868
225,776,6.0625e-05,1,7860
5818,776,6.0625e-05,1,7853
9421,776,6.0625e-05,1,7863
11146,776,6.0625e-05,1,7842
16081,776,6.0625e-05,1,7824
9458,776,6.0625e-05,1,7831
4897,776,6.0625e-05,1,7838
635,776,6.0625e-05,1,7865
7779,776,6.0625e-05,1,7855
4317,775,6.0546875e-05,1,7884
9061,775,6.0546875e-05,1,7931
3831,775,6.0546875e-05,1,7933
14880,775,6.0546875e-05,1,7879
8792,775,6.0546875e-05,1,7894
4324,775,6.0546875e-05,1,7872
11091,775,6.0546875e-05,1,7916
873,775,6.0546875e-05,1,7880
12830,775,6.0546875e-05,1,7871
12860,775,6.0546875e-05,1,7882
4612,775,6.0546875e-05,1,7929
8106,775,6.0546875e-05,1,7922
1345,775,6.0546875e-05,1,7908
2949,775,6.0546875e-05,1,7923
2902,775,6.0546875e-05,1,7938
3194,775,6.0546875e-05,1,7896
12087,775,6.0546875e-05,1,7932
1210,775,6.0546875e-05,1,7915
1111,775,6.0546875e-05,1,7902
1004,775,6.0546875e-05,1,7937
10913,775,6.0546875e-05,1,7910
12361,775,6.0546875e-05,1,7875
3506,775,6.0546875e-05,1,7913
10970,775,6.0546875e-05,1,7906
4921,775,6.0546875e-05,1,7904
10757,775,6.0546875e-05,1,7886
7262,775,6.0546875e-05,1,7936
8880,775,6.0546875e-05,1,7890
12508,775,6.0546875e-05,1,7877
10645,775,6.0546875e-05,1,7909
1119,775,6.0546875e-05,1,7905
8032,775,6.0546875e-05,1,7873
8852,775,6.0546875e-05,1,7891
15396,775,6.0546875e-05,1,7895
482,775,6.0546875e-05,1,7876
9040,775,6.0546875e-05,1,7919
4740,775,6.0546875e-05,1,7901
7438,775,6.0546875e-05,1,7900
10693,775,6.0546875e-05,1,7912
16008,775,6.0546875e-05,1,7885
2709,775,6.0546875e-05,1,7930
4849,775,6.0546875e-05,1,7899
14105,775,6.0546875e-05,1,7907
5889,775,6.0546875e-05,1,7939
10046,775,6.0546875e-05,1,7921
6344,775,6.0546875e-05,1,7914
5880,775,6.0546875e-05,1,7940
15496,775,6.0546875e-05,1,7926
13583,775,6.0546875e-05,1,7917
13742,775,6.0546875e-05,1,7918
13756,775,6.0546875e-05,1,7892
13828,775,6.0546875e-05,1,7897
9955,775,6.0546875e-05,1,7941
4529,775,6.0546875e-05,1,7925
5441,775,6.0546875e-05,1,7920
5632,775,6.0546875e-05,1,7911
15460,775,6.0546875e-05,1,7935
5437,775,6.0546875e-05,1,7928
177,775,6.0546875e-05,1,7898
9885,775,6.0546875e-05,1,7883
15606,775,6.0546875e-05,1,7881
11521,775,6.0546875e-05,1,7888
5979,775,6.0546875e-05,1,7878
8632,775,6.0546875e-05,1,7903
222,775,6.0546875e-05,1,7874
6757,775,6.0546875e-05,1,7924
5723,775,6.0546875e-05,1,7893
1941,775,6.0546875e-05,1,7927
8165,775,6.0546875e-05,1,7934
2586,775,6.0546875e-05,1,7887
8209,775,6.0546875e-05,1,7889
14373,774,6.046875e-05,1,7943
10746,774,6.046875e-05,1,8004
2012,774,6.046875e-05,1,7961
6535,774,6.046875e-05,1,7971
2316,774,6.046875e-05,1,7944
8496,774,6.046875e-05,1,7942
8337,774,6.046875e-05,1,7948
367,774,6.046875e-05,1,7964
4894,774,6.046875e-05,1,7972
14517,774,6.046875e-05,1,7970
13223,774,6.046875e-05,1,7974
8505,774,6.046875e-05,1,7950
13462,774,6.046875e-05,1,7958
5197,774,6.046875e-05,1,7963
8965,774,6.046875e-05,1,7953
1433,774,6.046875e-05,1,7954
7523,774,6.046875e-05,1,7993
2965,774,6.046875e-05,1,8003
6031,774,6.046875e-05,1,7969
10343,774,6.046875e-05,1,7984
5321,774,6.046875e-05,1,7952
5080,774,6.046875e-05,1,7976
8783,774,6.046875e-05,1,7967
16247,774,6.046875e-05,1,7973
10633,774,6.046875e-05,1,7997
8558,774,6.046875e-05,1,7946
5487,774,6.046875e-05,1,7977
7095,774,6.046875e-05,1,7985
8800,774,6.046875e-05,1,7962
14569,774,6.046875e-05,1,7960
8681,774,6.046875e-05,1,7975
8199,774,6.046875e-05,1,7957
7479,774,6.046875e-05,1,7983
8198,774,6.046875e-05,1,7956
2784,774,6.046875e-05,1,7999
4761,774,6.046875e-05,1,7959
4027,774,6.046875e-05,1,7978
14281,774,6.046875e-05,1,7949
7929,774,6.046875e-05,1,7990
11982,774,6.046875e-05,1,8002
11170,774,6.046875e-05,1,7987
9094,774,6.046875e-05,1,7966
980,774,6.046875e-05,1,7951
3735,774,6.046875e-05,1,7991
731,774,6.046875e-05,1,7982
9263,774,6.046875e-05,1,7945
9146,774,6.046875e-05,1,7968
15392,774,6.046875e-05,1,7995
15386,774,6.046875e-05,1,7992
6451,774,6.046875e-05,1,7947
11396,774,6.046875e-05,1,7989
11558,774,6.046875e-05,1,7979
12100,774,6.046875e-05,1,7996
11216,774,6.046875e-05,1,7988
3790,774,6.046875e-05,1,7981
11724,774,6.046875e-05,1,8001
3946,774,6.046875e-05,1,7998
583,774,6.046875e-05,1,7980
11725,774,6.046875e-05,1,8000
15767,774,6.046875e-05,1,7955
9085,774,6.046875e-05,1,7965
10957,774,6.046875e-05,1,7994
15224,774,6.046875e-05,1,7986
859,773,6.0390625e-05,1,8019
4063,773,6.0390625e-05,1,8016
8064,773,6.0390625e-05,1,8029
6615,773,6.0390625e-05,1,8036
14928,773,6.0390625e-05,1,8011
7644,773,6.0390625e-05,1,8046
288,773,6.0390625e-05,1,8049
2355,773,6.0390625e-05,1,8052
12741,773,6.0390625e-05,1,8055
2282,773,6.0390625e-05,1,8043
1177,773,6.0390625e-05,1,8054
851,773,6.0390625e-05,1,8022
10677,773,6.0390625e-05,1,8050
3076,773,6.0390625e-05,1,8032
14025,773,6.0390625e-05,1,8042
12988,773,6.0390625e-05,1,8035
7418,773,6.0390625e-05,1,8059
15668,773,6.0390625e-05,1,8033
13594,773,6.0390625e-05,1,8020
7098,773,6.0390625e-05,1,8030
13546,773,6.0390625e-05,1,8018
13596,773,6.0390625e-05,1,8021
10252,773,6.0390625e-05,1,8034
10256,773,6.0390625e-05,1,8027
6262,773,6.0390625e-05,1,8058
14129,773,6.0390625e-05,1,8047
7878,773,6.0390625e-05,1,8025
73,773,6.0390625e-05,1,8051
8047,773,6.0390625e-05,1,8006
1472,773,6.0390625e-05,1,8060
16347,773,6.0390625e-05,1,8044
5279,773,6.0390625e-05,1,8010
8634,773,6.0390625e-05,1,8040
3900,773,6.0390625e-05,1,8031
9097,773,6.0390625e-05,1,8026
10406,773,6.0390625e-05,1,8013
6200,773,6.0390625e-05,1,8008
11157,773,6.0390625e-05,1,8038
14738,773,6.0390625e-05,1,8023
3248,773,6.0390625e-05,1,8061
15497,773,6.0390625e-05,1,8015
12308,773,6.0390625e-05,1,8017
15107,773,6.0390625e-05,1,8024
11444,773,6.0390625e-05,1,8012
15218,773,6.0390625e-05,1,8056
12362,773,6.0390625e-05,1,8037
14021,773,6.0390625e-05,1,8041
3434,773,6.0390625e-05,1,8048
1023,773,6.0390625e-05,1,8009
3713,773,6.0390625e-05,1,8028
5619,773,6.0390625e-05,1,8053
13863,773,6.0390625e-05,1,8062
4844,773,6.0390625e-05,1,8063
15143,773,6.0390625e-05,1,8014
3610,773,6.0390625e-05,1,8045
7483,773,6.0390625e-05,1,8039
9396,773,6.0390625e-05,1,8005
4770,773,6.0390625e-05,1,8007
9210,773,6.0390625e-05,1,8057
4531,772,6.03125e-05,1,8079
16257,772,6.03125e-05,1,8117
5967,772,6.03125e-05,1,8121
14631,772,6.03125e-05,1,8066
3425,772,6.03125e-05,1,8085
13259,772,6.03125e-05,1,8077
3931,772,6.03125e-05,1,8074
10524,772,6.03125e-05,1,8090
7113,772,6.03125e-05,1,8132
9695,772,6.03125e-05,1,8116
9592,772,6.03125e-05,1,8125
9446,772,6.03125e-05,1,8112
9901,772,6.03125e-05,1,8111
13622,772,6.03125e-05,1,8096
8328,772,6.03125e-05,1,8106
13389,772,6.03125e-05,1,8069
8663,772,6.03125e-05,1,8089
253,772,6.03125e-05,1,8064
2609,772,6.03125e-05,1,8114
16083,772,6.03125e-05,1,8109
5786,772,6.03125e-05,1,8103
1031,772,6.03125e-05,1,8068
12455,772,6.03125e-05,1,8122
2374,772,6.03125e-05,1,8086
5648,772,6.03125e-05,1,8105
9268,772,6.03125e-05,1,8113
4061,772,6.03125e-05,1,8131
9307,772,6.03125e-05,1,8128
11402,772,6.03125e-05,1,8088
10445,772,6.03125e-05,1,8099
16331,772,6.03125e-05,1,8093
12950,772,6.03125e-05,1,8115
15915,772,6.03125e-05,1,8100
14302,772,6.03125e-05,1,8071
15950,772,6.03125e-05,1,8073
3162,772,6.03125e-05,1,8070
15015,772,6.03125e-05,1,8072
135,772,6.03125e-05,1,8082
14878,772,6.03125e-05,1,8110
13879,772,6.03125e-05,1,8095
3945,772,6.03125e-05,1,8076
3807,772,6.03125e-05,1,8101
9627,772,6.03125e-05,1,8126
12714,772,6.03125e-05,1,8119
12554,772,6.03125e-05,1,8129
1223,772,6.03125e-05,1,8078
15318,772,6.03125e-05,1,8081
7733,772,6.03125e-05,1,8102
13759,772,6.03125e-05,1,8080
11032,772,6.03125e-05,1,8098
11274,772,6.03125e-05,1,8075
3981,772,6.03125e-05,1,8118
3310,772,6.03125e-05,1,8091
3260,772,6.03125e-05,1,8107
1652,772,6.03125e-05,1,8092
1452,772,6.03125e-05,1,8087
6629,772,6.03125e-05,1,8094
2509,772,6.03125e-05,1,8124
13547,772,6.03125e-05,1,8104
6797,772,6.03125e-05,1,8127
12770,772,6.03125e-05,1,8130
5910,772,6.03125e-05,1,8123
14858,772,6.03125e-05,1,8120
15041,772,6.03125e-05,1,8067
11715,772,6.03125e-05,1,8083
14240,772,6.03125e-05,1,8065
1301,772,6.03125e-05,1,8084
3744,772,6.03125e-05,1,8097
1307,772,6.03125e-05,1,8108
4159,771,6.0234375e-05,1,8150
11224,771,6.0234375e-05,1,8155
1993,771,6.0234375e-05,1,8154
9640,771,6.0234375e-05,1,8163
12336,771,6.0234375e-05,1,8171
10163,771,6.0234375e-05,1,8177
9410,771,6.0234375e-05,1,8160
10109,771,6.0234375e-05,1,8185
14366,771,6.0234375e-05,1,8167
1581,771,6.0234375e-05,1,8133
14123,771,6.0234375e-05,1,8182
14639,771,6.0234375e-05,1,8175
15461,771,6.0234375e-05,1,8159
15076,771,6.0234375e-05,1,8157
4367,771,6.0234375e-05,1,8135
4694,771,6.0234375e-05,1,8147
1665,771,6.0234375e-05,1,8138
11967,771,6.0234375e-05,1,8162
372,771,6.0234375e-05,1,8161
7596,771,6.0234375e-05,1,8169
12494,771,6.0234375e-05,1,8178
3094,771,6.0234375e-05,1,8180
12772,771,6.0234375e-05,1,8136
6632,771,6.0234375e-05,1,8165
10630,771,6.0234375e-05,1,8188
6299,771,6.0234375e-05,1,8137
958,771,6.0234375e-05,1,8183
9728,771,6.0234375e-05,1,8139
14197,771,6.0234375e-05,1,8174
12509,771,6.0234375e-05,1,8184
1845,771,6.0234375e-05,1,8176
59,771,6.0234375e-05,1,8156
11514,771,6.0234375e-05,1,8140
1196,771,6.0234375e-05,1,8173
35,771,6.0234375e-05,1,8141
12059,771,6.0234375e-05,1,8166
14509,771,6.0234375e-05,1,8149
537,771,6.0234375e-05,1,8148
3409,771,6.0234375e-05,1,8181
3430,771,6.0234375e-05,1,8187
9662,771,6.0234375e-05,1,8168
13929,771,6.0234375e-05,1,8146
13658,771,6.0234375e-05,1,8179
4362,771,6.0234375e-05,1,8153
13151,771,6.0234375e-05,1,8164
1392,771,6.0234375e-05,1,8158
2844,771,6.0234375e-05,1,8151
16037,771,6.0234375e-05,1,8172
4216,771,6.0234375e-05,1,8186
13044,771,6.0234375e-05,1,8143
7428,771,6.0234375e-05,1,8142
8710,771,6.0234375e-05,1,8144
7075,771,6.0234375e-05,1,8170
8016,771,6.0234375e-05,1,8152
4121,771,6.0234375e-05,1,8134
8109,771,6.0234375e-05,1,8145
6222,770,6.015625e-05,1,8194
7837,770,6.015625e-05,1,8197
10001,770,6.015625e-05,1,8245
1955,770,6.015625e-05,1,8251
16309,770,6.015625e-05,1,8231
13969,770,6.015625e-05,1,8217
7071,770,6.015625e-05,1,8191
9699,770,6.015625e-05,1,8212
5608,770,6.015625e-05,1,8207
2391,770,6.015625e-05,1,8211
15552,770,6.015625e-05,1,8189
7500,770,6.015625e-05,1,8213
5898,770,6.015625e-05,1,8236
4741,770,6.015625e-05,1,8227
3827,770,6.015625e-05,1,8250
1851,770,6.015625e-05,1,8224
9475,770,6.015625e-05,1,8218
3216,770,6.015625e-05,1,8190
1198,770,6.015625e-05,1,8202
10648,770,6.015625e-05,1,8206
8834,770,6.015625e-05,1,8192
15782,770,6.015625e-05,1,8223
3767,770,6.015625e-05,1,8243
1838,770,6.015625e-05,1,8240
6561,770,6.015625e-05,1,8198
481,770,6.015625e-05,1,8222
15981,770,6.015625e-05,1,8221
12502,770,6.015625e-05,1,8209
10754,770,6.015625e-05,1,8199
8895,770,6.015625e-05,1,8249
4961,770,6.015625e-05,1,8208
7964,770,6.015625e-05,1,8205
975,770,6.015625e-05,1,8244
7283,770,6.015625e-05,1,8233
10892,770,6.015625e-05,1,8204
9391,770,6.015625e-05,1,8235
3557,770,6.015625e-05,1,8203
4845,770,6.015625e-05,1,8195
6359,770,6.015625e-05,1,8201
3135,770,6.015625e-05,1,8193
13245,770,6.015625e-05,1,8247
7354,770,6.015625e-05,1,8230
6751,770,6.015625e-05,1,8248
9103,770,6.015625e-05,1,8225
1921,770,6.015625e-05,1,8241
3910,770,6.015625e-05,1,8228
13308,770,6.015625e-05,1,8239
7527,770,6.015625e-05,1,8210
8738,770,6.015625e-05,1,8220
1414,770,6.015625e-05,1,8214
13205,770,6.015625e-05,1,8246
264,770,6.015625e-05,1,8200
10387,770,6.015625e-05,1,8242
10297,770,6.015625e-05,1,8226
16025,770,6.015625e-05,1,8234
15462,770,6.015625e-05,1,8229
9308,770,6.015625e-05,1,8232
2947,770,6.015625e-05,1,8237
5675,770,6.015625e-05,1,8215
10536,770,6.015625e-05,1,8216
14804,770,6.015625e-05,1,8196
2987,770,6.015625e-05,1,8238
11204,770,6.015625e-05,1,8219
14163,769,6.0078125e-05,1,8273
9741,769,6.0078125e-05,1,8313
6982,769,6.0078125e-05,1,8281
1837,769,6.0078125e-05,1,8276
14153,769,6.0078125e-05,1,8274
2028,769,6.0078125e-05,1,8294
5836,769,6.0078125e-05,1,8282
12247,769,6.0078125e-05,1,8293
8408,769,6.0078125e-05,1,8262
6571,769,6.0078125e-05,1,8297
3821,769,6.0078125e-05,1,8316
4699,769,6.0078125e-05,1,8318
5071,769,6.0078125e-05,1,8265
3190,769,6.0078125e-05,1,8303
8807,769,6.0078125e-05,1,8306
12065,769,6.0078125e-05,1,8272
9033,769,6.0078125e-05,1,8259
3381,769,6.0078125e-05,1,8268
11981,769,6.0078125e-05,1,8288
6523,769,6.0078125e-05,1,8317
3481,769,6.0078125e-05,1,8257
4920,769,6.0078125e-05,1,8263
10820,769,6.0078125e-05,1,8266
12368,769,6.0078125e-05,1,8296
6489,769,6.0078125e-05,1,8256
12267,769,6.0078125e-05,1,8305
12736,769,6.0078125e-05,1,8314
9078,769,6.0078125e-05,1,8271
14002,769,6.0078125e-05,1,8267
4478,769,6.0078125e-05,1,8295
8429,769,6.0078125e-05,1,8279
13819,769,6.0078125e-05,1,8309
9992,769,6.0078125e-05,1,8280
6855,769,6.0078125e-05,1,8302
13706,769,6.0078125e-05,1,8308
6326,769,6.0078125e-05,1,8252
9135,769,6.0078125e-05,1,8255
4502,769,6.0078125e-05,1,8253
4603,769,6.0078125e-05,1,8278
5377,769,6.0078125e-05,1,8277
9575,769,6.0078125e-05,1,8311
13376,769,6.0078125e-05,1,8284
2614,769,6.0078125e-05,1,8269
2638,769,6.0078125e-05,1,8285
10460,769,6.0078125e-05,1,8298
5168,769,6.0078125e-05,1,8310
8652,769,6.0078125e-05,1,8275
7610,769,6.0078125e-05,1,8283
15005,769,6.0078125e-05,1,8287
8237,769,6.0078125e-05,1,8304
667,769,6.0078125e-05,1,8315
8022,769,6.0078125e-05,1,8312
1554,769,6.0078125e-05,1,8301
1355,769,6.0078125e-05,1,8270
7086,769,6.0078125e-05,1,8307
16378,769,6.0078125e-05,1,8261
1730,769,6.0078125e-05,1,8289
1209,769,6.0078125e-05,1,8258
7048,769,6.0078125e-05,1,8292
15425,769,6.0078125e-05,1,8291
7409,769,6.0078125e-05,1,8300
15363,769,6.0078125e-05,1,8264
7137,769,6.0078125e-05,1,8286
7047,769,6.0078125e-05,1,8299
15808,769,6.0078125e-05,1,8290
1394,769,6.0078125e-05,1,8254
14286,769,6.0078125e-05,1,8260
5049,768,6e-05,1,8323
5925,768,6e-05,1,8390
13503,768,6e-05,1,8328
7394,768,6e-05,1,8385
15206,768,6e-05,1,8360
11322,768,6e-05,1,8319
3518,768,6e-05,1,8333
10049,768,6e-05,1,8340
7988,768,6e-05,1,8387
761,768,6e-05,1,8379
14393,768,6e-05,1,8380
3509,768,6e-05,1,8329
4579,768,6e-05,1,8376
12357,768,6e-05,1,8321
15120,768,6e-05,1,8366
2523,768,6e-05,1,8336
11312,768,6e-05,1,8320
1967,768,6e-05,1,8356
10237,768,6e-05,1,8331
14693,768,6e-05,1,8345
8624,768,6e-05,1,8373
631,768,6e-05,1,8367
11389,768,6e-05,1,8342
7306,768,6e-05,1,8396
6254,768,6e-05,1,8398
7826,768,6e-05,1,8388
15265,768,6e-05,1,8350
13910,768,6e-05,1,8359
5835,768,6e-05,1,8383
13398,768,6e-05,1,8351
9633,768,6e-05,1,8330
6412,768,6e-05,1,8395
7637,768,6e-05,1,8393
2015,768,6e-05,1,8357
4917,768,6e-05,1,8346
9689,768,6e-05,1,8378
9914,768,6e-05,1,8358
639,768,6e-05,1,8352
12963,768,6e-05,1,8369
756,768,6e-05,1,8361
5885,768,6e-05,1,8392
3187,768,6e-05,1,8326
508,768,6e-05,1,8339
2394,768,6e-05,1,8355
8481,768,6e-05,1,8347
15768,768,6e-05,1,8353
8293,768,6e-05,1,8389
7205,768,6e-05,1,8397
15527,768,6e-05,1,8365
10724,768,6e-05,1,8322
3180,768,6e-05,1,8332
14891,768,6e-05,1,8370
12469,768,6e-05,1,8363
13705,768,6e-05,1,8344
12510,768,6e-05,1,8372
4079,768,6e-05,1,8327
14265,768,6e-05,1,8377
9671,768,6e-05,1,8374
1172,768,6e-05,1,8341
60,768,6e-05,1,8391
3312,768,6e-05,1,8343
1155,768,6e-05,1,8334
5994,768,6e-05,1,8386
12762,768,6e-05,1,8364
4167,768,6e-05,1,8375
8904,768,6e-05,1,8368
6670,768,6e-05,1,8381
15920,768,6e-05,1,8384
12927,768,6e-05,1,8337
11811,768,6e-05,1,8362
15574,768,6e-05,1,8349
5822,768,6e-05,1,8382
3448,768,6e-05,1,8348
6188,768,6e-05,1,8394
1860,768,6e-05,1,8324
9620,768,6e-05,1,8325
2440,768,6e-05,1,8338
9787,768,6e-05,1,8371
12827,768,6e-05,1,8335
14846,768,6e-05,1,8354
11877,767,5.9921875e-05,1,8433
14481,767,5.9921875e-05,1,8408
13360,767,5.9921875e-05,1,8448
3953,767,5.9921875e-05,1,8436
7863,767,5.9921875e-05,1,8412
11405,767,5.9921875e-05,1,8440
5594,767,5.9921875e-05,1,8417
15907,767,5.9921875e-05,1,8400
11608,767,5.9921875e-05,1,8420
13563,767,5.9921875e-05,1,8427
4143,767,5.9921875e-05,1,8435
7933,767,5.9921875e-05,1,8446
8449,767,5.9921875e-05,1,8405
15338,767,5.9921875e-05,1,8421
6862,767,5.9921875e-05,1,8414
11647,767,5.9921875e-05,1,8437
8487,767,5.9921875e-05,1,8431
15440,767,5.9921875e-05,1,8434
9632,767,5.9921875e-05,1,8401
5056,767,5.9921875e-05,1,8407
7190,767,5.9921875e-05,1,8438
11117,767,5.9921875e-05,1,8424
8949,767,5.9921875e-05,1,8428
9394,767,5.9921875e-05,1,8416
8288,767,5.9921875e-05,1,8406
14207,767,5.9921875e-05,1,8402
12326,767,5.9921875e-05,1,8442
3147,767,5.9921875e-05,1,8444
15765,767,5.9921875e-05,1,8426
7816,767,5.9921875e-05,1,8447
1408,767,5.9921875e-05,1,8432
13225,767,5.9921875e-05,1,8410
14679,767,5.9921875e-05,1,8430
15991,767,5.9921875e-05,1,8441
12375,767,5.9921875e-05,1,8409
1910,767,5.9921875e-05,1,8422
11152,767,5.9921875e-05,1,8443
14994,767,5.9921875e-05,1,8403
9022,767,5.9921875e-05,1,8425
12109,767,5.9921875e-05,1,8415
12585,767,5.9921875e-05,1,8423
9912,767,5.9921875e-05,1,8439
15844,767,5.9921875e-05,1,8411
12384,767,5.9921875e-05,1,8413
2884,767,5.9921875e-05,1,8418
8870,767,5.9921875e-05,1,8445
5292,767,5.9921875e-05,1,8404
12137,767,5.9921875e-05,1,8399
16355,767,5.9921875e-05,1,8419
3361,767,5.9921875e-05,1,8429
3068,766,5.984375e-05,1,8491
3033,766,5.984375e-05,1,8467
12857,766,5.984375e-05,1,8504
7132,766,5.984375e-05,1,8458
7649,766,5.984375e-05,1,8452
14850,766,5.984375e-05,1,8509
13619,766,5.984375e-05,1,8451
4015,766,5.984375e-05,1,8519
4013,766,5.984375e-05,1,8450
8024,766,5.984375e-05,1,8474
15035,766,5.984375e-05,1,8505
15531,766,5.984375e-05,1,8512
3165,766,5.984375e-05,1,8524
9147,766,5.984375e-05,1,8463
6559,766,5.984375e-05,1,8499
9456,766,5.984375e-05,1,8460
8851,766,5.984375e-05,1,8470
14866,766,5.984375e-05,1,8480
13026,766,5.984375e-05,1,8486
3031,766,5.984375e-05,1,8478
10105,766,5.984375e-05,1,8496
3763,766,5.984375e-05,1,8507
6438,766,5.984375e-05,1,8473
7141,766,5.984375e-05,1,8506
7560,766,5.984375e-05,1,8498
12122,766,5.984375e-05,1,8469
6749,766,5.984375e-05,1,8503
15968,766,5.984375e-05,1,8517
6720,766,5.984375e-05,1,8523
3718,766,5.984375e-05,1,8479
6070,766,5.984375e-05,1,8511
5068,766,5.984375e-05,1,8526
1425,766,5.984375e-05,1,8481
3689,766,5.984375e-05,1,8510
10498,766,5.984375e-05,1,8461
7301,766,5.984375e-05,1,8513
6471,766,5.984375e-05,1,8459
978,766,5.984375e-05,1,8522
8565,766,5.984375e-05,1,8466
10552,766,5.984375e-05,1,8464
6483,766,5.984375e-05,1,8521
164,766,5.984375e-05,1,8514
11933,766,5.984375e-05,1,8454
2868,766,5.984375e-05,1,8485
13521,766,5.984375e-05,1,8500
12991,766,5.984375e-05,1,8465
10264,766,5.984375e-05,1,8483
4054,766,5.984375e-05,1,8455
16082,766,5.984375e-05,1,8497
16091,766,5.984375e-05,1,8525
11298,766,5.984375e-05,1,8484
5735,766,5.984375e-05,1,8489
14134,766,5.984375e-05,1,8508
1639,766,5.984375e-05,1,8520
15586,766,5.984375e-05,1,8516
15833,766,5.984375e-05,1,8492
14099,766,5.984375e-05,1,8462
10814,766,5.984375e-05,1,8449
4276,766,5.984375e-05,1,8453
14050,766,5.984375e-05,1,8494
7769,766,5.984375e-05,1,8502
11344,766,5.984375e-05,1,8482
14003,766,5.984375e-05,1,8477
7626,766,5.984375e-05,1,8490
2063,766,5.984375e-05,1,8471
5640,766,5.984375e-05,1,8475
7053,766,5.984375e-05,1,8518
11438,766,5.984375e-05,1,8472
43,766,5.984375e-05,1,8468
681,766,5.984375e-05,1,8476
15695,766,5.984375e-05,1,8493
506,766,5.984375e-05,1,8488
13719,766,5.984375e-05,1,8515
4659,766,5.984375e-05,1,8456
7782,766,5.984375e-05,1,8457
10991,766,5.984375e-05,1,8501
6973,766,5.984375e-05,1,8487
1801,766,5.984375e-05,1,8495
10593,765,5.9765625e-05,1,8571
220,765,5.9765625e-05,1,8562
4776,765,5.9765625e-05,1,8572
14399,765,5.9765625e-05,1,8575
14011,765,5.9765625e-05,1,8586
6440,765,5.9765625e-05,1,8530
2667,765,5.9765625e-05,1,8587
8398,765,5.9765625e-05,1,8573
12148,765,5.9765625e-05,1,8531
3742,765,5.9765625e-05,1,8596
139,765,5.9765625e-05,1,8590
2649,765,5.9765625e-05,1,8545
14736,765,5.9765625e-05,1,8565
15260,765,5.9765625e-05,1,8600
129,765,5.9765625e-05,1,8552
12561,765,5.9765625e-05,1,8559
6099,765,5.9765625e-05,1,8551
8608,765,5.9765625e-05,1,8547
6603,765,5.9765625e-05,1,8588
2578,765,5.9765625e-05,1,8537
13401,765,5.9765625e-05,1,8548
3243,765,5.9765625e-05,1,8546
8174,765,5.9765625e-05,1,8592
5064,765,5.9765625e-05,1,8567
15048,765,5.9765625e-05,1,8583
3437,765,5.9765625e-05,1,8574
12172,765,5.9765625e-05,1,8550
10468,765,5.9765625e-05,1,8542
5751,765,5.9765625e-05,1,8570
1868,765,5.9765625e-05,1,8591
194,765,5.9765625e-05,1,8566
1316,765,5.9765625e-05,1,8585
12409,765,5.9765625e-05,1,8597
11145,765,5.9765625e-05,1,8527
7806,765,5.9765625e-05,1,8549
6178,765,5.9765625e-05,1,8582
5185,765,5.9765625e-05,1,8598
8920,765,5.9765625e-05,1,8561
272,765,5.9765625e-05,1,8568
11158,765,5.9765625e-05,1,8529
10513,765,5.9765625e-05,1,8535
12349,765,5.9765625e-05,1,8577
14365,765,5.9765625e-05,1,8578
10456,765,5.9765625e-05,1,8543
6643,765,5.9765625e-05,1,8569
15182,765,5.9765625e-05,1,8593
9573,765,5.9765625e-05,1,8556
8950,765,5.9765625e-05,1,8599
13072,765,5.9765625e-05,1,8580
10246,765,5.9765625e-05,1,8528
15199,765,5.9765625e-05,1,8595
14865,765,5.9765625e-05,1,8581
6174,765,5.9765625e-05,1,8563
13432,765,5.9765625e-05,1,8564
10705,765,5.9765625e-05,1,8532
10738,765,5.9765625e-05,1,8538
2411,765,5.9765625e-05,1,8539
14567,765,5.9765625e-05,1,8541
7358,765,5.9765625e-05,1,8558
9681,765,5.9765625e-05,1,8534
100,765,5.9765625e-05,1,8579
13496,765,5.9765625e-05,1,8555
4264,765,5.9765625e-05,1,8553
13475,765,5.9765625e-05,1,8557
9974,765,5.9765625e-05,1,8584
10097,765,5.9765625e-05,1,8560
10737,765,5.9765625e-05,1,8536
2346,765,5.9765625e-05,1,8594
16297,765,5.9765625e-05,1,8589
2424,765,5.9765625e-05,1,8544
13458,765,5.9765625e-05,1,8533
13528,765,5.9765625e-05,1,8554
1596,765,5.9765625e-05,1,8540
8219,765,5.9765625e-05,1,8576
9507,764,5.96875e-05,1,8626
12284,764,5.96875e-05,1,8616
374,764,5.96875e-05,1,8655
2888,764,5.96875e-05,1,8657
14572,764,5.96875e-05,1,8611
4521,764,5.96875e-05,1,8652
10038,764,5.96875e-05,1,8644
9894,764,5.96875e-05,1,8649
4902,764,5.96875e-05,1,8620
10580,764,5.96875e-05,1,8625
13258,764,5.96875e-05,1,8618
16199,764,5.96875e-05,1,8659
15921,764,5.96875e-05,1,8603
14720,764,5.96875e-05,1,8653
15219,764,5.96875e-05,1,8627
14370,764,5.96875e-05,1,8635
4062,764,5.96875e-05,1,8633
13029,764,5.96875e-05,1,8647
5143,764,5.96875e-05,1,8637
11578,764,5.96875e-05,1,8619
9192,764,5.96875e-05,1,8636
4755,764,5.96875e-05,1,8624
11706,764,5.96875e-05,1,8645
15816,764,5.96875e-05,1,8604
10358,764,5.96875e-05,1,8632
8791,764,5.96875e-05,1,8621
1603,764,5.96875e-05,1,8668
14523,764,5.96875e-05,1,8641
6642,764,5.96875e-05,1,8605
7371,764,5.96875e-05,1,8609
7369,764,5.96875e-05,1,8607
16134,764,5.96875e-05,1,8643
10300,764,5.96875e-05,1,8631
12870,764,5.96875e-05,1,8602
6012,764,5.96875e-05,1,8654
14480,764,5.96875e-05,1,8601
5948,764,5.96875e-05,1,8617
12386,764,5.96875e-05,1,8612
8526,764,5.96875e-05,1,8648
10280,764,5.96875e-05,1,8610
2990,764,5.96875e-05,1,8623
5736,764,5.96875e-05,1,8608
1552,764,5.96875e-05,1,8634
14355,764,5.96875e-05,1,8666
7091,764,5.96875e-05,1,8622
2377,764,5.96875e-05,1,8650
655,764,5.96875e-05,1,8638
8589,764,5.96875e-05,1,8642
815,764,5.96875e-05,1,8658
6903,764,5.96875e-05,1,8646
11963,764,5.96875e-05,1,8663
12014,764,5.96875e-05,1,8656
14439,764,5.96875e-05,1,8667
7415,764,5.96875e-05,1,8606
2619,764,5.96875e-05,1,8661
7843,764,5.96875e-05,1,8640
3873,764,5.96875e-05,1,8651
938,764,5.96875e-05,1,8664
3244,764,5.96875e-05,1,8614
7536,764,5.96875e-05,1,8629
669,764,5.96875e-05,1,8628
6083,764,5.96875e-05,1,8665
1470,764,5.96875e-05,1,8615
235,764,5.96875e-05,1,8662
6051,764,5.96875e-05,1,8613
13437,764,5.96875e-05,1,8639
13906,764,5.96875e-05,1,8660
12584,764,5.96875e-05,1,8630
6867,763,5.9609375e-05,1,8672
14636,763,5.9609375e-05,1,8707
5073,763,5.9609375e-05,1,8715
1869,763,5.9609375e-05,1,8680
5275,763,5.9609375e-05,1,8678
3450,763,5.9609375e-05,1,8730
5218,763,5.9609375e-05,1,8670
1044,763,5.9609375e-05,1,8724
1653,763,5.9609375e-05,1,8681
10291,763,5.9609375e-05,1,8682
9631,763,5.9609375e-05,1,8706
9398,763,5.9609375e-05,1,8732
15747,763,5.9609375e-05,1,8736
9044,763,5.9609375e-05,1,8728
6126,763,5.9609375e-05,1,8688
849,763,5.9609375e-05,1,8677
4191,763,5.9609375e-05,1,8704
16009,763,5.9609375e-05,1,8712
4860,763,5.9609375e-05,1,8674
5364,763,5.9609375e-05,1,8714
3772,763,5.9609375e-05,1,8717
15297,763,5.9609375e-05,1,8693
11105,763,5.9609375e-05,1,8733
15340,763,5.9609375e-05,1,8671
4767,763,5.9609375e-05,1,8727
1258,763,5.9609375e-05,1,8713
10350,763,5.9609375e-05,1,8709
13461,763,5.9609375e-05,1,8702
15011,763,5.9609375e-05,1,8718
14237,763,5.9609375e-05,1,8726
8074,763,5.9609375e-05,1,8710
15366,763,5.9609375e-05,1,8739
12747,763,5.9609375e-05,1,8683
6628,763,5.9609375e-05,1,8689
1288,763,5.9609375e-05,1,8703
14316,763,5.9609375e-05,1,8685
357,763,5.9609375e-05,1,8734
12453,763,5.9609375e-05,1,8699
4132,763,5.9609375e-05,1,8721
5989,763,5.9609375e-05,1,8675
1078,763,5.9609375e-05,1,8687
6835,763,5.9609375e-05,1,8679
8333,763,5.9609375e-05,1,8676
5233,763,5.9609375e-05,1,8698
373,763,5.9609375e-05,1,8731
7333,763,5.9609375e-05,1,8692
12694,763,5.9609375e-05,1,8711
15979,763,5.9609375e-05,1,8684
9180,763,5.9609375e-05,1,8695
15100,763,5.9609375e-05,1,8729
11181,763,5.9609375e-05,1,8725
1363,763,5.9609375e-05,1,8716
14272,763,5.9609375e-05,1,8737
3637,763,5.9609375e-05,1,8686
1700,763,5.9609375e-05,1,8697
5081,763,5.9609375e-05,1,8669
9642,763,5.9609375e-05,1,8722
3345,763,5.9609375e-05,1,8694
15236,763,5.9609375e-05,1,8744
13533,763,5.9609375e-05,1,8690
15469,763,5.9609375e-05,1,8720
11279,763,5.9609375e-05,1,8673
1142,763,5.9609375e-05,1,8743
983,763,5.9609375e-05,1,8723
13561,763,5.9609375e-05,1,8740
3226,763,5.9609375e-05,1,8701
613,763,5.9609375e-05,1,8741
7554,763,5.9609375e-05,1,8705
11908,763,5.9609375e-05,1,8700
4812,763,5.9609375e-05,1,8691
3525,763,5.9609375e-05,1,8742
4458,763,5.9609375e-05,1,8696
7135,763,5.9609375e-05,1,8708
3669,763,5.9609375e-05,1,8719
1671,763,5.9609375e-05,1,8745
14707,763,5.9609375e-05,1,8735
16230,763,5.9609375e-05,1,8738
782,762,5.953125e-05,1,8803
14318,762,5.953125e-05,1,8800
3245,762,5.953125e-05,1,8795
13180,762,5.953125e-05,1,8766
5118,762,5.953125e-05,1,8776
9270,762,5.953125e-05,1,8762
4454,762,5.953125e-05,1,8765
13189,762,5.953125e-05,1,8768
2714,762,5.953125e-05,1,8763
4711,762,5.953125e-05,1,8801
5039,762,5.953125e-05,1,8774
6120,762,5.953125e-05,1,8790
3377,762,5.953125e-05,1,8802
1436,762,5.953125e-05,1,8773
5083,762,5.953125e-05,1,8751
5458,762,5.953125e-05,1,8767
14247,762,5.953125e-05,1,8785
5784,762,5.953125e-05,1,8789
9907,762,5.953125e-05,1,8769
8086,762,5.953125e-05,1,8764
5308,762,5.953125e-05,1,8797
4922,762,5.953125e-05,1,8792
12546,762,5.953125e-05,1,8781
2710,762,5.953125e-05,1,8748
8813,762,5.953125e-05,1,8756
16319,762,5.953125e-05,1,8779
1094,762,5.953125e-05,1,8760
3431,762,5.953125e-05,1,8752
7222,762,5.953125e-05,1,8757
12801,762,5.953125e-05,1,8784
3959,762,5.953125e-05,1,8747
5159,762,5.953125e-05,1,8780
10527,762,5.953125e-05,1,8770
12098,762,5.953125e-05,1,8775
6433,762,5.953125e-05,1,8787
6247,762,5.953125e-05,1,8799
10966,762,5.953125e-05,1,8759
4530,762,5.953125e-05,1,8806
6933,762,5.953125e-05,1,8750
14349,762,5.953125e-05,1,8749
2966,762,5.953125e-05,1,8794
4237,762,5.953125e-05,1,8793
10011,762,5.953125e-05,1,8796
7993,762,5.953125e-05,1,8758
5368,762,5.953125e-05,1,8788
250,762,5.953125e-05,1,8755
1626,762,5.953125e-05,1,8782
3942,762,5.953125e-05,1,8786
10535,762,5.953125e-05,1,8771
7838,762,5.953125e-05,1,8746
11090,762,5.953125e-05,1,8778
3438,762,5.953125e-05,1,8753
4814,762,5.953125e-05,1,8761
6858,762,5.953125e-05,1,8804
1519,762,5.953125e-05,1,8805
7647,762,5.953125e-05,1,8754
2566,762,5.953125e-05,1,8777
3560,762,5.953125e-05,1,8783
14759,762,5.953125e-05,1,8791
1504,762,5.953125e-05,1,8798
14008,762,5.953125e-05,1,8772
9159,761,5.9453125e-05,1,8828
465,761,5.9453125e-05,1,8867
4042,761,5.9453125e-05,1,8809
4076,761,5.9453125e-05,1,8833
6133,761,5.9453125e-05,1,8834
854,761,5.9453125e-05,1,8848
1118,761,5.9453125e-05,1,8862
9352,761,5.9453125e-05,1,8812
9063,761,5.9453125e-05,1,8810
7503,761,5.9453125e-05,1,8831
11431,761,5.9453125e-05,1,8844
3856,761,5.9453125e-05,1,8815
12082,761,5.9453125e-05,1,8863
11426,761,5.9453125e-05,1,8818
15261,761,5.9453125e-05,1,8832
616,761,5.9453125e-05,1,8819
15852,761,5.9453125e-05,1,8861
11503,761,5.9453125e-05,1,8845
3895,761,5.9453125e-05,1,8807
10589,761,5.9453125e-05,1,8846
4919,761,5.9453125e-05,1,8852
3679,761,5.9453125e-05,1,8860
11308,761,5.9453125e-05,1,8829
4910,761,5.9453125e-05,1,8858
4475,761,5.9453125e-05,1,8811
3613,761,5.9453125e-05,1,8823
341,761,5.9453125e-05,1,8825
10839,761,5.9453125e-05,1,8842
15732,761,5.9453125e-05,1,8808
4019,761,5.9453125e-05,1,8814
4728,761,5.9453125e-05,1,8836
4915,761,5.9453125e-05,1,8854
6132,761,5.9453125e-05,1,8830
2846,761,5.9453125e-05,1,8865
6987,761,5.9453125e-05,1,8840
5782,761,5.9453125e-05,1,8857
6775,761,5.9453125e-05,1,8824
1844,761,5.9453125e-05,1,8856
2688,761,5.9453125e-05,1,8849
8082,761,5.9453125e-05,1,8816
14500,761,5.9453125e-05,1,8835
5571,761,5.9453125e-05,1,8859
8193,761,5.9453125e-05,1,8838
6949,761,5.9453125e-05,1,8841
9943,761,5.9453125e-05,1,8837
8267,761,5.9453125e-05,1,8853
13786,761,5.9453125e-05,1,8817
5707,761,5.9453125e-05,1,8822
2737,761,5.9453125e-05,1,8855
14520,761,5.9453125e-05,1,8826
14081,761,5.9453125e-05,1,8839
1683,761,5.9453125e-05,1,8847
8714,761,5.9453125e-05,1,8851
13895,761,5.9453125e-05,1,8827
13718,761,5.9453125e-05,1,8821
9984,761,5.9453125e-05,1,8866
14770,761,5.9453125e-05,1,8850
8187,761,5.9453125e-05,1,8843
13470,761,5.9453125e-05,1,8820
14611,761,5.9453125e-05,1,8864
13430,761,5.9453125e-05,1,8813
14451,760,5.9375e-05,1,8895
12650,760,5.9375e-05,1,8871
8212,760,5.9375e-05,1,8912
14266,760,5.9375e-05,1,8868
12895,760,5.9375e-05,1,8927
12656,760,5.9375e-05,1,8887
12705,760,5.9375e-05,1,8883
3489,760,5.9375e-05,1,8917
12009,760,5.9375e-05,1,8904
11784,760,5.9375e-05,1,8918
7457,760,5.9375e-05,1,8906
2235,760,5.9375e-05,1,8880
4886,760,5.9375e-05,1,8885
7081,760,5.9375e-05,1,8922
15535,760,5.9375e-05,1,8916
9713,760,5.9375e-05,1,8911
6477,760,5.9375e-05,1,8924
122,760,5.9375e-05,1,8877
10274,760,5.9375e-05,1,8898
10940,760,5.9375e-05,1,8870
6298,760,5.9375e-05,1,8874
278,760,5.9375e-05,1,8913
464,760,5.9375e-05,1,8875
10272,760,5.9375e-05,1,8889
2791,760,5.9375e-05,1,8897
12228,760,5.9375e-05,1,8892
10934,760,5.9375e-05,1,8876
4115,760,5.9375e-05,1,8909
10623,760,5.9375e-05,1,8914
680,760,5.9375e-05,1,8900
14601,760,5.9375e-05,1,8872
11810,760,5.9375e-05,1,8919
6697,760,5.9375e-05,1,8920
2851,760,5.9375e-05,1,8926
7006,760,5.9375e-05,1,8907
10123,760,5.9375e-05,1,8878
4682,760,5.9375e-05,1,8896
12549,760,5.9375e-05,1,8879
4668,760,5.9375e-05,1,8888
9950,760,5.9375e-05,1,8910
5296,760,5.9375e-05,1,8894
8641,760,5.9375e-05,1,8899
8123,760,5.9375e-05,1,8903
57,760,5.9375e-05,1,8881
11085,760,5.9375e-05,1,8873
9196,760,5.9375e-05,1,8925
4138,760,5.9375e-05,1,8915
3408,760,5.9375e-05,1,8893
5900,760,5.9375e-05,1,8886
5488,760,5.9375e-05,1,8902
13268,760,5.9375e-05,1,8921
7608,760,5.9375e-05,1,8905
12666,760,5.9375e-05,1,8891
12476,760,5.9375e-05,1,8908
14712,760,5.9375e-05,1,8901
12564,760,5.9375e-05,1,8869
5883,760,5.9375e-05,1,8923
11167,760,5.9375e-05,1,8884
4580,760,5.9375e-05,1,8882
6275,760,5.9375e-05,1,8890
8956,759,5.9296875e-05,1,8978
2313,759,5.9296875e-05,1,8937
6478,759,5.9296875e-05,1,8942
10374,759,5.9296875e-05,1,8963
9511,759,5.9296875e-05,1,8982
1601,759,5.9296875e-05,1,8959
8163,759,5.9296875e-05,1,8962
14605,759,5.9296875e-05,1,8964
12005,759,5.9296875e-05,1,8946
5505,759,5.9296875e-05,1,8947
11979,759,5.9296875e-05,1,8968
15923,759,5.9296875e-05,1,8945
13311,759,5.9296875e-05,1,8961
10059,759,5.9296875e-05,1,8985
2488,759,5.9296875e-05,1,8928
7357,759,5.9296875e-05,1,8965
11845,759,5.9296875e-05,1,8975
6343,759,5.9296875e-05,1,8973
9198,759,5.9296875e-05,1,8939
15229,759,5.9296875e-05,1,8933
718,759,5.9296875e-05,1,8984
10694,759,5.9296875e-05,1,8951
13672,759,5.9296875e-05,1,8990
10203,759,5.9296875e-05,1,8958
14518,759,5.9296875e-05,1,8983
13681,759,5.9296875e-05,1,8989
6028,759,5.9296875e-05,1,8941
727,759,5.9296875e-05,1,8974
12068,759,5.9296875e-05,1,8988
12459,759,5.9296875e-05,1,8934
1748,759,5.9296875e-05,1,8954
4739,759,5.9296875e-05,1,8960
4392,759,5.9296875e-05,1,8956
15748,759,5.9296875e-05,1,8972
8260,759,5.9296875e-05,1,8931
15118,759,5.9296875e-05,1,8986
8388,759,5.9296875e-05,1,8950
11071,759,5.9296875e-05,1,8970
5206,759,5.9296875e-05,1,8957
4901,759,5.9296875e-05,1,8938
11014,759,5.9296875e-05,1,8981
14113,759,5.9296875e-05,1,8994
13839,759,5.9296875e-05,1,8991
16367,759,5.9296875e-05,1,8976
14857,759,5.9296875e-05,1,8952
1065,759,5.9296875e-05,1,8980
9722,759,5.9296875e-05,1,8949
1298,759,5.9296875e-05,1,8979
12764,759,5.9296875e-05,1,8935
7786,759,5.9296875e-05,1,8987
14227,759,5.9296875e-05,1,8943
9525,759,5.9296875e-05,1,8948
4345,759,5.9296875e-05,1,8971
6880,759,5.9296875e-05,1,8940
6595,759,5.9296875e-05,1,8932
15871,759,5.9296875e-05,1,8969
1802,759,5.9296875e-05,1,8944
14269,759,5.9296875e-05,1,8977
4935,759,5.9296875e-05,1,8929
15803,759,5.9296875e-05,1,8966
11013,759,5.9296875e-05,1,8930
2172,759,5.9296875e-05,1,8936
12759,759,5.9296875e-05,1,8993
10263,759,5.9296875e-05,1,8953
8856,759,5.9296875e-05,1,8955
9737,759,5.9296875e-05,1,8967
14305,759,5.9296875e-05,1,8992
13473,758,5.921875e-05,1,9058
8341,758,5.921875e-05,1,9008
7439,758,5.921875e-05,1,8997
5552,758,5.921875e-05,1,9027
7660,758,5.921875e-05,1,9068
4678,758,5.921875e-05,1,9055
13495,758,5.921875e-05,1,8995
6377,758,5.921875e-05,1,9037
13418,758,5.921875e-05,1,9019
6994,758,5.921875e-05,1,9021
457,758,5.921875e-05,1,9041
4838,758,5.921875e-05,1,9045
1530,758,5.921875e-05,1,9030
1807,758,5.921875e-05,1,9034
848,758,5.921875e-05,1,9072
8456,758,5.921875e-05,1,9013
5743,758,5.921875e-05,1,9044
10712,758,5.921875e-05,1,9065
6281,758,5.921875e-05,1,9071
392,758,5.921875e-05,1,9064
15611,758,5.921875e-05,1,9052
11446,758,5.921875e-05,1,9053
16310,758,5.921875e-05,1,9056
4149,758,5.921875e-05,1,8999
11428,758,5.921875e-05,1,9060
9175,758,5.921875e-05,1,9011
16338,758,5.921875e-05,1,9039
417,758,5.921875e-05,1,9003
8485,758,5.921875e-05,1,8998
16344,758,5.921875e-05,1,9043
13983,758,5.921875e-05,1,9070
13996,758,5.921875e-05,1,9066
14180,758,5.921875e-05,1,9038
1681,758,5.921875e-05,1,9022
4404,758,5.921875e-05,1,9012
7622,758,5.921875e-05,1,9048
13680,758,5.921875e-05,1,9032
365,758,5.921875e-05,1,9026
10812,758,5.921875e-05,1,9014
9281,758,5.921875e-05,1,9049
8508,758,5.921875e-05,1,9018
6218,758,5.921875e-05,1,9024
7820,758,5.921875e-05,1,9069
13642,758,5.921875e-05,1,9076
10008,758,5.921875e-05,1,9010
10866,758,5.921875e-05,1,9009
8446,758,5.921875e-05,1,9028
5890,758,5.921875e-05,1,9020
9756,758,5.921875e-05,1,9035
12097,758,5.921875e-05,1,9002
10132,758,5.921875e-05,1,9057
9018,758,5.921875e-05,1,9067
1438,758,5.921875e-05,1,9033
5256,758,5.921875e-05,1,9025
10598,758,5.921875e-05,1,9063
149,758,5.921875e-05,1,9023
8662,758,5.921875e-05,1,9001
10577,758,5.921875e-05,1,9061
9747,758,5.921875e-05,1,9016
12197,758,5.921875e-05,1,8996
3625,758,5.921875e-05,1,9054
9600,758,5.921875e-05,1,9040
9515,758,5.921875e-05,1,9051
12489,758,5.921875e-05,1,9015
10525,758,5.921875e-05,1,9074
6495,758,5.921875e-05,1,9036
8785,758,5.921875e-05,1,9031
12341,758,5.921875e-05,1,9075
2905,758,5.921875e-05,1,9005
15062,758,5.921875e-05,1,9004
15144,758,5.921875e-05,1,9073
7177,758,5.921875e-05,1,9007
12931,758,5.921875e-05,1,9046
1308,758,5.921875e-05,1,9047
7195,758,5.921875e-05,1,9050
3236,758,5.921875e-05,1,9062
15072,758,5.921875e-05,1,9029
15272,758,5.921875e-05,1,9017
7316,758,5.921875e-05,1,9000
8048,758,5.921875e-05,1,9006
10113,758,5.921875e-05,1,9042
9028,758,5.921875e-05,1,9059
6036,757,5.9140625e-05,1,9136
875,757,5.9140625e-05,1,9085
14052,757,5.9140625e-05,1,9091
13979,757,5.9140625e-05,1,9102
9062,757,5.9140625e-05,1,9109
2065,757,5.9140625e-05,1,9110
11819,757,5.9140625e-05,1,9124
15485,757,5.9140625e-05,1,9120
188,757,5.9140625e-05,1,9129
9318,757,5.9140625e-05,1,9126
4372,757,5.9140625e-05,1,9122
14320,757,5.9140625e-05,1,9096
11295,757,5.9140625e-05,1,9139
1958,757,5.9140625e-05,1,9116
15473,757,5.9140625e-05,1,9113
14753,757,5.9140625e-05,1,9082
12152,757,5.9140625e-05,1,9103
4335,757,5.9140625e-05,1,9093
458,757,5.9140625e-05,1,9138
2765,757,5.9140625e-05,1,9090
15557,757,5.9140625e-05,1,9114
4067,757,5.9140625e-05,1,9087
1337,757,5.9140625e-05,1,9095
10495,757,5.9140625e-05,1,9135
2801,757,5.9140625e-05,1,9100
6168,757,5.9140625e-05,1,9112
13176,757,5.9140625e-05,1,9123
364,757,5.9140625e-05,1,9125
15006,757,5.9140625e-05,1,9128
1266,757,5.9140625e-05,1,9133
11653,757,5.9140625e-05,1,9107
8289,757,5.9140625e-05,1,9117
15814,757,5.9140625e-05,1,9079
13217,757,5.9140625e-05,1,9131
150,757,5.9140625e-05,1,9078
13122,757,5.9140625e-05,1,9092
2575,757,5.9140625e-05,1,9121
15896,757,5.9140625e-05,1,9094
10408,757,5.9140625e-05,1,9089
1893,757,5.9140625e-05,1,9099
3143,757,5.9140625e-05,1,9098
3866,757,5.9140625e-05,1,9140
13,757,5.9140625e-05,1,9104
9852,757,5.9140625e-05,1,9084
6599,757,5.9140625e-05,1,9088
5265,757,5.9140625e-05,1,9077
14573,757,5.9140625e-05,1,9134
1003,757,5.9140625e-05,1,9083
14658,757,5.9140625e-05,1,9132
10075,757,5.9140625e-05,1,9119
1148,757,5.9140625e-05,1,9081
5717,757,5.9140625e-05,1,9101
7834,757,5.9140625e-05,1,9130
1651,757,5.9140625e-05,1,9086
8266,757,5.9140625e-05,1,9106
7111,757,5.9140625e-05,1,9111
2501,757,5.9140625e-05,1,9127
1153,757,5.9140625e-05,1,9137
12310,757,5.9140625e-05,1,9080
14761,757,5.9140625e-05,1,9108
16,757,5.9140625e-05,1,9115
6998,757,5.9140625e-05,1,9105
6098,757,5.9140625e-05,1,9097
16359,757,5.9140625e-05,1,9118
10356,756,5.90625e-05,1,9171
15610,756,5.90625e-05,1,9163
6424,756,5.90625e-05,1,9177
10565,756,5.90625e-05,1,9203
14809,756,5.90625e-05,1,9165
6234,756,5.90625e-05,1,9197
4837,756,5.90625e-05,1,9204
9941,756,5.90625e-05,1,9198
9982,756,5.90625e-05,1,9173
672,756,5.90625e-05,1,9174
14422,756,5.90625e-05,1,9158
11483,756,5.90625e-05,1,9149
12328,756,5.90625e-05,1,9157
8114,756,5.90625e-05,1,9155
932,756,5.90625e-05,1,9176
981,756,5.90625e-05,1,9178
12318,756,5.90625e-05,1,9153
2826,756,5.90625e-05,1,9188
14874,756,5.90625e-05,1,9167
14802,756,5.90625e-05,1,9193
14416,756,5.90625e-05,1,9145
8962,756,5.90625e-05,1,9170
6480,756,5.90625e-05,1,9154
8111,756,5.90625e-05,1,9189
5924,756,5.90625e-05,1,9146
5395,756,5.90625e-05,1,9194
14271,756,5.90625e-05,1,9200
4051,756,5.90625e-05,1,9168
9785,756,5.90625e-05,1,9190
2715,756,5.90625e-05,1,9161
14080,756,5.90625e-05,1,9148
522,756,5.90625e-05,1,9201
8357,756,5.90625e-05,1,9175
8747,756,5.90625e-05,1,9205
5106,756,5.90625e-05,1,9141
8493,756,5.90625e-05,1,9160
2675,756,5.90625e-05,1,9147
6366,756,5.90625e-05,1,9159
14921,756,5.90625e-05,1,9150
3307,756,5.90625e-05,1,9206
15796,756,5.90625e-05,1,9156
15830,756,5.90625e-05,1,9195
10671,756,5.90625e-05,1,9172
11932,756,5.90625e-05,1,9192
9473,756,5.90625e-05,1,9183
13322,756,5.90625e-05,1,9169
3888,756,5.90625e-05,1,9181
15715,756,5.90625e-05,1,9151
13434,756,5.90625e-05,1,9152
3687,756,5.90625e-05,1,9164
10643,756,5.90625e-05,1,9199
610,756,5.90625e-05,1,9143
8303,756,5.90625e-05,1,9185
2786,756,5.90625e-05,1,9191
1834,756,5.90625e-05,1,9182
4443,756,5.90625e-05,1,9184
13676,756,5.90625e-05,1,9187
15945,756,5.90625e-05,1,9180
13447,756,5.90625e-05,1,9166
12837,756,5.90625e-05,1,9186
6458,756,5.90625e-05,1,9207
13359,756,5.90625e-05,1,9144
4617,756,5.90625e-05,1,9179
13630,756,5.90625e-05,1,9202
8625,756,5.90625e-05,1,9196
10581,756,5.90625e-05,1,9142
3847,756,5.90625e-05,1,9162
3091,755,5.8984375e-05,1,9248
13861,755,5.8984375e-05,1,9235
13017,755,5.8984375e-05,1,9270
10838,755,5.8984375e-05,1,9222
5750,755,5.8984375e-05,1,9244
599,755,5.8984375e-05,1,9256
7458,755,5.8984375e-05,1,9284
42,755,5.8984375e-05,1,9250
14840,755,5.8984375e-05,1,9219
12879,755,5.8984375e-05,1,9241
7014,755,5.8984375e-05,1,9260
15644,755,5.8984375e-05,1,9257
12916,755,5.8984375e-05,1,9255
14075,755,5.8984375e-05,1,9246
12389,755,5.8984375e-05,1,9240
4455,755,5.8984375e-05,1,9208
16040,755,5.8984375e-05,1,9258
7600,755,5.8984375e-05,1,9279
438,755,5.8984375e-05,1,9229
8397,755,5.8984375e-05,1,9218
11327,755,5.8984375e-05,1,9238
3832,755,5.8984375e-05,1,9271
9965,755,5.8984375e-05,1,9252
2192,755,5.8984375e-05,1,9281
15777,755,5.8984375e-05,1,9249
13209,755,5.8984375e-05,1,9262
6337,755,5.8984375e-05,1,9263
520,755,5.8984375e-05,1,9282
14525,755,5.8984375e-05,1,9273
16295,755,5.8984375e-05,1,9283
15507,755,5.8984375e-05,1,9266
9351,755,5.8984375e-05,1,9209
10679,755,5.8984375e-05,1,9223
14896,755,5.8984375e-05,1,9228
15483,755,5.8984375e-05,1,9233
13590,755,5.8984375e-05,1,9276
9612,755,5.8984375e-05,1,9230
8537,755,5.8984375e-05,1,9268
15480,755,5.8984375e-05,1,9226
324,755,5.8984375e-05,1,9243
11904,755,5.8984375e-05,1,9213
12704,755,5.8984375e-05,1,9214
10054,755,5.8984375e-05,1,9272
9096,755,5.8984375e-05,1,9277
6378,755,5.8984375e-05,1,9220
16221,755,5.8984375e-05,1,9239
11937,755,5.8984375e-05,1,9215
15345,755,5.8984375e-05,1,9224
13490,755,5.8984375e-05,1,9265
1796,755,5.8984375e-05,1,9234
853,755,5.8984375e-05,1,9225
3759,755,5.8984375e-05,1,9217
15993,755,5.8984375e-05,1,9247
13639,755,5.8984375e-05,1,9254
10707,755,5.8984375e-05,1,9231
5616,755,5.8984375e-05,1,9274
4958,755,5.8984375e-05,1,9259
2202,755,5.8984375e-05,1,9275
15944,755,5.8984375e-05,1,9236
447,755,5.8984375e-05,1,9242
11505,755,5.8984375e-05,1,9251
14450,755,5.8984375e-05,1,9237
6485,755,5.8984375e-05,1,9253
2214,755,5.8984375e-05,1,9267
3405,755,5.8984375e-05,1,9212
1375,755,5.8984375e-05,1,9245
6876,755,5.8984375e-05,1,9221
7210,755,5.8984375e-05,1,9216
14875,755,5.8984375e-05,1,9285
15892,755,5.8984375e-05,1,9210
13130,755,5.8984375e-05,1,9278
6176,755,5.8984375e-05,1,9211
4700,755,5.8984375e-05,1,9227
11728,755,5.8984375e-05,1,9261
4209,755,5.8984375e-05,1,9264
16100,755,5.8984375e-05,1,9232
8041,755,5.8984375e-05,1,9280
4981,755,5.8984375e-05,1,9269
12566,754,5.890625e-05,1,9333
8363,754,5.890625e-05,1,9348
14889,754,5.890625e-05,1,9349
14253,754,5.890625e-05,1,9315
15707,754,5.890625e-05,1,9326
570,754,5.890625e-05,1,9304
10429,754,5.890625e-05,1,9298
5827,754,5.890625e-05,1,9334
14967,754,5.890625e-05,1,9322
6979,754,5.890625e-05,1,9313
12548,754,5.890625e-05,1,9335
12702,754,5.890625e-05,1,9308
1156,754,5.890625e-05,1,9309
1833,754,5.890625e-05,1,9314
6555,754,5.890625e-05,1,9330
9825,754,5.890625e-05,1,9290
8609,754,5.890625e-05,1,9324
3141,754,5.890625e-05,1,9307
15249,754,5.890625e-05,1,9320
12265,754,5.890625e-05,1,9347
12246,754,5.890625e-05,1,9336
1070,754,5.890625e-05,1,9306
12229,754,5.890625e-05,1,9317
2344,754,5.890625e-05,1,9312
11718,754,5.890625e-05,1,9332
5414,754,5.890625e-05,1,9346
12189,754,5.890625e-05,1,9323
13678,754,5.890625e-05,1,9297
8213,754,5.890625e-05,1,9318
81,754,5.890625e-05,1,9325
771,754,5.890625e-05,1,9340
11909,754,5.890625e-05,1,9351
14466,754,5.890625e-05,1,9337
7345,754,5.890625e-05,1,9343
10095,754,5.890625e-05,1,9345
2528,754,5.890625e-05,1,9350
11974,754,5.890625e-05,1,9338
2610,754,5.890625e-05,1,9327
3766,754,5.890625e-05,1,9300
2564,754,5.890625e-05,1,9331
15270,754,5.890625e-05,1,9311
880,754,5.890625e-05,1,9328
5497,754,5.890625e-05,1,9289
6753,754,5.890625e-05,1,9310
14622,754,5.890625e-05,1,9292
6075,754,5.890625e-05,1,9295
15565,754,5.890625e-05,1,9299
4252,754,5.890625e-05,1,9296
1936,754,5.890625e-05,1,9291
1043,754,5.890625e-05,1,9341
6225,754,5.890625e-05,1,9294
6674,754,5.890625e-05,1,9293
15635,754,5.890625e-05,1,9303
3084,754,5.890625e-05,1,9344
588,754,5.890625e-05,1,9287
5637,754,5.890625e-05,1,9302
9931,754,5.890625e-05,1,9329
16153,754,5.890625e-05,1,9321
1017,754,5.890625e-05,1,9305
14119,754,5.890625e-05,1,9342
7677,754,5.890625e-05,1,9288
9041,754,5.890625e-05,1,9319
10317,754,5.890625e-05,1,9286
1305,754,5.890625e-05,1,9316
14771,754,5.890625e-05,1,9301
12305,754,5.890625e-05,1,9339
9478,753,5.8828125e-05,1,9373
10868,753,5.8828125e-05,1,9420
198,753,5.8828125e-05,1,9398
16077,753,5.8828125e-05,1,9378
10292,753,5.8828125e-05,1,9409
10625,753,5.8828125e-05,1,9404
10121,753,5.8828125e-05,1,9395
5482,753,5.8828125e-05,1,9423
16358,753,5.8828125e-05,1,9401
10290,753,5.8828125e-05,1,9386
5894,753,5.8828125e-05,1,9355
10901,753,5.8828125e-05,1,9375
9972,753,5.8828125e-05,1,9376
5875,753,5.8828125e-05,1,9429
5626,753,5.8828125e-05,1,9422
10564,753,5.8828125e-05,1,9384
399,753,5.8828125e-05,1,9430
4934,753,5.8828125e-05,1,9361
10420,753,5.8828125e-05,1,9354
9998,753,5.8828125e-05,1,9393
7448,753,5.8828125e-05,1,9366
10583,753,5.8828125e-05,1,9388
10009,753,5.8828125e-05,1,9411
5870,753,5.8828125e-05,1,9428
15989,753,5.8828125e-05,1,9397
9714,753,5.8828125e-05,1,9418
5451,753,5.8828125e-05,1,9426
7755,753,5.8828125e-05,1,9436
1790,753,5.8828125e-05,1,9369
4804,753,5.8828125e-05,1,9381
11536,753,5.8828125e-05,1,9387
13260,753,5.8828125e-05,1,9374
2789,753,5.8828125e-05,1,9424
2942,753,5.8828125e-05,1,9371
12976,753,5.8828125e-05,1,9363
8732,753,5.8828125e-05,1,9390
12943,753,5.8828125e-05,1,9406
3109,753,5.8828125e-05,1,9389
12729,753,5.8828125e-05,1,9433
14992,753,5.8828125e-05,1,9434
6549,753,5.8828125e-05,1,9415
12460,753,5.8828125e-05,1,9362
7280,753,5.8828125e-05,1,9368
993,753,5.8828125e-05,1,9353
7982,753,5.8828125e-05,1,9400
15213,753,5.8828125e-05,1,9358
8973,753,5.8828125e-05,1,9352
12178,753,5.8828125e-05,1,9394
8987,753,5.8828125e-05,1,9356
12142,753,5.8828125e-05,1,9364
6446,753,5.8828125e-05,1,9380
7347,753,5.8828125e-05,1,9382
2577,753,5.8828125e-05,1,9399
13427,753,5.8828125e-05,1,9413
6785,753,5.8828125e-05,1,9408
13822,753,5.8828125e-05,1,9435
14306,753,5.8828125e-05,1,9414
1835,753,5.8828125e-05,1,9405
14326,753,5.8828125e-05,1,9432
1855,753,5.8828125e-05,1,9419
14170,753,5.8828125e-05,1,9391
14382,753,5.8828125e-05,1,9427
13989,753,5.8828125e-05,1,9360
13935,753,5.8828125e-05,1,9359
2177,753,5.8828125e-05,1,9370
8234,753,5.8828125e-05,1,9379
1534,753,5.8828125e-05,1,9417
2289,753,5.8828125e-05,1,9412
8228,753,5.8828125e-05,1,9377
1600,753,5.8828125e-05,1,9396
7082,753,5.8828125e-05,1,9383
8207,753,5.8828125e-05,1,9403
8203,753,5.8828125e-05,1,9402
8185,753,5.8828125e-05,1,9392
8180,753,5.8828125e-05,1,9407
8561,753,5.8828125e-05,1,9367
701,753,5.8828125e-05,1,9372
15253,753,5.8828125e-05,1,9425
4608,753,5.8828125e-05,1,9357
9264,753,5.8828125e-05,1,9421
4655,753,5.8828125e-05,1,9365
10999,753,5.8828125e-05,1,9431
9364,753,5.8828125e-05,1,9416
9277,753,5.8828125e-05,1,9410
15617,753,5.8828125e-05,1,9385
5330,752,5.875e-05,1,9490
8659,752,5.875e-05,1,9453
12919,752,5.875e-05,1,9479
9606,752,5.875e-05,1,9456
10194,752,5.875e-05,1,9492
13562,752,5.875e-05,1,9474
8135,752,5.875e-05,1,9481
1077,752,5.875e-05,1,9455
6545,752,5.875e-05,1,9471
9935,752,5.875e-05,1,9463
3025,752,5.875e-05,1,9443
6887,752,5.875e-05,1,9466
7936,752,5.875e-05,1,9437
2472,752,5.875e-05,1,9441
13911,752,5.875e-05,1,9473
12119,752,5.875e-05,1,9472
2213,752,5.875e-05,1,9483
16002,752,5.875e-05,1,9465
15196,752,5.875e-05,1,9489
10509,752,5.875e-05,1,9458
13592,752,5.875e-05,1,9451
3492,752,5.875e-05,1,9450
16024,752,5.875e-05,1,9462
8258,752,5.875e-05,1,9446
3705,752,5.875e-05,1,9470
7272,752,5.875e-05,1,9478
11430,752,5.875e-05,1,9440
12138,752,5.875e-05,1,9493
14042,752,5.875e-05,1,9460
3723,752,5.875e-05,1,9469
15990,752,5.875e-05,1,9454
10597,752,5.875e-05,1,9494
5716,752,5.875e-05,1,9448
12329,752,5.875e-05,1,9467
5061,752,5.875e-05,1,9444
5009,752,5.875e-05,1,9468
2522,752,5.875e-05,1,9482
4302,752,5.875e-05,1,9491
7110,752,5.875e-05,1,9464
3169,752,5.875e-05,1,9459
4964,752,5.875e-05,1,9475
12727,752,5.875e-05,1,9447
8592,752,5.875e-05,1,9488
15686,752,5.875e-05,1,9484
16096,752,5.875e-05,1,9452
11716,752,5.875e-05,1,9486
16216,752,5.875e-05,1,9457
4828,752,5.875e-05,1,9477
15753,752,5.875e-05,1,9487
11678,752,5.875e-05,1,9445
6224,752,5.875e-05,1,9438
7010,752,5.875e-05,1,9476
6962,752,5.875e-05,1,9461
11776,752,5.875e-05,1,9480
10680,752,5.875e-05,1,9439
8628,752,5.875e-05,1,9449
4332,752,5.875e-05,1,9485
12598,752,5.875e-05,1,9442
2955,751,5.8671875e-05,1,9533
10882,751,5.8671875e-05,1,9503
10770,751,5.8671875e-05,1,9546
4836,751,5.8671875e-05,1,9500
10485,751,5.8671875e-05,1,9520
2433,751,5.8671875e-05,1,9518
14845,751,5.8671875e-05,1,9509
4898,751,5.8671875e-05,1,9540
3334,751,5.8671875e-05,1,9521
8453,751,5.8671875e-05,1,9507
5198,751,5.8671875e-05,1,9512
12896,751,5.8671875e-05,1,9502
4507,751,5.8671875e-05,1,9510
12720,751,5.8671875e-05,1,9498
5513,751,5.8671875e-05,1,9506
1257,751,5.8671875e-05,1,9524
12698,751,5.8671875e-05,1,9497
4794,751,5.8671875e-05,1,9514
10411,751,5.8671875e-05,1,9545
8907,751,5.8671875e-05,1,9539
1606,751,5.8671875e-05,1,9534
2257,751,5.8671875e-05,1,9508
9340,751,5.8671875e-05,1,9513
3364,751,5.8671875e-05,1,9535
5213,751,5.8671875e-05,1,9515
15247,751,5.8671875e-05,1,9548
11533,751,5.8671875e-05,1,9528
6330,751,5.8671875e-05,1,9527
5907,751,5.8671875e-05,1,9525
1718,751,5.8671875e-05,1,9541
1929,751,5.8671875e-05,1,9501
10146,751,5.8671875e-05,1,9516
9921,751,5.8671875e-05,1,9531
11460,751,5.8671875e-05,1,9505
12061,751,5.8671875e-05,1,9526
7946,751,5.8671875e-05,1,9522
12081,751,5.8671875e-05,1,9537
3739,751,5.8671875e-05,1,9530
15568,751,5.8671875e-05,1,9499
11797,751,5.8671875e-05,1,9532
1502,751,5.8671875e-05,1,9517
14394,751,5.8671875e-05,1,9542
15677,751,5.8671875e-05,1,9495
8693,751,5.8671875e-05,1,9536
13041,751,5.8671875e-05,1,9523
6908,751,5.8671875e-05,1,9529
608,751,5.8671875e-05,1,9544
666,751,5.8671875e-05,1,9538
7300,751,5.8671875e-05,1,9519
8402,751,5.8671875e-05,1,9511
4965,751,5.8671875e-05,1,9543
13105,751,5.8671875e-05,1,9496
2027,751,5.8671875e-05,1,9547
14677,751,5.8671875e-05,1,9504
1495,750,5.859375e-05,1,9580
444,750,5.859375e-05,1,9591
12846,750,5.859375e-05,1,9592
15701,750,5.859375e-05,1,9611
6790,750,5.859375e-05,1,9594
13393,750,5.859375e-05,1,9602
14507,750,5.859375e-05,1,9589
13671,750,5.859375e-05,1,9578
8151,750,5.859375e-05,1,9587
13675,750,5.859375e-05,1,9586
11240,750,5.859375e-05,1,9603
14787,750,5.859375e-05,1,9620
16145,750,5.859375e-05,1,9604
14562,750,5.859375e-05,1,9582
16286,750,5.859375e-05,1,9583
2799,750,5.859375e-05,1,9569
1387,750,5.859375e-05,1,9590
8550,750,5.859375e-05,1,9549
13581,750,5.859375e-05,1,9572
7815,750,5.859375e-05,1,9617
13289,750,5.859375e-05,1,9574
12897,750,5.859375e-05,1,9576
1445,750,5.859375e-05,1,9607
13340,750,5.859375e-05,1,9560
6730,750,5.859375e-05,1,9561
4509,750,5.859375e-05,1,9615
12076,750,5.859375e-05,1,9554
781,750,5.859375e-05,1,9563
8262,750,5.859375e-05,1,9564
5961,750,5.859375e-05,1,9600
6425,750,5.859375e-05,1,9567
12073,750,5.859375e-05,1,9550
884,750,5.859375e-05,1,9601
9479,750,5.859375e-05,1,9597
3795,750,5.859375e-05,1,9562
3803,750,5.859375e-05,1,9551
6406,750,5.859375e-05,1,9552
8362,750,5.859375e-05,1,9571
838,750,5.859375e-05,1,9575
14345,750,5.859375e-05,1,9556
7881,750,5.859375e-05,1,9598
9015,750,5.859375e-05,1,9581
7867,750,5.859375e-05,1,9610
14341,750,5.859375e-05,1,9558
1731,750,5.859375e-05,1,9585
10965,750,5.859375e-05,1,9621
15566,750,5.859375e-05,1,9568
15577,750,5.859375e-05,1,9566
1828,750,5.859375e-05,1,9553
7614,750,5.859375e-05,1,9599
9758,750,5.859375e-05,1,9573
1817,750,5.859375e-05,1,9609
4305,750,5.859375e-05,1,9612
11466,750,5.859375e-05,1,9618
6923,750,5.859375e-05,1,9619
13498,750,5.859375e-05,1,9557
10609,750,5.859375e-05,1,9608
1080,750,5.859375e-05,1,9616
8001,750,5.859375e-05,1,9613
13946,750,5.859375e-05,1,9577
13966,750,5.859375e-05,1,9593
16337,750,5.859375e-05,1,9595
12350,750,5.859375e-05,1,9622
2175,750,5.859375e-05,1,9584
8884,750,5.859375e-05,1,9579
7985,750,5.859375e-05,1,9570
3556,750,5.859375e-05,1,9588
12559,750,5.859375e-05,1,9605
12592,750,5.859375e-05,1,9606
12624,750,5.859375e-05,1,9614
4373,750,5.859375e-05,1,9596
3704,750,5.859375e-05,1,9555
1204,750,5.859375e-05,1,9559
15119,750,5.859375e-05,1,9565
11024,749,5.8515625e-05,1,9644
6985,749,5.8515625e-05,1,9646
16240,749,5.8515625e-05,1,9649
8235,749,5.8515625e-05,1,9669
15702,749,5.8515625e-05,1,9655
7629,749,5.8515625e-05,1,9687
2017,749,5.8515625e-05,1,9640
14148,749,5.8515625e-05,1,9660
13541,749,5.8515625e-05,1,9642
6798,749,5.8515625e-05,1,9676
11111,749,5.8515625e-05,1,9643
9656,749,5.8515625e-05,1,9683
2069,749,5.8515625e-05,1,9673
1567,749,5.8515625e-05,1,9623
6912,749,5.8515625e-05,1,9630
2479,749,5.8515625e-05,1,9667
1677,749,5.8515625e-05,1,9664
14040,749,5.8515625e-05,1,9686
1616,749,5.8515625e-05,1,9631
12690,749,5.8515625e-05,1,9624
6776,749,5.8515625e-05,1,9656
11756,749,5.8515625e-05,1,9647
1319,749,5.8515625e-05,1,9672
15534,749,5.8515625e-05,1,9657
3700,749,5.8515625e-05,1,9629
5342,749,5.8515625e-05,1,9685
8776,749,5.8515625e-05,1,9681
594,749,5.8515625e-05,1,9682
3279,749,5.8515625e-05,1,9651
788,749,5.8515625e-05,1,9632
3298,749,5.8515625e-05,1,9645
4463,749,5.8515625e-05,1,9626
12043,749,5.8515625e-05,1,9652
11192,749,5.8515625e-05,1,9637
12451,749,5.8515625e-05,1,9661
10620,749,5.8515625e-05,1,9677
11449,749,5.8515625e-05,1,9671
605,749,5.8515625e-05,1,9636
12359,749,5.8515625e-05,1,9665
8951,749,5.8515625e-05,1,9688
10586,749,5.8515625e-05,1,9670
7515,749,5.8515625e-05,1,9633
3707,749,5.8515625e-05,1,9654
4377,749,5.8515625e-05,1,9635
12195,749,5.8515625e-05,1,9663
2939,749,5.8515625e-05,1,9628
9577,749,5.8515625e-05,1,9689
7167,749,5.8515625e-05,1,9639
15561,749,5.8515625e-05,1,9679
8600,749,5.8515625e-05,1,9627
1474,749,5.8515625e-05,1,9653
9434,749,5.8515625e-05,1,9658
5906,749,5.8515625e-05,1,9668
14666,749,5.8515625e-05,1,9648
4286,749,5.8515625e-05,1,9666
2647,749,5.8515625e-05,1,9625
13324,749,5.8515625e-05,1,9641
9614,749,5.8515625e-05,1,9674
11534,749,5.8515625e-05,1,9684
11392,749,5.8515625e-05,1,9675
11234,749,5.8515625e-05,1,9634
8711,749,5.8515625e-05,1,9678
11743,749,5.8515625e-05,1,9650
702,749,5.8515625e-05,1,9662
10249,749,5.8515625e-05,1,9659
1386,749,5.8515625e-05,1,9680
2830,749,5.8515625e-05,1,9638
10962,748,5.84375e-05,1,9709
15228,748,5.84375e-05,1,9733
1811,748,5.84375e-05,1,9727
14192,748,5.84375e-05,1,9743
12136,748,5.84375e-05,1,9734
11532,748,5.84375e-05,1,9728
786,748,5.84375e-05,1,9720
380,748,5.84375e-05,1,9714
15807,748,5.84375e-05,1,9706
12099,748,5.84375e-05,1,9736
4064,748,5.84375e-05,1,9717
11818,748,5.84375e-05,1,9697
15342,748,5.84375e-05,1,9749
5746,748,5.84375e-05,1,9696
14363,748,5.84375e-05,1,9708
14143,748,5.84375e-05,1,9718
15359,748,5.84375e-05,1,9715
15367,748,5.84375e-05,1,9732
15346,748,5.84375e-05,1,9735
2174,748,5.84375e-05,1,9726
16350,748,5.84375e-05,1,9710
10167,748,5.84375e-05,1,9750
4649,748,5.84375e-05,1,9722
11089,748,5.84375e-05,1,9753
13595,748,5.84375e-05,1,9724
14763,748,5.84375e-05,1,9730
2782,748,5.84375e-05,1,9695
2717,748,5.84375e-05,1,9705
2486,748,5.84375e-05,1,9721
12863,748,5.84375e-05,1,9740
16250,748,5.84375e-05,1,9691
11137,748,5.84375e-05,1,9737
2628,748,5.84375e-05,1,9748
13527,748,5.84375e-05,1,9693
14594,748,5.84375e-05,1,9702
5534,748,5.84375e-05,1,9742
12900,748,5.84375e-05,1,9692
3297,748,5.84375e-05,1,9741
15784,748,5.84375e-05,1,9694
265,748,5.84375e-05,1,9699
11315,748,5.84375e-05,1,9723
1668,748,5.84375e-05,1,9746
15161,748,5.84375e-05,1,9744
3461,748,5.84375e-05,1,9712
5214,748,5.84375e-05,1,9731
1057,748,5.84375e-05,1,9739
1134,748,5.84375e-05,1,9690
13796,748,5.84375e-05,1,9713
13850,748,5.84375e-05,1,9711
3335,748,5.84375e-05,1,9700
5258,748,5.84375e-05,1,9729
13836,748,5.84375e-05,1,9704
11026,748,5.84375e-05,1,9701
13813,748,5.84375e-05,1,9698
4937,748,5.84375e-05,1,9747
3824,748,5.84375e-05,1,9745
8674,748,5.84375e-05,1,9725
7835,748,5.84375e-05,1,9703
6889,748,5.84375e-05,1,9754
8572,748,5.84375e-05,1,9738
6244,748,5.84375e-05,1,9707
7751,748,5.84375e-05,1,9716
5999,748,5.84375e-05,1,9719
6977,748,5.84375e-05,1,9751
8705,748,5.84375e-05,1,9752
5831,747,5.8359375e-05,1,9809
13306,747,5.8359375e-05,1,9764
9819,747,5.8359375e-05,1,9756
5412,747,5.8359375e-05,1,9757
12611,747,5.8359375e-05,1,9772
1309,747,5.8359375e-05,1,9792
2199,747,5.8359375e-05,1,9794
7286,747,5.8359375e-05,1,9773
3459,747,5.8359375e-05,1,9796
8839,747,5.8359375e-05,1,9787
4748,747,5.8359375e-05,1,9786
1654,747,5.8359375e-05,1,9775
12603,747,5.8359375e-05,1,9820
6781,747,5.8359375e-05,1,9761
8243,747,5.8359375e-05,1,9802
7305,747,5.8359375e-05,1,9781
4353,747,5.8359375e-05,1,9783
3926,747,5.8359375e-05,1,9759
9234,747,5.8359375e-05,1,9779
2373,747,5.8359375e-05,1,9803
13755,747,5.8359375e-05,1,9798
13215,747,5.8359375e-05,1,9767
2521,747,5.8359375e-05,1,9799
10448,747,5.8359375e-05,1,9810
1012,747,5.8359375e-05,1,9768
7903,747,5.8359375e-05,1,9770
5614,747,5.8359375e-05,1,9797
3822,747,5.8359375e-05,1,9765
9036,747,5.8359375e-05,1,9816
9037,747,5.8359375e-05,1,9817
9021,747,5.8359375e-05,1,9804
3796,747,5.8359375e-05,1,9762
5492,747,5.8359375e-05,1,9755
8039,747,5.8359375e-05,1,9791
14203,747,5.8359375e-05,1,9800
9278,747,5.8359375e-05,1,9784
2860,747,5.8359375e-05,1,9818
12004,747,5.8359375e-05,1,9811
1205,747,5.8359375e-05,1,9812
8393,747,5.8359375e-05,1,9819
15060,747,5.8359375e-05,1,9801
7450,747,5.8359375e-05,1,9815
3629,747,5.8359375e-05,1,9774
9261,747,5.8359375e-05,1,9782
5447,747,5.8359375e-05,1,9766
10014,747,5.8359375e-05,1,9771
13424,747,5.8359375e-05,1,9769
6481,747,5.8359375e-05,1,9777
4618,747,5.8359375e-05,1,9813
8069,747,5.8359375e-05,1,9789
333,747,5.8359375e-05,1,9785
3916,747,5.8359375e-05,1,9760
12317,747,5.8359375e-05,1,9788
6497,747,5.8359375e-05,1,9821
1538,747,5.8359375e-05,1,9780
1920,747,5.8359375e-05,1,9758
4855,747,5.8359375e-05,1,9793
1524,747,5.8359375e-05,1,9776
3241,747,5.8359375e-05,1,9814
4240,747,5.8359375e-05,1,9806
14674,747,5.8359375e-05,1,9763
13043,747,5.8359375e-05,1,9805
9428,747,5.8359375e-05,1,9790
4854,747,5.8359375e-05,1,9795
10379,747,5.8359375e-05,1,9807
4197,747,5.8359375e-05,1,9808
10811,747,5.8359375e-05,1,9778
13377,746,5.828125e-05,1,9833
8933,746,5.828125e-05,1,9838
15548,746,5.828125e-05,1,9825
10437,746,5.828125e-05,1,9867
6173,746,5.828125e-05,1,9878
8075,746,5.828125e-05,1,9831
12626,746,5.828125e-05,1,9840
4427,746,5.828125e-05,1,9823
6020,746,5.828125e-05,1,9843
8919,746,5.828125e-05,1,9830
2526,746,5.828125e-05,1,9872
10480,746,5.828125e-05,1,9869
3453,746,5.828125e-05,1,9848
8888,746,5.828125e-05,1,9842
7443,746,5.828125e-05,1,9850
11895,746,5.828125e-05,1,9874
11827,746,5.828125e-05,1,9852
7888,746,5.828125e-05,1,9844
2634,746,5.828125e-05,1,9855
5382,746,5.828125e-05,1,9871
1660,746,5.828125e-05,1,9863
11472,746,5.828125e-05,1,9822
11485,746,5.828125e-05,1,9824
1038,746,5.828125e-05,1,9877
1019,746,5.828125e-05,1,9879
15932,746,5.828125e-05,1,9841
1427,746,5.828125e-05,1,9845
15769,746,5.828125e-05,1,9834
2560,746,5.828125e-05,1,9876
11244,746,5.828125e-05,1,9847
15616,746,5.828125e-05,1,9861
15605,746,5.828125e-05,1,9864
13065,746,5.828125e-05,1,9873
13330,746,5.828125e-05,1,9854
6462,746,5.828125e-05,1,9826
15033,746,5.828125e-05,1,9870
3078,746,5.828125e-05,1,9860
16112,746,5.828125e-05,1,9832
10786,746,5.828125e-05,1,9880
7257,746,5.828125e-05,1,9853
2044,746,5.828125e-05,1,9866
26,746,5.828125e-05,1,9827
14283,746,5.828125e-05,1,9862
15655,746,5.828125e-05,1,9851
11926,746,5.828125e-05,1,9881
15458,746,5.828125e-05,1,9836
4940,746,5.828125e-05,1,9858
13963,746,5.828125e-05,1,9829
8598,746,5.828125e-05,1,9857
9879,746,5.828125e-05,1,9837
9462,746,5.828125e-05,1,9868
3326,746,5.828125e-05,1,9835
15511,746,5.828125e-05,1,9849
14791,746,5.828125e-05,1,9856
4806,746,5.828125e-05,1,9828
15820,746,5.828125e-05,1,9875
9226,746,5.828125e-05,1,9839
1561,746,5.828125e-05,1,9846
5820,746,5.828125e-05,1,9865
4101,746,5.828125e-05,1,9859
3324,745,5.8203125e-05,1,9946
7861,745,5.8203125e-05,1,9899
5919,745,5.8203125e-05,1,9896
4591,745,5.8203125e-05,1,9953
9395,745,5.8203125e-05,1,9941
9489,745,5.8203125e-05,1,9934
7932,745,5.8203125e-05,1,9940
11333,745,5.8203125e-05,1,9883
15848,745,5.8203125e-05,1,9912
7016,745,5.8203125e-05,1,9938
14902,745,5.8203125e-05,1,9886
11106,745,5.8203125e-05,1,9949
10204,745,5.8203125e-05,1,9932
5426,745,5.8203125e-05,1,9895
7991,745,5.8203125e-05,1,9929
12370,745,5.8203125e-05,1,9913
10422,745,5.8203125e-05,1,9948
8285,745,5.8203125e-05,1,9905
6823,745,5.8203125e-05,1,9945
9846,745,5.8203125e-05,1,9952
2159,745,5.8203125e-05,1,9933
1482,745,5.8203125e-05,1,9917
15484,745,5.8203125e-05,1,9904
12819,745,5.8203125e-05,1,9921
9376,745,5.8203125e-05,1,9930
6206,745,5.8203125e-05,1,9925
12074,745,5.8203125e-05,1,9914
15763,745,5.8203125e-05,1,9890
7165,745,5.8203125e-05,1,9915
10115,745,5.8203125e-05,1,9911
4905,745,5.8203125e-05,1,9909
2720,745,5.8203125e-05,1,9892
2389,745,5.8203125e-05,1,9943
13446,745,5.8203125e-05,1,9928
12613,745,5.8203125e-05,1,9923
5909,745,5.8203125e-05,1,9898
6964,745,5.8203125e-05,1,9924
3123,745,5.8203125e-05,1,9908
674,745,5.8203125e-05,1,9884
15414,745,5.8203125e-05,1,9916
3681,745,5.8203125e-05,1,9937
5333,745,5.8203125e-05,1,9939
16116,745,5.8203125e-05,1,9931
5254,745,5.8203125e-05,1,9918
7391,745,5.8203125e-05,1,9882
4573,745,5.8203125e-05,1,9950
11306,745,5.8203125e-05,1,9885
12973,745,5.8203125e-05,1,9919
11172,745,5.8203125e-05,1,9944
10024,745,5.8203125e-05,1,9891
10022,745,5.8203125e-05,1,9887
8664,745,5.8203125e-05,1,9906
14018,745,5.8203125e-05,1,9893
15824,745,5.8203125e-05,1,9901
6733,745,5.8203125e-05,1,9907
6073,745,5.8203125e-05,1,9935
1680,745,5.8203125e-05,1,9922
111,745,5.8203125e-05,1,9910
4036,745,5.8203125e-05,1,9920
6564,745,5.8203125e-05,1,9926
7868,745,5.8203125e-05,1,9900
13720,745,5.8203125e-05,1,9942
3018,745,5.8203125e-05,1,9902
10283,745,5.8203125e-05,1,9947
12429,745,5.8203125e-05,1,9888
13307,745,5.8203125e-05,1,9889
8670,745,5.8203125e-05,1,9903
3246,745,5.8203125e-05,1,9897
8905,745,5.8203125e-05,1,9894
10963,745,5.8203125e-05,1,9927
14521,745,5.8203125e-05,1,9936
660,745,5.8203125e-05,1,9951
13794,744,5.8125e-05,1,9988
8860,744,5.8125e-05,1,9981
10233,744,5.8125e-05,1,10003
118,744,5.8125e-05,1,9970
9910,744,5.8125e-05,1,9998
14828,744,5.8125e-05,1,9989
7937,744,5.8125e-05,1,9963
4126,744,5.8125e-05,1,10001
5069,744,5.8125e-05,1,9962
4177,744,5.8125e-05,1,9964
623,744,5.8125e-05,1,9987
10599,744,5.8125e-05,1,9972
7686,744,5.8125e-05,1,9959
644,744,5.8125e-05,1,9980
908,744,5.8125e-05,1,9984
9569,744,5.8125e-05,1,9971
7842,744,5.8125e-05,1,9978
5905,744,5.8125e-05,1,9954
2559,744,5.8125e-05,1,9999
4778,744,5.8125e-05,1,9982
1347,744,5.8125e-05,1,9993
9504,744,5.8125e-05,1,9974
1327,744,5.8125e-05,1,10000
9502,744,5.8125e-05,1,9960
11506,744,5.8125e-05,1,9995
5465,744,5.8125e-05,1,9979
11661,744,5.8125e-05,1,9967
10742,744,5.8125e-05,1,9976
5334,744,5.8125e-05,1,9956
9067,744,5.8125e-05,1,9996
11115,744,5.8125e-05,1,9992
11604,744,5.8125e-05,1,9958
4407,744,5.8125e-05,1,9994
13871,744,5.8125e-05,1,9991
15321,744,5.8125e-05,1,9977
4321,744,5.8125e-05,1,9973
4853,744,5.8125e-05,1,9997
3534,744,5.8125e-05,1,9985
13337,744,5.8125e-05,1,9955
13082,744,5.8125e-05,1,9961
2217,744,5.8125e-05,1,10004
3976,744,5.8125e-05,1,9957
1698,744,5.8125e-05,1,9965
8444,744,5.8125e-05,1,9966
12551,744,5.8125e-05,1,9986
15858,744,5.8125e-05,1,9969
15659,744,5.8125e-05,1,9990
6573,744,5.8125e-05,1,9983
11355,744,5.8125e-05,1,10002
9797,744,5.8125e-05,1,9975
10489,744,5.8125e-05,1,9968
12193,743,5.8046875e-05,1,10026
11719,743,5.8046875e-05,1,10033
6640,743,5.8046875e-05,1,10063
6895,743,5.8046875e-05,1,10016
6613,743,5.8046875e-05,1,10053
13210,743,5.8046875e-05,1,10036
5272,743,5.8046875e-05,1,10049
6310,743,5.8046875e-05,1,10059
1946,743,5.8046875e-05,1,10024
15880,743,5.8046875e-05,1,10051
9294,743,5.8046875e-05,1,10043
15838,743,5.8046875e-05,1,10046
1621,743,5.8046875e-05,1,10057
10461,743,5.8046875e-05,1,10006
5893,743,5.8046875e-05,1,10029
2400,743,5.8046875e-05,1,10018
13874,743,5.8046875e-05,1,10048
10887,743,5.8046875e-05,1,10030
15673,743,5.8046875e-05,1,10040
16001,743,5.8046875e-05,1,10037
12612,743,5.8046875e-05,1,10025
16190,743,5.8046875e-05,1,10015
7777,743,5.8046875e-05,1,10021
8615,743,5.8046875e-05,1,10047
11508,743,5.8046875e-05,1,10023
8339,743,5.8046875e-05,1,10058
13834,743,5.8046875e-05,1,10044
10728,743,5.8046875e-05,1,10020
11186,743,5.8046875e-05,1,10008
6693,743,5.8046875e-05,1,10045
4819,743,5.8046875e-05,1,10064
10722,743,5.8046875e-05,1,10034
7729,743,5.8046875e-05,1,10013
5580,743,5.8046875e-05,1,10032
8042,743,5.8046875e-05,1,10039
10689,743,5.8046875e-05,1,10027
15792,743,5.8046875e-05,1,10052
5015,743,5.8046875e-05,1,10060
8963,743,5.8046875e-05,1,10054
12996,743,5.8046875e-05,1,10005
4156,743,5.8046875e-05,1,10042
14669,743,5.8046875e-05,1,10031
11353,743,5.8046875e-05,1,10011
13586,743,5.8046875e-05,1,10062
6983,743,5.8046875e-05,1,10014
13156,743,5.8046875e-05,1,10022
3542,743,5.8046875e-05,1,10019
11435,743,5.8046875e-05,1,10035
10029,743,5.8046875e-05,1,10061
8571,743,5.8046875e-05,1,10041
16011,743,5.8046875e-05,1,10055
5663,743,5.8046875e-05,1,10017
12471,743,5.8046875e-05,1,10007
16016,743,5.8046875e-05,1,10056
6810,743,5.8046875e-05,1,10009
9168,743,5.8046875e-05,1,10050
11985,743,5.8046875e-05,1,10010
11269,743,5.8046875e-05,1,10012
16226,743,5.8046875e-05,1,10028
4394,743,5.8046875e-05,1,10038
10563,742,5.796875e-05,1,10094
14358,742,5.796875e-05,1,10090
8173,742,5.796875e-05,1,10084
4399,742,5.796875e-05,1,10108
10556,742,5.796875e-05,1,10093
15854,742,5.796875e-05,1,10104
11461,742,5.796875e-05,1,10124
14204,742,5.796875e-05,1,10079
6717,742,5.796875e-05,1,10122
3899,742,5.796875e-05,1,10071
8124,742,5.796875e-05,1,10118
14279,742,5.796875e-05,1,10102
11949,742,5.796875e-05,1,10132
7411,742,5.796875e-05,1,10083
12930,742,5.796875e-05,1,10123
15947,742,5.796875e-05,1,10070
14667,742,5.796875e-05,1,10131
8742,742,5.796875e-05,1,10125
10357,742,5.796875e-05,1,10116
11331,742,5.796875e-05,1,10074
11330,742,5.796875e-05,1,10089
4029,742,5.796875e-05,1,10066
11324,742,5.796875e-05,1,10077
4246,742,5.796875e-05,1,10097
14516,742,5.796875e-05,1,10067
11885,742,5.796875e-05,1,10106
411,742,5.796875e-05,1,10111
6002,742,5.796875e-05,1,10091
14799,742,5.796875e-05,1,10101
7797,742,5.796875e-05,1,10088
16074,742,5.796875e-05,1,10098
15173,742,5.796875e-05,1,10068
1956,742,5.796875e-05,1,10119
4892,742,5.796875e-05,1,10076
6145,742,5.796875e-05,1,10126
4777,742,5.796875e-05,1,10128
6534,742,5.796875e-05,1,10075
15407,742,5.796875e-05,1,10115
10715,742,5.796875e-05,1,10103
15583,742,5.796875e-05,1,10121
4735,742,5.796875e-05,1,10069
10860,742,5.796875e-05,1,10112
13655,742,5.796875e-05,1,10096
8863,742,5.796875e-05,1,10129
2425,742,5.796875e-05,1,10081
5747,742,5.796875e-05,1,10127
8977,742,5.796875e-05,1,10086
10871,742,5.796875e-05,1,10113
16133,742,5.796875e-05,1,10092
6847,742,5.796875e-05,1,10105
13158,742,5.796875e-05,1,10085
8638,742,5.796875e-05,1,10120
13772,742,5.796875e-05,1,10109
5819,742,5.796875e-05,1,10099
858,742,5.796875e-05,1,10130
7273,742,5.796875e-05,1,10107
4754,742,5.796875e-05,1,10117
7553,742,5.796875e-05,1,10114
7701,742,5.796875e-05,1,10100
8556,742,5.796875e-05,1,10110
802,742,5.796875e-05,1,10078
238,742,5.796875e-05,1,10073
9020,742,5.796875e-05,1,10080
1021,742,5.796875e-05,1,10065
746,742,5.796875e-05,1,10072
1923,742,5.796875e-05,1,10087
5814,742,5.796875e-05,1,10095
11254,742,5.796875e-05,1,10082
4144,741,5.7890625e-05,1,10178
9400,741,5.7890625e-05,1,10134
10436,741,5.7890625e-05,1,10155
6553,741,5.7890625e-05,1,10166
8730,741,5.7890625e-05,1,10173
15813,741,5.7890625e-05,1,10168
7775,741,5.7890625e-05,1,10177
15322,741,5.7890625e-05,1,10156
5681,741,5.7890625e-05,1,10142
15815,741,5.7890625e-05,1,10157
13464,741,5.7890625e-05,1,10145
2732,741,5.7890625e-05,1,10172
3081,741,5.7890625e-05,1,10165
10226,741,5.7890625e-05,1,10148
7018,741,5.7890625e-05,1,10133
9812,741,5.7890625e-05,1,10152
15719,741,5.7890625e-05,1,10141
6834,741,5.7890625e-05,1,10147
156,741,5.7890625e-05,1,10176
9236,741,5.7890625e-05,1,10162
12853,741,5.7890625e-05,1,10160
7998,741,5.7890625e-05,1,10153
15639,741,5.7890625e-05,1,10164
7072,741,5.7890625e-05,1,10174
14811,741,5.7890625e-05,1,10135
1317,741,5.7890625e-05,1,10139
7238,741,5.7890625e-05,1,10137
1549,741,5.7890625e-05,1,10151
8377,741,5.7890625e-05,1,10171
5781,741,5.7890625e-05,1,10175
5018,741,5.7890625e-05,1,10161
7478,741,5.7890625e-05,1,10154
7092,741,5.7890625e-05,1,10169
3473,741,5.7890625e-05,1,10144
917,741,5.7890625e-05,1,10158
1714,741,5.7890625e-05,1,10149
2442,741,5.7890625e-05,1,10138
14650,741,5.7890625e-05,1,10150
11477,741,5.7890625e-05,1,10146
1939,741,5.7890625e-05,1,10167
11702,741,5.7890625e-05,1,10143
1015,741,5.7890625e-05,1,10136
12049,741,5.7890625e-05,1,10163
885,741,5.7890625e-05,1,10170
249,741,5.7890625e-05,1,10140
6264,741,5.7890625e-05,1,10159
9831,740,5.78125e-05,1,10182
6694,740,5.78125e-05,1,10195
1008,740,5.78125e-05,1,10221
2369,740,5.78125e-05,1,10187
5421,740,5.78125e-05,1,10230
12440,740,5.78125e-05,1,10233
4125,740,5.78125e-05,1,10220
5730,740,5.78125e-05,1,10235
15696,740,5.78125e-05,1,10222
15694,740,5.78125e-05,1,10219
16238,740,5.78125e-05,1,10189
14485,740,5.78125e-05,1,10227
15278,740,5.78125e-05,1,10217
9164,740,5.78125e-05,1,10179
7659,740,5.78125e-05,1,10197
15221,740,5.78125e-05,1,10190
13843,740,5.78125e-05,1,10216
4096,740,5.78125e-05,1,10192
15672,740,5.78125e-05,1,10212
3982,740,5.78125e-05,1,10193
9125,740,5.78125e-05,1,10184
4805,740,5.78125e-05,1,10207
10308,740,5.78125e-05,1,10185
12407,740,5.78125e-05,1,10232
10184,740,5.78125e-05,1,10238
4976,740,5.78125e-05,1,10199
16102,740,5.78125e-05,1,10204
6399,740,5.78125e-05,1,10210
2035,740,5.78125e-05,1,10198
6787,740,5.78125e-05,1,10186
14236,740,5.78125e-05,1,10209
5045,740,5.78125e-05,1,10214
10147,740,5.78125e-05,1,10237
13283,740,5.78125e-05,1,10183
10542,740,5.78125e-05,1,10188
9404,740,5.78125e-05,1,10205
3110,740,5.78125e-05,1,10234
14673,740,5.78125e-05,1,10180
320,740,5.78125e-05,1,10202
5249,740,5.78125e-05,1,10191
9558,740,5.78125e-05,1,10206
9623,740,5.78125e-05,1,10194
518,740,5.78125e-05,1,10213
6929,740,5.78125e-05,1,10215
16015,740,5.78125e-05,1,10242
2481,740,5.78125e-05,1,10239
11539,740,5.78125e-05,1,10226
1877,740,5.78125e-05,1,10240
14985,740,5.78125e-05,1,10200
10161,740,5.78125e-05,1,10229
14024,740,5.78125e-05,1,10241
10799,740,5.78125e-05,1,10208
11919,740,5.78125e-05,1,10228
1805,740,5.78125e-05,1,10231
14307,740,5.78125e-05,1,10181
6592,740,5.78125e-05,1,10211
9990,740,5.78125e-05,1,10223
13978,740,5.78125e-05,1,10236
3087,740,5.78125e-05,1,10203
13081,740,5.78125e-05,1,10225
6196,740,5.78125e-05,1,10196
4966,740,5.78125e-05,1,10201
14609,740,5.78125e-05,1,10224
15841,740,5.78125e-05,1,10218
16242,739,5.7734375e-05,1,10289
9224,739,5.7734375e-05,1,10265
9818,739,5.7734375e-05,1,10298
15721,739,5.7734375e-05,1,10256
2490,739,5.7734375e-05,1,10269
12766,739,5.7734375e-05,1,10248
503,739,5.7734375e-05,1,10287
6280,739,5.7734375e-05,1,10286
14550,739,5.7734375e-05,1,10271
4254,739,5.7734375e-05,1,10282
23,739,5.7734375e-05,1,10272
1518,739,5.7734375e-05,1,10275
13763,739,5.7734375e-05,1,10247
6110,739,5.7734375e-05,1,10251
7780,739,5.7734375e-05,1,10295
6308,739,5.7734375e-05,1,10284
3319,739,5.7734375e-05,1,10254
7468,739,5.7734375e-05,1,10294
11632,739,5.7734375e-05,1,10307
4786,739,5.7734375e-05,1,10285
13692,739,5.7734375e-05,1,10293
3210,739,5.7734375e-05,1,10299
15412,739,5.7734375e-05,1,10279
14656,739,5.7734375e-05,1,10306
8475,739,5.7734375e-05,1,10255
4168,739,5.7734375e-05,1,10267
420,739,5.7734375e-05,1,10249
7573,739,5.7734375e-05,1,10277
13748,739,5.7734375e-05,1,10253
4780,739,5.7734375e-05,1,10250
4227,739,5.7734375e-05,1,10288
4284,739,5.7734375e-05,1,10303
3490,739,5.7734375e-05,1,10274
161,739,5.7734375e-05,1,10280
3678,739,5.7734375e-05,1,10292
2021,739,5.7734375e-05,1,10244
15910,739,5.7734375e-05,1,10290
9123,739,5.7734375e-05,1,10296
3495,739,5.7734375e-05,1,10276
15191,739,5.7734375e-05,1,10278
6167,739,5.7734375e-05,1,10257
5621,739,5.7734375e-05,1,10246
3835,739,5.7734375e-05,1,10300
13876,739,5.7734375e-05,1,10273
1979,739,5.7734375e-05,1,10261
14241,739,5.7734375e-05,1,10243
8947,739,5.7734375e-05,1,10268
5167,739,5.7734375e-05,1,10245
8313,739,5.7734375e-05,1,10263
11911,739,5.7734375e-05,1,10259
11164,739,5.7734375e-05,1,10281
9474,739,5.7734375e-05,1,10291
11155,739,5.7734375e-05,1,10283
2655,739,5.7734375e-05,1,10260
8721,739,5.7734375e-05,1,10301
9313,739,5.7734375e-05,1,10264
6041,739,5.7734375e-05,1,10258
9252,739,5.7734375e-05,1,10252
16079,739,5.7734375e-05,1,10302
14147,739,5.7734375e-05,1,10297
11795,739,5.7734375e-05,1,10304
14974,739,5.7734375e-05,1,10305
3474,739,5.7734375e-05,1,10270
2254,739,5.7734375e-05,1,10262
4488,739,5.7734375e-05,1,10266
13255,738,5.765625e-05,1,10374
8014,738,5.765625e-05,1,10342
16067,738,5.765625e-05,1,10340
6764,738,5.765625e-05,1,10327
9798,738,5.765625e-05,1,10356
1883,738,5.765625e-05,1,10345
241,738,5.765625e-05,1,10359
6722,738,5.765625e-05,1,10370
11332,738,5.765625e-05,1,10332
7410,738,5.765625e-05,1,10352
5091,738,5.765625e-05,1,10361
16027,738,5.765625e-05,1,10315
12103,738,5.765625e-05,1,10324
4840,738,5.765625e-05,1,10311
9417,738,5.765625e-05,1,10325
7445,738,5.765625e-05,1,10375
15619,738,5.765625e-05,1,10317
15974,738,5.765625e-05,1,10312
1055,738,5.765625e-05,1,10313
6048,738,5.765625e-05,1,10347
13577,738,5.765625e-05,1,10335
5462,738,5.765625e-05,1,10339
13062,738,5.765625e-05,1,10308
4214,738,5.765625e-05,1,10323
15056,738,5.765625e-05,1,10318
3200,738,5.765625e-05,1,10349
6926,738,5.765625e-05,1,10309
4533,738,5.765625e-05,1,10366
836,738,5.765625e-05,1,10363
7529,738,5.765625e-05,1,10326
8403,738,5.765625e-05,1,10322
14232,738,5.765625e-05,1,10365
1185,738,5.765625e-05,1,10373
40,738,5.765625e-05,1,10343
15477,738,5.765625e-05,1,10351
1268,738,5.765625e-05,1,10364
5512,738,5.765625e-05,1,10310
1049,738,5.765625e-05,1,10314
12831,738,5.765625e-05,1,10331
6512,738,5.765625e-05,1,10348
11837,738,5.765625e-05,1,10336
9093,738,5.765625e-05,1,10360
10673,738,5.765625e-05,1,10341
7759,738,5.765625e-05,1,10354
11035,738,5.765625e-05,1,10369
10235,738,5.765625e-05,1,10376
1682,738,5.765625e-05,1,10338
11820,738,5.765625e-05,1,10333
7050,738,5.765625e-05,1,10329
11443,738,5.765625e-05,1,10367
8639,738,5.765625e-05,1,10371
9904,738,5.765625e-05,1,10334
15254,738,5.765625e-05,1,10362
14437,738,5.765625e-05,1,10316
9142,738,5.765625e-05,1,10377
3393,738,5.765625e-05,1,10372
6153,738,5.765625e-05,1,10344
4997,738,5.765625e-05,1,10320
985,738,5.765625e-05,1,10328
5713,738,5.765625e-05,1,10368
8937,738,5.765625e-05,1,10321
16173,738,5.765625e-05,1,10357
6484,738,5.765625e-05,1,10330
330,738,5.765625e-05,1,10378
10202,738,5.765625e-05,1,10350
15129,738,5.765625e-05,1,10337
14459,738,5.765625e-05,1,10346
11663,738,5.765625e-05,1,10353
11869,738,5.765625e-05,1,10355
16180,738,5.765625e-05,1,10358
14298,738,5.765625e-05,1,10319
1147,737,5.7578125e-05,1,10385
7870,737,5.7578125e-05,1,10440
10698,737,5.7578125e-05,1,10381
10562,737,5.7578125e-05,1,10441
5226,737,5.7578125e-05,1,10400
10896,737,5.7578125e-05,1,10427
4359,737,5.7578125e-05,1,10384
15157,737,5.7578125e-05,1,10387
2646,737,5.7578125e-05,1,10439
10658,737,5.7578125e-05,1,10404
15490,737,5.7578125e-05,1,10403
11184,737,5.7578125e-05,1,10442
15449,737,5.7578125e-05,1,10432
7341,737,5.7578125e-05,1,10418
13294,737,5.7578125e-05,1,10380
868,737,5.7578125e-05,1,10393
10587,737,5.7578125e-05,1,10412
14766,737,5.7578125e-05,1,10415
14776,737,5.7578125e-05,1,10423
9528,737,5.7578125e-05,1,10430
5232,737,5.7578125e-05,1,10422
600,737,5.7578125e-05,1,10388
9237,737,5.7578125e-05,1,10410
4053,737,5.7578125e-05,1,10407
2264,737,5.7578125e-05,1,10438
13896,737,5.7578125e-05,1,10379
8585,737,5.7578125e-05,1,10420
12008,737,5.7578125e-05,1,10399
3203,737,5.7578125e-05,1,10413
9735,737,5.7578125e-05,1,10416
2209,737,5.7578125e-05,1,10398
7064,737,5.7578125e-05,1,10421
7511,737,5.7578125e-05,1,10426
36,737,5.7578125e-05,1,10396
3836,737,5.7578125e-05,1,10435
12447,737,5.7578125e-05,1,10402
3877,737,5.7578125e-05,1,10429
5352,737,5.7578125e-05,1,10389
10181,737,5.7578125e-05,1,10433
5921,737,5.7578125e-05,1,10411
2829,737,5.7578125e-05,1,10391
14311,737,5.7578125e-05,1,10419
7007,737,5.7578125e-05,1,10414
2510,737,5.7578125e-05,1,10417
4065,737,5.7578125e-05,1,10434
11874,737,5.7578125e-05,1,10408
5363,737,5.7578125e-05,1,10409
13157,737,5.7578125e-05,1,10395
3984,737,5.7578125e-05,1,10401
11808,737,5.7578125e-05,1,10428
8858,737,5.7578125e-05,1,10383
12364,737,5.7578125e-05,1,10425
8448,737,5.7578125e-05,1,10437
14055,737,5.7578125e-05,1,10382
196,737,5.7578125e-05,1,10405
3039,737,5.7578125e-05,1,10394
8966,737,5.7578125e-05,1,10424
2538,737,5.7578125e-05,1,10392
12798,737,5.7578125e-05,1,10390
13183,737,5.7578125e-05,1,10406
10395,737,5.7578125e-05,1,10436
2121,737,5.7578125e-05,1,10431
197,737,5.7578125e-05,1,10397
7144,737,5.7578125e-05,1,10386
11159,736,5.75e-05,1,10454
10659,736,5.75e-05,1,10452
9501,736,5.75e-05,1,10464
8090,736,5.75e-05,1,10471
2253,736,5.75e-05,1,10489
10702,736,5.75e-05,1,10494
3100,736,5.75e-05,1,10476
1109,736,5.75e-05,1,10467
2284,736,5.75e-05,1,10506
5650,736,5.75e-05,1,10475
2048,736,5.75e-05,1,10461
8864,736,5.75e-05,1,10474
5711,736,5.75e-05,1,10460
739,736,5.75e-05,1,10495
4985,736,5.75e-05,1,10466
10995,736,5.75e-05,1,10503
15103,736,5.75e-05,1,10502
15027,736,5.75e-05,1,10493
2165,736,5.75e-05,1,10445
13004,736,5.75e-05,1,10480
4469,736,5.75e-05,1,10486
3042,736,5.75e-05,1,10496
1024,736,5.75e-05,1,10500
3563,736,5.75e-05,1,10499
14126,736,5.75e-05,1,10469
12426,736,5.75e-05,1,10492
6159,736,5.75e-05,1,10462
2080,736,5.75e-05,1,10449
13489,736,5.75e-05,1,10490
6388,736,5.75e-05,1,10477
11966,736,5.75e-05,1,10498
15231,736,5.75e-05,1,10465
230,736,5.75e-05,1,10497
7849,736,5.75e-05,1,10472
12250,736,5.75e-05,1,10468
9666,736,5.75e-05,1,10470
14821,736,5.75e-05,1,10491
5264,736,5.75e-05,1,10458
445,736,5.75e-05,1,10457
15717,736,5.75e-05,1,10478
12633,736,5.75e-05,1,10479
13558,736,5.75e-05,1,10507
10376,736,5.75e-05,1,10487
7920,736,5.75e-05,1,10485
1591,736,5.75e-05,1,10484
526,736,5.75e-05,1,10447
11701,736,5.75e-05,1,10504
12682,736,5.75e-05,1,10473
6783,736,5.75e-05,1,10456
757,736,5.75e-05,1,10451
8531,736,5.75e-05,1,10453
1365,736,5.75e-05,1,10450
9170,736,5.75e-05,1,10483
11603,736,5.75e-05,1,10482
3008,736,5.75e-05,1,10443
8801,736,5.75e-05,1,10509
6706,736,5.75e-05,1,10505
15368,736,5.75e-05,1,10455
13287,736,5.75e-05,1,10501
7643,736,5.75e-05,1,10459
2,736,5.75e-05,1,10488
9590,736,5.75e-05,1,10481
1435,736,5.75e-05,1,10444
4288,736,5.75e-05,1,10446
15771,736,5.75e-05,1,10508
7776,736,5.75e-05,1,10463
4282,736,5.75e-05,1,10448
2537,735,5.7421875e-05,1,10542
12236,735,5.7421875e-05,1,10529
6203,735,5.7421875e-05,1,10545
10027,735,5.7421875e-05,1,10562
4936,735,5.7421875e-05,1,10515
9406,735,5.7421875e-05,1,10532
2754,735,5.7421875e-05,1,10567
8797,735,5.7421875e-05,1,10540
14724,735,5.7421875e-05,1,10555
1369,735,5.7421875e-05,1,10518
10434,735,5.7421875e-05,1,10563
7230,735,5.7421875e-05,1,10560
13457,735,5.7421875e-05,1,10559
5892,735,5.7421875e-05,1,10550
10787,735,5.7421875e-05,1,10552
3592,735,5.7421875e-05,1,10533
20,735,5.7421875e-05,1,10537
2977,735,5.7421875e-05,1,10528
2729,735,5.7421875e-05,1,10558
3612,735,5.7421875e-05,1,10544
2140,735,5.7421875e-05,1,10541
9206,735,5.7421875e-05,1,10548
12311,735,5.7421875e-05,1,10514
12773,735,5.7421875e-05,1,10539
3762,735,5.7421875e-05,1,10568
1385,735,5.7421875e-05,1,10543
6302,735,5.7421875e-05,1,10512
3596,735,5.7421875e-05,1,10536
15636,735,5.7421875e-05,1,10523
12287,735,5.7421875e-05,1,10526
11275,735,5.7421875e-05,1,10534
2008,735,5.7421875e-05,1,10557
1330,735,5.7421875e-05,1,10535
10888,735,5.7421875e-05,1,10510
15486,735,5.7421875e-05,1,10565
10285,735,5.7421875e-05,1,10556
2397,735,5.7421875e-05,1,10517
11365,735,5.7421875e-05,1,10549
9889,735,5.7421875e-05,1,10561
935,735,5.7421875e-05,1,10513
1629,735,5.7421875e-05,1,10538
8515,735,5.7421875e-05,1,10516
6780,735,5.7421875e-05,1,10553
5388,735,5.7421875e-05,1,10566
5739,735,5.7421875e-05,1,10511
2899,735,5.7421875e-05,1,10530
14455,735,5.7421875e-05,1,10524
5201,735,5.7421875e-05,1,10522
8700,735,5.7421875e-05,1,10519
8887,735,5.7421875e-05,1,10551
1573,735,5.7421875e-05,1,10547
7099,735,5.7421875e-05,1,10531
11302,735,5.7421875e-05,1,10520
11995,735,5.7421875e-05,1,10564
4330,735,5.7421875e-05,1,10546
7728,735,5.7421875e-05,1,10554
2524,735,5.7421875e-05,1,10527
8195,735,5.7421875e-05,1,10525
2224,735,5.7421875e-05,1,10521
16328,734,5.734375e-05,1,10609
2328,734,5.734375e-05,1,10589
13479,734,5.734375e-05,1,10618
9786,734,5.734375e-05,1,10577
13700,734,5.734375e-05,1,10573
7927,734,5.734375e-05,1,10580
687,734,5.734375e-05,1,10592
2358,734,5.734375e-05,1,10602
12783,734,5.734375e-05,1,10597
13687,734,5.734375e-05,1,10569
12209,734,5.734375e-05,1,10611
984,734,5.734375e-05,1,10578
12588,734,5.734375e-05,1,10590
8501,734,5.734375e-05,1,10644
9487,734,5.734375e-05,1,10575
13159,734,5.734375e-05,1,10596
6641,734,5.734375e-05,1,10643
10007,734,5.734375e-05,1,10641
178,734,5.734375e-05,1,10614
7947,734,5.734375e-05,1,10571
15539,734,5.734375e-05,1,10620
15271,734,5.734375e-05,1,10588
13856,734,5.734375e-05,1,10626
10656,734,5.734375e-05,1,10576
10640,734,5.734375e-05,1,10583
13797,734,5.734375e-05,1,10622
12454,734,5.734375e-05,1,10612
13567,734,5.734375e-05,1,10615
3445,734,5.734375e-05,1,10640
11081,734,5.734375e-05,1,10610
6608,734,5.734375e-05,1,10601
13683,734,5.734375e-05,1,10579
13517,734,5.734375e-05,1,10604
11525,734,5.734375e-05,1,10633
15970,734,5.734375e-05,1,10639
10463,734,5.734375e-05,1,10619
9024,734,5.734375e-05,1,10607
1607,734,5.734375e-05,1,10621
7811,734,5.734375e-05,1,10584
5899,734,5.734375e-05,1,10595
11753,734,5.734375e-05,1,10608
9027,734,5.734375e-05,1,10605
1637,734,5.734375e-05,1,10646
7145,734,5.734375e-05,1,10616
8140,734,5.734375e-05,1,10574
15685,734,5.734375e-05,1,10645
6016,734,5.734375e-05,1,10628
14750,734,5.734375e-05,1,10600
7220,734,5.734375e-05,1,10591
14831,734,5.734375e-05,1,10582
7700,734,5.734375e-05,1,10572
5452,734,5.734375e-05,1,10649
12906,734,5.734375e-05,1,10650
1283,734,5.734375e-05,1,10603
11879,734,5.734375e-05,1,10613
1484,734,5.734375e-05,1,10623
8077,734,5.734375e-05,1,10631
5379,734,5.734375e-05,1,10598
5415,734,5.734375e-05,1,10570
2633,734,5.734375e-05,1,10642
1717,734,5.734375e-05,1,10636
14849,734,5.734375e-05,1,10587
1368,734,5.734375e-05,1,10634
2641,734,5.734375e-05,1,10638
3967,734,5.734375e-05,1,10630
12116,734,5.734375e-05,1,10599
3968,734,5.734375e-05,1,10635
12133,734,5.734375e-05,1,10637
5536,734,5.734375e-05,1,10593
1971,734,5.734375e-05,1,10585
1593,734,5.734375e-05,1,10594
14089,734,5.734375e-05,1,10632
14074,734,5.734375e-05,1,10586
14093,734,5.734375e-05,1,10624
9296,734,5.734375e-05,1,10627
3691,734,5.734375e-05,1,10606
7852,734,5.734375e-05,1,10647
396,734,5.734375e-05,1,10581
1430,734,5.734375e-05,1,10617
11465,734,5.734375e-05,1,10648
10596,734,5.734375e-05,1,10629
10064,734,5.734375e-05,1,10625
2469,733,5.7265625e-05,1,10655
3597,733,5.7265625e-05,1,10688
13456,733,5.7265625e-05,1,10690
6402,733,5.7265625e-05,1,10686
8460,733,5.7265625e-05,1,10662
7509,733,5.7265625e-05,1,10692
6474,733,5.7265625e-05,1,10679
11524,733,5.7265625e-05,1,10680
1117,733,5.7265625e-05,1,10674
4312,733,5.7265625e-05,1,10661
9375,733,5.7265625e-05,1,10665
9425,733,5.7265625e-05,1,10693
14532,733,5.7265625e-05,1,10656
14321,733,5.7265625e-05,1,10678
1762,733,5.7265625e-05,1,10657
12534,733,5.7265625e-05,1,10672
1843,733,5.7265625e-05,1,10653
14537,733,5.7265625e-05,1,10669
6338,733,5.7265625e-05,1,10666
9250,733,5.7265625e-05,1,10694
11618,733,5.7265625e-05,1,10664
7512,733,5.7265625e-05,1,10677
5149,733,5.7265625e-05,1,10667
8809,733,5.7265625e-05,1,10691
10819,733,5.7265625e-05,1,10658
751,733,5.7265625e-05,1,10673
15755,733,5.7265625e-05,1,10676
460,733,5.7265625e-05,1,10654
3259,733,5.7265625e-05,1,10689
15104,733,5.7265625e-05,1,10651
2683,733,5.7265625e-05,1,10684
14514,733,5.7265625e-05,1,10671
8815,733,5.7265625e-05,1,10663
14970,733,5.7265625e-05,1,10681
10555,733,5.7265625e-05,1,10670
2288,733,5.7265625e-05,1,10687
10267,733,5.7265625e-05,1,10682
16305,733,5.7265625e-05,1,10683
8620,733,5.7265625e-05,1,10652
11621,733,5.7265625e-05,1,10660
9335,733,5.7265625e-05,1,10675
8345,733,5.7265625e-05,1,10695
377,733,5.7265625e-05,1,10659
8346,733,5.7265625e-05,1,10685
695,733,5.7265625e-05,1,10668
12959,732,5.71875e-05,1,10700
15467,732,5.71875e-05,1,10725
10729,732,5.71875e-05,1,10698
9128,732,5.71875e-05,1,10701
3103,732,5.71875e-05,1,10723
8498,732,5.71875e-05,1,10733
7416,732,5.71875e-05,1,10747
1575,732,5.71875e-05,1,10760
14472,732,5.71875e-05,1,10755
5742,732,5.71875e-05,1,10738
4047,732,5.71875e-05,1,10751
15692,732,5.71875e-05,1,10752
9792,732,5.71875e-05,1,10750
9589,732,5.71875e-05,1,10720
16323,732,5.71875e-05,1,10746
10848,732,5.71875e-05,1,10721
7582,732,5.71875e-05,1,10710
9387,732,5.71875e-05,1,10714
973,732,5.71875e-05,1,10732
3385,732,5.71875e-05,1,10741
14185,732,5.71875e-05,1,10722
13117,732,5.71875e-05,1,10728
9048,732,5.71875e-05,1,10703
1020,732,5.71875e-05,1,10756
6956,732,5.71875e-05,1,10739
11092,732,5.71875e-05,1,10716
9512,732,5.71875e-05,1,10740
187,732,5.71875e-05,1,10715
12840,732,5.71875e-05,1,10744
15127,732,5.71875e-05,1,10708
8424,732,5.71875e-05,1,10707
1934,732,5.71875e-05,1,10759
12843,732,5.71875e-05,1,10724
9482,732,5.71875e-05,1,10730
12984,732,5.71875e-05,1,10757
5257,732,5.71875e-05,1,10713
9649,732,5.71875e-05,1,10726
7550,732,5.71875e-05,1,10699
10025,732,5.71875e-05,1,10709
13327,732,5.71875e-05,1,10697
12212,732,5.71875e-05,1,10717
3668,732,5.71875e-05,1,10736
3391,732,5.71875e-05,1,10734
12324,732,5.71875e-05,1,10729
10657,732,5.71875e-05,1,10727
2241,732,5.71875e-05,1,10737
12500,732,5.71875e-05,1,10711
7661,732,5.71875e-05,1,10758
10706,732,5.71875e-05,1,10749
8269,732,5.71875e-05,1,10761
12488,732,5.71875e-05,1,10706
8023,732,5.71875e-05,1,10753
1493,732,5.71875e-05,1,10712
5417,732,5.71875e-05,1,10743
12479,732,5.71875e-05,1,10704
11277,732,5.71875e-05,1,10718
9788,732,5.71875e-05,1,10745
7663,732,5.71875e-05,1,10748
10332,732,5.71875e-05,1,10735
5634,732,5.71875e-05,1,10742
6806,732,5.71875e-05,1,10731
14742,732,5.71875e-05,1,10754
2185,732,5.71875e-05,1,10705
4677,732,5.71875e-05,1,10719
8436,732,5.71875e-05,1,10696
9411,732,5.71875e-05,1,10702
7905,731,5.7109375e-05,1,10801
11522,731,5.7109375e-05,1,10814
12718,731,5.7109375e-05,1,10762
6800,731,5.7109375e-05,1,10781
15422,731,5.7109375e-05,1,10772
7948,731,5.7109375e-05,1,10768
14543,731,5.7109375e-05,1,10769
3253,731,5.7109375e-05,1,10807
4589,731,5.7109375e-05,1,10770
6208,731,5.7109375e-05,1,10800
8390,731,5.7109375e-05,1,10802
8753,731,5.7109375e-05,1,10810
12243,731,5.7109375e-05,1,10793
12982,731,5.7109375e-05,1,10804
11124,731,5.7109375e-05,1,10782
13955,731,5.7109375e-05,1,10827
3539,731,5.7109375e-05,1,10787
14952,731,5.7109375e-05,1,10792
3522,731,5.7109375e-05,1,10815
13892,731,5.7109375e-05,1,10776
12040,731,5.7109375e-05,1,10817
6972,731,5.7109375e-05,1,10778
2188,731,5.7109375e-05,1,10823
6980,731,5.7109375e-05,1,10779
12410,731,5.7109375e-05,1,10796
14242,731,5.7109375e-05,1,10784
3865,731,5.7109375e-05,1,10820
6869,731,5.7109375e-05,1,10791
7017,731,5.7109375e-05,1,10790
14364,731,5.7109375e-05,1,10795
14385,731,5.7109375e-05,1,10794
4781,731,5.7109375e-05,1,10803
7044,731,5.7109375e-05,1,10786
1646,731,5.7109375e-05,1,10806
7059,731,5.7109375e-05,1,10822
866,731,5.7109375e-05,1,10813
1599,731,5.7109375e-05,1,10818
12181,731,5.7109375e-05,1,10775
4501,731,5.7109375e-05,1,10777
9648,731,5.7109375e-05,1,10785
16062,731,5.7109375e-05,1,10808
5832,731,5.7109375e-05,1,10766
5346,731,5.7109375e-05,1,10821
5696,731,5.7109375e-05,1,10819
16368,731,5.7109375e-05,1,10789
5654,731,5.7109375e-05,1,10765
16115,731,5.7109375e-05,1,10773
602,731,5.7109375e-05,1,10824
15874,731,5.7109375e-05,1,10763
9447,731,5.7109375e-05,1,10799
10040,731,5.7109375e-05,1,10812
5060,731,5.7109375e-05,1,10771
9561,731,5.7109375e-05,1,10825
5584,731,5.7109375e-05,1,10811
10177,731,5.7109375e-05,1,10788
5901,731,5.7109375e-05,1,10798
7583,731,5.7109375e-05,1,10774
143,731,5.7109375e-05,1,10805
9535,731,5.7109375e-05,1,10797
7774,731,5.7109375e-05,1,10809
5119,731,5.7109375e-05,1,10826
378,731,5.7109375e-05,1,10783
15837,731,5.7109375e-05,1,10780
628,731,5.7109375e-05,1,10764
15492,731,5.7109375e-05,1,10816
5799,731,5.7109375e-05,1,10767
8877,730,5.703125e-05,1,10831
14568,730,5.703125e-05,1,10864
10886,730,5.703125e-05,1,10854
9874,730,5.703125e-05,1,10876
7008,730,5.703125e-05,1,10861
4556,730,5.703125e-05,1,10863
5661,730,5.703125e-05,1,10848
9970,730,5.703125e-05,1,10839
12725,730,5.703125e-05,1,10834
4331,730,5.703125e-05,1,10837
11696,730,5.703125e-05,1,10841
754,730,5.703125e-05,1,10865
12164,730,5.703125e-05,1,10881
6461,730,5.703125e-05,1,10843
1973,730,5.703125e-05,1,10842
7746,730,5.703125e-05,1,10847
15525,730,5.703125e-05,1,10836
3284,730,5.703125e-05,1,10859
16312,730,5.703125e-05,1,10840
7976,730,5.703125e-05,1,10828
358,730,5.703125e-05,1,10878
7291,730,5.703125e-05,1,10846
12599,730,5.703125e-05,1,10860
6165,730,5.703125e-05,1,10877
5240,730,5.703125e-05,1,10868
14487,730,5.703125e-05,1,10880
11742,730,5.703125e-05,1,10870
4066,730,5.703125e-05,1,10874
14505,730,5.703125e-05,1,10873
13120,730,5.703125e-05,1,10885
745,730,5.703125e-05,1,10838
15327,730,5.703125e-05,1,10875
6695,730,5.703125e-05,1,10869
3037,730,5.703125e-05,1,10857
9476,730,5.703125e-05,1,10884
11127,730,5.703125e-05,1,10871
7236,730,5.703125e-05,1,10862
7871,730,5.703125e-05,1,10829
2752,730,5.703125e-05,1,10851
7822,730,5.703125e-05,1,10850
9556,730,5.703125e-05,1,10845
12270,730,5.703125e-05,1,10887
12781,730,5.703125e-05,1,10888
4234,730,5.703125e-05,1,10858
7821,730,5.703125e-05,1,10853
8310,730,5.703125e-05,1,10856
2487,730,5.703125e-05,1,10833
7196,730,5.703125e-05,1,10855
1791,730,5.703125e-05,1,10889
2699,730,5.703125e-05,1,10866
12406,730,5.703125e-05,1,10886
10843,730,5.703125e-05,1,10882
11923,730,5.703125e-05,1,10852
2178,730,5.703125e-05,1,10867
3911,730,5.703125e-05,1,10832
15800,730,5.703125e-05,1,10844
1179,730,5.703125e-05,1,10879
3130,730,5.703125e-05,1,10835
9946,730,5.703125e-05,1,10830
9989,730,5.703125e-05,1,10849
8931,730,5.703125e-05,1,10883
14214,730,5.703125e-05,1,10872
6791,729,5.6953125e-05,1,10919
1871,729,5.6953125e-05,1,10914
15554,729,5.6953125e-05,1,10898
4261,729,5.6953125e-05,1,10925
5360,729,5.6953125e-05,1,10927
6191,729,5.6953125e-05,1,10934
3799,729,5.6953125e-05,1,10910
12048,729,5.6953125e-05,1,10939
1030,729,5.6953125e-05,1,10903
8484,729,5.6953125e-05,1,10933
34,729,5.6953125e-05,1,10929
4652,729,5.6953125e-05,1,10918
7571,729,5.6953125e-05,1,10941
14375,729,5.6953125e-05,1,10907
14710,729,5.6953125e-05,1,10920
186,729,5.6953125e-05,1,10940
7955,729,5.6953125e-05,1,10938
179,729,5.6953125e-05,1,10932
9810,729,5.6953125e-05,1,10922
13203,729,5.6953125e-05,1,10912
15762,729,5.6953125e-05,1,10913
6658,729,5.6953125e-05,1,10926
15286,729,5.6953125e-05,1,10894
1793,729,5.6953125e-05,1,10904
4698,729,5.6953125e-05,1,10916
14467,729,5.6953125e-05,1,10893
10709,729,5.6953125e-05,1,10936
12107,729,5.6953125e-05,1,10935
7042,729,5.6953125e-05,1,10909
1906,729,5.6953125e-05,1,10905
11529,729,5.6953125e-05,1,10899
5878,729,5.6953125e-05,1,10943
15299,729,5.6953125e-05,1,10942
3892,729,5.6953125e-05,1,10901
6958,729,5.6953125e-05,1,10923
12989,729,5.6953125e-05,1,10928
3101,729,5.6953125e-05,1,10917
13321,729,5.6953125e-05,1,10896
6470,729,5.6953125e-05,1,10911
11668,729,5.6953125e-05,1,10921
9228,729,5.6953125e-05,1,10906
14312,729,5.6953125e-05,1,10930
9269,729,5.6953125e-05,1,10900
12518,729,5.6953125e-05,1,10890
5322,729,5.6953125e-05,1,10944
696,729,5.6953125e-05,1,10908
11481,729,5.6953125e-05,1,10897
2605,729,5.6953125e-05,1,10902
1093,729,5.6953125e-05,1,10891
15733,729,5.6953125e-05,1,10892
6857,729,5.6953125e-05,1,10924
8578,729,5.6953125e-05,1,10931
15826,729,5.6953125e-05,1,10915
3701,729,5.6953125e-05,1,10937
3083,729,5.6953125e-05,1,10895
3271,728,5.6875e-05,1,10976
6226,728,5.6875e-05,1,11014
1230,728,5.6875e-05,1,11018
10021,728,5.6875e-05,1,11007
7154,728,5.6875e-05,1,10986
2168,728,5.6875e-05,1,10950
7065,728,5.6875e-05,1,11009
4285,728,5.6875e-05,1,10959
13102,728,5.6875e-05,1,10951
14591,728,5.6875e-05,1,10997
12608,728,5.6875e-05,1,10960
2215,728,5.6875e-05,1,10967
13776,728,5.6875e-05,1,10968
2252,728,5.6875e-05,1,10947
2161,728,5.6875e-05,1,11001
4562,728,5.6875e-05,1,10961
6598,728,5.6875e-05,1,10962
10572,728,5.6875e-05,1,11008
13092,728,5.6875e-05,1,10993
4423,728,5.6875e-05,1,10963
11752,728,5.6875e-05,1,10948
2994,728,5.6875e-05,1,10979
14888,728,5.6875e-05,1,10981
15704,728,5.6875e-05,1,10972
13984,728,5.6875e-05,1,10953
5356,728,5.6875e-05,1,11000
3503,728,5.6875e-05,1,10964
9717,728,5.6875e-05,1,10958
16075,728,5.6875e-05,1,10994
9996,728,5.6875e-05,1,11005
4103,728,5.6875e-05,1,10954
86,728,5.6875e-05,1,10975
243,728,5.6875e-05,1,10955
16110,728,5.6875e-05,1,10980
11451,728,5.6875e-05,1,11003
7866,728,5.6875e-05,1,10992
12346,728,5.6875e-05,1,10991
5190,728,5.6875e-05,1,10995
9844,728,5.6875e-05,1,10982
6779,728,5.6875e-05,1,10956
5042,728,5.6875e-05,1,10946
14423,728,5.6875e-05,1,10998
708,728,5.6875e-05,1,11013
4577,728,5.6875e-05,1,10965
6193,728,5.6875e-05,1,11016
14780,728,5.6875e-05,1,10996
7069,728,5.6875e-05,1,10988
12999,728,5.6875e-05,1,10984
4078,728,5.6875e-05,1,10974
7034,728,5.6875e-05,1,10949
10234,728,5.6875e-05,1,10978
14249,728,5.6875e-05,1,11015
14371,728,5.6875e-05,1,10987
10935,728,5.6875e-05,1,11006
12035,728,5.6875e-05,1,10966
12022,728,5.6875e-05,1,10990
10238,728,5.6875e-05,1,10977
14255,728,5.6875e-05,1,11020
13204,728,5.6875e-05,1,10983
3142,728,5.6875e-05,1,11019
13931,728,5.6875e-05,1,10973
10927,728,5.6875e-05,1,11011
14166,728,5.6875e-05,1,11012
13551,728,5.6875e-05,1,10970
6421,728,5.6875e-05,1,11002
15331,728,5.6875e-05,1,10957
8812,728,5.6875e-05,1,11004
4820,728,5.6875e-05,1,10989
9777,728,5.6875e-05,1,10952
11492,728,5.6875e-05,1,10999
10920,728,5.6875e-05,1,11010
11893,728,5.6875e-05,1,10985
10201,728,5.6875e-05,1,10945
9116,728,5.6875e-05,1,10969
13626,728,5.6875e-05,1,11017
14218,728,5.6875e-05,1,10971
9390,727,5.6796875e-05,1,11036
3543,727,5.6796875e-05,1,11060
3677,727,5.6796875e-05,1,11042
108,727,5.6796875e-05,1,11087
10748,727,5.6796875e-05,1,11039
5556,727,5.6796875e-05,1,11068
13392,727,5.6796875e-05,1,11047
14556,727,5.6796875e-05,1,11033
14211,727,5.6796875e-05,1,11066
14678,727,5.6796875e-05,1,11050
3116,727,5.6796875e-05,1,11058
5186,727,5.6796875e-05,1,11025
15303,727,5.6796875e-05,1,11074
3576,727,5.6796875e-05,1,11046
2101,727,5.6796875e-05,1,11069
4640,727,5.6796875e-05,1,11067
733,727,5.6796875e-05,1,11027
3698,727,5.6796875e-05,1,11051
3578,727,5.6796875e-05,1,11043
16010,727,5.6796875e-05,1,11071
10635,727,5.6796875e-05,1,11052
1724,727,5.6796875e-05,1,11076
13938,727,5.6796875e-05,1,11024
12547,727,5.6796875e-05,1,11035
8387,727,5.6796875e-05,1,11062
5066,727,5.6796875e-05,1,11053
10930,727,5.6796875e-05,1,11086
13038,727,5.6796875e-05,1,11075
2179,727,5.6796875e-05,1,11065
6655,727,5.6796875e-05,1,11028
5418,727,5.6796875e-05,1,11041
11677,727,5.6796875e-05,1,11085
10005,727,5.6796875e-05,1,11037
10499,727,5.6796875e-05,1,11045
16252,727,5.6796875e-05,1,11073
11727,727,5.6796875e-05,1,11079
11175,727,5.6796875e-05,1,11021
14837,727,5.6796875e-05,1,11080
16047,727,5.6796875e-05,1,11023
5847,727,5.6796875e-05,1,11034
3559,727,5.6796875e-05,1,11057
6368,727,5.6796875e-05,1,11032
1349,727,5.6796875e-05,1,11040
10372,727,5.6796875e-05,1,11083
2500,727,5.6796875e-05,1,11059
9042,727,5.6796875e-05,1,11064
2164,727,5.6796875e-05,1,11038
12641,727,5.6796875e-05,1,11078
4041,727,5.6796875e-05,1,11048
11639,727,5.6796875e-05,1,11031
7592,727,5.6796875e-05,1,11030
910,727,5.6796875e-05,1,11081
15431,727,5.6796875e-05,1,11026
12606,727,5.6796875e-05,1,11084
5243,727,5.6796875e-05,1,11063
14388,727,5.6796875e-05,1,11029
12358,727,5.6796875e-05,1,11055
13518,727,5.6796875e-05,1,11077
12016,727,5.6796875e-05,1,11082
3667,727,5.6796875e-05,1,11056
6532,727,5.6796875e-05,1,11070
12110,727,5.6796875e-05,1,11061
6093,727,5.6796875e-05,1,11072
11395,727,5.6796875e-05,1,11054
6341,727,5.6796875e-05,1,11049
14795,727,5.6796875e-05,1,11044
6899,727,5.6796875e-05,1,11022
204,726,5.671875e-05,1,11145
7356,726,5.671875e-05,1,11108
15010,726,5.671875e-05,1,11156
1194,726,5.671875e-05,1,11119
1458,726,5.671875e-05,1,11110
7718,726,5.671875e-05,1,11097
1174,726,5.671875e-05,1,11143
12007,726,5.671875e-05,1,11149
1225,726,5.671875e-05,1,11103
8975,726,5.671875e-05,1,11089
4468,726,5.671875e-05,1,11148
14941,726,5.671875e-05,1,11133
15564,726,5.671875e-05,1,11091
3627,726,5.671875e-05,1,11151
627,726,5.671875e-05,1,11141
16127,726,5.671875e-05,1,11102
6617,726,5.671875e-05,1,11121
11264,726,5.671875e-05,1,11122
13164,726,5.671875e-05,1,11093
4585,726,5.671875e-05,1,11152
11230,726,5.671875e-05,1,11113
10845,726,5.671875e-05,1,11127
12003,726,5.671875e-05,1,11123
10052,726,5.671875e-05,1,11094
3406,726,5.671875e-05,1,11142
13587,726,5.671875e-05,1,11101
13226,726,5.671875e-05,1,11128
1248,726,5.671875e-05,1,11100
9739,726,5.671875e-05,1,11098
15895,726,5.671875e-05,1,11158
5565,726,5.671875e-05,1,11095
10891,726,5.671875e-05,1,11135
1086,726,5.671875e-05,1,11153
15383,726,5.671875e-05,1,11105
1352,726,5.671875e-05,1,11160
4170,726,5.671875e-05,1,11126
11328,726,5.671875e-05,1,11096
10893,726,5.671875e-05,1,11139
13580,726,5.671875e-05,1,11092
15057,726,5.671875e-05,1,11140
4182,726,5.671875e-05,1,11159
6084,726,5.671875e-05,1,11134
9301,726,5.671875e-05,1,11147
3414,726,5.671875e-05,1,11163
5228,726,5.671875e-05,1,11088
15070,726,5.671875e-05,1,11161
8979,726,5.671875e-05,1,11099
9778,726,5.671875e-05,1,11116
13736,726,5.671875e-05,1,11114
6018,726,5.671875e-05,1,11137
15912,726,5.671875e-05,1,11120
16087,726,5.671875e-05,1,11154
11061,726,5.671875e-05,1,11132
12553,726,5.671875e-05,1,11136
10803,726,5.671875e-05,1,11150
14444,726,5.671875e-05,1,11112
944,726,5.671875e-05,1,11115
3229,726,5.671875e-05,1,11117
2073,726,5.671875e-05,1,11118
3311,726,5.671875e-05,1,11144
10826,726,5.671875e-05,1,11155
4989,726,5.671875e-05,1,11138
12804,726,5.671875e-05,1,11129
7707,726,5.671875e-05,1,11104
8364,726,5.671875e-05,1,11109
10688,726,5.671875e-05,1,11090
8127,726,5.671875e-05,1,11146
15167,726,5.671875e-05,1,11162
11046,726,5.671875e-05,1,11107
12276,726,5.671875e-05,1,11124
9215,726,5.671875e-05,1,11111
6665,726,5.671875e-05,1,11106
7311,726,5.671875e-05,1,11131
10269,726,5.671875e-05,1,11130
8271,726,5.671875e-05,1,11125
8630,726,5.671875e-05,1,11157
6704,725,5.6640625e-05,1,11174
2527,725,5.6640625e-05,1,11171
13904,725,5.6640625e-05,1,11211
5662,725,5.6640625e-05,1,11188
14238,725,5.6640625e-05,1,11199
11345,725,5.6640625e-05,1,11184
3601,725,5.6640625e-05,1,11195
13248,725,5.6640625e-05,1,11194
9840,725,5.6640625e-05,1,11215
1115,725,5.6640625e-05,1,11182
5610,725,5.6640625e-05,1,11221
4553,725,5.6640625e-05,1,11219
11208,725,5.6640625e-05,1,11186
9333,725,5.6640625e-05,1,11201
7459,725,5.6640625e-05,1,11224
9401,725,5.6640625e-05,1,11212
11504,725,5.6640625e-05,1,11187
13928,725,5.6640625e-05,1,11220
12414,725,5.6640625e-05,1,11205
3117,725,5.6640625e-05,1,11166
12750,725,5.6640625e-05,1,11217
10134,725,5.6640625e-05,1,11189
2533,725,5.6640625e-05,1,11216
959,725,5.6640625e-05,1,11185
13845,725,5.6640625e-05,1,11175
16042,725,5.6640625e-05,1,11190
6759,725,5.6640625e-05,1,11178
5749,725,5.6640625e-05,1,11169
13926,725,5.6640625e-05,1,11225
5227,725,5.6640625e-05,1,11206
13487,725,5.6640625e-05,1,11218
3480,725,5.6640625e-05,1,11223
14965,725,5.6640625e-05,1,11226
12441,725,5.6640625e-05,1,11179
10359,725,5.6640625e-05,1,11198
12448,725,5.6640625e-05,1,11204
12499,725,5.6640625e-05,1,11209
2629,725,5.6640625e-05,1,11202
1862,725,5.6640625e-05,1,11197
16294,725,5.6640625e-05,1,11173
15788,725,5.6640625e-05,1,11172
12555,725,5.6640625e-05,1,11214
8866,725,5.6640625e-05,1,11200
2757,725,5.6640625e-05,1,11180
9227,725,5.6640625e-05,1,11177
8682,725,5.6640625e-05,1,11168
15417,725,5.6640625e-05,1,11196
15124,725,5.6640625e-05,1,11165
5953,725,5.6640625e-05,1,11191
7825,725,5.6640625e-05,1,11208
326,725,5.6640625e-05,1,11176
5084,725,5.6640625e-05,1,11183
2903,725,5.6640625e-05,1,11213
6195,725,5.6640625e-05,1,11167
244,725,5.6640625e-05,1,11192
5810,725,5.6640625e-05,1,11210
7389,725,5.6640625e-05,1,11181
5413,725,5.6640625e-05,1,11164
14067,725,5.6640625e-05,1,11193
5704,725,5.6640625e-05,1,11170
15128,725,5.6640625e-05,1,11203
4587,725,5.6640625e-05,1,11222
10206,725,5.6640625e-05,1,11207
1661,724,5.65625e-05,1,11239
12807,724,5.65625e-05,1,11295
379,724,5.65625e-05,1,11289
12439,724,5.65625e-05,1,11259
13431,724,5.65625e-05,1,11261
267,724,5.65625e-05,1,11287
6187,724,5.65625e-05,1,11233
6080,724,5.65625e-05,1,11248
8903,724,5.65625e-05,1,11250
15078,724,5.65625e-05,1,11237
9821,724,5.65625e-05,1,11232
16132,724,5.65625e-05,1,11280
557,724,5.65625e-05,1,11293
4279,724,5.65625e-05,1,11282
3468,724,5.65625e-05,1,11268
13954,724,5.65625e-05,1,11273
10631,724,5.65625e-05,1,11238
13981,724,5.65625e-05,1,11278
2544,724,5.65625e-05,1,11236
13597,724,5.65625e-05,1,11290
2407,724,5.65625e-05,1,11270
1655,724,5.65625e-05,1,11263
10907,724,5.65625e-05,1,11274
636,724,5.65625e-05,1,11231
4954,724,5.65625e-05,1,11265
5259,724,5.65625e-05,1,11251
5135,724,5.65625e-05,1,11260
9218,724,5.65625e-05,1,11291
6856,724,5.65625e-05,1,11294
24,724,5.65625e-05,1,11247
12234,724,5.65625e-05,1,11235
485,724,5.65625e-05,1,11242
7463,724,5.65625e-05,1,11234
5530,724,5.65625e-05,1,11262
16236,724,5.65625e-05,1,11272
7475,724,5.65625e-05,1,11227
5038,724,5.65625e-05,1,11228
10229,724,5.65625e-05,1,11292
11733,724,5.65625e-05,1,11275
3507,724,5.65625e-05,1,11245
10842,724,5.65625e-05,1,11252
11191,724,5.65625e-05,1,11283
15169,724,5.65625e-05,1,11249
5523,724,5.65625e-05,1,11285
12491,724,5.65625e-05,1,11266
15421,724,5.65625e-05,1,11277
13515,724,5.65625e-05,1,11253
9585,724,5.65625e-05,1,11269
13994,724,5.65625e-05,1,11288
1113,724,5.65625e-05,1,11296
16160,724,5.65625e-05,1,11286
7737,724,5.65625e-05,1,11241
7260,724,5.65625e-05,1,11267
5504,724,5.65625e-05,1,11271
9682,724,5.65625e-05,1,11276
10414,724,5.65625e-05,1,11230
4723,724,5.65625e-05,1,11244
12828,724,5.65625e-05,1,11255
4325,724,5.65625e-05,1,11281
13314,724,5.65625e-05,1,11258
3483,724,5.65625e-05,1,11246
6710,724,5.65625e-05,1,11240
8894,724,5.65625e-05,1,11257
15822,724,5.65625e-05,1,11254
14665,724,5.65625e-05,1,11256
8803,724,5.65625e-05,1,11284
6861,724,5.65625e-05,1,11279
8044,724,5.65625e-05,1,11264
924,724,5.65625e-05,1,11243
9519,724,5.65625e-05,1,11229
7724,723,5.6484375e-05,1,11314
9101,723,5.6484375e-05,1,11339
2775,723,5.6484375e-05,1,11354
12251,723,5.6484375e-05,1,11310
8296,723,5.6484375e-05,1,11305
8061,723,5.6484375e-05,1,11336
10155,723,5.6484375e-05,1,11342
6891,723,5.6484375e-05,1,11356
4352,723,5.6484375e-05,1,11334
11577,723,5.6484375e-05,1,11329
1247,723,5.6484375e-05,1,11355
4364,723,5.6484375e-05,1,11341
2060,723,5.6484375e-05,1,11333
8407,723,5.6484375e-05,1,11298
10149,723,5.6484375e-05,1,11306
2993,723,5.6484375e-05,1,11348
9459,723,5.6484375e-05,1,11346
11440,723,5.6484375e-05,1,11321
14996,723,5.6484375e-05,1,11316
14581,723,5.6484375e-05,1,11299
1353,723,5.6484375e-05,1,11304
7254,723,5.6484375e-05,1,11300
10721,723,5.6484375e-05,1,11345
15317,723,5.6484375e-05,1,11311
80,723,5.6484375e-05,1,11327
13257,723,5.6484375e-05,1,11317
10750,723,5.6484375e-05,1,11335
5686,723,5.6484375e-05,1,11325
14154,723,5.6484375e-05,1,11338
4563,723,5.6484375e-05,1,11324
14559,723,5.6484375e-05,1,11309
2654,723,5.6484375e-05,1,11307
8197,723,5.6484375e-05,1,11332
5942,723,5.6484375e-05,1,11322
14546,723,5.6484375e-05,1,11301
13096,723,5.6484375e-05,1,11308
8772,723,5.6484375e-05,1,11351
13192,723,5.6484375e-05,1,11353
1695,723,5.6484375e-05,1,11347
9153,723,5.6484375e-05,1,11303
13383,723,5.6484375e-05,1,11331
211,723,5.6484375e-05,1,11323
14027,723,5.6484375e-05,1,11340
11624,723,5.6484375e-05,1,11337
14744,723,5.6484375e-05,1,11312
11116,723,5.6484375e-05,1,11328
13831,723,5.6484375e-05,1,11330
3644,723,5.6484375e-05,1,11297
7338,723,5.6484375e-05,1,11319
9746,723,5.6484375e-05,1,11349
3089,723,5.6484375e-05,1,11344
15727,723,5.6484375e-05,1,11326
13835,723,5.6484375e-05,1,11302
7373,723,5.6484375e-05,1,11320
15699,723,5.6484375e-05,1,11343
14741,723,5.6484375e-05,1,11350
8855,723,5.6484375e-05,1,11315
7472,723,5.6484375e-05,1,11318
15333,723,5.6484375e-05,1,11352
7589,723,5.6484375e-05,1,11357
1360,723,5.6484375e-05,1,11313
6848,722,5.640625e-05,1,11381
15142,722,5.640625e-05,1,11384
348,722,5.640625e-05,1,11375
4634,722,5.640625e-05,1,11388
11385,722,5.640625e-05,1,11362
6824,722,5.640625e-05,1,11379
3020,722,5.640625e-05,1,11372
11476,722,5.640625e-05,1,11409
3587,722,5.640625e-05,1,11367
8698,722,5.640625e-05,1,11403
3034,722,5.640625e-05,1,11400
9347,722,5.640625e-05,1,11374
12607,722,5.640625e-05,1,11404
9822,722,5.640625e-05,1,11359
6836,722,5.640625e-05,1,11395
2162,722,5.640625e-05,1,11385
10259,722,5.640625e-05,1,11401
15899,722,5.640625e-05,1,11402
3853,722,5.640625e-05,1,11369
16321,722,5.640625e-05,1,11383
8423,722,5.640625e-05,1,11397
13717,722,5.640625e-05,1,11361
2761,722,5.640625e-05,1,11360
11509,722,5.640625e-05,1,11396
12032,722,5.640625e-05,1,11373
14638,722,5.640625e-05,1,11406
8400,722,5.640625e-05,1,11364
10342,722,5.640625e-05,1,11365
8177,722,5.640625e-05,1,11410
12893,722,5.640625e-05,1,11363
12343,722,5.640625e-05,1,11376
4513,722,5.640625e-05,1,11368
1756,722,5.640625e-05,1,11370
12985,722,5.640625e-05,1,11358
14670,722,5.640625e-05,1,11386
13900,722,5.640625e-05,1,11382
2445,722,5.640625e-05,1,11408
2615,722,5.640625e-05,1,11399
7327,722,5.640625e-05,1,11411
15084,722,5.640625e-05,1,11371
15356,722,5.640625e-05,1,11380
12711,722,5.640625e-05,1,11394
7833,722,5.640625e-05,1,11391
7419,722,5.640625e-05,1,11378
4309,722,5.640625e-05,1,11392
9481,722,5.640625e-05,1,11389
15495,722,5.640625e-05,1,11366
2787,722,5.640625e-05,1,11398
1773,722,5.640625e-05,1,11407
15329,722,5.640625e-05,1,11390
11542,722,5.640625e-05,1,11393
5177,722,5.640625e-05,1,11377
171,722,5.640625e-05,1,11387
13897,722,5.640625e-05,1,11405
15731,721,5.6328125e-05,1,11448
579,721,5.6328125e-05,1,11441
5984,721,5.6328125e-05,1,11445
13908,721,5.6328125e-05,1,11452
14757,721,5.6328125e-05,1,11432
4292,721,5.6328125e-05,1,11465
14794,721,5.6328125e-05,1,11442
3862,721,5.6328125e-05,1,11451
14814,721,5.6328125e-05,1,11435
2515,721,5.6328125e-05,1,11413
14051,721,5.6328125e-05,1,11438
14818,721,5.6328125e-05,1,11430
8005,721,5.6328125e-05,1,11439
14524,721,5.6328125e-05,1,11457
10644,721,5.6328125e-05,1,11434
11102,721,5.6328125e-05,1,11462
11750,721,5.6328125e-05,1,11428
13007,721,5.6328125e-05,1,11466
16303,721,5.6328125e-05,1,11469
10675,721,5.6328125e-05,1,11449
3293,721,5.6328125e-05,1,11447
15538,721,5.6328125e-05,1,11433
5375,721,5.6328125e-05,1,11423
15581,721,5.6328125e-05,1,11426
5936,721,5.6328125e-05,1,11456
10697,721,5.6328125e-05,1,11467
8520,721,5.6328125e-05,1,11420
7367,721,5.6328125e-05,1,11422
13504,721,5.6328125e-05,1,11419
8562,721,5.6328125e-05,1,11437
4982,721,5.6328125e-05,1,11440
11871,721,5.6328125e-05,1,11418
15371,721,5.6328125e-05,1,11414
9397,721,5.6328125e-05,1,11468
2463,721,5.6328125e-05,1,11446
15,721,5.6328125e-05,1,11444
1565,721,5.6328125e-05,1,11443
13147,721,5.6328125e-05,1,11463
11209,721,5.6328125e-05,1,11412
6865,721,5.6328125e-05,1,11427
14895,721,5.6328125e-05,1,11453
630,721,5.6328125e-05,1,11431
6877,721,5.6328125e-05,1,11416
14623,721,5.6328125e-05,1,11464
14960,721,5.6328125e-05,1,11461
1459,721,5.6328125e-05,1,11425
2219,721,5.6328125e-05,1,11421
15614,721,5.6328125e-05,1,11417
16136,721,5.6328125e-05,1,11450
9953,721,5.6328125e-05,1,11455
15818,721,5.6328125e-05,1,11429
2811,721,5.6328125e-05,1,11459
5838,721,5.6328125e-05,1,11458
9293,721,5.6328125e-05,1,11436
8028,721,5.6328125e-05,1,11454
4544,721,5.6328125e-05,1,11470
12280,721,5.6328125e-05,1,11415
10321,721,5.6328125e-05,1,11424
4446,721,5.6328125e-05,1,11460
14221,720,5.625e-05,1,11499
11990,720,5.625e-05,1,11501
14697,720,5.625e-05,1,11502
8129,720,5.625e-05,1,11498
7801,720,5.625e-05,1,11503
15960,720,5.625e-05,1,11481
4218,720,5.625e-05,1,11484
256,720,5.625e-05,1,11510
14145,720,5.625e-05,1,11472
7121,720,5.625e-05,1,11493
10028,720,5.625e-05,1,11474
11676,720,5.625e-05,1,11490
13378,720,5.625e-05,1,11520
5365,720,5.625e-05,1,11522
14477,720,5.625e-05,1,11514
13444,720,5.625e-05,1,11488
8221,720,5.625e-05,1,11516
4301,720,5.625e-05,1,11480
215,720,5.625e-05,1,11479
8427,720,5.625e-05,1,11491
15436,720,5.625e-05,1,11492
2306,720,5.625e-05,1,11483
8003,720,5.625e-05,1,11511
5871,720,5.625e-05,1,11507
102,720,5.625e-05,1,11500
5194,720,5.625e-05,1,11471
15481,720,5.625e-05,1,11509
15152,720,5.625e-05,1,11515
9327,720,5.625e-05,1,11512
13870,720,5.625e-05,1,11487
12710,720,5.625e-05,1,11519
14863,720,5.625e-05,1,11496
7642,720,5.625e-05,1,11523
4657,720,5.625e-05,1,11476
13859,720,5.625e-05,1,11478
5161,720,5.625e-05,1,11485
13602,720,5.625e-05,1,11508
10655,720,5.625e-05,1,11517
9784,720,5.625e-05,1,11486
5755,720,5.625e-05,1,11506
5647,720,5.625e-05,1,11473
3257,720,5.625e-05,1,11489
12644,720,5.625e-05,1,11504
6680,720,5.625e-05,1,11518
5215,720,5.625e-05,1,11521
7581,720,5.625e-05,1,11497
2303,720,5.625e-05,1,11482
9303,720,5.625e-05,1,11513
7681,720,5.625e-05,1,11475
8121,720,5.625e-05,1,11494
2506,720,5.625e-05,1,11505
6688,720,5.625e-05,1,11477
10792,720,5.625e-05,1,11495
8719,719,5.6171875e-05,1,11525
11256,719,5.6171875e-05,1,11552
7771,719,5.6171875e-05,1,11551
5123,719,5.6171875e-05,1,11529
9665,719,5.6171875e-05,1,11580
87,719,5.6171875e-05,1,11524
9875,719,5.6171875e-05,1,11561
2867,719,5.6171875e-05,1,11528
4611,719,5.6171875e-05,1,11549
5766,719,5.6171875e-05,1,11533
8171,719,5.6171875e-05,1,11553
14897,719,5.6171875e-05,1,11555
10034,719,5.6171875e-05,1,11576
4514,719,5.6171875e-05,1,11578
30,719,5.6171875e-05,1,11546
4175,719,5.6171875e-05,1,11544
15085,719,5.6171875e-05,1,11540
6169,719,5.6171875e-05,1,11548
3265,719,5.6171875e-05,1,11550
6435,719,5.6171875e-05,1,11534
12423,719,5.6171875e-05,1,11557
7563,719,5.6171875e-05,1,11566
6916,719,5.6171875e-05,1,11567
13651,719,5.6171875e-05,1,11570
637,719,5.6171875e-05,1,11572
11303,719,5.6171875e-05,1,11556
3368,719,5.6171875e-05,1,11579
10084,719,5.6171875e-05,1,11584
6993,719,5.6171875e-05,1,11542
6155,719,5.6171875e-05,1,11587
648,719,5.6171875e-05,1,11581
6427,719,5.6171875e-05,1,11526
16300,719,5.6171875e-05,1,11589
15645,719,5.6171875e-05,1,11564
2294,719,5.6171875e-05,1,11574
5162,719,5.6171875e-05,1,11536
7975,719,5.6171875e-05,1,11575
2679,719,5.6171875e-05,1,11530
285,719,5.6171875e-05,1,11531
10865,719,5.6171875e-05,1,11569
7359,719,5.6171875e-05,1,11585
12925,719,5.6171875e-05,1,11571
589,719,5.6171875e-05,1,11568
10198,719,5.6171875e-05,1,11559
14575,719,5.6171875e-05,1,11565
3716,719,5.6171875e-05,1,11560
15132,719,5.6171875e-05,1,11586
5862,719,5.6171875e-05,1,11538
15775,719,5.6171875e-05,1,11588
1035,719,5.6171875e-05,1,11590
3174,719,5.6171875e-05,1,11558
13074,719,5.6171875e-05,1,11547
15457,719,5.6171875e-05,1,11582
14198,719,5.6171875e-05,1,11537
16072,719,5.6171875e-05,1,11573
15918,719,5.6171875e-05,1,11583
2018,719,5.6171875e-05,1,11545
14993,719,5.6171875e-05,1,11527
8399,719,5.6171875e-05,1,11535
7911,719,5.6171875e-05,1,11554
14999,719,5.6171875e-05,1,11532
7204,719,5.6171875e-05,1,11541
16271,719,5.6171875e-05,1,11543
11942,719,5.6171875e-05,1,11539
2330,719,5.6171875e-05,1,11562
12970,719,5.6171875e-05,1,11577
6556,719,5.6171875e-05,1,11563
15589,718,5.609375e-05,1,11610
2659,718,5.609375e-05,1,11649
5100,718,5.609375e-05,1,11602
12997,718,5.609375e-05,1,11614
16053,718,5.609375e-05,1,11591
8570,718,5.609375e-05,1,11648
7118,718,5.609375e-05,1,11650
7083,718,5.609375e-05,1,11612
8651,718,5.609375e-05,1,11605
13737,718,5.609375e-05,1,11654
9510,718,5.609375e-05,1,11608
3656,718,5.609375e-05,1,11616
3313,718,5.609375e-05,1,11623
5032,718,5.609375e-05,1,11621
14068,718,5.609375e-05,1,11598
8488,718,5.609375e-05,1,11625
3329,718,5.609375e-05,1,11620
67,718,5.609375e-05,1,11624
5092,718,5.609375e-05,1,11643
16290,718,5.609375e-05,1,11607
2792,718,5.609375e-05,1,11651
9019,718,5.609375e-05,1,11652
11380,718,5.609375e-05,1,11601
14627,718,5.609375e-05,1,11631
8150,718,5.609375e-05,1,11599
14877,718,5.609375e-05,1,11595
13175,718,5.609375e-05,1,11629
9121,718,5.609375e-05,1,11597
10210,718,5.609375e-05,1,11635
9775,718,5.609375e-05,1,11604
13970,718,5.609375e-05,1,11626
29,718,5.609375e-05,1,11594
3167,718,5.609375e-05,1,11646
8437,718,5.609375e-05,1,11632
13883,718,5.609375e-05,1,11615
2467,718,5.609375e-05,1,11647
2771,718,5.609375e-05,1,11630
3510,718,5.609375e-05,1,11637
7417,718,5.609375e-05,1,11638
7813,718,5.609375e-05,1,11611
2106,718,5.609375e-05,1,11606
4354,718,5.609375e-05,1,11639
5613,718,5.609375e-05,1,11628
7346,718,5.609375e-05,1,11655
9415,718,5.609375e-05,1,11593
16376,718,5.609375e-05,1,11656
4927,718,5.609375e-05,1,11609
7498,718,5.609375e-05,1,11613
7423,718,5.609375e-05,1,11641
14264,718,5.609375e-05,1,11657
11861,718,5.609375e-05,1,11596
2798,718,5.609375e-05,1,11645
16348,718,5.609375e-05,1,11619
13087,718,5.609375e-05,1,11592
13103,718,5.609375e-05,1,11600
5011,718,5.609375e-05,1,11618
6678,718,5.609375e-05,1,11622
13171,718,5.609375e-05,1,11640
7046,718,5.609375e-05,1,11636
7322,718,5.609375e-05,1,11644
15787,718,5.609375e-05,1,11617
31,718,5.609375e-05,1,11627
13406,718,5.609375e-05,1,11642
8716,718,5.609375e-05,1,11653
10710,718,5.609375e-05,1,11633
12052,718,5.609375e-05,1,11603
10719,718,5.609375e-05,1,11634
13603,717,5.6015625e-05,1,11677
2753,717,5.6015625e-05,1,11659
8367,717,5.6015625e-05,1,11713
69,717,5.6015625e-05,1,11693
11748,717,5.6015625e-05,1,11683
10629,717,5.6015625e-05,1,11668
15956,717,5.6015625e-05,1,11689
7022,717,5.6015625e-05,1,11698
9378,717,5.6015625e-05,1,11660
4909,717,5.6015625e-05,1,11691
15559,717,5.6015625e-05,1,11711
13199,717,5.6015625e-05,1,11710
814,717,5.6015625e-05,1,11716
10681,717,5.6015625e-05,1,11679
271,717,5.6015625e-05,1,11715
2429,717,5.6015625e-05,1,11688
3035,717,5.6015625e-05,1,11685
14309,717,5.6015625e-05,1,11676
6767,717,5.6015625e-05,1,11714
7717,717,5.6015625e-05,1,11717
7999,717,5.6015625e-05,1,11669
12127,717,5.6015625e-05,1,11665
245,717,5.6015625e-05,1,11687
11883,717,5.6015625e-05,1,11700
5397,717,5.6015625e-05,1,11695
3987,717,5.6015625e-05,1,11673
4995,717,5.6015625e-05,1,11675
2750,717,5.6015625e-05,1,11681
9320,717,5.6015625e-05,1,11666
7012,717,5.6015625e-05,1,11694
9718,717,5.6015625e-05,1,11701
6476,717,5.6015625e-05,1,11709
12365,717,5.6015625e-05,1,11692
8182,717,5.6015625e-05,1,11702
5630,717,5.6015625e-05,1,11671
14989,717,5.6015625e-05,1,11682
6738,717,5.6015625e-05,1,11663
2029,717,5.6015625e-05,1,11708
12382,717,5.6015625e-05,1,11705
1176,717,5.6015625e-05,1,11706
11434,717,5.6015625e-05,1,11712
3403,717,5.6015625e-05,1,11661
2078,717,5.6015625e-05,1,11674
6241,717,5.6015625e-05,1,11678
1136,717,5.6015625e-05,1,11697
5657,717,5.6015625e-05,1,11664
8982,717,5.6015625e-05,1,11699
6029,717,5.6015625e-05,1,11667
7152,717,5.6015625e-05,1,11672
642,717,5.6015625e-05,1,11703
11250,717,5.6015625e-05,1,11696
16191,717,5.6015625e-05,1,11686
14930,717,5.6015625e-05,1,11662
9490,717,5.6015625e-05,1,11670
14911,717,5.6015625e-05,1,11707
4570,717,5.6015625e-05,1,11684
15780,717,5.6015625e-05,1,11690
436,717,5.6015625e-05,1,11658
14755,717,5.6015625e-05,1,11704
8018,717,5.6015625e-05,1,11680
10801,716,5.59375e-05,1,11777
1456,716,5.59375e-05,1,11765
13152,716,5.59375e-05,1,11748
9533,716,5.59375e-05,1,11744
12090,716,5.59375e-05,1,11718
6737,716,5.59375e-05,1,11722
729,716,5.59375e-05,1,11775
14053,716,5.59375e-05,1,11776
5310,716,5.59375e-05,1,11755
12833,716,5.59375e-05,1,11719
13804,716,5.59375e-05,1,11764
747,716,5.59375e-05,1,11771
167,716,5.59375e-05,1,11742
5027,716,5.59375e-05,1,11729
2064,716,5.59375e-05,1,11738
6142,716,5.59375e-05,1,11731
7477,716,5.59375e-05,1,11773
13397,716,5.59375e-05,1,11735
7437,716,5.59375e-05,1,11757
1240,716,5.59375e-05,1,11766
3003,716,5.59375e-05,1,11768
7753,716,5.59375e-05,1,11745
4208,716,5.59375e-05,1,11730
6072,716,5.59375e-05,1,11733
11778,716,5.59375e-05,1,11746
3600,716,5.59375e-05,1,11747
9279,716,5.59375e-05,1,11770
5182,716,5.59375e-05,1,11752
11687,716,5.59375e-05,1,11762
1903,716,5.59375e-05,1,11743
6066,716,5.59375e-05,1,11739
1712,716,5.59375e-05,1,11741
10289,716,5.59375e-05,1,11726
14282,716,5.59375e-05,1,11723
15958,716,5.59375e-05,1,11756
4442,716,5.59375e-05,1,11759
12,716,5.59375e-05,1,11740
7213,716,5.59375e-05,1,11728
12114,716,5.59375e-05,1,11774
3088,716,5.59375e-05,1,11760
489,716,5.59375e-05,1,11725
10454,716,5.59375e-05,1,11727
12322,716,5.59375e-05,1,11754
11335,716,5.59375e-05,1,11758
5809,716,5.59375e-05,1,11778
2934,716,5.59375e-05,1,11761
6447,716,5.59375e-05,1,11763
1697,716,5.59375e-05,1,11732
13433,716,5.59375e-05,1,11720
15875,716,5.59375e-05,1,11737
15735,716,5.59375e-05,1,11772
13455,716,5.59375e-05,1,11721
791,716,5.59375e-05,1,11749
6728,716,5.59375e-05,1,11736
8752,716,5.59375e-05,1,11750
8850,716,5.59375e-05,1,11767
6932,716,5.59375e-05,1,11751
12536,716,5.59375e-05,1,11769
279,716,5.59375e-05,1,11734
10160,716,5.59375e-05,1,11724
5971,716,5.59375e-05,1,11753
948,715,5.5859375e-05,1,11810
9374,715,5.5859375e-05,1,11818
6729,715,5.5859375e-05,1,11821
2602,715,5.5859375e-05,1,11792
8584,715,5.5859375e-05,1,11830
10905,715,5.5859375e-05,1,11827
3205,715,5.5859375e-05,1,11783
6349,715,5.5859375e-05,1,11793
9365,715,5.5859375e-05,1,11811
5158,715,5.5859375e-05,1,11787
3046,715,5.5859375e-05,1,11824
7037,715,5.5859375e-05,1,11785
7129,715,5.5859375e-05,1,11802
353,715,5.5859375e-05,1,11806
2057,715,5.5859375e-05,1,11781
189,715,5.5859375e-05,1,11800
6610,715,5.5859375e-05,1,11832
15352,715,5.5859375e-05,1,11813
10512,715,5.5859375e-05,1,11780
191,715,5.5859375e-05,1,11788
7749,715,5.5859375e-05,1,11795
10282,715,5.5859375e-05,1,11807
5667,715,5.5859375e-05,1,11786
14465,715,5.5859375e-05,1,11812
15205,715,5.5859375e-05,1,11790
6591,715,5.5859375e-05,1,11814
3654,715,5.5859375e-05,1,11816
7995,715,5.5859375e-05,1,11825
1537,715,5.5859375e-05,1,11784
4558,715,5.5859375e-05,1,11797
15163,715,5.5859375e-05,1,11828
13355,715,5.5859375e-05,1,11833
5115,715,5.5859375e-05,1,11820
13318,715,5.5859375e-05,1,11789
3570,715,5.5859375e-05,1,11823
11924,715,5.5859375e-05,1,11822
13582,715,5.5859375e-05,1,11782
542,715,5.5859375e-05,1,11805
11197,715,5.5859375e-05,1,11794
10879,715,5.5859375e-05,1,11819
12033,715,5.5859375e-05,1,11791
2876,715,5.5859375e-05,1,11817
6517,715,5.5859375e-05,1,11798
4199,715,5.5859375e-05,1,11803
1058,715,5.5859375e-05,1,11826
323,715,5.5859375e-05,1,11815
9805,715,5.5859375e-05,1,11804
14953,715,5.5859375e-05,1,11801
7922,715,5.5859375e-05,1,11799
11376,715,5.5859375e-05,1,11831
840,715,5.5859375e-05,1,11796
12619,715,5.5859375e-05,1,11779
3640,715,5.5859375e-05,1,11829
7544,715,5.5859375e-05,1,11808
15985,715,5.5859375e-05,1,11809
12790,714,5.578125e-05,1,11878
10818,714,5.578125e-05,1,11885
13915,714,5.578125e-05,1,11855
13278,714,5.578125e-05,1,11854
10215,714,5.578125e-05,1,11849
10821,714,5.578125e-05,1,11887
9403,714,5.578125e-05,1,11856
8774,714,5.578125e-05,1,11836
3119,714,5.578125e-05,1,11845
7172,714,5.578125e-05,1,11861
4866,714,5.578125e-05,1,11840
8530,714,5.578125e-05,1,11888
13565,714,5.578125e-05,1,11863
14324,714,5.578125e-05,1,11876
4418,714,5.578125e-05,1,11875
9199,714,5.578125e-05,1,11864
3026,714,5.578125e-05,1,11852
16012,714,5.578125e-05,1,11847
12708,714,5.578125e-05,1,11866
16169,714,5.578125e-05,1,11846
1867,714,5.578125e-05,1,11834
16351,714,5.578125e-05,1,11839
10873,714,5.578125e-05,1,11865
10423,714,5.578125e-05,1,11882
14424,714,5.578125e-05,1,11867
9594,714,5.578125e-05,1,11871
5062,714,5.578125e-05,1,11844
10020,714,5.578125e-05,1,11838
4148,714,5.578125e-05,1,11853
6846,714,5.578125e-05,1,11860
8223,714,5.578125e-05,1,11843
11798,714,5.578125e-05,1,11869
1659,714,5.578125e-05,1,11872
2404,714,5.578125e-05,1,11842
7584,714,5.578125e-05,1,11881
5600,714,5.578125e-05,1,11879
7967,714,5.578125e-05,1,11870
9725,714,5.578125e-05,1,11857
8580,714,5.578125e-05,1,11868
1548,714,5.578125e-05,1,11886
6586,714,5.578125e-05,1,11858
15190,714,5.578125e-05,1,11848
16231,714,5.578125e-05,1,11850
8635,714,5.578125e-05,1,11883
2874,714,5.578125e-05,1,11874
16018,714,5.578125e-05,1,11851
10013,714,5.578125e-05,1,11837
5574,714,5.578125e-05,1,11862
4798,714,5.578125e-05,1,11841
15080,714,5.578125e-05,1,11873
6054,714,5.578125e-05,1,11884
2932,714,5.578125e-05,1,11859
11187,714,5.578125e-05,1,11835
11656,714,5.578125e-05,1,11877
13716,714,5.578125e-05,1,11880
12552,713,5.5703125e-05,1,11908
3819,713,5.5703125e-05,1,11923
1970,713,5.5703125e-05,1,11912
9760,713,5.5703125e-05,1,11928
13035,713,5.5703125e-05,1,11917
14751,713,5.5703125e-05,1,11918
784,713,5.5703125e-05,1,11915
12200,713,5.5703125e-05,1,11916
15725,713,5.5703125e-05,1,11936
5074,713,5.5703125e-05,1,11896
427,713,5.5703125e-05,1,11895
11114,713,5.5703125e-05,1,11909
13429,713,5.5703125e-05,1,11891
8761,713,5.5703125e-05,1,11890
291,713,5.5703125e-05,1,11905
7850,713,5.5703125e-05,1,11899
2337,713,5.5703125e-05,1,11922
4539,713,5.5703125e-05,1,11919
5986,713,5.5703125e-05,1,11927
3146,713,5.5703125e-05,1,11897
3798,713,5.5703125e-05,1,11910
4508,713,5.5703125e-05,1,11933
4006,713,5.5703125e-05,1,11906
13286,713,5.5703125e-05,1,11900
15522,713,5.5703125e-05,1,11889
2427,713,5.5703125e-05,1,11925
12395,713,5.5703125e-05,1,11901
3776,713,5.5703125e-05,1,11921
11872,713,5.5703125e-05,1,11932
9936,713,5.5703125e-05,1,11898
10958,713,5.5703125e-05,1,11926
3207,713,5.5703125e-05,1,11935
1886,713,5.5703125e-05,1,11903
7031,713,5.5703125e-05,1,11938
10216,713,5.5703125e-05,1,11929
6301,713,5.5703125e-05,1,11892
5411,713,5.5703125e-05,1,11930
5163,713,5.5703125e-05,1,11937
12693,713,5.5703125e-05,1,11893
6428,713,5.5703125e-05,1,11911
9190,713,5.5703125e-05,1,11920
2412,713,5.5703125e-05,1,11924
10396,713,5.5703125e-05,1,11931
12621,713,5.5703125e-05,1,11934
6306,713,5.5703125e-05,1,11902
11768,713,5.5703125e-05,1,11904
375,713,5.5703125e-05,1,11914
5841,713,5.5703125e-05,1,11894
7193,713,5.5703125e-05,1,11907
1742,713,5.5703125e-05,1,11913
12060,712,5.5625e-05,1,11947
5520,712,5.5625e-05,1,11968
3383,712,5.5625e-05,1,11973
13814,712,5.5625e-05,1,11953
5792,712,5.5625e-05,1,11992
12858,712,5.5625e-05,1,11948
12300,712,5.5625e-05,1,11945
6487,712,5.5625e-05,1,11954
13542,712,5.5625e-05,1,11940
113,712,5.5625e-05,1,11988
1931,712,5.5625e-05,1,11957
10144,712,5.5625e-05,1,11990
3676,712,5.5625e-05,1,11967
9854,712,5.5625e-05,1,11981
11984,712,5.5625e-05,1,11950
13170,712,5.5625e-05,1,11952
226,712,5.5625e-05,1,11966
9963,712,5.5625e-05,1,11971
14235,712,5.5625e-05,1,11951
6952,712,5.5625e-05,1,11955
8380,712,5.5625e-05,1,11958
8495,712,5.5625e-05,1,11980
5815,712,5.5625e-05,1,11961
15093,712,5.5625e-05,1,11983
11174,712,5.5625e-05,1,11994
15569,712,5.5625e-05,1,11962
1508,712,5.5625e-05,1,11946
2704,712,5.5625e-05,1,11941
4179,712,5.5625e-05,1,11986
14510,712,5.5625e-05,1,11939
15693,712,5.5625e-05,1,11959
5319,712,5.5625e-05,1,11975
11119,712,5.5625e-05,1,11984
909,712,5.5625e-05,1,11943
964,712,5.5625e-05,1,11944
14861,712,5.5625e-05,1,11949
4647,712,5.5625e-05,1,11969
9513,712,5.5625e-05,1,11987
4476,712,5.5625e-05,1,11976
7225,712,5.5625e-05,1,11965
11671,712,5.5625e-05,1,11993
11698,712,5.5625e-05,1,11995
10520,712,5.5625e-05,1,11979
10568,712,5.5625e-05,1,11970
1574,712,5.5625e-05,1,11956
11021,712,5.5625e-05,1,11964
11070,712,5.5625e-05,1,11989
15164,712,5.5625e-05,1,11974
15214,712,5.5625e-05,1,11997
9350,712,5.5625e-05,1,11977
15086,712,5.5625e-05,1,11991
11142,712,5.5625e-05,1,11996
15209,712,5.5625e-05,1,11985
1615,712,5.5625e-05,1,11942
8731,712,5.5625e-05,1,11998
10592,712,5.5625e-05,1,11960
15940,712,5.5625e-05,1,11982
803,712,5.5625e-05,1,11963
9298,712,5.5625e-05,1,11978
4951,712,5.5625e-05,1,11972
123,711,5.5546875e-05,1,12017
9740,711,5.5546875e-05,1,12028
5203,711,5.5546875e-05,1,11999
4011,711,5.5546875e-05,1,12006
8957,711,5.5546875e-05,1,12014
2592,711,5.5546875e-05,1,12019
11311,711,5.5546875e-05,1,12036
9672,711,5.5546875e-05,1,12033
12648,711,5.5546875e-05,1,12035
16244,711,5.5546875e-05,1,12034
4095,711,5.5546875e-05,1,12027
2708,711,5.5546875e-05,1,12024
1399,711,5.5546875e-05,1,12009
10294,711,5.5546875e-05,1,12008
4874,711,5.5546875e-05,1,12000
10384,711,5.5546875e-05,1,12037
2837,711,5.5546875e-05,1,12002
13265,711,5.5546875e-05,1,12016
6593,711,5.5546875e-05,1,12031
14231,711,5.5546875e-05,1,12018
13697,711,5.5546875e-05,1,12032
6607,711,5.5546875e-05,1,12030
408,711,5.5546875e-05,1,12038
10399,711,5.5546875e-05,1,12029
301,711,5.5546875e-05,1,12005
8720,711,5.5546875e-05,1,12015
8954,711,5.5546875e-05,1,12011
3615,711,5.5546875e-05,1,12004
8799,711,5.5546875e-05,1,12003
10733,711,5.5546875e-05,1,12013
15426,711,5.5546875e-05,1,12022
1415,711,5.5546875e-05,1,12010
7662,711,5.5546875e-05,1,12007
13395,711,5.5546875e-05,1,12001
16211,711,5.5546875e-05,1,12012
5592,711,5.5546875e-05,1,12021
10191,711,5.5546875e-05,1,12026
5591,711,5.5546875e-05,1,12023
9877,711,5.5546875e-05,1,12039
3287,711,5.5546875e-05,1,12025
1107,711,5.5546875e-05,1,12020
7292,710,5.546875e-05,1,12056
14503,710,5.546875e-05,1,12095
3047,710,5.546875e-05,1,12042
9158,710,5.546875e-05,1,12097
10604,710,5.546875e-05,1,12040
15594,710,5.546875e-05,1,12066
2703,710,5.546875e-05,1,12085
9470,710,5.546875e-05,1,12051
4637,710,5.546875e-05,1,12050
13827,710,5.546875e-05,1,12088
1168,710,5.546875e-05,1,12058
8242,710,5.546875e-05,1,12062
2661,710,5.546875e-05,1,12070
1051,710,5.546875e-05,1,12041
5124,710,5.546875e-05,1,12084
14464,710,5.546875e-05,1,12059
689,710,5.546875e-05,1,12094
7235,710,5.546875e-05,1,12089
12880,710,5.546875e-05,1,12069
2662,710,5.546875e-05,1,12054
9537,710,5.546875e-05,1,12068
9443,710,5.546875e-05,1,12077
15294,710,5.546875e-05,1,12078
7453,710,5.546875e-05,1,12067
6063,710,5.546875e-05,1,12073
2020,710,5.546875e-05,1,12064
7106,710,5.546875e-05,1,12044
13601,710,5.546875e-05,1,12061
13356,710,5.546875e-05,1,12101
7930,710,5.546875e-05,1,12045
2565,710,5.546875e-05,1,12046
10142,710,5.546875e-05,1,12072
6763,710,5.546875e-05,1,12074
4387,710,5.546875e-05,1,12096
4973,710,5.546875e-05,1,12087
15980,710,5.546875e-05,1,12083
6820,710,5.546875e-05,1,12092
2452,710,5.546875e-05,1,12099
1788,710,5.546875e-05,1,12086
15390,710,5.546875e-05,1,12048
9994,710,5.546875e-05,1,12102
3153,710,5.546875e-05,1,12090
16142,710,5.546875e-05,1,12071
6915,710,5.546875e-05,1,12098
936,710,5.546875e-05,1,12080
5362,710,5.546875e-05,1,12063
1302,710,5.546875e-05,1,12049
11665,710,5.546875e-05,1,12065
2005,710,5.546875e-05,1,12075
12056,710,5.546875e-05,1,12093
7025,710,5.546875e-05,1,12047
7295,710,5.546875e-05,1,12055
6881,710,5.546875e-05,1,12060
6882,710,5.546875e-05,1,12057
5826,710,5.546875e-05,1,12082
1708,710,5.546875e-05,1,12053
6064,710,5.546875e-05,1,12079
6703,710,5.546875e-05,1,12076
157,710,5.546875e-05,1,12052
12031,710,5.546875e-05,1,12091
11006,710,5.546875e-05,1,12100
3932,710,5.546875e-05,1,12043
15842,710,5.546875e-05,1,12081
12179,709,5.5390625e-05,1,12130
3693,709,5.5390625e-05,1,12151
2845,709,5.5390625e-05,1,12146
11693,709,5.5390625e-05,1,12113
4084,709,5.5390625e-05,1,12136
10389,709,5.5390625e-05,1,12159
7076,709,5.5390625e-05,1,12131
14721,709,5.5390625e-05,1,12144
14644,709,5.5390625e-05,1,12141
145,709,5.5390625e-05,1,12138
14969,709,5.5390625e-05,1,12132
14774,709,5.5390625e-05,1,12157
1164,709,5.5390625e-05,1,12145
9518,709,5.5390625e-05,1,12142
12446,709,5.5390625e-05,1,12111
4357,709,5.5390625e-05,1,12127
8126,709,5.5390625e-05,1,12125
11612,709,5.5390625e-05,1,12123
385,709,5.5390625e-05,1,12116
9977,709,5.5390625e-05,1,12140
5305,709,5.5390625e-05,1,12110
7832,709,5.5390625e-05,1,12112
4017,709,5.5390625e-05,1,12121
16022,709,5.5390625e-05,1,12104
6058,709,5.5390625e-05,1,12149
6059,709,5.5390625e-05,1,12153
13272,709,5.5390625e-05,1,12137
9080,709,5.5390625e-05,1,12120
8828,709,5.5390625e-05,1,12103
16289,709,5.5390625e-05,1,12108
3774,709,5.5390625e-05,1,12158
14381,709,5.5390625e-05,1,12148
7650,709,5.5390625e-05,1,12155
10174,709,5.5390625e-05,1,12107
6389,709,5.5390625e-05,1,12154
11037,709,5.5390625e-05,1,12117
10176,709,5.5390625e-05,1,12119
3263,709,5.5390625e-05,1,12139
1875,709,5.5390625e-05,1,12135
10124,709,5.5390625e-05,1,12109
11857,709,5.5390625e-05,1,12143
4952,709,5.5390625e-05,1,12147
2334,709,5.5390625e-05,1,12134
1757,709,5.5390625e-05,1,12114
6408,709,5.5390625e-05,1,12156
12707,709,5.5390625e-05,1,12128
14225,709,5.5390625e-05,1,12152
10139,709,5.5390625e-05,1,12126
4825,709,5.5390625e-05,1,12118
7496,709,5.5390625e-05,1,12129
4600,709,5.5390625e-05,1,12133
8740,709,5.5390625e-05,1,12150
12538,709,5.5390625e-05,1,12106
7058,709,5.5390625e-05,1,12115
10877,709,5.5390625e-05,1,12122
5772,709,5.5390625e-05,1,12124
1770,709,5.5390625e-05,1,12105
4293,708,5.53125e-05,1,12195
10514,708,5.53125e-05,1,12180
11881,708,5.53125e-05,1,12178
10413,708,5.53125e-05,1,12201
1515,708,5.53125e-05,1,12186
732,708,5.53125e-05,1,12199
9806,708,5.53125e-05,1,12175
10954,708,5.53125e-05,1,12176
329,708,5.53125e-05,1,12202
5236,708,5.53125e-05,1,12163
12187,708,5.53125e-05,1,12162
8441,708,5.53125e-05,1,12160
15528,708,5.53125e-05,1,12204
3237,708,5.53125e-05,1,12166
11637,708,5.53125e-05,1,12161
11003,708,5.53125e-05,1,12173
9983,708,5.53125e-05,1,12193
8290,708,5.53125e-05,1,12177
13919,708,5.53125e-05,1,12203
11703,708,5.53125e-05,1,12196
8474,708,5.53125e-05,1,12171
9163,708,5.53125e-05,1,12197
16214,708,5.53125e-05,1,12198
15117,708,5.53125e-05,1,12187
14652,708,5.53125e-05,1,12189
4495,708,5.53125e-05,1,12185
14141,708,5.53125e-05,1,12192
1073,708,5.53125e-05,1,12179
4014,708,5.53125e-05,1,12184
3331,708,5.53125e-05,1,12165
6305,708,5.53125e-05,1,12191
13003,708,5.53125e-05,1,12190
10784,708,5.53125e-05,1,12183
3052,708,5.53125e-05,1,12164
9587,708,5.53125e-05,1,12205
9331,708,5.53125e-05,1,12181
13482,708,5.53125e-05,1,12172
10279,708,5.53125e-05,1,12200
16101,708,5.53125e-05,1,12169
9603,708,5.53125e-05,1,12194
7146,708,5.53125e-05,1,12168
351,708,5.53125e-05,1,12170
11842,708,5.53125e-05,1,12167
6644,708,5.53125e-05,1,12188
2201,708,5.53125e-05,1,12174
5813,708,5.53125e-05,1,12182
10794,707,5.5234375e-05,1,12216
12732,707,5.5234375e-05,1,12259
13271,707,5.5234375e-05,1,12231
13537,707,5.5234375e-05,1,12237
6620,707,5.5234375e-05,1,12242
7335,707,5.5234375e-05,1,12212
7802,707,5.5234375e-05,1,12264
2234,707,5.5234375e-05,1,12206
9945,707,5.5234375e-05,1,12228
13185,707,5.5234375e-05,1,12254
716,707,5.5234375e-05,1,12227
6210,707,5.5234375e-05,1,12234
13818,707,5.5234375e-05,1,12214
10637,707,5.5234375e-05,1,12255
13832,707,5.5234375e-05,1,12224
11080,707,5.5234375e-05,1,12250
4459,707,5.5234375e-05,1,12210
15176,707,5.5234375e-05,1,12252
5028,707,5.5234375e-05,1,12262
9697,707,5.5234375e-05,1,12245
3292,707,5.5234375e-05,1,12257
14901,707,5.5234375e-05,1,12260
8509,707,5.5234375e-05,1,12253
12699,707,5.5234375e-05,1,12219
12461,707,5.5234375e-05,1,12240
15243,707,5.5234375e-05,1,12241
8516,707,5.5234375e-05,1,12209
1306,707,5.5234375e-05,1,12238
9451,707,5.5234375e-05,1,12246
13296,707,5.5234375e-05,1,12218
11433,707,5.5234375e-05,1,12225
10938,707,5.5234375e-05,1,12217
11445,707,5.5234375e-05,1,12230
3540,707,5.5234375e-05,1,12232
4800,707,5.5234375e-05,1,12258
11572,707,5.5234375e-05,1,12213
3863,707,5.5234375e-05,1,12251
11769,707,5.5234375e-05,1,12256
7087,707,5.5234375e-05,1,12207
9005,707,5.5234375e-05,1,12215
2041,707,5.5234375e-05,1,12263
10104,707,5.5234375e-05,1,12223
10295,707,5.5234375e-05,1,12233
15925,707,5.5234375e-05,1,12249
2831,707,5.5234375e-05,1,12226
9081,707,5.5234375e-05,1,12211
1675,707,5.5234375e-05,1,12265
6350,707,5.5234375e-05,1,12247
8394,707,5.5234375e-05,1,12248
2571,707,5.5234375e-05,1,12261
3935,707,5.5234375e-05,1,12220
5427,707,5.5234375e-05,1,12221
8401,707,5.5234375e-05,1,12239
5943,707,5.5234375e-05,1,12208
15812,707,5.5234375e-05,1,12244
11975,707,5.5234375e-05,1,12235
8298,707,5.5234375e-05,1,12229
3830,707,5.5234375e-05,1,12243
11740,707,5.5234375e-05,1,12236
9014,707,5.5234375e-05,1,12222
2889,706,5.515625e-05,1,12323
7201,706,5.515625e-05,1,12272
8395,706,5.515625e-05,1,12268
200,706,5.515625e-05,1,12307
6673,706,5.515625e-05,1,12299
14496,706,5.515625e-05,1,12322
14825,706,5.515625e-05,1,12312
3124,706,5.515625e-05,1,12300
5099,706,5.515625e-05,1,12295
16227,706,5.515625e-05,1,12271
14446,706,5.515625e-05,1,12308
7687,706,5.515625e-05,1,12297
3529,706,5.515625e-05,1,12305
7714,706,5.515625e-05,1,12274
2317,706,5.515625e-05,1,12287
12338,706,5.515625e-05,1,12278
282,706,5.515625e-05,1,12283
9407,706,5.515625e-05,1,12284
9678,706,5.515625e-05,1,12301
252,706,5.515625e-05,1,12321
14334,706,5.515625e-05,1,12288
10442,706,5.515625e-05,1,12279
10595,706,5.515625e-05,1,12310
2950,706,5.515625e-05,1,12316
15230,706,5.515625e-05,1,12275
9942,706,5.515625e-05,1,12270
3446,706,5.515625e-05,1,12267
8302,706,5.515625e-05,1,12311
12124,706,5.515625e-05,1,12306
5126,706,5.515625e-05,1,12291
7535,706,5.515625e-05,1,12293
77,706,5.515625e-05,1,12281
8457,706,5.515625e-05,1,12292
11280,706,5.515625e-05,1,12290
6520,706,5.515625e-05,1,12317
5130,706,5.515625e-05,1,12324
384,706,5.515625e-05,1,12289
12417,706,5.515625e-05,1,12285
7294,706,5.515625e-05,1,12304
10219,706,5.515625e-05,1,12314
3402,706,5.515625e-05,1,12269
346,706,5.515625e-05,1,12313
7965,706,5.515625e-05,1,12277
1274,706,5.515625e-05,1,12325
3125,706,5.515625e-05,1,12296
9271,706,5.515625e-05,1,12294
9177,706,5.515625e-05,1,12273
13127,706,5.515625e-05,1,12276
10950,706,5.515625e-05,1,12303
7682,706,5.515625e-05,1,12282
16131,706,5.515625e-05,1,12280
10741,706,5.515625e-05,1,12318
12249,706,5.515625e-05,1,12320
15357,706,5.515625e-05,1,12319
9675,706,5.515625e-05,1,12302
14328,706,5.515625e-05,1,12286
15354,706,5.515625e-05,1,12266
3639,706,5.515625e-05,1,12298
9999,706,5.515625e-05,1,12309
10179,706,5.515625e-05,1,12315
16105,705,5.5078125e-05,1,12337
5855,705,5.5078125e-05,1,12360
6714,705,5.5078125e-05,1,12386
11484,705,5.5078125e-05,1,12385
6164,705,5.5078125e-05,1,12353
6828,705,5.5078125e-05,1,12327
223,705,5.5078125e-05,1,12358
12842,705,5.5078125e-05,1,12371
11334,705,5.5078125e-05,1,12356
6135,705,5.5078125e-05,1,12375
7033,705,5.5078125e-05,1,12347
10863,705,5.5078125e-05,1,12389
16208,705,5.5078125e-05,1,12387
1426,705,5.5078125e-05,1,12346
6096,705,5.5078125e-05,1,12336
12390,705,5.5078125e-05,1,12334
6156,705,5.5078125e-05,1,12369
9811,705,5.5078125e-05,1,12345
8958,705,5.5078125e-05,1,12340
1290,705,5.5078125e-05,1,12350
15774,705,5.5078125e-05,1,12332
10730,705,5.5078125e-05,1,12359
8459,705,5.5078125e-05,1,12326
12475,705,5.5078125e-05,1,12357
6050,705,5.5078125e-05,1,12344
10852,705,5.5078125e-05,1,12384
15102,705,5.5078125e-05,1,12338
10178,705,5.5078125e-05,1,12368
8805,705,5.5078125e-05,1,12376
15470,705,5.5078125e-05,1,12383
16235,705,5.5078125e-05,1,12348
16038,705,5.5078125e-05,1,12377
14689,705,5.5078125e-05,1,12328
2248,705,5.5078125e-05,1,12390
9919,705,5.5078125e-05,1,12379
12560,705,5.5078125e-05,1,12367
14102,705,5.5078125e-05,1,12365
10385,705,5.5078125e-05,1,12331
74,705,5.5078125e-05,1,12341
10067,705,5.5078125e-05,1,12382
7326,705,5.5078125e-05,1,12352
1303,705,5.5078125e-05,1,12343
7474,705,5.5078125e-05,1,12362
9838,705,5.5078125e-05,1,12351
14580,705,5.5078125e-05,1,12372
11301,705,5.5078125e-05,1,12339
14822,705,5.5078125e-05,1,12364
8796,705,5.5078125e-05,1,12363
12304,705,5.5078125e-05,1,12342
14621,705,5.5078125e-05,1,12361
15376,705,5.5078125e-05,1,12354
7638,705,5.5078125e-05,1,12380
4360,705,5.5078125e-05,1,12330
16000,705,5.5078125e-05,1,12374
14729,705,5.5078125e-05,1,12355
4762,705,5.5078125e-05,1,12366
2112,705,5.5078125e-05,1,12335
8319,705,5.5078125e-05,1,12391
723,705,5.5078125e-05,1,12381
7961,705,5.5078125e-05,1,12373
2142,705,5.5078125e-05,1,12378
7624,705,5.5078125e-05,1,12388
9450,705,5.5078125e-05,1,12329
13631,705,5.5078125e-05,1,12370
9432,705,5.5078125e-05,1,12349
4751,705,5.5078125e-05,1,12333
12334,704,5.5e-05,1,12434
9130,704,5.5e-05,1,12455
13806,704,5.5e-05,1,12435
345,704,5.5e-05,1,12433
14976,704,5.5e-05,1,12453
6851,704,5.5e-05,1,12452
15398,704,5.5e-05,1,12397
3012,704,5.5e-05,1,12402
12442,704,5.5e-05,1,12422
13696,704,5.5e-05,1,12410
15903,704,5.5e-05,1,12440
3990,704,5.5e-05,1,12424
65,704,5.5e-05,1,12429
6691,704,5.5e-05,1,12419
1133,704,5.5e-05,1,12398
5063,704,5.5e-05,1,12403
3032,704,5.5e-05,1,12432
15365,704,5.5e-05,1,12438
15877,704,5.5e-05,1,12415
1064,704,5.5e-05,1,12418
11757,704,5.5e-05,1,12414
94,704,5.5e-05,1,12401
1613,704,5.5e-05,1,12395
14489,704,5.5e-05,1,12427
14490,704,5.5e-05,1,12437
10601,704,5.5e-05,1,12439
486,704,5.5e-05,1,12444
15275,704,5.5e-05,1,12450
6864,704,5.5e-05,1,12454
8027,704,5.5e-05,1,12416
4021,704,5.5e-05,1,12426
5609,704,5.5e-05,1,12428
339,704,5.5e-05,1,12408
6055,704,5.5e-05,1,12394
15014,704,5.5e-05,1,12423
8497,704,5.5e-05,1,12447
5664,704,5.5e-05,1,12421
13319,704,5.5e-05,1,12430
6294,704,5.5e-05,1,12445
2763,704,5.5e-05,1,12407
11007,704,5.5e-05,1,12392
15658,704,5.5e-05,1,12451
1318,704,5.5e-05,1,12411
4116,704,5.5e-05,1,12396
15240,704,5.5e-05,1,12412
3961,704,5.5e-05,1,12436
4993,704,5.5e-05,1,12443
1313,704,5.5e-05,1,12409
8748,704,5.5e-05,1,12393
15917,704,5.5e-05,1,12417
738,704,5.5e-05,1,12441
5266,704,5.5e-05,1,12449
9964,704,5.5e-05,1,12446
11299,704,5.5e-05,1,12399
8832,704,5.5e-05,1,12413
2498,704,5.5e-05,1,12425
11641,704,5.5e-05,1,12405
2444,704,5.5e-05,1,12400
8715,704,5.5e-05,1,12406
3632,704,5.5e-05,1,12448
13677,704,5.5e-05,1,12404
8976,704,5.5e-05,1,12442
13316,704,5.5e-05,1,12431
13649,704,5.5e-05,1,12420
11957,703,5.4921875e-05,1,12476
10307,703,5.4921875e-05,1,12464
3344,703,5.4921875e-05,1,12488
969,703,5.4921875e-05,1,12469
10265,703,5.4921875e-05,1,12499
3275,703,5.4921875e-05,1,12477
6936,703,5.4921875e-05,1,12497
9194,703,5.4921875e-05,1,12466
10608,703,5.4921875e-05,1,12487
8512,703,5.4921875e-05,1,12490
13083,703,5.4921875e-05,1,12489
12912,703,5.4921875e-05,1,12474
2392,703,5.4921875e-05,1,12467
8229,703,5.4921875e-05,1,12465
694,703,5.4921875e-05,1,12500
5371,703,5.4921875e-05,1,12470
11597,703,5.4921875e-05,1,12485
4891,703,5.4921875e-05,1,12493
3366,703,5.4921875e-05,1,12491
8618,703,5.4921875e-05,1,12457
3928,703,5.4921875e-05,1,12479
14498,703,5.4921875e-05,1,12498
16143,703,5.4921875e-05,1,12492
3010,703,5.4921875e-05,1,12501
10642,703,5.4921875e-05,1,12459
8686,703,5.4921875e-05,1,12496
8359,703,5.4921875e-05,1,12502
9216,703,5.4921875e-05,1,12478
5444,703,5.4921875e-05,1,12473
6062,703,5.4921875e-05,1,12461
11591,703,5.4921875e-05,1,12482
3251,703,5.4921875e-05,1,12456
12071,703,5.4921875e-05,1,12475
13898,703,5.4921875e-05,1,12458
9802,703,5.4921875e-05,1,12480
10955,703,5.4921875e-05,1,12484
15772,703,5.4921875e-05,1,12481
9213,703,5.4921875e-05,1,12468
10506,703,5.4921875e-05,1,12495
4962,703,5.4921875e-05,1,12486
8466,703,5.4921875e-05,1,12483
14931,703,5.4921875e-05,1,12471
9508,703,5.4921875e-05,1,12462
14927,703,5.4921875e-05,1,12460
11940,703,5.4921875e-05,1,12463
12464,703,5.4921875e-05,1,12494
6369,703,5.4921875e-05,1,12472
13150,702,5.484375e-05,1,12530
13579,702,5.484375e-05,1,12510
6844,702,5.484375e-05,1,12525
6423,702,5.484375e-05,1,12549
2370,702,5.484375e-05,1,12521
2419,702,5.484375e-05,1,12547
11944,702,5.484375e-05,1,12548
6609,702,5.484375e-05,1,12546
11851,702,5.484375e-05,1,12544
1859,702,5.484375e-05,1,12526
1679,702,5.484375e-05,1,12504
12652,702,5.484375e-05,1,12529
13617,702,5.484375e-05,1,12550
9030,702,5.484375e-05,1,12537
1042,702,5.484375e-05,1,12527
15471,702,5.484375e-05,1,12528
10765,702,5.484375e-05,1,12523
13293,702,5.484375e-05,1,12516
1940,702,5.484375e-05,1,12524
15083,702,5.484375e-05,1,12532
6030,702,5.484375e-05,1,12506
11726,702,5.484375e-05,1,12533
2945,702,5.484375e-05,1,12555
9924,702,5.484375e-05,1,12517
9266,702,5.484375e-05,1,12543
413,702,5.484375e-05,1,12545
7465,702,5.484375e-05,1,12503
4890,702,5.484375e-05,1,12534
12934,702,5.484375e-05,1,12515
12767,702,5.484375e-05,1,12519
12345,702,5.484375e-05,1,12542
573,702,5.484375e-05,1,12505
1520,702,5.484375e-05,1,12541
8304,702,5.484375e-05,1,12538
16123,702,5.484375e-05,1,12513
555,702,5.484375e-05,1,12522
15420,702,5.484375e-05,1,12512
10431,702,5.484375e-05,1,12531
12214,702,5.484375e-05,1,12539
7120,702,5.484375e-05,1,12554
13227,702,5.484375e-05,1,12520
13947,702,5.484375e-05,1,12540
8759,702,5.484375e-05,1,12552
13474,702,5.484375e-05,1,12507
12785,702,5.484375e-05,1,12518
10377,702,5.484375e-05,1,12511
9010,702,5.484375e-05,1,12536
12176,702,5.484375e-05,1,12553
2937,702,5.484375e-05,1,12551
11207,702,5.484375e-05,1,12535
10606,702,5.484375e-05,1,12514
12922,702,5.484375e-05,1,12509
13491,702,5.484375e-05,1,12508
4090,701,5.4765625e-05,1,12557
8911,701,5.4765625e-05,1,12602
6920,701,5.4765625e-05,1,12571
893,701,5.4765625e-05,1,12586
11409,701,5.4765625e-05,1,12576
8051,701,5.4765625e-05,1,12593
9274,701,5.4765625e-05,1,12563
14161,701,5.4765625e-05,1,12591
13674,701,5.4765625e-05,1,12598
3635,701,5.4765625e-05,1,12575
13232,701,5.4765625e-05,1,12589
8990,701,5.4765625e-05,1,12596
15595,701,5.4765625e-05,1,12564
5641,701,5.4765625e-05,1,12577
14838,701,5.4765625e-05,1,12567
7015,701,5.4765625e-05,1,12595
8746,701,5.4765625e-05,1,12587
4380,701,5.4765625e-05,1,12582
11011,701,5.4765625e-05,1,12580
15590,701,5.4765625e-05,1,12565
3966,701,5.4765625e-05,1,12560
8478,701,5.4765625e-05,1,12569
2489,701,5.4765625e-05,1,12579
10522,701,5.4765625e-05,1,12603
11913,701,5.4765625e-05,1,12559
15933,701,5.4765625e-05,1,12585
3286,701,5.4765625e-05,1,12599
10777,701,5.4765625e-05,1,12601
13754,701,5.4765625e-05,1,12566
16186,701,5.4765625e-05,1,12604
6699,701,5.4765625e-05,1,12588
2721,701,5.4765625e-05,1,12556
11805,701,5.4765625e-05,1,12568
7864,701,5.4765625e-05,1,12573
4633,701,5.4765625e-05,1,12558
11498,701,5.4765625e-05,1,12562
11247,701,5.4765625e-05,1,12570
1911,701,5.4765625e-05,1,12583
14294,701,5.4765625e-05,1,12590
4639,701,5.4765625e-05,1,12594
8043,701,5.4765625e-05,1,12597
14406,701,5.4765625e-05,1,12581
2503,701,5.4765625e-05,1,12572
1908,701,5.4765625e-05,1,12578
4872,701,5.4765625e-05,1,12600
10026,701,5.4765625e-05,1,12561
13033,701,5.4765625e-05,1,12592
13637,701,5.4765625e-05,1,12584
14273,701,5.4765625e-05,1,12574
472,700,5.46875e-05,1,12650
541,700,5.46875e-05,1,12624
11473,700,5.46875e-05,1,12632
9257,700,5.46875e-05,1,12627
7603,700,5.46875e-05,1,12618
14038,700,5.46875e-05,1,12614
14131,700,5.46875e-05,1,12609
10479,700,5.46875e-05,1,12658
16124,700,5.46875e-05,1,12606
907,700,5.46875e-05,1,12645
6600,700,5.46875e-05,1,12612
310,700,5.46875e-05,1,12621
10756,700,5.46875e-05,1,12619
6049,700,5.46875e-05,1,12616
10785,700,5.46875e-05,1,12628
3267,700,5.46875e-05,1,12653
12198,700,5.46875e-05,1,12623
1517,700,5.46875e-05,1,12637
6896,700,5.46875e-05,1,12620
9242,700,5.46875e-05,1,12615
15248,700,5.46875e-05,1,12644
13303,700,5.46875e-05,1,12629
16054,700,5.46875e-05,1,12610
14506,700,5.46875e-05,1,12640
3105,700,5.46875e-05,1,12636
5793,700,5.46875e-05,1,12611
11272,700,5.46875e-05,1,12652
2553,700,5.46875e-05,1,12622
2756,700,5.46875e-05,1,12647
7379,700,5.46875e-05,1,12607
6380,700,5.46875e-05,1,12648
16031,700,5.46875e-05,1,12630
16222,700,5.46875e-05,1,12625
13780,700,5.46875e-05,1,12605
12715,700,5.46875e-05,1,12635
13469,700,5.46875e-05,1,12659
12562,700,5.46875e-05,1,12655
4630,700,5.46875e-05,1,12631
12558,700,5.46875e-05,1,12654
7264,700,5.46875e-05,1,12626
4519,700,5.46875e-05,1,12639
16276,700,5.46875e-05,1,12608
9416,700,5.46875e-05,1,12651
5699,700,5.46875e-05,1,12660
10908,700,5.46875e-05,1,12638
10862,700,5.46875e-05,1,12633
10110,700,5.46875e-05,1,12617
996,700,5.46875e-05,1,12643
3586,700,5.46875e-05,1,12613
5430,700,5.46875e-05,1,12634
1994,700,5.46875e-05,1,12649
10223,700,5.46875e-05,1,12642
2042,700,5.46875e-05,1,12646
11030,700,5.46875e-05,1,12656
8583,700,5.46875e-05,1,12641
13058,700,5.46875e-05,1,12657
914,699,5.4609375e-05,1,12669
7795,699,5.4609375e-05,1,12710
11487,699,5.4609375e-05,1,12678
14663,699,5.4609375e-05,1,12681
12269,699,5.4609375e-05,1,12672
4211,699,5.4609375e-05,1,12670
9070,699,5.4609375e-05,1,12674
15764,699,5.4609375e-05,1,12697
13126,699,5.4609375e-05,1,12684
1498,699,5.4609375e-05,1,12683
792,699,5.4609375e-05,1,12673
15936,699,5.4609375e-05,1,12698
4303,699,5.4609375e-05,1,12703
13162,699,5.4609375e-05,1,12668
586,699,5.4609375e-05,1,12666
14758,699,5.4609375e-05,1,12665
5031,699,5.4609375e-05,1,12679
5570,699,5.4609375e-05,1,12667
1701,699,5.4609375e-05,1,12686
15646,699,5.4609375e-05,1,12699
3977,699,5.4609375e-05,1,12676
4451,699,5.4609375e-05,1,12700
12485,699,5.4609375e-05,1,12661
5400,699,5.4609375e-05,1,12701
14533,699,5.4609375e-05,1,12704
3451,699,5.4609375e-05,1,12671
153,699,5.4609375e-05,1,12662
11072,699,5.4609375e-05,1,12680
7743,699,5.4609375e-05,1,12695
3060,699,5.4609375e-05,1,12687
13708,699,5.4609375e-05,1,12685
14276,699,5.4609375e-05,1,12705
6185,699,5.4609375e-05,1,12696
3731,699,5.4609375e-05,1,12702
13715,699,5.4609375e-05,1,12663
4945,699,5.4609375e-05,1,12688
15540,699,5.4609375e-05,1,12711
11134,699,5.4609375e-05,1,12712
5795,699,5.4609375e-05,1,12692
14245,699,5.4609375e-05,1,12675
13425,699,5.4609375e-05,1,12693
15050,699,5.4609375e-05,1,12691
16152,699,5.4609375e-05,1,12694
14782,699,5.4609375e-05,1,12664
1350,699,5.4609375e-05,1,12708
3181,699,5.4609375e-05,1,12690
1736,699,5.4609375e-05,1,12689
5326,699,5.4609375e-05,1,12706
56,699,5.4609375e-05,1,12677
13534,699,5.4609375e-05,1,12682
6015,699,5.4609375e-05,1,12707
13254,699,5.4609375e-05,1,12709
15438,698,5.453125e-05,1,12727
13572,698,5.453125e-05,1,12739
12768,698,5.453125e-05,1,12744
10789,698,5.453125e-05,1,12745
10168,698,5.453125e-05,1,12723
15394,698,5.453125e-05,1,12721
7343,698,5.453125e-05,1,12742
12744,698,5.453125e-05,1,12769
9738,698,5.453125e-05,1,12777
6383,698,5.453125e-05,1,12725
8153,698,5.453125e-05,1,12724
2878,698,5.453125e-05,1,12734
12956,698,5.453125e-05,1,12762
11260,698,5.453125e-05,1,12754
6768,698,5.453125e-05,1,12718
2198,698,5.453125e-05,1,12731
1250,698,5.453125e-05,1,12763
13095,698,5.453125e-05,1,12776
12388,698,5.453125e-05,1,12781
12862,698,5.453125e-05,1,12717
9522,698,5.453125e-05,1,12730
7767,698,5.453125e-05,1,12732
2643,698,5.453125e-05,1,12737
16162,698,5.453125e-05,1,12780
14826,698,5.453125e-05,1,12772
16157,698,5.453125e-05,1,12765
11453,698,5.453125e-05,1,12766
13774,698,5.453125e-05,1,12773
12321,698,5.453125e-05,1,12752
2973,698,5.453125e-05,1,12716
13934,698,5.453125e-05,1,12774
1499,698,5.453125e-05,1,12783
11513,698,5.453125e-05,1,12720
5593,698,5.453125e-05,1,12726
2096,698,5.453125e-05,1,12759
5280,698,5.453125e-05,1,12760
4272,698,5.453125e-05,1,12713
4259,698,5.453125e-05,1,12743
10368,698,5.453125e-05,1,12771
10012,698,5.453125e-05,1,12722
8148,698,5.453125e-05,1,12770
8890,698,5.453125e-05,1,12715
2250,698,5.453125e-05,1,12748
12030,698,5.453125e-05,1,12761
15543,698,5.453125e-05,1,12750
14299,698,5.453125e-05,1,12784
13415,698,5.453125e-05,1,12751
10138,698,5.453125e-05,1,12738
7939,698,5.453125e-05,1,12778
9607,698,5.453125e-05,1,12719
5474,698,5.453125e-05,1,12741
9790,698,5.453125e-05,1,12768
6829,698,5.453125e-05,1,12714
12663,698,5.453125e-05,1,12758
13627,698,5.453125e-05,1,12740
9800,698,5.453125e-05,1,12749
11004,698,5.453125e-05,1,12779
8347,698,5.453125e-05,1,12767
683,698,5.453125e-05,1,12753
11057,698,5.453125e-05,1,12747
13722,698,5.453125e-05,1,12775
12503,698,5.453125e-05,1,12728
6708,698,5.453125e-05,1,12756
3365,698,5.453125e-05,1,12764
6328,698,5.453125e-05,1,12729
8006,698,5.453125e-05,1,12735
13730,698,5.453125e-05,1,12755
85,698,5.453125e-05,1,12757
14426,698,5.453125e-05,1,12782
266,698,5.453125e-05,1,12746
12567,698,5.453125e-05,1,12733
6061,698,5.453125e-05,1,12736
8560,697,5.4453125e-05,1,12830
2664,697,5.4453125e-05,1,12826
13368,697,5.4453125e-05,1,12807
13078,697,5.4453125e-05,1,12793
6681,697,5.4453125e-05,1,12815
14778,697,5.4453125e-05,1,12812
5003,697,5.4453125e-05,1,12806
10453,697,5.4453125e-05,1,12814
10441,697,5.4453125e-05,1,12802
14259,697,5.4453125e-05,1,12817
11952,697,5.4453125e-05,1,12797
2228,697,5.4453125e-05,1,12822
11379,697,5.4453125e-05,1,12785
13842,697,5.4453125e-05,1,12805
4393,697,5.4453125e-05,1,12789
10373,697,5.4453125e-05,1,12835
4378,697,5.4453125e-05,1,12834
6238,697,5.4453125e-05,1,12796
466,697,5.4453125e-05,1,12829
2158,697,5.4453125e-05,1,12792
14463,697,5.4453125e-05,1,12794
9576,697,5.4453125e-05,1,12787
5854,697,5.4453125e-05,1,12800
12222,697,5.4453125e-05,1,12786
12302,697,5.4453125e-05,1,12819
4046,697,5.4453125e-05,1,12799
10303,697,5.4453125e-05,1,12832
9162,697,5.4453125e-05,1,12813
11561,697,5.4453125e-05,1,12828
4097,697,5.4453125e-05,1,12791
9189,697,5.4453125e-05,1,12823
13749,697,5.4453125e-05,1,12825
1141,697,5.4453125e-05,1,12809
1540,697,5.4453125e-05,1,12833
1858,697,5.4453125e-05,1,12820
10916,697,5.4453125e-05,1,12836
10584,697,5.4453125e-05,1,12821
14077,697,5.4453125e-05,1,12798
15305,697,5.4453125e-05,1,12788
9310,697,5.4453125e-05,1,12803
274,697,5.4453125e-05,1,12824
778,697,5.4453125e-05,1,12831
13549,697,5.4453125e-05,1,12811
8836,697,5.4453125e-05,1,12804
10815,697,5.4453125e-05,1,12818
10781,697,5.4453125e-05,1,12810
12139,697,5.4453125e-05,1,12801
4636,697,5.4453125e-05,1,12816
3721,697,5.4453125e-05,1,12790
6981,697,5.4453125e-05,1,12808
7808,697,5.4453125e-05,1,12795
16314,697,5.4453125e-05,1,12827
14128,696,5.4375e-05,1,12855
6668,696,5.4375e-05,1,12856
15927,696,5.4375e-05,1,12883
9039,696,5.4375e-05,1,12853
3788,696,5.4375e-05,1,12839
12028,696,5.4375e-05,1,12851
6661,696,5.4375e-05,1,12892
5367,696,5.4375e-05,1,12877
14300,696,5.4375e-05,1,12852
14297,696,5.4375e-05,1,12838
4112,696,5.4375e-05,1,12880
6335,696,5.4375e-05,1,12844
1335,696,5.4375e-05,1,12849
4153,696,5.4375e-05,1,12862
9317,696,5.4375e-05,1,12885
15489,696,5.4375e-05,1,12870
6089,696,5.4375e-05,1,12837
10771,696,5.4375e-05,1,12866
13060,696,5.4375e-05,1,12845
15312,696,5.4375e-05,1,12873
6138,696,5.4375e-05,1,12893
11019,696,5.4375e-05,1,12890
11023,696,5.4375e-05,1,12858
7989,696,5.4375e-05,1,12875
15156,696,5.4375e-05,1,12857
11177,696,5.4375e-05,1,12876
11570,696,5.4375e-05,1,12860
11257,696,5.4375e-05,1,12861
7805,696,5.4375e-05,1,12882
9272,696,5.4375e-05,1,12874
12779,696,5.4375e-05,1,12868
7788,696,5.4375e-05,1,12846
9017,696,5.4375e-05,1,12869
6265,696,5.4375e-05,1,12889
4271,696,5.4375e-05,1,12887
14690,696,5.4375e-05,1,12886
5955,696,5.4375e-05,1,12854
13440,696,5.4375e-05,1,12881
8773,696,5.4375e-05,1,12848
9733,696,5.4375e-05,1,12863
3621,696,5.4375e-05,1,12847
6654,696,5.4375e-05,1,12891
13779,696,5.4375e-05,1,12879
6874,696,5.4375e-05,1,12841
3209,696,5.4375e-05,1,12859
12856,696,5.4375e-05,1,12840
8934,696,5.4375e-05,1,12888
12712,696,5.4375e-05,1,12865
9876,696,5.4375e-05,1,12884
13735,696,5.4375e-05,1,12871
6631,696,5.4375e-05,1,12872
16187,696,5.4375e-05,1,12842
12134,696,5.4375e-05,1,12850
13988,696,5.4375e-05,1,12867
8782,696,5.4375e-05,1,12878
3709,696,5.4375e-05,1,12864
19,696,5.4375e-05,1,12843
2197,695,5.4296875e-05,1,12926
16288,695,5.4296875e-05,1,12925
12978,695,5.4296875e-05,1,12898
8613,695,5.4296875e-05,1,12934
1201,695,5.4296875e-05,1,12936
1380,695,5.4296875e-05,1,12916
2525,695,5.4296875e-05,1,12920
8917,695,5.4296875e-05,1,12915
9917,695,5.4296875e-05,1,12894
11403,695,5.4296875e-05,1,12902
4537,695,5.4296875e-05,1,12904
10319,695,5.4296875e-05,1,12911
1358,695,5.4296875e-05,1,12931
16117,695,5.4296875e-05,1,12899
7282,695,5.4296875e-05,1,12917
7271,695,5.4296875e-05,1,12922
9498,695,5.4296875e-05,1,12932
2493,695,5.4296875e-05,1,12908
7901,695,5.4296875e-05,1,12903
13039,695,5.4296875e-05,1,12923
5059,695,5.4296875e-05,1,12912
15391,695,5.4296875e-05,1,12930
15384,695,5.4296875e-05,1,12896
6726,695,5.4296875e-05,1,12900
7328,695,5.4296875e-05,1,12921
10928,695,5.4296875e-05,1,12907
13724,695,5.4296875e-05,1,12901
7942,695,5.4296875e-05,1,12897
15603,695,5.4296875e-05,1,12929
13638,695,5.4296875e-05,1,12919
15676,695,5.4296875e-05,1,12909
11067,695,5.4296875e-05,1,12937
4650,695,5.4296875e-05,1,12935
9723,695,5.4296875e-05,1,12910
13999,695,5.4296875e-05,1,12928
11669,695,5.4296875e-05,1,12933
4038,695,5.4296875e-05,1,12906
12929,695,5.4296875e-05,1,12905
1912,695,5.4296875e-05,1,12924
3923,695,5.4296875e-05,1,12927
15889,695,5.4296875e-05,1,12938
3902,695,5.4296875e-05,1,12913
7518,695,5.4296875e-05,1,12895
11711,695,5.4296875e-05,1,12914
10116,695,5.4296875e-05,1,12918
11231,694,5.421875e-05,1,12949
4731,694,5.421875e-05,1,12971
6405,694,5.421875e-05,1,12974
7263,694,5.421875e-05,1,12958
13108,694,5.421875e-05,1,12980
5599,694,5.421875e-05,1,12970
3663,694,5.421875e-05,1,12941
6560,694,5.421875e-05,1,12967
7963,694,5.421875e-05,1,12953
5982,694,5.421875e-05,1,12955
2746,694,5.421875e-05,1,12939
7432,694,5.421875e-05,1,12951
8521,694,5.421875e-05,1,12973
13262,694,5.421875e-05,1,12964
10534,694,5.421875e-05,1,12975
4842,694,5.421875e-05,1,12966
712,694,5.421875e-05,1,12969
1972,694,5.421875e-05,1,12978
15468,694,5.421875e-05,1,12976
8704,694,5.421875e-05,1,12961
10071,694,5.421875e-05,1,12957
1999,694,5.421875e-05,1,12942
3038,694,5.421875e-05,1,12979
15988,694,5.421875e-05,1,12948
3801,694,5.421875e-05,1,12981
9497,694,5.421875e-05,1,12950
6821,694,5.421875e-05,1,12940
13186,694,5.421875e-05,1,12977
8342,694,5.421875e-05,1,12972
8089,694,5.421875e-05,1,12982
99,694,5.421875e-05,1,12943
2016,694,5.421875e-05,1,12945
6508,694,5.421875e-05,1,12960
370,694,5.421875e-05,1,12963
12850,694,5.421875e-05,1,12954
9969,694,5.421875e-05,1,12962
9932,694,5.421875e-05,1,12965
2114,694,5.421875e-05,1,12959
10370,694,5.421875e-05,1,12944
14579,694,5.421875e-05,1,12947
14647,694,5.421875e-05,1,12968
6509,694,5.421875e-05,1,12956
3725,694,5.421875e-05,1,12952
14734,694,5.421875e-05,1,12946
9830,693,5.4140625e-05,1,13007
3680,693,5.4140625e-05,1,13025
4204,693,5.4140625e-05,1,13011
12686,693,5.4140625e-05,1,13022
13918,693,5.4140625e-05,1,13005
7400,693,5.4140625e-05,1,13027
9657,693,5.4140625e-05,1,12988
13264,693,5.4140625e-05,1,12985
7557,693,5.4140625e-05,1,13039
9939,693,5.4140625e-05,1,13003
6025,693,5.4140625e-05,1,13020
12437,693,5.4140625e-05,1,13035
4879,693,5.4140625e-05,1,12993
14175,693,5.4140625e-05,1,12991
15404,693,5.4140625e-05,1,13013
14620,693,5.4140625e-05,1,12999
1602,693,5.4140625e-05,1,12994
10107,693,5.4140625e-05,1,12987
12734,693,5.4140625e-05,1,13033
1983,693,5.4140625e-05,1,12995
12752,693,5.4140625e-05,1,13034
5863,693,5.4140625e-05,1,13026
6774,693,5.4140625e-05,1,12990
10281,693,5.4140625e-05,1,13009
4146,693,5.4140625e-05,1,13000
8971,693,5.4140625e-05,1,12983
7534,693,5.4140625e-05,1,13017
10747,693,5.4140625e-05,1,13038
10994,693,5.4140625e-05,1,13029
2437,693,5.4140625e-05,1,13031
1758,693,5.4140625e-05,1,12992
11120,693,5.4140625e-05,1,13028
14313,693,5.4140625e-05,1,12998
11268,693,5.4140625e-05,1,13037
14978,693,5.4140625e-05,1,13023
11807,693,5.4140625e-05,1,13021
4528,693,5.4140625e-05,1,13004
10446,693,5.4140625e-05,1,13014
5874,693,5.4140625e-05,1,13018
15030,693,5.4140625e-05,1,13032
6860,693,5.4140625e-05,1,13041
7085,693,5.4140625e-05,1,13015
15908,693,5.4140625e-05,1,13010
2322,693,5.4140625e-05,1,13016
5341,693,5.4140625e-05,1,13002
12583,693,5.4140625e-05,1,13024
5582,693,5.4140625e-05,1,13030
4631,693,5.4140625e-05,1,13008
8320,693,5.4140625e-05,1,13001
4736,693,5.4140625e-05,1,12986
7166,693,5.4140625e-05,1,13019
999,693,5.4140625e-05,1,12997
1840,693,5.4140625e-05,1,13012
12182,693,5.4140625e-05,1,13036
13269,693,5.4140625e-05,1,12989
3840,693,5.4140625e-05,1,12984
6579,693,5.4140625e-05,1,12996
5436,693,5.4140625e-05,1,13006
2727,693,5.4140625e-05,1,13040
10304,692,5.40625e-05,1,13073
5477,692,5.40625e-05,1,13044
563,692,5.40625e-05,1,13056
13252,692,5.40625e-05,1,13075
16259,692,5.40625e-05,1,13066
10287,692,5.40625e-05,1,13071
9960,692,5.40625e-05,1,13086
10501,692,5.40625e-05,1,13059
90,692,5.40625e-05,1,13062
10375,692,5.40625e-05,1,13048
9554,692,5.40625e-05,1,13050
8059,692,5.40625e-05,1,13081
10751,692,5.40625e-05,1,13068
1171,692,5.40625e-05,1,13069
8072,692,5.40625e-05,1,13061
4405,692,5.40625e-05,1,13051
11390,692,5.40625e-05,1,13060
7161,692,5.40625e-05,1,13087
4266,692,5.40625e-05,1,13058
14685,692,5.40625e-05,1,13077
6370,692,5.40625e-05,1,13067
9083,692,5.40625e-05,1,13043
14248,692,5.40625e-05,1,13088
12902,692,5.40625e-05,1,13063
3815,692,5.40625e-05,1,13082
9055,692,5.40625e-05,1,13055
3036,692,5.40625e-05,1,13049
14054,692,5.40625e-05,1,13045
2026,692,5.40625e-05,1,13065
12206,692,5.40625e-05,1,13083
8413,692,5.40625e-05,1,13070
13960,692,5.40625e-05,1,13052
2143,692,5.40625e-05,1,13076
12325,692,5.40625e-05,1,13074
13901,692,5.40625e-05,1,13080
13821,692,5.40625e-05,1,13072
2454,692,5.40625e-05,1,13054
14926,692,5.40625e-05,1,13079
13155,692,5.40625e-05,1,13084
4877,692,5.40625e-05,1,13047
15065,692,5.40625e-05,1,13053
1048,692,5.40625e-05,1,13085
13297,692,5.40625e-05,1,13064
4613,692,5.40625e-05,1,13042
6115,692,5.40625e-05,1,13046
10897,692,5.40625e-05,1,13078
11129,692,5.40625e-05,1,13057
9045,691,5.3984375e-05,1,13096
2895,691,5.3984375e-05,1,13102
5668,691,5.3984375e-05,1,13104
7725,691,5.3984375e-05,1,13115
10960,691,5.3984375e-05,1,13107
3777,691,5.3984375e-05,1,13101
15723,691,5.3984375e-05,1,13097
9384,691,5.3984375e-05,1,13094
16264,691,5.3984375e-05,1,13110
6907,691,5.3984375e-05,1,13112
12128,691,5.3984375e-05,1,13122
7393,691,5.3984375e-05,1,13098
10588,691,5.3984375e-05,1,13099
14048,691,5.3984375e-05,1,13121
10945,691,5.3984375e-05,1,13100
6653,691,5.3984375e-05,1,13116
6385,691,5.3984375e-05,1,13119
5170,691,5.3984375e-05,1,13105
5615,691,5.3984375e-05,1,13120
2984,691,5.3984375e-05,1,13117
8636,691,5.3984375e-05,1,13106
10451,691,5.3984375e-05,1,13108
12966,691,5.3984375e-05,1,13103
9255,691,5.3984375e-05,1,13093
1339,691,5.3984375e-05,1,13113
10323,691,5.3984375e-05,1,13090
12957,691,5.3984375e-05,1,13111
3192,691,5.3984375e-05,1,13095
13465,691,5.3984375e-05,1,13123
1006,691,5.3984375e-05,1,13089
11589,691,5.3984375e-05,1,13091
1550,691,5.3984375e-05,1,13092
6845,691,5.3984375e-05,1,13114
12514,691,5.3984375e-05,1,13118
15551,691,5.3984375e-05,1,13109
13758,690,5.390625e-05,1,13134
8524,690,5.390625e-05,1,13165
2491,690,5.390625e-05,1,13146
13172,690,5.390625e-05,1,13138
7385,690,5.390625e-05,1,13126
13783,690,5.390625e-05,1,13133
17,690,5.390625e-05,1,13173
2087,690,5.390625e-05,1,13180
1900,690,5.390625e-05,1,13132
16154,690,5.390625e-05,1,13130
14020,690,5.390625e-05,1,13149
14936,690,5.390625e-05,1,13159
469,690,5.390625e-05,1,13137
1346,690,5.390625e-05,1,13157
14743,690,5.390625e-05,1,13171
15266,690,5.390625e-05,1,13131
14390,690,5.390625e-05,1,13172
1709,690,5.390625e-05,1,13136
2749,690,5.390625e-05,1,13145
7482,690,5.390625e-05,1,13144
7827,690,5.390625e-05,1,13175
15648,690,5.390625e-05,1,13139
15289,690,5.390625e-05,1,13129
319,690,5.390625e-05,1,13158
8647,690,5.390625e-05,1,13161
14187,690,5.390625e-05,1,13160
15002,690,5.390625e-05,1,13169
8374,690,5.390625e-05,1,13170
7547,690,5.390625e-05,1,13124
2003,690,5.390625e-05,1,13162
16138,690,5.390625e-05,1,13142
15330,690,5.390625e-05,1,13127
14342,690,5.390625e-05,1,13168
8192,690,5.390625e-05,1,13152
10537,690,5.390625e-05,1,13151
6585,690,5.390625e-05,1,13143
4752,690,5.390625e-05,1,13153
12221,690,5.390625e-05,1,13150
11809,690,5.390625e-05,1,13164
10574,690,5.390625e-05,1,13178
5867,690,5.390625e-05,1,13166
12294,690,5.390625e-05,1,13181
4690,690,5.390625e-05,1,13147
12539,690,5.390625e-05,1,13140
4661,690,5.390625e-05,1,13174
3097,690,5.390625e-05,1,13177
12511,690,5.390625e-05,1,13141
5561,690,5.390625e-05,1,13176
11213,690,5.390625e-05,1,13125
5332,690,5.390625e-05,1,13135
10118,690,5.390625e-05,1,13128
11601,690,5.390625e-05,1,13148
6538,690,5.390625e-05,1,13179
11854,690,5.390625e-05,1,13167
4757,690,5.390625e-05,1,13154
4765,690,5.390625e-05,1,13155
8821,690,5.390625e-05,1,13156
12063,690,5.390625e-05,1,13163
13436,689,5.3828125e-05,1,13192
13889,689,5.3828125e-05,1,13204
11866,689,5.3828125e-05,1,13200
900,689,5.3828125e-05,1,13217
15834,689,5.3828125e-05,1,13186
10880,689,5.3828125e-05,1,13201
8250,689,5.3828125e-05,1,13214
15121,689,5.3828125e-05,1,13225
9409,689,5.3828125e-05,1,13182
3458,689,5.3828125e-05,1,13203
7934,689,5.3828125e-05,1,13193
8668,689,5.3828125e-05,1,13184
9604,689,5.3828125e-05,1,13221
10247,689,5.3828125e-05,1,13213
8936,689,5.3828125e-05,1,13215
10417,689,5.3828125e-05,1,13206
8391,689,5.3828125e-05,1,13205
11048,689,5.3828125e-05,1,13185
6140,689,5.3828125e-05,1,13196
6001,689,5.3828125e-05,1,13183
15448,689,5.3828125e-05,1,13226
13014,689,5.3828125e-05,1,13208
13957,689,5.3828125e-05,1,13218
5171,689,5.3828125e-05,1,13187
8017,689,5.3828125e-05,1,13216
1686,689,5.3828125e-05,1,13212
15264,689,5.3828125e-05,1,13211
4274,689,5.3828125e-05,1,13219
3501,689,5.3828125e-05,1,13207
14515,689,5.3828125e-05,1,13191
3095,689,5.3828125e-05,1,13198
14909,689,5.3828125e-05,1,13227
2333,689,5.3828125e-05,1,13189
13358,689,5.3828125e-05,1,13202
16237,689,5.3828125e-05,1,13224
5692,689,5.3828125e-05,1,13222
14603,689,5.3828125e-05,1,13210
5877,689,5.3828125e-05,1,13188
16265,689,5.3828125e-05,1,13223
14836,689,5.3828125e-05,1,13199
9659,689,5.3828125e-05,1,13228
13113,689,5.3828125e-05,1,13229
12581,689,5.3828125e-05,1,13209
16014,689,5.3828125e-05,1,13190
3160,689,5.3828125e-05,1,13195
6614,689,5.3828125e-05,1,13220
14680,689,5.3828125e-05,1,13197
4578,689,5.3828125e-05,1,13194
10830,688,5.375e-05,1,13245
13438,688,5.375e-05,1,13267
13660,688,5.375e-05,1,13242
15553,688,5.375e-05,1,13263
7858,688,5.375e-05,1,13230
7384,688,5.375e-05,1,13237
4437,688,5.375e-05,1,13256
13694,688,5.375e-05,1,13236
138,688,5.375e-05,1,13233
6913,688,5.375e-05,1,13239
1468,688,5.375e-05,1,13248
1737,688,5.375e-05,1,13260
14415,688,5.375e-05,1,13241
1428,688,5.375e-05,1,13240
9781,688,5.375e-05,1,13257
13050,688,5.375e-05,1,13274
1669,688,5.375e-05,1,13262
10716,688,5.375e-05,1,13279
15592,688,5.375e-05,1,13254
4222,688,5.375e-05,1,13272
7176,688,5.375e-05,1,13235
15403,688,5.375e-05,1,13277
16320,688,5.375e-05,1,13243
14181,688,5.375e-05,1,13255
772,688,5.375e-05,1,13270
1075,688,5.375e-05,1,13238
5140,688,5.375e-05,1,13268
15160,688,5.375e-05,1,13250
11052,688,5.375e-05,1,13252
13793,688,5.375e-05,1,13271
10190,688,5.375e-05,1,13275
1090,688,5.375e-05,1,13244
8916,688,5.375e-05,1,13231
13413,688,5.375e-05,1,13269
13777,688,5.375e-05,1,13266
4802,688,5.375e-05,1,13258
9328,688,5.375e-05,1,13261
5295,688,5.375e-05,1,13232
10407,688,5.375e-05,1,13278
10426,688,5.375e-05,1,13273
9100,688,5.375e-05,1,13253
15071,688,5.375e-05,1,13251
1231,688,5.375e-05,1,13234
12993,688,5.375e-05,1,13276
11779,688,5.375e-05,1,13265
634,688,5.375e-05,1,13247
5147,688,5.375e-05,1,13264
2812,688,5.375e-05,1,13259
16184,688,5.375e-05,1,13249
12279,688,5.375e-05,1,13246
8729,687,5.3671875e-05,1,13302
9138,687,5.3671875e-05,1,13307
8286,687,5.3671875e-05,1,13300
15091,687,5.3671875e-05,1,13309
11773,687,5.3671875e-05,1,13293
11211,687,5.3671875e-05,1,13295
13372,687,5.3671875e-05,1,13285
6260,687,5.3671875e-05,1,13304
8241,687,5.3671875e-05,1,13292
7171,687,5.3671875e-05,1,13298
11104,687,5.3671875e-05,1,13284
7962,687,5.3671875e-05,1,13301
14577,687,5.3671875e-05,1,13294
15174,687,5.3671875e-05,1,13297
15233,687,5.3671875e-05,1,13306
715,687,5.3671875e-05,1,13283
13485,687,5.3671875e-05,1,13316
7879,687,5.3671875e-05,1,13310
597,687,5.3671875e-05,1,13282
8940,687,5.3671875e-05,1,13286
2098,687,5.3671875e-05,1,13291
7425,687,5.3671875e-05,1,13317
16229,687,5.3671875e-05,1,13281
13727,687,5.3671875e-05,1,13296
2315,687,5.3671875e-05,1,13308
15573,687,5.3671875e-05,1,13305
13194,687,5.3671875e-05,1,13280
3075,687,5.3671875e-05,1,13313
5188,687,5.3671875e-05,1,13287
5887,687,5.3671875e-05,1,13288
9574,687,5.3671875e-05,1,13303
15465,687,5.3671875e-05,1,13299
7625,687,5.3671875e-05,1,13315
277,687,5.3671875e-05,1,13312
13535,687,5.3671875e-05,1,13311
1820,687,5.3671875e-05,1,13289
14267,687,5.3671875e-05,1,13290
5912,687,5.3671875e-05,1,13314
16179,686,5.359375e-05,1,13327
4091,686,5.359375e-05,1,13328
9165,686,5.359375e-05,1,13339
5485,686,5.359375e-05,1,13331
16158,686,5.359375e-05,1,13358
4532,686,5.359375e-05,1,13336
13021,686,5.359375e-05,1,13355
2354,686,5.359375e-05,1,13356
125,686,5.359375e-05,1,13342
5914,686,5.359375e-05,1,13357
5732,686,5.359375e-05,1,13350
9817,686,5.359375e-05,1,13337
13611,686,5.359375e-05,1,13349
13165,686,5.359375e-05,1,13324
11441,686,5.359375e-05,1,13330
6267,686,5.359375e-05,1,13344
6304,686,5.359375e-05,1,13335
14752,686,5.359375e-05,1,13360
9766,686,5.359375e-05,1,13353
4306,686,5.359375e-05,1,13361
16382,686,5.359375e-05,1,13320
8070,686,5.359375e-05,1,13333
3443,686,5.359375e-05,1,13332
14468,686,5.359375e-05,1,13323
4737,686,5.359375e-05,1,13319
13291,686,5.359375e-05,1,13345
6404,686,5.359375e-05,1,13343
2665,686,5.359375e-05,1,13325
3988,686,5.359375e-05,1,13322
6969,686,5.359375e-05,1,13359
15472,686,5.359375e-05,1,13321
7361,686,5.359375e-05,1,13329
3708,686,5.359375e-05,1,13347
14064,686,5.359375e-05,1,13326
2706,686,5.359375e-05,1,13348
8412,686,5.359375e-05,1,13351
9493,686,5.359375e-05,1,13334
8117,686,5.359375e-05,1,13338
15793,686,5.359375e-05,1,13318
15316,686,5.359375e-05,1,13354
7796,686,5.359375e-05,1,13341
15856,686,5.359375e-05,1,13340
10388,686,5.359375e-05,1,13352
11121,686,5.359375e-05,1,13346
14456,685,5.3515625e-05,1,13394
1630,685,5.3515625e-05,1,13396
3818,685,5.3515625e-05,1,13367
13825,685,5.3515625e-05,1,13388
14493,685,5.3515625e-05,1,13384
3422,685,5.3515625e-05,1,13369
12378,685,5.3515625e-05,1,13368
8935,685,5.3515625e-05,1,13374
1513,685,5.3515625e-05,1,13364
11670,685,5.3515625e-05,1,13403
14653,685,5.3515625e-05,1,13393
2588,685,5.3515625e-05,1,13371
6910,685,5.3515625e-05,1,13392
12264,685,5.3515625e-05,1,13390
14486,685,5.3515625e-05,1,13370
6493,685,5.3515625e-05,1,13365
3341,685,5.3515625e-05,1,13362
12909,685,5.3515625e-05,1,13386
8012,685,5.3515625e-05,1,13406
14717,685,5.3515625e-05,1,13397
9455,685,5.3515625e-05,1,13363
10523,685,5.3515625e-05,1,13402
2859,685,5.3515625e-05,1,13385
10607,685,5.3515625e-05,1,13375
9467,685,5.3515625e-05,1,13382
13520,685,5.3515625e-05,1,13400
10668,685,5.3515625e-05,1,13380
1421,685,5.3515625e-05,1,13381
7812,685,5.3515625e-05,1,13391
2698,685,5.3515625e-05,1,13387
15192,685,5.3515625e-05,1,13378
6106,685,5.3515625e-05,1,13399
9353,685,5.3515625e-05,1,13366
9385,685,5.3515625e-05,1,13395
4766,685,5.3515625e-05,1,13373
592,685,5.3515625e-05,1,13405
15664,685,5.3515625e-05,1,13401
5372,685,5.3515625e-05,1,13376
5313,685,5.3515625e-05,1,13379
4316,685,5.3515625e-05,1,13398
16200,685,5.3515625e-05,1,13377
5674,685,5.3515625e-05,1,13372
16159,685,5.3515625e-05,1,13383
7564,685,5.3515625e-05,1,13404
13353,685,5.3515625e-05,1,13389
16336,684,5.34375e-05,1,13410
9749,684,5.34375e-05,1,13412
13277,684,5.34375e-05,1,13417
15372,684,5.34375e-05,1,13435
15402,684,5.34375e-05,1,13429
789,684,5.34375e-05,1,13424
6376,684,5.34375e-05,1,13425
16266,684,5.34375e-05,1,13426
14301,684,5.34375e-05,1,13422
6684,684,5.34375e-05,1,13409
6715,684,5.34375e-05,1,13439
8482,684,5.34375e-05,1,13418
13471,684,5.34375e-05,1,13434
5020,684,5.34375e-05,1,13419
5429,684,5.34375e-05,1,13436
12393,684,5.34375e-05,1,13432
3618,684,5.34375e-05,1,13421
5294,684,5.34375e-05,1,13433
15307,684,5.34375e-05,1,13427
8932,684,5.34375e-05,1,13416
12307,684,5.34375e-05,1,13408
10466,684,5.34375e-05,1,13431
10947,684,5.34375e-05,1,13413
1948,684,5.34375e-05,1,13420
11495,684,5.34375e-05,1,13411
14414,684,5.34375e-05,1,13442
14602,684,5.34375e-05,1,13430
11143,684,5.34375e-05,1,13443
7308,684,5.34375e-05,1,13438
14571,684,5.34375e-05,1,13437
7323,684,5.34375e-05,1,13414
11489,684,5.34375e-05,1,13407
1098,684,5.34375e-05,1,13441
7207,684,5.34375e-05,1,13440
15296,684,5.34375e-05,1,13415
3974,684,5.34375e-05,1,13428
11098,684,5.34375e-05,1,13423
13509,683,5.3359375e-05,1,13446
2157,683,5.3359375e-05,1,13471
7096,683,5.3359375e-05,1,13469
4154,683,5.3359375e-05,1,13470
11235,683,5.3359375e-05,1,13467
11609,683,5.3359375e-05,1,13475
14956,683,5.3359375e-05,1,13481
5643,683,5.3359375e-05,1,13483
10002,683,5.3359375e-05,1,13459
8451,683,5.3359375e-05,1,13457
5403,683,5.3359375e-05,1,13444
9615,683,5.3359375e-05,1,13473
14864,683,5.3359375e-05,1,13482
293,683,5.3359375e-05,1,13461
283,683,5.3359375e-05,1,13463
13488,683,5.3359375e-05,1,13447
1487,683,5.3359375e-05,1,13445
5601,683,5.3359375e-05,1,13452
5172,683,5.3359375e-05,1,13451
6502,683,5.3359375e-05,1,13472
16135,683,5.3359375e-05,1,13453
1779,683,5.3359375e-05,1,13474
7344,683,5.3359375e-05,1,13449
8551,683,5.3359375e-05,1,13460
4273,683,5.3359375e-05,1,13477
2785,683,5.3359375e-05,1,13465
8595,683,5.3359375e-05,1,13458
3800,683,5.3359375e-05,1,13454
10541,683,5.3359375e-05,1,13478
3225,683,5.3359375e-05,1,13480
1887,683,5.3359375e-05,1,13485
15292,683,5.3359375e-05,1,13476
12994,683,5.3359375e-05,1,13462
3230,683,5.3359375e-05,1,13484
11147,683,5.3359375e-05,1,13455
14319,683,5.3359375e-05,1,13466
1618,683,5.3359375e-05,1,13479
7390,683,5.3359375e-05,1,13450
8232,683,5.3359375e-05,1,13468
6672,683,5.3359375e-05,1,13456
5110,683,5.3359375e-05,1,13464
10977,683,5.3359375e-05,1,13448
5596,682,5.328125e-05,1,13520
13733,682,5.328125e-05,1,13488
6830,682,5.328125e-05,1,13506
5858,682,5.328125e-05,1,13526
7125,682,5.328125e-05,1,13511
16220,682,5.328125e-05,1,13504
4296,682,5.328125e-05,1,13496
13666,682,5.328125e-05,1,13492
2387,682,5.328125e-05,1,13489
5816,682,5.328125e-05,1,13503
10961,682,5.328125e-05,1,13516
16129,682,5.328125e-05,1,13491
10043,682,5.328125e-05,1,13518
10912,682,5.328125e-05,1,13513
9077,682,5.328125e-05,1,13515
4745,682,5.328125e-05,1,13509
15215,682,5.328125e-05,1,13497
3786,682,5.328125e-05,1,13505
6924,682,5.328125e-05,1,13512
11150,682,5.328125e-05,1,13487
15034,682,5.328125e-05,1,13519
7239,682,5.328125e-05,1,13502
4119,682,5.328125e-05,1,13486
11679,682,5.328125e-05,1,13501
4516,682,5.328125e-05,1,13527
15712,682,5.328125e-05,1,13523
468,682,5.328125e-05,1,13490
11292,682,5.328125e-05,1,13494
1259,682,5.328125e-05,1,13508
10150,682,5.328125e-05,1,13499
9645,682,5.328125e-05,1,13498
12484,682,5.328125e-05,1,13493
16073,682,5.328125e-05,1,13510
8470,682,5.328125e-05,1,13525
13523,682,5.328125e-05,1,13495
6705,682,5.328125e-05,1,13500
12791,682,5.328125e-05,1,13522
13022,682,5.328125e-05,1,13521
2622,682,5.328125e-05,1,13514
6711,682,5.328125e-05,1,13507
2790,682,5.328125e-05,1,13524
13315,682,5.328125e-05,1,13517
12403,681,5.3203125e-05,1,13551
9184,681,5.3203125e-05,1,13552
5526,681,5.3203125e-05,1,13540
14335,681,5.3203125e-05,1,13538
14913,681,5.3203125e-05,1,13547
3920,681,5.3203125e-05,1,13534
7226,681,5.3203125e-05,1,13539
12420,681,5.3203125e-05,1,13554
2639,681,5.3203125e-05,1,13544
1289,681,5.3203125e-05,1,13535
1919,681,5.3203125e-05,1,13530
2604,681,5.3203125e-05,1,13559
6960,681,5.3203125e-05,1,13548
15442,681,5.3203125e-05,1,13553
14120,681,5.3203125e-05,1,13545
16302,681,5.3203125e-05,1,13560
15081,681,5.3203125e-05,1,13555
15703,681,5.3203125e-05,1,13550
7809,681,5.3203125e-05,1,13549
4869,681,5.3203125e-05,1,13532
8499,681,5.3203125e-05,1,13541
15977,681,5.3203125e-05,1,13528
14810,681,5.3203125e-05,1,13537
4108,681,5.3203125e-05,1,13546
12104,681,5.3203125e-05,1,13542
2211,681,5.3203125e-05,1,13536
7889,681,5.3203125e-05,1,13556
2731,681,5.3203125e-05,1,13531
10322,681,5.3203125e-05,1,13558
15251,681,5.3203125e-05,1,13561
439,681,5.3203125e-05,1,13543
7449,681,5.3203125e-05,1,13533
15186,681,5.3203125e-05,1,13557
4231,681,5.3203125e-05,1,13529
16375,680,5.3125e-05,1,13572
6479,680,5.3125e-05,1,13582
15399,680,5.3125e-05,1,13577
1061,680,5.3125e-05,1,13587
254,680,5.3125e-05,1,13573
1666,680,5.3125e-05,1,13568
1105,680,5.3125e-05,1,13578
7528,680,5.3125e-05,1,13598
10575,680,5.3125e-05,1,13563
11319,680,5.3125e-05,1,13579
9155,680,5.3125e-05,1,13576
11412,680,5.3125e-05,1,13566
4339,680,5.3125e-05,1,13571
6621,680,5.3125e-05,1,13565
7883,680,5.3125e-05,1,13594
15405,680,5.3125e-05,1,13570
12019,680,5.3125e-05,1,13580
10775,680,5.3125e-05,1,13591
7910,680,5.3125e-05,1,13593
8356,680,5.3125e-05,1,13569
4482,680,5.3125e-05,1,13567
10682,680,5.3125e-05,1,13599
12112,680,5.3125e-05,1,13564
7270,680,5.3125e-05,1,13581
9007,680,5.3125e-05,1,13585
9276,680,5.3125e-05,1,13592
8314,680,5.3125e-05,1,13562
4664,680,5.3125e-05,1,13584
955,680,5.3125e-05,1,13600
6473,680,5.3125e-05,1,13574
6709,680,5.3125e-05,1,13597
3009,680,5.3125e-05,1,13590
14813,680,5.3125e-05,1,13595
3269,680,5.3125e-05,1,13589
16089,680,5.3125e-05,1,13575
2862,680,5.3125e-05,1,13588
195,680,5.3125e-05,1,13583
3463,680,5.3125e-05,1,13596
825,680,5.3125e-05,1,13586
11948,679,5.3046875e-05,1,13644
15684,679,5.3046875e-05,1,13635
7298,679,5.3046875e-05,1,13620
10929,679,5.3046875e-05,1,13632
1166,679,5.3046875e-05,1,13643
10904,679,5.3046875e-05,1,13618
6739,679,5.3046875e-05,1,13609
3577,679,5.3046875e-05,1,13633
1578,679,5.3046875e-05,1,13628
7654,679,5.3046875e-05,1,13624
6194,679,5.3046875e-05,1,13640
6602,679,5.3046875e-05,1,13631
5660,679,5.3046875e-05,1,13611
6716,679,5.3046875e-05,1,13621
14900,679,5.3046875e-05,1,13616
7245,679,5.3046875e-05,1,13606
10992,679,5.3046875e-05,1,13602
13184,679,5.3046875e-05,1,13603
10554,679,5.3046875e-05,1,13642
5987,679,5.3046875e-05,1,13608
7351,679,5.3046875e-05,1,13613
767,679,5.3046875e-05,1,13626
14354,679,5.3046875e-05,1,13637
1457,679,5.3046875e-05,1,13634
12757,679,5.3046875e-05,1,13612
1260,679,5.3046875e-05,1,13601
7986,679,5.3046875e-05,1,13638
6630,679,5.3046875e-05,1,13614
1959,679,5.3046875e-05,1,13604
16353,679,5.3046875e-05,1,13625
8097,679,5.3046875e-05,1,13629
1068,679,5.3046875e-05,1,13610
8455,679,5.3046875e-05,1,13641
10318,679,5.3046875e-05,1,13639
4831,679,5.3046875e-05,1,13622
7586,679,5.3046875e-05,1,13617
7890,679,5.3046875e-05,1,13615
14164,679,5.3046875e-05,1,13627
13375,679,5.3046875e-05,1,13619
5242,679,5.3046875e-05,1,13607
15612,679,5.3046875e-05,1,13636
538,679,5.3046875e-05,1,13623
11634,679,5.3046875e-05,1,13630
14004,679,5.3046875e-05,1,13605
5105,678,5.296875e-05,1,13647
7708,678,5.296875e-05,1,13668
16263,678,5.296875e-05,1,13649
15591,678,5.296875e-05,1,13661
2259,678,5.296875e-05,1,13653
2146,678,5.296875e-05,1,13646
6991,678,5.296875e-05,1,13663
9634,678,5.296875e-05,1,13665
11786,678,5.296875e-05,1,13650
1311,678,5.296875e-05,1,13662
15459,678,5.296875e-05,1,13645
15640,678,5.296875e-05,1,13669
4307,678,5.296875e-05,1,13671
10023,678,5.296875e-05,1,13672
11422,678,5.296875e-05,1,13659
3750,678,5.296875e-05,1,13658
1884,678,5.296875e-05,1,13664
2448,678,5.296875e-05,1,13654
5757,678,5.296875e-05,1,13670
11616,678,5.296875e-05,1,13656
11290,678,5.296875e-05,1,13648
14039,678,5.296875e-05,1,13655
11297,678,5.296875e-05,1,13652
15894,678,5.296875e-05,1,13657
13148,678,5.296875e-05,1,13666
11450,678,5.296875e-05,1,13651
2552,678,5.296875e-05,1,13667
6683,678,5.296875e-05,1,13660
2422,677,5.2890625e-05,1,13711
7926,677,5.2890625e-05,1,13700
4602,677,5.2890625e-05,1,13710
6420,677,5.2890625e-05,1,13714
5425,677,5.2890625e-05,1,13692
6639,677,5.2890625e-05,1,13684
13073,677,5.2890625e-05,1,13703
8862,677,5.2890625e-05,1,13690
9922,677,5.2890625e-05,1,13687
12838,677,5.2890625e-05,1,13713
11056,677,5.2890625e-05,1,13685
15302,677,5.2890625e-05,1,13677
13478,677,5.2890625e-05,1,13698
6721,677,5.2890625e-05,1,13696
4424,677,5.2890625e-05,1,13706
11378,677,5.2890625e-05,1,13695
5007,677,5.2890625e-05,1,13681
15746,677,5.2890625e-05,1,13682
13129,677,5.2890625e-05,1,13718
6475,677,5.2890625e-05,1,13702
3019,677,5.2890625e-05,1,13709
11329,677,5.2890625e-05,1,13707
14661,677,5.2890625e-05,1,13680
6215,677,5.2890625e-05,1,13683
13575,677,5.2890625e-05,1,13716
7748,677,5.2890625e-05,1,13717
13304,677,5.2890625e-05,1,13676
2285,677,5.2890625e-05,1,13686
8375,677,5.2890625e-05,1,13674
213,677,5.2890625e-05,1,13712
13483,677,5.2890625e-05,1,13693
6788,677,5.2890625e-05,1,13694
15515,677,5.2890625e-05,1,13675
9176,677,5.2890625e-05,1,13715
8034,677,5.2890625e-05,1,13708
8840,677,5.2890625e-05,1,13701
3581,677,5.2890625e-05,1,13697
12577,677,5.2890625e-05,1,13673
4060,677,5.2890625e-05,1,13688
10922,677,5.2890625e-05,1,13689
5456,677,5.2890625e-05,1,13678
15995,677,5.2890625e-05,1,13691
5671,677,5.2890625e-05,1,13704
1572,677,5.2890625e-05,1,13699
305,677,5.2890625e-05,1,13679
5205,677,5.2890625e-05,1,13705
8734,676,5.28125e-05,1,13736
7510,676,5.28125e-05,1,13758
703,676,5.28125e-05,1,13750
4075,676,5.28125e-05,1,13759
10518,676,5.28125e-05,1,13733
7675,676,5.28125e-05,1,13742
14254,676,5.28125e-05,1,13765
5255,676,5.28125e-05,1,13739
14692,676,5.28125e-05,1,13764
1804,676,5.28125e-05,1,13726
6252,676,5.28125e-05,1,13732
12084,676,5.28125e-05,1,13761
9286,676,5.28125e-05,1,13751
2456,676,5.28125e-05,1,13723
10885,676,5.28125e-05,1,13731
11068,676,5.28125e-05,1,13735
604,676,5.28125e-05,1,13755
11530,676,5.28125e-05,1,13753
11800,676,5.28125e-05,1,13754
8601,676,5.28125e-05,1,13747
11255,676,5.28125e-05,1,13745
6645,676,5.28125e-05,1,13720
300,676,5.28125e-05,1,13724
13941,676,5.28125e-05,1,13756
11016,676,5.28125e-05,1,13766
9944,676,5.28125e-05,1,13767
828,676,5.28125e-05,1,13748
12806,676,5.28125e-05,1,13768
8847,676,5.28125e-05,1,13743
15629,676,5.28125e-05,1,13721
5845,676,5.28125e-05,1,13757
12660,676,5.28125e-05,1,13760
3878,676,5.28125e-05,1,13744
7002,676,5.28125e-05,1,13738
9413,676,5.28125e-05,1,13722
7228,676,5.28125e-05,1,13741
5136,676,5.28125e-05,1,13749
4358,676,5.28125e-05,1,13734
10846,676,5.28125e-05,1,13763
13249,676,5.28125e-05,1,13762
5491,676,5.28125e-05,1,13746
1332,676,5.28125e-05,1,13737
12697,676,5.28125e-05,1,13752
2147,676,5.28125e-05,1,13728
6756,676,5.28125e-05,1,13730
1525,676,5.28125e-05,1,13769
10959,676,5.28125e-05,1,13727
9711,676,5.28125e-05,1,13729
11318,676,5.28125e-05,1,13725
9832,676,5.28125e-05,1,13740
15222,676,5.28125e-05,1,13719
7487,675,5.2734375e-05,1,13780
12844,675,5.2734375e-05,1,13773
6387,675,5.2734375e-05,1,13803
8671,675,5.2734375e-05,1,13796
3585,675,5.2734375e-05,1,13792
2716,675,5.2734375e-05,1,13789
6019,675,5.2734375e-05,1,13788
10539,675,5.2734375e-05,1,13797
11083,675,5.2734375e-05,1,13784
5304,675,5.2734375e-05,1,13776
13967,675,5.2734375e-05,1,13770
10369,675,5.2734375e-05,1,13799
5076,675,5.2734375e-05,1,13782
6418,675,5.2734375e-05,1,13793
2529,675,5.2734375e-05,1,13775
14034,675,5.2734375e-05,1,13790
12258,675,5.2734375e-05,1,13779
11455,675,5.2734375e-05,1,13781
83,675,5.2734375e-05,1,13798
8554,675,5.2734375e-05,1,13772
7646,675,5.2734375e-05,1,13785
15202,675,5.2734375e-05,1,13800
15446,675,5.2734375e-05,1,13791
14595,675,5.2734375e-05,1,13794
8233,675,5.2734375e-05,1,13786
8724,675,5.2734375e-05,1,13783
2807,675,5.2734375e-05,1,13787
16174,675,5.2734375e-05,1,13795
15197,675,5.2734375e-05,1,13771
13015,675,5.2734375e-05,1,13777
11675,675,5.2734375e-05,1,13778
14557,675,5.2734375e-05,1,13802
14871,675,5.2734375e-05,1,13804
12480,675,5.2734375e-05,1,13774
15478,675,5.2734375e-05,1,13801
15267,674,5.265625e-05,1,13805
3102,674,5.265625e-05,1,13812
15464,674,5.265625e-05,1,13843
1206,674,5.265625e-05,1,13839
1123,674,5.265625e-05,1,13813
11586,674,5.265625e-05,1,13817
13952,674,5.265625e-05,1,13820
12261,674,5.265625e-05,1,13816
4542,674,5.265625e-05,1,13807
13387,674,5.265625e-05,1,13815
641,674,5.265625e-05,1,13810
4963,674,5.265625e-05,1,13834
5715,674,5.265625e-05,1,13828
4187,674,5.265625e-05,1,13836
8541,674,5.265625e-05,1,13835
9095,674,5.265625e-05,1,13811
888,674,5.265625e-05,1,13832
14323,674,5.265625e-05,1,13838
14295,674,5.265625e-05,1,13837
6232,674,5.265625e-05,1,13823
15432,674,5.265625e-05,1,13846
14183,674,5.265625e-05,1,13841
10081,674,5.265625e-05,1,13840
11766,674,5.265625e-05,1,13825
9111,674,5.265625e-05,1,13806
5543,674,5.265625e-05,1,13831
9705,674,5.265625e-05,1,13833
13467,674,5.265625e-05,1,13808
15347,674,5.265625e-05,1,13830
11413,674,5.265625e-05,1,13809
10544,674,5.265625e-05,1,13818
8633,674,5.265625e-05,1,13826
15520,674,5.265625e-05,1,13845
14491,674,5.265625e-05,1,13821
15806,674,5.265625e-05,1,13844
15059,674,5.265625e-05,1,13827
1095,674,5.265625e-05,1,13819
11497,674,5.265625e-05,1,13842
11058,674,5.265625e-05,1,13829
11496,674,5.265625e-05,1,13822
1304,674,5.265625e-05,1,13824
15088,674,5.265625e-05,1,13814
3732,673,5.2578125e-05,1,13856
10299,673,5.2578125e-05,1,13864
11107,673,5.2578125e-05,1,13865
16209,673,5.2578125e-05,1,13849
15158,673,5.2578125e-05,1,13884
8757,673,5.2578125e-05,1,13870
6217,673,5.2578125e-05,1,13874
13221,673,5.2578125e-05,1,13852
5687,673,5.2578125e-05,1,13881
9761,673,5.2578125e-05,1,13869
15972,673,5.2578125e-05,1,13866
13909,673,5.2578125e-05,1,13862
13943,673,5.2578125e-05,1,13875
2359,673,5.2578125e-05,1,13882
6163,673,5.2578125e-05,1,13859
14574,673,5.2578125e-05,1,13855
8060,673,5.2578125e-05,1,13848
2805,673,5.2578125e-05,1,13857
3120,673,5.2578125e-05,1,13886
564,673,5.2578125e-05,1,13880
15410,673,5.2578125e-05,1,13878
10019,673,5.2578125e-05,1,13863
3108,673,5.2578125e-05,1,13853
3030,673,5.2578125e-05,1,13858
4990,673,5.2578125e-05,1,13861
14395,673,5.2578125e-05,1,13873
369,673,5.2578125e-05,1,13850
11615,673,5.2578125e-05,1,13867
13085,673,5.2578125e-05,1,13871
4376,673,5.2578125e-05,1,13854
13052,673,5.2578125e-05,1,13851
7355,673,5.2578125e-05,1,13877
4040,673,5.2578125e-05,1,13860
15149,673,5.2578125e-05,1,13883
536,673,5.2578125e-05,1,13879
7275,673,5.2578125e-05,1,13872
14331,673,5.2578125e-05,1,13847
10208,673,5.2578125e-05,1,13885
12180,673,5.2578125e-05,1,13868
63,673,5.2578125e-05,1,13876
1128,672,5.25e-05,1,13929
8588,672,5.25e-05,1,13928
509,672,5.25e-05,1,13895
9835,672,5.25e-05,1,13888
15165,672,5.25e-05,1,13930
8914,672,5.25e-05,1,13913
10000,672,5.25e-05,1,13925
443,672,5.25e-05,1,13926
6467,672,5.25e-05,1,13900
5450,672,5.25e-05,1,13894
8130,672,5.25e-05,1,13897
5787,672,5.25e-05,1,13921
5176,672,5.25e-05,1,13909
14762,672,5.25e-05,1,13906
10978,672,5.25e-05,1,13889
7148,672,5.25e-05,1,13915
4150,672,5.25e-05,1,13914
10140,672,5.25e-05,1,13892
5192,672,5.25e-05,1,13905
12751,672,5.25e-05,1,13891
12533,672,5.25e-05,1,13896
15476,672,5.25e-05,1,13918
7884,672,5.25e-05,1,13919
10732,672,5.25e-05,1,13907
12140,672,5.25e-05,1,13927
4619,672,5.25e-05,1,13901
15235,672,5.25e-05,1,13893
8040,672,5.25e-05,1,13922
15207,672,5.25e-05,1,13924
13174,672,5.25e-05,1,13917
8278,672,5.25e-05,1,13916
4801,672,5.25e-05,1,13898
6246,672,5.25e-05,1,13911
809,672,5.25e-05,1,13890
8343,672,5.25e-05,1,13902
10782,672,5.25e-05,1,13887
6742,672,5.25e-05,1,13904
10428,672,5.25e-05,1,13923
3348,672,5.25e-05,1,13908
5721,672,5.25e-05,1,13920
12864,672,5.25e-05,1,13899
13334,672,5.25e-05,1,13931
6565,672,5.25e-05,1,13912
14304,672,5.25e-05,1,13903
163,672,5.25e-05,1,13910
15335,671,5.2421875e-05,1,13967
15090,671,5.2421875e-05,1,13936
13514,671,5.2421875e-05,1,13955
13298,671,5.2421875e-05,1,13946
7508,671,5.2421875e-05,1,13951
6184,671,5.2421875e-05,1,13968
16308,671,5.2421875e-05,1,13960
3804,671,5.2421875e-05,1,13958
3782,671,5.2421875e-05,1,13948
9260,671,5.2421875e-05,1,13954
5283,671,5.2421875e-05,1,13964
6811,671,5.2421875e-05,1,13941
8029,671,5.2421875e-05,1,13961
5709,671,5.2421875e-05,1,13957
10467,671,5.2421875e-05,1,13947
11162,671,5.2421875e-05,1,13959
16212,671,5.2421875e-05,1,13939
8948,671,5.2421875e-05,1,13943
15604,671,5.2421875e-05,1,13952
16048,671,5.2421875e-05,1,13963
3358,671,5.2421875e-05,1,13965
11859,671,5.2421875e-05,1,13940
14103,671,5.2421875e-05,1,13933
8594,671,5.2421875e-05,1,13932
16013,671,5.2421875e-05,1,13956
16246,671,5.2421875e-05,1,13937
12121,671,5.2421875e-05,1,13949
14726,671,5.2421875e-05,1,13942
3917,671,5.2421875e-05,1,13935
7987,671,5.2421875e-05,1,13966
10769,671,5.2421875e-05,1,13953
6663,671,5.2421875e-05,1,13950
11078,671,5.2421875e-05,1,13962
11826,671,5.2421875e-05,1,13934
10065,671,5.2421875e-05,1,13945
7540,671,5.2421875e-05,1,13938
12146,671,5.2421875e-05,1,13944
12894,670,5.234375e-05,1,14004
3903,670,5.234375e-05,1,13972
6533,670,5.234375e-05,1,13998
10220,670,5.234375e-05,1,13987
9209,670,5.234375e-05,1,13981
7191,670,5.234375e-05,1,13986
8058,670,5.234375e-05,1,13994
1978,670,5.234375e-05,1,13983
6160,670,5.234375e-05,1,13978
11552,670,5.234375e-05,1,13971
12731,670,5.234375e-05,1,13991
232,670,5.234375e-05,1,13985
14176,670,5.234375e-05,1,14003
4665,670,5.234375e-05,1,13989
15137,670,5.234375e-05,1,13990
6789,670,5.234375e-05,1,13993
3833,670,5.234375e-05,1,13969
9564,670,5.234375e-05,1,13984
13668,670,5.234375e-05,1,13999
1594,670,5.234375e-05,1,13979
874,670,5.234375e-05,1,13997
11199,670,5.234375e-05,1,14001
4397,670,5.234375e-05,1,13973
6731,670,5.234375e-05,1,14000
5150,670,5.234375e-05,1,13974
2733,670,5.234375e-05,1,13976
4092,670,5.234375e-05,1,13988
9622,670,5.234375e-05,1,13996
12665,670,5.234375e-05,1,13995
6995,670,5.234375e-05,1,13980
2951,670,5.234375e-05,1,13992
9389,670,5.234375e-05,1,13975
7711,670,5.234375e-05,1,14002
5933,670,5.234375e-05,1,13977
1656,670,5.234375e-05,1,13982
8118,670,5.234375e-05,1,13970
15761,669,5.2265625e-05,1,14037
11792,669,5.2265625e-05,1,14017
15904,669,5.2265625e-05,1,14018
5620,669,5.2265625e-05,1,14019
3006,669,5.2265625e-05,1,14014
6625,669,5.2265625e-05,1,14012
7231,669,5.2265625e-05,1,14022
2045,669,5.2265625e-05,1,14032
12629,669,5.2265625e-05,1,14025
4032,669,5.2265625e-05,1,14035
10225,669,5.2265625e-05,1,14033
12634,669,5.2265625e-05,1,14007
4402,669,5.2265625e-05,1,14011
14538,669,5.2265625e-05,1,14026
4102,669,5.2265625e-05,1,14016
10850,669,5.2265625e-05,1,14005
11738,669,5.2265625e-05,1,14030
5710,669,5.2265625e-05,1,14015
13544,669,5.2265625e-05,1,14020
7001,669,5.2265625e-05,1,14036
6415,669,5.2265625e-05,1,14021
2963,669,5.2265625e-05,1,14027
5950,669,5.2265625e-05,1,14008
16050,669,5.2265625e-05,1,14024
9414,669,5.2265625e-05,1,14029
1880,669,5.2265625e-05,1,14013
9109,669,5.2265625e-05,1,14031
5239,669,5.2265625e-05,1,14034
9,669,5.2265625e-05,1,14009
14079,669,5.2265625e-05,1,14023
12969,669,5.2265625e-05,1,14010
14449,669,5.2265625e-05,1,14006
8762,669,5.2265625e-05,1,14028
5271,668,5.21875e-05,1,14054
12935,668,5.21875e-05,1,14044
12787,668,5.21875e-05,1,14063
4198,668,5.21875e-05,1,14056
9075,668,5.21875e-05,1,14062
13578,668,5.21875e-05,1,14042
10089,668,5.21875e-05,1,14059
13379,668,5.21875e-05,1,14049
2893,668,5.21875e-05,1,14064
4186,668,5.21875e-05,1,14047
5840,668,5.21875e-05,1,14068
4899,668,5.21875e-05,1,14043
2171,668,5.21875e-05,1,14069
13066,668,5.21875e-05,1,14046
2574,668,5.21875e-05,1,14038
1743,668,5.21875e-05,1,14052
15109,668,5.21875e-05,1,14040
14958,668,5.21875e-05,1,14048
15463,668,5.21875e-05,1,14061
10768,668,5.21875e-05,1,14072
15479,668,5.21875e-05,1,14045
16003,668,5.21875e-05,1,14051
8430,668,5.21875e-05,1,14050
14098,668,5.21875e-05,1,14060
4129,668,5.21875e-05,1,14066
552,668,5.21875e-05,1,14071
12248,668,5.21875e-05,1,14057
568,668,5.21875e-05,1,14070
15689,668,5.21875e-05,1,14055
342,668,5.21875e-05,1,14058
78,668,5.21875e-05,1,14039
14598,668,5.21875e-05,1,14041
10492,668,5.21875e-05,1,14065
9799,668,5.21875e-05,1,14053
16268,668,5.21875e-05,1,14067
1705,667,5.2109375e-05,1,14089
5085,667,5.2109375e-05,1,14092
11858,667,5.2109375e-05,1,14078
15234,667,5.2109375e-05,1,14085
5288,667,5.2109375e-05,1,14098
15200,667,5.2109375e-05,1,14093
15381,667,5.2109375e-05,1,14109
9541,667,5.2109375e-05,1,14074
11772,667,5.2109375e-05,1,14073
11978,667,5.2109375e-05,1,14114
14206,667,5.2109375e-05,1,14097
13410,667,5.2109375e-05,1,14103
654,667,5.2109375e-05,1,14082
11005,667,5.2109375e-05,1,14084
6719,667,5.2109375e-05,1,14096
1114,667,5.2109375e-05,1,14113
11965,667,5.2109375e-05,1,14086
14308,667,5.2109375e-05,1,14111
11564,667,5.2109375e-05,1,14117
10091,667,5.2109375e-05,1,14101
5839,667,5.2109375e-05,1,14115
208,667,5.2109375e-05,1,14080
12628,667,5.2109375e-05,1,14116
12400,667,5.2109375e-05,1,14079
2755,667,5.2109375e-05,1,14076
1034,667,5.2109375e-05,1,14100
13472,667,5.2109375e-05,1,14107
16284,667,5.2109375e-05,1,14099
15146,667,5.2109375e-05,1,14106
16057,667,5.2109375e-05,1,14087
14829,667,5.2109375e-05,1,14088
12601,667,5.2109375e-05,1,14077
15959,667,5.2109375e-05,1,14112
2130,667,5.2109375e-05,1,14110
10077,667,5.2109375e-05,1,14105
13798,667,5.2109375e-05,1,14090
8626,667,5.2109375e-05,1,14081
6626,667,5.2109375e-05,1,14094
8885,667,5.2109375e-05,1,14102
5424,667,5.2109375e-05,1,14118
4396,667,5.2109375e-05,1,14104
2324,667,5.2109375e-05,1,14091
13997,667,5.2109375e-05,1,14108
13995,667,5.2109375e-05,1,14119
260,667,5.2109375e-05,1,14083
16228,667,5.2109375e-05,1,14120
3628,667,5.2109375e-05,1,14095
1357,667,5.2109375e-05,1,14075
105,666,5.203125e-05,1,14137
12319,666,5.203125e-05,1,14125
13107,666,5.203125e-05,1,14145
7572,666,5.203125e-05,1,14141
15770,666,5.203125e-05,1,14123
1443,666,5.203125e-05,1,14142
15474,666,5.203125e-05,1,14150
10530,666,5.203125e-05,1,14144
6541,666,5.203125e-05,1,14159
2594,666,5.203125e-05,1,14154
5108,666,5.203125e-05,1,14157
10017,666,5.203125e-05,1,14152
15647,666,5.203125e-05,1,14138
14397,666,5.203125e-05,1,14133
7199,666,5.203125e-05,1,14122
6866,666,5.203125e-05,1,14155
11946,666,5.203125e-05,1,14126
4744,666,5.203125e-05,1,14139
14948,666,5.203125e-05,1,14130
8673,666,5.203125e-05,1,14149
8684,666,5.203125e-05,1,14132
12434,666,5.203125e-05,1,14160
9259,666,5.203125e-05,1,14143
6504,666,5.203125e-05,1,14158
6347,666,5.203125e-05,1,14127
12945,666,5.203125e-05,1,14153
9152,666,5.203125e-05,1,14148
13872,666,5.203125e-05,1,14128
9911,666,5.203125e-05,1,14124
14662,666,5.203125e-05,1,14135
4610,666,5.203125e-05,1,14136
7265,666,5.203125e-05,1,14146
6121,666,5.203125e-05,1,14140
15996,666,5.203125e-05,1,14129
6901,666,5.203125e-05,1,14147
11658,666,5.203125e-05,1,14161
4169,666,5.203125e-05,1,14131
15179,666,5.203125e-05,1,14121
2123,666,5.203125e-05,1,14134
16125,666,5.203125e-05,1,14151
5453,666,5.203125e-05,1,14156
9172,665,5.1953125e-05,1,14175
13141,665,5.1953125e-05,1,14196
3211,665,5.1953125e-05,1,14182
15498,665,5.1953125e-05,1,14188
3797,665,5.1953125e-05,1,14170
11317,665,5.1953125e-05,1,14168
2702,665,5.1953125e-05,1,14192
7019,665,5.1953125e-05,1,14193
3985,665,5.1953125e-05,1,14171
9652,665,5.1953125e-05,1,14173
13460,665,5.1953125e-05,1,14176
6898,665,5.1953125e-05,1,14194
14868,665,5.1953125e-05,1,14197
2793,665,5.1953125e-05,1,14185
12333,665,5.1953125e-05,1,14181
14035,665,5.1953125e-05,1,14178
10998,665,5.1953125e-05,1,14179
5495,665,5.1953125e-05,1,14190
4749,665,5.1953125e-05,1,14184
7679,665,5.1953125e-05,1,14186
2928,665,5.1953125e-05,1,14199
475,665,5.1953125e-05,1,14167
823,665,5.1953125e-05,1,14189
3688,665,5.1953125e-05,1,14165
1780,665,5.1953125e-05,1,14180
7003,665,5.1953125e-05,1,14183
2403,665,5.1953125e-05,1,14191
8767,665,5.1953125e-05,1,14195
6157,665,5.1953125e-05,1,14162
2022,665,5.1953125e-05,1,14172
1154,665,5.1953125e-05,1,14177
13084,665,5.1953125e-05,1,14198
9129,665,5.1953125e-05,1,14174
3650,665,5.1953125e-05,1,14187
2883,665,5.1953125e-05,1,14169
8307,665,5.1953125e-05,1,14166
12422,665,5.1953125e-05,1,14163
9431,665,5.1953125e-05,1,14164
3447,664,5.1875e-05,1,14228
15624,664,5.1875e-05,1,14209
7150,664,5.1875e-05,1,14230
15835,664,5.1875e-05,1,14210
3043,664,5.1875e-05,1,14214
1872,664,5.1875e-05,1,14201
12010,664,5.1875e-05,1,14211
13025,664,5.1875e-05,1,14207
10345,664,5.1875e-05,1,14231
3588,664,5.1875e-05,1,14212
2740,664,5.1875e-05,1,14202
10618,664,5.1875e-05,1,14200
257,664,5.1875e-05,1,14208
15744,664,5.1875e-05,1,14216
11574,664,5.1875e-05,1,14220
14714,664,5.1875e-05,1,14232
11749,664,5.1875e-05,1,14224
15225,664,5.1875e-05,1,14213
8789,664,5.1875e-05,1,14217
1102,664,5.1875e-05,1,14233
13009,664,5.1875e-05,1,14206
9157,664,5.1875e-05,1,14221
11130,664,5.1875e-05,1,14203
9173,664,5.1875e-05,1,14229
1092,664,5.1875e-05,1,14222
2497,664,5.1875e-05,1,14226
10546,664,5.1875e-05,1,14219
5929,664,5.1875e-05,1,14223
33,664,5.1875e-05,1,14215
12313,664,5.1875e-05,1,14218
10102,664,5.1875e-05,1,14204
12936,664,5.1875e-05,1,14225
8695,664,5.1875e-05,1,14227
12836,664,5.1875e-05,1,14205
15095,663,5.1796875e-05,1,14258
2827,663,5.1796875e-05,1,14246
7112,663,5.1796875e-05,1,14267
12877,663,5.1796875e-05,1,14266
11488,663,5.1796875e-05,1,14268
13621,663,5.1796875e-05,1,14271
11903,663,5.1796875e-05,1,14284
3536,663,5.1796875e-05,1,14239
6568,663,5.1796875e-05,1,14256
3179,663,5.1796875e-05,1,14282
10841,663,5.1796875e-05,1,14240
6152,663,5.1796875e-05,1,14243
12239,663,5.1796875e-05,1,14272
5879,663,5.1796875e-05,1,14250
12196,663,5.1796875e-05,1,14265
3765,663,5.1796875e-05,1,14255
8984,663,5.1796875e-05,1,14270
13098,663,5.1796875e-05,1,14262
15781,663,5.1796875e-05,1,14242
6469,663,5.1796875e-05,1,14277
13493,663,5.1796875e-05,1,14244
3682,663,5.1796875e-05,1,14269
5354,663,5.1796875e-05,1,14254
14842,663,5.1796875e-05,1,14251
3743,663,5.1796875e-05,1,14252
14453,663,5.1796875e-05,1,14273
14454,663,5.1796875e-05,1,14261
8849,663,5.1796875e-05,1,14234
1636,663,5.1796875e-05,1,14257
2513,663,5.1796875e-05,1,14245
4931,663,5.1796875e-05,1,14276
9571,663,5.1796875e-05,1,14278
5773,663,5.1796875e-05,1,14279
8543,663,5.1796875e-05,1,14248
13685,663,5.1796875e-05,1,14238
979,663,5.1796875e-05,1,14275
11252,663,5.1796875e-05,1,14283
9860,663,5.1796875e-05,1,14274
5539,663,5.1796875e-05,1,14249
9316,663,5.1796875e-05,1,14235
10664,663,5.1796875e-05,1,14259
6011,663,5.1796875e-05,1,14264
9058,663,5.1796875e-05,1,14280
3594,663,5.1796875e-05,1,14281
12983,663,5.1796875e-05,1,14263
14635,663,5.1796875e-05,1,14260
4299,663,5.1796875e-05,1,14241
11479,663,5.1796875e-05,1,14247
10444,663,5.1796875e-05,1,14236
12743,663,5.1796875e-05,1,14237
15501,663,5.1796875e-05,1,14253
4489,662,5.171875e-05,1,14287
2766,662,5.171875e-05,1,14290
12425,662,5.171875e-05,1,14300
11212,662,5.171875e-05,1,14314
9283,662,5.171875e-05,1,14297
8865,662,5.171875e-05,1,14291
6506,662,5.171875e-05,1,14294
3969,662,5.171875e-05,1,14309
7360,662,5.171875e-05,1,14299
2573,662,5.171875e-05,1,14289
9928,662,5.171875e-05,1,14313
10836,662,5.171875e-05,1,14307
11372,662,5.171875e-05,1,14292
6853,662,5.171875e-05,1,14304
14833,662,5.171875e-05,1,14315
1963,662,5.171875e-05,1,14303
5464,662,5.171875e-05,1,14301
1942,662,5.171875e-05,1,14306
12749,662,5.171875e-05,1,14312
5433,662,5.171875e-05,1,14298
16372,662,5.171875e-05,1,14286
15879,662,5.171875e-05,1,14293
11350,662,5.171875e-05,1,14305
15151,662,5.171875e-05,1,14295
6459,662,5.171875e-05,1,14310
7215,662,5.171875e-05,1,14296
8999,662,5.171875e-05,1,14288
11943,662,5.171875e-05,1,14308
15943,662,5.171875e-05,1,14316
12131,662,5.171875e-05,1,14311
11613,662,5.171875e-05,1,14285
16007,662,5.171875e-05,1,14302
1046,661,5.1640625e-05,1,14327
545,661,5.1640625e-05,1,14325
11626,661,5.1640625e-05,1,14344
10761,661,5.1640625e-05,1,14324
14694,661,5.1640625e-05,1,14326
11432,661,5.1640625e-05,1,14317
11486,661,5.1640625e-05,1,14345
640,661,5.1640625e-05,1,14339
14801,661,5.1640625e-05,1,14321
2865,661,5.1640625e-05,1,14320
3814,661,5.1640625e-05,1,14348
14217,661,5.1640625e-05,1,14330
318,661,5.1640625e-05,1,14333
11348,661,5.1640625e-05,1,14346
11721,661,5.1640625e-05,1,14334
9779,661,5.1640625e-05,1,14341
2657,661,5.1640625e-05,1,14332
14688,661,5.1640625e-05,1,14331
5677,661,5.1640625e-05,1,14323
321,661,5.1640625e-05,1,14335
5508,661,5.1640625e-05,1,14340
14884,661,5.1640625e-05,1,14336
9952,661,5.1640625e-05,1,14347
418,661,5.1640625e-05,1,14322
11916,661,5.1640625e-05,1,14328
6235,661,5.1640625e-05,1,14343
15662,661,5.1640625e-05,1,14319
11977,661,5.1640625e-05,1,14342
6832,661,5.1640625e-05,1,14338
5807,661,5.1640625e-05,1,14318
9639,661,5.1640625e-05,1,14329
4308,661,5.1640625e-05,1,14337
12036,660,5.15625e-05,1,14375
14071,660,5.15625e-05,1,14386
12524,660,5.15625e-05,1,14353
9712,660,5.15625e-05,1,14359
12126,660,5.15625e-05,1,14362
9399,660,5.15625e-05,1,14371
15171,660,5.15625e-05,1,14357
8779,660,5.15625e-05,1,14363
7041,660,5.15625e-05,1,14365
1917,660,5.15625e-05,1,14380
7444,660,5.15625e-05,1,14376
5866,660,5.15625e-05,1,14378
11744,660,5.15625e-05,1,14367
3384,660,5.15625e-05,1,14383
14174,660,5.15625e-05,1,14366
2238,660,5.15625e-05,1,14374
10192,660,5.15625e-05,1,14385
12861,660,5.15625e-05,1,14387
2269,660,5.15625e-05,1,14349
11320,660,5.15625e-05,1,14368
14156,660,5.15625e-05,1,14361
12217,660,5.15625e-05,1,14379
5985,660,5.15625e-05,1,14351
11802,660,5.15625e-05,1,14358
15509,660,5.15625e-05,1,14369
14400,660,5.15625e-05,1,14350
13343,660,5.15625e-05,1,14364
8284,660,5.15625e-05,1,14354
6228,660,5.15625e-05,1,14355
221,660,5.15625e-05,1,14381
593,660,5.15625e-05,1,14360
15532,660,5.15625e-05,1,14382
10624,660,5.15625e-05,1,14372
3546,660,5.15625e-05,1,14384
64,660,5.15625e-05,1,14388
12274,660,5.15625e-05,1,14352
2233,660,5.15625e-05,1,14370
12379,660,5.15625e-05,1,14373
3965,660,5.15625e-05,1,14377
4826,660,5.15625e-05,1,14356
3282,659,5.1484375e-05,1,14413
13555,659,5.1484375e-05,1,14401
11458,659,5.1484375e-05,1,14399
2797,659,5.1484375e-05,1,14409
7267,659,5.1484375e-05,1,14406
7088,659,5.1484375e-05,1,14414
6367,659,5.1484375e-05,1,14395
116,659,5.1484375e-05,1,14394
6884,659,5.1484375e-05,1,14415
1429,659,5.1484375e-05,1,14402
9595,659,5.1484375e-05,1,14411
6351,659,5.1484375e-05,1,14412
5944,659,5.1484375e-05,1,14397
10355,659,5.1484375e-05,1,14396
10515,659,5.1484375e-05,1,14416
15952,659,5.1484375e-05,1,14389
6904,659,5.1484375e-05,1,14404
201,659,5.1484375e-05,1,14391
7632,659,5.1484375e-05,1,14403
837,659,5.1484375e-05,1,14392
6837,659,5.1484375e-05,1,14408
3436,659,5.1484375e-05,1,14407
15957,659,5.1484375e-05,1,14390
14869,659,5.1484375e-05,1,14393
5833,659,5.1484375e-05,1,14405
9867,659,5.1484375e-05,1,14398
4672,659,5.1484375e-05,1,14410
5237,659,5.1484375e-05,1,14400
14660,658,5.140625e-05,1,14446
8672,658,5.140625e-05,1,14432
7829,658,5.140625e-05,1,14444
10365,658,5.140625e-05,1,14450
10335,658,5.140625e-05,1,14433
14769,658,5.140625e-05,1,14423
12396,658,5.140625e-05,1,14430
9107,658,5.140625e-05,1,14429
15187,658,5.140625e-05,1,14438
3684,658,5.140625e-05,1,14445
13648,658,5.140625e-05,1,14452
13731,658,5.140625e-05,1,14421
10566,658,5.140625e-05,1,14441
5116,658,5.140625e-05,1,14417
12938,658,5.140625e-05,1,14422
3250,658,5.140625e-05,1,14448
6386,658,5.140625e-05,1,14437
3338,658,5.140625e-05,1,14439
2393,658,5.140625e-05,1,14434
1619,658,5.140625e-05,1,14451
10031,658,5.140625e-05,1,14431
10450,658,5.140625e-05,1,14447
12695,658,5.140625e-05,1,14426
7552,658,5.140625e-05,1,14440
4315,658,5.140625e-05,1,14427
7885,658,5.140625e-05,1,14443
4371,658,5.140625e-05,1,14428
3419,658,5.140625e-05,1,14435
7956,658,5.140625e-05,1,14449
5537,658,5.140625e-05,1,14436
15560,658,5.140625e-05,1,14425
21,658,5.140625e-05,1,14442
3817,658,5.140625e-05,1,14418
10069,658,5.140625e-05,1,14420
14189,658,5.140625e-05,1,14424
8261,658,5.140625e-05,1,14419
9886,657,5.1328125e-05,1,14481
15069,657,5.1328125e-05,1,14476
7319,657,5.1328125e-05,1,14472
13663,657,5.1328125e-05,1,14453
7302,657,5.1328125e-05,1,14463
13653,657,5.1328125e-05,1,14471
799,657,5.1328125e-05,1,14479
4601,657,5.1328125e-05,1,14457
16324,657,5.1328125e-05,1,14483
6315,657,5.1328125e-05,1,14487
11545,657,5.1328125e-05,1,14480
3156,657,5.1328125e-05,1,14492
11651,657,5.1328125e-05,1,14475
13032,657,5.1328125e-05,1,14468
6794,657,5.1328125e-05,1,14454
11526,657,5.1328125e-05,1,14482
4419,657,5.1328125e-05,1,14489
14566,657,5.1328125e-05,1,14458
8131,657,5.1328125e-05,1,14470
4438,657,5.1328125e-05,1,14474
5351,657,5.1328125e-05,1,14461
15549,657,5.1328125e-05,1,14493
15135,657,5.1328125e-05,1,14486
12034,657,5.1328125e-05,1,14484
2059,657,5.1328125e-05,1,14466
2102,657,5.1328125e-05,1,14462
7807,657,5.1328125e-05,1,14465
2882,657,5.1328125e-05,1,14478
7514,657,5.1328125e-05,1,14455
14389,657,5.1328125e-05,1,14473
15916,657,5.1328125e-05,1,14469
5567,657,5.1328125e-05,1,14460
3093,657,5.1328125e-05,1,14488
3755,657,5.1328125e-05,1,14477
8926,657,5.1328125e-05,1,14459
15547,657,5.1328125e-05,1,14485
13435,657,5.1328125e-05,1,14464
7061,657,5.1328125e-05,1,14467
9420,657,5.1328125e-05,1,14490
6702,657,5.1328125e-05,1,14491
14070,657,5.1328125e-05,1,14456
16283,656,5.125e-05,1,14519
13441,656,5.125e-05,1,14494
13405,656,5.125e-05,1,14503
11838,656,5.125e-05,1,14515
14630,656,5.125e-05,1,14507
11399,656,5.125e-05,1,14502
14104,656,5.125e-05,1,14510
9609,656,5.125e-05,1,14521
4829,656,5.125e-05,1,14514
3303,656,5.125e-05,1,14495
2150,656,5.125e-05,1,14512
13380,656,5.125e-05,1,14500
16019,656,5.125e-05,1,14497
6816,656,5.125e-05,1,14511
11700,656,5.125e-05,1,14506
6649,656,5.125e-05,1,14517
13350,656,5.125e-05,1,14498
2590,656,5.125e-05,1,14516
13106,656,5.125e-05,1,14518
10933,656,5.125e-05,1,14508
15313,656,5.125e-05,1,14504
1084,656,5.125e-05,1,14501
2076,656,5.125e-05,1,14513
9429,656,5.125e-05,1,14520
3504,656,5.125e-05,1,14505
5402,656,5.125e-05,1,14496
5683,656,5.125e-05,1,14499
5881,656,5.125e-05,1,14509
11258,655,5.1171875e-05,1,14524
9795,655,5.1171875e-05,1,14528
13140,655,5.1171875e-05,1,14551
5911,655,5.1171875e-05,1,14557
2402,655,5.1171875e-05,1,14535
5132,655,5.1171875e-05,1,14541
3266,655,5.1171875e-05,1,14552
11346,655,5.1171875e-05,1,14522
8433,655,5.1171875e-05,1,14545
5466,655,5.1171875e-05,1,14533
13866,655,5.1171875e-05,1,14555
12700,655,5.1171875e-05,1,14527
10507,655,5.1171875e-05,1,14548
15344,655,5.1171875e-05,1,14550
4050,655,5.1171875e-05,1,14549
13624,655,5.1171875e-05,1,14525
15037,655,5.1171875e-05,1,14543
6735,655,5.1171875e-05,1,14556
766,655,5.1171875e-05,1,14536
12083,655,5.1171875e-05,1,14530
14208,655,5.1171875e-05,1,14553
2047,655,5.1171875e-05,1,14547
14392,655,5.1171875e-05,1,14542
8038,655,5.1171875e-05,1,14537
6454,655,5.1171875e-05,1,14554
10298,655,5.1171875e-05,1,14534
11550,655,5.1171875e-05,1,14544
843,655,5.1171875e-05,1,14526
13270,655,5.1171875e-05,1,14539
206,655,5.1171875e-05,1,14546
8210,655,5.1171875e-05,1,14538
10805,655,5.1171875e-05,1,14529
3810,655,5.1171875e-05,1,14540
13135,655,5.1171875e-05,1,14532
11265,655,5.1171875e-05,1,14523
15804,655,5.1171875e-05,1,14531
13451,654,5.109375e-05,1,14563
1949,654,5.109375e-05,1,14585
1546,654,5.109375e-05,1,14560
2505,654,5.109375e-05,1,14582
6498,654,5.109375e-05,1,14596
14111,654,5.109375e-05,1,14565
15140,654,5.109375e-05,1,14569
14655,654,5.109375e-05,1,14599
2428,654,5.109375e-05,1,14577
14138,654,5.109375e-05,1,14597
15309,654,5.109375e-05,1,14558
13557,654,5.109375e-05,1,14574
5991,654,5.109375e-05,1,14593
5428,654,5.109375e-05,1,14594
4313,654,5.109375e-05,1,14583
5438,654,5.109375e-05,1,14586
7497,654,5.109375e-05,1,14600
3839,654,5.109375e-05,1,14566
4803,654,5.109375e-05,1,14571
10491,654,5.109375e-05,1,14591
11557,654,5.109375e-05,1,14573
1284,654,5.109375e-05,1,14559
6499,654,5.109375e-05,1,14588
4816,654,5.109375e-05,1,14590
3309,654,5.109375e-05,1,14562
14386,654,5.109375e-05,1,14592
12591,654,5.109375e-05,1,14595
10068,654,5.109375e-05,1,14567
10743,654,5.109375e-05,1,14570
4007,654,5.109375e-05,1,14581
2946,654,5.109375e-05,1,14589
5547,654,5.109375e-05,1,14579
6551,654,5.109375e-05,1,14564
14893,654,5.109375e-05,1,14572
3418,654,5.109375e-05,1,14568
9174,654,5.109375e-05,1,14575
9204,654,5.109375e-05,1,14578
3029,654,5.109375e-05,1,14561
2338,654,5.109375e-05,1,14598
2570,654,5.109375e-05,1,14584
9849,654,5.109375e-05,1,14580
10780,654,5.109375e-05,1,14576
12526,654,5.109375e-05,1,14587
7284,653,5.1015625e-05,1,14607
9304,653,5.1015625e-05,1,14605
15374,653,5.1015625e-05,1,14623
8417,653,5.1015625e-05,1,14610
3806,653,5.1015625e-05,1,14616
14199,653,5.1015625e-05,1,14603
13539,653,5.1015625e-05,1,14633
8215,653,5.1015625e-05,1,14628
4077,653,5.1015625e-05,1,14602
7074,653,5.1015625e-05,1,14632
5937,653,5.1015625e-05,1,14611
11236,653,5.1015625e-05,1,14621
11576,653,5.1015625e-05,1,14608
5678,653,5.1015625e-05,1,14615
3400,653,5.1015625e-05,1,14609
6918,653,5.1015625e-05,1,14618
8619,653,5.1015625e-05,1,14626
7481,653,5.1015625e-05,1,14625
5549,653,5.1015625e-05,1,14619
1235,653,5.1015625e-05,1,14606
16093,653,5.1015625e-05,1,14627
14563,653,5.1015625e-05,1,14624
4779,653,5.1015625e-05,1,14622
9205,653,5.1015625e-05,1,14601
1829,653,5.1015625e-05,1,14612
2778,653,5.1015625e-05,1,14634
8831,653,5.1015625e-05,1,14613
15311,653,5.1015625e-05,1,14604
6662,653,5.1015625e-05,1,14620
297,653,5.1015625e-05,1,14614
9371,653,5.1015625e-05,1,14630
7517,653,5.1015625e-05,1,14617
5040,653,5.1015625e-05,1,14631
4163,653,5.1015625e-05,1,14629
5154,652,5.09375e-05,1,14639
1022,652,5.09375e-05,1,14638
11044,652,5.09375e-05,1,14670
7935,652,5.09375e-05,1,14648
4746,652,5.09375e-05,1,14636
7990,652,5.09375e-05,1,14646
2823,652,5.09375e-05,1,14637
13131,652,5.09375e-05,1,14664
13629,652,5.09375e-05,1,14659
12998,652,5.09375e-05,1,14666
9637,652,5.09375e-05,1,14650
13116,652,5.09375e-05,1,14640
13714,652,5.09375e-05,1,14654
12778,652,5.09375e-05,1,14644
3904,652,5.09375e-05,1,14641
5348,652,5.09375e-05,1,14645
12075,652,5.09375e-05,1,14662
2857,652,5.09375e-05,1,14651
10340,652,5.09375e-05,1,14656
15523,652,5.09375e-05,1,14647
4835,652,5.09375e-05,1,14665
1029,652,5.09375e-05,1,14642
39,652,5.09375e-05,1,14653
14816,652,5.09375e-05,1,14643
4401,652,5.09375e-05,1,14663
14380,652,5.09375e-05,1,14658
15562,652,5.09375e-05,1,14657
13201,652,5.09375e-05,1,14649
8350,652,5.09375e-05,1,14668
4991,652,5.09375e-05,1,14655
4070,652,5.09375e-05,1,14667
1325,652,5.09375e-05,1,14661
6255,652,5.09375e-05,1,14660
3484,652,5.09375e-05,1,14652
240,652,5.09375e-05,1,14635
5550,652,5.09375e-05,1,14669
1014,651,5.0859375e-05,1,14675
1351,651,5.0859375e-05,1,14674
7149,651,5.0859375e-05,1,14672
1442,651,5.0859375e-05,1,14690
11166,651,5.0859375e-05,1,14685
1866,651,5.0859375e-05,1,14697
846,651,5.0859375e-05,1,14671
13093,651,5.0859375e-05,1,14705
14377,651,5.0859375e-05,1,14673
1220,651,5.0859375e-05,1,14696
452,651,5.0859375e-05,1,14680
15325,651,5.0859375e-05,1,14698
11649,651,5.0859375e-05,1,14692
12151,651,5.0859375e-05,1,14682
6311,651,5.0859375e-05,1,14677
2273,651,5.0859375e-05,1,14701
4465,651,5.0859375e-05,1,14689
10236,651,5.0859375e-05,1,14693
13810,651,5.0859375e-05,1,14703
2221,651,5.0859375e-05,1,14688
14441,651,5.0859375e-05,1,14683
311,651,5.0859375e-05,1,14706
9167,651,5.0859375e-05,1,14695
8575,651,5.0859375e-05,1,14687
15388,651,5.0859375e-05,1,14681
6799,651,5.0859375e-05,1,14700
7430,651,5.0859375e-05,1,14686
15017,651,5.0859375e-05,1,14702
4441,651,5.0859375e-05,1,14676
8701,651,5.0859375e-05,1,14694
3277,651,5.0859375e-05,1,14678
7653,651,5.0859375e-05,1,14691
9834,651,5.0859375e-05,1,14699
12932,651,5.0859375e-05,1,14684
5273,651,5.0859375e-05,1,14679
7627,651,5.0859375e-05,1,14704
7212,650,5.078125e-05,1,14733
5484,650,5.078125e-05,1,14734
6021,650,5.078125e-05,1,14708
289,650,5.078125e-05,1,14711
10526,650,5.078125e-05,1,14737
7399,650,5.078125e-05,1,14731
7159,650,5.078125e-05,1,14716
8068,650,5.078125e-05,1,14735
5128,650,5.078125e-05,1,14707
14427,650,5.078125e-05,1,14712
6407,650,5.078125e-05,1,14722
10346,650,5.078125e-05,1,14713
10496,650,5.078125e-05,1,14714
3479,650,5.078125e-05,1,14719
5868,650,5.078125e-05,1,14736
5800,650,5.078125e-05,1,14721
16317,650,5.078125e-05,1,14720
14646,650,5.078125e-05,1,14717
4511,650,5.078125e-05,1,14732
12802,650,5.078125e-05,1,14710
6149,650,5.078125e-05,1,14725
13739,650,5.078125e-05,1,14729
11544,650,5.078125e-05,1,14709
1598,650,5.078125e-05,1,14730
12523,650,5.078125e-05,1,14718
14606,650,5.078125e-05,1,14724
4283,650,5.078125e-05,1,14728
7931,650,5.078125e-05,1,14715
13801,650,5.078125e-05,1,14727
7330,650,5.078125e-05,1,14726
12418,650,5.078125e-05,1,14723
16130,649,5.0703125e-05,1,14746
15025,649,5.0703125e-05,1,14741
13545,649,5.0703125e-05,1,14739
13560,649,5.0703125e-05,1,14742
12852,649,5.0703125e-05,1,14744
315,649,5.0703125e-05,1,14738
16249,649,5.0703125e-05,1,14752
3378,649,5.0703125e-05,1,14751
6432,649,5.0703125e-05,1,14754
3333,649,5.0703125e-05,1,14743
142,649,5.0703125e-05,1,14748
2840,649,5.0703125e-05,1,14759
7747,649,5.0703125e-05,1,14760
6657,649,5.0703125e-05,1,14757
7460,649,5.0703125e-05,1,14747
7824,649,5.0703125e-05,1,14761
14383,649,5.0703125e-05,1,14745
9139,649,5.0703125e-05,1,14753
11560,649,5.0703125e-05,1,14740
8181,649,5.0703125e-05,1,14749
6319,649,5.0703125e-05,1,14758
7128,649,5.0703125e-05,1,14755
14683,649,5.0703125e-05,1,14750
7950,649,5.0703125e-05,1,14762
12904,649,5.0703125e-05,1,14756
3875,648,5.0625e-05,1,14778
2247,648,5.0625e-05,1,14768
2227,648,5.0625e-05,1,14765
13924,648,5.0625e-05,1,14781
12416,648,5.0625e-05,1,14775
14479,648,5.0625e-05,1,14769
4790,648,5.0625e-05,1,14774
15443,648,5.0625e-05,1,14763
7676,648,5.0625e-05,1,14787
2329,648,5.0625e-05,1,14764
1238,648,5.0625e-05,1,14791
3362,648,5.0625e-05,1,14785
12194,648,5.0625e-05,1,14766
16225,648,5.0625e-05,1,14783
5695,648,5.0625e-05,1,14793
933,648,5.0625e-05,1,14773
12617,648,5.0625e-05,1,14770
13011,648,5.0625e-05,1,14779
8015,648,5.0625e-05,1,14792
3206,648,5.0625e-05,1,14789
2591,648,5.0625e-05,1,14767
13005,648,5.0625e-05,1,14790
2492,648,5.0625e-05,1,14772
2695,648,5.0625e-05,1,14776
8226,648,5.0625e-05,1,14780
11341,648,5.0625e-05,1,14784
14785,648,5.0625e-05,1,14777
5095,648,5.0625e-05,1,14788
5340,648,5.0625e-05,1,14786
5311,648,5.0625e-05,1,14782
14924,648,5.0625e-05,1,14771
11148,647,5.0546875e-05,1,14819
3477,647,5.0546875e-05,1,14797
4235,647,5.0546875e-05,1,14817
4105,647,5.0546875e-05,1,14818
13354,647,5.0546875e-05,1,14801
10058,647,5.0546875e-05,1,14807
14045,647,5.0546875e-05,1,14808
9454,647,5.0546875e-05,1,14794
12545,647,5.0546875e-05,1,14800
10678,647,5.0546875e-05,1,14812
14616,647,5.0546875e-05,1,14826
12782,647,5.0546875e-05,1,14828
11149,647,5.0546875e-05,1,14825
9857,647,5.0546875e-05,1,14815
9555,647,5.0546875e-05,1,14827
7645,647,5.0546875e-05,1,14830
4460,647,5.0546875e-05,1,14796
14681,647,5.0546875e-05,1,14809
3158,647,5.0546875e-05,1,14795
14188,647,5.0546875e-05,1,14798
8349,647,5.0546875e-05,1,14823
14205,647,5.0546875e-05,1,14806
14501,647,5.0546875e-05,1,14822
4010,647,5.0546875e-05,1,14802
7398,647,5.0546875e-05,1,14814
299,647,5.0546875e-05,1,14811
3626,647,5.0546875e-05,1,14810
5409,647,5.0546875e-05,1,14803
11095,647,5.0546875e-05,1,14829
5443,647,5.0546875e-05,1,14799
13971,647,5.0546875e-05,1,14816
11781,647,5.0546875e-05,1,14820
15969,647,5.0546875e-05,1,14813
11774,647,5.0546875e-05,1,14821
12157,647,5.0546875e-05,1,14824
3554,647,5.0546875e-05,1,14805
13917,647,5.0546875e-05,1,14804
12085,646,5.046875e-05,1,14832
12899,646,5.046875e-05,1,14843
8899,646,5.046875e-05,1,14846
9463,646,5.046875e-05,1,14840
1721,646,5.046875e-05,1,14839
8420,646,5.046875e-05,1,14853
9837,646,5.046875e-05,1,14836
502,646,5.046875e-05,1,14835
10079,646,5.046875e-05,1,14855
4992,646,5.046875e-05,1,14856
13454,646,5.046875e-05,1,14842
8802,646,5.046875e-05,1,14844
9233,646,5.046875e-05,1,14838
15857,646,5.046875e-05,1,14854
8170,646,5.046875e-05,1,14848
3022,646,5.046875e-05,1,14849
4361,646,5.046875e-05,1,14833
15223,646,5.046875e-05,1,14841
6542,646,5.046875e-05,1,14852
11198,646,5.046875e-05,1,14831
2820,646,5.046875e-05,1,14847
3737,646,5.046875e-05,1,14851
6448,646,5.046875e-05,1,14845
5553,646,5.046875e-05,1,14837
8144,646,5.046875e-05,1,14850
720,646,5.046875e-05,1,14834
3533,645,5.0390625e-05,1,14874
14432,645,5.0390625e-05,1,14868
11689,645,5.0390625e-05,1,14860
2229,645,5.0390625e-05,1,14875
7698,645,5.0390625e-05,1,14864
14551,645,5.0390625e-05,1,14862
14981,645,5.0390625e-05,1,14871
15728,645,5.0390625e-05,1,14872
16345,645,5.0390625e-05,1,14863
16340,645,5.0390625e-05,1,14858
3107,645,5.0390625e-05,1,14876
4413,645,5.0390625e-05,1,14865
5748,645,5.0390625e-05,1,14861
454,645,5.0390625e-05,1,14866
15955,645,5.0390625e-05,1,14870
947,645,5.0390625e-05,1,14859
11541,645,5.0390625e-05,1,14869
11079,645,5.0390625e-05,1,14867
10348,645,5.0390625e-05,1,14857
7173,645,5.0390625e-05,1,14873
1026,645,5.0390625e-05,1,14878
10041,645,5.0390625e-05,1,14877
1183,644,5.03125e-05,1,14883
7255,644,5.03125e-05,1,14882
14980,644,5.03125e-05,1,14892
8309,644,5.03125e-05,1,14890
6300,644,5.03125e-05,1,14894
14471,644,5.03125e-05,1,14899
11991,644,5.03125e-05,1,14895
10477,644,5.03125e-05,1,14887
2712,644,5.03125e-05,1,14881
867,644,5.03125e-05,1,14896
5245,644,5.03125e-05,1,14891
6463,644,5.03125e-05,1,14903
879,644,5.03125e-05,1,14884
6136,644,5.03125e-05,1,14889
9370,644,5.03125e-05,1,14885
8927,644,5.03125e-05,1,14879
16097,644,5.03125e-05,1,14880
3963,644,5.03125e-05,1,14898
7183,644,5.03125e-05,1,14901
4681,644,5.03125e-05,1,14897
8125,644,5.03125e-05,1,14900
5828,644,5.03125e-05,1,14886
9245,644,5.03125e-05,1,14888
2933,644,5.03125e-05,1,14902
8518,644,5.03125e-05,1,14893
6558,643,5.0234375e-05,1,14918
10561,643,5.0234375e-05,1,14912
3138,643,5.0234375e-05,1,14920
11357,643,5.0234375e-05,1,14926
12760,643,5.0234375e-05,1,14927
5752,643,5.0234375e-05,1,14909
566,643,5.0234375e-05,1,14936
3811,643,5.0234375e-05,1,14915
12255,643,5.0234375e-05,1,14917
14988,643,5.0234375e-05,1,14924
2099,643,5.0234375e-05,1,14931
13652,643,5.0234375e-05,1,14908
9617,643,5.0234375e-05,1,14906
5628,643,5.0234375e-05,1,14916
5459,643,5.0234375e-05,1,14923
11831,643,5.0234375e-05,1,14930
3456,643,5.0234375e-05,1,14925
5588,643,5.0234375e-05,1,14905
9968,643,5.0234375e-05,1,14929
12421,643,5.0234375e-05,1,14932
4484,643,5.0234375e-05,1,14922
11822,643,5.0234375e-05,1,14934
1612,643,5.0234375e-05,1,14914
14668,643,5.0234375e-05,1,14935
4653,643,5.0234375e-05,1,14937
7996,643,5.0234375e-05,1,14919
11709,643,5.0234375e-05,1,14910
13317,643,5.0234375e-05,1,14933
4086,643,5.0234375e-05,1,14904
11382,643,5.0234375e-05,1,14921
11758,643,5.0234375e-05,1,14907
11138,643,5.0234375e-05,1,14913
14852,643,5.0234375e-05,1,14911
10917,643,5.0234375e-05,1,14928
8164,642,5.015625e-05,1,14962
248,642,5.015625e-05,1,14966
7949,642,5.015625e-05,1,14947
10989,642,5.015625e-05,1,14938
7303,642,5.015625e-05,1,14959
9222,642,5.015625e-05,1,14961
12586,642,5.015625e-05,1,14952
3314,642,5.015625e-05,1,14944
16253,642,5.015625e-05,1,14956
5078,642,5.015625e-05,1,14960
1045,642,5.015625e-05,1,14949
16381,642,5.015625e-05,1,14940
4763,642,5.015625e-05,1,14965
12315,642,5.015625e-05,1,14955
15049,642,5.015625e-05,1,14945
2032,642,5.015625e-05,1,14958
11203,642,5.015625e-05,1,14941
12062,642,5.015625e-05,1,14939
5974,642,5.015625e-05,1,14957
11953,642,5.015625e-05,1,14943
4942,642,5.015625e-05,1,14954
10861,642,5.015625e-05,1,14942
5938,642,5.015625e-05,1,14964
9182,642,5.015625e-05,1,14948
5448,642,5.015625e-05,1,14953
8959,642,5.015625e-05,1,14951
896,642,5.015625e-05,1,14946
14607,642,5.015625e-05,1,14950
8352,642,5.015625e-05,1,14963
15570,641,5.0078125e-05,1,14985
7630,641,5.0078125e-05,1,14977
5768,641,5.0078125e-05,1,14974
9363,641,5.0078125e-05,1,14975
15722,641,5.0078125e-05,1,14981
1145,641,5.0078125e-05,1,14987
5708,641,5.0078125e-05,1,14990
5507,641,5.0078125e-05,1,14971
423,641,5.0078125e-05,1,14979
4675,641,5.0078125e-05,1,14992
4525,641,5.0078125e-05,1,14973
4592,641,5.0078125e-05,1,14978
13064,641,5.0078125e-05,1,14984
12537,641,5.0078125e-05,1,14968
12885,641,5.0078125e-05,1,14989
12826,641,5.0078125e-05,1,14970
1642,641,5.0078125e-05,1,14967
14625,641,5.0078125e-05,1,14972
14939,641,5.0078125e-05,1,14982
1831,641,5.0078125e-05,1,14980
8486,641,5.0078125e-05,1,14988
11720,641,5.0078125e-05,1,14991
12023,641,5.0078125e-05,1,14969
11961,641,5.0078125e-05,1,14986
4037,641,5.0078125e-05,1,14993
11796,641,5.0078125e-05,1,14976
13975,641,5.0078125e-05,1,14983
6491,640,5e-05,1,15007
7783,640,5e-05,1,15001
10018,640,5e-05,1,15011
15627,640,5e-05,1,15015
920,640,5e-05,1,14997
11614,640,5e-05,1,15006
4586,640,5e-05,1,14996
11723,640,5e-05,1,15005
12829,640,5e-05,1,14998
8745,640,5e-05,1,15000
4695,640,5e-05,1,14995
8694,640,5e-05,1,15002
7381,640,5e-05,1,15012
11448,640,5e-05,1,14999
8353,640,5e-05,1,15008
10082,640,5e-05,1,14994
13605,640,5e-05,1,15013
8088,640,5e-05,1,15009
12077,640,5e-05,1,15014
9629,640,5e-05,1,15016
13411,640,5e-05,1,15004
10241,640,5e-05,1,15003
6426,640,5e-05,1,15010
7349,639,4.9921875e-05,1,15029
7594,639,4.9921875e-05,1,15043
13884,639,4.9921875e-05,1,15056
10793,639,4.9921875e-05,1,15042
8472,639,4.9921875e-05,1,15037
9947,639,4.9921875e-05,1,15046
9516,639,4.9921875e-05,1,15017
9344,639,4.9921875e-05,1,15022
12513,639,4.9921875e-05,1,15018
6278,639,4.9921875e-05,1,15036
15237,639,4.9921875e-05,1,15048
15079,639,4.9921875e-05,1,15033
7163,639,4.9921875e-05,1,15050
8255,639,4.9921875e-05,1,15054
13992,639,4.9921875e-05,1,15031
14182,639,4.9921875e-05,1,15020
5771,639,4.9921875e-05,1,15052
2612,639,4.9921875e-05,1,15021
11914,639,4.9921875e-05,1,15047
10172,639,4.9921875e-05,1,15023
2762,639,4.9921875e-05,1,15055
14803,639,4.9921875e-05,1,15025
11414,639,4.9921875e-05,1,15044
1986,639,4.9921875e-05,1,15040
15971,639,4.9921875e-05,1,15041
10983,639,4.9921875e-05,1,15051
13784,639,4.9921875e-05,1,15034
3842,639,4.9921875e-05,1,15026
3239,639,4.9921875e-05,1,15024
6316,639,4.9921875e-05,1,15045
13848,639,4.9921875e-05,1,15032
9824,639,4.9921875e-05,1,15028
4139,639,4.9921875e-05,1,15039
202,639,4.9921875e-05,1,15027
15400,639,4.9921875e-05,1,15019
5336,639,4.9921875e-05,1,15057
3064,639,4.9921875e-05,1,15049
7383,639,4.9921875e-05,1,15030
2311,639,4.9921875e-05,1,15035
5850,639,4.9921875e-05,1,15053
4486,639,4.9921875e-05,1,15038
12086,638,4.984375e-05,1,15072
11931,638,4.984375e-05,1,15073
1018,638,4.984375e-05,1,15067
10725,638,4.984375e-05,1,15059
3780,638,4.984375e-05,1,15063
15092,638,4.984375e-05,1,15066
9402,638,4.984375e-05,1,15088
7658,638,4.984375e-05,1,15089
8084,638,4.984375e-05,1,15062
14430,638,4.984375e-05,1,15065
15542,638,4.984375e-05,1,15075
15599,638,4.984375e-05,1,15068
10902,638,4.984375e-05,1,15080
14408,638,4.984375e-05,1,15084
9433,638,4.984375e-05,1,15074
3140,638,4.984375e-05,1,15060
2416,638,4.984375e-05,1,15081
8648,638,4.984375e-05,1,15087
174,638,4.984375e-05,1,15082
8830,638,4.984375e-05,1,15076
1226,638,4.984375e-05,1,15061
4959,638,4.984375e-05,1,15058
10711,638,4.984375e-05,1,15064
10100,638,4.984375e-05,1,15077
1819,638,4.984375e-05,1,15069
2956,638,4.984375e-05,1,15071
4569,638,4.984375e-05,1,15086
10245,638,4.984375e-05,1,15085
16291,638,4.984375e-05,1,15083
11594,638,4.984375e-05,1,15070
673,638,4.984375e-05,1,15090
12590,638,4.984375e-05,1,15078
12670,638,4.984375e-05,1,15079
14239,637,4.9765625e-05,1,15120
3670,637,4.9765625e-05,1,15094
3079,637,4.9765625e-05,1,15108
621,637,4.9765625e-05,1,15119
1033,637,4.9765625e-05,1,15105
14417,637,4.9765625e-05,1,15100
3272,637,4.9765625e-05,1,15098
8611,637,4.9765625e-05,1,15116
1812,637,4.9765625e-05,1,15121
13099,637,4.9765625e-05,1,15096
15466,637,4.9765625e-05,1,15117
6669,637,4.9765625e-05,1,15110
5445,637,4.9765625e-05,1,15122
15906,637,4.9765625e-05,1,15107
9954,637,4.9765625e-05,1,15103
15153,637,4.9765625e-05,1,15095
5219,637,4.9765625e-05,1,15097
338,637,4.9765625e-05,1,15115
8848,637,4.9765625e-05,1,15118
6182,637,4.9765625e-05,1,15091
5299,637,4.9765625e-05,1,15104
4155,637,4.9765625e-05,1,15093
3889,637,4.9765625e-05,1,15112
13282,637,4.9765625e-05,1,15092
3944,637,4.9765625e-05,1,15106
9744,637,4.9765625e-05,1,15113
10685,637,4.9765625e-05,1,15109
2530,637,4.9765625e-05,1,15111
15588,637,4.9765625e-05,1,15101
1063,637,4.9765625e-05,1,15102
14315,637,4.9765625e-05,1,15099
12449,637,4.9765625e-05,1,15114
11284,636,4.96875e-05,1,15141
13420,636,4.96875e-05,1,15126
7325,636,4.96875e-05,1,15131
15618,636,4.96875e-05,1,15140
11642,636,4.96875e-05,1,15136
8689,636,4.96875e-05,1,15125
3527,636,4.96875e-05,1,15127
3860,636,4.96875e-05,1,15133
6161,636,4.96875e-05,1,15137
14542,636,4.96875e-05,1,15128
15867,636,4.96875e-05,1,15132
12726,636,4.96875e-05,1,15138
7386,636,4.96875e-05,1,15129
3144,636,4.96875e-05,1,15130
14494,636,4.96875e-05,1,15124
12438,636,4.96875e-05,1,15134
10471,636,4.96875e-05,1,15123
16155,636,4.96875e-05,1,15135
8450,636,4.96875e-05,1,15139
2623,635,4.9609375e-05,1,15167
11627,635,4.9609375e-05,1,15160
7734,635,4.9609375e-05,1,15145
9496,635,4.9609375e-05,1,15168
10692,635,4.9609375e-05,1,15164
9951,635,4.9609375e-05,1,15156
12486,635,4.9609375e-05,1,15163
14132,635,4.9609375e-05,1,15161
15430,635,4.9609375e-05,1,15154
14088,635,4.9609375e-05,1,15152
9349,635,4.9609375e-05,1,15162
6320,635,4.9609375e-05,1,15146
9072,635,4.9609375e-05,1,15150
15268,635,4.9609375e-05,1,15143
9643,635,4.9609375e-05,1,15157
968,635,4.9609375e-05,1,15153
3764,635,4.9609375e-05,1,15158
2926,635,4.9609375e-05,1,15155
6723,635,4.9609375e-05,1,15165
8952,635,4.9609375e-05,1,15159
3919,635,4.9609375e-05,1,15148
4059,635,4.9609375e-05,1,15166
5778,635,4.9609375e-05,1,15142
7004,635,4.9609375e-05,1,15147
7994,635,4.9609375e-05,1,15149
11126,635,4.9609375e-05,1,15144
317,635,4.9609375e-05,1,15151
13246,634,4.953125e-05,1,15183
14410,634,4.953125e-05,1,15182
2751,634,4.953125e-05,1,15175
9480,634,4.953125e-05,1,15172
4550,634,4.953125e-05,1,15179
12238,634,4.953125e-05,1,15180
3994,634,4.953125e-05,1,15173
11523,634,4.953125e-05,1,15185
3195,634,4.953125e-05,1,15169
9358,634,4.953125e-05,1,15174
4005,634,4.953125e-05,1,15177
13506,634,4.953125e-05,1,15171
5284,634,4.953125e-05,1,15184
12701,634,4.953125e-05,1,15170
5483,634,4.953125e-05,1,15186
3893,634,4.953125e-05,1,15176
13812,634,4.953125e-05,1,15178
14747,634,4.953125e-05,1,15181
5353,633,4.9453125e-05,1,15187
15024,633,4.9453125e-05,1,15201
10154,633,4.9453125e-05,1,15205
6434,633,4.9453125e-05,1,15198
1139,633,4.9453125e-05,1,15193
12520,633,4.9453125e-05,1,15189
11183,633,4.9453125e-05,1,15203
9890,633,4.9453125e-05,1,15191
9962,633,4.9453125e-05,1,15196
4843,633,4.9453125e-05,1,15200
5522,633,4.9453125e-05,1,15204
15536,633,4.9453125e-05,1,15190
16104,633,4.9453125e-05,1,15195
5737,633,4.9453125e-05,1,15207
13851,633,4.9453125e-05,1,15206
14001,633,4.9453125e-05,1,15197
15924,633,4.9453125e-05,1,15192
6384,633,4.9453125e-05,1,15202
6770,633,4.9453125e-05,1,15199
8370,633,4.9453125e-05,1,15188
6503,633,4.9453125e-05,1,15194
302,632,4.9375e-05,1,15219
9405,632,4.9375e-05,1,15210
6940,632,4.9375e-05,1,15214
11375,632,4.9375e-05,1,15220
1981,632,4.9375e-05,1,15222
15870,632,4.9375e-05,1,15212
15953,632,4.9375e-05,1,15208
5639,632,4.9375e-05,1,15218
11221,632,4.9375e-05,1,15224
9736,632,4.9375e-05,1,15209
12373,632,4.9375e-05,1,15221
5494,632,4.9375e-05,1,15216
15734,632,4.9375e-05,1,15213
15001,632,4.9375e-05,1,15223
638,632,4.9375e-05,1,15211
10159,632,4.9375e-05,1,15217
10171,632,4.9375e-05,1,15215
12296,632,4.9375e-05,1,15225
13231,632,4.9375e-05,1,15226
11270,631,4.9296875e-05,1,15229
6027,631,4.9296875e-05,1,15228
12306,631,4.9296875e-05,1,15239
12392,631,4.9296875e-05,1,15248
11617,631,4.9296875e-05,1,15254
3583,631,4.9296875e-05,1,15245
10261,631,4.9296875e-05,1,15230
11050,631,4.9296875e-05,1,15241
15369,631,4.9296875e-05,1,15250
6515,631,4.9296875e-05,1,15240
15709,631,4.9296875e-05,1,15227
10148,631,4.9296875e-05,1,15235
5763,631,4.9296875e-05,1,15237
11307,631,4.9296875e-05,1,15253
12504,631,4.9296875e-05,1,15231
10101,631,4.9296875e-05,1,15238
2562,631,4.9296875e-05,1,15249
1326,631,4.9296875e-05,1,15236
11625,631,4.9296875e-05,1,15242
6293,631,4.9296875e-05,1,15256
4253,631,4.9296875e-05,1,15255
14338,631,4.9296875e-05,1,15251
6183,631,4.9296875e-05,1,15232
15607,631,4.9296875e-05,1,15252
10714,631,4.9296875e-05,1,15247
13800,631,4.9296875e-05,1,15234
16189,631,4.9296875e-05,1,15233
12218,631,4.9296875e-05,1,15243
7392,631,4.9296875e-05,1,15244
9864,631,4.9296875e-05,1,15246
8593,630,4.921875e-05,1,15274
6250,630,4.921875e-05,1,15268
9727,630,4.921875e-05,1,15263
4792,630,4.921875e-05,1,15273
10984,630,4.921875e-05,1,15259
7558,630,4.921875e-05,1,15257
12746,630,4.921875e-05,1,15271
15216,630,4.921875e-05,1,15265
15850,630,4.921875e-05,1,15266
14642,630,4.921875e-05,1,15269
12565,630,4.921875e-05,1,15267
8500,630,4.921875e-05,1,15275
1556,630,4.921875e-05,1,15258
9102,630,4.921875e-05,1,15270
12143,630,4.921875e-05,1,15260
11340,630,4.921875e-05,1,15262
13664,630,4.921875e-05,1,15261
15578,630,4.921875e-05,1,15264
5521,630,4.921875e-05,1,15272
6052,629,4.9140625e-05,1,15289
11770,629,4.9140625e-05,1,15283
14032,629,4.9140625e-05,1,15291
14951,629,4.9140625e-05,1,15290
12756,629,4.9140625e-05,1,15300
22,629,4.9140625e-05,1,15281
14356,629,4.9140625e-05,1,15276
7109,629,4.9140625e-05,1,15287
9071,629,4.9140625e-05,1,15297
3082,629,4.9140625e-05,1,15278
16299,629,4.9140625e-05,1,15285
13775,629,4.9140625e-05,1,15280
15587,629,4.9140625e-05,1,15292
13817,629,4.9140625e-05,1,15288
8166,629,4.9140625e-05,1,15293
14350,629,4.9140625e-05,1,15279
2210,629,4.9140625e-05,1,15298
2379,629,4.9140625e-05,1,15299
10066,629,4.9140625e-05,1,15282
2744,629,4.9140625e-05,1,15284
1032,629,4.9140625e-05,1,15277
16261,629,4.9140625e-05,1,15301
14570,629,4.9140625e-05,1,15296
14419,629,4.9140625e-05,1,15286
878,629,4.9140625e-05,1,15295
15872,629,4.9140625e-05,1,15294
11160,628,4.90625e-05,1,15308
14765,628,4.90625e-05,1,15311
11356,628,4.90625e-05,1,15319
11406,628,4.90625e-05,1,15313
3906,628,4.90625e-05,1,15321
3611,628,4.90625e-05,1,15309
13079,628,4.90625e-05,1,15302
11734,628,4.90625e-05,1,15303
1165,628,4.90625e-05,1,15305
662,628,4.90625e-05,1,15312
6611,628,4.90625e-05,1,15324
13867,628,4.90625e-05,1,15318
14190,628,4.90625e-05,1,15317
3063,628,4.90625e-05,1,15306
5268,628,4.90625e-05,1,15320
724,628,4.90625e-05,1,15314
15284,628,4.90625e-05,1,15304
10137,628,4.90625e-05,1,15322
3598,628,4.90625e-05,1,15310
6085,628,4.90625e-05,1,15316
4830,628,4.90625e-05,1,15307
15661,628,4.90625e-05,1,15323
6885,628,4.90625e-05,1,15315
10427,627,4.8984375e-05,1,15335
9383,627,4.8984375e-05,1,15338
1,627,4.8984375e-05,1,15348
12158,627,4.8984375e-05,1,15331
7080,627,4.8984375e-05,1,15325
15760,627,4.8984375e-05,1,15336
6242,627,4.8984375e-05,1,15333
13942,627,4.8984375e-05,1,15334
16146,627,4.8984375e-05,1,15347
14296,627,4.8984375e-05,1,15329
7715,627,4.8984375e-05,1,15342
8065,627,4.8984375e-05,1,15332
12232,627,4.8984375e-05,1,15327
11906,627,4.8984375e-05,1,15337
10254,627,4.8984375e-05,1,15343
5155,627,4.8984375e-05,1,15341
9694,627,4.8984375e-05,1,15326
9084,627,4.8984375e-05,1,15340
11201,627,4.8984375e-05,1,15346
6348,627,4.8984375e-05,1,15349
487,627,4.8984375e-05,1,15344
7543,627,4.8984375e-05,1,15345
1140,627,4.8984375e-05,1,15339
12011,627,4.8984375e-05,1,15328
13991,627,4.8984375e-05,1,15330
10894,626,4.890625e-05,1,15362
9709,626,4.890625e-05,1,15358
13695,626,4.890625e-05,1,15354
15546,626,4.890625e-05,1,15361
11491,626,4.890625e-05,1,15365
12739,626,4.890625e-05,1,15350
5908,626,4.890625e-05,1,15367
12822,626,4.890625e-05,1,15370
11161,626,4.890625e-05,1,15369
9826,626,4.890625e-05,1,15360
61,626,4.890625e-05,1,15363
12371,626,4.890625e-05,1,15356
6452,626,4.890625e-05,1,15366
15154,626,4.890625e-05,1,15355
13993,626,4.890625e-05,1,15364
16197,626,4.890625e-05,1,15352
8369,626,4.890625e-05,1,15351
4137,626,4.890625e-05,1,15359
13976,626,4.890625e-05,1,15368
12569,626,4.890625e-05,1,15353
10416,626,4.890625e-05,1,15357
14130,625,4.8828125e-05,1,15389
1239,625,4.8828125e-05,1,15375
7601,625,4.8828125e-05,1,15373
7897,625,4.8828125e-05,1,15390
15411,625,4.8828125e-05,1,15378
11400,625,4.8828125e-05,1,15393
3354,625,4.8828125e-05,1,15380
3080,625,4.8828125e-05,1,15385
6342,625,4.8828125e-05,1,15383
10878,625,4.8828125e-05,1,15386
3349,625,4.8828125e-05,1,15381
11314,625,4.8828125e-05,1,15372
13799,625,4.8828125e-05,1,15382
8893,625,4.8828125e-05,1,15391
13250,625,4.8828125e-05,1,15374
15009,625,4.8828125e-05,1,15387
16267,625,4.8828125e-05,1,15376
7486,625,4.8828125e-05,1,15371
11855,625,4.8828125e-05,1,15392
524,625,4.8828125e-05,1,15388
10883,625,4.8828125e-05,1,15379
8771,625,4.8828125e-05,1,15384
11480,625,4.8828125e-05,1,15377
14260,624,4.875e-05,1,15398
16278,624,4.875e-05,1,15410
16175,624,4.875e-05,1,15400
2595,624,4.875e-05,1,15395
9133,624,4.875e-05,1,15405
1296,624,4.875e-05,1,15394
14807,624,4.875e-05,1,15401
8645,624,4.875e-05,1,15406
2718,624,4.875e-05,1,15399
13532,624,4.875e-05,1,15404
5231,624,4.875e-05,1,15407
1227,624,4.875e-05,1,15408
2970,624,4.875e-05,1,15396
10579,624,4.875e-05,1,15403
12928,624,4.875e-05,1,15397
2136,624,4.875e-05,1,15402
1447,624,4.875e-05,1,15412
10979,624,4.875e-05,1,15411
16329,624,4.875e-05,1,15409
12821,623,4.8671875e-05,1,15419
15978,623,4.8671875e-05,1,15431
9958,623,4.8671875e-05,1,15422
11899,623,4.8671875e-05,1,15420
10443,623,4.8671875e-05,1,15433
6812,623,4.8671875e-05,1,15424
12980,623,4.8671875e-05,1,15414
16156,623,4.8671875e-05,1,15434
14727,623,4.8671875e-05,1,15421
8702,623,4.8671875e-05,1,15429
4494,623,4.8671875e-05,1,15426
11266,623,4.8671875e-05,1,15425
13290,623,4.8671875e-05,1,15423
7124,623,4.8671875e-05,1,15416
12915,623,4.8671875e-05,1,15413
9150,623,4.8671875e-05,1,15430
877,623,4.8671875e-05,1,15428
15337,623,4.8671875e-05,1,15435
5993,623,4.8671875e-05,1,15418
2554,623,4.8671875e-05,1,15432
5966,623,4.8671875e-05,1,15417
6825,623,4.8671875e-05,1,15427
14593,623,4.8671875e-05,1,15415
10141,622,4.859375e-05,1,15440
9568,622,4.859375e-05,1,15439
5970,622,4.859375e-05,1,15437
16262,622,4.859375e-05,1,15451
12851,622,4.859375e-05,1,15446
10006,622,4.859375e-05,1,15448
9309,622,4.859375e-05,1,15444
8946,622,4.859375e-05,1,15441
14290,622,4.859375e-05,1,15445
9292,622,4.859375e-05,1,15449
16373,622,4.859375e-05,1,15436
1555,622,4.859375e-05,1,15438
1777,622,4.859375e-05,1,15443
10271,622,4.859375e-05,1,15442
4223,622,4.859375e-05,1,15450
15195,622,4.859375e-05,1,15447
12948,621,4.8515625e-05,1,15461
1497,621,4.8515625e-05,1,15464
15505,621,4.8515625e-05,1,15455
5390,621,4.8515625e-05,1,15458
5359,621,4.8515625e-05,1,15459
15445,621,4.8515625e-05,1,15467
953,621,4.8515625e-05,1,15462
3936,621,4.8515625e-05,1,15454
4018,621,4.8515625e-05,1,15452
4628,621,4.8515625e-05,1,15466
13301,621,4.8515625e-05,1,15457
10036,621,4.8515625e-05,1,15460
12594,621,4.8515625e-05,1,15456
10253,621,4.8515625e-05,1,15463
3950,621,4.8515625e-05,1,15465
15541,621,4.8515625e-05,1,15453
13386,621,4.8515625e-05,1,15468
10193,620,4.84375e-05,1,15484
4771,620,4.84375e-05,1,15472
10944,620,4.84375e-05,1,15474
1416,620,4.84375e-05,1,15476
13036,620,4.84375e-05,1,15473
2169,620,4.84375e-05,1,15486
54,620,4.84375e-05,1,15475
6584,620,4.84375e-05,1,15478
15637,620,4.84375e-05,1,15482
10686,620,4.84375e-05,1,15469
14959,620,4.84375e-05,1,15477
12443,620,4.84375e-05,1,15490
16099,620,4.84375e-05,1,15489
2848,620,4.84375e-05,1,15483
1564,620,4.84375e-05,1,15485
7194,620,4.84375e-05,1,15480
6345,620,4.84375e-05,1,15471
13224,620,4.84375e-05,1,15481
8507,620,4.84375e-05,1,15479
15139,620,4.84375e-05,1,15470
9527,620,4.84375e-05,1,15487
13244,620,4.84375e-05,1,15488
3424,619,4.8359375e-05,1,15498
12254,619,4.8359375e-05,1,15499
11436,619,4.8359375e-05,1,15493
12323,619,4.8359375e-05,1,15502
8113,619,4.8359375e-05,1,15495
12653,619,4.8359375e-05,1,15505
9520,619,4.8359375e-05,1,15496
13243,619,4.8359375e-05,1,15497
4002,619,4.8359375e-05,1,15492
437,619,4.8359375e-05,1,15494
7084,619,4.8359375e-05,1,15507
5790,619,4.8359375e-05,1,15503
11876,619,4.8359375e-05,1,15504
15418,619,4.8359375e-05,1,15501
11945,619,4.8359375e-05,1,15491
4605,619,4.8359375e-05,1,15506
5633,619,4.8359375e-05,1,15500
12021,618,4.828125e-05,1,15509
11421,618,4.828125e-05,1,15516
3487,618,4.828125e-05,1,15514
14715,618,4.828125e-05,1,15518
15110,618,4.828125e-05,1,15515
15066,618,4.828125e-05,1,15519
11830,618,4.828125e-05,1,15512
280,618,4.828125e-05,1,15521
10326,618,4.828125e-05,1,15520
6948,618,4.828125e-05,1,15517
13422,618,4.828125e-05,1,15511
9217,618,4.828125e-05,1,15508
1785,618,4.828125e-05,1,15513
9880,618,4.828125e-05,1,15510
10328,617,4.8203125e-05,1,15522
7665,617,4.8203125e-05,1,15537
15675,617,4.8203125e-05,1,15538
9611,617,4.8203125e-05,1,15536
10457,617,4.8203125e-05,1,15524
13323,617,4.8203125e-05,1,15533
3754,617,4.8203125e-05,1,15531
6198,617,4.8203125e-05,1,15530
6074,617,4.8203125e-05,1,15532
7839,617,4.8203125e-05,1,15528
11163,617,4.8203125e-05,1,15523
12079,617,4.8203125e-05,1,15525
10361,617,4.8203125e-05,1,15527
12018,617,4.8203125e-05,1,15529
5112,617,4.8203125e-05,1,15534
523,617,4.8203125e-05,1,15539
3127,617,4.8203125e-05,1,15535
7664,617,4.8203125e-05,1,15526
1744,616,4.8125e-05,1,15544
7520,616,4.8125e-05,1,15540
3661,616,4.8125e-05,1,15547
441,616,4.8125e-05,1,15543
8405,616,4.8125e-05,1,15548
13788,616,4.8125e-05,1,15549
14122,616,4.8125e-05,1,15556
13484,616,4.8125e-05,1,15553
1684,616,4.8125e-05,1,15552
4565,616,4.8125e-05,1,15550
4743,616,4.8125e-05,1,15542
1592,616,4.8125e-05,1,15555
14873,616,4.8125e-05,1,15554
8733,616,4.8125e-05,1,15541
8736,616,4.8125e-05,1,15545
1036,616,4.8125e-05,1,15557
7579,616,4.8125e-05,1,15546
4788,616,4.8125e-05,1,15551
15691,615,4.8046875e-05,1,15563
13361,615,4.8046875e-05,1,15574
9567,615,4.8046875e-05,1,15570
9262,615,4.8046875e-05,1,15569
9677,615,4.8046875e-05,1,15559
4691,615,4.8046875e-05,1,15560
15743,615,4.8046875e-05,1,15564
1865,615,4.8046875e-05,1,15576
8201,615,4.8046875e-05,1,15562
11131,615,4.8046875e-05,1,15565
1501,615,4.8046875e-05,1,15577
13241,615,4.8046875e-05,1,15561
11369,615,4.8046875e-05,1,15566
14984,615,4.8046875e-05,1,15571
15256,615,4.8046875e-05,1,15568
2690,615,4.8046875e-05,1,15575
11373,615,4.8046875e-05,1,15573
15669,615,4.8046875e-05,1,15567
8829,615,4.8046875e-05,1,15558
11185,615,4.8046875e-05,1,15572
8216,614,4.796875e-05,1,15587
3841,614,4.796875e-05,1,15585
4523,614,4.796875e-05,1,15581
1806,614,4.796875e-05,1,15582
578,614,4.796875e-05,1,15583
11408,614,4.796875e-05,1,15589
14367,614,4.796875e-05,1,15586
2396,614,4.796875e-05,1,15578
7377,614,4.796875e-05,1,15588
10993,614,4.796875e-05,1,15584
5269,614,4.796875e-05,1,15580
6736,614,4.796875e-05,1,15579
7618,613,4.7890625e-05,1,15599
9900,613,4.7890625e-05,1,15601
2474,613,4.7890625e-05,1,15594
11151,613,4.7890625e-05,1,15591
9258,613,4.7890625e-05,1,15590
14529,613,4.7890625e-05,1,15592
13913,613,4.7890625e-05,1,15598
3296,613,4.7890625e-05,1,15596
9289,613,4.7890625e-05,1,15595
11657,613,4.7890625e-05,1,15603
15201,613,4.7890625e-05,1,15597
4518,613,4.7890625e-05,1,15593
15019,613,4.7890625e-05,1,15602
7446,613,4.7890625e-05,1,15604
1193,613,4.7890625e-05,1,15600
11862,612,4.78125e-05,1,15611
9815,612,4.78125e-05,1,15607
12183,612,4.78125e-05,1,15610
6150,612,4.78125e-05,1,15609
4727,612,4.78125e-05,1,15622
8222,612,4.78125e-05,1,15608
13962,612,4.78125e-05,1,15614
12742,612,4.78125e-05,1,15616
10433,612,4.78125e-05,1,15619
5658,612,4.78125e-05,1,15612
8844,612,4.78125e-05,1,15621
14545,612,4.78125e-05,1,15618
15269,612,4.78125e-05,1,15620
5829,612,4.78125e-05,1,15606
15641,612,4.78125e-05,1,15605
7875,612,4.78125e-05,1,15613
10900,612,4.78125e-05,1,15615
13145,612,4.78125e-05,1,15617
15786,611,4.7734375e-05,1,15634
13628,611,4.7734375e-05,1,15637
2825,611,4.7734375e-05,1,15630
3514,611,4.7734375e-05,1,15635
1966,611,4.7734375e-05,1,15631
7823,611,4.7734375e-05,1,15623
13280,611,4.7734375e-05,1,15632
9753,611,4.7734375e-05,1,15633
14788,611,4.7734375e-05,1,15636
8969,611,4.7734375e-05,1,15624
7613,611,4.7734375e-05,1,15638
5093,611,4.7734375e-05,1,15625
16365,611,4.7734375e-05,1,15629
13369,611,4.7734375e-05,1,15627
2050,611,4.7734375e-05,1,15628
7893,611,4.7734375e-05,1,15626
5291,610,4.765625e-05,1,15645
1938,610,4.765625e-05,1,15651
14561,610,4.765625e-05,1,15640
2917,610,4.765625e-05,1,15653
7954,610,4.765625e-05,1,15646
14730,610,4.765625e-05,1,15648
15326,610,4.765625e-05,1,15652
11988,610,4.765625e-05,1,15642
128,610,4.765625e-05,1,15654
8667,610,4.765625e-05,1,15647
10464,610,4.765625e-05,1,15658
11638,610,4.765625e-05,1,15659
8071,610,4.765625e-05,1,15655
14827,610,4.765625e-05,1,15639
2255,610,4.765625e-05,1,15644
7,610,4.765625e-05,1,15656
3470,610,4.765625e-05,1,15641
3890,610,4.765625e-05,1,15657
15493,610,4.765625e-05,1,15649
16035,610,4.765625e-05,1,15650
685,610,4.765625e-05,1,15643
4561,610,4.765625e-05,1,15660
9179,609,4.7578125e-05,1,15671
9973,609,4.7578125e-05,1,15675
13691,609,4.7578125e-05,1,15666
3674,609,4.7578125e-05,1,15665
15878,609,4.7578125e-05,1,15662
10410,609,4.7578125e-05,1,15670
16202,609,4.7578125e-05,1,15679
7602,609,4.7578125e-05,1,15674
15020,609,4.7578125e-05,1,15664
13998,609,4.7578125e-05,1,15676
5234,609,4.7578125e-05,1,15668
8690,609,4.7578125e-05,1,15677
3394,609,4.7578125e-05,1,15667
1766,609,4.7578125e-05,1,15673
1984,609,4.7578125e-05,1,15678
9345,609,4.7578125e-05,1,15663
10056,609,4.7578125e-05,1,15661
11828,609,4.7578125e-05,1,15672
13570,609,4.7578125e-05,1,15669
15212,608,4.75e-05,1,15681
2583,608,4.75e-05,1,15695
16034,608,4.75e-05,1,15684
2558,608,4.75e-05,1,15686
9183,608,4.75e-05,1,15683
12411,608,4.75e-05,1,15688
3998,608,4.75e-05,1,15687
12047,608,4.75e-05,1,15692
15766,608,4.75e-05,1,15680
10611,608,4.75e-05,1,15691
5405,608,4.75e-05,1,15690
2054,608,4.75e-05,1,15698
7350,608,4.75e-05,1,15685
16090,608,4.75e-05,1,15682
14474,608,4.75e-05,1,15689
5960,608,4.75e-05,1,15693
1371,608,4.75e-05,1,15696
462,608,4.75e-05,1,15697
2773,608,4.75e-05,1,15694
15018,607,4.7421875e-05,1,15707
16219,607,4.7421875e-05,1,15706
9052,607,4.7421875e-05,1,15703
11062,607,4.7421875e-05,1,15702
8602,607,4.7421875e-05,1,15700
580,607,4.7421875e-05,1,15701
14671,607,4.7421875e-05,1,15704
2141,607,4.7421875e-05,1,15699
10055,607,4.7421875e-05,1,15705
7909,606,4.734375e-05,1,15715
11283,606,4.734375e-05,1,15711
15336,606,4.734375e-05,1,15714
10560,606,4.734375e-05,1,15709
6204,606,4.734375e-05,1,15717
9299,606,4.734375e-05,1,15713
14851,606,4.734375e-05,1,15708
8146,606,4.734375e-05,1,15716
12354,606,4.734375e-05,1,15710
4632,606,4.734375e-05,1,15712
12587,605,4.7265625e-05,1,15725
9605,605,4.7265625e-05,1,15722
976,605,4.7265625e-05,1,15720
10242,605,4.7265625e-05,1,15721
12527,605,4.7265625e-05,1,15727
1419,605,4.7265625e-05,1,15718
12320,605,4.7265625e-05,1,15719
15602,605,4.7265625e-05,1,15723
13618,605,4.7265625e-05,1,15726
9804,605,4.7265625e-05,1,15724
1542,604,4.71875e-05,1,15734
12878,604,4.71875e-05,1,15740
7426,604,4.71875e-05,1,15742
7519,604,4.71875e-05,1,15733
9803,604,4.71875e-05,1,15744
12965,604,4.71875e-05,1,15737
2058,604,4.71875e-05,1,15736
16215,604,4.71875e-05,1,15741
822,604,4.71875e-05,1,15731
3846,604,4.71875e-05,1,15729
11468,604,4.71875e-05,1,15738
2068,604,4.71875e-05,1,15730
68,604,4.71875e-05,1,15732
3152,604,4.71875e-05,1,15735
1076,604,4.71875e-05,1,15739
2124,604,4.71875e-05,1,15743
11787,604,4.71875e-05,1,15728
10996,603,4.7109375e-05,1,15749
10032,603,4.7109375e-05,1,15754
2375,603,4.7109375e-05,1,15746
3590,603,4.7109375e-05,1,15751
1477,603,4.7109375e-05,1,15747
10313,603,4.7109375e-05,1,15753
11227,603,4.7109375e-05,1,15750
10646,603,4.7109375e-05,1,15748
2261,603,4.7109375e-05,1,15745
9288,603,4.7109375e-05,1,15755
13166,603,4.7109375e-05,1,15752
8838,603,4.7109375e-05,1,15757
16126,603,4.7109375e-05,1,15756
10440,602,4.703125e-05,1,15774
8425,602,4.703125e-05,1,15759
13012,602,4.703125e-05,1,15776
12580,602,4.703125e-05,1,15762
8169,602,4.703125e-05,1,15765
3872,602,4.703125e-05,1,15761
4268,602,4.703125e-05,1,15772
13940,602,4.703125e-05,1,15758
13040,602,4.703125e-05,1,15773
2477,602,4.703125e-05,1,15775
14899,602,4.703125e-05,1,15767
3995,602,4.703125e-05,1,15763
11652,602,4.703125e-05,1,15768
5515,602,4.703125e-05,1,15760
11605,602,4.703125e-05,1,15771
8253,602,4.703125e-05,1,15766
16063,602,4.703125e-05,1,15769
15654,602,4.703125e-05,1,15770
14116,602,4.703125e-05,1,15764
11229,601,4.6953125e-05,1,15780
7688,601,4.6953125e-05,1,15781
11918,601,4.6953125e-05,1,15785
7972,601,4.6953125e-05,1,15782
2327,601,4.6953125e-05,1,15784
9638,601,4.6953125e-05,1,15779
7493,601,4.6953125e-05,1,15786
10744,601,4.6953125e-05,1,15778
7055,601,4.6953125e-05,1,15777
2897,601,4.6953125e-05,1,15787
5212,601,4.6953125e-05,1,15783
8606,601,4.6953125e-05,1,15788
12505,600,4.6875e-05,1,15799
4439,600,4.6875e-05,1,15800
13688,600,4.6875e-05,1,15802
3161,600,4.6875e-05,1,15795
2225,600,4.6875e-05,1,15796
14643,600,4.6875e-05,1,15792
8383,600,4.6875e-05,1,15791
16030,600,4.6875e-05,1,15793
9661,600,4.6875e-05,1,15801
12986,600,4.6875e-05,1,15797
1905,600,4.6875e-05,1,15789
14440,600,4.6875e-05,1,15790
11103,600,4.6875e-05,1,15794
7760,600,4.6875e-05,1,15798
402,599,4.6796875e-05,1,15809
3508,599,4.6796875e-05,1,15805
11101,599,4.6796875e-05,1,15806
8030,599,4.6796875e-05,1,15803
6755,599,4.6796875e-05,1,15804
6361,599,4.6796875e-05,1,15807
13880,599,4.6796875e-05,1,15808
8972,598,4.671875e-05,1,15811
15840,598,4.671875e-05,1,15814
5423,598,4.671875e-05,1,15817
12462,598,4.671875e-05,1,15810
15681,598,4.671875e-05,1,15819
11843,598,4.671875e-05,1,15818
13056,598,4.671875e-05,1,15815
8696,598,4.671875e-05,1,15813
3238,598,4.671875e-05,1,15816
15799,598,4.671875e-05,1,15812
5895,597,4.6640625e-05,1,15832
3584,597,4.6640625e-05,1,15824
14177,597,4.6640625e-05,1,15823
4196,597,4.6640625e-05,1,15831
11286,597,4.6640625e-05,1,15830
14303,597,4.6640625e-05,1,15820
957,597,4.6640625e-05,1,15834
251,597,4.6640625e-05,1,15821
9906,597,4.6640625e-05,1,15822
159,597,4.6640625e-05,1,15828
11457,597,4.6640625e-05,1,15826
14502,597,4.6640625e-05,1,15827
5698,597,4.6640625e-05,1,15829
8101,597,4.6640625e-05,1,15825
7706,597,4.6640625e-05,1,15833
6439,597,4.6640625e-05,1,15835
3172,596,4.65625e-05,1,15844
9539,596,4.65625e-05,1,15839
146,596,4.65625e-05,1,15843
6671,596,4.65625e-05,1,15838
1072,596,4.65625e-05,1,15847
1216,596,4.65625e-05,1,15846
15188,596,4.65625e-05,1,15848
7000,596,4.65625e-05,1,15842
11674,596,4.65625e-05,1,15841
14499,596,4.65625e-05,1,15845
10684,596,4.65625e-05,1,15837
2268,596,4.65625e-05,1,15836
9565,596,4.65625e-05,1,15851
3065,596,4.65625e-05,1,15840
9141,596,4.65625e-05,1,15850
4355,596,4.65625e-05,1,15849
16269,595,4.6484375e-05,1,15862
12519,595,4.6484375e-05,1,15860
14731,595,4.6484375e-05,1,15855
901,595,4.6484375e-05,1,15859
15434,595,4.6484375e-05,1,15863
8991,595,4.6484375e-05,1,15858
13689,595,4.6484375e-05,1,15856
7900,595,4.6484375e-05,1,15852
6022,595,4.6484375e-05,1,15857
6648,595,4.6484375e-05,1,15861
4996,595,4.6484375e-05,1,15854
13090,595,4.6484375e-05,1,15853
8025,594,4.640625e-05,1,15866
14257,594,4.640625e-05,1,15869
10808,594,4.640625e-05,1,15867
9241,594,4.640625e-05,1,15870
2983,594,4.640625e-05,1,15871
11249,594,4.640625e-05,1,15872
13757,594,4.640625e-05,1,15865
16020,594,4.640625e-05,1,15868
4107,594,4.640625e-05,1,15864
10942,593,4.6328125e-05,1,15876
14137,593,4.6328125e-05,1,15875
11731,593,4.6328125e-05,1,15873
15934,593,4.6328125e-05,1,15877
1789,593,4.6328125e-05,1,15874
2603,592,4.625e-05,1,15883
6914,592,4.625e-05,1,15878
15622,592,4.625e-05,1,15880
2640,592,4.625e-05,1,15885
4793,592,4.625e-05,1,15884
3746,592,4.625e-05,1,15888
6365,592,4.625e-05,1,15887
11512,592,4.625e-05,1,15889
8092,592,4.625e-05,1,15882
12792,592,4.625e-05,1,15881
5287,592,4.625e-05,1,15879
9933,592,4.625e-05,1,15886
16068,592,4.625e-05,1,15890
14672,591,4.6171875e-05,1,15896
12286,591,4.6171875e-05,1,15894
881,591,4.6171875e-05,1,15891
13417,591,4.6171875e-05,1,15892
7211,591,4.6171875e-05,1,15893
3410,591,4.6171875e-05,1,15895
13242,590,4.609375e-05,1,15898
5638,590,4.609375e-05,1,15904
14000,590,4.609375e-05,1,15901
14553,590,4.609375e-05,1,15903
13837,590,4.609375e-05,1,15900
14125,590,4.609375e-05,1,15899
6230,590,4.609375e-05,1,15897
1888,590,4.609375e-05,1,15902
8874,589,4.6015625e-05,1,15906
2618,589,4.6015625e-05,1,15907
284,589,4.6015625e-05,1,15911
15444,589,4.6015625e-05,1,15913
5328,589,4.6015625e-05,1,15908
5808,589,4.6015625e-05,1,15910
11034,589,4.6015625e-05,1,15912
15773,589,4.6015625e-05,1,15909
7970,589,4.6015625e-05,1,15905
714,588,4.59375e-05,1,15919
13500,588,4.59375e-05,1,15914
15713,588,4.59375e-05,1,15917
9685,588,4.59375e-05,1,15920
1922,588,4.59375e-05,1,15918
11610,588,4.59375e-05,1,15921
5345,588,4.59375e-05,1,15915
4881,588,4.59375e-05,1,15916
1991,587,4.5859375e-05,1,15932
276,587,4.5859375e-05,1,15923
5998,587,4.5859375e-05,1,15934
11584,587,4.5859375e-05,1,15924
2457,587,4.5859375e-05,1,15926
6531,587,4.5859375e-05,1,15930
8045,587,4.5859375e-05,1,15922
15900,587,4.5859375e-05,1,15931
12374,587,4.5859375e-05,1,15925
13057,587,4.5859375e-05,1,15933
1420,587,4.5859375e-05,1,15929
6627,587,4.5859375e-05,1,15928
10103,587,4.5859375e-05,1,15927
5629,586,4.578125e-05,1,15941
11864,586,4.578125e-05,1,15939
7336,586,4.578125e-05,1,15936
3769,586,4.578125e-05,1,15940
6996,586,4.578125e-05,1,15935
13554,586,4.578125e-05,1,15942
12610,586,4.578125e-05,1,15938
4856,586,4.578125e-05,1,15937
12990,585,4.5703125e-05,1,15951
6104,585,4.5703125e-05,1,15943
4241,585,4.5703125e-05,1,15946
9004,585,4.5703125e-05,1,15947
15183,585,4.5703125e-05,1,15949
5572,585,4.5703125e-05,1,15944
11343,585,4.5703125e-05,1,15950
14114,585,4.5703125e-05,1,15948
8974,585,4.5703125e-05,1,15952
15954,585,4.5703125e-05,1,15945
12892,584,4.5625e-05,1,15957
14310,584,4.5625e-05,1,15959
960,584,4.5625e-05,1,15961
4626,584,4.5625e-05,1,15956
12039,584,4.5625e-05,1,15960
11096,584,4.5625e-05,1,15955
7673,584,4.5625e-05,1,15962
7130,584,4.5625e-05,1,15958
1826,584,4.5625e-05,1,15953
62,584,4.5625e-05,1,15954
9046,584,4.5625e-05,1,15963
13593,583,4.5546875e-05,1,15964
8329,583,4.5546875e-05,1,15971
4492,583,4.5546875e-05,1,15977
5404,583,4.5546875e-05,1,15967
1628,583,4.5546875e-05,1,15969
8997,583,4.5546875e-05,1,15970
14404,583,4.5546875e-05,1,15976
10875,583,4.5546875e-05,1,15972
2286,583,4.5546875e-05,1,15965
16183,583,4.5546875e-05,1,15975
905,583,4.5546875e-05,1,15974
11323,583,4.5546875e-05,1,15966
2033,583,4.5546875e-05,1,15973
10092,583,4.5546875e-05,1,15968
15000,582,4.546875e-05,1,15982
8292,582,4.546875e-05,1,15985
2803,582,4.546875e-05,1,15991
10760,582,4.546875e-05,1,15981
10086,582,4.546875e-05,1,15993
11200,582,4.546875e-05,1,15978
5307,582,4.546875e-05,1,15986
490,582,4.546875e-05,1,15983
14057,582,4.546875e-05,1,15992
10344,582,4.546875e-05,1,15980
11588,582,4.546875e-05,1,15989
1526,582,4.546875e-05,1,15987
7184,582,4.546875e-05,1,15979
6569,582,4.546875e-05,1,15988
3665,582,4.546875e-05,1,15984
8133,582,4.546875e-05,1,15990
4342,582,4.546875e-05,1,15994
7800,581,4.5390625e-05,1,15999
4913,581,4.5390625e-05,1,15995
16194,581,4.5390625e-05,1,16000
15951,581,4.5390625e-05,1,15997
7304,581,4.5390625e-05,1,16006
5694,581,4.5390625e-05,1,16003
3053,581,4.5390625e-05,1,16004
5756,581,4.5390625e-05,1,16005
15597,581,4.5390625e-05,1,15998
12166,581,4.5390625e-05,1,16002
14925,581,4.5390625e-05,1,16001
3574,581,4.5390625e-05,1,15996
3638,580,4.53125e-05,1,16014
8546,580,4.53125e-05,1,16018
1228,580,4.53125e-05,1,16011
534,580,4.53125e-05,1,16009
15178,580,4.53125e-05,1,16019
12507,580,4.53125e-05,1,16012
6057,580,4.53125e-05,1,16007
4939,580,4.53125e-05,1,16017
1237,580,4.53125e-05,1,16010
13669,580,4.53125e-05,1,16016
9161,580,4.53125e-05,1,16020
4515,580,4.53125e-05,1,16013
6318,580,4.53125e-05,1,16015
10459,580,4.53125e-05,1,16008
13063,579,4.5234375e-05,1,16021
13531,579,4.5234375e-05,1,16025
10083,579,4.5234375e-05,1,16026
11579,579,4.5234375e-05,1,16023
15521,579,4.5234375e-05,1,16027
876,579,4.5234375e-05,1,16024
14262,579,4.5234375e-05,1,16022
15334,578,4.515625e-05,1,16028
2693,578,4.515625e-05,1,16034
11100,578,4.515625e-05,1,16029
15512,578,4.515625e-05,1,16030
12020,578,4.515625e-05,1,16032
15914,578,4.515625e-05,1,16033
8712,578,4.515625e-05,1,16031
12595,577,4.5078125e-05,1,16035
5503,577,4.5078125e-05,1,16036
13365,577,4.5078125e-05,1,16040
8923,577,4.5078125e-05,1,16038
3666,577,4.5078125e-05,1,16041
16049,577,4.5078125e-05,1,16043
15708,577,4.5078125e-05,1,16042
13195,577,4.5078125e-05,1,16037
8579,577,4.5078125e-05,1,16044
10687,577,4.5078125e-05,1,16045
14360,577,4.5078125e-05,1,16039
7105,576,4.5e-05,1,16052
219,576,4.5e-05,1,16049
7841,576,4.5e-05,1,16051
4512,576,4.5e-05,1,16048
15714,576,4.5e-05,1,16047
12017,576,4.5e-05,1,16050
13505,576,4.5e-05,1,16053
13881,576,4.5e-05,1,16046
6107,575,4.4921875e-05,1,16055
10773,575,4.4921875e-05,1,16054
6403,575,4.4921875e-05,1,16058
9154,575,4.4921875e-05,1,16059
1059,575,4.4921875e-05,1,16056
12703,575,4.4921875e-05,1,16060
1836,575,4.4921875e-05,1,16057
16313,575,4.4921875e-05,1,16061
14092,575,4.4921875e-05,1,16062
6938,574,4.484375e-05,1,16070
5301,574,4.484375e-05,1,16065
3073,574,4.484375e-05,1,16069
8371,574,4.484375e-05,1,16064
7819,574,4.484375e-05,1,16067
8824,574,4.484375e-05,1,16071
13903,574,4.484375e-05,1,16063
11463,574,4.484375e-05,1,16066
13571,574,4.484375e-05,1,16068
52,573,4.4765625e-05,1,16081
13885,573,4.4765625e-05,1,16082
1310,573,4.4765625e-05,1,16083
16198,573,4.4765625e-05,1,16079
15827,573,4.4765625e-05,1,16075
16254,573,4.4765625e-05,1,16078
12654,573,4.4765625e-05,1,16077
9484,573,4.4765625e-05,1,16080
15349,573,4.4765625e-05,1,16072
8422,573,4.4765625e-05,1,16076
11568,573,4.4765625e-05,1,16074
12813,573,4.4765625e-05,1,16073
7127,572,4.46875e-05,1,16086
2014,572,4.46875e-05,1,16084
10985,572,4.46875e-05,1,16087
2237,572,4.46875e-05,1,16088
1645,572,4.46875e-05,1,16085
970,571,4.4609375e-05,1,16094
2850,571,4.4609375e-05,1,16092
1342,571,4.4609375e-05,1,16093
10980,571,4.4609375e-05,1,16091
10354,571,4.4609375e-05,1,16090
169,571,4.4609375e-05,1,16089
6927,570,4.453125e-05,1,16099
10827,570,4.453125e-05,1,16098
4582,570,4.453125e-05,1,16100
8810,570,4.453125e-05,1,16097
8532,570,4.453125e-05,1,16101
13253,570,4.453125e-05,1,16095
14626,570,4.453125e-05,1,16096
6317,569,4.4453125e-05,1,16106
7916,569,4.4453125e-05,1,16111
10847,569,4.4453125e-05,1,16112
13013,569,4.4453125e-05,1,16105
3427,569,4.4453125e-05,1,16107
2776,569,4.4453125e-05,1,16108
5131,569,4.4453125e-05,1,16104
7329,569,4.4453125e-05,1,16110
13548,569,4.4453125e-05,1,16103
13753,569,4.4453125e-05,1,16109
12673,569,4.4453125e-05,1,16102
13128,568,4.4375e-05,1,16113
14979,568,4.4375e-05,1,16115
954,568,4.4375e-05,1,16118
11462,568,4.4375e-05,1,16116
6988,568,4.4375e-05,1,16117
9412,568,4.4375e-05,1,16114
3320,567,4.4296875e-05,1,16120
6947,567,4.4296875e-05,1,16119
15026,567,4.4296875e-05,1,16121
12848,567,4.4296875e-05,1,16122
9225,567,4.4296875e-05,1,16123
10874,566,4.421875e-05,1,16127
11892,566,4.421875e-05,1,16128
3382,566,4.421875e-05,1,16126
15263,566,4.421875e-05,1,16125
14587,566,4.421875e-05,1,16129
12281,566,4.421875e-05,1,16124
569,565,4.4140625e-05,1,16132
5978,565,4.4140625e-05,1,16130
7429,565,4.4140625e-05,1,16131
11587,565,4.4140625e-05,1,16135
3728,565,4.4140625e-05,1,16134
15328,565,4.4140625e-05,1,16136
2310,565,4.4140625e-05,1,16133
1577,564,4.40625e-05,1,16137
13830,564,4.40625e-05,1,16139
2705,564,4.40625e-05,1,16138
7441,563,4.3984375e-05,1,16142
5316,563,4.3984375e-05,1,16141
7633,563,4.3984375e-05,1,16144
2046,563,4.3984375e-05,1,16140
3478,563,4.3984375e-05,1,16143
14344,562,4.390625e-05,1,16148
15756,562,4.390625e-05,1,16151
58,562,4.390625e-05,1,16150
4348,562,4.390625e-05,1,16145
12917,562,4.390625e-05,1,16149
15047,562,4.390625e-05,1,16147
2936,562,4.390625e-05,1,16146
1881,561,4.3828125e-05,1,16156
15058,561,4.3828125e-05,1,16157
8249,561,4.3828125e-05,1,16153
779,561,4.3828125e-05,1,16152
16205,561,4.3828125e-05,1,16155
2226,561,4.3828125e-05,1,16158
6718,561,4.3828125e-05,1,16159
14634,561,4.3828125e-05,1,16160
9132,561,4.3828125e-05,1,16154
3055,560,4.375e-05,1,16162
7740,560,4.375e-05,1,16168
9721,560,4.375e-05,1,16161
1401,560,4.375e-05,1,16165
3849,560,4.375e-05,1,16166
6795,560,4.375e-05,1,16163
7595,560,4.375e-05,1,16164
6216,560,4.375e-05,1,16167
3359,559,4.3671875e-05,1,16169
11281,559,4.3671875e-05,1,16176
8432,559,4.3671875e-05,1,16177
14445,559,4.3671875e-05,1,16174
12278,559,4.3671875e-05,1,16171
12245,559,4.3671875e-05,1,16172
10849,559,4.3671875e-05,1,16170
5940,559,4.3671875e-05,1,16173
1720,559,4.3671875e-05,1,16175
10164,558,4.359375e-05,1,16178
1053,558,4.359375e-05,1,16179
15364,558,4.359375e-05,1,16180
8640,557,4.3515625e-05,1,16183
13342,557,4.3515625e-05,1,16186
12859,557,4.3515625e-05,1,16184
9051,557,4.3515625e-05,1,16188
13936,557,4.3515625e-05,1,16182
1229,557,4.3515625e-05,1,16187
7666,557,4.3515625e-05,1,16185
6460,557,4.3515625e-05,1,16181
7233,556,4.34375e-05,1,16194
13951,556,4.34375e-05,1,16191
10816,556,4.34375e-05,1,16192
5285,556,4.34375e-05,1,16196
8162,556,4.34375e-05,1,16193
4758,556,4.34375e-05,1,16189
2152,556,4.34375e-05,1,16190
14006,556,4.34375e-05,1,16195
9734,555,4.3359375e-05,1,16202
11039,555,4.3359375e-05,1,16197
1664,555,4.3359375e-05,1,16203
9586,555,4.3359375e-05,1,16200
10078,555,4.3359375e-05,1,16198
410,555,4.3359375e-05,1,16199
7533,555,4.3359375e-05,1,16201
6313,554,4.328125e-05,1,16207
7555,554,4.328125e-05,1,16204
3170,554,4.328125e-05,1,16205
8323,554,4.328125e-05,1,16206
4980,553,4.3203125e-05,1,16209
4073,553,4.3203125e-05,1,16212
13114,553,4.3203125e-05,1,16211
16352,553,4.3203125e-05,1,16213
14929,553,4.3203125e-05,1,16210
13100,553,4.3203125e-05,1,16208
7876,552,4.3125e-05,1,16216
8143,552,4.3125e-05,1,16215
16277,552,4.3125e-05,1,16214
5700,551,4.3046875e-05,1,16221
3132,551,4.3046875e-05,1,16218
14482,551,4.3046875e-05,1,16217
9392,551,4.3046875e-05,1,16219
14548,551,4.3046875e-05,1,16224
15849,551,4.3046875e-05,1,16220
515,551,4.3046875e-05,1,16222
13920,551,4.3046875e-05,1,16223
7168,550,4.296875e-05,1,16227
8317,550,4.296875e-05,1,16226
10276,550,4.296875e-05,1,16228
13167,550,4.296875e-05,1,16225
13690,549,4.2890625e-05,1,16231
10182,549,4.2890625e-05,1,16230
9003,549,4.2890625e-05,1,16232
9578,549,4.2890625e-05,1,16229
5153,549,4.2890625e-05,1,16233
9436,548,4.28125e-05,1,16235
246,548,4.28125e-05,1,16234
15510,548,4.28125e-05,1,16240
11595,548,4.28125e-05,1,16237
11478,548,4.28125e-05,1,16238
10214,548,4.28125e-05,1,16239
13218,548,4.28125e-05,1,16236
7631,547,4.2734375e-05,1,16241
9750,547,4.2734375e-05,1,16245
14919,547,4.2734375e-05,1,16244
6060,547,4.2734375e-05,1,16243
12363,547,4.2734375e-05,1,16242
7287,546,4.265625e-05,1,16248
15204,546,4.265625e-05,1,16247
12038,546,4.265625e-05,1,16246
14645,546,4.265625e-05,1,16249
2916,545,4.2578125e-05,1,16253
13808,545,4.2578125e-05,1,16250
15016,545,4.2578125e-05,1,16252
484,545,4.2578125e-05,1,16251
12891,544,4.25e-05,1,16255
7615,544,4.25e-05,1,16254
8898,544,4.25e-05,1,16257
12067,544,4.25e-05,1,16256
14118,543,4.2421875e-05,1,16260
6526,543,4.2421875e-05,1,16258
11109,543,4.2421875e-05,1,16259
10051,542,4.234375e-05,1,16264
16094,542,4.234375e-05,1,16263
4432,542,4.234375e-05,1,16262
3954,542,4.234375e-05,1,16261
2347,542,4.234375e-05,1,16265
5527,541,4.2265625e-05,1,16267
2567,541,4.2265625e-05,1,16269
10262,541,4.2265625e-05,1,16266
10616,541,4.2265625e-05,1,16268
8768,539,4.2109375e-05,1,16273
8804,539,4.2109375e-05,1,16272
14824,539,4.2109375e-05,1,16271
8392,539,4.2109375e-05,1,16270
13018,539,4.2109375e-05,1,16275
11782,539,4.2109375e-05,1,16274
14934,538,4.203125e-05,1,16278
13233,538,4.203125e-05,1,16276
1469,538,4.203125e-05,1,16277
7203,537,4.1953125e-05,1,16280
3657,537,4.1953125e-05,1,16283
14860,537,4.1953125e-05,1,16281
11190,537,4.1953125e-05,1,16279
2304,537,4.1953125e-05,1,16282
16322,536,4.1875e-05,1,16286
13020,536,4.1875e-05,1,16284
8384,536,4.1875e-05,1,16285
14234,535,4.1796875e-05,1,16288
10250,535,4.1796875e-05,1,16287
13516,535,4.1796875e-05,1,16289
3671,534,4.171875e-05,1,16292
13656,534,4.171875e-05,1,16291
12803,534,4.171875e-05,1,16290
3805,534,4.171875e-05,1,16293
7892,533,4.1640625e-05,1,16295
7406,533,4.1640625e-05,1,16294
10316,533,4.1640625e-05,1,16296
11316,532,4.15625e-05,1,16297
14699,531,4.1484375e-05,1,16298
15241,531,4.1484375e-05,1,16299
1896,531,4.1484375e-05,1,16300
13765,530,4.140625e-05,1,16301
9408,530,4.140625e-05,1,16302
8688,530,4.140625e-05,1,16303
11956,527,4.1171875e-05,1,16304
12260,526,4.109375e-05,1,16305
5449,526,4.109375e-05,1,16306
121,525,4.1015625e-05,1,16307
529,525,4.1015625e-05,1,16309
9026,525,4.1015625e-05,1,16308
5712,524,4.09375e-05,1,16310
1131,523,4.0859375e-05,1,16311
10311,522,4.078125e-05,1,16314
5545,522,4.078125e-05,1,16315
15529,522,4.078125e-05,1,16313
5220,522,4.078125e-05,1,16312
12631,521,4.0703125e-05,1,16316
13125,521,4.0703125e-05,1,16317
14072,520,4.0625e-05,1,16318
13200,519,4.0546875e-05,1,16320
15274,519,4.0546875e-05,1,16319
15997,518,4.046875e-05,1,16321
758,517,4.0390625e-05,1,16323
10758,517,4.0390625e-05,1,16324
13982,517,4.0390625e-05,1,16322
5726,516,4.03125e-05,1,16325
9012,514,4.015625e-05,1,16326
5361,514,4.015625e-05,1,16327
16301,514,4.015625e-05,1,16328
4505,513,4.0078125e-05,1,16329
10048,513,4.0078125e-05,1,16330
8514,512,4e-05,1,16332
14357,512,4e-05,1,16331
8784,512,4e-05,1,16333
3972,510,3.984375e-05,1,16334
8469,510,3.984375e-05,1,16335
9449,509,3.9765625e-05,1,16337
10576,509,3.9765625e-05,1,16336
7522,508,3.96875e-05,1,16338
8230,506,3.953125e-05,1,16340
11894,506,3.953125e-05,1,16339
2743,504,3.9375e-05,1,16341
8744,503,3.9296875e-05,1,16342
5033,502,3.921875e-05,1,16346
11510,502,3.921875e-05,1,16343
13213,502,3.921875e-05,1,16345
11519,502,3.921875e-05,1,16344
10669,498,3.890625e-05,1,16347
7940,498,3.890625e-05,1,16348
4440,496,3.875e-05,1,16349
1633,496,3.875e-05,1,16350
2568,495,3.8671875e-05,1,16352
10217,495,3.8671875e-05,1,16351
3659,494,3.859375e-05,1,16354
7710,494,3.859375e-05,1,16353
162,493,3.8515625e-05,1,16355
9667,493,3.8515625e-05,1,16356
9669,492,3.84375e-05,1,16357
8687,489,3.8203125e-05,1,16358
8708,488,3.8125e-05,1,16359
13345,488,3.8125e-05,1,16360
14461,487,3.8046875e-05,1,16361
4957,487,3.8046875e-05,1,16362
2218,486,3.796875e-05,1,16363
6563,485,3.7890625e-05,1,16365
6364,485,3.7890625e-05,1,16364
13080,484,3.78125e-05,1,16368
14452,484,3.78125e-05,1,16366
16114,484,3.78125e-05,1,16367
3317,483,3.7734375e-05,1,16370
228,483,3.7734375e-05,1,16369
4876,482,3.765625e-05,1,16372
3204,482,3.765625e-05,1,16371
13002,480,3.75e-05,1,16373
6273,480,3.75e-05,1,16374
14624,478,3.734375e-05,1,16375
6778,475,3.7109375e-05,1,16376
12657,471,3.6796875e-05,1,16377
9613,471,3.6796875e-05,1,16379
13576,471,3.6796875e-05,1,16378
11232,470,3.671875e-05,1,16380
2969,469,3.6640625e-05,1,16381
14754,463,3.6171875e-05,1,16382
3562,462,3.609375e-05,1,16383
10619,457,3.5703125e-05,1,16384
