code_id,count,frequency,is_active,rank
9834,47688,0.003725625,1,1
10042,28591,0.002233671875,1,2
7103,28251,0.002207109375,1,3
8581,25939,0.002026484375,1,4
4815,25047,0.001956796875,1,5
14703,24616,0.001923125,1,6
1024,24477,0.001912265625,1,7
13670,24297,0.001898203125,1,8
12016,23942,0.00187046875,1,9
7467,22977,0.001795078125,1,10
14037,22818,0.00178265625,1,11
948,22580,0.0017640625,1,12
5772,22517,0.001759140625,1,13
10813,22380,0.0017484375,1,14
1495,22353,0.001746328125,1,15
1139,22349,0.001746015625,1,16
8867,22217,0.001735703125,1,17
15575,21897,0.001710703125,1,18
14240,21857,0.001707578125,1,19
4945,21741,0.001698515625,1,20
5360,21719,0.001696796875,1,21
3061,21655,0.001691796875,1,22
4493,21605,0.001687890625,1,23
11716,21555,0.001683984375,1,24
5605,21472,0.0016775,1,25
13909,21375,0.001669921875,1,26
6690,21322,0.00166578125,1,27
3915,21284,0.0016628125,1,28
15523,21251,0.001660234375,1,29
6805,21161,0.001653203125,1,30
7151,21114,0.00164953125,1,31
774,21096,0.001648125,1,32
9673,21095,0.001648046875,1,33
15826,21080,0.001646875,1,34
5984,21034,0.00164328125,1,35
7749,21020,0.0016421875,1,36
358,21002,0.00164078125,1,37
12426,21001,0.001640703125,1,38
14447,20943,0.001636171875,1,39
14247,20887,0.001631796875,1,40
7540,20856,0.001629375,1,41
7864,20694,0.00161671875,1,42
5171,20469,0.001599140625,1,43
5885,20437,0.001596640625,1,44
11674,20428,0.0015959375,1,45
5286,20404,0.0015940625,1,46
3932,20381,0.001592265625,1,47
5305,20362,0.00159078125,1,48
16017,20272,0.00158375,1,49
12842,20271,0.001583671875,1,50
6783,20206,0.00157859375,1,51
1052,20198,0.00157796875,1,52
3974,20129,0.001572578125,1,53
112,20105,0.001570703125,1,54
10278,20104,0.001570625,1,55
14164,20094,0.00156984375,1,56
3042,20079,0.001568671875,1,57
1556,20071,0.001568046875,1,58
14975,20022,0.00156421875,1,59
1969,20011,0.001563359375,1,60
4648,19985,0.001561328125,1,61
7771,19968,0.00156,1,62
12187,19939,0.001557734375,1,63
10227,19917,0.001556015625,1,64
6328,19866,0.00155203125,1,65
1872,19859,0.001551484375,1,66
1270,19855,0.001551171875,1,67
2216,19843,0.001550234375,1,68
5900,19819,0.001548359375,1,69
5919,19815,0.001548046875,1,70
11605,19791,0.001546171875,1,71
2872,19785,0.001545703125,1,72
13579,19780,0.0015453125,1,73
134,19756,0.0015434375,1,74
8517,19712,0.00154,1,75
6369,19708,0.0015396875,1,76
11342,19679,0.001537421875,1,77
14933,19675,0.001537109375,1,78
5053,19643,0.001534609375,1,79
4203,19612,0.0015321875,1,80
3386,19583,0.001529921875,1,81
9470,19506,0.00152390625,1,82
7752,19480,0.001521875,1,83
1268,19467,0.001520859375,1,84
15645,19454,0.00151984375,1,85
6172,19346,0.00151140625,1,86
10627,19337,0.001510703125,1,87
10228,19324,0.0015096875,1,88
8283,19268,0.0015053125,1,89
6242,19165,0.001497265625,1,90
9514,19099,0.001492109375,1,91
15630,19091,0.001491484375,1,92
5722,19083,0.001490859375,1,93
11718,19076,0.0014903125,1,94
663,19054,0.00148859375,1,95
12480,18999,0.001484296875,1,96
14878,18997,0.001484140625,1,97
9000,18980,0.0014828125,1,98
14416,18963,0.001481484375,1,99
4839,18963,0.001481484375,1,100
16274,18953,0.001480703125,1,101
13757,18950,0.00148046875,1,102
15771,18942,0.00147984375,1,103
10180,18940,0.0014796875,1,104
1989,18811,0.001469609375,1,105
15525,18804,0.0014690625,1,106
2528,18799,0.001468671875,1,107
424,18776,0.001466875,1,108
7365,18755,0.001465234375,1,109
14225,18745,0.001464453125,1,110
6882,18744,0.001464375,1,111
16146,18740,0.0014640625,1,112
14435,18733,0.001463515625,1,113
9900,18729,0.001463203125,1,114
11196,18714,0.00146203125,1,115
9032,18704,0.00146125,1,116
8322,18683,0.001459609375,1,117
12623,18680,0.001459375,1,118
7191,18678,0.00145921875,1,119
2105,18672,0.00145875,1,120
3168,18670,0.00145859375,1,121
2514,18659,0.001457734375,1,122
4099,18644,0.0014565625,1,123
6879,18624,0.001455,1,124
4635,18609,0.001453828125,1,125
5113,18604,0.0014534375,1,126
1008,18593,0.001452578125,1,128
5314,18593,0.001452578125,1,127
8075,18590,0.00145234375,1,129
11348,18588,0.0014521875,1,130
2635,18566,0.00145046875,1,131
14008,18514,0.00144640625,1,132
7542,18482,0.00144390625,1,133
11147,18473,0.001443203125,1,134
7516,18466,0.00144265625,1,135
4301,18453,0.001441640625,1,136
16301,18448,0.00144125,1,137
9206,18445,0.001441015625,1,138
5666,18413,0.001438515625,1,139
11591,18403,0.001437734375,1,140
8663,18387,0.001436484375,1,141
11211,18368,0.001435,1,142
1702,18307,0.001430234375,1,143
9131,18281,0.001428203125,1,144
6628,18272,0.0014275,1,145
15883,18271,0.001427421875,1,146
11456,18236,0.0014246875,1,148
7106,18236,0.0014246875,1,147
5068,18232,0.001424375,1,149
3272,18226,0.00142390625,1,150
8770,18205,0.001422265625,1,151
5651,18204,0.0014221875,1,152
1811,18180,0.0014203125,1,153
12145,18131,0.001416484375,1,155
2523,18131,0.001416484375,1,154
9043,18129,0.001416328125,1,156
15331,18111,0.001414921875,1,157
15111,18107,0.001414609375,1,158
1663,18105,0.001414453125,1,159
6386,18052,0.0014103125,1,160
14494,18031,0.001408671875,1,161
8361,18023,0.001408046875,1,162
3812,18022,0.00140796875,1,163
941,18003,0.001406484375,1,164
7504,17980,0.0014046875,1,165
15366,17974,0.00140421875,1,166
6059,17965,0.001403515625,1,167
6965,17965,0.001403515625,1,168
14134,17885,0.001397265625,1,169
12272,17880,0.001396875,1,170
15282,17874,0.00139640625,1,171
8717,17800,0.001390625,1,172
8131,17797,0.001390390625,1,173
10797,17778,0.00138890625,1,174
9381,17732,0.0013853125,1,175
3768,17730,0.00138515625,1,176
7491,17635,0.001377734375,1,177
10689,17628,0.0013771875,1,178
7482,17598,0.00137484375,1,179
11574,17591,0.001374296875,1,180
1304,17581,0.001373515625,1,181
11941,17580,0.0013734375,1,182
12659,17579,0.001373359375,1,183
12618,17576,0.001373125,1,184
8698,17559,0.001371796875,1,185
1948,17529,0.001369453125,1,186
10639,17520,0.00136875,1,187
3742,17509,0.001367890625,1,188
3547,17465,0.001364453125,1,189
8646,17460,0.0013640625,1,190
9630,17429,0.001361640625,1,191
2959,17406,0.00135984375,1,192
8862,17404,0.0013596875,1,193
11466,17391,0.001358671875,1,194
81,17388,0.0013584375,1,195
11927,17384,0.001358125,1,196
7054,17383,0.001358046875,1,197
15265,17379,0.001357734375,1,198
23,17343,0.001354921875,1,199
2778,17334,0.00135421875,1,200
14531,17331,0.001353984375,1,201
9589,17309,0.001352265625,1,203
13519,17309,0.001352265625,1,202
11004,17306,0.00135203125,1,204
8566,17302,0.00135171875,1,205
3876,17293,0.001351015625,1,206
4075,17285,0.001350390625,1,207
13291,17283,0.001350234375,1,208
3583,17283,0.001350234375,1,209
8888,17257,0.001348203125,1,210
9713,17234,0.00134640625,1,211
4811,17220,0.0013453125,1,212
9570,17216,0.001345,1,213
8026,17200,0.00134375,1,214
10295,17173,0.001341640625,1,215
3569,17151,0.001339921875,1,216
862,17151,0.001339921875,1,217
15695,17148,0.0013396875,1,218
8173,17136,0.00133875,1,219
11427,17110,0.00133671875,1,220
6348,17069,0.001333515625,1,221
5791,17062,0.00133296875,1,222
12509,17052,0.0013321875,1,223
6523,17029,0.001330390625,1,224
601,17024,0.00133,1,225
14839,17022,0.00132984375,1,226
10710,17021,0.001329765625,1,227
9186,16995,0.001327734375,1,228
8928,16990,0.00132734375,1,229
9656,16974,0.00132609375,1,230
11334,16960,0.001325,1,231
2891,16928,0.0013225,1,232
7160,16905,0.001320703125,1,233
4326,16895,0.001319921875,1,234
16226,16878,0.00131859375,1,235
1274,16864,0.0013175,1,236
12139,16852,0.0013165625,1,237
11725,16850,0.00131640625,1,238
5588,16828,0.0013146875,1,239
10549,16824,0.001314375,1,240
5918,16811,0.001313359375,1,241
1810,16805,0.001312890625,1,242
3809,16780,0.0013109375,1,243
8382,16755,0.001308984375,1,244
5762,16754,0.00130890625,1,245
14853,16740,0.0013078125,1,246
8493,16737,0.001307578125,1,247
1597,16733,0.001307265625,1,248
13050,16720,0.00130625,1,249
7575,16677,0.001302890625,1,250
6078,16649,0.001300703125,1,251
9103,16636,0.0012996875,1,252
15963,16617,0.001298203125,1,253
3379,16608,0.0012975,1,254
13236,16604,0.0012971875,1,255
9407,16602,0.00129703125,1,256
11811,16568,0.001294375,1,257
11325,16567,0.001294296875,1,258
9897,16531,0.001291484375,1,259
3037,16522,0.00129078125,1,260
6920,16502,0.00128921875,1,262
11904,16502,0.00128921875,1,261
15945,16493,0.001288515625,1,263
2255,16480,0.0012875,1,264
10274,16473,0.001286953125,1,265
14102,16457,0.001285703125,1,266
1850,16445,0.001284765625,1,267
14076,16436,0.0012840625,1,268
3442,16413,0.001282265625,1,269
6606,16379,0.001279609375,1,270
11492,16369,0.001278828125,1,271
8447,16336,0.00127625,1,272
15089,16334,0.00127609375,1,273
9287,16317,0.001274765625,1,274
5625,16282,0.00127203125,1,275
14592,16275,0.001271484375,1,276
6660,16254,0.00126984375,1,277
12861,16243,0.001268984375,1,278
1193,16241,0.001268828125,1,279
11227,16232,0.001268125,1,280
1742,16216,0.001266875,1,281
194,16203,0.001265859375,1,282
8225,16201,0.001265703125,1,283
13157,16192,0.001265,1,284
10997,16153,0.001261953125,1,285
3927,16144,0.00126125,1,286
11587,16141,0.001261015625,1,287
1497,16140,0.0012609375,1,288
13810,16098,0.00125765625,1,289
13500,16092,0.0012571875,1,290
10620,16062,0.00125484375,1,291
13293,16042,0.00125328125,1,292
8111,16038,0.00125296875,1,293
12566,16027,0.001252109375,1,294
8207,16026,0.00125203125,1,295
13417,16019,0.001251484375,1,296
11024,15996,0.0012496875,1,297
8783,15986,0.00124890625,1,298
14673,15984,0.00124875,1,299
8408,15966,0.00124734375,1,300
15303,15951,0.001246171875,1,301
16035,15951,0.001246171875,1,302
15729,15944,0.001245625,1,303
6074,15941,0.001245390625,1,304
4830,15905,0.001242578125,1,305
2428,15894,0.00124171875,1,306
13094,15887,0.001241171875,1,307
4682,15869,0.001239765625,1,308
632,15865,0.001239453125,1,309
5495,15844,0.0012378125,1,310
5418,15844,0.0012378125,1,311
15076,15841,0.001237578125,1,312
5693,15840,0.0012375,1,313
12557,15834,0.00123703125,1,314
2737,15825,0.001236328125,1,315
1464,15818,0.00123578125,1,316
5031,15800,0.001234375,1,317
11235,15788,0.0012334375,1,318
8983,15774,0.00123234375,1,319
7465,15739,0.001229609375,1,320
4967,15733,0.001229140625,1,321
5213,15727,0.001228671875,1,322
1721,15694,0.00122609375,1,323
2029,15689,0.001225703125,1,324
15891,15680,0.001225,1,325
14420,15663,0.001223671875,1,326
7738,15648,0.0012225,1,327
1402,15636,0.0012215625,1,328
13370,15614,0.00121984375,1,329
6889,15610,0.00121953125,1,330
1765,15583,0.001217421875,1,331
7979,15567,0.001216171875,1,332
3851,15555,0.001215234375,1,333
7634,15546,0.00121453125,1,334
4912,15542,0.00121421875,1,335
5839,15522,0.00121265625,1,336
10553,15495,0.001210546875,1,337
7436,15493,0.001210390625,1,338
11665,15438,0.00120609375,1,339
11326,15394,0.00120265625,1,340
4265,15394,0.00120265625,1,341
9502,15393,0.001202578125,1,342
10909,15379,0.001201484375,1,343
16068,15373,0.001201015625,1,344
4652,15365,0.001200390625,1,345
6092,15327,0.001197421875,1,347
13037,15327,0.001197421875,1,346
882,15256,0.001191875,1,348
3648,15254,0.00119171875,1,349
825,15227,0.001189609375,1,350
4710,15213,0.001188515625,1,351
12062,15210,0.00118828125,1,352
13586,15200,0.0011875,1,353
9354,15170,0.00118515625,1,354
5410,15162,0.00118453125,1,355
1586,15153,0.001183828125,1,356
9889,15143,0.001183046875,1,357
1711,15126,0.00118171875,1,358
9390,15114,0.00118078125,1,359
10200,15110,0.00118046875,1,360
6243,15110,0.00118046875,1,361
14176,15088,0.00117875,1,362
9010,15070,0.00117734375,1,363
3132,15065,0.001176953125,1,364
14899,15040,0.001175,1,365
12285,15026,0.00117390625,1,366
8946,15005,0.001172265625,1,367
6930,14993,0.001171328125,1,368
1553,14986,0.00117078125,1,369
2439,14959,0.001168671875,1,370
3963,14941,0.001167265625,1,371
5827,14941,0.001167265625,1,372
15276,14937,0.001166953125,1,373
3516,14925,0.001166015625,1,374
6359,14919,0.001165546875,1,375
2193,14919,0.001165546875,1,376
1972,14918,0.00116546875,1,377
245,14906,0.00116453125,1,378
9453,14904,0.001164375,1,379
4135,14893,0.001163515625,1,381
11307,14893,0.001163515625,1,380
12627,14891,0.001163359375,1,382
15702,14855,0.001160546875,1,383
4697,14854,0.00116046875,1,384
4147,14849,0.001160078125,1,385
6598,14819,0.001157734375,1,386
5542,14814,0.00115734375,1,387
7020,14796,0.0011559375,1,388
6058,14779,0.001154609375,1,389
14473,14769,0.001153828125,1,390
4236,14759,0.001153046875,1,391
981,14724,0.0011503125,1,392
13687,14711,0.001149296875,1,393
14140,14695,0.001148046875,1,394
5657,14691,0.001147734375,1,395
4950,14680,0.001146875,1,396
7986,14669,0.001146015625,1,397
11327,14653,0.001144765625,1,398
2881,14651,0.001144609375,1,399
14843,14632,0.001143125,1,400
2127,14616,0.001141875,1,401
4198,14614,0.00114171875,1,402
9451,14588,0.0011396875,1,403
6060,14576,0.00113875,1,404
15813,14571,0.001138359375,1,405
15565,14539,0.001135859375,1,406
12353,14520,0.001134375,1,407
12625,14487,0.001131796875,1,408
167,14485,0.001131640625,1,409
9117,14456,0.001129375,1,410
4644,14437,0.001127890625,1,411
6522,14437,0.001127890625,1,412
8413,14435,0.001127734375,1,414
14379,14435,0.001127734375,1,413
14682,14403,0.001125234375,1,415
1208,14402,0.00112515625,1,416
142,14396,0.0011246875,1,417
11700,14393,0.001124453125,1,418
468,14379,0.001123359375,1,419
16147,14339,0.001120234375,1,420
16314,14315,0.001118359375,1,421
5509,14308,0.0011178125,1,422
9710,14289,0.001116328125,1,423
8583,14282,0.00111578125,1,424
2810,14274,0.00111515625,1,425
12927,14223,0.001111171875,1,426
1227,14216,0.001110625,1,427
1755,14198,0.00110921875,1,428
9393,14191,0.001108671875,1,429
13513,14190,0.00110859375,1,430
2519,14188,0.0011084375,1,431
14747,14183,0.001108046875,1,432
15528,14173,0.001107265625,1,433
11594,14164,0.0011065625,1,434
11272,14150,0.00110546875,1,435
12672,14136,0.001104375,1,436
598,14113,0.001102578125,1,437
14782,14064,0.00109875,1,438
10019,14050,0.00109765625,1,439
4483,14035,0.001096484375,1,440
9203,14031,0.001096171875,1,441
4297,14006,0.00109421875,1,442
4903,13976,0.001091875,1,443
16287,13970,0.00109140625,1,444
6123,13956,0.0010903125,1,445
9325,13953,0.001090078125,1,446
1847,13951,0.001089921875,1,447
10121,13936,0.00108875,1,448
15383,13911,0.001086796875,1,449
1476,13890,0.00108515625,1,450
752,13875,0.001083984375,1,451
10769,13869,0.001083515625,1,452
16160,13841,0.001081328125,1,453
12362,13819,0.001079609375,1,454
9296,13800,0.001078125,1,455
910,13759,0.001074921875,1,456
5756,13722,0.00107203125,1,457
9355,13696,0.00107,1,458
12823,13683,0.001068984375,1,459
3424,13682,0.00106890625,1,460
12215,13677,0.001068515625,1,461
5401,13673,0.001068203125,1,462
1994,13670,0.00106796875,1,463
10629,13667,0.001067734375,1,464
12167,13663,0.001067421875,1,465
13769,13655,0.001066796875,1,466
14283,13651,0.001066484375,1,467
10508,13627,0.001064609375,1,468
6764,13601,0.001062578125,1,469
12513,13586,0.00106140625,1,470
10845,13574,0.00106046875,1,471
10895,13573,0.001060390625,1,472
3846,13564,0.0010596875,1,473
1069,13561,0.001059453125,1,474
13183,13549,0.001058515625,1,475
1952,13546,0.00105828125,1,476
1133,13544,0.001058125,1,477
9598,13531,0.001057109375,1,478
4238,13531,0.001057109375,1,479
91,13527,0.001056796875,1,480
11012,13518,0.00105609375,1,481
15180,13509,0.001055390625,1,482
6808,13508,0.0010553125,1,483
10561,13501,0.001054765625,1,484
9890,13482,0.00105328125,1,486
2273,13482,0.00105328125,1,485
11993,13428,0.0010490625,1,487
4590,13420,0.0010484375,1,488
13427,13402,0.00104703125,1,489
10912,13388,0.0010459375,1,490
5416,13367,0.001044296875,1,491
7712,13338,0.00104203125,1,492
1258,13327,0.001041171875,1,493
6524,13324,0.0010409375,1,494
9650,13296,0.00103875,1,495
6994,13279,0.001037421875,1,496
9819,13241,0.001034453125,1,497
14467,13181,0.001029765625,1,498
1125,13171,0.001028984375,1,499
6605,13161,0.001028203125,1,500
11096,13153,0.001027578125,1,501
8668,13063,0.001020546875,1,502
11388,12959,0.001012421875,1,503
12892,12955,0.001012109375,1,504
14547,12948,0.0010115625,1,505
10805,12881,0.001006328125,1,506
16223,12841,0.001003203125,1,507
10741,12833,0.001002578125,1,508
8269,12832,0.0010025,1,509
13326,12810,0.00100078125,1,510
13614,12798,0.00099984375,1,511
1933,12783,0.000998671875,1,512
3863,12774,0.00099796875,1,513
11462,12762,0.00099703125,1,514
9720,12740,0.0009953125,1,515
6948,12707,0.000992734375,1,516
15253,12685,0.000991015625,1,517
16279,12685,0.000991015625,1,518
10081,12681,0.000990703125,1,519
12348,12679,0.000990546875,1,520
9957,12675,0.000990234375,1,521
15387,12658,0.00098890625,1,522
16374,12647,0.000988046875,1,523
6113,12615,0.000985546875,1,524
2032,12609,0.000985078125,1,525
5062,12606,0.00098484375,1,526
5071,12602,0.00098453125,1,527
13010,12559,0.000981171875,1,528
4060,12557,0.000981015625,1,529
11228,12531,0.000978984375,1,530
3170,12522,0.00097828125,1,531
9150,12515,0.000977734375,1,532
15342,12506,0.00097703125,1,533
128,12495,0.000976171875,1,534
5065,12484,0.0009753125,1,535
7927,12454,0.00097296875,1,536
8328,12441,0.000971953125,1,537
12786,12436,0.0009715625,1,538
11306,12417,0.000970078125,1,539
7580,12413,0.000969765625,1,540
10297,12375,0.000966796875,1,541
6464,12364,0.0009659375,1,542
2920,12318,0.00096234375,1,544
9753,12318,0.00096234375,1,543
15422,12271,0.000958671875,1,545
15703,12267,0.000958359375,1,546
9345,12253,0.000957265625,1,547
14793,12236,0.0009559375,1,548
8609,12210,0.00095390625,1,549
7689,12208,0.00095375,1,550
8170,12201,0.000953203125,1,551
12159,12187,0.000952109375,1,552
13790,12181,0.000951640625,1,553
2987,12156,0.0009496875,1,554
12025,12060,0.0009421875,1,555
15189,12032,0.00094,1,556
12607,12027,0.000939609375,1,557
12838,12023,0.000939296875,1,558
9212,12016,0.00093875,1,559
10075,12004,0.0009378125,1,560
12857,11951,0.000933671875,1,561
7664,11924,0.0009315625,1,562
811,11849,0.000925703125,1,563
13357,11836,0.0009246875,1,564
3210,11800,0.000921875,1,565
11951,11757,0.000918515625,1,566
7576,11752,0.000918125,1,567
6933,11734,0.00091671875,1,568
8412,11727,0.000916171875,1,569
14185,11725,0.000916015625,1,570
4771,11714,0.00091515625,1,571
3801,11711,0.000914921875,1,572
129,11685,0.000912890625,1,573
1291,11685,0.000912890625,1,575
15664,11685,0.000912890625,1,574
3001,11658,0.00091078125,1,576
9377,11646,0.00090984375,1,577
2129,11590,0.00090546875,1,578
9837,11557,0.000902890625,1,579
1261,11538,0.00090140625,1,580
12165,11509,0.000899140625,1,581
4395,11491,0.000897734375,1,582
8834,11433,0.000893203125,1,583
4506,11415,0.000891796875,1,584
572,11413,0.000891640625,1,585
641,11371,0.000888359375,1,586
2279,11346,0.00088640625,1,587
11715,11345,0.000886328125,1,588
2481,11327,0.000884921875,1,589
8485,11273,0.000880703125,1,590
7701,11263,0.000879921875,1,591
2572,11246,0.00087859375,1,592
5107,11236,0.0008778125,1,593
2953,11195,0.000874609375,1,594
15916,11187,0.000873984375,1,595
10020,11173,0.000872890625,1,596
15618,11170,0.00087265625,1,597
2595,11103,0.000867421875,1,598
8612,11081,0.000865703125,1,599
15910,11073,0.000865078125,1,600
7972,11066,0.00086453125,1,601
6756,11056,0.00086375,1,602
9488,11051,0.000863359375,1,603
7236,11048,0.000863125,1,604
9534,10998,0.00085921875,1,605
652,10986,0.00085828125,1,606
11738,10949,0.000855390625,1,607
3212,10930,0.00085390625,1,608
11389,10913,0.000852578125,1,609
9157,10884,0.0008503125,1,610
10802,10856,0.000848125,1,611
6483,10843,0.000847109375,1,612
4179,10750,0.00083984375,1,613
14931,10741,0.000839140625,1,614
12124,10714,0.00083703125,1,615
5662,10641,0.000831328125,1,616
3929,10640,0.00083125,1,617
9196,10571,0.000825859375,1,618
4243,10546,0.00082390625,1,619
14059,10535,0.000823046875,1,620
10623,10524,0.0008221875,1,621
15464,10500,0.0008203125,1,622
8431,10487,0.000819296875,1,623
5673,10469,0.000817890625,1,624
3262,10459,0.000817109375,1,625
15514,10457,0.000816953125,1,626
125,10442,0.00081578125,1,627
1962,10431,0.000814921875,1,628
7721,10419,0.000813984375,1,629
11690,10409,0.000813203125,1,630
15739,10405,0.000812890625,1,631
637,10388,0.0008115625,1,632
9213,10378,0.00081078125,1,633
13512,10355,0.000808984375,1,634
9899,10344,0.000808125,1,635
13440,10338,0.00080765625,1,636
3771,10332,0.0008071875,1,637
1536,10305,0.000805078125,1,638
4868,10293,0.000804140625,1,639
14129,10291,0.000803984375,1,640
2091,10265,0.000801953125,1,641
16338,10248,0.000800625,1,642
15431,10222,0.00079859375,1,643
8737,10215,0.000798046875,1,644
11480,10171,0.000794609375,1,646
15433,10171,0.000794609375,1,645
11792,10152,0.000793125,1,647
9501,10147,0.000792734375,1,648
9136,10128,0.00079125,1,649
15978,10110,0.00078984375,1,650
6018,10105,0.000789453125,1,651
1635,10098,0.00078890625,1,652
12183,10083,0.000787734375,1,654
4904,10083,0.000787734375,1,653
2469,10078,0.00078734375,1,655
10858,10076,0.0007871875,1,656
3957,10075,0.000787109375,1,657
7080,10051,0.000785234375,1,658
6442,10047,0.000784921875,1,659
6535,9973,0.000779140625,1,660
4158,9964,0.0007784375,1,661
4720,9935,0.000776171875,1,662
7163,9929,0.000775703125,1,663
12290,9926,0.00077546875,1,664
15917,9890,0.00077265625,1,665
8574,9848,0.000769375,1,666
3029,9829,0.000767890625,1,667
2649,9810,0.00076640625,1,668
13342,9803,0.000765859375,1,669
14633,9801,0.000765703125,1,670
13543,9761,0.000762578125,1,671
14319,9715,0.000758984375,1,672
3402,9694,0.00075734375,1,673
8877,9595,0.000749609375,1,674
10397,9574,0.00074796875,1,675
10319,9563,0.000747109375,1,676
271,9552,0.00074625,1,677
7466,9547,0.000745859375,1,678
4869,9541,0.000745390625,1,680
15798,9541,0.000745390625,1,679
13845,9532,0.0007446875,1,681
2214,9515,0.000743359375,1,682
2705,9472,0.00074,1,683
5098,9471,0.000739921875,1,684
14068,9470,0.00073984375,1,685
5744,9456,0.00073875,1,686
5245,9409,0.000735078125,1,687
3823,9389,0.000733515625,1,688
15421,9358,0.00073109375,1,689
2383,9356,0.0007309375,1,690
16021,9330,0.00072890625,1,691
10991,9321,0.000728203125,1,692
4465,9319,0.000728046875,1,693
1400,9318,0.00072796875,1,694
3135,9316,0.0007278125,1,695
7800,9305,0.000726953125,1,696
6204,9273,0.000724453125,1,697
859,9268,0.0007240625,1,698
9019,9265,0.000723828125,1,699
7696,9238,0.00072171875,1,700
15787,9178,0.00071703125,1,701
9979,9170,0.00071640625,1,702
10362,9169,0.000716328125,1,703
10216,9151,0.000714921875,1,704
754,9137,0.000713828125,1,705
2922,9124,0.0007128125,1,706
12044,9122,0.00071265625,1,707
3052,9107,0.000711484375,1,708
2474,9106,0.00071140625,1,709
5564,9101,0.000711015625,1,710
7806,9074,0.00070890625,1,711
5976,9067,0.000708359375,1,712
8139,9066,0.00070828125,1,713
11497,9062,0.00070796875,1,714
15047,9032,0.000705625,1,715
7042,9030,0.00070546875,1,716
2813,9019,0.000704609375,1,717
1570,9006,0.00070359375,1,718
11298,8992,0.0007025,1,719
2425,8983,0.000701796875,1,720
2443,8971,0.000700859375,1,721
1941,8969,0.000700703125,1,722
7372,8956,0.0006996875,1,723
1731,8955,0.000699609375,1,724
4319,8941,0.000698515625,1,725
2524,8935,0.000698046875,1,726
10721,8923,0.000697109375,1,727
1126,8909,0.000696015625,1,728
7798,8889,0.000694453125,1,729
633,8862,0.00069234375,1,730
4629,8860,0.0006921875,1,731
11053,8854,0.00069171875,1,732
6945,8853,0.000691640625,1,733
3283,8838,0.00069046875,1,734
7900,8836,0.0006903125,1,735
5852,8815,0.000688671875,1,736
15647,8814,0.00068859375,1,737
3821,8812,0.0006884375,1,738
10089,8804,0.0006878125,1,739
351,8790,0.00068671875,1,741
2325,8790,0.00068671875,1,740
3303,8770,0.00068515625,1,742
2120,8765,0.000684765625,1,743
13826,8764,0.0006846875,1,744
8228,8740,0.0006828125,1,745
5093,8722,0.00068140625,1,746
11210,8711,0.000680546875,1,747
7407,8708,0.0006803125,1,748
6362,8702,0.00067984375,1,749
6477,8698,0.00067953125,1,750
2637,8688,0.00067875,1,751
12722,8673,0.000677578125,1,752
11075,8651,0.000675859375,1,753
3708,8637,0.000674765625,1,754
7841,8624,0.00067375,1,755
7226,8620,0.0006734375,1,757
6007,8620,0.0006734375,1,756
10407,8616,0.000673125,1,758
699,8599,0.000671796875,1,759
11656,8598,0.00067171875,1,760
8596,8595,0.000671484375,1,761
14257,8594,0.00067140625,1,762
5537,8593,0.000671328125,1,763
689,8583,0.000670546875,1,764
3342,8581,0.000670390625,1,765
10543,8571,0.000669609375,1,766
7896,8569,0.000669453125,1,768
15936,8569,0.000669453125,1,767
1949,8562,0.00066890625,1,769
14849,8540,0.0006671875,1,770
11370,8539,0.000667109375,1,771
14450,8520,0.000665625,1,772
1618,8519,0.000665546875,1,773
12082,8519,0.000665546875,1,774
6271,8514,0.00066515625,1,775
8694,8498,0.00066390625,1,776
5306,8484,0.0006628125,1,777
13967,8458,0.00066078125,1,778
6883,8445,0.000659765625,1,779
2779,8441,0.000659453125,1,780
4054,8419,0.000657734375,1,781
4704,8403,0.000656484375,1,782
15186,8394,0.00065578125,1,783
3046,8386,0.00065515625,1,784
4751,8382,0.00065484375,1,785
1567,8377,0.000654453125,1,786
1250,8362,0.00065328125,1,787
6534,8347,0.000652109375,1,788
10225,8330,0.00065078125,1,789
432,8323,0.000650234375,1,790
3166,8322,0.00065015625,1,791
12541,8304,0.00064875,1,792
1905,8297,0.000648203125,1,793
15881,8287,0.000647421875,1,794
14248,8281,0.000646953125,1,795
8163,8267,0.000645859375,1,796
2701,8260,0.0006453125,1,797
2486,8257,0.000645078125,1,798
16018,8241,0.000643828125,1,799
14602,8239,0.000643671875,1,800
13107,8235,0.000643359375,1,801
10171,8231,0.000643046875,1,802
10473,8228,0.0006428125,1,803
7292,8219,0.000642109375,1,804
1632,8208,0.00064125,1,805
7315,8208,0.00064125,1,806
4473,8185,0.000639453125,1,807
10529,8175,0.000638671875,1,808
2471,8161,0.000637578125,1,809
15149,8158,0.00063734375,1,810
7043,8156,0.0006371875,1,811
8819,8144,0.00063625,1,812
15080,8130,0.00063515625,1,813
15213,8126,0.00063484375,1,814
5192,8121,0.000634453125,1,815
4460,8072,0.000630625,1,816
4039,8067,0.000630234375,1,817
14785,8062,0.00062984375,1,818
66,8047,0.000628671875,1,819
5201,8044,0.0006284375,1,820
14965,8020,0.0006265625,1,821
5522,8013,0.000626015625,1,822
8302,8000,0.000625,1,823
6876,7999,0.000624921875,1,824
2237,7997,0.000624765625,1,825
10120,7979,0.000623359375,1,826
2895,7962,0.00062203125,1,827
8202,7919,0.000618671875,1,828
5960,7918,0.00061859375,1,829
14712,7899,0.000617109375,1,830
15842,7872,0.000615,1,831
4642,7865,0.000614453125,1,832
13164,7855,0.000613671875,1,833
972,7847,0.000613046875,1,834
8144,7847,0.000613046875,1,835
12281,7845,0.000612890625,1,836
7716,7809,0.000610078125,1,837
1704,7805,0.000609765625,1,838
2426,7803,0.000609609375,1,839
15249,7793,0.000608828125,1,840
5848,7792,0.00060875,1,841
10487,7788,0.0006084375,1,842
10956,7763,0.000606484375,1,843
9035,7762,0.00060640625,1,844
11110,7758,0.00060609375,1,845
14717,7756,0.0006059375,1,847
1183,7756,0.0006059375,1,846
2334,7746,0.00060515625,1,848
13175,7742,0.00060484375,1,849
4159,7736,0.000604375,1,850
6467,7690,0.00060078125,1,851
867,7657,0.000598203125,1,852
1598,7652,0.0005978125,1,853
8736,7626,0.00059578125,1,854
7837,7616,0.000595,1,855
2157,7601,0.000593828125,1,856
11820,7585,0.000592578125,1,857
2652,7571,0.000591484375,1,858
13226,7557,0.000590390625,1,859
8276,7546,0.00058953125,1,860
1571,7535,0.000588671875,1,861
10890,7520,0.0005875,1,862
381,7515,0.000587109375,1,863
11918,7498,0.00058578125,1,864
4816,7496,0.000585625,1,865
5644,7493,0.000585390625,1,866
14681,7476,0.0005840625,1,867
903,7458,0.00058265625,1,868
9922,7448,0.000581875,1,869
13712,7443,0.000581484375,1,870
4942,7442,0.00058140625,1,871
14142,7433,0.000580703125,1,872
7424,7426,0.00058015625,1,873
6747,7417,0.000579453125,1,874
1627,7410,0.00057890625,1,875
3103,7408,0.00057875,1,876
1330,7390,0.00057734375,1,877
2102,7380,0.0005765625,1,878
15430,7358,0.00057484375,1,879
2594,7351,0.000574296875,1,880
12143,7347,0.000573984375,1,881
10280,7337,0.000573203125,1,882
9756,7320,0.000571875,1,883
6790,7308,0.0005709375,1,884
15631,7285,0.000569140625,1,885
11708,7248,0.00056625,1,886
153,7227,0.000564609375,1,887
13401,7217,0.000563828125,1,888
7751,7214,0.00056359375,1,889
4011,7163,0.000559609375,1,890
4817,7154,0.00055890625,1,891
14241,7144,0.000558125,1,892
8527,7122,0.00055640625,1,893
11500,7109,0.000555390625,1,894
9255,7088,0.00055375,1,895
5243,7087,0.000553671875,1,896
5908,7077,0.000552890625,1,897
5238,7044,0.0005503125,1,898
13884,7029,0.000549140625,1,899
2036,7024,0.00054875,1,900
5566,7008,0.0005475,1,901
13686,7004,0.0005471875,1,902
6274,6980,0.0005453125,1,903
14246,6975,0.000544921875,1,904
15947,6945,0.000542578125,1,905
7996,6941,0.000542265625,1,906
7656,6933,0.000541640625,1,907
5370,6909,0.000539765625,1,908
4762,6868,0.0005365625,1,909
5319,6848,0.000535,1,910
6358,6842,0.00053453125,1,911
8222,6824,0.000533125,1,912
14151,6814,0.00053234375,1,913
2384,6804,0.0005315625,1,914
1363,6788,0.0005303125,1,915
926,6781,0.000529765625,1,916
6992,6774,0.00052921875,1,917
5290,6758,0.00052796875,1,918
7781,6723,0.000525234375,1,919
9346,6698,0.00052328125,1,920
7259,6696,0.000523125,1,921
2061,6690,0.00052265625,1,923
3804,6690,0.00052265625,1,922
8380,6689,0.000522578125,1,924
11712,6549,0.000511640625,1,925
7726,6540,0.0005109375,1,926
15558,6531,0.000510234375,1,927
2063,6516,0.0005090625,1,928
13871,6513,0.000508828125,1,929
7398,6492,0.0005071875,1,930
2683,6464,0.000505,1,931
11610,6459,0.000504609375,1,932
3613,6446,0.00050359375,1,933
13989,6427,0.000502109375,1,934
10037,6393,0.000499453125,1,935
5288,6392,0.000499375,1,936
16248,6390,0.00049921875,1,937
12026,6374,0.00049796875,1,938
1344,6361,0.000496953125,1,939
9183,6345,0.000495703125,1,940
2339,6333,0.000494765625,1,941
11429,6330,0.00049453125,1,942
9905,6325,0.000494140625,1,943
14476,6294,0.00049171875,1,944
6779,6288,0.00049125,1,946
1523,6288,0.00049125,1,945
7266,6281,0.000490703125,1,947
1736,6272,0.00049,1,948
5688,6257,0.000488828125,1,949
16242,6224,0.00048625,1,950
852,6187,0.000483359375,1,951
3811,6112,0.0004775,1,952
217,6096,0.00047625,1,953
4331,6083,0.000475234375,1,954
2076,6076,0.0004746875,1,955
1936,5962,0.00046578125,1,956
2601,5961,0.000465703125,1,957
6001,5956,0.0004653125,1,958
2221,5625,0.000439453125,1,959
6601,5577,0.000435703125,1,960
12142,5556,0.0004340625,1,961
16031,5376,0.00042,1,962
9479,5374,0.00041984375,1,963
3006,5231,0.000408671875,1,964
5452,5216,0.0004075,1,965
12951,4931,0.000385234375,1,966
920,4567,0.000356796875,1,967
6331,4525,0.000353515625,1,968
3540,796,6.21875e-05,1,969
5511,254,1.984375e-05,1,970
3710,28,2.1875e-06,1,971
2878,6,4.6875e-07,1,972
10886,0,0.0,0,1358
10867,0,0.0,0,1379
12050,0,0.0,0,2001
10892,0,0.0,0,1347
12058,0,0.0,0,1829
10885,0,0.0,0,1359
10884,0,0.0,0,1360
12051,0,0.0,0,1915
10908,0,0.0,0,1390
10927,0,0.0,0,1380
10894,0,0.0,0,1352
10926,0,0.0,0,1377
10883,0,0.0,0,1361
10868,0,0.0,0,1378
10893,0,0.0,0,1350
12066,0,0.0,0,1836
10928,0,0.0,0,1287
12065,0,0.0,0,1835
10889,0,0.0,0,1353
10933,0,0.0,0,1279
10932,0,0.0,0,1278
10931,0,0.0,0,1275
12068,0,0.0,0,1839
10863,0,0.0,0,1276
10864,0,0.0,0,1274
12048,0,0.0,0,1999
10888,0,0.0,0,1356
10865,0,0.0,0,1363
10887,0,0.0,0,1357
10905,0,0.0,0,1385
12067,0,0.0,0,1837
10906,0,0.0,0,1386
10930,0,0.0,0,1273
10907,0,0.0,0,1388
10925,0,0.0,0,1376
10891,0,0.0,0,1348
10866,0,0.0,0,1327
12049,0,0.0,0,2000
10929,0,0.0,0,1272
10882,0,0.0,0,1346
12064,0,0.0,0,1834
10881,0,0.0,0,1330
10874,0,0.0,0,1392
12071,0,0.0,0,1841
12070,0,0.0,0,1840
12052,0,0.0,0,1914
10900,0,0.0,0,1331
12069,0,0.0,0,1852
10916,0,0.0,0,1384
10915,0,0.0,0,1398
12063,0,0.0,0,1833
10914,0,0.0,0,1397
10913,0,0.0,0,1396
12053,0,0.0,0,1913
10896,0,0.0,0,1362
10901,0,0.0,0,1334
12054,0,0.0,0,1853
10911,0,0.0,0,1394
12061,0,0.0,0,1832
10903,0,0.0,0,1341
12060,0,0.0,0,1831
10902,0,0.0,0,1340
10910,0,0.0,0,1393
12059,0,0.0,0,1830
10879,0,0.0,0,1333
10917,0,0.0,0,1400
10904,0,0.0,0,1382
10878,0,0.0,0,1335
10873,0,0.0,0,1395
10880,0,0.0,0,1332
10924,0,0.0,0,1375
10923,0,0.0,0,1374
10869,0,0.0,0,1372
10922,0,0.0,0,1371
10921,0,0.0,0,1370
10876,0,0.0,0,1337
10897,0,0.0,0,1343
10870,0,0.0,0,1369
10920,0,0.0,0,1366
12047,0,0.0,0,1998
12055,0,0.0,0,1826
12057,0,0.0,0,1828
10877,0,0.0,0,1336
10898,0,0.0,0,1328
10899,0,0.0,0,1329
10871,0,0.0,0,1368
10872,0,0.0,0,1367
10919,0,0.0,0,1381
10918,0,0.0,0,1383
10875,0,0.0,0,1389
12056,0,0.0,0,1827
11744,0,0.0,0,1769
10934,0,0.0,0,1282
12020,0,0.0,0,2003
11031,0,0.0,0,1456
11032,0,0.0,0,1251
11033,0,0.0,0,1401
11034,0,0.0,0,1214
11035,0,0.0,0,1058
11036,0,0.0,0,1059
11037,0,0.0,0,1060
11038,0,0.0,0,1070
12011,0,0.0,0,2027
12010,0,0.0,0,2026
11039,0,0.0,0,1054
12009,0,0.0,0,2025
11040,0,0.0,0,1044
11041,0,0.0,0,1043
11042,0,0.0,0,1063
11043,0,0.0,0,1074
12008,0,0.0,0,2024
11044,0,0.0,0,1098
12007,0,0.0,0,2023
12006,0,0.0,0,2022
12005,0,0.0,0,2021
11030,0,0.0,0,1453
11029,0,0.0,0,1452
12012,0,0.0,0,2028
11019,0,0.0,0,1471
12019,0,0.0,0,2004
11013,0,0.0,0,1412
11014,0,0.0,0,1416
11015,0,0.0,0,1420
12018,0,0.0,0,2005
11016,0,0.0,0,1461
12017,0,0.0,0,2032
11017,0,0.0,0,1464
11018,0,0.0,0,1469
11020,0,0.0,0,1474
11028,0,0.0,0,1451
12015,0,0.0,0,2031
12014,0,0.0,0,2030
11021,0,0.0,0,1475
11022,0,0.0,0,1457
11023,0,0.0,0,1442
12013,0,0.0,0,2029
11025,0,0.0,0,1445
11026,0,0.0,0,1446
11027,0,0.0,0,1450
11045,0,0.0,0,1100
11046,0,0.0,0,1103
11047,0,0.0,0,1105
11071,0,0.0,0,1015
11065,0,0.0,0,1036
11066,0,0.0,0,1032
11067,0,0.0,0,1033
11995,0,0.0,0,2011
11068,0,0.0,0,1034
11994,0,0.0,0,2010
11069,0,0.0,0,1017
11070,0,0.0,0,1016
11992,0,0.0,0,2009
11072,0,0.0,0,1011
11063,0,0.0,0,1027
11073,0,0.0,0,1007
11074,0,0.0,0,1087
11991,0,0.0,0,2008
11990,0,0.0,0,2007
11076,0,0.0,0,1109
11077,0,0.0,0,1203
11989,0,0.0,0,2006
11988,0,0.0,0,1975
11078,0,0.0,0,1196
11064,0,0.0,0,1029
11062,0,0.0,0,983
11048,0,0.0,0,1106
11055,0,0.0,0,1004
12004,0,0.0,0,2020
11049,0,0.0,0,1092
11050,0,0.0,0,1099
12003,0,0.0,0,2019
11051,0,0.0,0,1080
12002,0,0.0,0,2018
11052,0,0.0,0,1084
12001,0,0.0,0,2017
11054,0,0.0,0,1090
11056,0,0.0,0,987
11996,0,0.0,0,2012
11057,0,0.0,0,988
11058,0,0.0,0,990
11059,0,0.0,0,995
11060,0,0.0,0,986
12000,0,0.0,0,2016
11999,0,0.0,0,2015
11061,0,0.0,0,980
11998,0,0.0,0,2014
11997,0,0.0,0,2013
11011,0,0.0,0,1410
11010,0,0.0,0,1404
10935,0,0.0,0,1270
11009,0,0.0,0,1419
10955,0,0.0,0,1291
10957,0,0.0,0,1292
10958,0,0.0,0,1293
10959,0,0.0,0,1295
10960,0,0.0,0,1296
10961,0,0.0,0,1297
12040,0,0.0,0,1992
10962,0,0.0,0,1298
10963,0,0.0,0,1303
12039,0,0.0,0,1991
10964,0,0.0,0,1304
10965,0,0.0,0,1499
10966,0,0.0,0,1500
10967,0,0.0,0,1501
10968,0,0.0,0,1506
12038,0,0.0,0,1990
10969,0,0.0,0,1508
12037,0,0.0,0,2002
12036,0,0.0,0,1989
10970,0,0.0,0,1509
10971,0,0.0,0,1511
10954,0,0.0,0,1308
10953,0,0.0,0,1322
10952,0,0.0,0,1320
10943,0,0.0,0,1261
12046,0,0.0,0,1997
10936,0,0.0,0,1286
10937,0,0.0,0,1269
10938,0,0.0,0,1267
10939,0,0.0,0,1252
10940,0,0.0,0,1253
10941,0,0.0,0,1257
10942,0,0.0,0,1259
12045,0,0.0,0,1996
12043,0,0.0,0,1995
12041,0,0.0,0,1993
10944,0,0.0,0,1268
10945,0,0.0,0,1306
10946,0,0.0,0,1289
10947,0,0.0,0,1310
10948,0,0.0,0,1311
10949,0,0.0,0,1312
10950,0,0.0,0,1318
10951,0,0.0,0,1319
12042,0,0.0,0,1994
10972,0,0.0,0,1513
12035,0,0.0,0,1987
10973,0,0.0,0,1498
10999,0,0.0,0,1426
12028,0,0.0,0,1980
10993,0,0.0,0,1529
10994,0,0.0,0,1532
12027,0,0.0,0,1979
12024,0,0.0,0,1978
10995,0,0.0,0,1479
10996,0,0.0,0,1478
12023,0,0.0,0,1977
10998,0,0.0,0,1425
11000,0,0.0,0,1427
10992,0,0.0,0,1522
11001,0,0.0,0,1428
11002,0,0.0,0,1430
11003,0,0.0,0,1431
12022,0,0.0,0,1976
12021,0,0.0,0,1988
11005,0,0.0,0,1435
11006,0,0.0,0,1436
11007,0,0.0,0,1437
11008,0,0.0,0,1438
12029,0,0.0,0,1981
10990,0,0.0,0,1551
10974,0,0.0,0,1495
10981,0,0.0,0,1496
10975,0,0.0,0,1480
10976,0,0.0,0,1484
12034,0,0.0,0,1986
10977,0,0.0,0,1490
10978,0,0.0,0,1491
12033,0,0.0,0,1985
12073,0,0.0,0,1843
10979,0,0.0,0,1492
10980,0,0.0,0,1494
10982,0,0.0,0,1516
12030,0,0.0,0,1982
10983,0,0.0,0,1534
10984,0,0.0,0,1537
10985,0,0.0,0,1540
10986,0,0.0,0,1541
10987,0,0.0,0,1544
10988,0,0.0,0,1545
10989,0,0.0,0,1548
12032,0,0.0,0,1984
12031,0,0.0,0,1983
12072,0,0.0,0,1842
12090,0,0.0,0,1799
10862,0,0.0,0,1277
10648,0,0.0,0,1515
10640,0,0.0,0,1493
10641,0,0.0,0,1517
12146,0,0.0,0,1910
10642,0,0.0,0,1536
12144,0,0.0,0,1909
10643,0,0.0,0,1533
10644,0,0.0,0,1520
10645,0,0.0,0,1521
10646,0,0.0,0,1523
10647,0,0.0,0,1531
12141,0,0.0,0,1908
12148,0,0.0,0,1885
10649,0,0.0,0,1405
10650,0,0.0,0,1417
10651,0,0.0,0,1458
12140,0,0.0,0,1907
10652,0,0.0,0,1462
10653,0,0.0,0,1467
10654,0,0.0,0,1472
10655,0,0.0,0,1447
10656,0,0.0,0,1057
10657,0,0.0,0,1066
12147,0,0.0,0,1911
10638,0,0.0,0,1307
12074,0,0.0,0,1844
10628,0,0.0,0,1342
10619,0,0.0,0,1345
12156,0,0.0,0,1860
10621,0,0.0,0,1355
10622,0,0.0,0,1250
12155,0,0.0,0,1859
12154,0,0.0,0,1858
10624,0,0.0,0,1349
10625,0,0.0,0,1351
10626,0,0.0,0,1354
12153,0,0.0,0,1857
12152,0,0.0,0,1856
12149,0,0.0,0,1898
10630,0,0.0,0,1365
10631,0,0.0,0,1373
12151,0,0.0,0,1868
10632,0,0.0,0,1284
10633,0,0.0,0,1256
10634,0,0.0,0,1288
12150,0,0.0,0,1884
10635,0,0.0,0,1309
10636,0,0.0,0,1321
10637,0,0.0,0,1324
10658,0,0.0,0,1073
10659,0,0.0,0,1095
10660,0,0.0,0,1097
12132,0,0.0,0,1900
12136,0,0.0,0,1904
10685,0,0.0,0,1022
10686,0,0.0,0,996
10687,0,0.0,0,1082
10688,0,0.0,0,1091
12135,0,0.0,0,1903
12134,0,0.0,0,1902
10690,0,0.0,0,1399
10691,0,0.0,0,1094
12133,0,0.0,0,1901
10692,0,0.0,0,1107
10661,0,0.0,0,1075
10693,0,0.0,0,1089
12131,0,0.0,0,1912
10694,0,0.0,0,976
10695,0,0.0,0,1002
10696,0,0.0,0,1023
10697,0,0.0,0,1030
10698,0,0.0,0,1018
10699,0,0.0,0,1005
10700,0,0.0,0,1197
12130,0,0.0,0,1899
10684,0,0.0,0,1013
10683,0,0.0,0,1009
10682,0,0.0,0,1133
10681,0,0.0,0,1175
10662,0,0.0,0,1078
10663,0,0.0,0,1079
10664,0,0.0,0,1038
10665,0,0.0,0,978
10666,0,0.0,0,1003
10667,0,0.0,0,1035
10668,0,0.0,0,1019
10669,0,0.0,0,1198
10670,0,0.0,0,1200
10671,0,0.0,0,1202
12138,0,0.0,0,1906
10672,0,0.0,0,1191
10673,0,0.0,0,1189
10674,0,0.0,0,1182
10675,0,0.0,0,1234
10676,0,0.0,0,1180
12137,0,0.0,0,1905
10677,0,0.0,0,1129
10678,0,0.0,0,1163
10679,0,0.0,0,1173
10680,0,0.0,0,1151
10618,0,0.0,0,1338
12157,0,0.0,0,1861
10617,0,0.0,0,1339
10563,0,0.0,0,1077
10555,0,0.0,0,1186
10556,0,0.0,0,1209
12173,0,0.0,0,1874
12172,0,0.0,0,1873
10557,0,0.0,0,1207
10558,0,0.0,0,1108
10559,0,0.0,0,1008
10560,0,0.0,0,1012
12171,0,0.0,0,1872
10562,0,0.0,0,1088
10564,0,0.0,0,1104
10575,0,0.0,0,1455
10565,0,0.0,0,1102
10566,0,0.0,0,1072
10567,0,0.0,0,1041
12170,0,0.0,0,1871
10568,0,0.0,0,1042
10569,0,0.0,0,1049
10570,0,0.0,0,1052
10571,0,0.0,0,1055
10572,0,0.0,0,1067
10573,0,0.0,0,1071
10554,0,0.0,0,1213
12174,0,0.0,0,1875
10552,0,0.0,0,1245
12175,0,0.0,0,1876
12181,0,0.0,0,4470
10535,0,0.0,0,1048
10536,0,0.0,0,1211
10537,0,0.0,0,1233
12180,0,0.0,0,1881
12179,0,0.0,0,1880
10538,0,0.0,0,1143
12178,0,0.0,0,1879
10539,0,0.0,0,1170
10540,0,0.0,0,1146
12177,0,0.0,0,1878
10541,0,0.0,0,1156
10542,0,0.0,0,1159
10544,0,0.0,0,1177
10545,0,0.0,0,1144
10546,0,0.0,0,1115
10547,0,0.0,0,1124
10548,0,0.0,0,1125
12176,0,0.0,0,1877
10550,0,0.0,0,1135
10551,0,0.0,0,1229
10574,0,0.0,0,1061
10576,0,0.0,0,1443
10616,0,0.0,0,1344
10606,0,0.0,0,1315
10598,0,0.0,0,1510
10599,0,0.0,0,1504
12162,0,0.0,0,1865
10600,0,0.0,0,1502
10601,0,0.0,0,1477
10602,0,0.0,0,1301
10603,0,0.0,0,1299
10604,0,0.0,0,1294
12161,0,0.0,0,1864
10605,0,0.0,0,1305
10607,0,0.0,0,1266
10577,0,0.0,0,1459
10608,0,0.0,0,1265
12160,0,0.0,0,1863
10609,0,0.0,0,1281
10610,0,0.0,0,1280
10611,0,0.0,0,1271
10612,0,0.0,0,1326
12158,0,0.0,0,1862
10613,0,0.0,0,1391
10614,0,0.0,0,1387
10615,0,0.0,0,1364
10597,0,0.0,0,1497
10596,0,0.0,0,1485
10595,0,0.0,0,1486
12163,0,0.0,0,1866
10578,0,0.0,0,1553
10579,0,0.0,0,1473
10580,0,0.0,0,1466
12169,0,0.0,0,1870
10581,0,0.0,0,1440
10582,0,0.0,0,1408
10583,0,0.0,0,1421
12168,0,0.0,0,1882
10584,0,0.0,0,1422
10585,0,0.0,0,1434
10586,0,0.0,0,1433
10587,0,0.0,0,1424
10588,0,0.0,0,1423
12166,0,0.0,0,1869
10589,0,0.0,0,1530
10590,0,0.0,0,1519
10591,0,0.0,0,1518
12164,0,0.0,0,1867
10592,0,0.0,0,1550
10593,0,0.0,0,1489
10594,0,0.0,0,1488
12129,0,0.0,0,1897
12128,0,0.0,0,1896
10701,0,0.0,0,1184
10812,0,0.0,0,1406
12095,0,0.0,0,1804
12094,0,0.0,0,1803
10806,0,0.0,0,1415
10807,0,0.0,0,1414
12093,0,0.0,0,1802
10808,0,0.0,0,1413
10809,0,0.0,0,1411
10810,0,0.0,0,1409
12092,0,0.0,0,1801
10811,0,0.0,0,1407
12091,0,0.0,0,1800
10821,0,0.0,0,1524
11987,0,0.0,0,1974
12089,0,0.0,0,1798
12088,0,0.0,0,1797
10814,0,0.0,0,1432
10815,0,0.0,0,1429
10816,0,0.0,0,1439
10817,0,0.0,0,1528
10818,0,0.0,0,1527
12087,0,0.0,0,1796
10819,0,0.0,0,1526
10804,0,0.0,0,1418
10803,0,0.0,0,1441
12096,0,0.0,0,1805
10801,0,0.0,0,1463
10783,0,0.0,0,1050
10784,0,0.0,0,1051
10785,0,0.0,0,1056
10786,0,0.0,0,1069
12100,0,0.0,0,1822
10787,0,0.0,0,1068
12099,0,0.0,0,1809
10788,0,0.0,0,1065
10789,0,0.0,0,1064
10790,0,0.0,0,1062
10791,0,0.0,0,1454
10792,0,0.0,0,1449
10793,0,0.0,0,1448
10794,0,0.0,0,1444
10795,0,0.0,0,1476
10796,0,0.0,0,1460
12098,0,0.0,0,1807
10798,0,0.0,0,1470
10799,0,0.0,0,1468
10800,0,0.0,0,1465
12097,0,0.0,0,1806
10820,0,0.0,0,1525
10822,0,0.0,0,1535
10781,0,0.0,0,1046
10851,0,0.0,0,1313
10844,0,0.0,0,1300
12080,0,0.0,0,1850
10846,0,0.0,0,1290
10847,0,0.0,0,1323
12079,0,0.0,0,1849
10848,0,0.0,0,1317
12078,0,0.0,0,1848
12077,0,0.0,0,1847
10849,0,0.0,0,1316
10850,0,0.0,0,1314
12076,0,0.0,0,1846
10823,0,0.0,0,1552
10852,0,0.0,0,1264
12075,0,0.0,0,1845
10853,0,0.0,0,1263
10854,0,0.0,0,1262
10855,0,0.0,0,1260
10856,0,0.0,0,1258
10857,0,0.0,0,1255
10859,0,0.0,0,1254
10860,0,0.0,0,1285
10861,0,0.0,0,1283
10843,0,0.0,0,1302
12081,0,0.0,0,1851
10842,0,0.0,0,1325
10841,0,0.0,0,1402
12086,0,0.0,0,1808
10824,0,0.0,0,1549
10825,0,0.0,0,1547
10826,0,0.0,0,1546
10827,0,0.0,0,1543
10828,0,0.0,0,1542
10829,0,0.0,0,1539
10830,0,0.0,0,1538
12085,0,0.0,0,1824
10831,0,0.0,0,1487
10832,0,0.0,0,1483
12084,0,0.0,0,1838
12083,0,0.0,0,1825
10833,0,0.0,0,1482
10834,0,0.0,0,1481
10835,0,0.0,0,1514
10836,0,0.0,0,1512
10837,0,0.0,0,1507
10838,0,0.0,0,1505
10839,0,0.0,0,1503
10840,0,0.0,0,1403
10782,0,0.0,0,1047
12101,0,0.0,0,1810
10702,0,0.0,0,1221
10732,0,0.0,0,1220
10726,0,0.0,0,1136
12122,0,0.0,0,1891
10727,0,0.0,0,1132
12121,0,0.0,0,1890
10728,0,0.0,0,1131
10729,0,0.0,0,1178
12120,0,0.0,0,1889
12119,0,0.0,0,1888
10730,0,0.0,0,1228
10731,0,0.0,0,1230
10733,0,0.0,0,1218
10743,0,0.0,0,1195
10734,0,0.0,0,1216
10735,0,0.0,0,1222
10736,0,0.0,0,1232
10737,0,0.0,0,1246
10738,0,0.0,0,1243
10739,0,0.0,0,1239
12118,0,0.0,0,1887
10740,0,0.0,0,1249
12117,0,0.0,0,1886
12116,0,0.0,0,1855
10725,0,0.0,0,1126
10724,0,0.0,0,1122
10723,0,0.0,0,1120
10722,0,0.0,0,1114
10703,0,0.0,0,1227
10704,0,0.0,0,1139
12127,0,0.0,0,1895
10705,0,0.0,0,1127
10706,0,0.0,0,1112
10707,0,0.0,0,1199
10708,0,0.0,0,984
12126,0,0.0,0,1894
10709,0,0.0,0,1147
10711,0,0.0,0,1152
10712,0,0.0,0,1158
10713,0,0.0,0,1160
10714,0,0.0,0,1161
12125,0,0.0,0,1893
10715,0,0.0,0,1174
10716,0,0.0,0,1165
10717,0,0.0,0,1145
10718,0,0.0,0,1134
10719,0,0.0,0,1111
12123,0,0.0,0,1892
10720,0,0.0,0,1113
10742,0,0.0,0,1193
12115,0,0.0,0,1883
12102,0,0.0,0,1811
10772,0,0.0,0,989
10764,0,0.0,0,985
10765,0,0.0,0,1000
12108,0,0.0,0,1817
10766,0,0.0,0,999
10767,0,0.0,0,997
10768,0,0.0,0,1001
12107,0,0.0,0,1816
10770,0,0.0,0,994
12106,0,0.0,0,1815
10771,0,0.0,0,991
10773,0,0.0,0,1037
10744,0,0.0,0,1208
10774,0,0.0,0,1039
10775,0,0.0,0,1085
12105,0,0.0,0,1814
10776,0,0.0,0,1076
10777,0,0.0,0,1081
10778,0,0.0,0,1101
10779,0,0.0,0,1040
12104,0,0.0,0,1813
12103,0,0.0,0,1812
10780,0,0.0,0,1045
10763,0,0.0,0,993
10762,0,0.0,0,974
10761,0,0.0,0,981
10760,0,0.0,0,975
10745,0,0.0,0,1205
12114,0,0.0,0,1854
10746,0,0.0,0,1201
10747,0,0.0,0,1110
12113,0,0.0,0,1823
10748,0,0.0,0,1006
10749,0,0.0,0,1010
10750,0,0.0,0,1020
10751,0,0.0,0,1021
12112,0,0.0,0,1821
12111,0,0.0,0,1820
12110,0,0.0,0,1819
10752,0,0.0,0,1031
10753,0,0.0,0,1026
10754,0,0.0,0,1025
12109,0,0.0,0,1818
10755,0,0.0,0,1024
10756,0,0.0,0,1028
10757,0,0.0,0,982
10758,0,0.0,0,979
10759,0,0.0,0,973
11079,0,0.0,0,1194
11131,0,0.0,0,1137
11080,0,0.0,0,1192
11524,0,0.0,0,2469
11837,0,0.0,0,1559
11526,0,0.0,0,2484
11836,0,0.0,0,1558
11527,0,0.0,0,2472
11528,0,0.0,0,2473
11529,0,0.0,0,2474
11530,0,0.0,0,2475
11531,0,0.0,0,2476
11532,0,0.0,0,2477
11533,0,0.0,0,2478
11534,0,0.0,0,2479
11535,0,0.0,0,2480
11835,0,0.0,0,1557
11834,0,0.0,0,1556
11536,0,0.0,0,2481
11537,0,0.0,0,2482
11538,0,0.0,0,2483
11833,0,0.0,0,1568
11832,0,0.0,0,1584
11539,0,0.0,0,2397
11540,0,0.0,0,2396
11541,0,0.0,0,2395
11542,0,0.0,0,2335
11525,0,0.0,0,2471
11838,0,0.0,0,1560
11821,0,0.0,0,1603
11523,0,0.0,0,2468
11845,0,0.0,0,1567
11507,0,0.0,0,2513
11844,0,0.0,0,1566
11508,0,0.0,0,2514
11509,0,0.0,0,2487
11843,0,0.0,0,1565
11510,0,0.0,0,2486
11511,0,0.0,0,2485
11512,0,0.0,0,2470
11513,0,0.0,0,2458
11514,0,0.0,0,2459
11842,0,0.0,0,1564
11515,0,0.0,0,2460
11516,0,0.0,0,2461
11841,0,0.0,0,1563
11517,0,0.0,0,2462
11840,0,0.0,0,1562
11518,0,0.0,0,2463
11519,0,0.0,0,2464
11520,0,0.0,0,2465
11839,0,0.0,0,1561
11521,0,0.0,0,2466
11522,0,0.0,0,2467
11543,0,0.0,0,2308
11544,0,0.0,0,2309
11545,0,0.0,0,2310
11546,0,0.0,0,2311
11571,0,0.0,0,2306
11572,0,0.0,0,2290
11573,0,0.0,0,2278
11829,0,0.0,0,1611
11828,0,0.0,0,1610
11575,0,0.0,0,2279
11576,0,0.0,0,2280
11577,0,0.0,0,2281
11827,0,0.0,0,1609
11578,0,0.0,0,2282
11579,0,0.0,0,2283
11580,0,0.0,0,2284
11826,0,0.0,0,1608
11581,0,0.0,0,2285
11582,0,0.0,0,2286
11583,0,0.0,0,2287
11825,0,0.0,0,1607
11824,0,0.0,0,1606
11584,0,0.0,0,2288
11585,0,0.0,0,2289
11586,0,0.0,0,2291
11823,0,0.0,0,1605
11588,0,0.0,0,2304
11570,0,0.0,0,2320
11569,0,0.0,0,2307
11568,0,0.0,0,2333
11556,0,0.0,0,2334
11831,0,0.0,0,1598
11547,0,0.0,0,2312
11548,0,0.0,0,2313
11549,0,0.0,0,2314
11550,0,0.0,0,2315
11551,0,0.0,0,2316
11552,0,0.0,0,2317
11553,0,0.0,0,2318
11554,0,0.0,0,2319
11555,0,0.0,0,2321
11557,0,0.0,0,2322
11567,0,0.0,0,2332
11558,0,0.0,0,2323
11559,0,0.0,0,2324
11560,0,0.0,0,2325
11561,0,0.0,0,2326
11562,0,0.0,0,2327
11563,0,0.0,0,2328
11564,0,0.0,0,2329
11830,0,0.0,0,1585
11565,0,0.0,0,2330
11566,0,0.0,0,2331
11506,0,0.0,0,2512
11505,0,0.0,0,2511
11504,0,0.0,0,2510
11860,0,0.0,0,1583
11867,0,0.0,0,1649
11866,0,0.0,0,1648
11442,0,0.0,0,2440
11443,0,0.0,0,2426
11444,0,0.0,0,2410
11445,0,0.0,0,2398
11446,0,0.0,0,2399
11447,0,0.0,0,2400
11448,0,0.0,0,2401
11449,0,0.0,0,2402
11865,0,0.0,0,1647
11450,0,0.0,0,2403
11451,0,0.0,0,2404
11452,0,0.0,0,2405
11864,0,0.0,0,1646
11863,0,0.0,0,1615
11862,0,0.0,0,1643
11453,0,0.0,0,2406
11454,0,0.0,0,2407
11455,0,0.0,0,2408
11861,0,0.0,0,1614
11457,0,0.0,0,2409
11458,0,0.0,0,2411
11441,0,0.0,0,2427
11440,0,0.0,0,2453
11868,0,0.0,0,1650
11872,0,0.0,0,1654
11422,0,0.0,0,2437
11423,0,0.0,0,2438
11424,0,0.0,0,2439
11425,0,0.0,0,2441
11426,0,0.0,0,2454
11875,0,0.0,0,1657
11428,0,0.0,0,2442
11874,0,0.0,0,1656
11430,0,0.0,0,2443
11873,0,0.0,0,1655
11431,0,0.0,0,2444
11869,0,0.0,0,1651
11432,0,0.0,0,2445
11433,0,0.0,0,2446
11871,0,0.0,0,1653
11870,0,0.0,0,1652
11434,0,0.0,0,2447
11435,0,0.0,0,2448
11436,0,0.0,0,2449
11437,0,0.0,0,2450
11438,0,0.0,0,2451
11439,0,0.0,0,2452
11459,0,0.0,0,2424
11460,0,0.0,0,2412
11503,0,0.0,0,2509
11461,0,0.0,0,2413
11483,0,0.0,0,2492
11484,0,0.0,0,2493
11485,0,0.0,0,2494
11486,0,0.0,0,2495
11487,0,0.0,0,2496
11488,0,0.0,0,2497
11851,0,0.0,0,1573
11850,0,0.0,0,1572
11849,0,0.0,0,1571
11489,0,0.0,0,2498
11848,0,0.0,0,1570
11490,0,0.0,0,2499
11847,0,0.0,0,1582
11491,0,0.0,0,2500
11493,0,0.0,0,2501
11846,0,0.0,0,1569
11494,0,0.0,0,2502
11495,0,0.0,0,2503
11496,0,0.0,0,2504
11498,0,0.0,0,2505
11499,0,0.0,0,2506
11501,0,0.0,0,2507
11502,0,0.0,0,2508
11482,0,0.0,0,2491
11481,0,0.0,0,2490
11852,0,0.0,0,1574
11471,0,0.0,0,2421
11859,0,0.0,0,1581
11463,0,0.0,0,2414
11464,0,0.0,0,2415
11465,0,0.0,0,2416
11467,0,0.0,0,2417
11468,0,0.0,0,2418
11469,0,0.0,0,2419
11858,0,0.0,0,1580
11857,0,0.0,0,1579
11470,0,0.0,0,2420
11472,0,0.0,0,2422
11479,0,0.0,0,2489
11473,0,0.0,0,2423
11474,0,0.0,0,2425
11475,0,0.0,0,2455
11476,0,0.0,0,2456
11856,0,0.0,0,1578
11855,0,0.0,0,1577
11477,0,0.0,0,2457
11478,0,0.0,0,2488
11854,0,0.0,0,1576
11853,0,0.0,0,1575
11822,0,0.0,0,1604
11819,0,0.0,0,1602
11081,0,0.0,0,1190
11677,0,0.0,0,1711
11765,0,0.0,0,1790
11679,0,0.0,0,1713
11680,0,0.0,0,1714
11681,0,0.0,0,1715
11682,0,0.0,0,1716
11683,0,0.0,0,1717
11684,0,0.0,0,1719
11685,0,0.0,0,1732
11686,0,0.0,0,1720
11687,0,0.0,0,1721
11688,0,0.0,0,1722
11689,0,0.0,0,1723
11764,0,0.0,0,1789
11691,0,0.0,0,1724
11692,0,0.0,0,1725
11693,0,0.0,0,1726
11694,0,0.0,0,1727
11695,0,0.0,0,1728
11696,0,0.0,0,1729
11697,0,0.0,0,1730
11698,0,0.0,0,1731
11699,0,0.0,0,1705
11763,0,0.0,0,1788
11678,0,0.0,0,1712
11676,0,0.0,0,1710
11589,0,0.0,0,2292
11766,0,0.0,0,1791
11657,0,0.0,0,2355
11658,0,0.0,0,2356
11659,0,0.0,0,2357
11660,0,0.0,0,2358
11772,0,0.0,0,1737
11771,0,0.0,0,1736
11661,0,0.0,0,2359
11662,0,0.0,0,2360
11663,0,0.0,0,2361
11770,0,0.0,0,1748
11664,0,0.0,0,2362
11666,0,0.0,0,2363
11769,0,0.0,0,1764
11667,0,0.0,0,2036
11668,0,0.0,0,2035
11768,0,0.0,0,1778
11669,0,0.0,0,2034
11670,0,0.0,0,2033
11671,0,0.0,0,1706
11672,0,0.0,0,1707
11673,0,0.0,0,1708
11767,0,0.0,0,1765
11675,0,0.0,0,1709
11701,0,0.0,0,1718
11702,0,0.0,0,1704
11703,0,0.0,0,1688
11704,0,0.0,0,1676
11752,0,0.0,0,1777
11727,0,0.0,0,1693
11728,0,0.0,0,1694
11751,0,0.0,0,1776
11750,0,0.0,0,1775
11729,0,0.0,0,1695
11730,0,0.0,0,1696
11731,0,0.0,0,1697
11732,0,0.0,0,1698
11733,0,0.0,0,1699
11734,0,0.0,0,1700
11735,0,0.0,0,1701
11749,0,0.0,0,1774
11736,0,0.0,0,1703
11737,0,0.0,0,1734
11748,0,0.0,0,1773
11739,0,0.0,0,1763
11747,0,0.0,0,1772
11740,0,0.0,0,1735
11741,0,0.0,0,1766
11746,0,0.0,0,1771
11745,0,0.0,0,1770
11742,0,0.0,0,1767
11726,0,0.0,0,1692
11753,0,0.0,0,1779
11754,0,0.0,0,1792
11760,0,0.0,0,1785
11762,0,0.0,0,1787
11705,0,0.0,0,1677
11706,0,0.0,0,1678
11707,0,0.0,0,1679
11709,0,0.0,0,1680
11710,0,0.0,0,1681
11711,0,0.0,0,1682
11713,0,0.0,0,1683
11714,0,0.0,0,1684
11761,0,0.0,0,1786
11759,0,0.0,0,1784
11755,0,0.0,0,1780
11717,0,0.0,0,1685
11758,0,0.0,0,1783
11757,0,0.0,0,1782
11719,0,0.0,0,1686
11756,0,0.0,0,1781
11720,0,0.0,0,1687
11721,0,0.0,0,1689
11722,0,0.0,0,1702
11723,0,0.0,0,1690
11724,0,0.0,0,1691
11773,0,0.0,0,1738
11774,0,0.0,0,1739
11655,0,0.0,0,2354
11623,0,0.0,0,2382
11804,0,0.0,0,1588
11803,0,0.0,0,1587
11606,0,0.0,0,2365
11607,0,0.0,0,2337
11802,0,0.0,0,1586
11608,0,0.0,0,2368
11609,0,0.0,0,2369
11611,0,0.0,0,2370
11612,0,0.0,0,2371
11613,0,0.0,0,2372
11614,0,0.0,0,2373
11615,0,0.0,0,2374
11801,0,0.0,0,1613
11616,0,0.0,0,2375
11617,0,0.0,0,2376
11618,0,0.0,0,2377
11619,0,0.0,0,2378
11620,0,0.0,0,2379
11800,0,0.0,0,1674
11799,0,0.0,0,1733
11621,0,0.0,0,2381
11798,0,0.0,0,1675
11622,0,0.0,0,2394
11604,0,0.0,0,2336
11603,0,0.0,0,2305
11602,0,0.0,0,2303
11810,0,0.0,0,1594
11818,0,0.0,0,1601
11590,0,0.0,0,2293
11817,0,0.0,0,1600
11592,0,0.0,0,2294
11816,0,0.0,0,1612
11815,0,0.0,0,1599
11814,0,0.0,0,1597
11593,0,0.0,0,2295
11813,0,0.0,0,1596
11812,0,0.0,0,1595
11595,0,0.0,0,2296
11805,0,0.0,0,1589
11809,0,0.0,0,1593
11808,0,0.0,0,1592
11596,0,0.0,0,2297
11807,0,0.0,0,1591
11597,0,0.0,0,2298
11598,0,0.0,0,2299
11599,0,0.0,0,2300
11600,0,0.0,0,2301
11806,0,0.0,0,1590
11601,0,0.0,0,2302
11797,0,0.0,0,1761
11796,0,0.0,0,1760
11775,0,0.0,0,1740
11624,0,0.0,0,2383
11782,0,0.0,0,1747
11639,0,0.0,0,2338
11640,0,0.0,0,2339
11781,0,0.0,0,1746
11641,0,0.0,0,2340
11642,0,0.0,0,2341
11643,0,0.0,0,2342
11644,0,0.0,0,2343
11780,0,0.0,0,1745
11645,0,0.0,0,2344
11779,0,0.0,0,1744
11646,0,0.0,0,2345
11647,0,0.0,0,2346
11648,0,0.0,0,2347
11649,0,0.0,0,2348
11650,0,0.0,0,2349
11651,0,0.0,0,2351
11652,0,0.0,0,2364
11778,0,0.0,0,1743
11777,0,0.0,0,1742
11653,0,0.0,0,2352
11776,0,0.0,0,1741
11654,0,0.0,0,2353
11783,0,0.0,0,1749
11638,0,0.0,0,2350
11784,0,0.0,0,1762
11629,0,0.0,0,2388
11795,0,0.0,0,1759
11625,0,0.0,0,2384
11794,0,0.0,0,1758
11793,0,0.0,0,1757
11791,0,0.0,0,1756
11626,0,0.0,0,2385
11627,0,0.0,0,2386
11790,0,0.0,0,1755
11789,0,0.0,0,1754
11628,0,0.0,0,2387
11788,0,0.0,0,1753
11637,0,0.0,0,2366
11630,0,0.0,0,2389
11631,0,0.0,0,2390
11787,0,0.0,0,1752
11632,0,0.0,0,2391
11633,0,0.0,0,2392
11634,0,0.0,0,2393
11786,0,0.0,0,1751
11635,0,0.0,0,2367
11785,0,0.0,0,1750
11636,0,0.0,0,2380
11421,0,0.0,0,2436
11420,0,0.0,0,2435
11419,0,0.0,0,2434
11182,0,0.0,0,2169
11183,0,0.0,0,2157
11184,0,0.0,0,2158
11185,0,0.0,0,2159
11186,0,0.0,0,2160
11950,0,0.0,0,1968
11187,0,0.0,0,2161
11949,0,0.0,0,1967
11188,0,0.0,0,2162
11189,0,0.0,0,2163
11190,0,0.0,0,2164
11191,0,0.0,0,2165
11192,0,0.0,0,2166
11193,0,0.0,0,2167
11948,0,0.0,0,1966
11194,0,0.0,0,2168
11195,0,0.0,0,2170
11947,0,0.0,0,1965
11197,0,0.0,0,2183
11198,0,0.0,0,2171
11199,0,0.0,0,2172
11200,0,0.0,0,2173
11201,0,0.0,0,2174
11202,0,0.0,0,2175
11952,0,0.0,0,1969
11953,0,0.0,0,1970
11876,0,0.0,0,1659
11181,0,0.0,0,2185
11959,0,0.0,0,1916
11164,0,0.0,0,2198
11958,0,0.0,0,1928
11957,0,0.0,0,1944
11165,0,0.0,0,2200
11166,0,0.0,0,2213
11167,0,0.0,0,2201
11168,0,0.0,0,2202
11169,0,0.0,0,2203
11170,0,0.0,0,2204
11171,0,0.0,0,2205
11172,0,0.0,0,2206
11173,0,0.0,0,2207
11174,0,0.0,0,2208
11175,0,0.0,0,2209
11176,0,0.0,0,2210
11177,0,0.0,0,2211
11956,0,0.0,0,1958
11955,0,0.0,0,1945
11178,0,0.0,0,2212
11954,0,0.0,0,1971
11179,0,0.0,0,2186
11180,0,0.0,0,2199
11203,0,0.0,0,2176
11204,0,0.0,0,2177
11205,0,0.0,0,2178
11206,0,0.0,0,2179
11937,0,0.0,0,1956
11936,0,0.0,0,1955
11229,0,0.0,0,2258
11230,0,0.0,0,2259
11231,0,0.0,0,2260
11232,0,0.0,0,2261
11935,0,0.0,0,1954
11233,0,0.0,0,2262
11234,0,0.0,0,2263
11934,0,0.0,0,1953
11236,0,0.0,0,2264
11237,0,0.0,0,2265
11933,0,0.0,0,1952
11238,0,0.0,0,2266
11239,0,0.0,0,2267
11240,0,0.0,0,2268
11241,0,0.0,0,2269
11242,0,0.0,0,2270
11243,0,0.0,0,2271
11932,0,0.0,0,1951
11244,0,0.0,0,2272
11245,0,0.0,0,2273
11246,0,0.0,0,2246
11938,0,0.0,0,1957
11226,0,0.0,0,2257
11225,0,0.0,0,2256
11214,0,0.0,0,2215
11207,0,0.0,0,2180
11208,0,0.0,0,2181
11209,0,0.0,0,2182
11946,0,0.0,0,1964
11945,0,0.0,0,1963
11944,0,0.0,0,1962
11212,0,0.0,0,2184
11943,0,0.0,0,1961
11213,0,0.0,0,2214
11942,0,0.0,0,1960
11215,0,0.0,0,2216
11224,0,0.0,0,2255
11216,0,0.0,0,2247
11217,0,0.0,0,2248
11218,0,0.0,0,2249
11219,0,0.0,0,2250
11940,0,0.0,0,1972
11220,0,0.0,0,2251
11221,0,0.0,0,2252
11222,0,0.0,0,2253
11223,0,0.0,0,2254
11939,0,0.0,0,1959
11163,0,0.0,0,2197
11162,0,0.0,0,2196
11161,0,0.0,0,2195
11972,0,0.0,0,1942
11978,0,0.0,0,1935
11101,0,0.0,0,1179
11102,0,0.0,0,1128
11103,0,0.0,0,1130
11977,0,0.0,0,1934
11104,0,0.0,0,1142
11105,0,0.0,0,1138
11106,0,0.0,0,1140
11107,0,0.0,0,1141
11976,0,0.0,0,1933
11108,0,0.0,0,1123
11109,0,0.0,0,1121
11111,0,0.0,0,1119
11112,0,0.0,0,1118
11113,0,0.0,0,1117
11975,0,0.0,0,1932
11974,0,0.0,0,1931
11114,0,0.0,0,1116
11973,0,0.0,0,1930
11115,0,0.0,0,1164
11116,0,0.0,0,1166
11117,0,0.0,0,1167
11118,0,0.0,0,1168
11979,0,0.0,0,1936
11100,0,0.0,0,1225
11099,0,0.0,0,1224
11089,0,0.0,0,1238
11986,0,0.0,0,1973
11985,0,0.0,0,1943
11082,0,0.0,0,1187
11083,0,0.0,0,1183
11984,0,0.0,0,1941
11084,0,0.0,0,1181
11085,0,0.0,0,1215
11086,0,0.0,0,1235
11087,0,0.0,0,1236
11088,0,0.0,0,1237
11090,0,0.0,0,1241
11098,0,0.0,0,1223
11091,0,0.0,0,1248
11983,0,0.0,0,1940
11092,0,0.0,0,1244
11093,0,0.0,0,1247
11094,0,0.0,0,1240
11095,0,0.0,0,1217
11982,0,0.0,0,1939
11981,0,0.0,0,1938
11097,0,0.0,0,1219
11980,0,0.0,0,1937
11119,0,0.0,0,1171
11120,0,0.0,0,1172
11160,0,0.0,0,2194
11121,0,0.0,0,1176
11141,0,0.0,0,1014
11964,0,0.0,0,1921
11142,0,0.0,0,977
11143,0,0.0,0,998
11144,0,0.0,0,992
11145,0,0.0,0,1086
11146,0,0.0,0,1083
11148,0,0.0,0,1096
11149,0,0.0,0,1093
11150,0,0.0,0,1053
11151,0,0.0,0,2275
11963,0,0.0,0,1920
11152,0,0.0,0,1555
11962,0,0.0,0,1919
11153,0,0.0,0,2187
11154,0,0.0,0,2188
11155,0,0.0,0,2189
11156,0,0.0,0,2190
11157,0,0.0,0,2191
11158,0,0.0,0,2192
11961,0,0.0,0,1918
11960,0,0.0,0,1917
11159,0,0.0,0,2193
11140,0,0.0,0,1231
11965,0,0.0,0,1922
11139,0,0.0,0,1212
11129,0,0.0,0,1148
11122,0,0.0,0,1162
11971,0,0.0,0,1929
11123,0,0.0,0,1157
11124,0,0.0,0,1155
11970,0,0.0,0,1927
11125,0,0.0,0,1154
11126,0,0.0,0,1153
11969,0,0.0,0,1926
11127,0,0.0,0,1150
11128,0,0.0,0,1149
11130,0,0.0,0,1169
11966,0,0.0,0,1923
11968,0,0.0,0,1925
11967,0,0.0,0,1924
11743,0,0.0,0,1768
11132,0,0.0,0,1226
11133,0,0.0,0,1242
11134,0,0.0,0,1204
11135,0,0.0,0,1185
11136,0,0.0,0,1188
11137,0,0.0,0,1210
11138,0,0.0,0,1206
11247,0,0.0,0,2245
11248,0,0.0,0,2244
11249,0,0.0,0,2229
11892,0,0.0,0,1644
11360,0,0.0,0,2137
11361,0,0.0,0,2138
11362,0,0.0,0,2140
11363,0,0.0,0,2153
11364,0,0.0,0,2141
11365,0,0.0,0,2142
11896,0,0.0,0,1618
11895,0,0.0,0,1617
11366,0,0.0,0,2143
11367,0,0.0,0,2144
11368,0,0.0,0,2145
11369,0,0.0,0,2146
11371,0,0.0,0,2147
11372,0,0.0,0,2148
11373,0,0.0,0,2149
11374,0,0.0,0,2150
11375,0,0.0,0,2151
11376,0,0.0,0,2152
11894,0,0.0,0,1616
11377,0,0.0,0,2126
11378,0,0.0,0,2139
11893,0,0.0,0,1628
11379,0,0.0,0,2125
11359,0,0.0,0,2136
11358,0,0.0,0,2135
11357,0,0.0,0,2134
11903,0,0.0,0,1625
11345,0,0.0,0,2064
11908,0,0.0,0,1642
11346,0,0.0,0,2095
11347,0,0.0,0,2124
11907,0,0.0,0,1629
11349,0,0.0,0,2096
11906,0,0.0,0,1627
11350,0,0.0,0,2127
11905,0,0.0,0,1626
11351,0,0.0,0,2128
11902,0,0.0,0,1624
11356,0,0.0,0,2133
11901,0,0.0,0,1623
11352,0,0.0,0,2129
11353,0,0.0,0,2130
11354,0,0.0,0,2131
11900,0,0.0,0,1622
11899,0,0.0,0,1621
11898,0,0.0,0,1620
11897,0,0.0,0,1619
10533,0,0.0,0,3493
11355,0,0.0,0,2132
11380,0,0.0,0,2109
11891,0,0.0,0,1658
11343,0,0.0,0,2061
11381,0,0.0,0,2097
11883,0,0.0,0,1665
11403,0,0.0,0,2117
11404,0,0.0,0,2118
11882,0,0.0,0,1664
11405,0,0.0,0,2119
11406,0,0.0,0,2120
11407,0,0.0,0,2121
11408,0,0.0,0,2122
11881,0,0.0,0,1663
11409,0,0.0,0,2274
11410,0,0.0,0,2276
11411,0,0.0,0,2515
11412,0,0.0,0,2277
11413,0,0.0,0,2428
11414,0,0.0,0,2429
11415,0,0.0,0,2430
11416,0,0.0,0,2431
11880,0,0.0,0,1662
11879,0,0.0,0,1661
11417,0,0.0,0,2432
11418,0,0.0,0,2433
11878,0,0.0,0,1660
11877,0,0.0,0,1672
11884,0,0.0,0,1666
11885,0,0.0,0,1667
11402,0,0.0,0,2116
11393,0,0.0,0,2107
11382,0,0.0,0,2098
11383,0,0.0,0,2099
11384,0,0.0,0,2100
11385,0,0.0,0,2101
11386,0,0.0,0,2102
11387,0,0.0,0,2103
11890,0,0.0,0,1645
11390,0,0.0,0,2104
11391,0,0.0,0,2105
11392,0,0.0,0,2106
11394,0,0.0,0,2108
11886,0,0.0,0,1668
11395,0,0.0,0,2110
11889,0,0.0,0,1671
11888,0,0.0,0,1670
11887,0,0.0,0,1669
11396,0,0.0,0,2123
11397,0,0.0,0,2111
11398,0,0.0,0,2112
11399,0,0.0,0,2113
11400,0,0.0,0,2114
11401,0,0.0,0,2115
11344,0,0.0,0,2062
11341,0,0.0,0,2060
11250,0,0.0,0,2217
11294,0,0.0,0,2093
11926,0,0.0,0,1946
11274,0,0.0,0,2240
11275,0,0.0,0,2241
11276,0,0.0,0,2242
11277,0,0.0,0,2156
11925,0,0.0,0,1795
11278,0,0.0,0,2155
11279,0,0.0,0,2154
11280,0,0.0,0,2094
11281,0,0.0,0,2067
11282,0,0.0,0,2068
11283,0,0.0,0,2069
11284,0,0.0,0,2070
11924,0,0.0,0,1794
11285,0,0.0,0,2071
11286,0,0.0,0,2072
11287,0,0.0,0,2073
11923,0,0.0,0,1793
11288,0,0.0,0,2074
11289,0,0.0,0,2075
11290,0,0.0,0,2076
11291,0,0.0,0,2077
11292,0,0.0,0,2078
11273,0,0.0,0,2239
11928,0,0.0,0,1947
11271,0,0.0,0,2238
11259,0,0.0,0,2226
11251,0,0.0,0,2218
11252,0,0.0,0,2219
11253,0,0.0,0,2220
11254,0,0.0,0,2221
11255,0,0.0,0,2222
11256,0,0.0,0,2223
11257,0,0.0,0,2224
11931,0,0.0,0,1950
11258,0,0.0,0,2225
11930,0,0.0,0,1949
11260,0,0.0,0,2227
11270,0,0.0,0,2237
11261,0,0.0,0,2228
11262,0,0.0,0,2230
11263,0,0.0,0,2243
11929,0,0.0,0,1948
11264,0,0.0,0,2231
11265,0,0.0,0,2232
11266,0,0.0,0,2233
11267,0,0.0,0,2234
11268,0,0.0,0,2235
11269,0,0.0,0,2236
11293,0,0.0,0,2080
11295,0,0.0,0,2081
11340,0,0.0,0,2059
11296,0,0.0,0,2082
11318,0,0.0,0,2041
11319,0,0.0,0,2042
11320,0,0.0,0,2043
11321,0,0.0,0,2044
11322,0,0.0,0,2045
11323,0,0.0,0,2046
11324,0,0.0,0,2047
11913,0,0.0,0,1634
11912,0,0.0,0,1633
11911,0,0.0,0,1632
11328,0,0.0,0,2048
11329,0,0.0,0,2050
11330,0,0.0,0,2063
11331,0,0.0,0,2051
11332,0,0.0,0,2052
11333,0,0.0,0,2053
11910,0,0.0,0,1631
11335,0,0.0,0,2054
11336,0,0.0,0,2055
11909,0,0.0,0,1630
11337,0,0.0,0,2056
11338,0,0.0,0,2057
11339,0,0.0,0,2058
11317,0,0.0,0,2040
11316,0,0.0,0,2039
11315,0,0.0,0,2038
11304,0,0.0,0,2089
11297,0,0.0,0,2083
11922,0,0.0,0,1673
11921,0,0.0,0,1641
11920,0,0.0,0,1640
11299,0,0.0,0,2084
11919,0,0.0,0,1639
11300,0,0.0,0,2085
11301,0,0.0,0,2086
11302,0,0.0,0,2087
11303,0,0.0,0,2088
11305,0,0.0,0,2090
11314,0,0.0,0,2037
11917,0,0.0,0,1638
11916,0,0.0,0,1637
11308,0,0.0,0,2091
11915,0,0.0,0,1636
11309,0,0.0,0,2092
11310,0,0.0,0,2066
11311,0,0.0,0,2079
11312,0,0.0,0,2065
11914,0,0.0,0,1635
11313,0,0.0,0,2049
10534,0,0.0,0,2516
0,0,0.0,0,1554
10532,0,0.0,0,2518
9135,0,0.0,0,2547
9138,0,0.0,0,2531
9139,0,0.0,0,2519
9140,0,0.0,0,2520
9141,0,0.0,0,2521
9142,0,0.0,0,2522
9143,0,0.0,0,2523
9144,0,0.0,0,2524
9145,0,0.0,0,2525
9146,0,0.0,0,2526
9147,0,0.0,0,2527
9148,0,0.0,0,2528
9149,0,0.0,0,2529
9151,0,0.0,0,2530
9152,0,0.0,0,2532
9153,0,0.0,0,2545
9154,0,0.0,0,2533
9155,0,0.0,0,2534
9156,0,0.0,0,2535
9158,0,0.0,0,2536
9159,0,0.0,0,2537
9160,0,0.0,0,2538
9161,0,0.0,0,2539
9162,0,0.0,0,2540
9163,0,0.0,0,2541
9164,0,0.0,0,2542
9165,0,0.0,0,2543
9166,0,0.0,0,2544
9137,0,0.0,0,2546
9134,0,0.0,0,2548
9498,0,0.0,0,3494
9133,0,0.0,0,2575
9104,0,0.0,0,2577
9105,0,0.0,0,2549
9106,0,0.0,0,2550
9107,0,0.0,0,2551
9108,0,0.0,0,2552
9109,0,0.0,0,2553
9110,0,0.0,0,2554
9111,0,0.0,0,2555
9112,0,0.0,0,2556
9113,0,0.0,0,2557
9114,0,0.0,0,2558
9115,0,0.0,0,2559
9116,0,0.0,0,2560
9118,0,0.0,0,2561
9119,0,0.0,0,2562
9120,0,0.0,0,2563
9121,0,0.0,0,2564
9122,0,0.0,0,2565
9123,0,0.0,0,2566
9124,0,0.0,0,2567
9125,0,0.0,0,2568
9126,0,0.0,0,2569
9127,0,0.0,0,2570
9128,0,0.0,0,2571
9129,0,0.0,0,2572
9130,0,0.0,0,2573
9132,0,0.0,0,2574
9167,0,0.0,0,2576
9168,0,0.0,0,2578
9169,0,0.0,0,2637
9170,0,0.0,0,2579
9205,0,0.0,0,2592
9207,0,0.0,0,2580
9208,0,0.0,0,2581
9209,0,0.0,0,2582
9210,0,0.0,0,2583
9211,0,0.0,0,2584
9214,0,0.0,0,2585
9215,0,0.0,0,2586
9216,0,0.0,0,2587
9217,0,0.0,0,2588
9218,0,0.0,0,2589
9219,0,0.0,0,2590
9220,0,0.0,0,2591
9221,0,0.0,0,2593
9222,0,0.0,0,2606
9223,0,0.0,0,2594
9224,0,0.0,0,2595
9225,0,0.0,0,2596
9226,0,0.0,0,2597
9227,0,0.0,0,2598
9228,0,0.0,0,2599
9229,0,0.0,0,2600
9230,0,0.0,0,2601
9231,0,0.0,0,2602
9232,0,0.0,0,2603
9233,0,0.0,0,2604
9234,0,0.0,0,2605
9204,0,0.0,0,2607
9202,0,0.0,0,2608
9201,0,0.0,0,2609
9184,0,0.0,0,2622
9171,0,0.0,0,2610
9172,0,0.0,0,2611
9173,0,0.0,0,2612
9174,0,0.0,0,2613
9175,0,0.0,0,2614
9176,0,0.0,0,2615
9177,0,0.0,0,2616
9178,0,0.0,0,2617
9179,0,0.0,0,2618
9180,0,0.0,0,2619
9181,0,0.0,0,2620
9182,0,0.0,0,2621
9185,0,0.0,0,2623
9200,0,0.0,0,2636
9187,0,0.0,0,2624
9188,0,0.0,0,2625
9189,0,0.0,0,2626
9190,0,0.0,0,2627
9191,0,0.0,0,2628
9192,0,0.0,0,2629
9193,0,0.0,0,2630
9194,0,0.0,0,2631
9195,0,0.0,0,2632
9197,0,0.0,0,2633
9198,0,0.0,0,2634
9199,0,0.0,0,2635
9102,0,0.0,0,2639
9101,0,0.0,0,2699
9100,0,0.0,0,2640
9038,0,0.0,0,2698
9006,0,0.0,0,2668
9007,0,0.0,0,2653
9008,0,0.0,0,2641
9009,0,0.0,0,2642
9011,0,0.0,0,2643
9012,0,0.0,0,2644
9013,0,0.0,0,2645
9014,0,0.0,0,2646
9015,0,0.0,0,2647
9016,0,0.0,0,2648
9017,0,0.0,0,2649
9018,0,0.0,0,2650
9020,0,0.0,0,2651
9021,0,0.0,0,2652
9022,0,0.0,0,2654
9023,0,0.0,0,2667
9024,0,0.0,0,2655
9025,0,0.0,0,2656
9026,0,0.0,0,2657
9027,0,0.0,0,2658
9028,0,0.0,0,2659
9029,0,0.0,0,2660
9030,0,0.0,0,2661
9031,0,0.0,0,2662
9033,0,0.0,0,2663
9034,0,0.0,0,2664
9036,0,0.0,0,2665
9005,0,0.0,0,2669
9004,0,0.0,0,2670
9003,0,0.0,0,2697
8987,0,0.0,0,2682
8974,0,0.0,0,2760
8975,0,0.0,0,2671
8976,0,0.0,0,2672
8977,0,0.0,0,2673
8978,0,0.0,0,2674
8979,0,0.0,0,2675
8980,0,0.0,0,2676
8981,0,0.0,0,2677
8982,0,0.0,0,2678
8984,0,0.0,0,2679
8985,0,0.0,0,2680
8986,0,0.0,0,2681
8988,0,0.0,0,2683
9002,0,0.0,0,2696
8989,0,0.0,0,2684
8990,0,0.0,0,2685
8991,0,0.0,0,2686
8992,0,0.0,0,2687
8993,0,0.0,0,2688
8994,0,0.0,0,2689
8995,0,0.0,0,2690
8996,0,0.0,0,2691
8997,0,0.0,0,2692
8998,0,0.0,0,2693
8999,0,0.0,0,2694
9001,0,0.0,0,2695
9037,0,0.0,0,2666
9039,0,0.0,0,2700
9099,0,0.0,0,2727
9040,0,0.0,0,2759
9072,0,0.0,0,2729
9073,0,0.0,0,2714
9074,0,0.0,0,2702
9075,0,0.0,0,2703
9076,0,0.0,0,2704
9077,0,0.0,0,2705
9078,0,0.0,0,2706
9079,0,0.0,0,2707
9080,0,0.0,0,2708
9081,0,0.0,0,2709
9082,0,0.0,0,2710
9083,0,0.0,0,2711
9084,0,0.0,0,2712
9085,0,0.0,0,2713
9086,0,0.0,0,2715
9087,0,0.0,0,2728
9088,0,0.0,0,2716
9089,0,0.0,0,2717
9090,0,0.0,0,2718
9091,0,0.0,0,2719
9092,0,0.0,0,2720
9093,0,0.0,0,2721
9094,0,0.0,0,2722
9095,0,0.0,0,2723
9096,0,0.0,0,2724
9097,0,0.0,0,2725
9098,0,0.0,0,2726
9071,0,0.0,0,2730
9070,0,0.0,0,2731
9069,0,0.0,0,2758
9054,0,0.0,0,2743
9041,0,0.0,0,2701
9042,0,0.0,0,2732
9044,0,0.0,0,2733
9045,0,0.0,0,2734
9046,0,0.0,0,2735
9047,0,0.0,0,2736
9048,0,0.0,0,2737
9049,0,0.0,0,2738
9050,0,0.0,0,2739
9051,0,0.0,0,2740
9052,0,0.0,0,2741
9053,0,0.0,0,2742
9055,0,0.0,0,2744
9068,0,0.0,0,2757
9056,0,0.0,0,2745
9057,0,0.0,0,2746
9058,0,0.0,0,2747
9059,0,0.0,0,2748
9060,0,0.0,0,2749
9061,0,0.0,0,2750
9062,0,0.0,0,2751
9063,0,0.0,0,2752
9064,0,0.0,0,2753
9065,0,0.0,0,2754
9066,0,0.0,0,2755
9067,0,0.0,0,2756
9235,0,0.0,0,2638
9236,0,0.0,0,2761
9237,0,0.0,0,2882
9432,0,0.0,0,2822
9403,0,0.0,0,2775
9404,0,0.0,0,2763
9405,0,0.0,0,2764
9406,0,0.0,0,2765
9408,0,0.0,0,2766
9409,0,0.0,0,2767
9410,0,0.0,0,2768
9411,0,0.0,0,2769
9412,0,0.0,0,2770
9413,0,0.0,0,2771
9414,0,0.0,0,2772
9415,0,0.0,0,2773
9416,0,0.0,0,2774
9417,0,0.0,0,2776
9418,0,0.0,0,2789
9419,0,0.0,0,2777
9420,0,0.0,0,2778
9421,0,0.0,0,2779
9422,0,0.0,0,2780
9423,0,0.0,0,2781
9424,0,0.0,0,2782
9425,0,0.0,0,2783
9426,0,0.0,0,2784
9427,0,0.0,0,2785
9428,0,0.0,0,2786
9429,0,0.0,0,2787
9430,0,0.0,0,2788
9402,0,0.0,0,2790
9401,0,0.0,0,2791
9400,0,0.0,0,2792
9383,0,0.0,0,2805
9369,0,0.0,0,2793
9370,0,0.0,0,2794
9371,0,0.0,0,2795
9372,0,0.0,0,2796
9373,0,0.0,0,2797
9374,0,0.0,0,2798
9375,0,0.0,0,2799
9376,0,0.0,0,2800
9378,0,0.0,0,2801
9379,0,0.0,0,2802
9380,0,0.0,0,2803
9382,0,0.0,0,2804
9384,0,0.0,0,2806
9399,0,0.0,0,2819
9385,0,0.0,0,2807
9386,0,0.0,0,2808
9387,0,0.0,0,2809
9388,0,0.0,0,2810
9389,0,0.0,0,2811
9391,0,0.0,0,2812
9392,0,0.0,0,2813
9394,0,0.0,0,2814
9395,0,0.0,0,2815
9396,0,0.0,0,2816
9397,0,0.0,0,2817
9398,0,0.0,0,2818
9431,0,0.0,0,2820
9433,0,0.0,0,2881
9367,0,0.0,0,2883
9434,0,0.0,0,2823
9467,0,0.0,0,2836
9468,0,0.0,0,2824
9469,0,0.0,0,2825
9471,0,0.0,0,2826
9472,0,0.0,0,2827
9473,0,0.0,0,2828
9474,0,0.0,0,2829
9475,0,0.0,0,2830
9476,0,0.0,0,2831
9477,0,0.0,0,2832
9478,0,0.0,0,2833
9480,0,0.0,0,2834
9481,0,0.0,0,2835
9482,0,0.0,0,2837
9483,0,0.0,0,2850
9484,0,0.0,0,2838
9485,0,0.0,0,2839
9486,0,0.0,0,2840
9487,0,0.0,0,2841
9489,0,0.0,0,2842
9490,0,0.0,0,2843
9491,0,0.0,0,2844
9492,0,0.0,0,2845
9493,0,0.0,0,2846
9494,0,0.0,0,2847
9495,0,0.0,0,2848
9496,0,0.0,0,2849
9466,0,0.0,0,2851
9465,0,0.0,0,2852
9464,0,0.0,0,2853
9447,0,0.0,0,2866
9435,0,0.0,0,2854
9436,0,0.0,0,2855
9437,0,0.0,0,2856
9438,0,0.0,0,2857
9439,0,0.0,0,2858
9440,0,0.0,0,2859
9441,0,0.0,0,2860
9442,0,0.0,0,2861
9443,0,0.0,0,2862
9444,0,0.0,0,2863
9445,0,0.0,0,2864
9446,0,0.0,0,2865
9448,0,0.0,0,2867
9463,0,0.0,0,2880
9449,0,0.0,0,2868
9450,0,0.0,0,2869
9452,0,0.0,0,2870
9454,0,0.0,0,2871
9455,0,0.0,0,2872
9456,0,0.0,0,2873
9457,0,0.0,0,2874
9458,0,0.0,0,2875
9459,0,0.0,0,2876
9460,0,0.0,0,2877
9461,0,0.0,0,2878
9462,0,0.0,0,2879
9368,0,0.0,0,2821
9366,0,0.0,0,2943
9238,0,0.0,0,2762
9300,0,0.0,0,2944
9270,0,0.0,0,2897
9271,0,0.0,0,2885
9272,0,0.0,0,2886
9273,0,0.0,0,2887
9274,0,0.0,0,2888
9275,0,0.0,0,2889
9276,0,0.0,0,2890
9277,0,0.0,0,2891
9278,0,0.0,0,2892
9279,0,0.0,0,2893
9280,0,0.0,0,2894
9281,0,0.0,0,2895
9282,0,0.0,0,2896
9283,0,0.0,0,2898
9284,0,0.0,0,2911
9285,0,0.0,0,2899
9286,0,0.0,0,2900
9288,0,0.0,0,2901
9289,0,0.0,0,2902
9290,0,0.0,0,2903
9291,0,0.0,0,2904
9292,0,0.0,0,2905
9293,0,0.0,0,2906
9294,0,0.0,0,2907
9295,0,0.0,0,2908
9297,0,0.0,0,2909
9298,0,0.0,0,2910
9269,0,0.0,0,2912
9268,0,0.0,0,2913
9267,0,0.0,0,2914
9251,0,0.0,0,2927
9239,0,0.0,0,2915
9240,0,0.0,0,2916
9241,0,0.0,0,2917
9242,0,0.0,0,2918
9243,0,0.0,0,2919
9244,0,0.0,0,2920
9245,0,0.0,0,2921
9246,0,0.0,0,2922
9247,0,0.0,0,2923
9248,0,0.0,0,2924
9249,0,0.0,0,2925
9250,0,0.0,0,2926
9252,0,0.0,0,2928
9266,0,0.0,0,2941
9253,0,0.0,0,2929
9254,0,0.0,0,2930
9256,0,0.0,0,2931
9257,0,0.0,0,2932
9258,0,0.0,0,2933
9259,0,0.0,0,2934
9260,0,0.0,0,2935
9261,0,0.0,0,2936
9262,0,0.0,0,2937
9263,0,0.0,0,2938
9264,0,0.0,0,2939
9265,0,0.0,0,2940
9299,0,0.0,0,2942
9301,0,0.0,0,3003
9365,0,0.0,0,2884
9302,0,0.0,0,2945
9334,0,0.0,0,2958
9335,0,0.0,0,2946
9336,0,0.0,0,2947
9337,0,0.0,0,2948
9338,0,0.0,0,2949
9339,0,0.0,0,2950
9340,0,0.0,0,2951
9341,0,0.0,0,2952
9342,0,0.0,0,2953
9343,0,0.0,0,2954
9344,0,0.0,0,2955
9347,0,0.0,0,2956
9348,0,0.0,0,2957
9349,0,0.0,0,2959
9350,0,0.0,0,2972
9351,0,0.0,0,2960
9352,0,0.0,0,2961
9353,0,0.0,0,2962
9356,0,0.0,0,2963
9357,0,0.0,0,2964
9358,0,0.0,0,2965
9359,0,0.0,0,2966
9360,0,0.0,0,2967
9361,0,0.0,0,2968
9362,0,0.0,0,2969
9363,0,0.0,0,2970
9364,0,0.0,0,2971
9333,0,0.0,0,2973
9332,0,0.0,0,2974
9331,0,0.0,0,2975
9315,0,0.0,0,2988
9303,0,0.0,0,2976
9304,0,0.0,0,2977
9305,0,0.0,0,2978
9306,0,0.0,0,2979
9307,0,0.0,0,2980
9308,0,0.0,0,2981
9309,0,0.0,0,2982
9310,0,0.0,0,2983
9311,0,0.0,0,2984
9312,0,0.0,0,2985
9313,0,0.0,0,2986
9314,0,0.0,0,2987
9316,0,0.0,0,2989
9330,0,0.0,0,3002
9317,0,0.0,0,2990
9318,0,0.0,0,2991
9319,0,0.0,0,2992
9320,0,0.0,0,2993
9321,0,0.0,0,2994
9322,0,0.0,0,2995
9323,0,0.0,0,2996
9324,0,0.0,0,2997
9326,0,0.0,0,2998
9327,0,0.0,0,2999
9328,0,0.0,0,3000
9329,0,0.0,0,3001
8973,0,0.0,0,3004
8972,0,0.0,0,3005
8971,0,0.0,0,3006
8649,0,0.0,0,3066
8620,0,0.0,0,3019
8621,0,0.0,0,3007
8622,0,0.0,0,3008
8623,0,0.0,0,3009
8624,0,0.0,0,3010
8625,0,0.0,0,3011
8626,0,0.0,0,3012
8627,0,0.0,0,3013
8628,0,0.0,0,3014
8629,0,0.0,0,3015
8630,0,0.0,0,3016
8631,0,0.0,0,3017
8632,0,0.0,0,3018
8633,0,0.0,0,3020
8634,0,0.0,0,3033
8635,0,0.0,0,3021
8636,0,0.0,0,3022
8637,0,0.0,0,3023
8638,0,0.0,0,3024
8639,0,0.0,0,3025
8640,0,0.0,0,3026
8641,0,0.0,0,3027
8642,0,0.0,0,3028
8643,0,0.0,0,3029
8644,0,0.0,0,3030
8645,0,0.0,0,3031
8647,0,0.0,0,3032
8619,0,0.0,0,3034
8618,0,0.0,0,3035
8617,0,0.0,0,3036
8600,0,0.0,0,3049
8587,0,0.0,0,3037
8588,0,0.0,0,3038
8589,0,0.0,0,3039
8590,0,0.0,0,3040
8591,0,0.0,0,3041
8592,0,0.0,0,3042
8593,0,0.0,0,3043
8594,0,0.0,0,3044
8595,0,0.0,0,3045
8597,0,0.0,0,3046
8598,0,0.0,0,3047
8599,0,0.0,0,3048
8601,0,0.0,0,3050
8616,0,0.0,0,3063
8602,0,0.0,0,3051
8603,0,0.0,0,3052
8604,0,0.0,0,3053
8605,0,0.0,0,3054
8606,0,0.0,0,3055
8607,0,0.0,0,3056
8608,0,0.0,0,3057
8610,0,0.0,0,3058
8611,0,0.0,0,3059
8613,0,0.0,0,3060
8614,0,0.0,0,3061
8615,0,0.0,0,3062
8648,0,0.0,0,3064
8650,0,0.0,0,3125
8585,0,0.0,0,3127
8651,0,0.0,0,3067
8684,0,0.0,0,3080
8685,0,0.0,0,3068
8686,0,0.0,0,3069
8687,0,0.0,0,3070
8688,0,0.0,0,3071
8689,0,0.0,0,3072
8690,0,0.0,0,3073
8691,0,0.0,0,3074
8692,0,0.0,0,3075
8693,0,0.0,0,3076
8695,0,0.0,0,3077
8696,0,0.0,0,3078
8697,0,0.0,0,3079
8699,0,0.0,0,3081
8700,0,0.0,0,3094
8701,0,0.0,0,3082
8702,0,0.0,0,3083
8703,0,0.0,0,3084
8704,0,0.0,0,3085
8705,0,0.0,0,3086
8706,0,0.0,0,3087
8707,0,0.0,0,3088
8708,0,0.0,0,3089
8709,0,0.0,0,3090
8710,0,0.0,0,3091
8711,0,0.0,0,3092
8712,0,0.0,0,3093
8683,0,0.0,0,3095
8682,0,0.0,0,3096
8681,0,0.0,0,3097
8665,0,0.0,0,3110
8652,0,0.0,0,3098
8653,0,0.0,0,3099
8654,0,0.0,0,3100
8655,0,0.0,0,3101
8656,0,0.0,0,3102
8657,0,0.0,0,3103
8658,0,0.0,0,3104
8659,0,0.0,0,3105
8660,0,0.0,0,3106
8661,0,0.0,0,3107
8662,0,0.0,0,3108
8664,0,0.0,0,3109
8666,0,0.0,0,3111
8680,0,0.0,0,3124
8667,0,0.0,0,3112
8669,0,0.0,0,3113
8670,0,0.0,0,3114
8671,0,0.0,0,3115
8672,0,0.0,0,3116
8673,0,0.0,0,3117
8674,0,0.0,0,3118
8675,0,0.0,0,3119
8676,0,0.0,0,3120
8677,0,0.0,0,3121
8678,0,0.0,0,3122
8679,0,0.0,0,3123
8586,0,0.0,0,3065
8584,0,0.0,0,3187
8714,0,0.0,0,3248
8518,0,0.0,0,3188
8488,0,0.0,0,3141
8489,0,0.0,0,3129
8490,0,0.0,0,3130
8491,0,0.0,0,3131
8492,0,0.0,0,3132
8494,0,0.0,0,3133
8495,0,0.0,0,3134
8496,0,0.0,0,3135
8497,0,0.0,0,3136
8498,0,0.0,0,3137
8499,0,0.0,0,3138
8500,0,0.0,0,3139
8501,0,0.0,0,3140
8502,0,0.0,0,3142
8503,0,0.0,0,3155
8504,0,0.0,0,3143
8505,0,0.0,0,3144
8506,0,0.0,0,3145
8507,0,0.0,0,3146
8508,0,0.0,0,3147
8509,0,0.0,0,3148
8510,0,0.0,0,3149
8511,0,0.0,0,3150
8512,0,0.0,0,3151
8513,0,0.0,0,3152
8514,0,0.0,0,3153
8515,0,0.0,0,3154
8487,0,0.0,0,3156
8486,0,0.0,0,3157
8484,0,0.0,0,3158
8469,0,0.0,0,3171
8457,0,0.0,0,3159
8458,0,0.0,0,3160
8459,0,0.0,0,3161
8460,0,0.0,0,3162
8461,0,0.0,0,3163
8462,0,0.0,0,3164
8463,0,0.0,0,3165
8464,0,0.0,0,3166
8465,0,0.0,0,3167
8466,0,0.0,0,3168
8467,0,0.0,0,3169
8468,0,0.0,0,3170
8470,0,0.0,0,3172
8483,0,0.0,0,3185
8471,0,0.0,0,3173
8472,0,0.0,0,3174
8473,0,0.0,0,3175
8474,0,0.0,0,3176
8475,0,0.0,0,3177
8476,0,0.0,0,3178
8477,0,0.0,0,3179
8478,0,0.0,0,3180
8479,0,0.0,0,3181
8480,0,0.0,0,3182
8481,0,0.0,0,3183
8482,0,0.0,0,3184
8516,0,0.0,0,3186
8519,0,0.0,0,3247
8582,0,0.0,0,3128
8520,0,0.0,0,3189
8552,0,0.0,0,3202
8553,0,0.0,0,3190
8554,0,0.0,0,3191
8555,0,0.0,0,3192
8556,0,0.0,0,3193
8557,0,0.0,0,3194
8558,0,0.0,0,3195
8559,0,0.0,0,3196
8560,0,0.0,0,3197
8561,0,0.0,0,3198
8562,0,0.0,0,3199
8563,0,0.0,0,3200
8564,0,0.0,0,3201
8565,0,0.0,0,3203
8567,0,0.0,0,3216
8568,0,0.0,0,3204
8569,0,0.0,0,3205
8570,0,0.0,0,3206
8571,0,0.0,0,3207
8572,0,0.0,0,3208
8573,0,0.0,0,3209
8575,0,0.0,0,3210
8576,0,0.0,0,3211
8577,0,0.0,0,3212
8578,0,0.0,0,3213
8579,0,0.0,0,3214
8580,0,0.0,0,3215
8551,0,0.0,0,3217
8550,0,0.0,0,3218
8549,0,0.0,0,3219
8534,0,0.0,0,3232
8521,0,0.0,0,3220
8522,0,0.0,0,3221
8523,0,0.0,0,3222
8524,0,0.0,0,3223
8525,0,0.0,0,3224
8526,0,0.0,0,3225
8528,0,0.0,0,3226
8529,0,0.0,0,3227
8530,0,0.0,0,3228
8531,0,0.0,0,3229
8532,0,0.0,0,3230
8533,0,0.0,0,3231
8535,0,0.0,0,3233
8548,0,0.0,0,3246
8536,0,0.0,0,3234
8537,0,0.0,0,3235
8538,0,0.0,0,3236
8539,0,0.0,0,3237
8540,0,0.0,0,3238
8541,0,0.0,0,3239
8542,0,0.0,0,3240
8543,0,0.0,0,3241
8544,0,0.0,0,3242
8545,0,0.0,0,3243
8546,0,0.0,0,3244
8547,0,0.0,0,3245
8713,0,0.0,0,3126
8715,0,0.0,0,3249
8970,0,0.0,0,3337
8908,0,0.0,0,3308
8879,0,0.0,0,3278
8880,0,0.0,0,3263
8881,0,0.0,0,3251
8882,0,0.0,0,3252
8883,0,0.0,0,3253
8884,0,0.0,0,3254
8885,0,0.0,0,3255
8886,0,0.0,0,3256
8887,0,0.0,0,3257
8889,0,0.0,0,3258
8890,0,0.0,0,3259
8891,0,0.0,0,3260
8892,0,0.0,0,3261
8893,0,0.0,0,3262
8894,0,0.0,0,3264
8895,0,0.0,0,3277
8896,0,0.0,0,3265
8897,0,0.0,0,3266
8898,0,0.0,0,3267
8899,0,0.0,0,3268
8900,0,0.0,0,3269
8901,0,0.0,0,3270
8902,0,0.0,0,3271
8903,0,0.0,0,3272
8904,0,0.0,0,3273
8905,0,0.0,0,3274
8906,0,0.0,0,3275
8878,0,0.0,0,3279
8876,0,0.0,0,3280
8875,0,0.0,0,3307
8858,0,0.0,0,3292
8846,0,0.0,0,3309
8847,0,0.0,0,3281
8848,0,0.0,0,3282
8849,0,0.0,0,3283
8850,0,0.0,0,3284
8851,0,0.0,0,3285
8852,0,0.0,0,3286
8853,0,0.0,0,3287
8854,0,0.0,0,3288
8855,0,0.0,0,3289
8856,0,0.0,0,3290
8857,0,0.0,0,3291
8859,0,0.0,0,3293
8874,0,0.0,0,3306
8860,0,0.0,0,3294
8861,0,0.0,0,3295
8863,0,0.0,0,3296
8864,0,0.0,0,3297
8865,0,0.0,0,3298
8866,0,0.0,0,3299
8868,0,0.0,0,3300
8869,0,0.0,0,3301
8870,0,0.0,0,3302
8871,0,0.0,0,3303
8872,0,0.0,0,3304
8873,0,0.0,0,3305
8907,0,0.0,0,3276
8909,0,0.0,0,3310
8844,0,0.0,0,3371
8910,0,0.0,0,3369
8942,0,0.0,0,3339
8943,0,0.0,0,3324
8944,0,0.0,0,3312
8945,0,0.0,0,3313
8947,0,0.0,0,3314
8948,0,0.0,0,3315
8949,0,0.0,0,3316
8950,0,0.0,0,3317
8951,0,0.0,0,3318
8952,0,0.0,0,3319
8953,0,0.0,0,3320
8954,0,0.0,0,3321
8955,0,0.0,0,3322
8956,0,0.0,0,3323
8957,0,0.0,0,3325
8958,0,0.0,0,3338
8959,0,0.0,0,3326
8960,0,0.0,0,3327
8961,0,0.0,0,3328
8962,0,0.0,0,3329
8963,0,0.0,0,3330
8964,0,0.0,0,3331
8965,0,0.0,0,3332
8966,0,0.0,0,3333
8967,0,0.0,0,3334
8968,0,0.0,0,3335
8969,0,0.0,0,3336
8941,0,0.0,0,3340
8940,0,0.0,0,3341
8939,0,0.0,0,3368
8923,0,0.0,0,3353
8911,0,0.0,0,3311
8912,0,0.0,0,3342
8913,0,0.0,0,3343
8914,0,0.0,0,3344
8915,0,0.0,0,3345
8916,0,0.0,0,3346
8917,0,0.0,0,3347
8918,0,0.0,0,3348
8919,0,0.0,0,3349
8920,0,0.0,0,3350
8921,0,0.0,0,3351
8922,0,0.0,0,3352
8924,0,0.0,0,3354
8938,0,0.0,0,3367
8925,0,0.0,0,3355
8926,0,0.0,0,3356
8927,0,0.0,0,3357
8929,0,0.0,0,3358
8930,0,0.0,0,3359
8931,0,0.0,0,3360
8932,0,0.0,0,3361
8933,0,0.0,0,3362
8934,0,0.0,0,3363
8935,0,0.0,0,3364
8936,0,0.0,0,3365
8937,0,0.0,0,3366
8845,0,0.0,0,3370
8843,0,0.0,0,3372
8716,0,0.0,0,3250
8779,0,0.0,0,3431
8750,0,0.0,0,3385
8751,0,0.0,0,3373
8752,0,0.0,0,3374
8753,0,0.0,0,3375
8754,0,0.0,0,3376
8755,0,0.0,0,3377
8756,0,0.0,0,3378
8757,0,0.0,0,3379
8758,0,0.0,0,3380
8759,0,0.0,0,3381
8760,0,0.0,0,3382
8761,0,0.0,0,3383
8762,0,0.0,0,3384
8763,0,0.0,0,3386
8764,0,0.0,0,3399
8765,0,0.0,0,3387
8766,0,0.0,0,3388
8767,0,0.0,0,3389
8768,0,0.0,0,3390
8769,0,0.0,0,3391
8771,0,0.0,0,3392
8772,0,0.0,0,3393
8773,0,0.0,0,3394
8774,0,0.0,0,3395
8775,0,0.0,0,3396
8776,0,0.0,0,3397
8777,0,0.0,0,3398
8749,0,0.0,0,3400
8748,0,0.0,0,3401
8747,0,0.0,0,3402
8730,0,0.0,0,3415
8718,0,0.0,0,3403
8719,0,0.0,0,3404
8720,0,0.0,0,3405
8721,0,0.0,0,3406
8722,0,0.0,0,3407
8723,0,0.0,0,3408
8724,0,0.0,0,3409
8725,0,0.0,0,3410
8726,0,0.0,0,3411
8727,0,0.0,0,3412
8728,0,0.0,0,3413
8729,0,0.0,0,3414
8731,0,0.0,0,3416
8746,0,0.0,0,3429
8732,0,0.0,0,3417
8733,0,0.0,0,3418
8734,0,0.0,0,3419
8735,0,0.0,0,3420
8738,0,0.0,0,3421
8739,0,0.0,0,3422
8740,0,0.0,0,3423
8741,0,0.0,0,3424
8742,0,0.0,0,3425
8743,0,0.0,0,3426
8744,0,0.0,0,3427
8745,0,0.0,0,3428
8778,0,0.0,0,3430
8780,0,0.0,0,3432
8842,0,0.0,0,3460
8781,0,0.0,0,3433
8813,0,0.0,0,3461
8814,0,0.0,0,3434
8815,0,0.0,0,3435
8816,0,0.0,0,3436
8817,0,0.0,0,3437
8818,0,0.0,0,3438
8820,0,0.0,0,3439
8821,0,0.0,0,3440
8822,0,0.0,0,3441
8823,0,0.0,0,3442
8824,0,0.0,0,3443
8825,0,0.0,0,3444
8826,0,0.0,0,3445
8827,0,0.0,0,3446
8828,0,0.0,0,3447
8829,0,0.0,0,3448
8830,0,0.0,0,3449
8831,0,0.0,0,3450
8832,0,0.0,0,3451
8833,0,0.0,0,3452
8835,0,0.0,0,3453
8836,0,0.0,0,3454
8837,0,0.0,0,3455
8838,0,0.0,0,3456
8839,0,0.0,0,3457
8840,0,0.0,0,3458
8841,0,0.0,0,3459
8812,0,0.0,0,3463
8811,0,0.0,0,3492
8810,0,0.0,0,3464
8795,0,0.0,0,3477
8782,0,0.0,0,3465
8784,0,0.0,0,3466
8785,0,0.0,0,3467
8786,0,0.0,0,3468
8787,0,0.0,0,3469
8788,0,0.0,0,3470
8789,0,0.0,0,3471
8790,0,0.0,0,3472
8791,0,0.0,0,3473
8792,0,0.0,0,3474
8793,0,0.0,0,3475
8794,0,0.0,0,3476
8796,0,0.0,0,3478
8809,0,0.0,0,3491
8797,0,0.0,0,3479
8798,0,0.0,0,3480
8799,0,0.0,0,3481
8800,0,0.0,0,3482
8801,0,0.0,0,3483
8802,0,0.0,0,3484
8803,0,0.0,0,3485
8804,0,0.0,0,3486
8805,0,0.0,0,3487
8806,0,0.0,0,3488
8807,0,0.0,0,3489
8808,0,0.0,0,3490
9497,0,0.0,0,3462
9499,0,0.0,0,4439
10531,0,0.0,0,3826
10178,0,0.0,0,3524
10181,0,0.0,0,3508
10182,0,0.0,0,3496
10183,0,0.0,0,3497
10184,0,0.0,0,3498
10185,0,0.0,0,3499
10186,0,0.0,0,3500
10187,0,0.0,0,3501
10188,0,0.0,0,3502
10189,0,0.0,0,3503
10190,0,0.0,0,3504
10191,0,0.0,0,3505
10192,0,0.0,0,3506
10193,0,0.0,0,3507
10194,0,0.0,0,3509
10195,0,0.0,0,3522
10196,0,0.0,0,3510
10197,0,0.0,0,3511
10198,0,0.0,0,3512
10199,0,0.0,0,3513
10201,0,0.0,0,3514
10202,0,0.0,0,3515
10203,0,0.0,0,3516
10204,0,0.0,0,3517
10205,0,0.0,0,3518
10206,0,0.0,0,3519
10207,0,0.0,0,3520
10208,0,0.0,0,3521
10179,0,0.0,0,3523
10177,0,0.0,0,3525
9500,0,0.0,0,3495
10176,0,0.0,0,3552
10148,0,0.0,0,3554
10149,0,0.0,0,3526
10150,0,0.0,0,3527
10151,0,0.0,0,3528
10152,0,0.0,0,3529
10153,0,0.0,0,3530
10154,0,0.0,0,3531
10155,0,0.0,0,3532
10156,0,0.0,0,3533
10157,0,0.0,0,3534
10158,0,0.0,0,3535
10159,0,0.0,0,3536
10160,0,0.0,0,3537
10161,0,0.0,0,3538
10162,0,0.0,0,3539
10163,0,0.0,0,3540
10164,0,0.0,0,3541
10165,0,0.0,0,3542
10166,0,0.0,0,3543
10167,0,0.0,0,3544
10168,0,0.0,0,3545
10169,0,0.0,0,3546
10170,0,0.0,0,3547
10172,0,0.0,0,3548
10173,0,0.0,0,3549
10174,0,0.0,0,3550
10175,0,0.0,0,3551
10209,0,0.0,0,3553
10210,0,0.0,0,3555
10211,0,0.0,0,3614
10212,0,0.0,0,3556
10247,0,0.0,0,3569
10248,0,0.0,0,3557
10249,0,0.0,0,3558
10250,0,0.0,0,3559
10251,0,0.0,0,3560
10252,0,0.0,0,3561
10253,0,0.0,0,3562
10254,0,0.0,0,3563
10255,0,0.0,0,3564
10256,0,0.0,0,3565
10257,0,0.0,0,3566
10258,0,0.0,0,3567
10259,0,0.0,0,3568
10260,0,0.0,0,3570
10261,0,0.0,0,3583
10262,0,0.0,0,3571
10263,0,0.0,0,3572
10264,0,0.0,0,3573
10265,0,0.0,0,3574
10266,0,0.0,0,3575
10267,0,0.0,0,3576
10268,0,0.0,0,3577
10269,0,0.0,0,3578
10270,0,0.0,0,3579
10271,0,0.0,0,3580
10272,0,0.0,0,3581
10273,0,0.0,0,3582
10246,0,0.0,0,3584
10245,0,0.0,0,3585
10244,0,0.0,0,3586
10229,0,0.0,0,3599
10213,0,0.0,0,3587
10214,0,0.0,0,3588
10215,0,0.0,0,3589
10217,0,0.0,0,3590
10218,0,0.0,0,3591
10219,0,0.0,0,3592
10220,0,0.0,0,3593
10221,0,0.0,0,3594
10222,0,0.0,0,3595
10223,0,0.0,0,3596
10224,0,0.0,0,3597
10226,0,0.0,0,3598
10230,0,0.0,0,3600
10243,0,0.0,0,3613
10231,0,0.0,0,3601
10232,0,0.0,0,3602
10233,0,0.0,0,3603
10234,0,0.0,0,3604
10235,0,0.0,0,3605
10236,0,0.0,0,3606
10237,0,0.0,0,3607
10238,0,0.0,0,3608
10239,0,0.0,0,3609
10240,0,0.0,0,3610
10241,0,0.0,0,3611
10242,0,0.0,0,3612
10147,0,0.0,0,3616
10146,0,0.0,0,3676
10145,0,0.0,0,3617
10080,0,0.0,0,3675
10051,0,0.0,0,3645
10052,0,0.0,0,3630
10053,0,0.0,0,3618
10054,0,0.0,0,3619
10055,0,0.0,0,3620
10056,0,0.0,0,3621
10057,0,0.0,0,3622
10058,0,0.0,0,3623
10059,0,0.0,0,3624
10060,0,0.0,0,3625
10061,0,0.0,0,3626
10062,0,0.0,0,3627
10063,0,0.0,0,3628
10064,0,0.0,0,3629
10065,0,0.0,0,3631
10066,0,0.0,0,3644
10067,0,0.0,0,3632
10068,0,0.0,0,3633
10069,0,0.0,0,3634
10070,0,0.0,0,3635
10071,0,0.0,0,3636
10072,0,0.0,0,3637
10073,0,0.0,0,3638
10074,0,0.0,0,3639
10076,0,0.0,0,3640
10077,0,0.0,0,3641
10078,0,0.0,0,3642
10050,0,0.0,0,3646
10049,0,0.0,0,3647
10048,0,0.0,0,3674
10031,0,0.0,0,3659
10017,0,0.0,0,3737
10018,0,0.0,0,3648
10021,0,0.0,0,3649
10022,0,0.0,0,3650
10023,0,0.0,0,3651
10024,0,0.0,0,3652
10025,0,0.0,0,3653
10026,0,0.0,0,3654
10027,0,0.0,0,3655
10028,0,0.0,0,3656
10029,0,0.0,0,3657
10030,0,0.0,0,3658
10032,0,0.0,0,3660
10047,0,0.0,0,3673
10033,0,0.0,0,3661
10034,0,0.0,0,3662
10035,0,0.0,0,3663
10036,0,0.0,0,3664
10038,0,0.0,0,3665
10039,0,0.0,0,3666
10040,0,0.0,0,3667
10041,0,0.0,0,3668
10043,0,0.0,0,3669
10044,0,0.0,0,3670
10045,0,0.0,0,3671
10046,0,0.0,0,3672
10079,0,0.0,0,3643
10082,0,0.0,0,3677
10144,0,0.0,0,3704
10083,0,0.0,0,3736
10115,0,0.0,0,3706
10116,0,0.0,0,3691
10117,0,0.0,0,3679
10118,0,0.0,0,3680
10119,0,0.0,0,3681
10122,0,0.0,0,3682
10123,0,0.0,0,3683
10124,0,0.0,0,3684
10125,0,0.0,0,3685
10126,0,0.0,0,3686
10127,0,0.0,0,3687
10128,0,0.0,0,3688
10129,0,0.0,0,3689
10130,0,0.0,0,3690
10131,0,0.0,0,3692
10132,0,0.0,0,3705
10133,0,0.0,0,3693
10134,0,0.0,0,3694
10135,0,0.0,0,3695
10136,0,0.0,0,3696
10137,0,0.0,0,3697
10138,0,0.0,0,3698
10139,0,0.0,0,3699
10140,0,0.0,0,3700
10141,0,0.0,0,3701
10142,0,0.0,0,3702
10143,0,0.0,0,3703
10114,0,0.0,0,3707
10113,0,0.0,0,3708
10112,0,0.0,0,3735
10097,0,0.0,0,3720
10084,0,0.0,0,3678
10085,0,0.0,0,3709
10086,0,0.0,0,3710
10087,0,0.0,0,3711
10088,0,0.0,0,3712
10090,0,0.0,0,3713
10091,0,0.0,0,3714
10092,0,0.0,0,3715
10093,0,0.0,0,3716
10094,0,0.0,0,3717
10095,0,0.0,0,3718
10096,0,0.0,0,3719
10098,0,0.0,0,3721
10111,0,0.0,0,3734
10099,0,0.0,0,3722
10100,0,0.0,0,3723
10101,0,0.0,0,3724
10102,0,0.0,0,3725
10103,0,0.0,0,3726
10104,0,0.0,0,3727
10105,0,0.0,0,3728
10106,0,0.0,0,3729
10107,0,0.0,0,3730
10108,0,0.0,0,3731
10109,0,0.0,0,3732
10110,0,0.0,0,3733
10275,0,0.0,0,3615
10276,0,0.0,0,3738
10277,0,0.0,0,3859
10467,0,0.0,0,3797
10439,0,0.0,0,3767
10440,0,0.0,0,3752
10441,0,0.0,0,3740
10442,0,0.0,0,3741
10443,0,0.0,0,3742
10444,0,0.0,0,3743
10445,0,0.0,0,3744
10446,0,0.0,0,3745
10447,0,0.0,0,3746
10448,0,0.0,0,3747
10449,0,0.0,0,3748
10450,0,0.0,0,3749
10451,0,0.0,0,3750
10452,0,0.0,0,3751
10453,0,0.0,0,3753
10454,0,0.0,0,3766
10455,0,0.0,0,3754
10456,0,0.0,0,3755
10457,0,0.0,0,3756
10458,0,0.0,0,3757
10459,0,0.0,0,3758
10460,0,0.0,0,3759
10461,0,0.0,0,3760
10462,0,0.0,0,3761
10463,0,0.0,0,3762
10464,0,0.0,0,3763
10465,0,0.0,0,3764
10438,0,0.0,0,3768
10437,0,0.0,0,3769
10436,0,0.0,0,3796
10421,0,0.0,0,3781
10409,0,0.0,0,3798
10410,0,0.0,0,3770
10411,0,0.0,0,3771
10412,0,0.0,0,3772
10413,0,0.0,0,3773
10414,0,0.0,0,3774
10415,0,0.0,0,3775
10416,0,0.0,0,3776
10417,0,0.0,0,3777
10418,0,0.0,0,3778
10419,0,0.0,0,3779
10420,0,0.0,0,3780
10422,0,0.0,0,3782
10435,0,0.0,0,3795
10423,0,0.0,0,3783
10424,0,0.0,0,3784
10425,0,0.0,0,3785
10426,0,0.0,0,3786
10427,0,0.0,0,3787
10428,0,0.0,0,3788
10429,0,0.0,0,3789
10430,0,0.0,0,3790
10431,0,0.0,0,3791
10432,0,0.0,0,3792
10433,0,0.0,0,3793
10434,0,0.0,0,3794
10466,0,0.0,0,3765
10468,0,0.0,0,3799
10406,0,0.0,0,3920
10469,0,0.0,0,3858
10502,0,0.0,0,3828
10503,0,0.0,0,3813
10504,0,0.0,0,3801
10505,0,0.0,0,3802
10506,0,0.0,0,3803
10507,0,0.0,0,3804
10509,0,0.0,0,3805
10510,0,0.0,0,3806
10511,0,0.0,0,3807
10512,0,0.0,0,3808
10513,0,0.0,0,3809
10514,0,0.0,0,3810
10515,0,0.0,0,3811
10516,0,0.0,0,3812
10517,0,0.0,0,3814
10518,0,0.0,0,3827
10519,0,0.0,0,3815
10520,0,0.0,0,3816
10521,0,0.0,0,3817
10522,0,0.0,0,3818
10523,0,0.0,0,3819
10524,0,0.0,0,3820
10525,0,0.0,0,3821
10526,0,0.0,0,3822
10527,0,0.0,0,3823
10528,0,0.0,0,3824
10530,0,0.0,0,3825
10501,0,0.0,0,3829
10500,0,0.0,0,3830
10499,0,0.0,0,3857
10483,0,0.0,0,3842
10470,0,0.0,0,3800
10471,0,0.0,0,3831
10472,0,0.0,0,3832
10474,0,0.0,0,3833
10475,0,0.0,0,3834
10476,0,0.0,0,3835
10477,0,0.0,0,3836
10478,0,0.0,0,3837
10479,0,0.0,0,3838
10480,0,0.0,0,3839
10481,0,0.0,0,3840
10482,0,0.0,0,3841
10484,0,0.0,0,3843
10498,0,0.0,0,3856
10485,0,0.0,0,3844
10486,0,0.0,0,3845
10488,0,0.0,0,3846
10489,0,0.0,0,3847
10490,0,0.0,0,3848
10491,0,0.0,0,3849
10492,0,0.0,0,3850
10493,0,0.0,0,3851
10494,0,0.0,0,3852
10495,0,0.0,0,3853
10496,0,0.0,0,3854
10497,0,0.0,0,3855
10408,0,0.0,0,3860
10405,0,0.0,0,3861
10279,0,0.0,0,3739
10342,0,0.0,0,3919
10313,0,0.0,0,3889
10314,0,0.0,0,3874
10315,0,0.0,0,3862
10316,0,0.0,0,3863
10317,0,0.0,0,3864
10318,0,0.0,0,3865
10320,0,0.0,0,3866
10321,0,0.0,0,3867
10322,0,0.0,0,3868
10323,0,0.0,0,3869
10324,0,0.0,0,3870
10325,0,0.0,0,3871
10326,0,0.0,0,3872
10327,0,0.0,0,3873
10328,0,0.0,0,3875
10329,0,0.0,0,3888
10330,0,0.0,0,3876
10331,0,0.0,0,3877
10332,0,0.0,0,3878
10333,0,0.0,0,3879
10334,0,0.0,0,3880
10335,0,0.0,0,3881
10336,0,0.0,0,3882
10337,0,0.0,0,3883
10338,0,0.0,0,3884
10339,0,0.0,0,3885
10340,0,0.0,0,3886
10312,0,0.0,0,3890
10311,0,0.0,0,3891
10310,0,0.0,0,3918
10293,0,0.0,0,3904
10281,0,0.0,0,3892
10282,0,0.0,0,3893
10283,0,0.0,0,3894
10284,0,0.0,0,3895
10285,0,0.0,0,3896
10286,0,0.0,0,3897
10287,0,0.0,0,3898
10288,0,0.0,0,3899
10289,0,0.0,0,3900
10290,0,0.0,0,3901
10291,0,0.0,0,3902
10292,0,0.0,0,3903
10294,0,0.0,0,3905
10309,0,0.0,0,3917
10296,0,0.0,0,3906
10298,0,0.0,0,3907
10299,0,0.0,0,3908
10300,0,0.0,0,3909
10301,0,0.0,0,3910
10302,0,0.0,0,3911
10303,0,0.0,0,3912
10304,0,0.0,0,3913
10305,0,0.0,0,3914
10306,0,0.0,0,3915
12182,0,0.0,0,6462
10308,0,0.0,0,3916
10341,0,0.0,0,3887
10343,0,0.0,0,3921
10404,0,0.0,0,3948
10344,0,0.0,0,3980
10376,0,0.0,0,3950
10377,0,0.0,0,3935
10378,0,0.0,0,3923
10379,0,0.0,0,3924
10380,0,0.0,0,3925
10381,0,0.0,0,3926
10382,0,0.0,0,3927
10383,0,0.0,0,3928
10384,0,0.0,0,3929
10385,0,0.0,0,3930
10386,0,0.0,0,3931
10387,0,0.0,0,3932
10388,0,0.0,0,3933
10389,0,0.0,0,3934
10390,0,0.0,0,3936
10391,0,0.0,0,3949
10392,0,0.0,0,3937
10393,0,0.0,0,3938
10394,0,0.0,0,3939
10395,0,0.0,0,3940
10396,0,0.0,0,3941
10398,0,0.0,0,3942
10399,0,0.0,0,3943
10400,0,0.0,0,3944
10401,0,0.0,0,3945
10402,0,0.0,0,3946
10403,0,0.0,0,3947
10375,0,0.0,0,3951
10374,0,0.0,0,3952
10373,0,0.0,0,3979
10357,0,0.0,0,3964
10345,0,0.0,0,3922
10346,0,0.0,0,3953
10347,0,0.0,0,3954
10348,0,0.0,0,3955
10349,0,0.0,0,3956
10350,0,0.0,0,3957
10351,0,0.0,0,3958
10352,0,0.0,0,3959
10353,0,0.0,0,3960
10354,0,0.0,0,3961
10355,0,0.0,0,3962
10356,0,0.0,0,3963
10358,0,0.0,0,3965
10372,0,0.0,0,3978
10359,0,0.0,0,3966
10360,0,0.0,0,3967
10361,0,0.0,0,3968
10363,0,0.0,0,3969
10364,0,0.0,0,3970
10365,0,0.0,0,3971
10366,0,0.0,0,3972
10367,0,0.0,0,3973
10368,0,0.0,0,3974
10369,0,0.0,0,3975
10370,0,0.0,0,3976
10371,0,0.0,0,3977
10016,0,0.0,0,3981
10015,0,0.0,0,3982
10014,0,0.0,0,3983
9692,0,0.0,0,4043
9663,0,0.0,0,3996
9664,0,0.0,0,3984
9665,0,0.0,0,3985
9666,0,0.0,0,3986
9667,0,0.0,0,3987
9668,0,0.0,0,3988
9669,0,0.0,0,3989
9670,0,0.0,0,3990
9671,0,0.0,0,3991
9672,0,0.0,0,3992
9674,0,0.0,0,3993
9675,0,0.0,0,3994
9676,0,0.0,0,3995
9677,0,0.0,0,3997
9678,0,0.0,0,4010
9679,0,0.0,0,3998
9680,0,0.0,0,3999
9681,0,0.0,0,4000
9682,0,0.0,0,4001
9683,0,0.0,0,4002
9684,0,0.0,0,4003
9685,0,0.0,0,4004
9686,0,0.0,0,4005
9687,0,0.0,0,4006
9688,0,0.0,0,4007
9689,0,0.0,0,4008
9690,0,0.0,0,4009
9662,0,0.0,0,4011
9661,0,0.0,0,4012
9660,0,0.0,0,4013
9643,0,0.0,0,4026
9631,0,0.0,0,4014
9632,0,0.0,0,4015
9633,0,0.0,0,4016
9634,0,0.0,0,4017
9635,0,0.0,0,4018
9636,0,0.0,0,4019
9637,0,0.0,0,4020
9638,0,0.0,0,4021
9639,0,0.0,0,4022
9640,0,0.0,0,4023
9641,0,0.0,0,4024
9642,0,0.0,0,4025
9644,0,0.0,0,4027
9659,0,0.0,0,4040
9645,0,0.0,0,4028
9646,0,0.0,0,4029
9647,0,0.0,0,4030
9648,0,0.0,0,4031
9649,0,0.0,0,4032
9651,0,0.0,0,4033
9652,0,0.0,0,4034
9653,0,0.0,0,4035
9654,0,0.0,0,4036
9655,0,0.0,0,4037
9657,0,0.0,0,4038
9658,0,0.0,0,4039
9691,0,0.0,0,4041
9693,0,0.0,0,4102
9628,0,0.0,0,4104
9694,0,0.0,0,4044
9728,0,0.0,0,4057
9729,0,0.0,0,4045
9730,0,0.0,0,4046
9731,0,0.0,0,4047
9732,0,0.0,0,4048
9733,0,0.0,0,4049
9734,0,0.0,0,4050
9735,0,0.0,0,4051
9736,0,0.0,0,4052
9737,0,0.0,0,4053
9738,0,0.0,0,4054
9739,0,0.0,0,4055
9740,0,0.0,0,4056
9741,0,0.0,0,4058
9742,0,0.0,0,4071
9743,0,0.0,0,4059
9744,0,0.0,0,4060
9745,0,0.0,0,4061
9746,0,0.0,0,4062
9747,0,0.0,0,4063
9748,0,0.0,0,4064
9749,0,0.0,0,4065
9750,0,0.0,0,4066
9751,0,0.0,0,4067
9752,0,0.0,0,4068
9754,0,0.0,0,4069
9755,0,0.0,0,4070
9727,0,0.0,0,4072
9726,0,0.0,0,4073
9725,0,0.0,0,4074
9707,0,0.0,0,4087
9695,0,0.0,0,4075
9696,0,0.0,0,4076
9697,0,0.0,0,4077
9698,0,0.0,0,4078
9699,0,0.0,0,4079
9700,0,0.0,0,4080
9701,0,0.0,0,4081
9702,0,0.0,0,4082
9703,0,0.0,0,4083
9704,0,0.0,0,4084
9705,0,0.0,0,4085
9706,0,0.0,0,4086
9708,0,0.0,0,4088
9724,0,0.0,0,4101
9709,0,0.0,0,4089
9711,0,0.0,0,4090
9712,0,0.0,0,4091
9714,0,0.0,0,4092
9715,0,0.0,0,4093
9716,0,0.0,0,4094
9717,0,0.0,0,4095
9718,0,0.0,0,4096
9719,0,0.0,0,4097
9721,0,0.0,0,4098
9722,0,0.0,0,4099
9723,0,0.0,0,4100
9629,0,0.0,0,4042
9627,0,0.0,0,4164
9758,0,0.0,0,4225
9563,0,0.0,0,4165
9535,0,0.0,0,4118
9536,0,0.0,0,4106
9537,0,0.0,0,4107
9538,0,0.0,0,4108
9539,0,0.0,0,4109
9540,0,0.0,0,4110
9541,0,0.0,0,4111
9542,0,0.0,0,4112
9543,0,0.0,0,4113
9544,0,0.0,0,4114
9545,0,0.0,0,4115
9546,0,0.0,0,4116
9547,0,0.0,0,4117
9548,0,0.0,0,4119
9549,0,0.0,0,4132
9550,0,0.0,0,4120
9551,0,0.0,0,4121
9552,0,0.0,0,4122
9553,0,0.0,0,4123
9554,0,0.0,0,4124
9555,0,0.0,0,4125
9556,0,0.0,0,4126
9557,0,0.0,0,4127
9558,0,0.0,0,4128
9559,0,0.0,0,4129
9560,0,0.0,0,4130
9561,0,0.0,0,4131
9533,0,0.0,0,4133
9532,0,0.0,0,4134
9531,0,0.0,0,4135
9516,0,0.0,0,4148
9503,0,0.0,0,4136
9504,0,0.0,0,4137
9505,0,0.0,0,4138
9506,0,0.0,0,4139
9507,0,0.0,0,4140
9508,0,0.0,0,4141
9509,0,0.0,0,4142
9510,0,0.0,0,4143
9511,0,0.0,0,4144
9512,0,0.0,0,4145
9513,0,0.0,0,4146
9515,0,0.0,0,4147
9517,0,0.0,0,4149
9530,0,0.0,0,4162
9518,0,0.0,0,4150
9519,0,0.0,0,4151
9520,0,0.0,0,4152
9521,0,0.0,0,4153
9522,0,0.0,0,4154
9523,0,0.0,0,4155
9524,0,0.0,0,4156
9525,0,0.0,0,4157
9526,0,0.0,0,4158
9527,0,0.0,0,4159
9528,0,0.0,0,4160
9529,0,0.0,0,4161
9562,0,0.0,0,4163
9564,0,0.0,0,4224
9626,0,0.0,0,4105
9565,0,0.0,0,4166
9599,0,0.0,0,4179
9600,0,0.0,0,4167
9601,0,0.0,0,4168
9602,0,0.0,0,4169
9603,0,0.0,0,4170
9604,0,0.0,0,4171
9605,0,0.0,0,4172
9606,0,0.0,0,4173
9607,0,0.0,0,4174
9608,0,0.0,0,4175
9609,0,0.0,0,4176
9610,0,0.0,0,4177
9611,0,0.0,0,4178
9612,0,0.0,0,4180
9613,0,0.0,0,4193
9614,0,0.0,0,4181
9615,0,0.0,0,4182
9616,0,0.0,0,4183
9617,0,0.0,0,4184
9618,0,0.0,0,4185
9619,0,0.0,0,4186
9620,0,0.0,0,4187
9621,0,0.0,0,4188
9622,0,0.0,0,4189
9623,0,0.0,0,4190
9624,0,0.0,0,4191
9625,0,0.0,0,4192
9597,0,0.0,0,4194
9596,0,0.0,0,4195
9595,0,0.0,0,4196
9579,0,0.0,0,4209
9566,0,0.0,0,4197
9567,0,0.0,0,4198
9568,0,0.0,0,4199
9569,0,0.0,0,4200
9571,0,0.0,0,4201
9572,0,0.0,0,4202
9573,0,0.0,0,4203
9574,0,0.0,0,4204
9575,0,0.0,0,4205
9576,0,0.0,0,4206
9577,0,0.0,0,4207
9578,0,0.0,0,4208
9580,0,0.0,0,4210
9594,0,0.0,0,4223
9581,0,0.0,0,4211
9582,0,0.0,0,4212
9583,0,0.0,0,4213
9584,0,0.0,0,4214
9585,0,0.0,0,4215
9586,0,0.0,0,4216
9587,0,0.0,0,4217
9588,0,0.0,0,4218
9590,0,0.0,0,4219
9591,0,0.0,0,4220
9592,0,0.0,0,4221
9593,0,0.0,0,4222
9757,0,0.0,0,4103
9759,0,0.0,0,4226
10013,0,0.0,0,4314
9951,0,0.0,0,4285
9923,0,0.0,0,4255
9924,0,0.0,0,4240
9925,0,0.0,0,4228
9926,0,0.0,0,4229
9927,0,0.0,0,4230
9928,0,0.0,0,4231
9929,0,0.0,0,4232
9930,0,0.0,0,4233
9931,0,0.0,0,4234
9932,0,0.0,0,4235
9933,0,0.0,0,4236
9934,0,0.0,0,4237
9935,0,0.0,0,4238
9936,0,0.0,0,4239
9937,0,0.0,0,4241
9938,0,0.0,0,4254
9939,0,0.0,0,4242
9940,0,0.0,0,4243
9941,0,0.0,0,4244
9942,0,0.0,0,4245
9943,0,0.0,0,4246
9944,0,0.0,0,4247
9945,0,0.0,0,4248
9946,0,0.0,0,4249
9947,0,0.0,0,4250
9948,0,0.0,0,4251
9949,0,0.0,0,4252
9921,0,0.0,0,4256
9920,0,0.0,0,4257
9919,0,0.0,0,4284
9903,0,0.0,0,4269
9886,0,0.0,0,4286
9887,0,0.0,0,4258
9888,0,0.0,0,4259
9891,0,0.0,0,4260
9892,0,0.0,0,4261
9893,0,0.0,0,4262
9894,0,0.0,0,4263
9895,0,0.0,0,4264
9896,0,0.0,0,4265
9898,0,0.0,0,4266
9901,0,0.0,0,4267
9902,0,0.0,0,4268
9904,0,0.0,0,4270
9918,0,0.0,0,4283
9906,0,0.0,0,4271
9907,0,0.0,0,4272
9908,0,0.0,0,4273
9909,0,0.0,0,4274
9910,0,0.0,0,4275
9911,0,0.0,0,4276
9912,0,0.0,0,4277
9913,0,0.0,0,4278
9914,0,0.0,0,4279
9915,0,0.0,0,4280
9916,0,0.0,0,4281
9917,0,0.0,0,4282
9950,0,0.0,0,4253
9952,0,0.0,0,4287
9884,0,0.0,0,4348
9953,0,0.0,0,4346
9986,0,0.0,0,4316
9987,0,0.0,0,4301
9988,0,0.0,0,4289
9989,0,0.0,0,4290
9990,0,0.0,0,4291
9991,0,0.0,0,4292
9992,0,0.0,0,4293
9993,0,0.0,0,4294
9994,0,0.0,0,4295
9995,0,0.0,0,4296
9996,0,0.0,0,4297
9997,0,0.0,0,4298
9998,0,0.0,0,4299
9999,0,0.0,0,4300
10000,0,0.0,0,4302
10001,0,0.0,0,4315
10002,0,0.0,0,4303
10003,0,0.0,0,4304
10004,0,0.0,0,4305
10005,0,0.0,0,4306
10006,0,0.0,0,4307
10007,0,0.0,0,4308
10008,0,0.0,0,4309
10009,0,0.0,0,4310
10010,0,0.0,0,4311
10011,0,0.0,0,4312
10012,0,0.0,0,4313
9985,0,0.0,0,4317
9984,0,0.0,0,4318
9983,0,0.0,0,4345
9967,0,0.0,0,4330
9954,0,0.0,0,4288
9955,0,0.0,0,4319
9956,0,0.0,0,4320
9958,0,0.0,0,4321
9959,0,0.0,0,4322
9960,0,0.0,0,4323
9961,0,0.0,0,4324
9962,0,0.0,0,4325
9963,0,0.0,0,4326
9964,0,0.0,0,4327
9965,0,0.0,0,4328
9966,0,0.0,0,4329
9968,0,0.0,0,4331
9982,0,0.0,0,4344
9969,0,0.0,0,4332
9970,0,0.0,0,4333
9971,0,0.0,0,4334
9972,0,0.0,0,4335
9973,0,0.0,0,4336
9974,0,0.0,0,4337
9975,0,0.0,0,4338
9976,0,0.0,0,4339
9977,0,0.0,0,4340
9978,0,0.0,0,4341
9980,0,0.0,0,4342
9981,0,0.0,0,4343
9885,0,0.0,0,4347
9883,0,0.0,0,4349
9760,0,0.0,0,4227
9820,0,0.0,0,4408
9791,0,0.0,0,4362
9792,0,0.0,0,4350
9793,0,0.0,0,4351
9794,0,0.0,0,4352
9795,0,0.0,0,4353
9796,0,0.0,0,4354
9797,0,0.0,0,4355
9798,0,0.0,0,4356
9799,0,0.0,0,4357
9800,0,0.0,0,4358
9801,0,0.0,0,4359
9802,0,0.0,0,4360
9803,0,0.0,0,4361
9804,0,0.0,0,4363
9805,0,0.0,0,4376
9806,0,0.0,0,4364
9807,0,0.0,0,4365
9808,0,0.0,0,4366
9809,0,0.0,0,4367
9810,0,0.0,0,4368
9811,0,0.0,0,4369
9812,0,0.0,0,4370
9813,0,0.0,0,4371
9814,0,0.0,0,4372
9815,0,0.0,0,4373
9816,0,0.0,0,4374
9817,0,0.0,0,4375
9790,0,0.0,0,4377
9789,0,0.0,0,4378
9788,0,0.0,0,4379
9773,0,0.0,0,4392
9761,0,0.0,0,4380
9762,0,0.0,0,4381
9763,0,0.0,0,4382
9764,0,0.0,0,4383
9765,0,0.0,0,4384
9766,0,0.0,0,4385
9767,0,0.0,0,4386
9768,0,0.0,0,4387
9769,0,0.0,0,4388
9770,0,0.0,0,4389
9771,0,0.0,0,4390
9772,0,0.0,0,4391
9774,0,0.0,0,4393
9787,0,0.0,0,4406
9775,0,0.0,0,4394
9776,0,0.0,0,4395
9777,0,0.0,0,4396
9778,0,0.0,0,4397
9779,0,0.0,0,4398
9780,0,0.0,0,4399
9781,0,0.0,0,4400
9782,0,0.0,0,4401
9783,0,0.0,0,4402
9784,0,0.0,0,4403
9785,0,0.0,0,4404
9786,0,0.0,0,4405
9818,0,0.0,0,4407
9821,0,0.0,0,4409
9882,0,0.0,0,4437
9822,0,0.0,0,4410
9855,0,0.0,0,4438
9856,0,0.0,0,4411
9857,0,0.0,0,4412
9858,0,0.0,0,4413
9859,0,0.0,0,4414
9860,0,0.0,0,4415
9861,0,0.0,0,4416
9862,0,0.0,0,4417
9863,0,0.0,0,4418
9864,0,0.0,0,4419
9865,0,0.0,0,4420
9866,0,0.0,0,4421
9867,0,0.0,0,4422
9868,0,0.0,0,4423
9869,0,0.0,0,4424
9870,0,0.0,0,4425
9871,0,0.0,0,4426
9872,0,0.0,0,4427
9873,0,0.0,0,4428
9874,0,0.0,0,4429
9875,0,0.0,0,4430
9876,0,0.0,0,4431
9877,0,0.0,0,4432
9878,0,0.0,0,4433
9879,0,0.0,0,4434
9880,0,0.0,0,4435
9881,0,0.0,0,4436
9854,0,0.0,0,4440
9853,0,0.0,0,4469
9852,0,0.0,0,4441
9836,0,0.0,0,4454
9823,0,0.0,0,4442
9824,0,0.0,0,4443
9825,0,0.0,0,4444
9826,0,0.0,0,4445
9827,0,0.0,0,4446
9828,0,0.0,0,4447
9829,0,0.0,0,4448
9830,0,0.0,0,4449
9831,0,0.0,0,4450
9832,0,0.0,0,4451
9833,0,0.0,0,4452
9835,0,0.0,0,4453
9838,0,0.0,0,4455
9851,0,0.0,0,4468
9839,0,0.0,0,4456
9840,0,0.0,0,4457
9841,0,0.0,0,4458
9842,0,0.0,0,4459
9843,0,0.0,0,4460
9844,0,0.0,0,4461
9845,0,0.0,0,4462
9846,0,0.0,0,4463
9847,0,0.0,0,4464
9848,0,0.0,0,4465
9849,0,0.0,0,4466
9850,0,0.0,0,4467
10307,0,0.0,0,2517
12414,0,0.0,0,7027
12184,0,0.0,0,4472
14979,0,0.0,0,4486
14964,0,0.0,0,4473
14966,0,0.0,0,4474
14967,0,0.0,0,4475
14968,0,0.0,0,4476
14969,0,0.0,0,4477
14970,0,0.0,0,4478
14971,0,0.0,0,4479
14972,0,0.0,0,4480
14973,0,0.0,0,4481
14974,0,0.0,0,4482
14976,0,0.0,0,4483
14977,0,0.0,0,4484
14978,0,0.0,0,4485
14980,0,0.0,0,4487
15058,0,0.0,0,4952
14981,0,0.0,0,4488
14982,0,0.0,0,4489
14983,0,0.0,0,4490
14984,0,0.0,0,4491
14985,0,0.0,0,4492
14986,0,0.0,0,4493
14987,0,0.0,0,4494
14988,0,0.0,0,4495
14989,0,0.0,0,4496
14990,0,0.0,0,4497
14991,0,0.0,0,4498
14992,0,0.0,0,4499
14993,0,0.0,0,4501
14963,0,0.0,0,4500
14962,0,0.0,0,4502
14961,0,0.0,0,4531
14960,0,0.0,0,4503
14932,0,0.0,0,4504
14934,0,0.0,0,4505
14935,0,0.0,0,4506
14936,0,0.0,0,4507
14937,0,0.0,0,4508
14938,0,0.0,0,4509
14939,0,0.0,0,4510
14940,0,0.0,0,4511
14941,0,0.0,0,4512
14942,0,0.0,0,4513
14943,0,0.0,0,4514
14944,0,0.0,0,4515
14945,0,0.0,0,4516
14946,0,0.0,0,4517
14947,0,0.0,0,4518
14948,0,0.0,0,4519
14949,0,0.0,0,4520
14950,0,0.0,0,4521
14951,0,0.0,0,4522
14952,0,0.0,0,4523
14953,0,0.0,0,4524
14954,0,0.0,0,4525
14955,0,0.0,0,4526
14956,0,0.0,0,4527
14957,0,0.0,0,4528
14958,0,0.0,0,4529
14959,0,0.0,0,4530
14994,0,0.0,0,4533
14995,0,0.0,0,4563
14996,0,0.0,0,4534
15027,0,0.0,0,4562
15029,0,0.0,0,4536
15030,0,0.0,0,4537
15031,0,0.0,0,4538
15032,0,0.0,0,4539
15033,0,0.0,0,4540
15034,0,0.0,0,4541
15035,0,0.0,0,4542
15036,0,0.0,0,4543
15037,0,0.0,0,4544
15038,0,0.0,0,4545
15039,0,0.0,0,4546
15040,0,0.0,0,4547
15041,0,0.0,0,4548
15042,0,0.0,0,4549
15043,0,0.0,0,4550
15044,0,0.0,0,4551
15045,0,0.0,0,4552
15046,0,0.0,0,4553
15048,0,0.0,0,4554
15049,0,0.0,0,4555
15050,0,0.0,0,4556
15051,0,0.0,0,4557
15052,0,0.0,0,4558
15053,0,0.0,0,4559
15054,0,0.0,0,4560
15055,0,0.0,0,4561
15056,0,0.0,0,4703
15028,0,0.0,0,4535
15026,0,0.0,0,4564
14997,0,0.0,0,4566
15025,0,0.0,0,4593
14998,0,0.0,0,4567
14999,0,0.0,0,4568
15000,0,0.0,0,4569
15001,0,0.0,0,4570
15002,0,0.0,0,4571
15003,0,0.0,0,4572
15004,0,0.0,0,4573
15005,0,0.0,0,4574
15006,0,0.0,0,4575
15007,0,0.0,0,4576
15008,0,0.0,0,4577
15009,0,0.0,0,4578
15010,0,0.0,0,4579
15011,0,0.0,0,4580
15012,0,0.0,0,4581
15013,0,0.0,0,4582
15014,0,0.0,0,4583
15015,0,0.0,0,4584
15016,0,0.0,0,4585
15017,0,0.0,0,4586
15018,0,0.0,0,4587
15019,0,0.0,0,4588
15020,0,0.0,0,4589
15021,0,0.0,0,4590
15022,0,0.0,0,4591
15023,0,0.0,0,4592
15024,0,0.0,0,4565
14930,0,0.0,0,4532
14929,0,0.0,0,4594
14928,0,0.0,0,4595
14830,0,0.0,0,4624
14832,0,0.0,0,4598
14833,0,0.0,0,4599
14834,0,0.0,0,4600
14835,0,0.0,0,4601
14836,0,0.0,0,4602
14837,0,0.0,0,4603
14838,0,0.0,0,4604
14840,0,0.0,0,4605
14841,0,0.0,0,4606
14842,0,0.0,0,4607
14844,0,0.0,0,4608
14845,0,0.0,0,4609
14846,0,0.0,0,4610
14847,0,0.0,0,4611
14848,0,0.0,0,4612
14850,0,0.0,0,4613
14851,0,0.0,0,4614
14852,0,0.0,0,4615
14854,0,0.0,0,4616
14855,0,0.0,0,4617
14856,0,0.0,0,4618
14857,0,0.0,0,4619
14858,0,0.0,0,4620
14859,0,0.0,0,4621
14860,0,0.0,0,4622
14861,0,0.0,0,4623
14862,0,0.0,0,4625
14831,0,0.0,0,4597
14829,0,0.0,0,4626
14864,0,0.0,0,4657
14828,0,0.0,0,4655
14801,0,0.0,0,4629
14802,0,0.0,0,4630
14803,0,0.0,0,4631
14804,0,0.0,0,4632
14805,0,0.0,0,4633
14806,0,0.0,0,4634
14807,0,0.0,0,4635
14808,0,0.0,0,4636
14809,0,0.0,0,4637
14810,0,0.0,0,4638
14811,0,0.0,0,4639
14812,0,0.0,0,4640
14813,0,0.0,0,4641
14814,0,0.0,0,4642
14815,0,0.0,0,4643
14816,0,0.0,0,4644
14817,0,0.0,0,4645
14818,0,0.0,0,4646
14819,0,0.0,0,4647
14820,0,0.0,0,4648
14821,0,0.0,0,4649
14822,0,0.0,0,4650
14823,0,0.0,0,4651
14824,0,0.0,0,4652
14825,0,0.0,0,4653
14826,0,0.0,0,4654
14827,0,0.0,0,4627
14863,0,0.0,0,4656
14865,0,0.0,0,4658
14927,0,0.0,0,4596
14897,0,0.0,0,4687
14900,0,0.0,0,4659
14901,0,0.0,0,4660
14902,0,0.0,0,4661
14903,0,0.0,0,4662
14904,0,0.0,0,4663
14905,0,0.0,0,4664
14906,0,0.0,0,4665
14907,0,0.0,0,4666
14908,0,0.0,0,4667
14909,0,0.0,0,4668
14910,0,0.0,0,4669
14911,0,0.0,0,4670
14912,0,0.0,0,4671
14913,0,0.0,0,4672
14914,0,0.0,0,4673
14915,0,0.0,0,4674
14916,0,0.0,0,4675
14917,0,0.0,0,4676
14918,0,0.0,0,4677
14919,0,0.0,0,4678
14920,0,0.0,0,4679
14921,0,0.0,0,4680
14922,0,0.0,0,4681
14923,0,0.0,0,4682
14924,0,0.0,0,4683
14925,0,0.0,0,4684
14926,0,0.0,0,4685
14898,0,0.0,0,4686
14896,0,0.0,0,4688
14866,0,0.0,0,4690
14895,0,0.0,0,4689
14867,0,0.0,0,4691
14868,0,0.0,0,4692
14869,0,0.0,0,4693
14870,0,0.0,0,4694
14871,0,0.0,0,4695
14872,0,0.0,0,4696
14873,0,0.0,0,4697
14874,0,0.0,0,4698
14875,0,0.0,0,4699
14876,0,0.0,0,4700
14877,0,0.0,0,4701
14879,0,0.0,0,4702
14880,0,0.0,0,4704
14881,0,0.0,0,4718
14882,0,0.0,0,4705
14883,0,0.0,0,4706
14884,0,0.0,0,4707
14885,0,0.0,0,4708
14886,0,0.0,0,4709
14887,0,0.0,0,4710
14888,0,0.0,0,4711
14889,0,0.0,0,4712
14890,0,0.0,0,4713
14891,0,0.0,0,4714
14892,0,0.0,0,4715
14893,0,0.0,0,4716
14894,0,0.0,0,4717
15057,0,0.0,0,4720
15059,0,0.0,0,4721
14799,0,0.0,0,4719
15238,0,0.0,0,4735
15225,0,0.0,0,4722
15226,0,0.0,0,4723
15227,0,0.0,0,4724
15228,0,0.0,0,4725
15229,0,0.0,0,4726
15230,0,0.0,0,4727
15231,0,0.0,0,4728
15232,0,0.0,0,4729
15233,0,0.0,0,4730
15234,0,0.0,0,4731
15235,0,0.0,0,4732
15236,0,0.0,0,4733
15237,0,0.0,0,4734
15239,0,0.0,0,4736
15060,0,0.0,0,4877
15240,0,0.0,0,4737
15241,0,0.0,0,4738
15242,0,0.0,0,4739
15243,0,0.0,0,4740
15244,0,0.0,0,4741
15245,0,0.0,0,4742
15246,0,0.0,0,4743
15247,0,0.0,0,4744
15248,0,0.0,0,4745
15250,0,0.0,0,4746
15251,0,0.0,0,4747
15252,0,0.0,0,4748
15254,0,0.0,0,4750
15224,0,0.0,0,4749
15223,0,0.0,0,4751
15222,0,0.0,0,4780
15221,0,0.0,0,4752
15193,0,0.0,0,4753
15194,0,0.0,0,4754
15195,0,0.0,0,4755
15196,0,0.0,0,4756
15197,0,0.0,0,4757
15198,0,0.0,0,4758
15199,0,0.0,0,4759
15200,0,0.0,0,4760
15201,0,0.0,0,4761
15202,0,0.0,0,4762
15203,0,0.0,0,4763
15204,0,0.0,0,4764
15205,0,0.0,0,4765
15206,0,0.0,0,4766
15207,0,0.0,0,4767
15208,0,0.0,0,4768
15209,0,0.0,0,4769
15210,0,0.0,0,4770
15211,0,0.0,0,4771
15212,0,0.0,0,4772
15214,0,0.0,0,4773
15215,0,0.0,0,4774
15216,0,0.0,0,4775
15217,0,0.0,0,4776
15218,0,0.0,0,4777
15219,0,0.0,0,4778
15220,0,0.0,0,4779
15255,0,0.0,0,4782
15256,0,0.0,0,4812
15257,0,0.0,0,4783
15291,0,0.0,0,4811
15293,0,0.0,0,4785
15294,0,0.0,0,4786
15295,0,0.0,0,4787
15296,0,0.0,0,4788
15297,0,0.0,0,4789
15298,0,0.0,0,4790
15299,0,0.0,0,4791
15300,0,0.0,0,4792
15301,0,0.0,0,4793
15302,0,0.0,0,4794
15304,0,0.0,0,4795
15305,0,0.0,0,4796
15306,0,0.0,0,4797
15307,0,0.0,0,4798
15308,0,0.0,0,4799
15309,0,0.0,0,4800
15310,0,0.0,0,4801
15311,0,0.0,0,4802
15312,0,0.0,0,4803
15313,0,0.0,0,4804
15314,0,0.0,0,4805
15315,0,0.0,0,4806
15316,0,0.0,0,4807
15317,0,0.0,0,4808
15318,0,0.0,0,4809
15319,0,0.0,0,4810
15320,0,0.0,0,4968
15292,0,0.0,0,4784
15290,0,0.0,0,4813
15258,0,0.0,0,4815
15289,0,0.0,0,4842
15259,0,0.0,0,4816
15260,0,0.0,0,4817
15261,0,0.0,0,4818
15262,0,0.0,0,4819
15263,0,0.0,0,4820
15264,0,0.0,0,4821
15266,0,0.0,0,4822
15267,0,0.0,0,4823
15268,0,0.0,0,4824
15269,0,0.0,0,4825
15270,0,0.0,0,4826
15271,0,0.0,0,4827
15272,0,0.0,0,4828
15273,0,0.0,0,4829
15274,0,0.0,0,4830
15275,0,0.0,0,4831
15277,0,0.0,0,4832
15278,0,0.0,0,4833
15279,0,0.0,0,4834
15280,0,0.0,0,4835
15281,0,0.0,0,4836
15283,0,0.0,0,4837
15284,0,0.0,0,4838
15285,0,0.0,0,4839
15286,0,0.0,0,4840
15287,0,0.0,0,4841
15288,0,0.0,0,4814
15192,0,0.0,0,4781
15191,0,0.0,0,4843
15190,0,0.0,0,4844
15093,0,0.0,0,4873
15095,0,0.0,0,4847
15096,0,0.0,0,4848
15097,0,0.0,0,4849
15098,0,0.0,0,4850
15099,0,0.0,0,4851
15100,0,0.0,0,4852
15101,0,0.0,0,4853
15102,0,0.0,0,4854
15103,0,0.0,0,4855
15104,0,0.0,0,4856
15105,0,0.0,0,4857
15106,0,0.0,0,4858
15107,0,0.0,0,4859
15108,0,0.0,0,4860
15109,0,0.0,0,4861
15110,0,0.0,0,4862
15112,0,0.0,0,4863
15113,0,0.0,0,4864
15114,0,0.0,0,4865
15115,0,0.0,0,4866
15116,0,0.0,0,4867
15117,0,0.0,0,4868
15118,0,0.0,0,4869
15119,0,0.0,0,4870
15120,0,0.0,0,4871
15121,0,0.0,0,4872
15122,0,0.0,0,4874
15094,0,0.0,0,4846
15092,0,0.0,0,4875
15124,0,0.0,0,4906
15091,0,0.0,0,4904
15061,0,0.0,0,4878
15062,0,0.0,0,4879
15063,0,0.0,0,4880
15064,0,0.0,0,4881
15065,0,0.0,0,4882
15066,0,0.0,0,4883
15067,0,0.0,0,4884
15068,0,0.0,0,4885
15069,0,0.0,0,4886
15070,0,0.0,0,4887
15071,0,0.0,0,4888
15072,0,0.0,0,4889
15073,0,0.0,0,4890
15074,0,0.0,0,4891
15075,0,0.0,0,4892
15077,0,0.0,0,4893
15078,0,0.0,0,4894
15079,0,0.0,0,4895
15081,0,0.0,0,4896
15082,0,0.0,0,4897
15083,0,0.0,0,4898
15084,0,0.0,0,4899
15085,0,0.0,0,4900
15086,0,0.0,0,4901
15087,0,0.0,0,4902
15088,0,0.0,0,4903
15090,0,0.0,0,4876
15123,0,0.0,0,4905
15125,0,0.0,0,4907
15188,0,0.0,0,4845
15157,0,0.0,0,4936
15159,0,0.0,0,4908
15160,0,0.0,0,4909
15161,0,0.0,0,4910
15162,0,0.0,0,4911
15163,0,0.0,0,4912
15164,0,0.0,0,4913
15165,0,0.0,0,4914
15166,0,0.0,0,4915
15167,0,0.0,0,4916
15168,0,0.0,0,4917
15169,0,0.0,0,4918
15170,0,0.0,0,4919
15171,0,0.0,0,4920
15172,0,0.0,0,4921
15173,0,0.0,0,4922
15174,0,0.0,0,4923
15175,0,0.0,0,4924
15176,0,0.0,0,4925
15177,0,0.0,0,4926
15178,0,0.0,0,4927
15179,0,0.0,0,4928
15181,0,0.0,0,4929
15182,0,0.0,0,4930
15183,0,0.0,0,4931
15184,0,0.0,0,4932
15185,0,0.0,0,4933
15187,0,0.0,0,4934
15158,0,0.0,0,4935
15156,0,0.0,0,4937
15126,0,0.0,0,4939
15155,0,0.0,0,4938
15127,0,0.0,0,4940
15128,0,0.0,0,4941
15129,0,0.0,0,4942
15130,0,0.0,0,4943
15131,0,0.0,0,4944
15132,0,0.0,0,4945
15133,0,0.0,0,4946
15134,0,0.0,0,4947
15135,0,0.0,0,4948
15136,0,0.0,0,4949
15137,0,0.0,0,4950
15138,0,0.0,0,4951
15139,0,0.0,0,4953
15140,0,0.0,0,4967
15141,0,0.0,0,4954
15142,0,0.0,0,4955
15143,0,0.0,0,4956
15144,0,0.0,0,4957
15145,0,0.0,0,4958
15146,0,0.0,0,4959
15147,0,0.0,0,4960
15148,0,0.0,0,4961
15150,0,0.0,0,4962
15151,0,0.0,0,4963
15152,0,0.0,0,4964
15153,0,0.0,0,4965
15154,0,0.0,0,4966
14800,0,0.0,0,4628
14798,0,0.0,0,4969
15322,0,0.0,0,5964
14452,0,0.0,0,4984
14437,0,0.0,0,4971
14438,0,0.0,0,4972
14439,0,0.0,0,4973
14440,0,0.0,0,4974
14441,0,0.0,0,4975
14442,0,0.0,0,4976
14443,0,0.0,0,4977
14444,0,0.0,0,4978
14445,0,0.0,0,4979
14446,0,0.0,0,4980
14448,0,0.0,0,4981
14449,0,0.0,0,4982
14451,0,0.0,0,4983
14453,0,0.0,0,4985
14535,0,0.0,0,5450
14454,0,0.0,0,4986
14455,0,0.0,0,4987
14456,0,0.0,0,4988
14457,0,0.0,0,4989
14458,0,0.0,0,4990
14459,0,0.0,0,4991
14460,0,0.0,0,4992
14461,0,0.0,0,4993
14462,0,0.0,0,4994
14463,0,0.0,0,4995
14464,0,0.0,0,4996
14465,0,0.0,0,4997
14466,0,0.0,0,4999
14436,0,0.0,0,4998
14434,0,0.0,0,5000
14433,0,0.0,0,5029
14432,0,0.0,0,5001
14403,0,0.0,0,5002
14404,0,0.0,0,5003
14405,0,0.0,0,5004
14406,0,0.0,0,5005
14407,0,0.0,0,5006
14408,0,0.0,0,5007
14409,0,0.0,0,5008
14410,0,0.0,0,5009
14411,0,0.0,0,5010
14412,0,0.0,0,5011
14413,0,0.0,0,5012
14414,0,0.0,0,5013
14415,0,0.0,0,5014
14417,0,0.0,0,5015
14418,0,0.0,0,5016
14419,0,0.0,0,5017
14421,0,0.0,0,5018
14422,0,0.0,0,5019
14423,0,0.0,0,5020
14424,0,0.0,0,5021
14425,0,0.0,0,5022
14426,0,0.0,0,5023
14427,0,0.0,0,5024
14428,0,0.0,0,5025
14429,0,0.0,0,5026
14430,0,0.0,0,5027
14431,0,0.0,0,5028
14468,0,0.0,0,5031
14469,0,0.0,0,5061
14470,0,0.0,0,5032
14504,0,0.0,0,5060
14506,0,0.0,0,5034
14507,0,0.0,0,5035
14508,0,0.0,0,5036
14509,0,0.0,0,5037
14510,0,0.0,0,5038
14511,0,0.0,0,5039
14512,0,0.0,0,5040
14513,0,0.0,0,5041
14514,0,0.0,0,5042
14515,0,0.0,0,5043
14516,0,0.0,0,5044
14517,0,0.0,0,5045
14518,0,0.0,0,5046
14519,0,0.0,0,5047
14520,0,0.0,0,5048
14521,0,0.0,0,5049
14522,0,0.0,0,5050
14523,0,0.0,0,5051
14524,0,0.0,0,5052
14525,0,0.0,0,5053
14526,0,0.0,0,5054
14527,0,0.0,0,5055
14528,0,0.0,0,5056
14529,0,0.0,0,5057
14530,0,0.0,0,5058
14532,0,0.0,0,5059
14533,0,0.0,0,5201
14505,0,0.0,0,5033
14503,0,0.0,0,5062
14471,0,0.0,0,5064
14502,0,0.0,0,5091
14472,0,0.0,0,5065
14474,0,0.0,0,5066
14475,0,0.0,0,5067
14477,0,0.0,0,5068
14478,0,0.0,0,5069
14479,0,0.0,0,5070
14480,0,0.0,0,5071
14481,0,0.0,0,5072
14482,0,0.0,0,5073
14483,0,0.0,0,5074
14484,0,0.0,0,5075
14485,0,0.0,0,5076
14486,0,0.0,0,5077
14487,0,0.0,0,5078
14488,0,0.0,0,5079
14489,0,0.0,0,5080
14490,0,0.0,0,5081
14491,0,0.0,0,5082
14492,0,0.0,0,5083
14493,0,0.0,0,5084
14495,0,0.0,0,5085
14496,0,0.0,0,5086
14497,0,0.0,0,5087
14498,0,0.0,0,5088
14499,0,0.0,0,5089
14500,0,0.0,0,5090
14501,0,0.0,0,5063
14402,0,0.0,0,5030
14401,0,0.0,0,5092
14400,0,0.0,0,5093
14306,0,0.0,0,5122
14308,0,0.0,0,5096
14309,0,0.0,0,5097
14310,0,0.0,0,5098
14311,0,0.0,0,5099
14312,0,0.0,0,5100
14313,0,0.0,0,5101
14314,0,0.0,0,5102
14315,0,0.0,0,5103
14316,0,0.0,0,5104
14317,0,0.0,0,5105
14318,0,0.0,0,5106
14320,0,0.0,0,5107
14321,0,0.0,0,5108
14322,0,0.0,0,5109
14323,0,0.0,0,5110
14324,0,0.0,0,5111
14325,0,0.0,0,5112
14326,0,0.0,0,5113
14327,0,0.0,0,5114
14328,0,0.0,0,5115
14329,0,0.0,0,5116
14330,0,0.0,0,5117
14331,0,0.0,0,5118
14332,0,0.0,0,5119
14333,0,0.0,0,5120
14334,0,0.0,0,5121
14335,0,0.0,0,5123
14307,0,0.0,0,5095
14305,0,0.0,0,5124
14337,0,0.0,0,5155
14304,0,0.0,0,5153
14276,0,0.0,0,5127
14277,0,0.0,0,5128
14278,0,0.0,0,5129
14279,0,0.0,0,5130
14280,0,0.0,0,5131
14281,0,0.0,0,5132
14282,0,0.0,0,5133
14284,0,0.0,0,5134
14285,0,0.0,0,5135
14286,0,0.0,0,5136
14287,0,0.0,0,5137
14288,0,0.0,0,5138
14289,0,0.0,0,5139
14290,0,0.0,0,5140
14291,0,0.0,0,5141
14292,0,0.0,0,5142
14293,0,0.0,0,5143
14294,0,0.0,0,5144
14295,0,0.0,0,5145
14296,0,0.0,0,5146
14297,0,0.0,0,5147
14298,0,0.0,0,5148
14299,0,0.0,0,5149
14300,0,0.0,0,5150
14301,0,0.0,0,5151
14302,0,0.0,0,5152
14303,0,0.0,0,5125
14336,0,0.0,0,5154
14338,0,0.0,0,5156
14399,0,0.0,0,5094
14369,0,0.0,0,5185
14371,0,0.0,0,5157
14372,0,0.0,0,5158
14373,0,0.0,0,5159
14374,0,0.0,0,5160
14375,0,0.0,0,5161
14376,0,0.0,0,5162
14377,0,0.0,0,5163
14378,0,0.0,0,5164
14380,0,0.0,0,5165
14381,0,0.0,0,5166
14382,0,0.0,0,5167
14383,0,0.0,0,5168
14384,0,0.0,0,5169
14385,0,0.0,0,5170
14386,0,0.0,0,5171
14387,0,0.0,0,5172
14388,0,0.0,0,5173
14389,0,0.0,0,5174
14390,0,0.0,0,5175
14391,0,0.0,0,5176
14392,0,0.0,0,5177
14393,0,0.0,0,5178
14394,0,0.0,0,5179
14395,0,0.0,0,5180
14396,0,0.0,0,5181
14397,0,0.0,0,5182
14398,0,0.0,0,5183
14370,0,0.0,0,5184
14368,0,0.0,0,5186
14339,0,0.0,0,5188
14367,0,0.0,0,5187
14340,0,0.0,0,5189
14341,0,0.0,0,5190
14342,0,0.0,0,5191
14343,0,0.0,0,5192
14344,0,0.0,0,5193
14345,0,0.0,0,5194
14346,0,0.0,0,5195
14347,0,0.0,0,5196
14348,0,0.0,0,5197
14349,0,0.0,0,5198
14350,0,0.0,0,5199
14351,0,0.0,0,5200
14352,0,0.0,0,5202
14353,0,0.0,0,5216
14354,0,0.0,0,5203
14355,0,0.0,0,5204
14356,0,0.0,0,5205
14357,0,0.0,0,5206
14358,0,0.0,0,5207
14359,0,0.0,0,5208
14360,0,0.0,0,5209
14361,0,0.0,0,5210
14362,0,0.0,0,5211
14363,0,0.0,0,5212
14364,0,0.0,0,5213
14365,0,0.0,0,5214
14366,0,0.0,0,5215
14534,0,0.0,0,5218
14536,0,0.0,0,5219
14797,0,0.0,0,5217
14715,0,0.0,0,5233
14700,0,0.0,0,5220
14701,0,0.0,0,5221
14702,0,0.0,0,5222
14704,0,0.0,0,5223
14705,0,0.0,0,5224
14706,0,0.0,0,5225
14707,0,0.0,0,5226
14708,0,0.0,0,5227
14709,0,0.0,0,5228
14710,0,0.0,0,5229
14711,0,0.0,0,5230
14713,0,0.0,0,5231
14714,0,0.0,0,5232
14716,0,0.0,0,5234
14537,0,0.0,0,5375
14718,0,0.0,0,5235
14719,0,0.0,0,5236
14720,0,0.0,0,5237
14721,0,0.0,0,5238
14722,0,0.0,0,5239
14723,0,0.0,0,5240
14724,0,0.0,0,5241
14725,0,0.0,0,5242
14726,0,0.0,0,5243
14727,0,0.0,0,5244
14728,0,0.0,0,5245
14729,0,0.0,0,5246
14730,0,0.0,0,5248
14699,0,0.0,0,5247
14698,0,0.0,0,5249
14697,0,0.0,0,5278
14696,0,0.0,0,5250
14666,0,0.0,0,5251
14667,0,0.0,0,5252
14668,0,0.0,0,5253
14669,0,0.0,0,5254
14670,0,0.0,0,5255
14671,0,0.0,0,5256
14672,0,0.0,0,5257
14674,0,0.0,0,5258
14675,0,0.0,0,5259
14676,0,0.0,0,5260
14677,0,0.0,0,5261
14678,0,0.0,0,5262
14679,0,0.0,0,5263
14680,0,0.0,0,5264
14683,0,0.0,0,5265
14684,0,0.0,0,5266
14685,0,0.0,0,5267
14686,0,0.0,0,5268
14687,0,0.0,0,5269
14688,0,0.0,0,5270
14689,0,0.0,0,5271
14690,0,0.0,0,5272
14691,0,0.0,0,5273
14692,0,0.0,0,5274
14693,0,0.0,0,5275
14694,0,0.0,0,5276
14695,0,0.0,0,5277
14731,0,0.0,0,5280
14732,0,0.0,0,5310
14733,0,0.0,0,5281
14765,0,0.0,0,5309
14767,0,0.0,0,5283
14768,0,0.0,0,5284
14769,0,0.0,0,5285
14770,0,0.0,0,5286
14771,0,0.0,0,5287
14772,0,0.0,0,5288
14773,0,0.0,0,5289
14774,0,0.0,0,5290
14775,0,0.0,0,5291
14776,0,0.0,0,5292
14777,0,0.0,0,5293
14778,0,0.0,0,5294
14779,0,0.0,0,5295
14780,0,0.0,0,5296
14781,0,0.0,0,5297
14783,0,0.0,0,5298
14784,0,0.0,0,5299
14786,0,0.0,0,5300
14787,0,0.0,0,5301
14788,0,0.0,0,5302
14789,0,0.0,0,5303
14790,0,0.0,0,5304
14791,0,0.0,0,5305
14792,0,0.0,0,5306
14794,0,0.0,0,5307
14795,0,0.0,0,5308
14796,0,0.0,0,4970
14766,0,0.0,0,5282
14764,0,0.0,0,5311
14734,0,0.0,0,5313
14763,0,0.0,0,5340
14735,0,0.0,0,5314
14736,0,0.0,0,5315
14737,0,0.0,0,5316
14738,0,0.0,0,5317
14739,0,0.0,0,5318
14740,0,0.0,0,5319
14741,0,0.0,0,5320
14742,0,0.0,0,5321
14743,0,0.0,0,5322
14744,0,0.0,0,5323
14745,0,0.0,0,5324
14746,0,0.0,0,5325
14748,0,0.0,0,5326
14749,0,0.0,0,5327
14750,0,0.0,0,5328
14751,0,0.0,0,5329
14752,0,0.0,0,5330
14753,0,0.0,0,5331
14754,0,0.0,0,5332
14755,0,0.0,0,5333
14756,0,0.0,0,5334
14757,0,0.0,0,5335
14758,0,0.0,0,5336
14759,0,0.0,0,5337
14760,0,0.0,0,5338
14761,0,0.0,0,5339
14762,0,0.0,0,5312
14665,0,0.0,0,5279
14664,0,0.0,0,5341
14663,0,0.0,0,5342
14568,0,0.0,0,5371
14570,0,0.0,0,5345
14571,0,0.0,0,5346
14572,0,0.0,0,5347
14573,0,0.0,0,5348
14574,0,0.0,0,5349
14575,0,0.0,0,5350
14576,0,0.0,0,5351
14577,0,0.0,0,5352
14578,0,0.0,0,5353
14579,0,0.0,0,5354
14580,0,0.0,0,5355
14581,0,0.0,0,5356
14582,0,0.0,0,5357
14583,0,0.0,0,5358
14584,0,0.0,0,5359
14585,0,0.0,0,5360
14586,0,0.0,0,5361
14587,0,0.0,0,5362
14588,0,0.0,0,5363
14589,0,0.0,0,5364
14590,0,0.0,0,5365
14591,0,0.0,0,5366
14593,0,0.0,0,5367
14594,0,0.0,0,5368
14595,0,0.0,0,5369
14596,0,0.0,0,5370
14597,0,0.0,0,5372
14569,0,0.0,0,5344
14567,0,0.0,0,5373
14599,0,0.0,0,5404
14566,0,0.0,0,5402
14538,0,0.0,0,5376
14539,0,0.0,0,5377
14540,0,0.0,0,5378
14541,0,0.0,0,5379
14542,0,0.0,0,5380
14543,0,0.0,0,5381
14544,0,0.0,0,5382
14545,0,0.0,0,5383
14546,0,0.0,0,5384
14548,0,0.0,0,5385
14549,0,0.0,0,5386
14550,0,0.0,0,5387
14551,0,0.0,0,5388
14552,0,0.0,0,5389
14553,0,0.0,0,5390
14554,0,0.0,0,5391
14555,0,0.0,0,5392
14556,0,0.0,0,5393
14557,0,0.0,0,5394
14558,0,0.0,0,5395
14559,0,0.0,0,5396
14560,0,0.0,0,5397
14561,0,0.0,0,5398
14562,0,0.0,0,5399
14563,0,0.0,0,5400
14564,0,0.0,0,5401
14565,0,0.0,0,5374
14598,0,0.0,0,5403
14600,0,0.0,0,5405
14662,0,0.0,0,5343
14632,0,0.0,0,5434
14635,0,0.0,0,5406
14636,0,0.0,0,5407
14637,0,0.0,0,5408
14638,0,0.0,0,5409
14639,0,0.0,0,5410
14640,0,0.0,0,5411
14641,0,0.0,0,5412
14642,0,0.0,0,5413
14643,0,0.0,0,5414
14644,0,0.0,0,5415
14645,0,0.0,0,5416
14646,0,0.0,0,5417
14647,0,0.0,0,5418
14648,0,0.0,0,5419
14649,0,0.0,0,5420
14650,0,0.0,0,5421
14651,0,0.0,0,5422
14652,0,0.0,0,5423
14653,0,0.0,0,5424
14654,0,0.0,0,5425
14655,0,0.0,0,5426
14656,0,0.0,0,5427
14657,0,0.0,0,5428
14658,0,0.0,0,5429
14659,0,0.0,0,5430
14660,0,0.0,0,5431
14661,0,0.0,0,5432
14634,0,0.0,0,5433
14631,0,0.0,0,5435
14601,0,0.0,0,5437
14630,0,0.0,0,5436
14603,0,0.0,0,5438
14604,0,0.0,0,5439
14605,0,0.0,0,5440
14606,0,0.0,0,5441
14607,0,0.0,0,5442
14608,0,0.0,0,5443
14609,0,0.0,0,5444
14610,0,0.0,0,5445
14611,0,0.0,0,5446
14612,0,0.0,0,5447
14613,0,0.0,0,5448
14614,0,0.0,0,5449
14615,0,0.0,0,5451
14616,0,0.0,0,5465
14617,0,0.0,0,5452
14618,0,0.0,0,5453
14619,0,0.0,0,5454
14620,0,0.0,0,5455
14621,0,0.0,0,5456
14622,0,0.0,0,5457
14623,0,0.0,0,5458
14624,0,0.0,0,5459
14625,0,0.0,0,5460
14626,0,0.0,0,5461
14627,0,0.0,0,5462
14628,0,0.0,0,5463
14629,0,0.0,0,5464
15321,0,0.0,0,5467
15323,0,0.0,0,5468
14274,0,0.0,0,5466
16042,0,0.0,0,5482
16027,0,0.0,0,5469
16028,0,0.0,0,5470
16029,0,0.0,0,5471
16030,0,0.0,0,5472
16032,0,0.0,0,5473
16033,0,0.0,0,5474
16034,0,0.0,0,5475
16036,0,0.0,0,5476
16037,0,0.0,0,5477
16038,0,0.0,0,5478
16039,0,0.0,0,5479
16040,0,0.0,0,5480
16041,0,0.0,0,5481
16043,0,0.0,0,5483
16121,0,0.0,0,5948
16044,0,0.0,0,5484
16045,0,0.0,0,5485
16046,0,0.0,0,5486
16047,0,0.0,0,5487
16048,0,0.0,0,5488
16049,0,0.0,0,5489
16050,0,0.0,0,5490
16051,0,0.0,0,5491
16052,0,0.0,0,5492
16053,0,0.0,0,5493
16054,0,0.0,0,5494
16055,0,0.0,0,5495
16056,0,0.0,0,5497
16026,0,0.0,0,5496
16025,0,0.0,0,5498
16024,0,0.0,0,5527
16023,0,0.0,0,5499
15993,0,0.0,0,5500
15994,0,0.0,0,5501
15995,0,0.0,0,5502
15996,0,0.0,0,5503
15997,0,0.0,0,5504
15998,0,0.0,0,5505
15999,0,0.0,0,5506
16000,0,0.0,0,5507
16001,0,0.0,0,5508
16002,0,0.0,0,5509
16003,0,0.0,0,5510
16004,0,0.0,0,5511
16005,0,0.0,0,5512
16006,0,0.0,0,5513
16007,0,0.0,0,5514
16008,0,0.0,0,5515
16009,0,0.0,0,5516
16010,0,0.0,0,5517
16011,0,0.0,0,5518
16012,0,0.0,0,5519
16013,0,0.0,0,5520
16014,0,0.0,0,5521
16015,0,0.0,0,5522
16016,0,0.0,0,5523
16019,0,0.0,0,5524
16020,0,0.0,0,5525
16022,0,0.0,0,5526
16057,0,0.0,0,5529
16058,0,0.0,0,5559
16059,0,0.0,0,5530
16091,0,0.0,0,5558
16093,0,0.0,0,5532
16094,0,0.0,0,5533
16095,0,0.0,0,5534
16096,0,0.0,0,5535
16097,0,0.0,0,5536
16098,0,0.0,0,5537
16099,0,0.0,0,5538
16100,0,0.0,0,5539
16101,0,0.0,0,5540
16102,0,0.0,0,5541
16103,0,0.0,0,5542
16104,0,0.0,0,5543
16105,0,0.0,0,5544
16106,0,0.0,0,5545
16107,0,0.0,0,5546
16108,0,0.0,0,5547
16109,0,0.0,0,5548
16110,0,0.0,0,5549
16111,0,0.0,0,5550
16112,0,0.0,0,5551
16113,0,0.0,0,5552
16114,0,0.0,0,5553
16115,0,0.0,0,5554
16116,0,0.0,0,5555
16117,0,0.0,0,5556
16118,0,0.0,0,5557
16119,0,0.0,0,5699
16092,0,0.0,0,5531
16090,0,0.0,0,5560
16060,0,0.0,0,5562
16089,0,0.0,0,5589
16061,0,0.0,0,5563
16062,0,0.0,0,5564
16063,0,0.0,0,5565
16064,0,0.0,0,5566
16065,0,0.0,0,5567
16066,0,0.0,0,5568
16067,0,0.0,0,5569
16069,0,0.0,0,5570
16070,0,0.0,0,5571
16071,0,0.0,0,5572
16072,0,0.0,0,5573
16073,0,0.0,0,5574
16074,0,0.0,0,5575
16075,0,0.0,0,5576
16076,0,0.0,0,5577
16077,0,0.0,0,5578
16078,0,0.0,0,5579
16079,0,0.0,0,5580
16080,0,0.0,0,5581
16081,0,0.0,0,5582
16082,0,0.0,0,5583
16083,0,0.0,0,5584
16084,0,0.0,0,5585
16085,0,0.0,0,5586
16086,0,0.0,0,5587
16087,0,0.0,0,5588
16088,0,0.0,0,5561
15992,0,0.0,0,5528
15991,0,0.0,0,5590
15990,0,0.0,0,5591
15889,0,0.0,0,5620
15892,0,0.0,0,5594
15893,0,0.0,0,5595
15894,0,0.0,0,5596
15895,0,0.0,0,5597
15896,0,0.0,0,5598
15897,0,0.0,0,5599
15898,0,0.0,0,5600
15899,0,0.0,0,5601
15900,0,0.0,0,5602
15901,0,0.0,0,5603
15902,0,0.0,0,5604
15903,0,0.0,0,5605
15904,0,0.0,0,5606
15905,0,0.0,0,5607
15906,0,0.0,0,5608
15907,0,0.0,0,5609
15908,0,0.0,0,5610
15909,0,0.0,0,5611
15911,0,0.0,0,5612
15912,0,0.0,0,5613
15913,0,0.0,0,5614
15914,0,0.0,0,5615
15915,0,0.0,0,5616
15918,0,0.0,0,5617
15919,0,0.0,0,5618
15920,0,0.0,0,5619
15921,0,0.0,0,5621
15890,0,0.0,0,5593
15888,0,0.0,0,5622
15923,0,0.0,0,5653
15887,0,0.0,0,5651
15858,0,0.0,0,5625
15859,0,0.0,0,5626
15860,0,0.0,0,5627
15861,0,0.0,0,5628
15862,0,0.0,0,5629
15863,0,0.0,0,5630
15864,0,0.0,0,5631
15865,0,0.0,0,5632
15866,0,0.0,0,5633
15867,0,0.0,0,5634
15868,0,0.0,0,5635
15869,0,0.0,0,5636
15870,0,0.0,0,5637
15871,0,0.0,0,5638
15872,0,0.0,0,5639
15873,0,0.0,0,5640
15874,0,0.0,0,5641
15875,0,0.0,0,5642
15876,0,0.0,0,5643
15877,0,0.0,0,5644
15878,0,0.0,0,5645
15879,0,0.0,0,5646
15880,0,0.0,0,5647
15882,0,0.0,0,5648
15884,0,0.0,0,5649
15885,0,0.0,0,5650
15886,0,0.0,0,5623
15922,0,0.0,0,5652
15924,0,0.0,0,5654
15989,0,0.0,0,5592
15958,0,0.0,0,5683
15960,0,0.0,0,5655
15961,0,0.0,0,5656
15962,0,0.0,0,5657
15964,0,0.0,0,5658
15965,0,0.0,0,5659
15966,0,0.0,0,5660
15967,0,0.0,0,5661
15968,0,0.0,0,5662
15969,0,0.0,0,5663
15970,0,0.0,0,5664
15971,0,0.0,0,5665
15972,0,0.0,0,5666
15973,0,0.0,0,5667
15974,0,0.0,0,5668
15975,0,0.0,0,5669
15976,0,0.0,0,5670
15977,0,0.0,0,5671
15979,0,0.0,0,5672
15980,0,0.0,0,5673
15981,0,0.0,0,5674
15982,0,0.0,0,5675
15983,0,0.0,0,5676
15984,0,0.0,0,5677
15985,0,0.0,0,5678
15986,0,0.0,0,5679
15987,0,0.0,0,5680
15988,0,0.0,0,5681
15959,0,0.0,0,5682
15957,0,0.0,0,5684
15925,0,0.0,0,5686
15956,0,0.0,0,5685
15926,0,0.0,0,5687
15927,0,0.0,0,5688
15928,0,0.0,0,5689
15929,0,0.0,0,5690
15930,0,0.0,0,5691
15931,0,0.0,0,5692
15932,0,0.0,0,5693
15933,0,0.0,0,5694
15934,0,0.0,0,5695
15935,0,0.0,0,5696
15937,0,0.0,0,5697
15938,0,0.0,0,5698
15939,0,0.0,0,5700
15940,0,0.0,0,5714
15941,0,0.0,0,5701
15942,0,0.0,0,5702
15943,0,0.0,0,5703
15944,0,0.0,0,5704
15946,0,0.0,0,5705
15948,0,0.0,0,5706
15949,0,0.0,0,5707
15950,0,0.0,0,5708
15951,0,0.0,0,5709
15952,0,0.0,0,5710
15953,0,0.0,0,5711
15954,0,0.0,0,5712
15955,0,0.0,0,5713
16120,0,0.0,0,5716
16122,0,0.0,0,5717
15856,0,0.0,0,5715
16303,0,0.0,0,5731
16289,0,0.0,0,5718
16290,0,0.0,0,5719
16291,0,0.0,0,5720
16292,0,0.0,0,5721
16293,0,0.0,0,5722
16294,0,0.0,0,5723
16295,0,0.0,0,5724
16296,0,0.0,0,5725
16297,0,0.0,0,5726
16298,0,0.0,0,5727
16299,0,0.0,0,5728
16300,0,0.0,0,5729
16302,0,0.0,0,5730
16304,0,0.0,0,5732
16123,0,0.0,0,5873
16305,0,0.0,0,5733
16306,0,0.0,0,5734
16307,0,0.0,0,5735
16308,0,0.0,0,5736
16309,0,0.0,0,5737
16310,0,0.0,0,5738
16311,0,0.0,0,5739
16312,0,0.0,0,5740
16313,0,0.0,0,5741
16315,0,0.0,0,5742
16316,0,0.0,0,5743
16317,0,0.0,0,5744
16318,0,0.0,0,5746
16288,0,0.0,0,5745
16286,0,0.0,0,5747
16285,0,0.0,0,5776
16284,0,0.0,0,5748
16255,0,0.0,0,5749
16256,0,0.0,0,5750
16257,0,0.0,0,5751
16258,0,0.0,0,5752
16259,0,0.0,0,5753
16260,0,0.0,0,5754
16261,0,0.0,0,5755
16262,0,0.0,0,5756
16263,0,0.0,0,5757
16264,0,0.0,0,5758
16265,0,0.0,0,5759
16266,0,0.0,0,5760
16267,0,0.0,0,5761
16268,0,0.0,0,5762
16269,0,0.0,0,5763
16270,0,0.0,0,5764
16271,0,0.0,0,5765
16272,0,0.0,0,5766
16273,0,0.0,0,5767
16275,0,0.0,0,5768
16276,0,0.0,0,5769
16277,0,0.0,0,5770
16278,0,0.0,0,5771
16280,0,0.0,0,5772
16281,0,0.0,0,5773
16282,0,0.0,0,5774
16283,0,0.0,0,5775
16319,0,0.0,0,5778
16320,0,0.0,0,5808
16321,0,0.0,0,5779
16353,0,0.0,0,5807
16355,0,0.0,0,5781
16356,0,0.0,0,5782
16357,0,0.0,0,5783
16358,0,0.0,0,5784
16359,0,0.0,0,5785
16360,0,0.0,0,5786
16361,0,0.0,0,5787
16362,0,0.0,0,5788
16363,0,0.0,0,5789
16364,0,0.0,0,5790
16365,0,0.0,0,5791
16366,0,0.0,0,5792
16367,0,0.0,0,5793
16368,0,0.0,0,5794
16369,0,0.0,0,5795
16370,0,0.0,0,5796
16371,0,0.0,0,5797
16372,0,0.0,0,5798
16373,0,0.0,0,5799
16375,0,0.0,0,5800
16376,0,0.0,0,5801
16377,0,0.0,0,5802
16378,0,0.0,0,5803
16379,0,0.0,0,5804
16380,0,0.0,0,5805
16381,0,0.0,0,5806
16382,0,0.0,0,13816
16354,0,0.0,0,5780
16352,0,0.0,0,5809
16322,0,0.0,0,5811
16351,0,0.0,0,5838
16323,0,0.0,0,5812
16324,0,0.0,0,5813
16325,0,0.0,0,5814
16326,0,0.0,0,5815
16327,0,0.0,0,5816
16328,0,0.0,0,5817
16329,0,0.0,0,5818
16330,0,0.0,0,5819
16331,0,0.0,0,5820
16332,0,0.0,0,5821
16333,0,0.0,0,5822
16334,0,0.0,0,5823
16335,0,0.0,0,5824
16336,0,0.0,0,5825
16337,0,0.0,0,5826
16339,0,0.0,0,5827
16340,0,0.0,0,5828
16341,0,0.0,0,5829
16342,0,0.0,0,5830
16343,0,0.0,0,5831
16344,0,0.0,0,5832
16345,0,0.0,0,5833
16346,0,0.0,0,5834
16347,0,0.0,0,5835
16348,0,0.0,0,5836
16349,0,0.0,0,5837
16350,0,0.0,0,5810
16254,0,0.0,0,5777
16253,0,0.0,0,5839
16252,0,0.0,0,5840
16155,0,0.0,0,5869
16157,0,0.0,0,5843
16158,0,0.0,0,5844
16159,0,0.0,0,5845
16161,0,0.0,0,5846
16162,0,0.0,0,5847
16163,0,0.0,0,5848
16164,0,0.0,0,5849
16165,0,0.0,0,5850
16166,0,0.0,0,5851
16167,0,0.0,0,5852
16168,0,0.0,0,5853
16169,0,0.0,0,5854
16170,0,0.0,0,5855
16171,0,0.0,0,5856
16172,0,0.0,0,5857
16173,0,0.0,0,5858
16174,0,0.0,0,5859
16175,0,0.0,0,5860
16176,0,0.0,0,5861
16177,0,0.0,0,5862
16178,0,0.0,0,5863
16179,0,0.0,0,5864
16180,0,0.0,0,5865
16181,0,0.0,0,5866
16182,0,0.0,0,5867
16183,0,0.0,0,5868
16184,0,0.0,0,5870
16156,0,0.0,0,5842
16154,0,0.0,0,5871
16186,0,0.0,0,5902
16153,0,0.0,0,5900
16124,0,0.0,0,5874
16125,0,0.0,0,5875
16126,0,0.0,0,5876
16127,0,0.0,0,5877
16128,0,0.0,0,5878
16129,0,0.0,0,5879
16130,0,0.0,0,5880
16131,0,0.0,0,5881
16132,0,0.0,0,5882
16133,0,0.0,0,5883
16134,0,0.0,0,5884
16135,0,0.0,0,5885
16136,0,0.0,0,5886
16137,0,0.0,0,5887
16138,0,0.0,0,5888
16139,0,0.0,0,5889
16140,0,0.0,0,5890
16141,0,0.0,0,5891
16142,0,0.0,0,5892
16143,0,0.0,0,5893
16144,0,0.0,0,5894
16145,0,0.0,0,5895
16148,0,0.0,0,5896
16149,0,0.0,0,5897
16150,0,0.0,0,5898
16151,0,0.0,0,5899
16152,0,0.0,0,5872
16185,0,0.0,0,5901
16187,0,0.0,0,5903
16251,0,0.0,0,5841
16218,0,0.0,0,5932
16220,0,0.0,0,5904
16221,0,0.0,0,5905
16222,0,0.0,0,5906
16224,0,0.0,0,5907
16225,0,0.0,0,5908
16227,0,0.0,0,5909
16228,0,0.0,0,5910
16229,0,0.0,0,5911
16230,0,0.0,0,5912
16231,0,0.0,0,5913
16232,0,0.0,0,5914
16233,0,0.0,0,5915
16234,0,0.0,0,5916
16235,0,0.0,0,5917
16236,0,0.0,0,5918
16237,0,0.0,0,5919
16238,0,0.0,0,5920
16239,0,0.0,0,5921
16240,0,0.0,0,5922
16241,0,0.0,0,5923
16243,0,0.0,0,5924
16244,0,0.0,0,5925
16245,0,0.0,0,5926
16246,0,0.0,0,5927
16247,0,0.0,0,5928
16249,0,0.0,0,5929
16250,0,0.0,0,5930
16219,0,0.0,0,5931
16217,0,0.0,0,5933
16188,0,0.0,0,5935
16216,0,0.0,0,5934
16189,0,0.0,0,5936
16190,0,0.0,0,5937
16191,0,0.0,0,5938
16192,0,0.0,0,5939
16193,0,0.0,0,5940
16194,0,0.0,0,5941
16195,0,0.0,0,5942
16196,0,0.0,0,5943
16197,0,0.0,0,5944
16198,0,0.0,0,5945
16199,0,0.0,0,5946
16200,0,0.0,0,5947
16201,0,0.0,0,5949
16202,0,0.0,0,5963
16203,0,0.0,0,5950
16204,0,0.0,0,5951
16205,0,0.0,0,5952
16206,0,0.0,0,5953
16207,0,0.0,0,5954
16208,0,0.0,0,5955
16209,0,0.0,0,5956
16210,0,0.0,0,5957
16211,0,0.0,0,5958
16212,0,0.0,0,5959
16213,0,0.0,0,5960
16214,0,0.0,0,5961
16215,0,0.0,0,5962
15857,0,0.0,0,5624
15855,0,0.0,0,5965
15324,0,0.0,0,6122
15504,0,0.0,0,5980
15491,0,0.0,0,5967
15492,0,0.0,0,5968
15493,0,0.0,0,5969
15494,0,0.0,0,5970
15495,0,0.0,0,5971
15496,0,0.0,0,5972
15497,0,0.0,0,5973
15498,0,0.0,0,5974
15499,0,0.0,0,5975
15500,0,0.0,0,5976
15501,0,0.0,0,5977
15502,0,0.0,0,5978
15503,0,0.0,0,5979
15505,0,0.0,0,5981
15589,0,0.0,0,6446
15506,0,0.0,0,5982
15507,0,0.0,0,5983
15508,0,0.0,0,5984
15509,0,0.0,0,5985
15510,0,0.0,0,5986
15511,0,0.0,0,5987
15512,0,0.0,0,5988
15513,0,0.0,0,5989
15515,0,0.0,0,5990
15516,0,0.0,0,5991
15517,0,0.0,0,5992
15518,0,0.0,0,5993
15519,0,0.0,0,5995
15490,0,0.0,0,5994
15489,0,0.0,0,5996
15488,0,0.0,0,6025
15487,0,0.0,0,5997
15459,0,0.0,0,5998
15460,0,0.0,0,5999
15461,0,0.0,0,6000
15462,0,0.0,0,6001
15463,0,0.0,0,6002
15465,0,0.0,0,6003
15466,0,0.0,0,6004
15467,0,0.0,0,6005
15468,0,0.0,0,6006
15469,0,0.0,0,6007
15470,0,0.0,0,6008
15471,0,0.0,0,6009
15472,0,0.0,0,6010
15473,0,0.0,0,6011
15474,0,0.0,0,6012
15475,0,0.0,0,6013
15476,0,0.0,0,6014
15477,0,0.0,0,6015
15478,0,0.0,0,6016
15479,0,0.0,0,6017
15480,0,0.0,0,6018
15481,0,0.0,0,6019
15482,0,0.0,0,6020
15483,0,0.0,0,6021
15484,0,0.0,0,6022
15485,0,0.0,0,6023
15486,0,0.0,0,6024
15520,0,0.0,0,6027
15521,0,0.0,0,6057
15522,0,0.0,0,6028
15556,0,0.0,0,6056
15559,0,0.0,0,6030
15560,0,0.0,0,6031
15561,0,0.0,0,6032
15562,0,0.0,0,6033
15563,0,0.0,0,6034
15564,0,0.0,0,6035
15566,0,0.0,0,6036
15567,0,0.0,0,6037
15568,0,0.0,0,6038
15569,0,0.0,0,6039
15570,0,0.0,0,6040
15571,0,0.0,0,6041
15572,0,0.0,0,6042
15573,0,0.0,0,6043
15574,0,0.0,0,6044
15576,0,0.0,0,6045
15577,0,0.0,0,6046
15578,0,0.0,0,6047
15579,0,0.0,0,6048
15580,0,0.0,0,6049
15581,0,0.0,0,6050
15582,0,0.0,0,6051
15583,0,0.0,0,6052
15584,0,0.0,0,6053
15585,0,0.0,0,6054
15586,0,0.0,0,6055
15587,0,0.0,0,6197
15557,0,0.0,0,6029
15555,0,0.0,0,6058
15524,0,0.0,0,6060
15554,0,0.0,0,6087
15526,0,0.0,0,6061
15527,0,0.0,0,6062
15529,0,0.0,0,6063
15530,0,0.0,0,6064
15531,0,0.0,0,6065
15532,0,0.0,0,6066
15533,0,0.0,0,6067
15534,0,0.0,0,6068
15535,0,0.0,0,6069
15536,0,0.0,0,6070
15537,0,0.0,0,6071
15538,0,0.0,0,6072
15539,0,0.0,0,6073
15540,0,0.0,0,6074
15541,0,0.0,0,6075
15542,0,0.0,0,6076
15543,0,0.0,0,6077
15544,0,0.0,0,6078
15545,0,0.0,0,6079
15546,0,0.0,0,6080
15547,0,0.0,0,6081
15548,0,0.0,0,6082
15549,0,0.0,0,6083
15550,0,0.0,0,6084
15551,0,0.0,0,6085
15552,0,0.0,0,6086
15553,0,0.0,0,6059
15458,0,0.0,0,6026
15457,0,0.0,0,6088
15456,0,0.0,0,6089
15356,0,0.0,0,6118
15358,0,0.0,0,6092
15359,0,0.0,0,6093
15360,0,0.0,0,6094
15361,0,0.0,0,6095
15362,0,0.0,0,6096
15363,0,0.0,0,6097
15364,0,0.0,0,6098
15365,0,0.0,0,6099
15367,0,0.0,0,6100
15368,0,0.0,0,6101
15369,0,0.0,0,6102
15370,0,0.0,0,6103
15371,0,0.0,0,6104
15372,0,0.0,0,6105
15373,0,0.0,0,6106
15374,0,0.0,0,6107
15375,0,0.0,0,6108
15376,0,0.0,0,6109
15377,0,0.0,0,6110
15378,0,0.0,0,6111
15379,0,0.0,0,6112
15380,0,0.0,0,6113
15381,0,0.0,0,6114
15382,0,0.0,0,6115
15384,0,0.0,0,6116
15385,0,0.0,0,6117
15386,0,0.0,0,6119
15357,0,0.0,0,6091
15355,0,0.0,0,6120
15389,0,0.0,0,6151
15354,0,0.0,0,6149
15325,0,0.0,0,6123
15326,0,0.0,0,6124
15327,0,0.0,0,6125
15328,0,0.0,0,6126
15329,0,0.0,0,6127
15330,0,0.0,0,6128
15332,0,0.0,0,6129
15333,0,0.0,0,6130
15334,0,0.0,0,6131
15335,0,0.0,0,6132
15336,0,0.0,0,6133
15337,0,0.0,0,6134
15338,0,0.0,0,6135
15339,0,0.0,0,6136
15340,0,0.0,0,6137
15341,0,0.0,0,6138
15343,0,0.0,0,6139
15344,0,0.0,0,6140
15345,0,0.0,0,6141
15346,0,0.0,0,6142
15347,0,0.0,0,6143
15348,0,0.0,0,6144
15349,0,0.0,0,6145
15350,0,0.0,0,6146
15351,0,0.0,0,6147
15352,0,0.0,0,6148
15353,0,0.0,0,6121
15388,0,0.0,0,6150
15390,0,0.0,0,6152
15455,0,0.0,0,6090
15423,0,0.0,0,6181
15425,0,0.0,0,6153
15426,0,0.0,0,6154
15427,0,0.0,0,6155
15428,0,0.0,0,6156
15429,0,0.0,0,6157
15432,0,0.0,0,6158
15434,0,0.0,0,6159
15435,0,0.0,0,6160
15436,0,0.0,0,6161
15437,0,0.0,0,6162
15438,0,0.0,0,6163
15439,0,0.0,0,6164
15440,0,0.0,0,6165
15441,0,0.0,0,6166
15442,0,0.0,0,6167
15443,0,0.0,0,6168
15444,0,0.0,0,6169
15445,0,0.0,0,6170
15446,0,0.0,0,6171
15447,0,0.0,0,6172
15448,0,0.0,0,6173
15449,0,0.0,0,6174
15450,0,0.0,0,6175
15451,0,0.0,0,6176
15452,0,0.0,0,6177
15453,0,0.0,0,6178
15454,0,0.0,0,6179
15424,0,0.0,0,6180
15420,0,0.0,0,6182
15391,0,0.0,0,6184
15419,0,0.0,0,6183
15392,0,0.0,0,6185
15393,0,0.0,0,6186
15394,0,0.0,0,6187
15395,0,0.0,0,6188
15396,0,0.0,0,6189
15397,0,0.0,0,6190
15398,0,0.0,0,6191
15399,0,0.0,0,6192
15400,0,0.0,0,6193
15401,0,0.0,0,6194
15402,0,0.0,0,6195
15403,0,0.0,0,6196
15404,0,0.0,0,6198
15405,0,0.0,0,6212
15406,0,0.0,0,6199
15407,0,0.0,0,6200
15408,0,0.0,0,6201
15409,0,0.0,0,6202
15410,0,0.0,0,6203
15411,0,0.0,0,6204
15412,0,0.0,0,6205
15413,0,0.0,0,6206
15414,0,0.0,0,6207
15415,0,0.0,0,6208
15416,0,0.0,0,6209
15417,0,0.0,0,6210
15418,0,0.0,0,6211
15588,0,0.0,0,6214
15590,0,0.0,0,6215
15854,0,0.0,0,6213
15772,0,0.0,0,6229
15758,0,0.0,0,6216
15759,0,0.0,0,6217
15760,0,0.0,0,6218
15761,0,0.0,0,6219
15762,0,0.0,0,6220
15763,0,0.0,0,6221
15764,0,0.0,0,6222
15765,0,0.0,0,6223
15766,0,0.0,0,6224
15767,0,0.0,0,6225
15768,0,0.0,0,6226
15769,0,0.0,0,6227
15770,0,0.0,0,6228
15773,0,0.0,0,6230
15591,0,0.0,0,6371
15774,0,0.0,0,6231
15775,0,0.0,0,6232
15776,0,0.0,0,6233
15777,0,0.0,0,6234
15778,0,0.0,0,6235
15779,0,0.0,0,6236
15780,0,0.0,0,6237
15781,0,0.0,0,6238
15782,0,0.0,0,6239
15783,0,0.0,0,6240
15784,0,0.0,0,6241
15785,0,0.0,0,6242
15786,0,0.0,0,6244
15757,0,0.0,0,6243
15756,0,0.0,0,6245
15755,0,0.0,0,6274
15754,0,0.0,0,6246
15725,0,0.0,0,6247
15726,0,0.0,0,6248
15727,0,0.0,0,6249
15728,0,0.0,0,6250
15730,0,0.0,0,6251
15731,0,0.0,0,6252
15732,0,0.0,0,6253
15733,0,0.0,0,6254
15734,0,0.0,0,6255
15735,0,0.0,0,6256
15736,0,0.0,0,6257
15737,0,0.0,0,6258
15738,0,0.0,0,6259
15740,0,0.0,0,6260
15741,0,0.0,0,6261
15742,0,0.0,0,6262
15743,0,0.0,0,6263
15744,0,0.0,0,6264
15745,0,0.0,0,6265
15746,0,0.0,0,6266
15747,0,0.0,0,6267
15748,0,0.0,0,6268
15749,0,0.0,0,6269
15750,0,0.0,0,6270
15751,0,0.0,0,6271
15752,0,0.0,0,6272
15753,0,0.0,0,6273
15788,0,0.0,0,6276
15789,0,0.0,0,6306
15790,0,0.0,0,6277
15823,0,0.0,0,6305
15825,0,0.0,0,6279
15827,0,0.0,0,6280
15828,0,0.0,0,6281
15829,0,0.0,0,6282
15830,0,0.0,0,6283
15831,0,0.0,0,6284
15832,0,0.0,0,6285
15833,0,0.0,0,6286
15834,0,0.0,0,6287
15835,0,0.0,0,6288
15836,0,0.0,0,6289
15837,0,0.0,0,6290
15838,0,0.0,0,6291
15839,0,0.0,0,6292
15840,0,0.0,0,6293
15841,0,0.0,0,6294
15843,0,0.0,0,6295
15844,0,0.0,0,6296
15845,0,0.0,0,6297
15846,0,0.0,0,6298
15847,0,0.0,0,6299
15848,0,0.0,0,6300
15849,0,0.0,0,6301
15850,0,0.0,0,6302
15851,0,0.0,0,6303
15852,0,0.0,0,6304
15853,0,0.0,0,5966
15824,0,0.0,0,6278
15822,0,0.0,0,6307
15791,0,0.0,0,6309
15821,0,0.0,0,6336
15792,0,0.0,0,6310
15793,0,0.0,0,6311
15794,0,0.0,0,6312
15795,0,0.0,0,6313
15796,0,0.0,0,6314
15797,0,0.0,0,6315
15799,0,0.0,0,6316
15800,0,0.0,0,6317
15801,0,0.0,0,6318
15802,0,0.0,0,6319
15803,0,0.0,0,6320
15804,0,0.0,0,6321
15805,0,0.0,0,6322
15806,0,0.0,0,6323
15807,0,0.0,0,6324
15808,0,0.0,0,6325
15809,0,0.0,0,6326
15810,0,0.0,0,6327
15811,0,0.0,0,6328
15812,0,0.0,0,6329
15814,0,0.0,0,6330
15815,0,0.0,0,6331
15816,0,0.0,0,6332
15817,0,0.0,0,6333
15818,0,0.0,0,6334
15819,0,0.0,0,6335
15820,0,0.0,0,6308
15724,0,0.0,0,6275
15723,0,0.0,0,6337
15722,0,0.0,0,6338
15622,0,0.0,0,6367
15624,0,0.0,0,6341
15625,0,0.0,0,6342
15626,0,0.0,0,6343
15627,0,0.0,0,6344
15628,0,0.0,0,6345
15629,0,0.0,0,6346
15632,0,0.0,0,6347
15633,0,0.0,0,6348
15634,0,0.0,0,6349
15635,0,0.0,0,6350
15636,0,0.0,0,6351
15637,0,0.0,0,6352
15638,0,0.0,0,6353
15639,0,0.0,0,6354
15640,0,0.0,0,6355
15641,0,0.0,0,6356
15642,0,0.0,0,6357
15643,0,0.0,0,6358
15644,0,0.0,0,6359
15646,0,0.0,0,6360
15648,0,0.0,0,6361
15649,0,0.0,0,6362
15650,0,0.0,0,6363
15651,0,0.0,0,6364
15652,0,0.0,0,6365
15653,0,0.0,0,6366
15654,0,0.0,0,6368
15623,0,0.0,0,6340
15621,0,0.0,0,6369
15656,0,0.0,0,6400
15620,0,0.0,0,6398
15592,0,0.0,0,6372
15593,0,0.0,0,6373
15594,0,0.0,0,6374
15595,0,0.0,0,6375
15596,0,0.0,0,6376
15597,0,0.0,0,6377
15598,0,0.0,0,6378
15599,0,0.0,0,6379
15600,0,0.0,0,6380
15601,0,0.0,0,6381
15602,0,0.0,0,6382
15603,0,0.0,0,6383
15604,0,0.0,0,6384
15605,0,0.0,0,6385
15606,0,0.0,0,6386
15607,0,0.0,0,6387
15608,0,0.0,0,6388
15609,0,0.0,0,6389
15610,0,0.0,0,6390
15611,0,0.0,0,6391
15612,0,0.0,0,6392
15613,0,0.0,0,6393
15614,0,0.0,0,6394
15615,0,0.0,0,6395
15616,0,0.0,0,6396
15617,0,0.0,0,6397
15619,0,0.0,0,6370
15655,0,0.0,0,6399
15657,0,0.0,0,6401
15721,0,0.0,0,6339
15689,0,0.0,0,6430
15691,0,0.0,0,6402
15692,0,0.0,0,6403
15693,0,0.0,0,6404
15694,0,0.0,0,6405
15696,0,0.0,0,6406
15697,0,0.0,0,6407
15698,0,0.0,0,6408
15699,0,0.0,0,6409
15700,0,0.0,0,6410
15701,0,0.0,0,6411
15704,0,0.0,0,6412
15705,0,0.0,0,6413
15706,0,0.0,0,6414
15707,0,0.0,0,6415
15708,0,0.0,0,6416
15709,0,0.0,0,6417
15710,0,0.0,0,6418
15711,0,0.0,0,6419
15712,0,0.0,0,6420
15713,0,0.0,0,6421
15714,0,0.0,0,6422
15715,0,0.0,0,6423
15716,0,0.0,0,6424
15717,0,0.0,0,6425
15718,0,0.0,0,6426
15719,0,0.0,0,6427
15720,0,0.0,0,6428
15690,0,0.0,0,6429
15688,0,0.0,0,6431
15658,0,0.0,0,6433
15687,0,0.0,0,6432
15659,0,0.0,0,6434
15660,0,0.0,0,6435
15661,0,0.0,0,6436
15662,0,0.0,0,6437
15663,0,0.0,0,6438
15665,0,0.0,0,6439
15666,0,0.0,0,6440
15667,0,0.0,0,6441
15668,0,0.0,0,6442
15669,0,0.0,0,6443
15670,0,0.0,0,6444
15671,0,0.0,0,6445
15672,0,0.0,0,6447
15673,0,0.0,0,6461
15674,0,0.0,0,6448
15675,0,0.0,0,6449
15676,0,0.0,0,6450
15677,0,0.0,0,6451
15678,0,0.0,0,6452
15679,0,0.0,0,6453
15680,0,0.0,0,6454
15681,0,0.0,0,6455
15682,0,0.0,0,6456
15683,0,0.0,0,6457
15684,0,0.0,0,6458
15685,0,0.0,0,6459
15686,0,0.0,0,6460
14275,0,0.0,0,5126
14273,0,0.0,0,6463
12185,0,0.0,0,7118
12882,0,0.0,0,6478
12869,0,0.0,0,6465
12870,0,0.0,0,6466
12871,0,0.0,0,6467
12872,0,0.0,0,6468
12873,0,0.0,0,6469
12874,0,0.0,0,6470
12875,0,0.0,0,6471
12876,0,0.0,0,6472
12877,0,0.0,0,6473
12878,0,0.0,0,6474
12879,0,0.0,0,6475
12880,0,0.0,0,6476
12881,0,0.0,0,6477
12883,0,0.0,0,6479
12963,0,0.0,0,6944
12884,0,0.0,0,6480
12885,0,0.0,0,6481
12886,0,0.0,0,6482
12887,0,0.0,0,6483
12888,0,0.0,0,6484
12889,0,0.0,0,6485
12890,0,0.0,0,6486
12891,0,0.0,0,6487
12893,0,0.0,0,6488
12894,0,0.0,0,6489
12895,0,0.0,0,6490
12896,0,0.0,0,6491
12897,0,0.0,0,6493
12868,0,0.0,0,6492
12867,0,0.0,0,6494
12866,0,0.0,0,6523
12865,0,0.0,0,6495
12834,0,0.0,0,6496
12835,0,0.0,0,6497
12836,0,0.0,0,6498
12837,0,0.0,0,6499
12839,0,0.0,0,6500
12840,0,0.0,0,6501
12841,0,0.0,0,6502
12843,0,0.0,0,6503
12844,0,0.0,0,6504
12845,0,0.0,0,6505
12846,0,0.0,0,6506
12847,0,0.0,0,6507
12848,0,0.0,0,6508
12849,0,0.0,0,6509
12850,0,0.0,0,6510
12851,0,0.0,0,6511
12852,0,0.0,0,6512
12853,0,0.0,0,6513
12854,0,0.0,0,6514
12855,0,0.0,0,6515
12856,0,0.0,0,6516
12858,0,0.0,0,6517
12859,0,0.0,0,6518
12860,0,0.0,0,6519
12862,0,0.0,0,6520
12863,0,0.0,0,6521
12864,0,0.0,0,6522
12898,0,0.0,0,6525
12899,0,0.0,0,6555
12900,0,0.0,0,6526
12932,0,0.0,0,6554
12934,0,0.0,0,6528
12935,0,0.0,0,6529
12936,0,0.0,0,6530
12937,0,0.0,0,6531
12938,0,0.0,0,6532
12939,0,0.0,0,6533
12940,0,0.0,0,6534
12941,0,0.0,0,6535
12942,0,0.0,0,6536
12943,0,0.0,0,6537
12944,0,0.0,0,6538
12945,0,0.0,0,6539
12946,0,0.0,0,6540
12947,0,0.0,0,6541
12948,0,0.0,0,6542
12949,0,0.0,0,6543
12950,0,0.0,0,6544
12952,0,0.0,0,6545
12953,0,0.0,0,6546
12954,0,0.0,0,6547
12955,0,0.0,0,6548
12956,0,0.0,0,6549
12957,0,0.0,0,6550
12958,0,0.0,0,6551
12959,0,0.0,0,6552
12960,0,0.0,0,6553
12961,0,0.0,0,6695
12933,0,0.0,0,6527
12931,0,0.0,0,6556
12901,0,0.0,0,6558
12930,0,0.0,0,6585
12902,0,0.0,0,6559
12903,0,0.0,0,6560
12904,0,0.0,0,6561
12905,0,0.0,0,6562
12906,0,0.0,0,6563
12907,0,0.0,0,6564
12908,0,0.0,0,6565
12909,0,0.0,0,6566
12910,0,0.0,0,6567
12911,0,0.0,0,6568
12912,0,0.0,0,6569
12913,0,0.0,0,6570
12914,0,0.0,0,6571
12915,0,0.0,0,6572
12916,0,0.0,0,6573
12917,0,0.0,0,6574
12918,0,0.0,0,6575
12919,0,0.0,0,6576
12920,0,0.0,0,6577
12921,0,0.0,0,6578
12922,0,0.0,0,6579
12923,0,0.0,0,6580
12924,0,0.0,0,6581
12925,0,0.0,0,6582
12926,0,0.0,0,6583
12928,0,0.0,0,6584
12929,0,0.0,0,6557
12833,0,0.0,0,6524
12832,0,0.0,0,6586
12831,0,0.0,0,6587
12737,0,0.0,0,6616
12739,0,0.0,0,6590
12740,0,0.0,0,6591
12741,0,0.0,0,6592
12742,0,0.0,0,6593
12743,0,0.0,0,6594
12744,0,0.0,0,6595
12745,0,0.0,0,6596
12746,0,0.0,0,6597
12747,0,0.0,0,6598
12748,0,0.0,0,6599
12749,0,0.0,0,6600
12750,0,0.0,0,6601
12751,0,0.0,0,6602
12752,0,0.0,0,6603
12753,0,0.0,0,6604
12754,0,0.0,0,6605
12755,0,0.0,0,6606
12756,0,0.0,0,6607
12757,0,0.0,0,6608
12758,0,0.0,0,6609
12759,0,0.0,0,6610
12760,0,0.0,0,6611
12761,0,0.0,0,6612
12762,0,0.0,0,6613
12763,0,0.0,0,6614
12764,0,0.0,0,6615
12765,0,0.0,0,6617
12738,0,0.0,0,6589
12736,0,0.0,0,6618
12767,0,0.0,0,6649
12735,0,0.0,0,6647
12707,0,0.0,0,6621
12708,0,0.0,0,6622
12709,0,0.0,0,6623
12710,0,0.0,0,6624
12711,0,0.0,0,6625
12712,0,0.0,0,6626
12713,0,0.0,0,6627
12714,0,0.0,0,6628
12715,0,0.0,0,6629
12716,0,0.0,0,6630
12717,0,0.0,0,6631
12718,0,0.0,0,6632
12719,0,0.0,0,6633
12720,0,0.0,0,6634
12721,0,0.0,0,6635
12723,0,0.0,0,6636
12724,0,0.0,0,6637
12725,0,0.0,0,6638
12726,0,0.0,0,6639
12727,0,0.0,0,6640
12728,0,0.0,0,6641
12729,0,0.0,0,6642
12730,0,0.0,0,6643
12731,0,0.0,0,6644
12732,0,0.0,0,6645
12733,0,0.0,0,6646
12734,0,0.0,0,6619
12766,0,0.0,0,6648
12768,0,0.0,0,6650
12830,0,0.0,0,6588
12800,0,0.0,0,6679
12802,0,0.0,0,6651
12803,0,0.0,0,6652
12804,0,0.0,0,6653
12805,0,0.0,0,6654
12806,0,0.0,0,6655
12807,0,0.0,0,6656
12808,0,0.0,0,6657
12809,0,0.0,0,6658
12810,0,0.0,0,6659
12811,0,0.0,0,6660
12812,0,0.0,0,6661
12813,0,0.0,0,6662
12814,0,0.0,0,6663
12815,0,0.0,0,6664
12816,0,0.0,0,6665
12817,0,0.0,0,6666
12818,0,0.0,0,6667
12819,0,0.0,0,6668
12820,0,0.0,0,6669
12821,0,0.0,0,6670
12822,0,0.0,0,6671
12824,0,0.0,0,6672
12825,0,0.0,0,6673
12826,0,0.0,0,6674
12827,0,0.0,0,6675
12828,0,0.0,0,6676
12829,0,0.0,0,6677
12801,0,0.0,0,6678
12799,0,0.0,0,6680
12769,0,0.0,0,6682
12798,0,0.0,0,6681
12770,0,0.0,0,6683
12771,0,0.0,0,6684
12772,0,0.0,0,6685
12773,0,0.0,0,6686
12774,0,0.0,0,6687
12775,0,0.0,0,6688
12776,0,0.0,0,6689
12777,0,0.0,0,6690
12778,0,0.0,0,6691
12779,0,0.0,0,6692
12780,0,0.0,0,6693
12781,0,0.0,0,6694
12782,0,0.0,0,6696
12783,0,0.0,0,6710
12784,0,0.0,0,6697
12785,0,0.0,0,6698
12787,0,0.0,0,6699
12788,0,0.0,0,6700
12789,0,0.0,0,6701
12790,0,0.0,0,6702
12791,0,0.0,0,6703
12792,0,0.0,0,6704
12793,0,0.0,0,6705
12794,0,0.0,0,6706
12795,0,0.0,0,6707
12796,0,0.0,0,6708
12797,0,0.0,0,6709
12962,0,0.0,0,6712
12964,0,0.0,0,6713
12705,0,0.0,0,6711
13139,0,0.0,0,6727
13126,0,0.0,0,6714
13127,0,0.0,0,6715
13128,0,0.0,0,6716
13129,0,0.0,0,6717
13130,0,0.0,0,6718
13131,0,0.0,0,6719
13132,0,0.0,0,6720
13133,0,0.0,0,6721
13134,0,0.0,0,6722
13135,0,0.0,0,6723
13136,0,0.0,0,6724
13137,0,0.0,0,6725
13138,0,0.0,0,6726
13140,0,0.0,0,6728
12965,0,0.0,0,6869
13141,0,0.0,0,6729
13142,0,0.0,0,6730
13143,0,0.0,0,6731
13144,0,0.0,0,6732
13145,0,0.0,0,6733
13146,0,0.0,0,6734
13147,0,0.0,0,6735
13148,0,0.0,0,6736
13149,0,0.0,0,6737
13150,0,0.0,0,6738
13151,0,0.0,0,6739
13152,0,0.0,0,6740
13153,0,0.0,0,6742
13125,0,0.0,0,6741
13124,0,0.0,0,6743
13123,0,0.0,0,6772
13122,0,0.0,0,6744
13093,0,0.0,0,6745
13095,0,0.0,0,6746
13096,0,0.0,0,6747
13097,0,0.0,0,6748
13098,0,0.0,0,6749
13099,0,0.0,0,6750
13100,0,0.0,0,6751
13101,0,0.0,0,6752
13102,0,0.0,0,6753
13103,0,0.0,0,6754
13104,0,0.0,0,6755
13105,0,0.0,0,6756
13106,0,0.0,0,6757
13108,0,0.0,0,6758
13109,0,0.0,0,6759
13110,0,0.0,0,6760
13111,0,0.0,0,6761
13112,0,0.0,0,6762
13113,0,0.0,0,6763
13114,0,0.0,0,6764
13115,0,0.0,0,6765
13116,0,0.0,0,6766
13117,0,0.0,0,6767
13118,0,0.0,0,6768
13119,0,0.0,0,6769
13120,0,0.0,0,6770
13121,0,0.0,0,6771
13154,0,0.0,0,6774
13155,0,0.0,0,6804
13156,0,0.0,0,6775
13191,0,0.0,0,6803
13193,0,0.0,0,6777
13194,0,0.0,0,6778
13195,0,0.0,0,6779
13196,0,0.0,0,6780
13197,0,0.0,0,6781
13198,0,0.0,0,6782
13199,0,0.0,0,6783
13200,0,0.0,0,6784
13201,0,0.0,0,6785
13202,0,0.0,0,6786
13203,0,0.0,0,6787
13204,0,0.0,0,6788
13205,0,0.0,0,6789
13206,0,0.0,0,6790
13207,0,0.0,0,6791
13208,0,0.0,0,6792
13209,0,0.0,0,6793
13210,0,0.0,0,6794
13211,0,0.0,0,6795
13212,0,0.0,0,6796
13213,0,0.0,0,6797
13214,0,0.0,0,6798
13215,0,0.0,0,6799
13216,0,0.0,0,6800
13217,0,0.0,0,6801
13218,0,0.0,0,6802
13219,0,0.0,0,6960
13192,0,0.0,0,6776
13190,0,0.0,0,6805
13158,0,0.0,0,6807
13189,0,0.0,0,6834
13159,0,0.0,0,6808
13160,0,0.0,0,6809
13161,0,0.0,0,6810
13162,0,0.0,0,6811
13163,0,0.0,0,6812
13165,0,0.0,0,6813
13166,0,0.0,0,6814
13167,0,0.0,0,6815
13168,0,0.0,0,6816
13169,0,0.0,0,6817
13170,0,0.0,0,6818
13171,0,0.0,0,6819
13172,0,0.0,0,6820
13173,0,0.0,0,6821
13174,0,0.0,0,6822
13176,0,0.0,0,6823
13177,0,0.0,0,6824
13178,0,0.0,0,6825
13179,0,0.0,0,6826
13180,0,0.0,0,6827
13181,0,0.0,0,6828
13182,0,0.0,0,6829
13184,0,0.0,0,6830
13185,0,0.0,0,6831
13186,0,0.0,0,6832
13187,0,0.0,0,6833
13188,0,0.0,0,6806
13092,0,0.0,0,6773
13091,0,0.0,0,6835
13090,0,0.0,0,6836
12995,0,0.0,0,6865
12997,0,0.0,0,6839
12998,0,0.0,0,6840
12999,0,0.0,0,6841
13000,0,0.0,0,6842
13001,0,0.0,0,6843
13002,0,0.0,0,6844
13003,0,0.0,0,6845
13004,0,0.0,0,6846
13005,0,0.0,0,6847
13006,0,0.0,0,6848
13007,0,0.0,0,6849
13008,0,0.0,0,6850
13009,0,0.0,0,6851
13011,0,0.0,0,6852
13012,0,0.0,0,6853
13013,0,0.0,0,6854
13014,0,0.0,0,6855
13015,0,0.0,0,6856
13016,0,0.0,0,6857
13017,0,0.0,0,6858
13018,0,0.0,0,6859
13019,0,0.0,0,6860
13020,0,0.0,0,6861
13021,0,0.0,0,6862
13022,0,0.0,0,6863
13023,0,0.0,0,6864
13024,0,0.0,0,6866
12996,0,0.0,0,6838
12994,0,0.0,0,6867
13026,0,0.0,0,6898
12993,0,0.0,0,6896
12966,0,0.0,0,6870
12967,0,0.0,0,6871
12968,0,0.0,0,6872
12969,0,0.0,0,6873
12970,0,0.0,0,6874
12971,0,0.0,0,6875
12972,0,0.0,0,6876
12973,0,0.0,0,6877
12974,0,0.0,0,6878
12975,0,0.0,0,6879
12976,0,0.0,0,6880
12977,0,0.0,0,6881
12978,0,0.0,0,6882
12979,0,0.0,0,6883
12980,0,0.0,0,6884
12981,0,0.0,0,6885
12982,0,0.0,0,6886
12983,0,0.0,0,6887
12984,0,0.0,0,6888
12985,0,0.0,0,6889
12986,0,0.0,0,6890
12987,0,0.0,0,6891
12988,0,0.0,0,6892
12989,0,0.0,0,6893
12990,0,0.0,0,6894
12991,0,0.0,0,6895
12992,0,0.0,0,6868
13025,0,0.0,0,6897
13027,0,0.0,0,6899
13089,0,0.0,0,6837
13060,0,0.0,0,6928
13062,0,0.0,0,6900
13063,0,0.0,0,6901
13064,0,0.0,0,6902
13065,0,0.0,0,6903
13066,0,0.0,0,6904
13067,0,0.0,0,6905
13068,0,0.0,0,6906
13069,0,0.0,0,6907
13070,0,0.0,0,6908
13071,0,0.0,0,6909
13072,0,0.0,0,6910
13073,0,0.0,0,6911
13074,0,0.0,0,6912
13075,0,0.0,0,6913
13076,0,0.0,0,6914
13077,0,0.0,0,6915
13078,0,0.0,0,6916
13079,0,0.0,0,6917
13080,0,0.0,0,6918
13081,0,0.0,0,6919
13082,0,0.0,0,6920
13083,0,0.0,0,6921
13084,0,0.0,0,6922
13085,0,0.0,0,6923
13086,0,0.0,0,6924
13087,0,0.0,0,6925
13088,0,0.0,0,6926
13061,0,0.0,0,6927
13059,0,0.0,0,6929
13028,0,0.0,0,6931
13058,0,0.0,0,6930
13029,0,0.0,0,6932
13030,0,0.0,0,6933
13031,0,0.0,0,6934
13032,0,0.0,0,6935
13033,0,0.0,0,6936
13034,0,0.0,0,6937
13035,0,0.0,0,6938
13036,0,0.0,0,6939
13038,0,0.0,0,6940
13039,0,0.0,0,6941
13040,0,0.0,0,6942
13041,0,0.0,0,6943
13042,0,0.0,0,6945
13043,0,0.0,0,6959
13044,0,0.0,0,6946
13045,0,0.0,0,6947
13046,0,0.0,0,6948
13047,0,0.0,0,6949
13048,0,0.0,0,6950
13049,0,0.0,0,6951
13051,0,0.0,0,6952
13052,0,0.0,0,6953
13053,0,0.0,0,6954
13054,0,0.0,0,6955
13055,0,0.0,0,6956
13056,0,0.0,0,6957
13057,0,0.0,0,6958
12706,0,0.0,0,6620
12704,0,0.0,0,6961
13221,0,0.0,0,7956
12363,0,0.0,0,6976
12347,0,0.0,0,6963
12349,0,0.0,0,6964
12350,0,0.0,0,6965
12351,0,0.0,0,6966
12352,0,0.0,0,6967
12354,0,0.0,0,6968
12355,0,0.0,0,6969
12356,0,0.0,0,6970
12357,0,0.0,0,6971
12358,0,0.0,0,6972
12359,0,0.0,0,6973
12360,0,0.0,0,6974
12361,0,0.0,0,6975
12364,0,0.0,0,6977
12442,0,0.0,0,7442
12365,0,0.0,0,6978
12366,0,0.0,0,6979
12367,0,0.0,0,6980
12368,0,0.0,0,6981
12369,0,0.0,0,6982
12370,0,0.0,0,6983
12371,0,0.0,0,6984
12372,0,0.0,0,6985
12373,0,0.0,0,6986
12374,0,0.0,0,6987
12375,0,0.0,0,6988
12376,0,0.0,0,6989
12377,0,0.0,0,6991
12346,0,0.0,0,6990
12345,0,0.0,0,6992
12344,0,0.0,0,7021
12343,0,0.0,0,6993
12316,0,0.0,0,6994
12317,0,0.0,0,6995
12318,0,0.0,0,6996
12319,0,0.0,0,6997
12320,0,0.0,0,6998
12321,0,0.0,0,6999
12322,0,0.0,0,7000
12323,0,0.0,0,7001
12324,0,0.0,0,7002
12325,0,0.0,0,7003
12326,0,0.0,0,7004
12327,0,0.0,0,7005
12328,0,0.0,0,7006
12329,0,0.0,0,7007
12330,0,0.0,0,7008
12331,0,0.0,0,7009
12332,0,0.0,0,7010
12333,0,0.0,0,7011
12334,0,0.0,0,7012
12335,0,0.0,0,7013
12336,0,0.0,0,7014
12337,0,0.0,0,7015
12338,0,0.0,0,7016
12339,0,0.0,0,7017
12340,0,0.0,0,7018
12341,0,0.0,0,7019
12342,0,0.0,0,7020
12378,0,0.0,0,7023
12379,0,0.0,0,7053
12380,0,0.0,0,7024
12411,0,0.0,0,7052
12413,0,0.0,0,4471
8455,0,0.0,0,8454
12415,0,0.0,0,7028
12416,0,0.0,0,7029
12417,0,0.0,0,7030
12418,0,0.0,0,7031
12419,0,0.0,0,7032
12420,0,0.0,0,7033
12421,0,0.0,0,7034
12422,0,0.0,0,7035
12423,0,0.0,0,7036
12424,0,0.0,0,7037
12425,0,0.0,0,7038
12427,0,0.0,0,7039
12428,0,0.0,0,7040
12429,0,0.0,0,7041
12430,0,0.0,0,7042
12431,0,0.0,0,7043
12432,0,0.0,0,7044
12433,0,0.0,0,7045
12434,0,0.0,0,7046
12435,0,0.0,0,7047
12436,0,0.0,0,7048
12437,0,0.0,0,7049
12438,0,0.0,0,7050
12439,0,0.0,0,7051
12440,0,0.0,0,7193
12412,0,0.0,0,7025
12410,0,0.0,0,7054
12381,0,0.0,0,7056
12409,0,0.0,0,7083
12382,0,0.0,0,7057
12383,0,0.0,0,7058
12384,0,0.0,0,7059
12385,0,0.0,0,7060
12386,0,0.0,0,7061
12387,0,0.0,0,7062
12388,0,0.0,0,7063
12389,0,0.0,0,7064
12390,0,0.0,0,7065
12391,0,0.0,0,7066
12392,0,0.0,0,7067
12393,0,0.0,0,7068
12394,0,0.0,0,7069
12395,0,0.0,0,7070
12396,0,0.0,0,7071
12397,0,0.0,0,7072
12398,0,0.0,0,7073
12399,0,0.0,0,7074
12400,0,0.0,0,7075
12401,0,0.0,0,7076
12402,0,0.0,0,7077
12403,0,0.0,0,7078
12404,0,0.0,0,7079
12405,0,0.0,0,7080
12406,0,0.0,0,7081
12407,0,0.0,0,7082
12408,0,0.0,0,7055
12315,0,0.0,0,7022
12314,0,0.0,0,7084
12313,0,0.0,0,7085
12217,0,0.0,0,7114
12219,0,0.0,0,7088
12220,0,0.0,0,7089
12221,0,0.0,0,7090
12222,0,0.0,0,7091
12223,0,0.0,0,7092
12224,0,0.0,0,7093
12225,0,0.0,0,7094
12226,0,0.0,0,7095
12227,0,0.0,0,7096
12228,0,0.0,0,7097
12229,0,0.0,0,7098
12230,0,0.0,0,7099
12231,0,0.0,0,7100
12232,0,0.0,0,7101
12233,0,0.0,0,7102
12234,0,0.0,0,7103
12235,0,0.0,0,7104
12236,0,0.0,0,7105
12237,0,0.0,0,7106
12238,0,0.0,0,7107
12239,0,0.0,0,7108
12240,0,0.0,0,7109
12241,0,0.0,0,7110
12242,0,0.0,0,7111
12243,0,0.0,0,7112
12244,0,0.0,0,7113
12245,0,0.0,0,7115
12218,0,0.0,0,7087
12216,0,0.0,0,7116
12247,0,0.0,0,7147
12214,0,0.0,0,7145
12186,0,0.0,0,7119
12188,0,0.0,0,7120
12189,0,0.0,0,7121
12190,0,0.0,0,7122
12191,0,0.0,0,7123
12192,0,0.0,0,7124
12193,0,0.0,0,7125
12194,0,0.0,0,7126
12195,0,0.0,0,7127
12196,0,0.0,0,7128
12197,0,0.0,0,7129
12198,0,0.0,0,7130
12199,0,0.0,0,7131
12200,0,0.0,0,7132
12201,0,0.0,0,7133
12202,0,0.0,0,7134
12203,0,0.0,0,7135
12204,0,0.0,0,7136
12205,0,0.0,0,7137
12206,0,0.0,0,7138
12207,0,0.0,0,7139
12208,0,0.0,0,7140
12209,0,0.0,0,7141
12210,0,0.0,0,7142
12211,0,0.0,0,7143
12212,0,0.0,0,7144
12213,0,0.0,0,7117
12246,0,0.0,0,7146
12248,0,0.0,0,7148
12312,0,0.0,0,7086
12280,0,0.0,0,7177
12283,0,0.0,0,7149
12284,0,0.0,0,7150
12286,0,0.0,0,7151
12287,0,0.0,0,7152
12288,0,0.0,0,7153
12289,0,0.0,0,7154
12291,0,0.0,0,7155
12292,0,0.0,0,7156
12293,0,0.0,0,7157
12294,0,0.0,0,7158
12295,0,0.0,0,7159
12296,0,0.0,0,7160
12297,0,0.0,0,7161
12298,0,0.0,0,7162
12299,0,0.0,0,7163
12300,0,0.0,0,7164
12301,0,0.0,0,7165
12302,0,0.0,0,7166
12303,0,0.0,0,7167
12304,0,0.0,0,7168
12305,0,0.0,0,7169
12306,0,0.0,0,7170
12307,0,0.0,0,7171
12308,0,0.0,0,7172
12309,0,0.0,0,7173
12310,0,0.0,0,7174
12311,0,0.0,0,7175
12282,0,0.0,0,7176
12279,0,0.0,0,7178
12249,0,0.0,0,7180
12278,0,0.0,0,7179
12250,0,0.0,0,7181
12251,0,0.0,0,7182
12252,0,0.0,0,7183
12253,0,0.0,0,7184
12254,0,0.0,0,7185
12255,0,0.0,0,7186
12256,0,0.0,0,7187
12257,0,0.0,0,7188
12258,0,0.0,0,7189
12259,0,0.0,0,7190
12260,0,0.0,0,7191
12261,0,0.0,0,7192
12262,0,0.0,0,7194
12263,0,0.0,0,7208
12264,0,0.0,0,7195
12265,0,0.0,0,7196
12266,0,0.0,0,7197
12267,0,0.0,0,7198
12268,0,0.0,0,7199
12269,0,0.0,0,7200
12270,0,0.0,0,7201
12271,0,0.0,0,7202
12273,0,0.0,0,7203
12274,0,0.0,0,7204
12275,0,0.0,0,7205
12276,0,0.0,0,7206
12277,0,0.0,0,7207
12441,0,0.0,0,7210
12443,0,0.0,0,7211
12703,0,0.0,0,7209
12621,0,0.0,0,7225
12606,0,0.0,0,7212
12608,0,0.0,0,7213
12609,0,0.0,0,7214
12610,0,0.0,0,7215
12611,0,0.0,0,7216
12612,0,0.0,0,7217
12613,0,0.0,0,7218
12614,0,0.0,0,7219
12615,0,0.0,0,7220
12616,0,0.0,0,7221
12617,0,0.0,0,7222
12619,0,0.0,0,7223
12620,0,0.0,0,7224
12622,0,0.0,0,7226
12444,0,0.0,0,7367
12624,0,0.0,0,7227
12626,0,0.0,0,7228
12628,0,0.0,0,7229
12629,0,0.0,0,7230
12630,0,0.0,0,7231
12631,0,0.0,0,7232
12632,0,0.0,0,7233
12633,0,0.0,0,7234
12634,0,0.0,0,7235
12635,0,0.0,0,7236
12636,0,0.0,0,7237
12637,0,0.0,0,7238
12638,0,0.0,0,7240
12605,0,0.0,0,7239
12604,0,0.0,0,7241
12603,0,0.0,0,7270
12602,0,0.0,0,7242
12575,0,0.0,0,7243
12576,0,0.0,0,7244
12577,0,0.0,0,7245
12578,0,0.0,0,7246
12579,0,0.0,0,7247
12580,0,0.0,0,7248
12581,0,0.0,0,7249
12582,0,0.0,0,7250
12583,0,0.0,0,7251
12584,0,0.0,0,7252
12585,0,0.0,0,7253
12586,0,0.0,0,7254
12587,0,0.0,0,7255
12588,0,0.0,0,7256
12589,0,0.0,0,7257
12590,0,0.0,0,7258
12591,0,0.0,0,7259
12592,0,0.0,0,7260
12593,0,0.0,0,7261
12594,0,0.0,0,7262
12595,0,0.0,0,7263
12596,0,0.0,0,7264
12597,0,0.0,0,7265
12598,0,0.0,0,7266
12599,0,0.0,0,7267
12600,0,0.0,0,7268
12601,0,0.0,0,7269
12639,0,0.0,0,7272
12640,0,0.0,0,7302
12641,0,0.0,0,7273
12674,0,0.0,0,7301
12676,0,0.0,0,7275
12677,0,0.0,0,7276
12678,0,0.0,0,7277
12679,0,0.0,0,7278
12680,0,0.0,0,7279
12681,0,0.0,0,7280
12682,0,0.0,0,7281
12683,0,0.0,0,7282
12684,0,0.0,0,7283
12685,0,0.0,0,7284
12686,0,0.0,0,7285
12687,0,0.0,0,7286
12688,0,0.0,0,7287
12689,0,0.0,0,7288
12690,0,0.0,0,7289
12691,0,0.0,0,7290
12692,0,0.0,0,7291
12693,0,0.0,0,7292
12694,0,0.0,0,7293
12695,0,0.0,0,7294
12696,0,0.0,0,7295
12697,0,0.0,0,7296
12698,0,0.0,0,7297
12699,0,0.0,0,7298
12700,0,0.0,0,7299
12701,0,0.0,0,7300
12702,0,0.0,0,6962
12675,0,0.0,0,7274
12673,0,0.0,0,7303
12642,0,0.0,0,7305
12671,0,0.0,0,7332
12643,0,0.0,0,7306
12644,0,0.0,0,7307
12645,0,0.0,0,7308
12646,0,0.0,0,7309
12647,0,0.0,0,7310
12648,0,0.0,0,7311
12649,0,0.0,0,7312
12650,0,0.0,0,7313
12651,0,0.0,0,7314
12652,0,0.0,0,7315
12653,0,0.0,0,7316
12654,0,0.0,0,7317
12655,0,0.0,0,7318
12656,0,0.0,0,7319
12657,0,0.0,0,7320
12658,0,0.0,0,7321
12660,0,0.0,0,7322
12661,0,0.0,0,7323
12662,0,0.0,0,7324
12663,0,0.0,0,7325
12664,0,0.0,0,7326
12665,0,0.0,0,7327
12666,0,0.0,0,7328
12667,0,0.0,0,7329
12668,0,0.0,0,7330
12669,0,0.0,0,7331
12670,0,0.0,0,7304
12574,0,0.0,0,7271
12573,0,0.0,0,7333
12572,0,0.0,0,7334
12474,0,0.0,0,7363
12476,0,0.0,0,7337
12477,0,0.0,0,7338
12478,0,0.0,0,7339
12479,0,0.0,0,7340
12481,0,0.0,0,7341
12482,0,0.0,0,7342
12483,0,0.0,0,7343
12484,0,0.0,0,7344
12485,0,0.0,0,7345
12486,0,0.0,0,7346
12487,0,0.0,0,7347
12488,0,0.0,0,7348
12489,0,0.0,0,7349
12490,0,0.0,0,7350
12491,0,0.0,0,7351
12492,0,0.0,0,7352
12493,0,0.0,0,7353
12494,0,0.0,0,7354
12495,0,0.0,0,7355
12496,0,0.0,0,7356
12497,0,0.0,0,7357
12498,0,0.0,0,7358
12499,0,0.0,0,7359
12500,0,0.0,0,7360
12501,0,0.0,0,7361
12502,0,0.0,0,7362
12503,0,0.0,0,7364
12475,0,0.0,0,7336
12473,0,0.0,0,7365
12505,0,0.0,0,7396
12472,0,0.0,0,7394
12445,0,0.0,0,7368
12446,0,0.0,0,7369
12447,0,0.0,0,7370
12448,0,0.0,0,7371
12449,0,0.0,0,7372
12450,0,0.0,0,7373
12451,0,0.0,0,7374
12452,0,0.0,0,7375
12453,0,0.0,0,7376
12454,0,0.0,0,7377
12455,0,0.0,0,7378
12456,0,0.0,0,7379
12457,0,0.0,0,7380
12458,0,0.0,0,7381
12459,0,0.0,0,7382
12460,0,0.0,0,7383
12461,0,0.0,0,7384
12462,0,0.0,0,7385
12463,0,0.0,0,7386
12464,0,0.0,0,7387
12465,0,0.0,0,7388
12466,0,0.0,0,7389
12467,0,0.0,0,7390
12468,0,0.0,0,7391
12469,0,0.0,0,7392
12470,0,0.0,0,7393
12471,0,0.0,0,7366
12504,0,0.0,0,7395
12506,0,0.0,0,7397
12571,0,0.0,0,7335
12539,0,0.0,0,7426
12542,0,0.0,0,7398
12543,0,0.0,0,7399
12544,0,0.0,0,7400
12545,0,0.0,0,7401
12546,0,0.0,0,7402
12547,0,0.0,0,7403
12548,0,0.0,0,7404
12549,0,0.0,0,7405
12550,0,0.0,0,7406
12551,0,0.0,0,7407
12552,0,0.0,0,7408
12553,0,0.0,0,7409
12554,0,0.0,0,7410
12555,0,0.0,0,7411
12556,0,0.0,0,7412
12558,0,0.0,0,7413
12559,0,0.0,0,7414
12560,0,0.0,0,7415
12561,0,0.0,0,7416
12562,0,0.0,0,7417
12563,0,0.0,0,7418
12564,0,0.0,0,7419
12565,0,0.0,0,7420
12567,0,0.0,0,7421
12568,0,0.0,0,7422
12569,0,0.0,0,7423
12570,0,0.0,0,7424
12540,0,0.0,0,7425
12538,0,0.0,0,7427
12507,0,0.0,0,7429
12537,0,0.0,0,7428
12508,0,0.0,0,7430
12510,0,0.0,0,7431
12511,0,0.0,0,7432
12512,0,0.0,0,7433
12514,0,0.0,0,7434
12515,0,0.0,0,7435
12516,0,0.0,0,7436
12517,0,0.0,0,7437
12518,0,0.0,0,7438
12519,0,0.0,0,7439
12520,0,0.0,0,7440
12521,0,0.0,0,7441
12522,0,0.0,0,7443
12523,0,0.0,0,7457
12524,0,0.0,0,7444
12525,0,0.0,0,7445
12526,0,0.0,0,7446
12527,0,0.0,0,7447
12528,0,0.0,0,7448
12529,0,0.0,0,7449
12530,0,0.0,0,7450
12531,0,0.0,0,7451
12532,0,0.0,0,7452
12533,0,0.0,0,7453
12534,0,0.0,0,7454
12535,0,0.0,0,7455
12536,0,0.0,0,7456
13220,0,0.0,0,7459
13222,0,0.0,0,7460
14272,0,0.0,0,7458
13923,0,0.0,0,7474
13910,0,0.0,0,7461
13911,0,0.0,0,7462
13912,0,0.0,0,7463
13913,0,0.0,0,7464
13914,0,0.0,0,7465
13915,0,0.0,0,7466
13916,0,0.0,0,7467
13917,0,0.0,0,7468
13918,0,0.0,0,7469
13919,0,0.0,0,7470
13920,0,0.0,0,7471
13921,0,0.0,0,7472
13922,0,0.0,0,7473
13924,0,0.0,0,7475
14003,0,0.0,0,7940
13925,0,0.0,0,7476
13926,0,0.0,0,7477
13927,0,0.0,0,7478
13928,0,0.0,0,7479
13929,0,0.0,0,7480
13930,0,0.0,0,7481
13931,0,0.0,0,7482
13932,0,0.0,0,7483
13933,0,0.0,0,7484
13934,0,0.0,0,7485
13935,0,0.0,0,7486
13936,0,0.0,0,7487
13937,0,0.0,0,7489
13908,0,0.0,0,7488
13907,0,0.0,0,7490
13906,0,0.0,0,7519
13905,0,0.0,0,7491
13877,0,0.0,0,7492
13878,0,0.0,0,7493
13879,0,0.0,0,7494
13880,0,0.0,0,7495
13881,0,0.0,0,7496
13882,0,0.0,0,7497
13883,0,0.0,0,7498
13885,0,0.0,0,7499
13886,0,0.0,0,7500
13887,0,0.0,0,7501
13888,0,0.0,0,7502
13889,0,0.0,0,7503
13890,0,0.0,0,7504
13891,0,0.0,0,7505
13892,0,0.0,0,7506
13893,0,0.0,0,7507
13894,0,0.0,0,7508
13895,0,0.0,0,7509
13896,0,0.0,0,7510
13897,0,0.0,0,7511
13898,0,0.0,0,7512
13899,0,0.0,0,7513
13900,0,0.0,0,7514
13901,0,0.0,0,7515
13902,0,0.0,0,7516
13903,0,0.0,0,7517
13904,0,0.0,0,7518
13938,0,0.0,0,7521
13939,0,0.0,0,7551
13940,0,0.0,0,7522
13972,0,0.0,0,7550
13974,0,0.0,0,7524
13975,0,0.0,0,7525
13976,0,0.0,0,7526
13977,0,0.0,0,7527
13978,0,0.0,0,7528
13979,0,0.0,0,7529
13980,0,0.0,0,7530
13981,0,0.0,0,7531
13982,0,0.0,0,7532
13983,0,0.0,0,7533
13984,0,0.0,0,7534
13985,0,0.0,0,7535
13986,0,0.0,0,7536
13987,0,0.0,0,7537
13988,0,0.0,0,7538
13990,0,0.0,0,7539
13991,0,0.0,0,7540
13992,0,0.0,0,7541
13993,0,0.0,0,7542
13994,0,0.0,0,7543
13995,0,0.0,0,7544
13996,0,0.0,0,7545
13997,0,0.0,0,7546
13998,0,0.0,0,7547
13999,0,0.0,0,7548
14000,0,0.0,0,7549
14001,0,0.0,0,7691
13973,0,0.0,0,7523
13971,0,0.0,0,7552
13941,0,0.0,0,7554
13970,0,0.0,0,7581
13942,0,0.0,0,7555
13943,0,0.0,0,7556
13944,0,0.0,0,7557
13945,0,0.0,0,7558
13946,0,0.0,0,7559
13947,0,0.0,0,7560
13948,0,0.0,0,7561
13949,0,0.0,0,7562
13950,0,0.0,0,7563
13951,0,0.0,0,7564
13952,0,0.0,0,7565
13953,0,0.0,0,7566
13954,0,0.0,0,7567
13955,0,0.0,0,7568
13956,0,0.0,0,7569
13957,0,0.0,0,7570
13958,0,0.0,0,7571
13959,0,0.0,0,7572
13960,0,0.0,0,7573
13961,0,0.0,0,7574
13962,0,0.0,0,7575
13963,0,0.0,0,7576
13964,0,0.0,0,7577
13965,0,0.0,0,7578
13966,0,0.0,0,7579
13968,0,0.0,0,7580
13969,0,0.0,0,7553
13876,0,0.0,0,7520
13875,0,0.0,0,7582
13874,0,0.0,0,7583
13777,0,0.0,0,7612
13779,0,0.0,0,7586
13780,0,0.0,0,7587
13781,0,0.0,0,7588
13782,0,0.0,0,7589
13783,0,0.0,0,7590
13784,0,0.0,0,7591
13785,0,0.0,0,7592
13786,0,0.0,0,7593
13787,0,0.0,0,7594
13788,0,0.0,0,7595
13789,0,0.0,0,7596
13791,0,0.0,0,7597
13792,0,0.0,0,7598
13793,0,0.0,0,7599
13794,0,0.0,0,7600
13795,0,0.0,0,7601
13796,0,0.0,0,7602
13797,0,0.0,0,7603
13798,0,0.0,0,7604
13799,0,0.0,0,7605
13800,0,0.0,0,7606
13801,0,0.0,0,7607
13802,0,0.0,0,7608
13803,0,0.0,0,7609
13804,0,0.0,0,7610
13805,0,0.0,0,7611
13806,0,0.0,0,7613
13778,0,0.0,0,7585
13776,0,0.0,0,7614
13808,0,0.0,0,7645
13775,0,0.0,0,7643
13746,0,0.0,0,7617
13747,0,0.0,0,7618
13748,0,0.0,0,7619
13749,0,0.0,0,7620
13750,0,0.0,0,7621
13751,0,0.0,0,7622
13752,0,0.0,0,7623
13753,0,0.0,0,7624
13754,0,0.0,0,7625
13755,0,0.0,0,7626
13756,0,0.0,0,7627
13758,0,0.0,0,7628
13759,0,0.0,0,7629
13760,0,0.0,0,7630
13761,0,0.0,0,7631
13762,0,0.0,0,7632
13763,0,0.0,0,7633
13764,0,0.0,0,7634
13765,0,0.0,0,7635
13766,0,0.0,0,7636
13767,0,0.0,0,7637
13768,0,0.0,0,7638
13770,0,0.0,0,7639
13771,0,0.0,0,7640
13772,0,0.0,0,7641
13773,0,0.0,0,7642
13774,0,0.0,0,7615
13807,0,0.0,0,7644
13809,0,0.0,0,7646
13873,0,0.0,0,7584
13842,0,0.0,0,7675
13844,0,0.0,0,7647
13846,0,0.0,0,7648
13847,0,0.0,0,7649
13848,0,0.0,0,7650
13849,0,0.0,0,7651
13850,0,0.0,0,7652
13851,0,0.0,0,7653
13852,0,0.0,0,7654
13853,0,0.0,0,7655
13854,0,0.0,0,7656
13855,0,0.0,0,7657
13856,0,0.0,0,7658
13857,0,0.0,0,7659
13858,0,0.0,0,7660
13859,0,0.0,0,7661
13860,0,0.0,0,7662
13861,0,0.0,0,7663
13862,0,0.0,0,7664
13863,0,0.0,0,7665
13864,0,0.0,0,7666
13865,0,0.0,0,7667
13866,0,0.0,0,7668
13867,0,0.0,0,7669
13868,0,0.0,0,7670
13869,0,0.0,0,7671
13870,0,0.0,0,7672
13872,0,0.0,0,7673
13843,0,0.0,0,7674
13841,0,0.0,0,7676
13811,0,0.0,0,7678
13840,0,0.0,0,7677
13812,0,0.0,0,7679
13813,0,0.0,0,7680
13814,0,0.0,0,7681
13815,0,0.0,0,7682
13816,0,0.0,0,7683
13817,0,0.0,0,7684
13818,0,0.0,0,7685
13819,0,0.0,0,7686
13820,0,0.0,0,7687
13821,0,0.0,0,7688
13822,0,0.0,0,7689
13823,0,0.0,0,7690
13824,0,0.0,0,7692
13825,0,0.0,0,7706
13827,0,0.0,0,7693
13828,0,0.0,0,7694
13829,0,0.0,0,7695
13830,0,0.0,0,7696
13831,0,0.0,0,7697
13832,0,0.0,0,7698
13833,0,0.0,0,7699
13834,0,0.0,0,7700
13835,0,0.0,0,7701
13836,0,0.0,0,7702
13837,0,0.0,0,7703
13838,0,0.0,0,7704
13839,0,0.0,0,7705
14002,0,0.0,0,7708
14004,0,0.0,0,7709
13744,0,0.0,0,7707
14188,0,0.0,0,7723
14173,0,0.0,0,7710
14174,0,0.0,0,7711
14175,0,0.0,0,7712
14177,0,0.0,0,7713
14178,0,0.0,0,7714
14179,0,0.0,0,7715
14180,0,0.0,0,7716
14181,0,0.0,0,7717
14182,0,0.0,0,7718
14183,0,0.0,0,7719
14184,0,0.0,0,7720
14186,0,0.0,0,7721
14187,0,0.0,0,7722
14189,0,0.0,0,7724
14005,0,0.0,0,7865
14190,0,0.0,0,7725
14191,0,0.0,0,7726
14192,0,0.0,0,7727
14193,0,0.0,0,7728
14194,0,0.0,0,7729
14195,0,0.0,0,7730
14196,0,0.0,0,7731
14197,0,0.0,0,7732
14198,0,0.0,0,7733
14199,0,0.0,0,7734
14200,0,0.0,0,7735
14201,0,0.0,0,7736
14202,0,0.0,0,7738
14172,0,0.0,0,7737
14171,0,0.0,0,7739
14170,0,0.0,0,7768
14169,0,0.0,0,7740
14138,0,0.0,0,7741
14139,0,0.0,0,7742
14141,0,0.0,0,7743
14143,0,0.0,0,7744
14144,0,0.0,0,7745
14145,0,0.0,0,7746
14146,0,0.0,0,7747
14147,0,0.0,0,7748
14148,0,0.0,0,7749
14149,0,0.0,0,7750
14150,0,0.0,0,7751
14152,0,0.0,0,7752
14153,0,0.0,0,7753
14154,0,0.0,0,7754
14155,0,0.0,0,7755
14156,0,0.0,0,7756
14157,0,0.0,0,7757
14158,0,0.0,0,7758
14159,0,0.0,0,7759
14160,0,0.0,0,7760
14161,0,0.0,0,7761
14162,0,0.0,0,7762
14163,0,0.0,0,7763
14165,0,0.0,0,7764
14166,0,0.0,0,7765
14167,0,0.0,0,7766
14168,0,0.0,0,7767
14203,0,0.0,0,7770
14204,0,0.0,0,7800
14205,0,0.0,0,7771
14237,0,0.0,0,7799
14239,0,0.0,0,7773
14242,0,0.0,0,7774
14243,0,0.0,0,7775
14244,0,0.0,0,7776
14245,0,0.0,0,7777
14249,0,0.0,0,7778
14250,0,0.0,0,7779
14251,0,0.0,0,7780
14252,0,0.0,0,7781
14253,0,0.0,0,7782
14254,0,0.0,0,7783
14255,0,0.0,0,7784
14256,0,0.0,0,7785
14258,0,0.0,0,7786
14259,0,0.0,0,7787
14260,0,0.0,0,7788
14261,0,0.0,0,7789
14262,0,0.0,0,7790
14263,0,0.0,0,7791
14264,0,0.0,0,7792
14265,0,0.0,0,7793
14266,0,0.0,0,7794
14267,0,0.0,0,7795
14268,0,0.0,0,7796
14269,0,0.0,0,7797
14270,0,0.0,0,7798
14271,0,0.0,0,6464
14238,0,0.0,0,7772
14236,0,0.0,0,7801
14206,0,0.0,0,7803
14235,0,0.0,0,7830
14207,0,0.0,0,7804
14208,0,0.0,0,7805
14209,0,0.0,0,7806
14210,0,0.0,0,7807
14211,0,0.0,0,7808
14212,0,0.0,0,7809
14213,0,0.0,0,7810
14214,0,0.0,0,7811
14215,0,0.0,0,7812
14216,0,0.0,0,7813
14217,0,0.0,0,7814
14218,0,0.0,0,7815
14219,0,0.0,0,7816
14220,0,0.0,0,7817
14221,0,0.0,0,7818
14222,0,0.0,0,7819
14223,0,0.0,0,7820
14224,0,0.0,0,7821
14226,0,0.0,0,7822
14227,0,0.0,0,7823
14228,0,0.0,0,7824
14229,0,0.0,0,7825
14230,0,0.0,0,7826
14231,0,0.0,0,7827
14232,0,0.0,0,7828
14233,0,0.0,0,7829
14234,0,0.0,0,7802
14137,0,0.0,0,7769
14136,0,0.0,0,7831
14135,0,0.0,0,7832
14036,0,0.0,0,7861
14039,0,0.0,0,7835
14040,0,0.0,0,7836
14041,0,0.0,0,7837
14042,0,0.0,0,7838
14043,0,0.0,0,7839
14044,0,0.0,0,7840
14045,0,0.0,0,7841
14046,0,0.0,0,7842
14047,0,0.0,0,7843
14048,0,0.0,0,7844
14049,0,0.0,0,7845
14050,0,0.0,0,7846
14051,0,0.0,0,7847
14052,0,0.0,0,7848
14053,0,0.0,0,7849
14054,0,0.0,0,7850
14055,0,0.0,0,7851
14056,0,0.0,0,7852
14057,0,0.0,0,7853
14058,0,0.0,0,7854
14060,0,0.0,0,7855
14061,0,0.0,0,7856
14062,0,0.0,0,7857
14063,0,0.0,0,7858
14064,0,0.0,0,7859
14065,0,0.0,0,7860
14066,0,0.0,0,7862
14038,0,0.0,0,7834
14035,0,0.0,0,7863
14069,0,0.0,0,7894
14034,0,0.0,0,7892
14006,0,0.0,0,7866
14007,0,0.0,0,7867
14009,0,0.0,0,7868
14010,0,0.0,0,7869
14011,0,0.0,0,7870
14012,0,0.0,0,7871
14013,0,0.0,0,7872
14014,0,0.0,0,7873
14015,0,0.0,0,7874
14016,0,0.0,0,7875
14017,0,0.0,0,7876
14018,0,0.0,0,7877
14019,0,0.0,0,7878
14020,0,0.0,0,7879
14021,0,0.0,0,7880
14022,0,0.0,0,7881
14023,0,0.0,0,7882
14024,0,0.0,0,7883
14025,0,0.0,0,7884
14026,0,0.0,0,7885
14027,0,0.0,0,7886
14028,0,0.0,0,7887
14029,0,0.0,0,7888
14030,0,0.0,0,7889
14031,0,0.0,0,7890
14032,0,0.0,0,7891
14033,0,0.0,0,7864
14067,0,0.0,0,7893
14070,0,0.0,0,7895
14133,0,0.0,0,7833
14103,0,0.0,0,7924
14105,0,0.0,0,7896
14106,0,0.0,0,7897
14107,0,0.0,0,7898
14108,0,0.0,0,7899
14109,0,0.0,0,7900
14110,0,0.0,0,7901
14111,0,0.0,0,7902
14112,0,0.0,0,7903
14113,0,0.0,0,7904
14114,0,0.0,0,7905
14115,0,0.0,0,7906
14116,0,0.0,0,7907
14117,0,0.0,0,7908
14118,0,0.0,0,7909
14119,0,0.0,0,7910
14120,0,0.0,0,7911
14121,0,0.0,0,7912
14122,0,0.0,0,7913
14123,0,0.0,0,7914
14124,0,0.0,0,7915
14125,0,0.0,0,7916
14126,0,0.0,0,7917
14127,0,0.0,0,7918
14128,0,0.0,0,7919
14130,0,0.0,0,7920
14131,0,0.0,0,7921
14132,0,0.0,0,7922
14104,0,0.0,0,7923
14101,0,0.0,0,7925
14071,0,0.0,0,7927
14100,0,0.0,0,7926
14072,0,0.0,0,7928
14073,0,0.0,0,7929
14074,0,0.0,0,7930
14075,0,0.0,0,7931
14077,0,0.0,0,7932
14078,0,0.0,0,7933
14079,0,0.0,0,7934
14080,0,0.0,0,7935
14081,0,0.0,0,7936
14082,0,0.0,0,7937
14083,0,0.0,0,7938
14084,0,0.0,0,7939
14085,0,0.0,0,7941
14086,0,0.0,0,7955
14087,0,0.0,0,7942
14088,0,0.0,0,7943
14089,0,0.0,0,7944
14090,0,0.0,0,7945
14091,0,0.0,0,7946
14092,0,0.0,0,7947
14093,0,0.0,0,7948
14094,0,0.0,0,7949
14095,0,0.0,0,7950
14096,0,0.0,0,7951
14097,0,0.0,0,7952
14098,0,0.0,0,7953
14099,0,0.0,0,7954
13745,0,0.0,0,7616
13743,0,0.0,0,7957
13223,0,0.0,0,8114
13400,0,0.0,0,7972
13387,0,0.0,0,7959
13388,0,0.0,0,7960
13389,0,0.0,0,7961
13390,0,0.0,0,7962
13391,0,0.0,0,7963
13392,0,0.0,0,7964
13393,0,0.0,0,7965
13394,0,0.0,0,7966
13395,0,0.0,0,7967
13396,0,0.0,0,7968
13397,0,0.0,0,7969
13398,0,0.0,0,7970
13399,0,0.0,0,7971
13402,0,0.0,0,7973
13482,0,0.0,0,8438
13403,0,0.0,0,7974
13404,0,0.0,0,7975
13405,0,0.0,0,7976
13406,0,0.0,0,7977
13407,0,0.0,0,7978
13408,0,0.0,0,7979
13409,0,0.0,0,7980
13410,0,0.0,0,7981
13411,0,0.0,0,7982
13412,0,0.0,0,7983
13413,0,0.0,0,7984
13414,0,0.0,0,7985
13415,0,0.0,0,7987
13386,0,0.0,0,7986
13385,0,0.0,0,7988
13384,0,0.0,0,8017
13383,0,0.0,0,7989
13354,0,0.0,0,7990
13355,0,0.0,0,7991
13356,0,0.0,0,7992
13358,0,0.0,0,7993
13359,0,0.0,0,7994
13360,0,0.0,0,7995
13361,0,0.0,0,7996
13362,0,0.0,0,7997
13363,0,0.0,0,7998
13364,0,0.0,0,7999
13365,0,0.0,0,8000
13366,0,0.0,0,8001
13367,0,0.0,0,8002
13368,0,0.0,0,8003
13369,0,0.0,0,8004
13371,0,0.0,0,8005
13372,0,0.0,0,8006
13373,0,0.0,0,8007
13374,0,0.0,0,8008
13375,0,0.0,0,8009
13376,0,0.0,0,8010
13377,0,0.0,0,8011
13378,0,0.0,0,8012
13379,0,0.0,0,8013
13380,0,0.0,0,8014
13381,0,0.0,0,8015
13382,0,0.0,0,8016
13416,0,0.0,0,8019
13418,0,0.0,0,8049
13419,0,0.0,0,8020
13452,0,0.0,0,8048
13454,0,0.0,0,8022
13455,0,0.0,0,8023
13456,0,0.0,0,8024
13457,0,0.0,0,8025
13458,0,0.0,0,8026
13459,0,0.0,0,8027
13460,0,0.0,0,8028
13461,0,0.0,0,8029
13462,0,0.0,0,8030
13463,0,0.0,0,8031
13464,0,0.0,0,8032
13465,0,0.0,0,8033
13466,0,0.0,0,8034
13467,0,0.0,0,8035
13468,0,0.0,0,8036
13469,0,0.0,0,8037
13470,0,0.0,0,8038
13471,0,0.0,0,8039
13472,0,0.0,0,8040
13473,0,0.0,0,8041
13474,0,0.0,0,8042
13475,0,0.0,0,8043
13476,0,0.0,0,8044
13477,0,0.0,0,8045
13478,0,0.0,0,8046
13479,0,0.0,0,8047
13480,0,0.0,0,8189
13453,0,0.0,0,8021
13451,0,0.0,0,8050
13420,0,0.0,0,8052
13450,0,0.0,0,8079
13421,0,0.0,0,8053
13422,0,0.0,0,8054
13423,0,0.0,0,8055
13424,0,0.0,0,8056
13425,0,0.0,0,8057
13426,0,0.0,0,8058
13428,0,0.0,0,8059
13429,0,0.0,0,8060
13430,0,0.0,0,8061
13431,0,0.0,0,8062
13432,0,0.0,0,8063
13433,0,0.0,0,8064
13434,0,0.0,0,8065
13435,0,0.0,0,8066
13436,0,0.0,0,8067
13437,0,0.0,0,8068
13438,0,0.0,0,8069
13439,0,0.0,0,8070
13441,0,0.0,0,8071
13442,0,0.0,0,8072
13443,0,0.0,0,8073
13444,0,0.0,0,8074
13445,0,0.0,0,8075
13446,0,0.0,0,8076
13447,0,0.0,0,8077
13448,0,0.0,0,8078
13449,0,0.0,0,8051
13353,0,0.0,0,8018
13352,0,0.0,0,8080
13351,0,0.0,0,8081
13255,0,0.0,0,8110
13257,0,0.0,0,8084
13258,0,0.0,0,8085
13259,0,0.0,0,8086
13260,0,0.0,0,8087
13261,0,0.0,0,8088
13262,0,0.0,0,8089
13263,0,0.0,0,8090
13264,0,0.0,0,8091
13265,0,0.0,0,8092
13266,0,0.0,0,8093
13267,0,0.0,0,8094
13268,0,0.0,0,8095
13269,0,0.0,0,8096
13270,0,0.0,0,8097
13271,0,0.0,0,8098
13272,0,0.0,0,8099
13273,0,0.0,0,8100
13274,0,0.0,0,8101
13275,0,0.0,0,8102
13276,0,0.0,0,8103
13277,0,0.0,0,8104
13278,0,0.0,0,8105
13279,0,0.0,0,8106
13280,0,0.0,0,8107
13281,0,0.0,0,8108
13282,0,0.0,0,8109
13283,0,0.0,0,8111
13256,0,0.0,0,8083
13254,0,0.0,0,8112
13285,0,0.0,0,8143
13253,0,0.0,0,8141
13224,0,0.0,0,8115
13225,0,0.0,0,8116
13227,0,0.0,0,8117
13228,0,0.0,0,8118
13229,0,0.0,0,8119
13230,0,0.0,0,8120
13231,0,0.0,0,8121
13232,0,0.0,0,8122
13233,0,0.0,0,8123
13234,0,0.0,0,8124
13235,0,0.0,0,8125
13237,0,0.0,0,8126
13238,0,0.0,0,8127
13239,0,0.0,0,8128
13240,0,0.0,0,8129
13241,0,0.0,0,8130
13242,0,0.0,0,8131
13243,0,0.0,0,8132
13244,0,0.0,0,8133
13245,0,0.0,0,8134
13246,0,0.0,0,8135
13247,0,0.0,0,8136
13248,0,0.0,0,8137
13249,0,0.0,0,8138
13250,0,0.0,0,8139
13251,0,0.0,0,8140
13252,0,0.0,0,8113
13284,0,0.0,0,8142
13286,0,0.0,0,8144
13350,0,0.0,0,8082
13319,0,0.0,0,8173
13321,0,0.0,0,8145
13322,0,0.0,0,8146
13323,0,0.0,0,8147
13324,0,0.0,0,8148
13325,0,0.0,0,8149
13327,0,0.0,0,8150
13328,0,0.0,0,8151
13329,0,0.0,0,8152
13330,0,0.0,0,8153
13331,0,0.0,0,8154
13332,0,0.0,0,8155
13333,0,0.0,0,8156
13334,0,0.0,0,8157
13335,0,0.0,0,8158
13336,0,0.0,0,8159
13337,0,0.0,0,8160
13338,0,0.0,0,8161
13339,0,0.0,0,8162
13340,0,0.0,0,8163
13341,0,0.0,0,8164
13343,0,0.0,0,8165
13344,0,0.0,0,8166
13345,0,0.0,0,8167
13346,0,0.0,0,8168
13347,0,0.0,0,8169
13348,0,0.0,0,8170
13349,0,0.0,0,8171
13320,0,0.0,0,8172
13318,0,0.0,0,8174
13287,0,0.0,0,8176
13317,0,0.0,0,8175
13288,0,0.0,0,8177
13289,0,0.0,0,8178
13290,0,0.0,0,8179
13292,0,0.0,0,8180
13294,0,0.0,0,8181
13295,0,0.0,0,8182
13296,0,0.0,0,8183
13297,0,0.0,0,8184
13298,0,0.0,0,8185
13299,0,0.0,0,8186
13300,0,0.0,0,8187
13301,0,0.0,0,8188
13302,0,0.0,0,8190
13303,0,0.0,0,8204
13304,0,0.0,0,8191
13305,0,0.0,0,8192
13306,0,0.0,0,8193
13307,0,0.0,0,8194
13308,0,0.0,0,8195
13309,0,0.0,0,8196
13310,0,0.0,0,8197
13311,0,0.0,0,8198
13312,0,0.0,0,8199
13313,0,0.0,0,8200
13314,0,0.0,0,8201
13315,0,0.0,0,8202
13316,0,0.0,0,8203
13481,0,0.0,0,8206
13483,0,0.0,0,8207
13742,0,0.0,0,8205
13661,0,0.0,0,8221
13648,0,0.0,0,8208
13649,0,0.0,0,8209
13650,0,0.0,0,8210
13651,0,0.0,0,8211
13652,0,0.0,0,8212
13653,0,0.0,0,8213
13654,0,0.0,0,8214
13655,0,0.0,0,8215
13656,0,0.0,0,8216
13657,0,0.0,0,8217
13658,0,0.0,0,8218
13659,0,0.0,0,8219
13660,0,0.0,0,8220
13662,0,0.0,0,8222
13484,0,0.0,0,8363
13663,0,0.0,0,8223
13664,0,0.0,0,8224
13665,0,0.0,0,8225
13666,0,0.0,0,8226
13667,0,0.0,0,8227
13668,0,0.0,0,8228
13669,0,0.0,0,8229
13671,0,0.0,0,8230
13672,0,0.0,0,8231
13673,0,0.0,0,8232
13674,0,0.0,0,8233
13675,0,0.0,0,8234
13676,0,0.0,0,8236
13647,0,0.0,0,8235
13646,0,0.0,0,8237
13645,0,0.0,0,8266
13644,0,0.0,0,8238
13617,0,0.0,0,8239
13618,0,0.0,0,8240
13619,0,0.0,0,8241
13620,0,0.0,0,8242
13621,0,0.0,0,8243
13622,0,0.0,0,8244
13623,0,0.0,0,8245
13624,0,0.0,0,8246
13625,0,0.0,0,8247
13626,0,0.0,0,8248
13627,0,0.0,0,8249
13628,0,0.0,0,8250
13629,0,0.0,0,8251
13630,0,0.0,0,8252
13631,0,0.0,0,8253
13632,0,0.0,0,8254
13633,0,0.0,0,8255
13634,0,0.0,0,8256
13635,0,0.0,0,8257
13636,0,0.0,0,8258
13637,0,0.0,0,8259
13638,0,0.0,0,8260
13639,0,0.0,0,8261
13640,0,0.0,0,8262
13641,0,0.0,0,8263
13642,0,0.0,0,8264
13643,0,0.0,0,8265
13677,0,0.0,0,8268
13678,0,0.0,0,8298
13679,0,0.0,0,8269
13713,0,0.0,0,8297
13715,0,0.0,0,8271
13716,0,0.0,0,8272
13717,0,0.0,0,8273
13718,0,0.0,0,8274
13719,0,0.0,0,8275
13720,0,0.0,0,8276
13721,0,0.0,0,8277
13722,0,0.0,0,8278
13723,0,0.0,0,8279
13724,0,0.0,0,8280
13725,0,0.0,0,8281
13726,0,0.0,0,8282
13727,0,0.0,0,8283
13728,0,0.0,0,8284
13729,0,0.0,0,8285
13730,0,0.0,0,8286
13731,0,0.0,0,8287
13732,0,0.0,0,8288
13733,0,0.0,0,8289
13734,0,0.0,0,8290
13735,0,0.0,0,8291
13736,0,0.0,0,8292
13737,0,0.0,0,8293
13738,0,0.0,0,8294
13739,0,0.0,0,8295
13740,0,0.0,0,8296
13741,0,0.0,0,7958
13714,0,0.0,0,8270
13711,0,0.0,0,8299
13680,0,0.0,0,8301
13710,0,0.0,0,8328
13681,0,0.0,0,8302
13682,0,0.0,0,8303
13683,0,0.0,0,8304
13684,0,0.0,0,8305
13685,0,0.0,0,8306
13688,0,0.0,0,8307
13689,0,0.0,0,8308
13690,0,0.0,0,8309
13691,0,0.0,0,8310
13692,0,0.0,0,8311
13693,0,0.0,0,8312
13694,0,0.0,0,8313
13695,0,0.0,0,8314
13696,0,0.0,0,8315
13697,0,0.0,0,8316
13698,0,0.0,0,8317
13699,0,0.0,0,8318
13700,0,0.0,0,8319
13701,0,0.0,0,8320
13702,0,0.0,0,8321
13703,0,0.0,0,8322
13704,0,0.0,0,8323
13705,0,0.0,0,8324
13706,0,0.0,0,8325
13707,0,0.0,0,8326
13708,0,0.0,0,8327
13709,0,0.0,0,8300
13616,0,0.0,0,8267
13615,0,0.0,0,8329
13613,0,0.0,0,8330
13517,0,0.0,0,8359
13520,0,0.0,0,8333
13521,0,0.0,0,8334
13522,0,0.0,0,8335
13523,0,0.0,0,8336
13524,0,0.0,0,8337
13525,0,0.0,0,8338
13526,0,0.0,0,8339
13527,0,0.0,0,8340
13528,0,0.0,0,8341
13529,0,0.0,0,8342
13530,0,0.0,0,8343
13531,0,0.0,0,8344
13532,0,0.0,0,8345
13533,0,0.0,0,8346
13534,0,0.0,0,8347
13535,0,0.0,0,8348
13536,0,0.0,0,8349
13537,0,0.0,0,8350
13538,0,0.0,0,8351
13539,0,0.0,0,8352
13540,0,0.0,0,8353
13541,0,0.0,0,8354
13542,0,0.0,0,8355
13544,0,0.0,0,8356
13545,0,0.0,0,8357
13546,0,0.0,0,8358
13547,0,0.0,0,8360
13518,0,0.0,0,8332
13516,0,0.0,0,8361
13549,0,0.0,0,8392
13515,0,0.0,0,8390
13485,0,0.0,0,8364
13486,0,0.0,0,8365
13487,0,0.0,0,8366
13488,0,0.0,0,8367
13489,0,0.0,0,8368
13490,0,0.0,0,8369
13491,0,0.0,0,8370
13492,0,0.0,0,8371
13493,0,0.0,0,8372
13494,0,0.0,0,8373
13495,0,0.0,0,8374
13496,0,0.0,0,8375
13497,0,0.0,0,8376
13498,0,0.0,0,8377
13499,0,0.0,0,8378
13501,0,0.0,0,8379
13502,0,0.0,0,8380
13503,0,0.0,0,8381
13504,0,0.0,0,8382
13505,0,0.0,0,8383
13506,0,0.0,0,8384
13507,0,0.0,0,8385
13508,0,0.0,0,8386
13509,0,0.0,0,8387
13510,0,0.0,0,8388
13511,0,0.0,0,8389
13514,0,0.0,0,8362
13548,0,0.0,0,8391
13550,0,0.0,0,8393
13612,0,0.0,0,8331
13582,0,0.0,0,8422
13584,0,0.0,0,8394
13585,0,0.0,0,8395
13587,0,0.0,0,8396
13588,0,0.0,0,8397
13589,0,0.0,0,8398
13590,0,0.0,0,8399
13591,0,0.0,0,8400
13592,0,0.0,0,8401
13593,0,0.0,0,8402
13594,0,0.0,0,8403
13595,0,0.0,0,8404
13596,0,0.0,0,8405
13597,0,0.0,0,8406
13598,0,0.0,0,8407
13599,0,0.0,0,8408
13600,0,0.0,0,8409
13601,0,0.0,0,8410
13602,0,0.0,0,8411
13603,0,0.0,0,8412
13604,0,0.0,0,8413
13605,0,0.0,0,8414
13606,0,0.0,0,8415
13607,0,0.0,0,8416
13608,0,0.0,0,8417
13609,0,0.0,0,8418
13610,0,0.0,0,8419
13611,0,0.0,0,8420
13583,0,0.0,0,8421
13581,0,0.0,0,8423
13551,0,0.0,0,8425
13580,0,0.0,0,8424
13552,0,0.0,0,8426
13553,0,0.0,0,8427
13554,0,0.0,0,8428
13555,0,0.0,0,8429
13556,0,0.0,0,8430
13557,0,0.0,0,8431
13558,0,0.0,0,8432
13559,0,0.0,0,8433
13560,0,0.0,0,8434
13561,0,0.0,0,8435
13562,0,0.0,0,8436
13563,0,0.0,0,8437
13564,0,0.0,0,8439
13565,0,0.0,0,8453
13566,0,0.0,0,8440
13567,0,0.0,0,8441
13568,0,0.0,0,8442
13569,0,0.0,0,8443
13570,0,0.0,0,8444
13571,0,0.0,0,8445
13572,0,0.0,0,8446
13573,0,0.0,0,8447
13574,0,0.0,0,8448
13575,0,0.0,0,8449
13576,0,0.0,0,8450
13577,0,0.0,0,8451
13578,0,0.0,0,8452
8456,0,0.0,0,7026
8192,0,0.0,0,13817
8454,0,0.0,0,12419
2809,0,0.0,0,8484
2812,0,0.0,0,8457
2814,0,0.0,0,8458
2815,0,0.0,0,8459
2816,0,0.0,0,8460
2817,0,0.0,0,8461
2818,0,0.0,0,8462
2819,0,0.0,0,8463
2820,0,0.0,0,8464
2821,0,0.0,0,8465
2822,0,0.0,0,8466
2823,0,0.0,0,8467
2824,0,0.0,0,8468
2825,0,0.0,0,8470
2826,0,0.0,0,8483
2827,0,0.0,0,8471
2828,0,0.0,0,8472
2829,0,0.0,0,8473
2830,0,0.0,0,8474
2831,0,0.0,0,8475
2832,0,0.0,0,8476
2833,0,0.0,0,8477
2834,0,0.0,0,8478
2835,0,0.0,0,8479
2836,0,0.0,0,8480
2837,0,0.0,0,8481
2838,0,0.0,0,8482
2839,0,0.0,0,8514
2811,0,0.0,0,8469
2808,0,0.0,0,8485
2841,0,0.0,0,8516
2807,0,0.0,0,8486
2780,0,0.0,0,8487
2781,0,0.0,0,8488
2782,0,0.0,0,8489
2783,0,0.0,0,8490
2784,0,0.0,0,8491
2785,0,0.0,0,8492
2786,0,0.0,0,8493
2787,0,0.0,0,8494
2788,0,0.0,0,8495
2789,0,0.0,0,8496
2790,0,0.0,0,8497
2791,0,0.0,0,8498
2792,0,0.0,0,8499
2793,0,0.0,0,8500
2794,0,0.0,0,8501
2795,0,0.0,0,8502
2796,0,0.0,0,8503
2797,0,0.0,0,8504
2798,0,0.0,0,8505
2799,0,0.0,0,8506
2800,0,0.0,0,8507
2801,0,0.0,0,8508
2802,0,0.0,0,8509
2803,0,0.0,0,8510
2804,0,0.0,0,8511
2805,0,0.0,0,8512
2806,0,0.0,0,8513
2840,0,0.0,0,8515
2842,0,0.0,0,8517
2776,0,0.0,0,8577
2874,0,0.0,0,8545
2876,0,0.0,0,8519
2877,0,0.0,0,8520
2879,0,0.0,0,8521
2880,0,0.0,0,8522
2882,0,0.0,0,8523
2883,0,0.0,0,8524
2884,0,0.0,0,8525
2885,0,0.0,0,8526
2886,0,0.0,0,8527
2887,0,0.0,0,8528
2888,0,0.0,0,8529
2889,0,0.0,0,8530
2890,0,0.0,0,8531
2892,0,0.0,0,8532
2893,0,0.0,0,8533
2894,0,0.0,0,8534
2896,0,0.0,0,8535
2897,0,0.0,0,8536
2898,0,0.0,0,8537
2899,0,0.0,0,8538
2900,0,0.0,0,8539
2901,0,0.0,0,8540
2902,0,0.0,0,8541
2903,0,0.0,0,8542
2904,0,0.0,0,8543
2905,0,0.0,0,8544
2906,0,0.0,0,8639
2875,0,0.0,0,8518
2873,0,0.0,0,8547
2843,0,0.0,0,8549
2871,0,0.0,0,8576
2844,0,0.0,0,8550
2845,0,0.0,0,8551
2846,0,0.0,0,8552
2847,0,0.0,0,8553
2848,0,0.0,0,8554
2849,0,0.0,0,8555
2850,0,0.0,0,8556
2851,0,0.0,0,8557
2852,0,0.0,0,8558
2853,0,0.0,0,8559
2854,0,0.0,0,8560
2855,0,0.0,0,8561
2856,0,0.0,0,8562
2857,0,0.0,0,8563
2858,0,0.0,0,8564
2859,0,0.0,0,8565
2860,0,0.0,0,8566
2861,0,0.0,0,8567
2862,0,0.0,0,8568
2863,0,0.0,0,8569
2864,0,0.0,0,8570
2865,0,0.0,0,8571
2866,0,0.0,0,8572
2867,0,0.0,0,8573
2868,0,0.0,0,8574
2869,0,0.0,0,8575
2870,0,0.0,0,8548
2777,0,0.0,0,8546
2775,0,0.0,0,8578
2908,0,0.0,0,8702
2679,0,0.0,0,8609
2681,0,0.0,0,8580
2682,0,0.0,0,8581
2684,0,0.0,0,8582
2685,0,0.0,0,8583
2686,0,0.0,0,8584
2687,0,0.0,0,8585
2688,0,0.0,0,8586
2689,0,0.0,0,8587
2690,0,0.0,0,8588
2691,0,0.0,0,8589
2692,0,0.0,0,8590
2693,0,0.0,0,8591
2694,0,0.0,0,8592
2695,0,0.0,0,8593
2696,0,0.0,0,8594
2697,0,0.0,0,8595
2698,0,0.0,0,8596
2699,0,0.0,0,8597
2700,0,0.0,0,8598
2702,0,0.0,0,8599
2703,0,0.0,0,8600
2704,0,0.0,0,8601
2706,0,0.0,0,8602
2707,0,0.0,0,8603
2708,0,0.0,0,8604
2709,0,0.0,0,8605
2710,0,0.0,0,8606
2680,0,0.0,0,8607
2678,0,0.0,0,8638
2712,0,0.0,0,8640
2677,0,0.0,0,8610
2648,0,0.0,0,8611
2650,0,0.0,0,8612
2651,0,0.0,0,8613
2653,0,0.0,0,8614
2654,0,0.0,0,8615
2655,0,0.0,0,8616
2656,0,0.0,0,8617
2657,0,0.0,0,8618
2658,0,0.0,0,8619
2659,0,0.0,0,8620
2660,0,0.0,0,8621
2661,0,0.0,0,8622
2662,0,0.0,0,8623
2663,0,0.0,0,8624
2664,0,0.0,0,8625
2665,0,0.0,0,8626
2666,0,0.0,0,8627
2667,0,0.0,0,8628
2668,0,0.0,0,8629
2669,0,0.0,0,8630
2670,0,0.0,0,8631
2671,0,0.0,0,8632
2672,0,0.0,0,8633
2673,0,0.0,0,8634
2674,0,0.0,0,8635
2675,0,0.0,0,8636
2676,0,0.0,0,8637
2711,0,0.0,0,8608
2713,0,0.0,0,8670
2774,0,0.0,0,8579
2745,0,0.0,0,8671
2747,0,0.0,0,8642
2748,0,0.0,0,8643
2749,0,0.0,0,8644
2750,0,0.0,0,8645
2751,0,0.0,0,8646
2752,0,0.0,0,8647
2753,0,0.0,0,8648
2754,0,0.0,0,8649
2755,0,0.0,0,8650
2756,0,0.0,0,8651
2757,0,0.0,0,8652
2758,0,0.0,0,8653
2759,0,0.0,0,8654
2760,0,0.0,0,8655
2761,0,0.0,0,8656
2762,0,0.0,0,8657
2763,0,0.0,0,8658
2764,0,0.0,0,8659
2765,0,0.0,0,8660
2766,0,0.0,0,8661
2767,0,0.0,0,8662
2768,0,0.0,0,8663
2769,0,0.0,0,8664
2770,0,0.0,0,8665
2771,0,0.0,0,8666
2772,0,0.0,0,8667
2773,0,0.0,0,8668
2746,0,0.0,0,8669
2744,0,0.0,0,8700
2714,0,0.0,0,8641
2743,0,0.0,0,8672
2715,0,0.0,0,8673
2716,0,0.0,0,8674
2717,0,0.0,0,8675
2718,0,0.0,0,8676
2719,0,0.0,0,8677
2720,0,0.0,0,8678
2721,0,0.0,0,8679
2722,0,0.0,0,8680
2723,0,0.0,0,8681
2724,0,0.0,0,8682
2725,0,0.0,0,8683
2726,0,0.0,0,8684
2727,0,0.0,0,8685
2728,0,0.0,0,8686
2729,0,0.0,0,8687
2730,0,0.0,0,8688
2731,0,0.0,0,8689
2732,0,0.0,0,8690
2733,0,0.0,0,8691
2734,0,0.0,0,8692
2735,0,0.0,0,8693
2736,0,0.0,0,8694
2738,0,0.0,0,8695
2739,0,0.0,0,8696
2740,0,0.0,0,8697
2741,0,0.0,0,8698
2742,0,0.0,0,8699
2907,0,0.0,0,8701
2909,0,0.0,0,8703
2646,0,0.0,0,8949
3077,0,0.0,0,8731
3079,0,0.0,0,8705
3080,0,0.0,0,8706
3081,0,0.0,0,8707
3082,0,0.0,0,8708
3083,0,0.0,0,8709
3084,0,0.0,0,8710
3085,0,0.0,0,8711
3086,0,0.0,0,8712
3087,0,0.0,0,8713
3088,0,0.0,0,8714
3089,0,0.0,0,8715
3090,0,0.0,0,8716
3091,0,0.0,0,8717
3092,0,0.0,0,8718
3093,0,0.0,0,8719
3094,0,0.0,0,8720
3095,0,0.0,0,8721
3096,0,0.0,0,8722
3097,0,0.0,0,8723
3098,0,0.0,0,8724
3099,0,0.0,0,8725
3100,0,0.0,0,8726
3101,0,0.0,0,8727
3102,0,0.0,0,8728
3104,0,0.0,0,8729
3105,0,0.0,0,8730
3106,0,0.0,0,8732
3078,0,0.0,0,8704
3076,0,0.0,0,8733
3108,0,0.0,0,8794
3075,0,0.0,0,8762
3045,0,0.0,0,8736
3047,0,0.0,0,8737
3048,0,0.0,0,8738
3049,0,0.0,0,8739
3050,0,0.0,0,8740
3051,0,0.0,0,8741
3053,0,0.0,0,8742
3054,0,0.0,0,8743
3055,0,0.0,0,8744
3056,0,0.0,0,8745
3057,0,0.0,0,8746
3058,0,0.0,0,8747
3059,0,0.0,0,8748
3060,0,0.0,0,8749
3062,0,0.0,0,8750
3063,0,0.0,0,8751
3064,0,0.0,0,8752
3065,0,0.0,0,8753
3066,0,0.0,0,8754
3067,0,0.0,0,8755
3068,0,0.0,0,8756
3069,0,0.0,0,8757
3070,0,0.0,0,8758
3071,0,0.0,0,8759
3072,0,0.0,0,8760
3073,0,0.0,0,8761
3074,0,0.0,0,8734
3107,0,0.0,0,8764
3109,0,0.0,0,8765
3043,0,0.0,0,8763
3142,0,0.0,0,8793
3144,0,0.0,0,8767
3145,0,0.0,0,8768
3146,0,0.0,0,8769
3147,0,0.0,0,8770
3148,0,0.0,0,8771
3149,0,0.0,0,8772
3150,0,0.0,0,8773
3151,0,0.0,0,8774
3152,0,0.0,0,8775
3153,0,0.0,0,8776
3154,0,0.0,0,8777
3155,0,0.0,0,8778
3156,0,0.0,0,8779
3157,0,0.0,0,8780
3158,0,0.0,0,8781
3159,0,0.0,0,8782
3160,0,0.0,0,8783
3161,0,0.0,0,8784
3162,0,0.0,0,8785
3163,0,0.0,0,8786
3164,0,0.0,0,8787
3165,0,0.0,0,8788
3167,0,0.0,0,8789
3169,0,0.0,0,8790
3171,0,0.0,0,8791
3172,0,0.0,0,8792
3173,0,0.0,0,9197
3143,0,0.0,0,8766
3141,0,0.0,0,8795
3110,0,0.0,0,8797
3140,0,0.0,0,8824
3111,0,0.0,0,8798
3112,0,0.0,0,8799
3113,0,0.0,0,8800
3114,0,0.0,0,8801
3115,0,0.0,0,8802
3116,0,0.0,0,8803
3117,0,0.0,0,8804
3118,0,0.0,0,8805
3119,0,0.0,0,8806
3120,0,0.0,0,8807
3121,0,0.0,0,8808
3122,0,0.0,0,8809
3123,0,0.0,0,8810
3124,0,0.0,0,8811
3125,0,0.0,0,8812
3126,0,0.0,0,8813
3127,0,0.0,0,8814
3128,0,0.0,0,8815
3129,0,0.0,0,8816
3130,0,0.0,0,8817
3131,0,0.0,0,8818
3133,0,0.0,0,8819
3134,0,0.0,0,8820
3136,0,0.0,0,8821
3137,0,0.0,0,8822
3138,0,0.0,0,8823
3139,0,0.0,0,8796
3044,0,0.0,0,8735
3041,0,0.0,0,8826
2910,0,0.0,0,8859
2942,0,0.0,0,8855
2944,0,0.0,0,8829
2945,0,0.0,0,8830
2946,0,0.0,0,8831
2947,0,0.0,0,8832
2948,0,0.0,0,8833
2949,0,0.0,0,8834
2950,0,0.0,0,8835
2951,0,0.0,0,8836
2952,0,0.0,0,8837
2954,0,0.0,0,8838
2955,0,0.0,0,8839
2956,0,0.0,0,8840
2957,0,0.0,0,8841
2958,0,0.0,0,8842
2960,0,0.0,0,8843
2961,0,0.0,0,8844
2962,0,0.0,0,8845
2963,0,0.0,0,8846
2964,0,0.0,0,8847
2965,0,0.0,0,8848
2966,0,0.0,0,8849
2967,0,0.0,0,8850
2968,0,0.0,0,8851
2969,0,0.0,0,8852
2970,0,0.0,0,8853
2971,0,0.0,0,8854
2972,0,0.0,0,8856
2943,0,0.0,0,8828
2941,0,0.0,0,8857
2974,0,0.0,0,8918
2940,0,0.0,0,8886
2911,0,0.0,0,8860
2912,0,0.0,0,8861
2913,0,0.0,0,8862
2914,0,0.0,0,8863
2915,0,0.0,0,8864
2916,0,0.0,0,8865
2917,0,0.0,0,8866
2918,0,0.0,0,8867
2919,0,0.0,0,8868
2921,0,0.0,0,8869
2923,0,0.0,0,8870
2924,0,0.0,0,8871
2925,0,0.0,0,8872
2926,0,0.0,0,8873
2927,0,0.0,0,8874
2928,0,0.0,0,8875
2929,0,0.0,0,8876
2930,0,0.0,0,8877
2931,0,0.0,0,8878
2932,0,0.0,0,8879
2933,0,0.0,0,8880
2934,0,0.0,0,8881
2935,0,0.0,0,8882
2936,0,0.0,0,8883
2937,0,0.0,0,8884
2938,0,0.0,0,8885
2939,0,0.0,0,8858
2973,0,0.0,0,8888
2975,0,0.0,0,8889
3040,0,0.0,0,8887
3009,0,0.0,0,8917
3011,0,0.0,0,8891
3012,0,0.0,0,8892
3013,0,0.0,0,8893
3014,0,0.0,0,8894
3015,0,0.0,0,8895
3016,0,0.0,0,8896
3017,0,0.0,0,8897
3018,0,0.0,0,8898
3019,0,0.0,0,8899
3020,0,0.0,0,8900
3021,0,0.0,0,8901
3022,0,0.0,0,8902
3023,0,0.0,0,8903
3024,0,0.0,0,8904
3025,0,0.0,0,8905
3026,0,0.0,0,8906
3027,0,0.0,0,8907
3028,0,0.0,0,8908
3030,0,0.0,0,8909
3031,0,0.0,0,8910
3032,0,0.0,0,8911
3033,0,0.0,0,8912
3034,0,0.0,0,8913
3035,0,0.0,0,8914
3036,0,0.0,0,8915
3038,0,0.0,0,8916
3039,0,0.0,0,8827
3010,0,0.0,0,8890
3008,0,0.0,0,8919
2976,0,0.0,0,8921
3007,0,0.0,0,8948
2977,0,0.0,0,8922
2978,0,0.0,0,8923
2979,0,0.0,0,8924
2980,0,0.0,0,8925
2981,0,0.0,0,8926
2982,0,0.0,0,8927
2983,0,0.0,0,8928
2984,0,0.0,0,8929
2985,0,0.0,0,8930
2986,0,0.0,0,8931
2988,0,0.0,0,8932
2989,0,0.0,0,8933
2990,0,0.0,0,8934
2991,0,0.0,0,8935
2992,0,0.0,0,8936
2993,0,0.0,0,8937
2994,0,0.0,0,8938
2995,0,0.0,0,8939
2996,0,0.0,0,8940
2997,0,0.0,0,8941
2998,0,0.0,0,8942
2999,0,0.0,0,8943
3000,0,0.0,0,8944
3002,0,0.0,0,8945
3003,0,0.0,0,8946
3004,0,0.0,0,8947
3005,0,0.0,0,8920
2647,0,0.0,0,8825
2645,0,0.0,0,8950
8453,0,0.0,0,8456
2278,0,0.0,0,8981
2281,0,0.0,0,8952
2282,0,0.0,0,8953
2283,0,0.0,0,8954
2284,0,0.0,0,8955
2285,0,0.0,0,8956
2286,0,0.0,0,8957
2287,0,0.0,0,8958
2288,0,0.0,0,8959
2289,0,0.0,0,8960
2290,0,0.0,0,8961
2291,0,0.0,0,8962
2292,0,0.0,0,8963
2293,0,0.0,0,8964
2294,0,0.0,0,8965
2295,0,0.0,0,8966
2296,0,0.0,0,8967
2297,0,0.0,0,8968
2298,0,0.0,0,8969
2299,0,0.0,0,8970
2300,0,0.0,0,8971
2301,0,0.0,0,8972
2302,0,0.0,0,8973
2303,0,0.0,0,8974
2304,0,0.0,0,8975
2305,0,0.0,0,8976
2306,0,0.0,0,8977
2307,0,0.0,0,8978
2280,0,0.0,0,8979
2277,0,0.0,0,9010
2309,0,0.0,0,9012
2276,0,0.0,0,8982
2247,0,0.0,0,8983
2248,0,0.0,0,8984
2249,0,0.0,0,8985
2250,0,0.0,0,8986
2251,0,0.0,0,8987
2252,0,0.0,0,8988
2253,0,0.0,0,8989
2254,0,0.0,0,8990
2256,0,0.0,0,8991
2257,0,0.0,0,8992
2258,0,0.0,0,8993
2259,0,0.0,0,8994
2260,0,0.0,0,8995
2261,0,0.0,0,8996
2262,0,0.0,0,8997
2263,0,0.0,0,8998
2264,0,0.0,0,8999
2265,0,0.0,0,9000
2266,0,0.0,0,9001
2267,0,0.0,0,9002
2268,0,0.0,0,9003
2269,0,0.0,0,9004
2270,0,0.0,0,9005
2271,0,0.0,0,9006
2272,0,0.0,0,9007
2274,0,0.0,0,9008
2275,0,0.0,0,9009
2308,0,0.0,0,8980
2310,0,0.0,0,9042
2245,0,0.0,0,9074
2344,0,0.0,0,9043
2346,0,0.0,0,9014
2347,0,0.0,0,9015
2348,0,0.0,0,9016
2349,0,0.0,0,9017
2350,0,0.0,0,9018
2351,0,0.0,0,9019
2352,0,0.0,0,9020
2353,0,0.0,0,9021
2354,0,0.0,0,9022
2355,0,0.0,0,9023
2356,0,0.0,0,9024
2357,0,0.0,0,9025
2358,0,0.0,0,9026
2359,0,0.0,0,9027
2360,0,0.0,0,9028
2361,0,0.0,0,9029
2362,0,0.0,0,9030
2363,0,0.0,0,9031
2364,0,0.0,0,9032
2365,0,0.0,0,9033
2366,0,0.0,0,9034
2367,0,0.0,0,9035
2368,0,0.0,0,9036
2369,0,0.0,0,9037
2370,0,0.0,0,9038
2371,0,0.0,0,9039
2372,0,0.0,0,9040
2345,0,0.0,0,9041
2343,0,0.0,0,9072
2311,0,0.0,0,9013
2342,0,0.0,0,9044
2312,0,0.0,0,9045
2313,0,0.0,0,9046
2314,0,0.0,0,9047
2315,0,0.0,0,9048
2316,0,0.0,0,9049
2317,0,0.0,0,9050
2318,0,0.0,0,9051
2319,0,0.0,0,9052
2320,0,0.0,0,9053
2321,0,0.0,0,9054
2322,0,0.0,0,9055
2323,0,0.0,0,9056
2324,0,0.0,0,9057
2326,0,0.0,0,9058
2327,0,0.0,0,9059
2328,0,0.0,0,9060
2329,0,0.0,0,9061
2330,0,0.0,0,9062
2331,0,0.0,0,9063
2332,0,0.0,0,9064
2333,0,0.0,0,9065
2335,0,0.0,0,9066
2336,0,0.0,0,9067
2337,0,0.0,0,9068
2338,0,0.0,0,9069
2340,0,0.0,0,9070
2341,0,0.0,0,9071
2246,0,0.0,0,9011
2244,0,0.0,0,9135
2374,0,0.0,0,9198
2146,0,0.0,0,9105
2148,0,0.0,0,9076
2149,0,0.0,0,9077
2150,0,0.0,0,9078
2151,0,0.0,0,9079
2152,0,0.0,0,9080
2153,0,0.0,0,9081
2154,0,0.0,0,9082
2155,0,0.0,0,9083
2156,0,0.0,0,9084
2158,0,0.0,0,9085
2159,0,0.0,0,9086
2160,0,0.0,0,9087
2161,0,0.0,0,9088
2162,0,0.0,0,9089
2163,0,0.0,0,9090
2164,0,0.0,0,9091
2165,0,0.0,0,9092
2166,0,0.0,0,9093
2167,0,0.0,0,9094
2168,0,0.0,0,9095
2169,0,0.0,0,9096
2170,0,0.0,0,9097
2171,0,0.0,0,9098
2172,0,0.0,0,9099
2173,0,0.0,0,9100
2174,0,0.0,0,9101
2175,0,0.0,0,9102
2147,0,0.0,0,9103
2145,0,0.0,0,9134
2177,0,0.0,0,9136
2144,0,0.0,0,9106
2114,0,0.0,0,9107
2115,0,0.0,0,9108
2116,0,0.0,0,9109
2117,0,0.0,0,9110
2118,0,0.0,0,9111
2119,0,0.0,0,9112
2121,0,0.0,0,9113
2122,0,0.0,0,9114
2123,0,0.0,0,9115
2124,0,0.0,0,9116
2125,0,0.0,0,9117
2126,0,0.0,0,9118
2128,0,0.0,0,9119
2130,0,0.0,0,9120
2131,0,0.0,0,9121
2132,0,0.0,0,9122
2133,0,0.0,0,9123
2134,0,0.0,0,9124
2135,0,0.0,0,9125
2136,0,0.0,0,9126
2137,0,0.0,0,9127
2138,0,0.0,0,9128
2139,0,0.0,0,9129
2140,0,0.0,0,9130
2141,0,0.0,0,9131
2142,0,0.0,0,9132
2143,0,0.0,0,9133
2176,0,0.0,0,9104
2178,0,0.0,0,9166
2243,0,0.0,0,9075
2210,0,0.0,0,9167
2212,0,0.0,0,9138
2213,0,0.0,0,9139
2215,0,0.0,0,9140
2217,0,0.0,0,9141
2218,0,0.0,0,9142
2219,0,0.0,0,9143
2220,0,0.0,0,9144
2222,0,0.0,0,9145
2223,0,0.0,0,9146
2224,0,0.0,0,9147
2225,0,0.0,0,9148
2226,0,0.0,0,9149
2227,0,0.0,0,9150
2228,0,0.0,0,9151
2229,0,0.0,0,9152
2230,0,0.0,0,9153
2231,0,0.0,0,9154
2232,0,0.0,0,9155
2233,0,0.0,0,9156
2234,0,0.0,0,9157
2235,0,0.0,0,9158
2236,0,0.0,0,9159
2238,0,0.0,0,9160
2239,0,0.0,0,9161
2240,0,0.0,0,9162
2241,0,0.0,0,9163
2242,0,0.0,0,9164
2211,0,0.0,0,9165
2209,0,0.0,0,9196
2179,0,0.0,0,9137
2208,0,0.0,0,9168
2180,0,0.0,0,9169
2181,0,0.0,0,9170
2182,0,0.0,0,9171
2183,0,0.0,0,9172
2184,0,0.0,0,9173
2185,0,0.0,0,9174
2186,0,0.0,0,9175
2187,0,0.0,0,9176
2188,0,0.0,0,9177
2189,0,0.0,0,9178
2190,0,0.0,0,9179
2191,0,0.0,0,9180
2192,0,0.0,0,9181
2194,0,0.0,0,9182
2195,0,0.0,0,9183
2196,0,0.0,0,9184
2197,0,0.0,0,9185
2198,0,0.0,0,9186
2199,0,0.0,0,9187
2200,0,0.0,0,9188
2201,0,0.0,0,9189
2202,0,0.0,0,9190
2203,0,0.0,0,9191
2204,0,0.0,0,9192
2205,0,0.0,0,9193
2206,0,0.0,0,9194
2207,0,0.0,0,9195
2373,0,0.0,0,9073
2375,0,0.0,0,9321
2644,0,0.0,0,8951
2547,0,0.0,0,9229
2549,0,0.0,0,9200
2550,0,0.0,0,9201
2551,0,0.0,0,9202
2552,0,0.0,0,9203
2553,0,0.0,0,9204
2554,0,0.0,0,9205
2555,0,0.0,0,9206
2556,0,0.0,0,9207
2557,0,0.0,0,9208
2558,0,0.0,0,9209
2559,0,0.0,0,9210
2560,0,0.0,0,9211
2561,0,0.0,0,9212
2562,0,0.0,0,9213
2563,0,0.0,0,9214
2564,0,0.0,0,9215
2565,0,0.0,0,9216
2566,0,0.0,0,9217
2567,0,0.0,0,9218
2568,0,0.0,0,9219
2569,0,0.0,0,9220
2570,0,0.0,0,9221
2571,0,0.0,0,9222
2573,0,0.0,0,9223
2574,0,0.0,0,9224
2575,0,0.0,0,9225
2576,0,0.0,0,9226
2548,0,0.0,0,9227
2546,0,0.0,0,9258
2578,0,0.0,0,9260
2545,0,0.0,0,9230
2513,0,0.0,0,9231
2515,0,0.0,0,9232
2516,0,0.0,0,9233
2517,0,0.0,0,9234
2518,0,0.0,0,9235
2520,0,0.0,0,9236
2521,0,0.0,0,9237
2522,0,0.0,0,9238
2525,0,0.0,0,9239
2526,0,0.0,0,9240
2527,0,0.0,0,9241
2529,0,0.0,0,9242
2530,0,0.0,0,9243
2531,0,0.0,0,9244
2532,0,0.0,0,9245
2533,0,0.0,0,9246
2534,0,0.0,0,9247
2535,0,0.0,0,9248
2536,0,0.0,0,9249
2537,0,0.0,0,9250
2538,0,0.0,0,9251
2539,0,0.0,0,9252
2540,0,0.0,0,9253
2541,0,0.0,0,9254
2542,0,0.0,0,9255
2543,0,0.0,0,9256
2544,0,0.0,0,9257
2577,0,0.0,0,9228
2579,0,0.0,0,9290
2511,0,0.0,0,9322
2613,0,0.0,0,9291
2615,0,0.0,0,9262
2616,0,0.0,0,9263
2617,0,0.0,0,9264
2618,0,0.0,0,9265
2619,0,0.0,0,9266
2620,0,0.0,0,9267
2621,0,0.0,0,9268
2622,0,0.0,0,9269
2623,0,0.0,0,9270
2624,0,0.0,0,9271
2625,0,0.0,0,9272
2626,0,0.0,0,9273
2627,0,0.0,0,9274
2628,0,0.0,0,9275
2629,0,0.0,0,9276
2630,0,0.0,0,9277
2631,0,0.0,0,9278
2632,0,0.0,0,9279
2633,0,0.0,0,9280
2634,0,0.0,0,9281
2636,0,0.0,0,9282
2638,0,0.0,0,9283
2639,0,0.0,0,9284
2640,0,0.0,0,9285
2641,0,0.0,0,9286
2642,0,0.0,0,9287
2643,0,0.0,0,9288
2614,0,0.0,0,9289
2612,0,0.0,0,9320
2580,0,0.0,0,9261
2611,0,0.0,0,9292
2581,0,0.0,0,9293
2582,0,0.0,0,9294
2583,0,0.0,0,9295
2584,0,0.0,0,9296
2585,0,0.0,0,9297
2586,0,0.0,0,9298
2587,0,0.0,0,9299
2588,0,0.0,0,9300
2589,0,0.0,0,9301
2590,0,0.0,0,9302
2591,0,0.0,0,9303
2592,0,0.0,0,9304
2593,0,0.0,0,9305
2596,0,0.0,0,9306
2597,0,0.0,0,9307
2598,0,0.0,0,9308
2599,0,0.0,0,9309
2600,0,0.0,0,9310
2602,0,0.0,0,9311
2603,0,0.0,0,9312
2604,0,0.0,0,9313
2605,0,0.0,0,9314
2606,0,0.0,0,9315
2607,0,0.0,0,9316
2608,0,0.0,0,9317
2609,0,0.0,0,9318
2610,0,0.0,0,9319
2512,0,0.0,0,9259
2510,0,0.0,0,9383
2376,0,0.0,0,9199
2408,0,0.0,0,9353
2410,0,0.0,0,9324
2411,0,0.0,0,9325
2412,0,0.0,0,9326
2413,0,0.0,0,9327
2414,0,0.0,0,9328
2415,0,0.0,0,9329
2416,0,0.0,0,9330
2417,0,0.0,0,9331
2418,0,0.0,0,9332
2419,0,0.0,0,9333
2420,0,0.0,0,9334
2421,0,0.0,0,9335
2422,0,0.0,0,9336
2423,0,0.0,0,9337
2424,0,0.0,0,9338
2427,0,0.0,0,9339
2429,0,0.0,0,9340
2430,0,0.0,0,9341
2431,0,0.0,0,9342
2432,0,0.0,0,9343
2433,0,0.0,0,9344
2434,0,0.0,0,9345
2435,0,0.0,0,9346
2436,0,0.0,0,9347
2437,0,0.0,0,9348
2438,0,0.0,0,9349
2440,0,0.0,0,9350
2409,0,0.0,0,9351
2407,0,0.0,0,9382
2442,0,0.0,0,9384
2406,0,0.0,0,9354
2377,0,0.0,0,9355
2378,0,0.0,0,9356
2379,0,0.0,0,9357
2380,0,0.0,0,9358
2381,0,0.0,0,9359
2382,0,0.0,0,9360
2385,0,0.0,0,9361
2386,0,0.0,0,9362
2387,0,0.0,0,9363
2388,0,0.0,0,9364
2389,0,0.0,0,9365
2390,0,0.0,0,9366
2391,0,0.0,0,9367
2392,0,0.0,0,9368
2393,0,0.0,0,9369
2394,0,0.0,0,9370
2395,0,0.0,0,9371
2396,0,0.0,0,9372
2397,0,0.0,0,9373
2398,0,0.0,0,9374
2399,0,0.0,0,9375
2400,0,0.0,0,9376
2401,0,0.0,0,9377
2402,0,0.0,0,9378
2403,0,0.0,0,9379
2404,0,0.0,0,9380
2405,0,0.0,0,9381
2441,0,0.0,0,9352
2444,0,0.0,0,9414
2509,0,0.0,0,9323
2478,0,0.0,0,9415
2480,0,0.0,0,9386
2482,0,0.0,0,9387
2483,0,0.0,0,9388
2484,0,0.0,0,9389
2485,0,0.0,0,9390
2487,0,0.0,0,9391
2488,0,0.0,0,9392
2489,0,0.0,0,9393
2490,0,0.0,0,9394
2491,0,0.0,0,9395
2492,0,0.0,0,9396
2493,0,0.0,0,9397
2494,0,0.0,0,9398
2495,0,0.0,0,9399
2496,0,0.0,0,9400
2497,0,0.0,0,9401
2498,0,0.0,0,9402
2499,0,0.0,0,9403
2500,0,0.0,0,9404
2501,0,0.0,0,9405
2502,0,0.0,0,9406
2503,0,0.0,0,9407
2504,0,0.0,0,9408
2505,0,0.0,0,9409
2506,0,0.0,0,9410
2507,0,0.0,0,9411
2508,0,0.0,0,9412
2479,0,0.0,0,9413
2477,0,0.0,0,9444
2445,0,0.0,0,9385
2476,0,0.0,0,9416
2446,0,0.0,0,9417
2447,0,0.0,0,9418
2448,0,0.0,0,9419
2449,0,0.0,0,9420
2450,0,0.0,0,9421
2451,0,0.0,0,9422
2452,0,0.0,0,9423
2453,0,0.0,0,9424
2454,0,0.0,0,9425
2455,0,0.0,0,9426
2456,0,0.0,0,9427
2457,0,0.0,0,9428
2458,0,0.0,0,9429
2459,0,0.0,0,9430
2460,0,0.0,0,9431
2461,0,0.0,0,9432
2462,0,0.0,0,9433
2463,0,0.0,0,9434
2464,0,0.0,0,9435
2465,0,0.0,0,9436
2466,0,0.0,0,9437
2467,0,0.0,0,9438
2468,0,0.0,0,9439
2470,0,0.0,0,9440
2472,0,0.0,0,9441
2473,0,0.0,0,9442
2475,0,0.0,0,9443
3174,0,0.0,0,9446
3175,0,0.0,0,10188
3176,0,0.0,0,9447
3859,0,0.0,0,9475
3861,0,0.0,0,9448
3862,0,0.0,0,9449
3864,0,0.0,0,9450
3865,0,0.0,0,9451
3866,0,0.0,0,9452
3867,0,0.0,0,9453
3868,0,0.0,0,9454
3869,0,0.0,0,9455
3870,0,0.0,0,9456
3871,0,0.0,0,9457
3872,0,0.0,0,9458
3873,0,0.0,0,9459
3874,0,0.0,0,9461
3875,0,0.0,0,9474
3877,0,0.0,0,9462
3878,0,0.0,0,9463
3879,0,0.0,0,9464
3880,0,0.0,0,9465
3881,0,0.0,0,9466
3882,0,0.0,0,9467
3883,0,0.0,0,9468
3884,0,0.0,0,9469
3885,0,0.0,0,9470
3886,0,0.0,0,9471
3887,0,0.0,0,9472
3888,0,0.0,0,9473
3889,0,0.0,0,9505
3860,0,0.0,0,9460
3858,0,0.0,0,9476
3891,0,0.0,0,9507
3857,0,0.0,0,9477
3828,0,0.0,0,9478
3829,0,0.0,0,9479
3830,0,0.0,0,9480
3831,0,0.0,0,9481
3832,0,0.0,0,9482
3833,0,0.0,0,9483
3834,0,0.0,0,9484
3835,0,0.0,0,9485
3836,0,0.0,0,9486
3837,0,0.0,0,9487
3838,0,0.0,0,9488
3839,0,0.0,0,9489
3840,0,0.0,0,9490
3841,0,0.0,0,9491
3842,0,0.0,0,9492
3843,0,0.0,0,9493
3844,0,0.0,0,9494
3845,0,0.0,0,9495
3847,0,0.0,0,9496
3848,0,0.0,0,9497
3849,0,0.0,0,9498
3850,0,0.0,0,9499
3852,0,0.0,0,9500
3853,0,0.0,0,9501
3854,0,0.0,0,9502
3855,0,0.0,0,9503
3856,0,0.0,0,9504
3890,0,0.0,0,9506
3892,0,0.0,0,9508
3826,0,0.0,0,9568
3924,0,0.0,0,9536
3926,0,0.0,0,9510
3928,0,0.0,0,9511
3930,0,0.0,0,9512
3931,0,0.0,0,9513
3933,0,0.0,0,9514
3934,0,0.0,0,9515
3935,0,0.0,0,9516
3936,0,0.0,0,9517
3937,0,0.0,0,9518
3938,0,0.0,0,9519
3939,0,0.0,0,9520
3940,0,0.0,0,9521
3941,0,0.0,0,9522
3942,0,0.0,0,9523
3943,0,0.0,0,9524
3944,0,0.0,0,9525
3945,0,0.0,0,9526
3946,0,0.0,0,9527
3947,0,0.0,0,9528
3948,0,0.0,0,9529
3949,0,0.0,0,9530
3950,0,0.0,0,9531
3951,0,0.0,0,9532
3952,0,0.0,0,9533
3953,0,0.0,0,9534
3954,0,0.0,0,9535
3955,0,0.0,0,9630
3925,0,0.0,0,9509
3923,0,0.0,0,9538
3893,0,0.0,0,9540
3922,0,0.0,0,9567
3894,0,0.0,0,9541
3895,0,0.0,0,9542
3896,0,0.0,0,9543
3897,0,0.0,0,9544
3898,0,0.0,0,9545
3899,0,0.0,0,9546
3900,0,0.0,0,9547
3901,0,0.0,0,9548
3902,0,0.0,0,9549
3903,0,0.0,0,9550
3904,0,0.0,0,9551
3905,0,0.0,0,9552
3906,0,0.0,0,9553
3907,0,0.0,0,9554
3908,0,0.0,0,9555
3909,0,0.0,0,9556
3910,0,0.0,0,9557
3911,0,0.0,0,9558
3912,0,0.0,0,9559
3913,0,0.0,0,9560
3914,0,0.0,0,9561
3916,0,0.0,0,9562
3917,0,0.0,0,9563
3918,0,0.0,0,9564
3919,0,0.0,0,9565
3920,0,0.0,0,9566
3921,0,0.0,0,9539
3827,0,0.0,0,9537
3825,0,0.0,0,9569
3958,0,0.0,0,9693
3723,0,0.0,0,9600
3725,0,0.0,0,9571
3726,0,0.0,0,9572
3727,0,0.0,0,9573
3728,0,0.0,0,9574
3729,0,0.0,0,9575
3730,0,0.0,0,9576
3731,0,0.0,0,9577
3732,0,0.0,0,9578
3733,0,0.0,0,9579
3734,0,0.0,0,9580
3735,0,0.0,0,9581
3736,0,0.0,0,9582
3737,0,0.0,0,9583
3738,0,0.0,0,9584
3739,0,0.0,0,9585
3740,0,0.0,0,9586
3741,0,0.0,0,9587
3743,0,0.0,0,9588
3744,0,0.0,0,9589
3745,0,0.0,0,9590
3746,0,0.0,0,9591
3747,0,0.0,0,9592
3748,0,0.0,0,9593
3749,0,0.0,0,9594
3750,0,0.0,0,9595
3751,0,0.0,0,9596
3752,0,0.0,0,9597
3724,0,0.0,0,9598
3722,0,0.0,0,9629
3754,0,0.0,0,9631
3721,0,0.0,0,9601
3692,0,0.0,0,9602
3693,0,0.0,0,9603
3694,0,0.0,0,9604
3695,0,0.0,0,9605
3696,0,0.0,0,9606
3697,0,0.0,0,9607
3698,0,0.0,0,9608
3699,0,0.0,0,9609
3700,0,0.0,0,9610
3701,0,0.0,0,9611
3702,0,0.0,0,9612
3703,0,0.0,0,9613
3704,0,0.0,0,9614
3705,0,0.0,0,9615
3706,0,0.0,0,9616
3707,0,0.0,0,9617
3709,0,0.0,0,9618
3711,0,0.0,0,9619
3712,0,0.0,0,9620
3713,0,0.0,0,9621
3714,0,0.0,0,9622
3715,0,0.0,0,9623
3716,0,0.0,0,9624
3717,0,0.0,0,9625
3718,0,0.0,0,9626
3719,0,0.0,0,9627
3720,0,0.0,0,9628
3753,0,0.0,0,9599
3755,0,0.0,0,9661
3824,0,0.0,0,9570
3788,0,0.0,0,9662
3790,0,0.0,0,9633
3791,0,0.0,0,9634
3792,0,0.0,0,9635
3793,0,0.0,0,9636
3794,0,0.0,0,9637
3795,0,0.0,0,9638
3796,0,0.0,0,9639
3797,0,0.0,0,9640
3798,0,0.0,0,9641
3799,0,0.0,0,9642
3800,0,0.0,0,9643
3802,0,0.0,0,9644
3803,0,0.0,0,9645
3805,0,0.0,0,9646
3806,0,0.0,0,9647
3807,0,0.0,0,9648
3808,0,0.0,0,9649
3810,0,0.0,0,9650
3813,0,0.0,0,9651
3814,0,0.0,0,9652
3815,0,0.0,0,9653
3816,0,0.0,0,9654
3817,0,0.0,0,9655
3818,0,0.0,0,9656
3819,0,0.0,0,9657
3820,0,0.0,0,9658
3822,0,0.0,0,9659
3789,0,0.0,0,9660
3787,0,0.0,0,9691
3756,0,0.0,0,9632
3786,0,0.0,0,9663
3757,0,0.0,0,9664
3758,0,0.0,0,9665
3759,0,0.0,0,9666
3760,0,0.0,0,9667
3761,0,0.0,0,9668
3762,0,0.0,0,9669
3763,0,0.0,0,9670
3764,0,0.0,0,9671
3765,0,0.0,0,9672
3766,0,0.0,0,9673
3767,0,0.0,0,9674
3769,0,0.0,0,9675
3770,0,0.0,0,9676
3772,0,0.0,0,9677
3773,0,0.0,0,9678
3774,0,0.0,0,9679
3775,0,0.0,0,9680
3776,0,0.0,0,9681
3777,0,0.0,0,9682
3778,0,0.0,0,9683
3779,0,0.0,0,9684
3780,0,0.0,0,9685
3781,0,0.0,0,9686
3782,0,0.0,0,9687
3783,0,0.0,0,9688
3784,0,0.0,0,9689
3785,0,0.0,0,9690
3956,0,0.0,0,9692
3959,0,0.0,0,9694
3177,0,0.0,0,10098
4122,0,0.0,0,9722
4124,0,0.0,0,9696
4125,0,0.0,0,9697
4126,0,0.0,0,9698
4127,0,0.0,0,9699
4128,0,0.0,0,9700
4129,0,0.0,0,9701
4130,0,0.0,0,9702
4131,0,0.0,0,9703
4132,0,0.0,0,9704
4133,0,0.0,0,9705
4134,0,0.0,0,9706
4136,0,0.0,0,9707
4137,0,0.0,0,9708
4138,0,0.0,0,9709
4139,0,0.0,0,9710
4140,0,0.0,0,9711
4141,0,0.0,0,9712
4142,0,0.0,0,9713
4143,0,0.0,0,9714
4144,0,0.0,0,9715
4145,0,0.0,0,9716
4146,0,0.0,0,9717
4148,0,0.0,0,9718
4149,0,0.0,0,9719
4150,0,0.0,0,9720
4151,0,0.0,0,9721
4152,0,0.0,0,9723
4123,0,0.0,0,9695
4121,0,0.0,0,9724
4154,0,0.0,0,9785
4120,0,0.0,0,9753
4092,0,0.0,0,9727
4093,0,0.0,0,9728
4094,0,0.0,0,9729
4095,0,0.0,0,9730
4096,0,0.0,0,9731
4097,0,0.0,0,9732
4098,0,0.0,0,9733
4100,0,0.0,0,9734
4101,0,0.0,0,9735
4102,0,0.0,0,9736
4103,0,0.0,0,9737
4104,0,0.0,0,9738
4105,0,0.0,0,9739
4106,0,0.0,0,9740
4107,0,0.0,0,9741
4108,0,0.0,0,9742
4109,0,0.0,0,9743
4110,0,0.0,0,9744
4111,0,0.0,0,9745
4112,0,0.0,0,9746
4113,0,0.0,0,9747
4114,0,0.0,0,9748
4115,0,0.0,0,9749
4116,0,0.0,0,9750
4117,0,0.0,0,9751
4118,0,0.0,0,9752
4119,0,0.0,0,9725
4153,0,0.0,0,9755
4155,0,0.0,0,9756
4090,0,0.0,0,9754
4189,0,0.0,0,9784
4191,0,0.0,0,9758
4192,0,0.0,0,9759
4193,0,0.0,0,9760
4194,0,0.0,0,9761
4195,0,0.0,0,9762
4196,0,0.0,0,9763
4197,0,0.0,0,9764
4199,0,0.0,0,9765
4200,0,0.0,0,9766
4201,0,0.0,0,9767
4202,0,0.0,0,9768
4204,0,0.0,0,9769
4205,0,0.0,0,9770
4206,0,0.0,0,9771
4207,0,0.0,0,9772
4208,0,0.0,0,9773
4209,0,0.0,0,9774
4210,0,0.0,0,9775
4211,0,0.0,0,9776
4212,0,0.0,0,9777
4213,0,0.0,0,9778
4214,0,0.0,0,9779
4215,0,0.0,0,9780
4216,0,0.0,0,9781
4217,0,0.0,0,9782
4218,0,0.0,0,9783
4219,0,0.0,0,11923
4190,0,0.0,0,9757
4188,0,0.0,0,9786
4156,0,0.0,0,9788
4187,0,0.0,0,9815
4157,0,0.0,0,9789
4160,0,0.0,0,9790
4161,0,0.0,0,9791
4162,0,0.0,0,9792
4163,0,0.0,0,9793
4164,0,0.0,0,9794
4165,0,0.0,0,9795
4166,0,0.0,0,9796
4167,0,0.0,0,9797
4168,0,0.0,0,9798
4169,0,0.0,0,9799
4170,0,0.0,0,9800
4171,0,0.0,0,9801
4172,0,0.0,0,9802
4173,0,0.0,0,9803
4174,0,0.0,0,9804
4175,0,0.0,0,9805
4176,0,0.0,0,9806
4177,0,0.0,0,9807
4178,0,0.0,0,9808
4180,0,0.0,0,9809
4181,0,0.0,0,9810
4182,0,0.0,0,9811
4183,0,0.0,0,9812
4184,0,0.0,0,9813
4185,0,0.0,0,9814
4186,0,0.0,0,9787
4091,0,0.0,0,9726
4089,0,0.0,0,9817
3960,0,0.0,0,9850
3992,0,0.0,0,9846
3994,0,0.0,0,9820
3995,0,0.0,0,9821
3996,0,0.0,0,9822
3997,0,0.0,0,9823
3998,0,0.0,0,9824
3999,0,0.0,0,9825
4000,0,0.0,0,9826
4001,0,0.0,0,9827
4002,0,0.0,0,9828
4003,0,0.0,0,9829
4004,0,0.0,0,9830
4005,0,0.0,0,9831
4006,0,0.0,0,9832
4007,0,0.0,0,9833
4008,0,0.0,0,9834
4009,0,0.0,0,9835
4010,0,0.0,0,9836
4012,0,0.0,0,9837
4013,0,0.0,0,9838
4014,0,0.0,0,9839
4015,0,0.0,0,9840
4016,0,0.0,0,9841
4017,0,0.0,0,9842
4018,0,0.0,0,9843
4019,0,0.0,0,9844
4020,0,0.0,0,9845
4021,0,0.0,0,9847
3993,0,0.0,0,9819
3991,0,0.0,0,9848
4023,0,0.0,0,9909
3990,0,0.0,0,9877
3961,0,0.0,0,9851
3962,0,0.0,0,9852
3964,0,0.0,0,9853
3965,0,0.0,0,9854
3966,0,0.0,0,9855
3967,0,0.0,0,9856
3968,0,0.0,0,9857
3969,0,0.0,0,9858
3970,0,0.0,0,9859
3971,0,0.0,0,9860
3972,0,0.0,0,9861
3973,0,0.0,0,9862
3975,0,0.0,0,9863
3976,0,0.0,0,9864
3977,0,0.0,0,9865
3978,0,0.0,0,9866
3979,0,0.0,0,9867
3980,0,0.0,0,9868
3981,0,0.0,0,9869
3982,0,0.0,0,9870
3983,0,0.0,0,9871
3984,0,0.0,0,9872
3985,0,0.0,0,9873
3986,0,0.0,0,9874
3987,0,0.0,0,9875
3988,0,0.0,0,9876
3989,0,0.0,0,9849
4022,0,0.0,0,9879
4024,0,0.0,0,9880
4088,0,0.0,0,9878
4057,0,0.0,0,9908
4059,0,0.0,0,9882
4061,0,0.0,0,9883
4062,0,0.0,0,9884
4063,0,0.0,0,9885
4064,0,0.0,0,9886
4065,0,0.0,0,9887
4066,0,0.0,0,9888
4067,0,0.0,0,9889
4068,0,0.0,0,9890
4069,0,0.0,0,9891
4070,0,0.0,0,9892
4071,0,0.0,0,9893
4072,0,0.0,0,9894
4073,0,0.0,0,9895
4074,0,0.0,0,9896
4076,0,0.0,0,9897
4077,0,0.0,0,9898
4078,0,0.0,0,9899
4079,0,0.0,0,9900
4080,0,0.0,0,9901
4081,0,0.0,0,9902
4082,0,0.0,0,9903
4083,0,0.0,0,9904
4084,0,0.0,0,9905
4085,0,0.0,0,9906
4086,0,0.0,0,9907
4087,0,0.0,0,9818
4058,0,0.0,0,9881
4056,0,0.0,0,9910
4025,0,0.0,0,9912
4055,0,0.0,0,9939
4026,0,0.0,0,9913
4027,0,0.0,0,9914
4028,0,0.0,0,9915
4029,0,0.0,0,9916
4030,0,0.0,0,9917
4031,0,0.0,0,9918
4032,0,0.0,0,9919
4033,0,0.0,0,9920
4034,0,0.0,0,9921
4035,0,0.0,0,9922
4036,0,0.0,0,9923
4037,0,0.0,0,9924
4038,0,0.0,0,9925
4040,0,0.0,0,9926
4041,0,0.0,0,9927
4042,0,0.0,0,9928
4043,0,0.0,0,9929
4044,0,0.0,0,9930
4045,0,0.0,0,9931
4046,0,0.0,0,9932
4047,0,0.0,0,9933
4048,0,0.0,0,9934
4049,0,0.0,0,9935
4050,0,0.0,0,9936
4051,0,0.0,0,9937
4052,0,0.0,0,9938
4053,0,0.0,0,9911
3691,0,0.0,0,9816
3690,0,0.0,0,9940
3689,0,0.0,0,9941
3337,0,0.0,0,9970
3339,0,0.0,0,9944
3340,0,0.0,0,9945
3341,0,0.0,0,9946
3343,0,0.0,0,9947
3344,0,0.0,0,9948
3345,0,0.0,0,9949
3346,0,0.0,0,9950
3347,0,0.0,0,9951
3348,0,0.0,0,9952
3349,0,0.0,0,9953
3350,0,0.0,0,9954
3351,0,0.0,0,9955
3352,0,0.0,0,9956
3353,0,0.0,0,9957
3354,0,0.0,0,9958
3355,0,0.0,0,9959
3356,0,0.0,0,9960
3357,0,0.0,0,9961
3358,0,0.0,0,9962
3359,0,0.0,0,9963
3360,0,0.0,0,9964
3361,0,0.0,0,9965
3362,0,0.0,0,9966
3363,0,0.0,0,9967
3364,0,0.0,0,9968
3365,0,0.0,0,9969
3366,0,0.0,0,9971
3338,0,0.0,0,9943
3336,0,0.0,0,9972
3368,0,0.0,0,10033
3335,0,0.0,0,10001
3308,0,0.0,0,9975
3309,0,0.0,0,9976
3310,0,0.0,0,9977
3311,0,0.0,0,9978
3312,0,0.0,0,9979
3313,0,0.0,0,9980
3314,0,0.0,0,9981
3315,0,0.0,0,9982
3316,0,0.0,0,9983
3317,0,0.0,0,9984
3318,0,0.0,0,9985
3319,0,0.0,0,9986
3320,0,0.0,0,9987
3321,0,0.0,0,9988
3322,0,0.0,0,9989
3323,0,0.0,0,9990
3324,0,0.0,0,9991
3325,0,0.0,0,9992
3326,0,0.0,0,9993
3327,0,0.0,0,9994
3328,0,0.0,0,9995
3329,0,0.0,0,9996
3330,0,0.0,0,9997
3331,0,0.0,0,9998
3332,0,0.0,0,9999
3333,0,0.0,0,10000
3334,0,0.0,0,9973
3367,0,0.0,0,10003
3369,0,0.0,0,10004
3306,0,0.0,0,10002
3403,0,0.0,0,10032
3405,0,0.0,0,10006
3406,0,0.0,0,10007
3407,0,0.0,0,10008
3408,0,0.0,0,10009
3409,0,0.0,0,10010
3410,0,0.0,0,10011
3411,0,0.0,0,10012
3412,0,0.0,0,10013
3413,0,0.0,0,10014
3414,0,0.0,0,10015
3415,0,0.0,0,10016
3416,0,0.0,0,10017
3417,0,0.0,0,10018
3418,0,0.0,0,10019
3419,0,0.0,0,10020
3420,0,0.0,0,10021
3421,0,0.0,0,10022
3422,0,0.0,0,10023
3423,0,0.0,0,10024
3425,0,0.0,0,10025
3426,0,0.0,0,10026
3427,0,0.0,0,10027
3428,0,0.0,0,10028
3429,0,0.0,0,10029
3430,0,0.0,0,10030
3431,0,0.0,0,10031
3432,0,0.0,0,10064
3404,0,0.0,0,10005
3401,0,0.0,0,10034
3370,0,0.0,0,10036
3400,0,0.0,0,10063
3371,0,0.0,0,10037
3372,0,0.0,0,10038
3373,0,0.0,0,10039
3374,0,0.0,0,10040
3375,0,0.0,0,10041
3376,0,0.0,0,10042
3377,0,0.0,0,10043
3378,0,0.0,0,10044
3380,0,0.0,0,10045
3381,0,0.0,0,10046
3382,0,0.0,0,10047
3383,0,0.0,0,10048
3384,0,0.0,0,10049
3385,0,0.0,0,10050
3387,0,0.0,0,10051
3388,0,0.0,0,10052
3389,0,0.0,0,10053
3390,0,0.0,0,10054
3391,0,0.0,0,10055
3392,0,0.0,0,10056
3393,0,0.0,0,10057
3394,0,0.0,0,10058
3395,0,0.0,0,10059
3396,0,0.0,0,10060
3397,0,0.0,0,10061
3398,0,0.0,0,10062
3399,0,0.0,0,10035
3307,0,0.0,0,9974
3305,0,0.0,0,10065
3688,0,0.0,0,9942
3207,0,0.0,0,10094
3209,0,0.0,0,10068
3211,0,0.0,0,10069
3213,0,0.0,0,10070
3214,0,0.0,0,10071
3215,0,0.0,0,10072
3216,0,0.0,0,10073
3217,0,0.0,0,10074
3218,0,0.0,0,10075
3219,0,0.0,0,10076
3220,0,0.0,0,10077
3221,0,0.0,0,10078
3222,0,0.0,0,10079
3223,0,0.0,0,10080
3224,0,0.0,0,10081
3225,0,0.0,0,10082
3226,0,0.0,0,10083
3227,0,0.0,0,10084
3228,0,0.0,0,10085
3229,0,0.0,0,10086
3230,0,0.0,0,10087
3231,0,0.0,0,10088
3232,0,0.0,0,10089
3233,0,0.0,0,10090
3234,0,0.0,0,10091
3235,0,0.0,0,10092
3236,0,0.0,0,10093
3237,0,0.0,0,10095
3208,0,0.0,0,10067
3206,0,0.0,0,10096
3239,0,0.0,0,10157
3205,0,0.0,0,10125
3178,0,0.0,0,10099
3179,0,0.0,0,10100
3180,0,0.0,0,10101
3181,0,0.0,0,10102
3182,0,0.0,0,10103
3183,0,0.0,0,10104
3184,0,0.0,0,10105
3185,0,0.0,0,10106
3186,0,0.0,0,10107
3187,0,0.0,0,10108
3188,0,0.0,0,10109
3189,0,0.0,0,10110
3190,0,0.0,0,10111
3191,0,0.0,0,10112
3192,0,0.0,0,10113
3193,0,0.0,0,10114
3194,0,0.0,0,10115
3195,0,0.0,0,10116
3196,0,0.0,0,10117
3197,0,0.0,0,10118
3198,0,0.0,0,10119
3199,0,0.0,0,10120
3200,0,0.0,0,10121
3201,0,0.0,0,10122
3202,0,0.0,0,10123
3203,0,0.0,0,10124
3204,0,0.0,0,10097
3238,0,0.0,0,10127
3240,0,0.0,0,10128
3304,0,0.0,0,10126
3273,0,0.0,0,10156
3275,0,0.0,0,10130
3276,0,0.0,0,10131
3277,0,0.0,0,10132
3278,0,0.0,0,10133
3279,0,0.0,0,10134
3280,0,0.0,0,10135
3281,0,0.0,0,10136
3282,0,0.0,0,10137
3284,0,0.0,0,10138
3285,0,0.0,0,10139
3286,0,0.0,0,10140
3287,0,0.0,0,10141
3288,0,0.0,0,10142
3289,0,0.0,0,10143
3290,0,0.0,0,10144
3291,0,0.0,0,10145
3292,0,0.0,0,10146
3293,0,0.0,0,10147
3294,0,0.0,0,10148
3295,0,0.0,0,10149
3296,0,0.0,0,10150
3297,0,0.0,0,10151
3298,0,0.0,0,10152
3299,0,0.0,0,10153
3300,0,0.0,0,10154
3301,0,0.0,0,10155
3302,0,0.0,0,10066
3274,0,0.0,0,10129
3271,0,0.0,0,10158
3241,0,0.0,0,10160
3270,0,0.0,0,10187
3242,0,0.0,0,10161
3243,0,0.0,0,10162
3244,0,0.0,0,10163
3245,0,0.0,0,10164
3246,0,0.0,0,10165
3247,0,0.0,0,10166
3248,0,0.0,0,10167
3249,0,0.0,0,10168
3250,0,0.0,0,10169
3251,0,0.0,0,10170
3252,0,0.0,0,10171
3253,0,0.0,0,10172
3254,0,0.0,0,10173
3255,0,0.0,0,10174
3256,0,0.0,0,10175
3257,0,0.0,0,10176
3258,0,0.0,0,10177
3259,0,0.0,0,10178
3260,0,0.0,0,10179
3261,0,0.0,0,10180
3263,0,0.0,0,10181
3264,0,0.0,0,10182
3265,0,0.0,0,10183
3266,0,0.0,0,10184
3267,0,0.0,0,10185
3268,0,0.0,0,10186
3269,0,0.0,0,10159
3433,0,0.0,0,10189
3434,0,0.0,0,10312
3435,0,0.0,0,10190
3595,0,0.0,0,10220
3597,0,0.0,0,10191
3598,0,0.0,0,10192
3599,0,0.0,0,10193
3600,0,0.0,0,10194
3601,0,0.0,0,10195
3602,0,0.0,0,10196
3603,0,0.0,0,10197
3604,0,0.0,0,10198
3605,0,0.0,0,10199
3606,0,0.0,0,10200
3607,0,0.0,0,10201
3608,0,0.0,0,10202
3609,0,0.0,0,10203
3610,0,0.0,0,10204
3611,0,0.0,0,10205
3612,0,0.0,0,10206
3614,0,0.0,0,10207
3615,0,0.0,0,10208
3616,0,0.0,0,10209
3617,0,0.0,0,10210
3618,0,0.0,0,10211
3619,0,0.0,0,10212
3620,0,0.0,0,10213
3621,0,0.0,0,10214
3622,0,0.0,0,10215
3623,0,0.0,0,10216
3624,0,0.0,0,10217
3596,0,0.0,0,10218
3594,0,0.0,0,10249
3626,0,0.0,0,10251
3593,0,0.0,0,10221
3564,0,0.0,0,10222
3565,0,0.0,0,10223
3566,0,0.0,0,10224
3567,0,0.0,0,10225
3568,0,0.0,0,10226
3570,0,0.0,0,10227
3571,0,0.0,0,10228
3572,0,0.0,0,10229
3573,0,0.0,0,10230
3574,0,0.0,0,10231
3575,0,0.0,0,10232
3576,0,0.0,0,10233
3577,0,0.0,0,10234
3578,0,0.0,0,10235
3579,0,0.0,0,10236
3580,0,0.0,0,10237
3581,0,0.0,0,10238
3582,0,0.0,0,10239
3584,0,0.0,0,10240
3585,0,0.0,0,10241
3586,0,0.0,0,10242
3587,0,0.0,0,10243
3588,0,0.0,0,10244
3589,0,0.0,0,10245
3590,0,0.0,0,10246
3591,0,0.0,0,10247
3592,0,0.0,0,10248
3625,0,0.0,0,10219
3627,0,0.0,0,10281
3436,0,0.0,0,10346
3659,0,0.0,0,10282
3661,0,0.0,0,10253
3662,0,0.0,0,10254
3663,0,0.0,0,10255
3664,0,0.0,0,10256
3665,0,0.0,0,10257
3666,0,0.0,0,10258
3667,0,0.0,0,10259
3668,0,0.0,0,10260
3669,0,0.0,0,10261
3670,0,0.0,0,10262
3671,0,0.0,0,10263
3672,0,0.0,0,10264
3673,0,0.0,0,10265
3674,0,0.0,0,10266
3675,0,0.0,0,10267
3676,0,0.0,0,10268
3677,0,0.0,0,10269
3678,0,0.0,0,10270
3679,0,0.0,0,10271
3680,0,0.0,0,10272
3681,0,0.0,0,10273
3682,0,0.0,0,10274
3683,0,0.0,0,10275
3684,0,0.0,0,10276
3685,0,0.0,0,10277
3686,0,0.0,0,10278
3687,0,0.0,0,10279
3660,0,0.0,0,10280
3658,0,0.0,0,10311
3628,0,0.0,0,10252
3657,0,0.0,0,10283
3629,0,0.0,0,10284
3630,0,0.0,0,10285
3631,0,0.0,0,10286
3632,0,0.0,0,10287
3633,0,0.0,0,10288
3634,0,0.0,0,10289
3635,0,0.0,0,10290
3636,0,0.0,0,10291
3637,0,0.0,0,10292
3638,0,0.0,0,10293
3639,0,0.0,0,10294
3640,0,0.0,0,10295
3641,0,0.0,0,10296
3642,0,0.0,0,10297
3643,0,0.0,0,10298
3644,0,0.0,0,10299
3645,0,0.0,0,10300
3646,0,0.0,0,10301
3647,0,0.0,0,10302
3649,0,0.0,0,10303
3650,0,0.0,0,10304
3651,0,0.0,0,10305
3652,0,0.0,0,10306
3653,0,0.0,0,10307
3654,0,0.0,0,10308
3655,0,0.0,0,10309
3656,0,0.0,0,10310
3563,0,0.0,0,10250
3562,0,0.0,0,10313
3561,0,0.0,0,10374
3467,0,0.0,0,10342
3469,0,0.0,0,10316
3470,0,0.0,0,10317
3471,0,0.0,0,10318
3472,0,0.0,0,10319
3473,0,0.0,0,10320
3474,0,0.0,0,10321
3475,0,0.0,0,10322
3476,0,0.0,0,10323
3477,0,0.0,0,10324
3478,0,0.0,0,10325
3479,0,0.0,0,10326
3480,0,0.0,0,10327
3481,0,0.0,0,10328
3482,0,0.0,0,10329
3483,0,0.0,0,10330
3484,0,0.0,0,10331
3485,0,0.0,0,10332
3486,0,0.0,0,10333
3487,0,0.0,0,10334
3488,0,0.0,0,10335
3489,0,0.0,0,10336
3490,0,0.0,0,10337
3491,0,0.0,0,10338
3492,0,0.0,0,10339
3493,0,0.0,0,10340
3494,0,0.0,0,10341
3495,0,0.0,0,10343
3468,0,0.0,0,10315
3466,0,0.0,0,10344
3560,0,0.0,0,10314
3465,0,0.0,0,10373
3437,0,0.0,0,10347
3438,0,0.0,0,10348
3439,0,0.0,0,10349
3440,0,0.0,0,10350
3441,0,0.0,0,10351
3443,0,0.0,0,10352
3444,0,0.0,0,10353
3445,0,0.0,0,10354
3446,0,0.0,0,10355
3447,0,0.0,0,10356
3448,0,0.0,0,10357
3449,0,0.0,0,10358
3450,0,0.0,0,10359
3451,0,0.0,0,10360
3452,0,0.0,0,10361
3453,0,0.0,0,10362
3454,0,0.0,0,10363
3455,0,0.0,0,10364
3456,0,0.0,0,10365
3457,0,0.0,0,10366
3458,0,0.0,0,10367
3459,0,0.0,0,10368
3460,0,0.0,0,10369
3461,0,0.0,0,10370
3462,0,0.0,0,10371
3463,0,0.0,0,10372
3464,0,0.0,0,10345
3496,0,0.0,0,10375
3497,0,0.0,0,10405
3498,0,0.0,0,10376
3499,0,0.0,0,10408
3531,0,0.0,0,10377
3532,0,0.0,0,10378
3533,0,0.0,0,10379
3534,0,0.0,0,10380
3535,0,0.0,0,10381
3536,0,0.0,0,10382
3537,0,0.0,0,10383
3538,0,0.0,0,10384
3539,0,0.0,0,10385
3541,0,0.0,0,10386
3542,0,0.0,0,10387
3543,0,0.0,0,10388
3544,0,0.0,0,10389
3545,0,0.0,0,10390
3546,0,0.0,0,10391
3548,0,0.0,0,10392
3549,0,0.0,0,10393
3550,0,0.0,0,10394
3551,0,0.0,0,10395
3552,0,0.0,0,10396
3553,0,0.0,0,10397
3554,0,0.0,0,10398
3555,0,0.0,0,10399
3556,0,0.0,0,10400
3557,0,0.0,0,10401
3558,0,0.0,0,10402
3559,0,0.0,0,10403
3530,0,0.0,0,10404
3529,0,0.0,0,10406
3528,0,0.0,0,10435
3512,0,0.0,0,10421
3500,0,0.0,0,10409
3501,0,0.0,0,10410
3502,0,0.0,0,10411
3503,0,0.0,0,10412
3504,0,0.0,0,10413
3505,0,0.0,0,10414
3506,0,0.0,0,10415
3507,0,0.0,0,10416
3508,0,0.0,0,10417
3509,0,0.0,0,10418
3510,0,0.0,0,10419
3511,0,0.0,0,10420
3513,0,0.0,0,10422
3527,0,0.0,0,10407
3514,0,0.0,0,10423
3515,0,0.0,0,10424
3517,0,0.0,0,10425
3518,0,0.0,0,10426
3519,0,0.0,0,10427
3520,0,0.0,0,10428
3521,0,0.0,0,10429
3522,0,0.0,0,10430
3523,0,0.0,0,10431
3524,0,0.0,0,10432
3525,0,0.0,0,10433
3526,0,0.0,0,10434
2113,0,0.0,0,9445
2112,0,0.0,0,10436
2111,0,0.0,0,10437
681,0,0.0,0,10466
683,0,0.0,0,10439
684,0,0.0,0,10440
685,0,0.0,0,10441
686,0,0.0,0,10442
687,0,0.0,0,10443
688,0,0.0,0,10444
690,0,0.0,0,10445
691,0,0.0,0,10446
692,0,0.0,0,10447
693,0,0.0,0,10448
694,0,0.0,0,10449
695,0,0.0,0,10450
696,0,0.0,0,10452
697,0,0.0,0,10465
698,0,0.0,0,10453
700,0,0.0,0,10454
701,0,0.0,0,10455
702,0,0.0,0,10456
703,0,0.0,0,10457
704,0,0.0,0,10458
705,0,0.0,0,10459
706,0,0.0,0,10460
707,0,0.0,0,10461
708,0,0.0,0,10462
709,0,0.0,0,10463
710,0,0.0,0,10464
711,0,0.0,0,10496
682,0,0.0,0,10451
680,0,0.0,0,10467
713,0,0.0,0,10498
679,0,0.0,0,10468
650,0,0.0,0,10469
651,0,0.0,0,10470
653,0,0.0,0,10471
654,0,0.0,0,10472
655,0,0.0,0,10473
656,0,0.0,0,10474
657,0,0.0,0,10475
658,0,0.0,0,10476
659,0,0.0,0,10477
660,0,0.0,0,10478
661,0,0.0,0,10479
662,0,0.0,0,10480
664,0,0.0,0,10481
665,0,0.0,0,10482
666,0,0.0,0,10483
667,0,0.0,0,10484
668,0,0.0,0,10485
669,0,0.0,0,10486
670,0,0.0,0,10487
671,0,0.0,0,10488
672,0,0.0,0,10489
673,0,0.0,0,10490
674,0,0.0,0,10491
675,0,0.0,0,10492
676,0,0.0,0,10493
677,0,0.0,0,10494
678,0,0.0,0,10495
712,0,0.0,0,10497
714,0,0.0,0,10499
648,0,0.0,0,10559
745,0,0.0,0,10527
747,0,0.0,0,10501
748,0,0.0,0,10502
749,0,0.0,0,10503
750,0,0.0,0,10504
751,0,0.0,0,10505
753,0,0.0,0,10506
755,0,0.0,0,10507
756,0,0.0,0,10508
757,0,0.0,0,10509
758,0,0.0,0,10510
759,0,0.0,0,10511
760,0,0.0,0,10512
761,0,0.0,0,10513
762,0,0.0,0,10514
763,0,0.0,0,10515
764,0,0.0,0,10516
765,0,0.0,0,10517
766,0,0.0,0,10518
767,0,0.0,0,10519
768,0,0.0,0,10520
769,0,0.0,0,10521
770,0,0.0,0,10522
771,0,0.0,0,10523
772,0,0.0,0,10524
773,0,0.0,0,10525
775,0,0.0,0,10526
776,0,0.0,0,10621
746,0,0.0,0,10500
744,0,0.0,0,10529
715,0,0.0,0,10531
743,0,0.0,0,10558
716,0,0.0,0,10532
717,0,0.0,0,10533
718,0,0.0,0,10534
719,0,0.0,0,10535
720,0,0.0,0,10536
721,0,0.0,0,10537
722,0,0.0,0,10538
723,0,0.0,0,10539
724,0,0.0,0,10540
725,0,0.0,0,10541
726,0,0.0,0,10542
727,0,0.0,0,10543
728,0,0.0,0,10544
729,0,0.0,0,10545
730,0,0.0,0,10546
731,0,0.0,0,10547
732,0,0.0,0,10548
733,0,0.0,0,10549
734,0,0.0,0,10550
735,0,0.0,0,10551
736,0,0.0,0,10552
737,0,0.0,0,10553
738,0,0.0,0,10554
739,0,0.0,0,10555
740,0,0.0,0,10556
741,0,0.0,0,10557
742,0,0.0,0,10530
649,0,0.0,0,10528
647,0,0.0,0,10560
778,0,0.0,0,10684
548,0,0.0,0,10591
550,0,0.0,0,10562
551,0,0.0,0,10563
552,0,0.0,0,10564
553,0,0.0,0,10565
554,0,0.0,0,10566
555,0,0.0,0,10567
556,0,0.0,0,10568
557,0,0.0,0,10569
558,0,0.0,0,10570
559,0,0.0,0,10571
560,0,0.0,0,10572
561,0,0.0,0,10573
562,0,0.0,0,10574
563,0,0.0,0,10575
564,0,0.0,0,10576
565,0,0.0,0,10577
566,0,0.0,0,10578
567,0,0.0,0,10579
568,0,0.0,0,10580
569,0,0.0,0,10581
570,0,0.0,0,10582
571,0,0.0,0,10583
573,0,0.0,0,10584
574,0,0.0,0,10585
575,0,0.0,0,10586
576,0,0.0,0,10587
577,0,0.0,0,10588
549,0,0.0,0,10589
547,0,0.0,0,10620
579,0,0.0,0,10622
546,0,0.0,0,10592
519,0,0.0,0,10593
520,0,0.0,0,10594
521,0,0.0,0,10595
522,0,0.0,0,10596
523,0,0.0,0,10597
524,0,0.0,0,10598
525,0,0.0,0,10599
526,0,0.0,0,10600
527,0,0.0,0,10601
528,0,0.0,0,10602
529,0,0.0,0,10603
530,0,0.0,0,10604
531,0,0.0,0,10605
532,0,0.0,0,10606
533,0,0.0,0,10607
534,0,0.0,0,10608
535,0,0.0,0,10609
536,0,0.0,0,10610
537,0,0.0,0,10611
538,0,0.0,0,10612
539,0,0.0,0,10613
540,0,0.0,0,10614
541,0,0.0,0,10615
542,0,0.0,0,10616
543,0,0.0,0,10617
544,0,0.0,0,10618
545,0,0.0,0,10619
578,0,0.0,0,10590
580,0,0.0,0,10652
646,0,0.0,0,10561
613,0,0.0,0,10653
615,0,0.0,0,10624
616,0,0.0,0,10625
617,0,0.0,0,10626
618,0,0.0,0,10627
619,0,0.0,0,10628
620,0,0.0,0,10629
621,0,0.0,0,10630
622,0,0.0,0,10631
623,0,0.0,0,10632
624,0,0.0,0,10633
625,0,0.0,0,10634
626,0,0.0,0,10635
627,0,0.0,0,10636
628,0,0.0,0,10637
629,0,0.0,0,10638
630,0,0.0,0,10639
631,0,0.0,0,10640
634,0,0.0,0,10641
635,0,0.0,0,10642
636,0,0.0,0,10643
638,0,0.0,0,10644
639,0,0.0,0,10645
640,0,0.0,0,10646
642,0,0.0,0,10647
643,0,0.0,0,10648
644,0,0.0,0,10649
645,0,0.0,0,10650
614,0,0.0,0,10651
612,0,0.0,0,10682
581,0,0.0,0,10623
611,0,0.0,0,10654
582,0,0.0,0,10655
583,0,0.0,0,10656
584,0,0.0,0,10657
585,0,0.0,0,10658
586,0,0.0,0,10659
587,0,0.0,0,10660
588,0,0.0,0,10661
589,0,0.0,0,10662
590,0,0.0,0,10663
591,0,0.0,0,10664
592,0,0.0,0,10665
593,0,0.0,0,10666
594,0,0.0,0,10667
595,0,0.0,0,10668
596,0,0.0,0,10669
597,0,0.0,0,10670
599,0,0.0,0,10671
600,0,0.0,0,10672
602,0,0.0,0,10673
603,0,0.0,0,10674
604,0,0.0,0,10675
605,0,0.0,0,10676
606,0,0.0,0,10677
607,0,0.0,0,10678
608,0,0.0,0,10679
609,0,0.0,0,10680
610,0,0.0,0,10681
777,0,0.0,0,10683
779,0,0.0,0,10685
1043,0,0.0,0,11428
946,0,0.0,0,10713
949,0,0.0,0,10687
950,0,0.0,0,10688
951,0,0.0,0,10689
952,0,0.0,0,10690
953,0,0.0,0,10691
954,0,0.0,0,10692
955,0,0.0,0,10693
956,0,0.0,0,10694
957,0,0.0,0,10695
958,0,0.0,0,10696
959,0,0.0,0,10697
960,0,0.0,0,10698
961,0,0.0,0,10699
962,0,0.0,0,10700
963,0,0.0,0,10701
964,0,0.0,0,10702
965,0,0.0,0,10703
966,0,0.0,0,10704
967,0,0.0,0,10705
968,0,0.0,0,10706
969,0,0.0,0,10707
970,0,0.0,0,10708
971,0,0.0,0,10709
973,0,0.0,0,10710
974,0,0.0,0,10711
975,0,0.0,0,10712
976,0,0.0,0,10714
947,0,0.0,0,10686
945,0,0.0,0,10715
978,0,0.0,0,10776
944,0,0.0,0,10744
914,0,0.0,0,10718
915,0,0.0,0,10719
916,0,0.0,0,10720
917,0,0.0,0,10721
918,0,0.0,0,10722
919,0,0.0,0,10723
921,0,0.0,0,10724
922,0,0.0,0,10725
923,0,0.0,0,10726
924,0,0.0,0,10727
925,0,0.0,0,10728
927,0,0.0,0,10729
928,0,0.0,0,10730
929,0,0.0,0,10731
930,0,0.0,0,10732
931,0,0.0,0,10733
932,0,0.0,0,10734
933,0,0.0,0,10735
934,0,0.0,0,10736
935,0,0.0,0,10737
936,0,0.0,0,10738
937,0,0.0,0,10739
938,0,0.0,0,10740
939,0,0.0,0,10741
940,0,0.0,0,10742
942,0,0.0,0,10743
943,0,0.0,0,10716
977,0,0.0,0,10746
979,0,0.0,0,10747
912,0,0.0,0,10745
1012,0,0.0,0,10775
1014,0,0.0,0,10749
1015,0,0.0,0,10750
1016,0,0.0,0,10751
1017,0,0.0,0,10752
1018,0,0.0,0,10753
1019,0,0.0,0,10754
1020,0,0.0,0,10755
1021,0,0.0,0,10756
1022,0,0.0,0,10757
1023,0,0.0,0,10758
1025,0,0.0,0,10759
1026,0,0.0,0,10760
1027,0,0.0,0,10761
1028,0,0.0,0,10762
1029,0,0.0,0,10763
1030,0,0.0,0,10764
1031,0,0.0,0,10765
1032,0,0.0,0,10766
1033,0,0.0,0,10767
1034,0,0.0,0,10768
1035,0,0.0,0,10769
1036,0,0.0,0,10770
1037,0,0.0,0,10771
1038,0,0.0,0,10772
1039,0,0.0,0,10773
1040,0,0.0,0,10774
1041,0,0.0,0,11179
1013,0,0.0,0,10748
1011,0,0.0,0,10777
980,0,0.0,0,10779
1010,0,0.0,0,10806
982,0,0.0,0,10780
983,0,0.0,0,10781
984,0,0.0,0,10782
985,0,0.0,0,10783
986,0,0.0,0,10784
987,0,0.0,0,10785
988,0,0.0,0,10786
989,0,0.0,0,10787
990,0,0.0,0,10788
991,0,0.0,0,10789
992,0,0.0,0,10790
993,0,0.0,0,10791
994,0,0.0,0,10792
995,0,0.0,0,10793
996,0,0.0,0,10794
997,0,0.0,0,10795
998,0,0.0,0,10796
999,0,0.0,0,10797
1000,0,0.0,0,10798
1001,0,0.0,0,10799
1002,0,0.0,0,10800
1003,0,0.0,0,10801
1004,0,0.0,0,10802
1005,0,0.0,0,10803
1006,0,0.0,0,10804
1007,0,0.0,0,10805
1009,0,0.0,0,10778
913,0,0.0,0,10717
911,0,0.0,0,10808
780,0,0.0,0,10841
810,0,0.0,0,10837
813,0,0.0,0,10811
814,0,0.0,0,10812
815,0,0.0,0,10813
816,0,0.0,0,10814
817,0,0.0,0,10815
818,0,0.0,0,10816
819,0,0.0,0,10817
820,0,0.0,0,10818
821,0,0.0,0,10819
822,0,0.0,0,10820
823,0,0.0,0,10821
824,0,0.0,0,10822
826,0,0.0,0,10823
827,0,0.0,0,10824
828,0,0.0,0,10825
829,0,0.0,0,10826
830,0,0.0,0,10827
831,0,0.0,0,10828
832,0,0.0,0,10829
833,0,0.0,0,10830
834,0,0.0,0,10831
835,0,0.0,0,10832
836,0,0.0,0,10833
837,0,0.0,0,10834
838,0,0.0,0,10835
839,0,0.0,0,10836
840,0,0.0,0,10838
812,0,0.0,0,10810
809,0,0.0,0,10839
842,0,0.0,0,10900
808,0,0.0,0,10868
781,0,0.0,0,10842
782,0,0.0,0,10843
783,0,0.0,0,10844
784,0,0.0,0,10845
785,0,0.0,0,10846
786,0,0.0,0,10847
787,0,0.0,0,10848
788,0,0.0,0,10849
789,0,0.0,0,10850
790,0,0.0,0,10851
791,0,0.0,0,10852
792,0,0.0,0,10853
793,0,0.0,0,10854
794,0,0.0,0,10855
795,0,0.0,0,10856
796,0,0.0,0,10857
797,0,0.0,0,10858
798,0,0.0,0,10859
799,0,0.0,0,10860
800,0,0.0,0,10861
801,0,0.0,0,10862
802,0,0.0,0,10863
803,0,0.0,0,10864
804,0,0.0,0,10865
805,0,0.0,0,10866
806,0,0.0,0,10867
807,0,0.0,0,10840
841,0,0.0,0,10870
843,0,0.0,0,10871
909,0,0.0,0,10869
878,0,0.0,0,10899
880,0,0.0,0,10873
881,0,0.0,0,10874
883,0,0.0,0,10875
884,0,0.0,0,10876
885,0,0.0,0,10877
886,0,0.0,0,10878
887,0,0.0,0,10879
888,0,0.0,0,10880
889,0,0.0,0,10881
890,0,0.0,0,10882
891,0,0.0,0,10883
892,0,0.0,0,10884
893,0,0.0,0,10885
894,0,0.0,0,10886
895,0,0.0,0,10887
896,0,0.0,0,10888
897,0,0.0,0,10889
898,0,0.0,0,10890
899,0,0.0,0,10891
900,0,0.0,0,10892
901,0,0.0,0,10893
902,0,0.0,0,10894
904,0,0.0,0,10895
905,0,0.0,0,10896
906,0,0.0,0,10897
907,0,0.0,0,10898
908,0,0.0,0,10809
879,0,0.0,0,10872
877,0,0.0,0,10901
844,0,0.0,0,10903
876,0,0.0,0,10930
845,0,0.0,0,10904
846,0,0.0,0,10905
847,0,0.0,0,10906
848,0,0.0,0,10907
849,0,0.0,0,10908
850,0,0.0,0,10909
851,0,0.0,0,10910
853,0,0.0,0,10911
854,0,0.0,0,10912
855,0,0.0,0,10913
856,0,0.0,0,10914
857,0,0.0,0,10915
858,0,0.0,0,10916
860,0,0.0,0,10917
861,0,0.0,0,10918
863,0,0.0,0,10919
864,0,0.0,0,10920
865,0,0.0,0,10921
866,0,0.0,0,10922
868,0,0.0,0,10923
869,0,0.0,0,10924
870,0,0.0,0,10925
871,0,0.0,0,10926
872,0,0.0,0,10927
873,0,0.0,0,10928
874,0,0.0,0,10929
875,0,0.0,0,10902
518,0,0.0,0,10807
517,0,0.0,0,10931
516,0,0.0,0,10932
166,0,0.0,0,10961
169,0,0.0,0,10935
170,0,0.0,0,10936
171,0,0.0,0,10937
172,0,0.0,0,10938
173,0,0.0,0,10939
174,0,0.0,0,10940
175,0,0.0,0,10941
176,0,0.0,0,10942
177,0,0.0,0,10943
178,0,0.0,0,10944
179,0,0.0,0,10945
180,0,0.0,0,10946
181,0,0.0,0,10947
182,0,0.0,0,10948
183,0,0.0,0,10949
184,0,0.0,0,10950
185,0,0.0,0,10951
186,0,0.0,0,10952
187,0,0.0,0,10953
188,0,0.0,0,10954
189,0,0.0,0,10955
190,0,0.0,0,10956
191,0,0.0,0,10957
192,0,0.0,0,10958
193,0,0.0,0,10959
195,0,0.0,0,10960
196,0,0.0,0,10962
168,0,0.0,0,10934
165,0,0.0,0,10963
198,0,0.0,0,11024
164,0,0.0,0,10992
135,0,0.0,0,10966
136,0,0.0,0,10967
137,0,0.0,0,10968
138,0,0.0,0,10969
139,0,0.0,0,10970
140,0,0.0,0,10971
141,0,0.0,0,10972
143,0,0.0,0,10973
144,0,0.0,0,10974
145,0,0.0,0,10975
146,0,0.0,0,10976
147,0,0.0,0,10977
148,0,0.0,0,10978
149,0,0.0,0,10979
150,0,0.0,0,10980
151,0,0.0,0,10981
152,0,0.0,0,10982
154,0,0.0,0,10983
155,0,0.0,0,10984
156,0,0.0,0,10985
157,0,0.0,0,10986
158,0,0.0,0,10987
159,0,0.0,0,10988
160,0,0.0,0,10989
161,0,0.0,0,10990
162,0,0.0,0,10991
163,0,0.0,0,10964
197,0,0.0,0,10994
199,0,0.0,0,10995
132,0,0.0,0,10993
231,0,0.0,0,11023
233,0,0.0,0,10997
234,0,0.0,0,10998
235,0,0.0,0,10999
236,0,0.0,0,11000
237,0,0.0,0,11001
238,0,0.0,0,11002
239,0,0.0,0,11003
240,0,0.0,0,11004
241,0,0.0,0,11005
242,0,0.0,0,11006
243,0,0.0,0,11007
244,0,0.0,0,11008
246,0,0.0,0,11009
247,0,0.0,0,11010
248,0,0.0,0,11011
249,0,0.0,0,11012
250,0,0.0,0,11013
251,0,0.0,0,11014
252,0,0.0,0,11015
253,0,0.0,0,11016
254,0,0.0,0,11017
255,0,0.0,0,11018
256,0,0.0,0,11019
257,0,0.0,0,11020
258,0,0.0,0,11021
259,0,0.0,0,11022
260,0,0.0,0,11055
232,0,0.0,0,10996
230,0,0.0,0,11025
200,0,0.0,0,11027
229,0,0.0,0,11054
201,0,0.0,0,11028
202,0,0.0,0,11029
203,0,0.0,0,11030
204,0,0.0,0,11031
205,0,0.0,0,11032
206,0,0.0,0,11033
207,0,0.0,0,11034
208,0,0.0,0,11035
209,0,0.0,0,11036
210,0,0.0,0,11037
211,0,0.0,0,11038
212,0,0.0,0,11039
213,0,0.0,0,11040
214,0,0.0,0,11041
215,0,0.0,0,11042
216,0,0.0,0,11043
218,0,0.0,0,11044
219,0,0.0,0,11045
220,0,0.0,0,11046
221,0,0.0,0,11047
222,0,0.0,0,11048
223,0,0.0,0,11049
224,0,0.0,0,11050
225,0,0.0,0,11051
226,0,0.0,0,11052
227,0,0.0,0,11053
228,0,0.0,0,11026
133,0,0.0,0,10965
131,0,0.0,0,11056
515,0,0.0,0,10933
32,0,0.0,0,11085
34,0,0.0,0,11059
35,0,0.0,0,11060
36,0,0.0,0,11061
37,0,0.0,0,11062
38,0,0.0,0,11063
39,0,0.0,0,11064
40,0,0.0,0,11065
41,0,0.0,0,11066
42,0,0.0,0,11067
43,0,0.0,0,11068
44,0,0.0,0,11069
45,0,0.0,0,11070
46,0,0.0,0,11071
47,0,0.0,0,11072
48,0,0.0,0,11073
49,0,0.0,0,11074
50,0,0.0,0,11075
51,0,0.0,0,11076
52,0,0.0,0,11077
53,0,0.0,0,11078
54,0,0.0,0,11079
55,0,0.0,0,11080
56,0,0.0,0,11081
57,0,0.0,0,11082
58,0,0.0,0,11083
59,0,0.0,0,11084
60,0,0.0,0,11086
33,0,0.0,0,11058
31,0,0.0,0,11087
62,0,0.0,0,11148
30,0,0.0,0,11116
2,0,0.0,0,11090
3,0,0.0,0,11091
4,0,0.0,0,11092
5,0,0.0,0,11093
6,0,0.0,0,11094
7,0,0.0,0,11095
8,0,0.0,0,11096
9,0,0.0,0,11097
10,0,0.0,0,11098
11,0,0.0,0,11099
12,0,0.0,0,11100
13,0,0.0,0,11101
14,0,0.0,0,11102
15,0,0.0,0,11103
16,0,0.0,0,11104
17,0,0.0,0,11105
18,0,0.0,0,11106
19,0,0.0,0,11107
20,0,0.0,0,11108
21,0,0.0,0,11109
22,0,0.0,0,11110
24,0,0.0,0,11111
25,0,0.0,0,11112
26,0,0.0,0,11113
27,0,0.0,0,11114
28,0,0.0,0,11115
29,0,0.0,0,11088
61,0,0.0,0,11118
63,0,0.0,0,11119
130,0,0.0,0,11117
97,0,0.0,0,11147
99,0,0.0,0,11121
100,0,0.0,0,11122
101,0,0.0,0,11123
102,0,0.0,0,11124
103,0,0.0,0,11125
104,0,0.0,0,11126
105,0,0.0,0,11127
106,0,0.0,0,11128
107,0,0.0,0,11129
108,0,0.0,0,11130
109,0,0.0,0,11131
110,0,0.0,0,11132
111,0,0.0,0,11133
113,0,0.0,0,11134
114,0,0.0,0,11135
115,0,0.0,0,11136
116,0,0.0,0,11137
117,0,0.0,0,11138
118,0,0.0,0,11139
119,0,0.0,0,11140
120,0,0.0,0,11141
121,0,0.0,0,11142
122,0,0.0,0,11143
123,0,0.0,0,11144
124,0,0.0,0,11145
126,0,0.0,0,11146
127,0,0.0,0,11057
98,0,0.0,0,11120
96,0,0.0,0,11149
64,0,0.0,0,11151
95,0,0.0,0,11178
65,0,0.0,0,11152
67,0,0.0,0,11153
68,0,0.0,0,11154
69,0,0.0,0,11155
70,0,0.0,0,11156
71,0,0.0,0,11157
72,0,0.0,0,11158
73,0,0.0,0,11159
74,0,0.0,0,11160
75,0,0.0,0,11161
76,0,0.0,0,11162
77,0,0.0,0,11163
78,0,0.0,0,11164
79,0,0.0,0,11165
80,0,0.0,0,11166
82,0,0.0,0,11167
83,0,0.0,0,11168
84,0,0.0,0,11169
85,0,0.0,0,11170
86,0,0.0,0,11171
87,0,0.0,0,11172
88,0,0.0,0,11173
89,0,0.0,0,11174
90,0,0.0,0,11175
92,0,0.0,0,11176
93,0,0.0,0,11177
94,0,0.0,0,11150
261,0,0.0,0,11180
262,0,0.0,0,11303
263,0,0.0,0,11181
421,0,0.0,0,11211
423,0,0.0,0,11182
425,0,0.0,0,11183
426,0,0.0,0,11184
427,0,0.0,0,11185
428,0,0.0,0,11186
429,0,0.0,0,11187
430,0,0.0,0,11188
431,0,0.0,0,11189
433,0,0.0,0,11190
434,0,0.0,0,11191
435,0,0.0,0,11192
436,0,0.0,0,11193
437,0,0.0,0,11194
438,0,0.0,0,11195
439,0,0.0,0,11196
440,0,0.0,0,11197
441,0,0.0,0,11198
442,0,0.0,0,11199
443,0,0.0,0,11200
444,0,0.0,0,11201
445,0,0.0,0,11202
446,0,0.0,0,11203
447,0,0.0,0,11204
448,0,0.0,0,11205
449,0,0.0,0,11206
450,0,0.0,0,11207
451,0,0.0,0,11208
422,0,0.0,0,11209
420,0,0.0,0,11240
453,0,0.0,0,11242
419,0,0.0,0,11212
392,0,0.0,0,11213
393,0,0.0,0,11214
394,0,0.0,0,11215
395,0,0.0,0,11216
396,0,0.0,0,11217
397,0,0.0,0,11218
398,0,0.0,0,11219
399,0,0.0,0,11220
400,0,0.0,0,11221
401,0,0.0,0,11222
402,0,0.0,0,11223
403,0,0.0,0,11224
404,0,0.0,0,11225
405,0,0.0,0,11226
406,0,0.0,0,11227
407,0,0.0,0,11228
408,0,0.0,0,11229
409,0,0.0,0,11230
410,0,0.0,0,11231
411,0,0.0,0,11232
412,0,0.0,0,11233
413,0,0.0,0,11234
414,0,0.0,0,11235
415,0,0.0,0,11236
416,0,0.0,0,11237
417,0,0.0,0,11238
418,0,0.0,0,11239
452,0,0.0,0,11210
454,0,0.0,0,11272
264,0,0.0,0,11337
486,0,0.0,0,11273
488,0,0.0,0,11244
489,0,0.0,0,11245
490,0,0.0,0,11246
491,0,0.0,0,11247
492,0,0.0,0,11248
493,0,0.0,0,11249
494,0,0.0,0,11250
495,0,0.0,0,11251
496,0,0.0,0,11252
497,0,0.0,0,11253
498,0,0.0,0,11254
499,0,0.0,0,11255
500,0,0.0,0,11256
501,0,0.0,0,11257
502,0,0.0,0,11258
503,0,0.0,0,11259
504,0,0.0,0,11260
505,0,0.0,0,11261
506,0,0.0,0,11262
507,0,0.0,0,11263
508,0,0.0,0,11264
509,0,0.0,0,11265
510,0,0.0,0,11266
511,0,0.0,0,11267
512,0,0.0,0,11268
513,0,0.0,0,11269
514,0,0.0,0,11270
487,0,0.0,0,11271
485,0,0.0,0,11302
455,0,0.0,0,11243
484,0,0.0,0,11274
456,0,0.0,0,11275
457,0,0.0,0,11276
458,0,0.0,0,11277
459,0,0.0,0,11278
460,0,0.0,0,11279
461,0,0.0,0,11280
462,0,0.0,0,11281
463,0,0.0,0,11282
464,0,0.0,0,11283
465,0,0.0,0,11284
466,0,0.0,0,11285
467,0,0.0,0,11286
469,0,0.0,0,11287
470,0,0.0,0,11288
471,0,0.0,0,11289
472,0,0.0,0,11290
473,0,0.0,0,11291
474,0,0.0,0,11292
475,0,0.0,0,11293
476,0,0.0,0,11294
477,0,0.0,0,11295
478,0,0.0,0,11296
479,0,0.0,0,11297
480,0,0.0,0,11298
481,0,0.0,0,11299
482,0,0.0,0,11300
483,0,0.0,0,11301
391,0,0.0,0,11241
390,0,0.0,0,11304
389,0,0.0,0,11365
295,0,0.0,0,11333
297,0,0.0,0,11307
298,0,0.0,0,11308
299,0,0.0,0,11309
300,0,0.0,0,11310
301,0,0.0,0,11311
302,0,0.0,0,11312
303,0,0.0,0,11313
304,0,0.0,0,11314
305,0,0.0,0,11315
306,0,0.0,0,11316
307,0,0.0,0,11317
308,0,0.0,0,11318
309,0,0.0,0,11319
310,0,0.0,0,11320
311,0,0.0,0,11321
312,0,0.0,0,11322
313,0,0.0,0,11323
314,0,0.0,0,11324
315,0,0.0,0,11325
316,0,0.0,0,11326
317,0,0.0,0,11327
318,0,0.0,0,11328
319,0,0.0,0,11329
320,0,0.0,0,11330
321,0,0.0,0,11331
322,0,0.0,0,11332
323,0,0.0,0,11334
296,0,0.0,0,11306
294,0,0.0,0,11335
388,0,0.0,0,11305
293,0,0.0,0,11364
265,0,0.0,0,11338
266,0,0.0,0,11339
267,0,0.0,0,11340
268,0,0.0,0,11341
269,0,0.0,0,11342
270,0,0.0,0,11343
272,0,0.0,0,11344
273,0,0.0,0,11345
274,0,0.0,0,11346
275,0,0.0,0,11347
276,0,0.0,0,11348
277,0,0.0,0,11349
278,0,0.0,0,11350
279,0,0.0,0,11351
280,0,0.0,0,11352
281,0,0.0,0,11353
282,0,0.0,0,11354
283,0,0.0,0,11355
284,0,0.0,0,11356
285,0,0.0,0,11357
286,0,0.0,0,11358
287,0,0.0,0,11359
288,0,0.0,0,11360
289,0,0.0,0,11361
290,0,0.0,0,11362
291,0,0.0,0,11363
292,0,0.0,0,11336
324,0,0.0,0,11366
325,0,0.0,0,11396
326,0,0.0,0,11367
327,0,0.0,0,11399
360,0,0.0,0,11368
361,0,0.0,0,11369
362,0,0.0,0,11370
363,0,0.0,0,11371
364,0,0.0,0,11372
365,0,0.0,0,11373
366,0,0.0,0,11374
367,0,0.0,0,11375
368,0,0.0,0,11376
369,0,0.0,0,11377
370,0,0.0,0,11378
371,0,0.0,0,11379
372,0,0.0,0,11380
373,0,0.0,0,11381
374,0,0.0,0,11382
375,0,0.0,0,11383
376,0,0.0,0,11384
377,0,0.0,0,11385
378,0,0.0,0,11386
379,0,0.0,0,11387
380,0,0.0,0,11388
382,0,0.0,0,11389
383,0,0.0,0,11390
384,0,0.0,0,11391
385,0,0.0,0,11392
386,0,0.0,0,11393
387,0,0.0,0,11394
359,0,0.0,0,11395
357,0,0.0,0,11397
356,0,0.0,0,11426
340,0,0.0,0,11412
328,0,0.0,0,11400
329,0,0.0,0,11401
330,0,0.0,0,11402
331,0,0.0,0,11403
332,0,0.0,0,11404
333,0,0.0,0,11405
334,0,0.0,0,11406
335,0,0.0,0,11407
336,0,0.0,0,11408
337,0,0.0,0,11409
338,0,0.0,0,11410
339,0,0.0,0,11411
341,0,0.0,0,11413
355,0,0.0,0,11398
342,0,0.0,0,11414
343,0,0.0,0,11415
344,0,0.0,0,11416
345,0,0.0,0,11417
346,0,0.0,0,11418
347,0,0.0,0,11419
348,0,0.0,0,11420
349,0,0.0,0,11421
350,0,0.0,0,11422
352,0,0.0,0,11423
353,0,0.0,0,11424
354,0,0.0,0,11425
1042,0,0.0,0,11427
1044,0,0.0,0,11429
2110,0,0.0,0,10438
1743,0,0.0,0,11459
1745,0,0.0,0,11430
1746,0,0.0,0,11431
1747,0,0.0,0,11432
1748,0,0.0,0,11433
1749,0,0.0,0,11434
1750,0,0.0,0,11435
1751,0,0.0,0,11436
1752,0,0.0,0,11437
1753,0,0.0,0,11438
1754,0,0.0,0,11439
1756,0,0.0,0,11440
1757,0,0.0,0,11441
1758,0,0.0,0,11442
1759,0,0.0,0,11443
1760,0,0.0,0,11444
1761,0,0.0,0,11445
1762,0,0.0,0,11446
1763,0,0.0,0,11447
1764,0,0.0,0,11448
1766,0,0.0,0,11449
1767,0,0.0,0,11450
1768,0,0.0,0,11451
1769,0,0.0,0,11452
1770,0,0.0,0,11453
1771,0,0.0,0,11454
1772,0,0.0,0,11455
1773,0,0.0,0,11456
1744,0,0.0,0,11457
1741,0,0.0,0,11488
1775,0,0.0,0,11490
1740,0,0.0,0,11460
1709,0,0.0,0,11461
1710,0,0.0,0,11462
1712,0,0.0,0,11463
1713,0,0.0,0,11464
1714,0,0.0,0,11465
1715,0,0.0,0,11466
1716,0,0.0,0,11467
1717,0,0.0,0,11468
1718,0,0.0,0,11469
1719,0,0.0,0,11470
1720,0,0.0,0,11471
1722,0,0.0,0,11472
1723,0,0.0,0,11473
1724,0,0.0,0,11474
1725,0,0.0,0,11475
1726,0,0.0,0,11476
1727,0,0.0,0,11477
1728,0,0.0,0,11478
1729,0,0.0,0,11479
1730,0,0.0,0,11480
1732,0,0.0,0,11481
1733,0,0.0,0,11482
1734,0,0.0,0,11483
1735,0,0.0,0,11484
1737,0,0.0,0,11485
1738,0,0.0,0,11486
1739,0,0.0,0,11487
1774,0,0.0,0,11458
1776,0,0.0,0,11520
1707,0,0.0,0,11552
1807,0,0.0,0,11521
1809,0,0.0,0,11492
1812,0,0.0,0,11493
1813,0,0.0,0,11494
1814,0,0.0,0,11495
1815,0,0.0,0,11496
1816,0,0.0,0,11497
1817,0,0.0,0,11498
1818,0,0.0,0,11499
1819,0,0.0,0,11500
1820,0,0.0,0,11501
1821,0,0.0,0,11502
1822,0,0.0,0,11503
1823,0,0.0,0,11504
1824,0,0.0,0,11505
1825,0,0.0,0,11506
1826,0,0.0,0,11507
1827,0,0.0,0,11508
1828,0,0.0,0,11509
1829,0,0.0,0,11510
1830,0,0.0,0,11511
1831,0,0.0,0,11512
1832,0,0.0,0,11513
1833,0,0.0,0,11514
1834,0,0.0,0,11515
1835,0,0.0,0,11516
1836,0,0.0,0,11517
1837,0,0.0,0,11518
1808,0,0.0,0,11519
1806,0,0.0,0,11550
1777,0,0.0,0,11491
1805,0,0.0,0,11522
1778,0,0.0,0,11523
1779,0,0.0,0,11524
1780,0,0.0,0,11525
1781,0,0.0,0,11526
1782,0,0.0,0,11527
1783,0,0.0,0,11528
1784,0,0.0,0,11529
1785,0,0.0,0,11530
1786,0,0.0,0,11531
1787,0,0.0,0,11532
1788,0,0.0,0,11533
1789,0,0.0,0,11534
1790,0,0.0,0,11535
1791,0,0.0,0,11536
1792,0,0.0,0,11537
1793,0,0.0,0,11538
1794,0,0.0,0,11539
1795,0,0.0,0,11540
1796,0,0.0,0,11541
1797,0,0.0,0,11542
1798,0,0.0,0,11543
1799,0,0.0,0,11544
1800,0,0.0,0,11545
1801,0,0.0,0,11546
1802,0,0.0,0,11547
1803,0,0.0,0,11548
1804,0,0.0,0,11549
1708,0,0.0,0,11489
1706,0,0.0,0,11613
1839,0,0.0,0,11676
1607,0,0.0,0,11583
1609,0,0.0,0,11554
1610,0,0.0,0,11555
1611,0,0.0,0,11556
1612,0,0.0,0,11557
1613,0,0.0,0,11558
1614,0,0.0,0,11559
1615,0,0.0,0,11560
1616,0,0.0,0,11561
1617,0,0.0,0,11562
1619,0,0.0,0,11563
1620,0,0.0,0,11564
1621,0,0.0,0,11565
1622,0,0.0,0,11566
1623,0,0.0,0,11567
1624,0,0.0,0,11568
1625,0,0.0,0,11569
1626,0,0.0,0,11570
1628,0,0.0,0,11571
1629,0,0.0,0,11572
1630,0,0.0,0,11573
1631,0,0.0,0,11574
1633,0,0.0,0,11575
1634,0,0.0,0,11576
1636,0,0.0,0,11577
1637,0,0.0,0,11578
1638,0,0.0,0,11579
1639,0,0.0,0,11580
1608,0,0.0,0,11581
1606,0,0.0,0,11612
1641,0,0.0,0,11614
1605,0,0.0,0,11584
1575,0,0.0,0,11585
1576,0,0.0,0,11586
1577,0,0.0,0,11587
1578,0,0.0,0,11588
1579,0,0.0,0,11589
1580,0,0.0,0,11590
1581,0,0.0,0,11591
1582,0,0.0,0,11592
1583,0,0.0,0,11593
1584,0,0.0,0,11594
1585,0,0.0,0,11595
1587,0,0.0,0,11596
1588,0,0.0,0,11597
1589,0,0.0,0,11598
1590,0,0.0,0,11599
1591,0,0.0,0,11600
1592,0,0.0,0,11601
1593,0,0.0,0,11602
1594,0,0.0,0,11603
1595,0,0.0,0,11604
1596,0,0.0,0,11605
1599,0,0.0,0,11606
1600,0,0.0,0,11607
1601,0,0.0,0,11608
1602,0,0.0,0,11609
1603,0,0.0,0,11610
1604,0,0.0,0,11611
1640,0,0.0,0,11582
1642,0,0.0,0,11644
1705,0,0.0,0,11553
1674,0,0.0,0,11645
1676,0,0.0,0,11616
1677,0,0.0,0,11617
1678,0,0.0,0,11618
1679,0,0.0,0,11619
1680,0,0.0,0,11620
1681,0,0.0,0,11621
1682,0,0.0,0,11622
1683,0,0.0,0,11623
1684,0,0.0,0,11624
1685,0,0.0,0,11625
1686,0,0.0,0,11626
1687,0,0.0,0,11627
1688,0,0.0,0,11628
1689,0,0.0,0,11629
1690,0,0.0,0,11630
1691,0,0.0,0,11631
1692,0,0.0,0,11632
1693,0,0.0,0,11633
1694,0,0.0,0,11634
1695,0,0.0,0,11635
1696,0,0.0,0,11636
1697,0,0.0,0,11637
1698,0,0.0,0,11638
1699,0,0.0,0,11639
1700,0,0.0,0,11640
1701,0,0.0,0,11641
1703,0,0.0,0,11642
1675,0,0.0,0,11643
1673,0,0.0,0,11674
1643,0,0.0,0,11615
1672,0,0.0,0,11646
1644,0,0.0,0,11647
1645,0,0.0,0,11648
1646,0,0.0,0,11649
1647,0,0.0,0,11650
1648,0,0.0,0,11651
1649,0,0.0,0,11652
1650,0,0.0,0,11653
1651,0,0.0,0,11654
1652,0,0.0,0,11655
1653,0,0.0,0,11656
1654,0,0.0,0,11657
1655,0,0.0,0,11658
1656,0,0.0,0,11659
1657,0,0.0,0,11660
1658,0,0.0,0,11661
1659,0,0.0,0,11662
1660,0,0.0,0,11663
1661,0,0.0,0,11664
1662,0,0.0,0,11665
1664,0,0.0,0,11666
1665,0,0.0,0,11667
1666,0,0.0,0,11668
1667,0,0.0,0,11669
1668,0,0.0,0,11670
1669,0,0.0,0,11671
1670,0,0.0,0,11672
1671,0,0.0,0,11673
1838,0,0.0,0,11551
1840,0,0.0,0,11799
1045,0,0.0,0,12081
2010,0,0.0,0,11707
2012,0,0.0,0,11678
2013,0,0.0,0,11679
2014,0,0.0,0,11680
2015,0,0.0,0,11681
2016,0,0.0,0,11682
2017,0,0.0,0,11683
2018,0,0.0,0,11684
2019,0,0.0,0,11685
2020,0,0.0,0,11686
2021,0,0.0,0,11687
2022,0,0.0,0,11688
2023,0,0.0,0,11689
2024,0,0.0,0,11690
2025,0,0.0,0,11691
2026,0,0.0,0,11692
2027,0,0.0,0,11693
2028,0,0.0,0,11694
2030,0,0.0,0,11695
2031,0,0.0,0,11696
2033,0,0.0,0,11697
2034,0,0.0,0,11698
2035,0,0.0,0,11699
2037,0,0.0,0,11700
2038,0,0.0,0,11701
2039,0,0.0,0,11702
2040,0,0.0,0,11703
2041,0,0.0,0,11704
2011,0,0.0,0,11705
2009,0,0.0,0,11736
2043,0,0.0,0,11738
2008,0,0.0,0,11708
1979,0,0.0,0,11709
1980,0,0.0,0,11710
1981,0,0.0,0,11711
1982,0,0.0,0,11712
1983,0,0.0,0,11713
1984,0,0.0,0,11714
1985,0,0.0,0,11715
1986,0,0.0,0,11716
1987,0,0.0,0,11717
1988,0,0.0,0,11718
1990,0,0.0,0,11719
1991,0,0.0,0,11720
1992,0,0.0,0,11721
1993,0,0.0,0,11722
1995,0,0.0,0,11723
1996,0,0.0,0,11724
1997,0,0.0,0,11725
1998,0,0.0,0,11726
1999,0,0.0,0,11727
2000,0,0.0,0,11728
2001,0,0.0,0,11729
2002,0,0.0,0,11730
2003,0,0.0,0,11731
2004,0,0.0,0,11732
2005,0,0.0,0,11733
2006,0,0.0,0,11734
2007,0,0.0,0,11735
2042,0,0.0,0,11706
2044,0,0.0,0,11768
1977,0,0.0,0,11800
2078,0,0.0,0,11769
2080,0,0.0,0,11740
2081,0,0.0,0,11741
2082,0,0.0,0,11742
2083,0,0.0,0,11743
2084,0,0.0,0,11744
2085,0,0.0,0,11745
2086,0,0.0,0,11746
2087,0,0.0,0,11747
2088,0,0.0,0,11748
2089,0,0.0,0,11749
2090,0,0.0,0,11750
2092,0,0.0,0,11751
2093,0,0.0,0,11752
2094,0,0.0,0,11753
2095,0,0.0,0,11754
2096,0,0.0,0,11755
2097,0,0.0,0,11756
2098,0,0.0,0,11757
2099,0,0.0,0,11758
2100,0,0.0,0,11759
2101,0,0.0,0,11760
2103,0,0.0,0,11761
2104,0,0.0,0,11762
2106,0,0.0,0,11763
2107,0,0.0,0,11764
2108,0,0.0,0,11765
2109,0,0.0,0,11766
2079,0,0.0,0,11767
2077,0,0.0,0,11798
2045,0,0.0,0,11739
2075,0,0.0,0,11770
2046,0,0.0,0,11771
2047,0,0.0,0,11772
2048,0,0.0,0,11773
2049,0,0.0,0,11774
2050,0,0.0,0,11775
2051,0,0.0,0,11776
2052,0,0.0,0,11777
2053,0,0.0,0,11778
2054,0,0.0,0,11779
2055,0,0.0,0,11780
2056,0,0.0,0,11781
2057,0,0.0,0,11782
2058,0,0.0,0,11783
2059,0,0.0,0,11784
2060,0,0.0,0,11785
2062,0,0.0,0,11786
2064,0,0.0,0,11787
2065,0,0.0,0,11788
2066,0,0.0,0,11789
2067,0,0.0,0,11790
2068,0,0.0,0,11791
2069,0,0.0,0,11792
2070,0,0.0,0,11793
2071,0,0.0,0,11794
2072,0,0.0,0,11795
2073,0,0.0,0,11796
2074,0,0.0,0,11797
1978,0,0.0,0,11737
1976,0,0.0,0,11861
1841,0,0.0,0,11677
1874,0,0.0,0,11831
1876,0,0.0,0,11802
1877,0,0.0,0,11803
1878,0,0.0,0,11804
1879,0,0.0,0,11805
1880,0,0.0,0,11806
1881,0,0.0,0,11807
1882,0,0.0,0,11808
1883,0,0.0,0,11809
1884,0,0.0,0,11810
1885,0,0.0,0,11811
1886,0,0.0,0,11812
1887,0,0.0,0,11813
1888,0,0.0,0,11814
1889,0,0.0,0,11815
1890,0,0.0,0,11816
1891,0,0.0,0,11817
1892,0,0.0,0,11818
1893,0,0.0,0,11819
1894,0,0.0,0,11820
1895,0,0.0,0,11821
1896,0,0.0,0,11822
1897,0,0.0,0,11823
1898,0,0.0,0,11824
1899,0,0.0,0,11825
1900,0,0.0,0,11826
1901,0,0.0,0,11827
1902,0,0.0,0,11828
1875,0,0.0,0,11829
1873,0,0.0,0,11860
1904,0,0.0,0,11862
1871,0,0.0,0,11832
1842,0,0.0,0,11833
1843,0,0.0,0,11834
1844,0,0.0,0,11835
1845,0,0.0,0,11836
1846,0,0.0,0,11837
1848,0,0.0,0,11838
1849,0,0.0,0,11839
1851,0,0.0,0,11840
1852,0,0.0,0,11841
1853,0,0.0,0,11842
1854,0,0.0,0,11843
1855,0,0.0,0,11844
1856,0,0.0,0,11845
1857,0,0.0,0,11846
1858,0,0.0,0,11847
1859,0,0.0,0,11848
1860,0,0.0,0,11849
1861,0,0.0,0,11850
1862,0,0.0,0,11851
1863,0,0.0,0,11852
1864,0,0.0,0,11853
1865,0,0.0,0,11854
1866,0,0.0,0,11855
1867,0,0.0,0,11856
1868,0,0.0,0,11857
1869,0,0.0,0,11858
1870,0,0.0,0,11859
1903,0,0.0,0,11830
1906,0,0.0,0,11892
1975,0,0.0,0,11801
1939,0,0.0,0,11893
1942,0,0.0,0,11864
1943,0,0.0,0,11865
1944,0,0.0,0,11866
1945,0,0.0,0,11867
1946,0,0.0,0,11868
1947,0,0.0,0,11869
1950,0,0.0,0,11870
1951,0,0.0,0,11871
1953,0,0.0,0,11872
1954,0,0.0,0,11873
1955,0,0.0,0,11874
1956,0,0.0,0,11875
1957,0,0.0,0,11876
1958,0,0.0,0,11877
1959,0,0.0,0,11878
1960,0,0.0,0,11879
1961,0,0.0,0,11880
1963,0,0.0,0,11881
1964,0,0.0,0,11882
1965,0,0.0,0,11883
1966,0,0.0,0,11884
1967,0,0.0,0,11885
1968,0,0.0,0,11886
1970,0,0.0,0,11887
1971,0,0.0,0,11888
1973,0,0.0,0,11889
1974,0,0.0,0,11890
1940,0,0.0,0,11891
1938,0,0.0,0,11922
1907,0,0.0,0,11863
1937,0,0.0,0,11894
1908,0,0.0,0,11895
1909,0,0.0,0,11896
1910,0,0.0,0,11897
1911,0,0.0,0,11898
1912,0,0.0,0,11899
1913,0,0.0,0,11900
1914,0,0.0,0,11901
1915,0,0.0,0,11902
1916,0,0.0,0,11903
1917,0,0.0,0,11904
1918,0,0.0,0,11905
1919,0,0.0,0,11906
1920,0,0.0,0,11907
1921,0,0.0,0,11908
1922,0,0.0,0,11909
1923,0,0.0,0,11910
1924,0,0.0,0,11911
1925,0,0.0,0,11912
1926,0,0.0,0,11913
1927,0,0.0,0,11914
1928,0,0.0,0,11915
1929,0,0.0,0,11916
1930,0,0.0,0,11917
1931,0,0.0,0,11918
1932,0,0.0,0,11919
1934,0,0.0,0,11920
1935,0,0.0,0,11921
1574,0,0.0,0,11675
1573,0,0.0,0,11924
1572,0,0.0,0,12171
1207,0,0.0,0,11953
1210,0,0.0,0,11927
1211,0,0.0,0,11928
1212,0,0.0,0,11929
1213,0,0.0,0,11930
1214,0,0.0,0,11931
1215,0,0.0,0,11932
1216,0,0.0,0,11933
1217,0,0.0,0,11934
1218,0,0.0,0,11935
1219,0,0.0,0,11936
1220,0,0.0,0,11937
1221,0,0.0,0,11938
1222,0,0.0,0,11939
1223,0,0.0,0,11940
1224,0,0.0,0,11941
1225,0,0.0,0,11942
1226,0,0.0,0,11943
1228,0,0.0,0,11944
1229,0,0.0,0,11945
1230,0,0.0,0,11946
1231,0,0.0,0,11947
1232,0,0.0,0,11948
1233,0,0.0,0,11949
1234,0,0.0,0,11950
1235,0,0.0,0,11951
1236,0,0.0,0,11952
1237,0,0.0,0,11954
1209,0,0.0,0,11926
1206,0,0.0,0,11955
1239,0,0.0,0,12016
1205,0,0.0,0,11984
1176,0,0.0,0,11958
1177,0,0.0,0,11959
1178,0,0.0,0,11960
1179,0,0.0,0,11961
1180,0,0.0,0,11962
1181,0,0.0,0,11963
1182,0,0.0,0,11964
1184,0,0.0,0,11965
1185,0,0.0,0,11966
1186,0,0.0,0,11967
1187,0,0.0,0,11968
1188,0,0.0,0,11969
1189,0,0.0,0,11970
1190,0,0.0,0,11971
1191,0,0.0,0,11972
1192,0,0.0,0,11973
1194,0,0.0,0,11974
1195,0,0.0,0,11975
1196,0,0.0,0,11976
1197,0,0.0,0,11977
1198,0,0.0,0,11978
1199,0,0.0,0,11979
1200,0,0.0,0,11980
1201,0,0.0,0,11981
1202,0,0.0,0,11982
1203,0,0.0,0,11983
1204,0,0.0,0,11956
1238,0,0.0,0,11986
1240,0,0.0,0,11987
1174,0,0.0,0,11985
1277,0,0.0,0,12015
1279,0,0.0,0,11989
1280,0,0.0,0,11990
1281,0,0.0,0,11991
1282,0,0.0,0,11992
1283,0,0.0,0,11993
1284,0,0.0,0,11994
1285,0,0.0,0,11995
1286,0,0.0,0,11996
1287,0,0.0,0,11997
1288,0,0.0,0,11998
1289,0,0.0,0,11999
1290,0,0.0,0,12000
1292,0,0.0,0,12001
1293,0,0.0,0,12002
1294,0,0.0,0,12003
1295,0,0.0,0,12004
1296,0,0.0,0,12005
1297,0,0.0,0,12006
1298,0,0.0,0,12007
1299,0,0.0,0,12008
1300,0,0.0,0,12009
1301,0,0.0,0,12010
1302,0,0.0,0,12011
1303,0,0.0,0,12012
1305,0,0.0,0,12013
1306,0,0.0,0,12014
1307,0,0.0,0,12047
1278,0,0.0,0,11988
1276,0,0.0,0,12017
1241,0,0.0,0,12019
1275,0,0.0,0,12046
1242,0,0.0,0,12020
1243,0,0.0,0,12021
1244,0,0.0,0,12022
1245,0,0.0,0,12023
1246,0,0.0,0,12024
1247,0,0.0,0,12025
1248,0,0.0,0,12026
1249,0,0.0,0,12027
1251,0,0.0,0,12028
1252,0,0.0,0,12029
1253,0,0.0,0,12030
1254,0,0.0,0,12031
1255,0,0.0,0,12032
1256,0,0.0,0,12033
1257,0,0.0,0,12034
1259,0,0.0,0,12035
1260,0,0.0,0,12036
1262,0,0.0,0,12037
1263,0,0.0,0,12038
1264,0,0.0,0,12039
1265,0,0.0,0,12040
1266,0,0.0,0,12041
1267,0,0.0,0,12042
1269,0,0.0,0,12043
1271,0,0.0,0,12044
1272,0,0.0,0,12045
1273,0,0.0,0,12018
1175,0,0.0,0,11957
1173,0,0.0,0,12048
1569,0,0.0,0,11925
1077,0,0.0,0,12077
1079,0,0.0,0,12051
1080,0,0.0,0,12052
1081,0,0.0,0,12053
1082,0,0.0,0,12054
1083,0,0.0,0,12055
1084,0,0.0,0,12056
1085,0,0.0,0,12057
1086,0,0.0,0,12058
1087,0,0.0,0,12059
1088,0,0.0,0,12060
1089,0,0.0,0,12061
1090,0,0.0,0,12062
1091,0,0.0,0,12063
1092,0,0.0,0,12064
1093,0,0.0,0,12065
1094,0,0.0,0,12066
1095,0,0.0,0,12067
1096,0,0.0,0,12068
1097,0,0.0,0,12069
1098,0,0.0,0,12070
1099,0,0.0,0,12071
1100,0,0.0,0,12072
1101,0,0.0,0,12073
1102,0,0.0,0,12074
1103,0,0.0,0,12075
1104,0,0.0,0,12076
1105,0,0.0,0,12078
1078,0,0.0,0,12050
1076,0,0.0,0,12079
1107,0,0.0,0,12140
1075,0,0.0,0,12108
1046,0,0.0,0,12082
1047,0,0.0,0,12083
1048,0,0.0,0,12084
1049,0,0.0,0,12085
1050,0,0.0,0,12086
1051,0,0.0,0,12087
1053,0,0.0,0,12088
1054,0,0.0,0,12089
1055,0,0.0,0,12090
1056,0,0.0,0,12091
1057,0,0.0,0,12092
1058,0,0.0,0,12093
1059,0,0.0,0,12094
1060,0,0.0,0,12095
1061,0,0.0,0,12096
1062,0,0.0,0,12097
1063,0,0.0,0,12098
1064,0,0.0,0,12099
1065,0,0.0,0,12100
1066,0,0.0,0,12101
1067,0,0.0,0,12102
1068,0,0.0,0,12103
1070,0,0.0,0,12104
1071,0,0.0,0,12105
1072,0,0.0,0,12106
1073,0,0.0,0,12107
1074,0,0.0,0,12080
1106,0,0.0,0,12110
1108,0,0.0,0,12111
1172,0,0.0,0,12109
1143,0,0.0,0,12139
1145,0,0.0,0,12113
1146,0,0.0,0,12114
1147,0,0.0,0,12115
1148,0,0.0,0,12116
1149,0,0.0,0,12117
1150,0,0.0,0,12118
1151,0,0.0,0,12119
1152,0,0.0,0,12120
1153,0,0.0,0,12121
1154,0,0.0,0,12122
1155,0,0.0,0,12123
1156,0,0.0,0,12124
1157,0,0.0,0,12125
1158,0,0.0,0,12126
1159,0,0.0,0,12127
1160,0,0.0,0,12128
1161,0,0.0,0,12129
1162,0,0.0,0,12130
1163,0,0.0,0,12131
1164,0,0.0,0,12132
1165,0,0.0,0,12133
1166,0,0.0,0,12134
1167,0,0.0,0,12135
1168,0,0.0,0,12136
1169,0,0.0,0,12137
1170,0,0.0,0,12138
1171,0,0.0,0,12049
1144,0,0.0,0,12112
1142,0,0.0,0,12141
1109,0,0.0,0,12143
1141,0,0.0,0,12170
1110,0,0.0,0,12144
1111,0,0.0,0,12145
1112,0,0.0,0,12146
1113,0,0.0,0,12147
1114,0,0.0,0,12148
1115,0,0.0,0,12149
1116,0,0.0,0,12150
1117,0,0.0,0,12151
1118,0,0.0,0,12152
1119,0,0.0,0,12153
1120,0,0.0,0,12154
1121,0,0.0,0,12155
1122,0,0.0,0,12156
1123,0,0.0,0,12157
1124,0,0.0,0,12158
1127,0,0.0,0,12159
1128,0,0.0,0,12160
1129,0,0.0,0,12161
1130,0,0.0,0,12162
1131,0,0.0,0,12163
1132,0,0.0,0,12164
1134,0,0.0,0,12165
1135,0,0.0,0,12166
1136,0,0.0,0,12167
1137,0,0.0,0,12168
1138,0,0.0,0,12169
1140,0,0.0,0,12142
1308,0,0.0,0,12172
1309,0,0.0,0,12295
1310,0,0.0,0,12173
1470,0,0.0,0,12203
1472,0,0.0,0,12174
1473,0,0.0,0,12175
1474,0,0.0,0,12176
1475,0,0.0,0,12177
1477,0,0.0,0,12178
1478,0,0.0,0,12179
1479,0,0.0,0,12180
1480,0,0.0,0,12181
1481,0,0.0,0,12182
1482,0,0.0,0,12183
1483,0,0.0,0,12184
1484,0,0.0,0,12185
1485,0,0.0,0,12186
1486,0,0.0,0,12187
1487,0,0.0,0,12188
1488,0,0.0,0,12189
1489,0,0.0,0,12190
1490,0,0.0,0,12191
1491,0,0.0,0,12192
1492,0,0.0,0,12193
1493,0,0.0,0,12194
1494,0,0.0,0,12195
1496,0,0.0,0,12196
1498,0,0.0,0,12197
1499,0,0.0,0,12198
1500,0,0.0,0,12199
1501,0,0.0,0,12200
1471,0,0.0,0,12201
1469,0,0.0,0,12232
1503,0,0.0,0,12234
1468,0,0.0,0,12204
1440,0,0.0,0,12205
1441,0,0.0,0,12206
1442,0,0.0,0,12207
1443,0,0.0,0,12208
1444,0,0.0,0,12209
1445,0,0.0,0,12210
1446,0,0.0,0,12211
1447,0,0.0,0,12212
1448,0,0.0,0,12213
1449,0,0.0,0,12214
1450,0,0.0,0,12215
1451,0,0.0,0,12216
1452,0,0.0,0,12217
1453,0,0.0,0,12218
1454,0,0.0,0,12219
1455,0,0.0,0,12220
1456,0,0.0,0,12221
1457,0,0.0,0,12222
1458,0,0.0,0,12223
1459,0,0.0,0,12224
1460,0,0.0,0,12225
1461,0,0.0,0,12226
1462,0,0.0,0,12227
1463,0,0.0,0,12228
1465,0,0.0,0,12229
1466,0,0.0,0,12230
1467,0,0.0,0,12231
1502,0,0.0,0,12202
1504,0,0.0,0,12264
1311,0,0.0,0,12329
1537,0,0.0,0,12265
1539,0,0.0,0,12236
1540,0,0.0,0,12237
1541,0,0.0,0,12238
1542,0,0.0,0,12239
1543,0,0.0,0,12240
1544,0,0.0,0,12241
1545,0,0.0,0,12242
1546,0,0.0,0,12243
1547,0,0.0,0,12244
1548,0,0.0,0,12245
1549,0,0.0,0,12246
1550,0,0.0,0,12247
1551,0,0.0,0,12248
1552,0,0.0,0,12249
1554,0,0.0,0,12250
1555,0,0.0,0,12251
1557,0,0.0,0,12252
1558,0,0.0,0,12253
1559,0,0.0,0,12254
1560,0,0.0,0,12255
1561,0,0.0,0,12256
1562,0,0.0,0,12257
1563,0,0.0,0,12258
1564,0,0.0,0,12259
1565,0,0.0,0,12260
1566,0,0.0,0,12261
1568,0,0.0,0,12262
1538,0,0.0,0,12263
1535,0,0.0,0,12294
1505,0,0.0,0,12235
1534,0,0.0,0,12266
1506,0,0.0,0,12267
1507,0,0.0,0,12268
1508,0,0.0,0,12269
1509,0,0.0,0,12270
1510,0,0.0,0,12271
1511,0,0.0,0,12272
1512,0,0.0,0,12273
1513,0,0.0,0,12274
1514,0,0.0,0,12275
1515,0,0.0,0,12276
1516,0,0.0,0,12277
1517,0,0.0,0,12278
1518,0,0.0,0,12279
1519,0,0.0,0,12280
1520,0,0.0,0,12281
1521,0,0.0,0,12282
1522,0,0.0,0,12283
1524,0,0.0,0,12284
1525,0,0.0,0,12285
1526,0,0.0,0,12286
1527,0,0.0,0,12287
1528,0,0.0,0,12288
1529,0,0.0,0,12289
1530,0,0.0,0,12290
1531,0,0.0,0,12291
1532,0,0.0,0,12292
1533,0,0.0,0,12293
1439,0,0.0,0,12233
1438,0,0.0,0,12296
1437,0,0.0,0,12357
1342,0,0.0,0,12325
1345,0,0.0,0,12299
1346,0,0.0,0,12300
1347,0,0.0,0,12301
1348,0,0.0,0,12302
1349,0,0.0,0,12303
1350,0,0.0,0,12304
1351,0,0.0,0,12305
1352,0,0.0,0,12306
1353,0,0.0,0,12307
1354,0,0.0,0,12308
1355,0,0.0,0,12309
1356,0,0.0,0,12310
1357,0,0.0,0,12311
1358,0,0.0,0,12312
1359,0,0.0,0,12313
1360,0,0.0,0,12314
1361,0,0.0,0,12315
1362,0,0.0,0,12316
1364,0,0.0,0,12317
1365,0,0.0,0,12318
1366,0,0.0,0,12319
1367,0,0.0,0,12320
1368,0,0.0,0,12321
1369,0,0.0,0,12322
1370,0,0.0,0,12323
1371,0,0.0,0,12324
1372,0,0.0,0,12326
1343,0,0.0,0,12298
1341,0,0.0,0,12327
1436,0,0.0,0,12297
1340,0,0.0,0,12356
1312,0,0.0,0,12330
1313,0,0.0,0,12331
1314,0,0.0,0,12332
1315,0,0.0,0,12333
1316,0,0.0,0,12334
1317,0,0.0,0,12335
1318,0,0.0,0,12336
1319,0,0.0,0,12337
1320,0,0.0,0,12338
1321,0,0.0,0,12339
1322,0,0.0,0,12340
1323,0,0.0,0,12341
1324,0,0.0,0,12342
1325,0,0.0,0,12343
1326,0,0.0,0,12344
1327,0,0.0,0,12345
1328,0,0.0,0,12346
1329,0,0.0,0,12347
1331,0,0.0,0,12348
1332,0,0.0,0,12349
1333,0,0.0,0,12350
1334,0,0.0,0,12351
1335,0,0.0,0,12352
1336,0,0.0,0,12353
1337,0,0.0,0,12354
1338,0,0.0,0,12355
1339,0,0.0,0,12328
1373,0,0.0,0,12358
1374,0,0.0,0,12388
1375,0,0.0,0,12359
1376,0,0.0,0,12391
1409,0,0.0,0,12360
1410,0,0.0,0,12361
1411,0,0.0,0,12362
1412,0,0.0,0,12363
1413,0,0.0,0,12364
1414,0,0.0,0,12365
1415,0,0.0,0,12366
1416,0,0.0,0,12367
1417,0,0.0,0,12368
1418,0,0.0,0,12369
1419,0,0.0,0,12370
1420,0,0.0,0,12371
1421,0,0.0,0,12372
1422,0,0.0,0,12373
1423,0,0.0,0,12374
1424,0,0.0,0,12375
1425,0,0.0,0,12376
1426,0,0.0,0,12377
1427,0,0.0,0,12378
1428,0,0.0,0,12379
1429,0,0.0,0,12380
1430,0,0.0,0,12381
1431,0,0.0,0,12382
1432,0,0.0,0,12383
1433,0,0.0,0,12384
1434,0,0.0,0,12385
1435,0,0.0,0,12386
1408,0,0.0,0,12387
1407,0,0.0,0,12389
1406,0,0.0,0,12418
1389,0,0.0,0,12404
1377,0,0.0,0,12392
1378,0,0.0,0,12393
1379,0,0.0,0,12394
1380,0,0.0,0,12395
1381,0,0.0,0,12396
1382,0,0.0,0,12397
1383,0,0.0,0,12398
1384,0,0.0,0,12399
1385,0,0.0,0,12400
1386,0,0.0,0,12401
1387,0,0.0,0,12402
1388,0,0.0,0,12403
1390,0,0.0,0,12405
1405,0,0.0,0,12390
1391,0,0.0,0,12406
1392,0,0.0,0,12407
1393,0,0.0,0,12408
1394,0,0.0,0,12409
1395,0,0.0,0,12410
1396,0,0.0,0,12411
1397,0,0.0,0,12412
1398,0,0.0,0,12413
1399,0,0.0,0,12414
1401,0,0.0,0,12415
1403,0,0.0,0,12416
1404,0,0.0,0,12417
4220,0,0.0,0,12420
4221,0,0.0,0,15888
4222,0,0.0,0,12421
7032,0,0.0,0,12450
7034,0,0.0,0,12434
7035,0,0.0,0,12422
7036,0,0.0,0,12423
7037,0,0.0,0,12424
7038,0,0.0,0,12425
7039,0,0.0,0,12426
7040,0,0.0,0,12427
7041,0,0.0,0,12428
7044,0,0.0,0,12429
7045,0,0.0,0,12430
7046,0,0.0,0,12431
7047,0,0.0,0,12432
7048,0,0.0,0,12433
7049,0,0.0,0,12435
7050,0,0.0,0,12448
7051,0,0.0,0,12436
7052,0,0.0,0,12437
7053,0,0.0,0,12438
7055,0,0.0,0,12439
7056,0,0.0,0,12440
7057,0,0.0,0,12441
7058,0,0.0,0,12442
7059,0,0.0,0,12443
7060,0,0.0,0,12444
7061,0,0.0,0,12445
7062,0,0.0,0,12446
7063,0,0.0,0,12447
7033,0,0.0,0,12449
7031,0,0.0,0,12451
7065,0,0.0,0,12480
7030,0,0.0,0,12478
7002,0,0.0,0,12511
7003,0,0.0,0,12452
7004,0,0.0,0,12453
7005,0,0.0,0,12454
7006,0,0.0,0,12455
7007,0,0.0,0,12456
7008,0,0.0,0,12457
7009,0,0.0,0,12458
7010,0,0.0,0,12459
7011,0,0.0,0,12460
7012,0,0.0,0,12461
7013,0,0.0,0,12462
7014,0,0.0,0,12463
7015,0,0.0,0,12464
7016,0,0.0,0,12465
7017,0,0.0,0,12466
7018,0,0.0,0,12467
7019,0,0.0,0,12468
7021,0,0.0,0,12469
7022,0,0.0,0,12470
7023,0,0.0,0,12471
7024,0,0.0,0,12472
7025,0,0.0,0,12473
7026,0,0.0,0,12474
7027,0,0.0,0,12475
7028,0,0.0,0,12476
7029,0,0.0,0,12477
7064,0,0.0,0,12479
7066,0,0.0,0,12481
7000,0,0.0,0,12543
7098,0,0.0,0,12512
7100,0,0.0,0,12483
7101,0,0.0,0,12484
7102,0,0.0,0,12485
7104,0,0.0,0,12486
7105,0,0.0,0,12487
7107,0,0.0,0,12488
7108,0,0.0,0,12489
7109,0,0.0,0,12490
7110,0,0.0,0,12491
7111,0,0.0,0,12492
7112,0,0.0,0,12493
7113,0,0.0,0,12494
7114,0,0.0,0,12495
7115,0,0.0,0,12496
7116,0,0.0,0,12497
7117,0,0.0,0,12498
7118,0,0.0,0,12499
7119,0,0.0,0,12500
7120,0,0.0,0,12501
7121,0,0.0,0,12502
7122,0,0.0,0,12503
7123,0,0.0,0,12504
7124,0,0.0,0,12505
7125,0,0.0,0,12506
7126,0,0.0,0,12507
7127,0,0.0,0,12508
7128,0,0.0,0,12509
7099,0,0.0,0,12510
7097,0,0.0,0,12541
7067,0,0.0,0,12482
7096,0,0.0,0,12513
7068,0,0.0,0,12514
7069,0,0.0,0,12515
7070,0,0.0,0,12516
7071,0,0.0,0,12517
7072,0,0.0,0,12518
7073,0,0.0,0,12519
7074,0,0.0,0,12520
7075,0,0.0,0,12521
7076,0,0.0,0,12522
7077,0,0.0,0,12523
7078,0,0.0,0,12524
7079,0,0.0,0,12525
7081,0,0.0,0,12526
7082,0,0.0,0,12527
7083,0,0.0,0,12528
7084,0,0.0,0,12529
7085,0,0.0,0,12530
7086,0,0.0,0,12531
7087,0,0.0,0,12532
7088,0,0.0,0,12533
7089,0,0.0,0,12534
7090,0,0.0,0,12535
7091,0,0.0,0,12536
7092,0,0.0,0,12537
7093,0,0.0,0,12538
7094,0,0.0,0,12539
7095,0,0.0,0,12540
7001,0,0.0,0,12542
6999,0,0.0,0,12544
7130,0,0.0,0,12666
6899,0,0.0,0,12603
6901,0,0.0,0,12572
6902,0,0.0,0,12545
6903,0,0.0,0,12546
6904,0,0.0,0,12547
6905,0,0.0,0,12548
6906,0,0.0,0,12549
6907,0,0.0,0,12550
6908,0,0.0,0,12551
6909,0,0.0,0,12552
6910,0,0.0,0,12553
6911,0,0.0,0,12554
6912,0,0.0,0,12555
6913,0,0.0,0,12556
6914,0,0.0,0,12557
6915,0,0.0,0,12558
6916,0,0.0,0,12559
6917,0,0.0,0,12560
6918,0,0.0,0,12561
6919,0,0.0,0,12562
6921,0,0.0,0,12563
6922,0,0.0,0,12564
6923,0,0.0,0,12565
6924,0,0.0,0,12566
6925,0,0.0,0,12567
6926,0,0.0,0,12568
6927,0,0.0,0,12569
6928,0,0.0,0,12570
6900,0,0.0,0,12574
6898,0,0.0,0,12575
6931,0,0.0,0,12573
6897,0,0.0,0,12602
6865,0,0.0,0,12790
6866,0,0.0,0,12576
6867,0,0.0,0,12577
6868,0,0.0,0,12578
6869,0,0.0,0,12579
6870,0,0.0,0,12580
6871,0,0.0,0,12581
6872,0,0.0,0,12582
6873,0,0.0,0,12583
6874,0,0.0,0,12584
6875,0,0.0,0,12585
6877,0,0.0,0,12586
6878,0,0.0,0,12587
6880,0,0.0,0,12588
6881,0,0.0,0,12589
6884,0,0.0,0,12590
6885,0,0.0,0,12591
6886,0,0.0,0,12592
6887,0,0.0,0,12593
6888,0,0.0,0,12594
6890,0,0.0,0,12595
6891,0,0.0,0,12596
6892,0,0.0,0,12597
6893,0,0.0,0,12598
6894,0,0.0,0,12599
6895,0,0.0,0,12600
6896,0,0.0,0,12601
6929,0,0.0,0,12571
6932,0,0.0,0,12605
6998,0,0.0,0,12633
6967,0,0.0,0,12665
6969,0,0.0,0,12634
6970,0,0.0,0,12607
6971,0,0.0,0,12608
6972,0,0.0,0,12609
6973,0,0.0,0,12610
6974,0,0.0,0,12611
6975,0,0.0,0,12612
6976,0,0.0,0,12613
6977,0,0.0,0,12614
6978,0,0.0,0,12615
6979,0,0.0,0,12616
6980,0,0.0,0,12617
6981,0,0.0,0,12618
6982,0,0.0,0,12619
6983,0,0.0,0,12620
6984,0,0.0,0,12621
6985,0,0.0,0,12622
6986,0,0.0,0,12623
6987,0,0.0,0,12624
6988,0,0.0,0,12625
6989,0,0.0,0,12626
6990,0,0.0,0,12627
6991,0,0.0,0,12628
6993,0,0.0,0,12629
6995,0,0.0,0,12630
6996,0,0.0,0,12631
6997,0,0.0,0,12632
6968,0,0.0,0,12636
6966,0,0.0,0,12637
6934,0,0.0,0,12635
6964,0,0.0,0,12664
6935,0,0.0,0,12606
6936,0,0.0,0,12638
6937,0,0.0,0,12639
6938,0,0.0,0,12640
6939,0,0.0,0,12641
6940,0,0.0,0,12642
6941,0,0.0,0,12643
6942,0,0.0,0,12644
6943,0,0.0,0,12645
6944,0,0.0,0,12646
6946,0,0.0,0,12647
6947,0,0.0,0,12648
6949,0,0.0,0,12649
6950,0,0.0,0,12650
6951,0,0.0,0,12651
6952,0,0.0,0,12652
6953,0,0.0,0,12653
6954,0,0.0,0,12654
6955,0,0.0,0,12655
6956,0,0.0,0,12656
6957,0,0.0,0,12657
6958,0,0.0,0,12658
6959,0,0.0,0,12659
6960,0,0.0,0,12660
6961,0,0.0,0,12661
6962,0,0.0,0,12662
6963,0,0.0,0,12663
7129,0,0.0,0,12604
7131,0,0.0,0,12667
7390,0,0.0,0,13411
7295,0,0.0,0,12698
7297,0,0.0,0,12669
7298,0,0.0,0,12670
7299,0,0.0,0,12671
7300,0,0.0,0,12672
7301,0,0.0,0,12673
7302,0,0.0,0,12674
7303,0,0.0,0,12675
7304,0,0.0,0,12676
7305,0,0.0,0,12677
7306,0,0.0,0,12678
7307,0,0.0,0,12679
7308,0,0.0,0,12680
7309,0,0.0,0,12681
7310,0,0.0,0,12682
7311,0,0.0,0,12683
7312,0,0.0,0,12684
7313,0,0.0,0,12685
7314,0,0.0,0,12686
7316,0,0.0,0,12687
7317,0,0.0,0,12688
7318,0,0.0,0,12689
7319,0,0.0,0,12690
7320,0,0.0,0,12691
7321,0,0.0,0,12692
7322,0,0.0,0,12693
7323,0,0.0,0,12694
7324,0,0.0,0,12695
7296,0,0.0,0,12696
7294,0,0.0,0,12727
7326,0,0.0,0,12729
7293,0,0.0,0,12699
7264,0,0.0,0,12700
7265,0,0.0,0,12701
7267,0,0.0,0,12702
7268,0,0.0,0,12703
7269,0,0.0,0,12704
7270,0,0.0,0,12705
7271,0,0.0,0,12706
7272,0,0.0,0,12707
7273,0,0.0,0,12708
7274,0,0.0,0,12709
7275,0,0.0,0,12710
7276,0,0.0,0,12711
7277,0,0.0,0,12712
7278,0,0.0,0,12713
7279,0,0.0,0,12714
7280,0,0.0,0,12715
7281,0,0.0,0,12716
7282,0,0.0,0,12717
7283,0,0.0,0,12718
7284,0,0.0,0,12719
7285,0,0.0,0,12720
7286,0,0.0,0,12721
7287,0,0.0,0,12722
7288,0,0.0,0,12723
7289,0,0.0,0,12724
7290,0,0.0,0,12725
7291,0,0.0,0,12726
7325,0,0.0,0,12697
7327,0,0.0,0,12759
7262,0,0.0,0,12791
7358,0,0.0,0,12760
7360,0,0.0,0,12731
7361,0,0.0,0,12732
7362,0,0.0,0,12733
7363,0,0.0,0,12734
7364,0,0.0,0,12735
7366,0,0.0,0,12736
7367,0,0.0,0,12737
7368,0,0.0,0,12738
7369,0,0.0,0,12739
7370,0,0.0,0,12740
7371,0,0.0,0,12741
7373,0,0.0,0,12742
7374,0,0.0,0,12743
7375,0,0.0,0,12744
7376,0,0.0,0,12745
7377,0,0.0,0,12746
7378,0,0.0,0,12747
7379,0,0.0,0,12748
7380,0,0.0,0,12749
7381,0,0.0,0,12750
7382,0,0.0,0,12751
7383,0,0.0,0,12752
7384,0,0.0,0,12753
7385,0,0.0,0,12754
7386,0,0.0,0,12755
7387,0,0.0,0,12756
7388,0,0.0,0,12757
7359,0,0.0,0,12758
7357,0,0.0,0,12789
7328,0,0.0,0,12730
7356,0,0.0,0,12761
7329,0,0.0,0,12762
7330,0,0.0,0,12763
7331,0,0.0,0,12764
7332,0,0.0,0,12765
7333,0,0.0,0,12766
7334,0,0.0,0,12767
7335,0,0.0,0,12768
7336,0,0.0,0,12769
7337,0,0.0,0,12770
7338,0,0.0,0,12771
7339,0,0.0,0,12772
7340,0,0.0,0,12773
7341,0,0.0,0,12774
7342,0,0.0,0,12775
7343,0,0.0,0,12776
7344,0,0.0,0,12777
7345,0,0.0,0,12778
7346,0,0.0,0,12779
7347,0,0.0,0,12780
7348,0,0.0,0,12781
7349,0,0.0,0,12782
7350,0,0.0,0,12783
7351,0,0.0,0,12784
7352,0,0.0,0,12785
7353,0,0.0,0,12786
7354,0,0.0,0,12787
7355,0,0.0,0,12788
7263,0,0.0,0,12728
7261,0,0.0,0,12852
7132,0,0.0,0,12668
7165,0,0.0,0,12822
7167,0,0.0,0,12793
7168,0,0.0,0,12794
7169,0,0.0,0,12795
7170,0,0.0,0,12796
7171,0,0.0,0,12797
7172,0,0.0,0,12798
7173,0,0.0,0,12799
7174,0,0.0,0,12800
7175,0,0.0,0,12801
7176,0,0.0,0,12802
7177,0,0.0,0,12803
7178,0,0.0,0,12804
7179,0,0.0,0,12805
7180,0,0.0,0,12806
7181,0,0.0,0,12807
7182,0,0.0,0,12808
7183,0,0.0,0,12809
7184,0,0.0,0,12810
7185,0,0.0,0,12811
7186,0,0.0,0,12812
7187,0,0.0,0,12813
7188,0,0.0,0,12814
7189,0,0.0,0,12815
7190,0,0.0,0,12816
7192,0,0.0,0,12817
7193,0,0.0,0,12818
7194,0,0.0,0,12819
7166,0,0.0,0,12820
7164,0,0.0,0,12851
7196,0,0.0,0,12853
7162,0,0.0,0,12823
7133,0,0.0,0,12824
7134,0,0.0,0,12825
7135,0,0.0,0,12826
7136,0,0.0,0,12827
7137,0,0.0,0,12828
7138,0,0.0,0,12829
7139,0,0.0,0,12830
7140,0,0.0,0,12831
7141,0,0.0,0,12832
7142,0,0.0,0,12833
7143,0,0.0,0,12834
7144,0,0.0,0,12835
7145,0,0.0,0,12836
7146,0,0.0,0,12837
7147,0,0.0,0,12838
7148,0,0.0,0,12839
7149,0,0.0,0,12840
7150,0,0.0,0,12841
7152,0,0.0,0,12842
7153,0,0.0,0,12843
7154,0,0.0,0,12844
7155,0,0.0,0,12845
7156,0,0.0,0,12846
7157,0,0.0,0,12847
7158,0,0.0,0,12848
7159,0,0.0,0,12849
7161,0,0.0,0,12850
7195,0,0.0,0,12821
7197,0,0.0,0,12883
7260,0,0.0,0,12792
7229,0,0.0,0,12884
7231,0,0.0,0,12855
7232,0,0.0,0,12856
7233,0,0.0,0,12857
7234,0,0.0,0,12858
7235,0,0.0,0,12859
7237,0,0.0,0,12860
7238,0,0.0,0,12861
7239,0,0.0,0,12862
7240,0,0.0,0,12863
7241,0,0.0,0,12864
7242,0,0.0,0,12865
7243,0,0.0,0,12866
7244,0,0.0,0,12867
7245,0,0.0,0,12868
7246,0,0.0,0,12869
7247,0,0.0,0,12870
7248,0,0.0,0,12871
7249,0,0.0,0,12872
7250,0,0.0,0,12873
7251,0,0.0,0,12874
7252,0,0.0,0,12875
7253,0,0.0,0,12876
7254,0,0.0,0,12877
7255,0,0.0,0,12878
7256,0,0.0,0,12879
7257,0,0.0,0,12880
7258,0,0.0,0,12881
7230,0,0.0,0,12882
7228,0,0.0,0,12913
7198,0,0.0,0,12854
7227,0,0.0,0,12885
7199,0,0.0,0,12886
7200,0,0.0,0,12887
7201,0,0.0,0,12888
7202,0,0.0,0,12889
7203,0,0.0,0,12890
7204,0,0.0,0,12891
7205,0,0.0,0,12892
7206,0,0.0,0,12893
7207,0,0.0,0,12894
7208,0,0.0,0,12895
7209,0,0.0,0,12896
7210,0,0.0,0,12897
7211,0,0.0,0,12898
7212,0,0.0,0,12899
7213,0,0.0,0,12900
7214,0,0.0,0,12901
7215,0,0.0,0,12902
7216,0,0.0,0,12903
7217,0,0.0,0,12904
7218,0,0.0,0,12905
7219,0,0.0,0,12906
7220,0,0.0,0,12907
7221,0,0.0,0,12908
7222,0,0.0,0,12909
7223,0,0.0,0,12910
7224,0,0.0,0,12911
7225,0,0.0,0,12912
6864,0,0.0,0,12914
6863,0,0.0,0,12915
6862,0,0.0,0,12916
6503,0,0.0,0,12946
6505,0,0.0,0,12917
6506,0,0.0,0,12918
6507,0,0.0,0,12919
6508,0,0.0,0,12920
6509,0,0.0,0,12921
6510,0,0.0,0,12922
6511,0,0.0,0,12923
6512,0,0.0,0,12924
6513,0,0.0,0,12925
6514,0,0.0,0,12926
6515,0,0.0,0,12927
6516,0,0.0,0,12928
6517,0,0.0,0,12929
6518,0,0.0,0,12930
6519,0,0.0,0,12931
6520,0,0.0,0,12932
6521,0,0.0,0,12933
6525,0,0.0,0,12934
6526,0,0.0,0,12935
6527,0,0.0,0,12936
6528,0,0.0,0,12937
6529,0,0.0,0,12938
6530,0,0.0,0,12939
6531,0,0.0,0,12940
6532,0,0.0,0,12941
6533,0,0.0,0,12942
6536,0,0.0,0,12943
6504,0,0.0,0,12944
6502,0,0.0,0,12975
6538,0,0.0,0,12977
6501,0,0.0,0,12947
6472,0,0.0,0,12948
6473,0,0.0,0,12949
6474,0,0.0,0,12950
6475,0,0.0,0,12951
6476,0,0.0,0,12952
6478,0,0.0,0,12953
6479,0,0.0,0,12954
6480,0,0.0,0,12955
6481,0,0.0,0,12956
6482,0,0.0,0,12957
6484,0,0.0,0,12958
6485,0,0.0,0,12959
6486,0,0.0,0,12960
6487,0,0.0,0,12961
6488,0,0.0,0,12962
6489,0,0.0,0,12963
6490,0,0.0,0,12964
6491,0,0.0,0,12965
6492,0,0.0,0,12966
6493,0,0.0,0,12967
6494,0,0.0,0,12968
6495,0,0.0,0,12969
6496,0,0.0,0,12970
6497,0,0.0,0,12971
6498,0,0.0,0,12972
6499,0,0.0,0,12973
6500,0,0.0,0,12974
6537,0,0.0,0,12945
6539,0,0.0,0,13007
6470,0,0.0,0,13039
6570,0,0.0,0,13008
6572,0,0.0,0,12979
6573,0,0.0,0,12980
6574,0,0.0,0,12981
6575,0,0.0,0,12982
6576,0,0.0,0,12983
6577,0,0.0,0,12984
6578,0,0.0,0,12985
6579,0,0.0,0,12986
6580,0,0.0,0,12987
6581,0,0.0,0,12988
6582,0,0.0,0,12989
6583,0,0.0,0,12990
6584,0,0.0,0,12991
6585,0,0.0,0,12992
6586,0,0.0,0,12993
6587,0,0.0,0,12994
6588,0,0.0,0,12995
6589,0,0.0,0,12996
6590,0,0.0,0,12997
6591,0,0.0,0,12998
6592,0,0.0,0,12999
6593,0,0.0,0,13000
6594,0,0.0,0,13001
6595,0,0.0,0,13002
6596,0,0.0,0,13003
6597,0,0.0,0,13004
6599,0,0.0,0,13005
6571,0,0.0,0,13006
6569,0,0.0,0,13037
6540,0,0.0,0,12978
6568,0,0.0,0,13009
6541,0,0.0,0,13010
6542,0,0.0,0,13011
6543,0,0.0,0,13012
6544,0,0.0,0,13013
6545,0,0.0,0,13014
6546,0,0.0,0,13015
6547,0,0.0,0,13016
6548,0,0.0,0,13017
6549,0,0.0,0,13018
6550,0,0.0,0,13019
6551,0,0.0,0,13020
6552,0,0.0,0,13021
6553,0,0.0,0,13022
6554,0,0.0,0,13023
6555,0,0.0,0,13024
6556,0,0.0,0,13025
6557,0,0.0,0,13026
6558,0,0.0,0,13027
6559,0,0.0,0,13028
6560,0,0.0,0,13029
6561,0,0.0,0,13030
6562,0,0.0,0,13031
6563,0,0.0,0,13032
6564,0,0.0,0,13033
6565,0,0.0,0,13034
6566,0,0.0,0,13035
6567,0,0.0,0,13036
6471,0,0.0,0,12976
6469,0,0.0,0,13100
6861,0,0.0,0,13253
6373,0,0.0,0,13070
6375,0,0.0,0,13041
6376,0,0.0,0,13042
6377,0,0.0,0,13043
6378,0,0.0,0,13044
6379,0,0.0,0,13045
6380,0,0.0,0,13046
6381,0,0.0,0,13047
6382,0,0.0,0,13048
6383,0,0.0,0,13049
6384,0,0.0,0,13050
6385,0,0.0,0,13051
6387,0,0.0,0,13052
6388,0,0.0,0,13053
6389,0,0.0,0,13054
6390,0,0.0,0,13055
6391,0,0.0,0,13056
6392,0,0.0,0,13057
6393,0,0.0,0,13058
6394,0,0.0,0,13059
6395,0,0.0,0,13060
6396,0,0.0,0,13061
6397,0,0.0,0,13062
6398,0,0.0,0,13063
6399,0,0.0,0,13064
6400,0,0.0,0,13065
6401,0,0.0,0,13066
6402,0,0.0,0,13067
6374,0,0.0,0,13068
6372,0,0.0,0,13099
6404,0,0.0,0,13101
6371,0,0.0,0,13071
6339,0,0.0,0,13072
6340,0,0.0,0,13073
6341,0,0.0,0,13074
6342,0,0.0,0,13075
6343,0,0.0,0,13076
6344,0,0.0,0,13077
6345,0,0.0,0,13078
6346,0,0.0,0,13079
6347,0,0.0,0,13080
6349,0,0.0,0,13081
6350,0,0.0,0,13082
6351,0,0.0,0,13083
6352,0,0.0,0,13084
6353,0,0.0,0,13085
6354,0,0.0,0,13086
6355,0,0.0,0,13087
6356,0,0.0,0,13088
6357,0,0.0,0,13089
6360,0,0.0,0,13090
6361,0,0.0,0,13091
6363,0,0.0,0,13092
6364,0,0.0,0,13093
6365,0,0.0,0,13094
6366,0,0.0,0,13095
6367,0,0.0,0,13096
6368,0,0.0,0,13097
6370,0,0.0,0,13098
6403,0,0.0,0,13069
6405,0,0.0,0,13131
6468,0,0.0,0,13040
6436,0,0.0,0,13132
6438,0,0.0,0,13103
6439,0,0.0,0,13104
6440,0,0.0,0,13105
6441,0,0.0,0,13106
6443,0,0.0,0,13107
6444,0,0.0,0,13108
6445,0,0.0,0,13109
6446,0,0.0,0,13110
6447,0,0.0,0,13111
6448,0,0.0,0,13112
6449,0,0.0,0,13113
6450,0,0.0,0,13114
6451,0,0.0,0,13115
6452,0,0.0,0,13116
6453,0,0.0,0,13117
6454,0,0.0,0,13118
6455,0,0.0,0,13119
6456,0,0.0,0,13120
6457,0,0.0,0,13121
6458,0,0.0,0,13122
6459,0,0.0,0,13123
6460,0,0.0,0,13124
6461,0,0.0,0,13125
6462,0,0.0,0,13126
6463,0,0.0,0,13127
6465,0,0.0,0,13128
6466,0,0.0,0,13129
6437,0,0.0,0,13130
6435,0,0.0,0,13161
6406,0,0.0,0,13102
6434,0,0.0,0,13133
6407,0,0.0,0,13134
6408,0,0.0,0,13135
6409,0,0.0,0,13136
6410,0,0.0,0,13137
6411,0,0.0,0,13138
6412,0,0.0,0,13139
6413,0,0.0,0,13140
6414,0,0.0,0,13141
6415,0,0.0,0,13142
6416,0,0.0,0,13143
6417,0,0.0,0,13144
6418,0,0.0,0,13145
6419,0,0.0,0,13146
6420,0,0.0,0,13147
6421,0,0.0,0,13148
6422,0,0.0,0,13149
6423,0,0.0,0,13150
6424,0,0.0,0,13151
6425,0,0.0,0,13152
6426,0,0.0,0,13153
6427,0,0.0,0,13154
6428,0,0.0,0,13155
6429,0,0.0,0,13156
6430,0,0.0,0,13157
6431,0,0.0,0,13158
6432,0,0.0,0,13159
6433,0,0.0,0,13160
6600,0,0.0,0,13038
6602,0,0.0,0,13163
6603,0,0.0,0,13286
6765,0,0.0,0,13223
6767,0,0.0,0,13192
6768,0,0.0,0,13165
6769,0,0.0,0,13166
6770,0,0.0,0,13167
6771,0,0.0,0,13168
6772,0,0.0,0,13169
6773,0,0.0,0,13170
6774,0,0.0,0,13171
6775,0,0.0,0,13172
6776,0,0.0,0,13173
6777,0,0.0,0,13174
6778,0,0.0,0,13175
6780,0,0.0,0,13176
6781,0,0.0,0,13177
6782,0,0.0,0,13178
6784,0,0.0,0,13179
6785,0,0.0,0,13180
6786,0,0.0,0,13181
6787,0,0.0,0,13182
6788,0,0.0,0,13183
6789,0,0.0,0,13184
6791,0,0.0,0,13185
6792,0,0.0,0,13186
6793,0,0.0,0,13187
6794,0,0.0,0,13188
6795,0,0.0,0,13189
6796,0,0.0,0,13190
6766,0,0.0,0,13194
6763,0,0.0,0,13195
6798,0,0.0,0,13193
6762,0,0.0,0,13222
6733,0,0.0,0,13224
6734,0,0.0,0,13196
6735,0,0.0,0,13197
6736,0,0.0,0,13198
6737,0,0.0,0,13199
6738,0,0.0,0,13200
6739,0,0.0,0,13201
6740,0,0.0,0,13202
6741,0,0.0,0,13203
6742,0,0.0,0,13204
6743,0,0.0,0,13205
6744,0,0.0,0,13206
6745,0,0.0,0,13207
6746,0,0.0,0,13208
6748,0,0.0,0,13209
6749,0,0.0,0,13210
6750,0,0.0,0,13211
6751,0,0.0,0,13212
6752,0,0.0,0,13213
6753,0,0.0,0,13214
6754,0,0.0,0,13215
6755,0,0.0,0,13216
6757,0,0.0,0,13217
6758,0,0.0,0,13218
6759,0,0.0,0,13219
6760,0,0.0,0,13220
6761,0,0.0,0,13221
6797,0,0.0,0,13191
6799,0,0.0,0,13225
6604,0,0.0,0,13164
6832,0,0.0,0,13285
6834,0,0.0,0,13254
6835,0,0.0,0,13227
6836,0,0.0,0,13228
6837,0,0.0,0,13229
6838,0,0.0,0,13230
6839,0,0.0,0,13231
6840,0,0.0,0,13232
6841,0,0.0,0,13233
6842,0,0.0,0,13234
6843,0,0.0,0,13235
6844,0,0.0,0,13236
6845,0,0.0,0,13237
6846,0,0.0,0,13238
6847,0,0.0,0,13239
6848,0,0.0,0,13240
6849,0,0.0,0,13241
6850,0,0.0,0,13242
6851,0,0.0,0,13243
6852,0,0.0,0,13244
6853,0,0.0,0,13245
6854,0,0.0,0,13246
6855,0,0.0,0,13247
6856,0,0.0,0,13248
6857,0,0.0,0,13249
6858,0,0.0,0,13250
6859,0,0.0,0,13251
6860,0,0.0,0,13252
6833,0,0.0,0,13256
6831,0,0.0,0,13257
6800,0,0.0,0,13255
6830,0,0.0,0,13284
6801,0,0.0,0,13226
6802,0,0.0,0,13258
6803,0,0.0,0,13259
6804,0,0.0,0,13260
6806,0,0.0,0,13261
6807,0,0.0,0,13262
6809,0,0.0,0,13263
6810,0,0.0,0,13264
6811,0,0.0,0,13265
6812,0,0.0,0,13266
6813,0,0.0,0,13267
6814,0,0.0,0,13268
6815,0,0.0,0,13269
6816,0,0.0,0,13270
6817,0,0.0,0,13271
6818,0,0.0,0,13272
6819,0,0.0,0,13273
6820,0,0.0,0,13274
6821,0,0.0,0,13275
6822,0,0.0,0,13276
6823,0,0.0,0,13277
6824,0,0.0,0,13278
6825,0,0.0,0,13279
6826,0,0.0,0,13280
6827,0,0.0,0,13281
6828,0,0.0,0,13282
6829,0,0.0,0,13283
6732,0,0.0,0,13287
6731,0,0.0,0,13348
6730,0,0.0,0,13288
6637,0,0.0,0,13318
6639,0,0.0,0,13289
6640,0,0.0,0,13290
6641,0,0.0,0,13291
6642,0,0.0,0,13292
6643,0,0.0,0,13293
6644,0,0.0,0,13294
6645,0,0.0,0,13295
6646,0,0.0,0,13296
6647,0,0.0,0,13297
6648,0,0.0,0,13298
6649,0,0.0,0,13299
6650,0,0.0,0,13300
6651,0,0.0,0,13301
6652,0,0.0,0,13302
6653,0,0.0,0,13303
6654,0,0.0,0,13304
6655,0,0.0,0,13305
6656,0,0.0,0,13306
6657,0,0.0,0,13307
6658,0,0.0,0,13308
6659,0,0.0,0,13309
6661,0,0.0,0,13310
6662,0,0.0,0,13311
6663,0,0.0,0,13312
6664,0,0.0,0,13313
6665,0,0.0,0,13314
6666,0,0.0,0,13315
6638,0,0.0,0,13316
6636,0,0.0,0,13347
6729,0,0.0,0,13377
6635,0,0.0,0,13319
6607,0,0.0,0,13320
6608,0,0.0,0,13321
6609,0,0.0,0,13322
6610,0,0.0,0,13323
6611,0,0.0,0,13324
6612,0,0.0,0,13325
6613,0,0.0,0,13326
6614,0,0.0,0,13327
6615,0,0.0,0,13328
6616,0,0.0,0,13329
6617,0,0.0,0,13330
6618,0,0.0,0,13331
6619,0,0.0,0,13332
6620,0,0.0,0,13333
6621,0,0.0,0,13334
6622,0,0.0,0,13335
6623,0,0.0,0,13336
6624,0,0.0,0,13337
6625,0,0.0,0,13338
6626,0,0.0,0,13339
6627,0,0.0,0,13340
6629,0,0.0,0,13341
6630,0,0.0,0,13342
6631,0,0.0,0,13343
6632,0,0.0,0,13344
6633,0,0.0,0,13345
6634,0,0.0,0,13346
6667,0,0.0,0,13317
6668,0,0.0,0,13349
6669,0,0.0,0,13379
6670,0,0.0,0,13350
6702,0,0.0,0,13378
6703,0,0.0,0,13351
6704,0,0.0,0,13352
6705,0,0.0,0,13353
6706,0,0.0,0,13354
6707,0,0.0,0,13355
6708,0,0.0,0,13356
6709,0,0.0,0,13357
6710,0,0.0,0,13358
6711,0,0.0,0,13359
6712,0,0.0,0,13360
6713,0,0.0,0,13361
6714,0,0.0,0,13362
6715,0,0.0,0,13363
6716,0,0.0,0,13364
6717,0,0.0,0,13365
6718,0,0.0,0,13366
6719,0,0.0,0,13367
6720,0,0.0,0,13368
6721,0,0.0,0,13369
6722,0,0.0,0,13370
6723,0,0.0,0,13371
6724,0,0.0,0,13372
6725,0,0.0,0,13373
6726,0,0.0,0,13374
6727,0,0.0,0,13375
6728,0,0.0,0,13376
6701,0,0.0,0,13380
6700,0,0.0,0,13409
6699,0,0.0,0,13381
6683,0,0.0,0,13394
6671,0,0.0,0,13382
6672,0,0.0,0,13383
6673,0,0.0,0,13384
6674,0,0.0,0,13385
6675,0,0.0,0,13386
6676,0,0.0,0,13387
6677,0,0.0,0,13388
6678,0,0.0,0,13389
6679,0,0.0,0,13390
6680,0,0.0,0,13391
6681,0,0.0,0,13392
6682,0,0.0,0,13393
6684,0,0.0,0,13395
6698,0,0.0,0,13408
6685,0,0.0,0,13396
6686,0,0.0,0,13397
6687,0,0.0,0,13398
6688,0,0.0,0,13399
6689,0,0.0,0,13400
6691,0,0.0,0,13401
6692,0,0.0,0,13402
6693,0,0.0,0,13403
6694,0,0.0,0,13404
6695,0,0.0,0,13405
6696,0,0.0,0,13406
6697,0,0.0,0,13407
7389,0,0.0,0,13162
7391,0,0.0,0,14153
6337,0,0.0,0,14401
8088,0,0.0,0,13441
8090,0,0.0,0,13425
8091,0,0.0,0,13413
8092,0,0.0,0,13414
8093,0,0.0,0,13415
8094,0,0.0,0,13416
8095,0,0.0,0,13417
8096,0,0.0,0,13418
8097,0,0.0,0,13419
8098,0,0.0,0,13420
8099,0,0.0,0,13421
8100,0,0.0,0,13422
8101,0,0.0,0,13423
8102,0,0.0,0,13424
8103,0,0.0,0,13426
8104,0,0.0,0,13439
8105,0,0.0,0,13427
8106,0,0.0,0,13428
8107,0,0.0,0,13429
8108,0,0.0,0,13430
8109,0,0.0,0,13431
8110,0,0.0,0,13432
8112,0,0.0,0,13433
8113,0,0.0,0,13434
8114,0,0.0,0,13435
8115,0,0.0,0,13436
8116,0,0.0,0,13437
8117,0,0.0,0,13438
8089,0,0.0,0,13440
8087,0,0.0,0,13442
8119,0,0.0,0,13471
8086,0,0.0,0,13469
8058,0,0.0,0,13502
8059,0,0.0,0,13443
8060,0,0.0,0,13444
8061,0,0.0,0,13445
8062,0,0.0,0,13446
8063,0,0.0,0,13447
8064,0,0.0,0,13448
8065,0,0.0,0,13449
8066,0,0.0,0,13450
8067,0,0.0,0,13451
8068,0,0.0,0,13452
8069,0,0.0,0,13453
8070,0,0.0,0,13454
8071,0,0.0,0,13455
8072,0,0.0,0,13456
8073,0,0.0,0,13457
8074,0,0.0,0,13458
8076,0,0.0,0,13459
8077,0,0.0,0,13460
8078,0,0.0,0,13461
8079,0,0.0,0,13462
8080,0,0.0,0,13463
8081,0,0.0,0,13464
8082,0,0.0,0,13465
8083,0,0.0,0,13466
8084,0,0.0,0,13467
8085,0,0.0,0,13468
8118,0,0.0,0,13470
8120,0,0.0,0,13472
8056,0,0.0,0,13534
8154,0,0.0,0,13503
8156,0,0.0,0,13474
8157,0,0.0,0,13475
8158,0,0.0,0,13476
8159,0,0.0,0,13477
8160,0,0.0,0,13478
8161,0,0.0,0,13479
8162,0,0.0,0,13480
8164,0,0.0,0,13481
8165,0,0.0,0,13482
8166,0,0.0,0,13483
8167,0,0.0,0,13484
8168,0,0.0,0,13485
8169,0,0.0,0,13486
8171,0,0.0,0,13487
8172,0,0.0,0,13488
8174,0,0.0,0,13489
8175,0,0.0,0,13490
8176,0,0.0,0,13491
8177,0,0.0,0,13492
8178,0,0.0,0,13493
8179,0,0.0,0,13494
8180,0,0.0,0,13495
8181,0,0.0,0,13496
8182,0,0.0,0,13497
8183,0,0.0,0,13498
8184,0,0.0,0,13499
8185,0,0.0,0,13500
8155,0,0.0,0,13501
8153,0,0.0,0,13532
8121,0,0.0,0,13473
8152,0,0.0,0,13504
8122,0,0.0,0,13505
8123,0,0.0,0,13506
8124,0,0.0,0,13507
8125,0,0.0,0,13508
8126,0,0.0,0,13509
8127,0,0.0,0,13510
8128,0,0.0,0,13511
8129,0,0.0,0,13512
8130,0,0.0,0,13513
8132,0,0.0,0,13514
8133,0,0.0,0,13515
8134,0,0.0,0,13516
8135,0,0.0,0,13517
8136,0,0.0,0,13518
8137,0,0.0,0,13519
8138,0,0.0,0,13520
8140,0,0.0,0,13521
8141,0,0.0,0,13522
8142,0,0.0,0,13523
8143,0,0.0,0,13524
8145,0,0.0,0,13525
8146,0,0.0,0,13526
8147,0,0.0,0,13527
8148,0,0.0,0,13528
8149,0,0.0,0,13529
8150,0,0.0,0,13530
8151,0,0.0,0,13531
8057,0,0.0,0,13533
8055,0,0.0,0,13535
8187,0,0.0,0,13657
7958,0,0.0,0,13594
7960,0,0.0,0,13563
7961,0,0.0,0,13536
7962,0,0.0,0,13537
7963,0,0.0,0,13538
7964,0,0.0,0,13539
7965,0,0.0,0,13540
7966,0,0.0,0,13541
7967,0,0.0,0,13542
7968,0,0.0,0,13543
7969,0,0.0,0,13544
7970,0,0.0,0,13545
7971,0,0.0,0,13546
7973,0,0.0,0,13547
7974,0,0.0,0,13548
7975,0,0.0,0,13549
7976,0,0.0,0,13550
7977,0,0.0,0,13551
7978,0,0.0,0,13552
7980,0,0.0,0,13553
7981,0,0.0,0,13554
7982,0,0.0,0,13555
7983,0,0.0,0,13556
7984,0,0.0,0,13557
7985,0,0.0,0,13558
7987,0,0.0,0,13559
7988,0,0.0,0,13560
7989,0,0.0,0,13561
7959,0,0.0,0,13565
7957,0,0.0,0,13566
7991,0,0.0,0,13564
7956,0,0.0,0,13593
7929,0,0.0,0,13781
7930,0,0.0,0,13567
7931,0,0.0,0,13568
7932,0,0.0,0,13569
7933,0,0.0,0,13570
7934,0,0.0,0,13571
7935,0,0.0,0,13572
7936,0,0.0,0,13573
7937,0,0.0,0,13574
7938,0,0.0,0,13575
7939,0,0.0,0,13576
7940,0,0.0,0,13577
7941,0,0.0,0,13578
7942,0,0.0,0,13579
7943,0,0.0,0,13580
7944,0,0.0,0,13581
7945,0,0.0,0,13582
7946,0,0.0,0,13583
7947,0,0.0,0,13584
7948,0,0.0,0,13585
7949,0,0.0,0,13586
7950,0,0.0,0,13587
7951,0,0.0,0,13588
7952,0,0.0,0,13589
7953,0,0.0,0,13590
7954,0,0.0,0,13591
7955,0,0.0,0,13592
7990,0,0.0,0,13562
7992,0,0.0,0,13596
8054,0,0.0,0,13624
8024,0,0.0,0,13656
8027,0,0.0,0,13625
8028,0,0.0,0,13598
8029,0,0.0,0,13599
8030,0,0.0,0,13600
8031,0,0.0,0,13601
8032,0,0.0,0,13602
8033,0,0.0,0,13603
8034,0,0.0,0,13604
8035,0,0.0,0,13605
8036,0,0.0,0,13606
8037,0,0.0,0,13607
8038,0,0.0,0,13608
8039,0,0.0,0,13609
8040,0,0.0,0,13610
8041,0,0.0,0,13611
8042,0,0.0,0,13612
8043,0,0.0,0,13613
8044,0,0.0,0,13614
8045,0,0.0,0,13615
8046,0,0.0,0,13616
8047,0,0.0,0,13617
8048,0,0.0,0,13618
8049,0,0.0,0,13619
8050,0,0.0,0,13620
8051,0,0.0,0,13621
8052,0,0.0,0,13622
8053,0,0.0,0,13623
8025,0,0.0,0,13627
8023,0,0.0,0,13628
7993,0,0.0,0,13626
8022,0,0.0,0,13655
7994,0,0.0,0,13597
7995,0,0.0,0,13629
7997,0,0.0,0,13630
7998,0,0.0,0,13631
7999,0,0.0,0,13632
8000,0,0.0,0,13633
8001,0,0.0,0,13634
8002,0,0.0,0,13635
8003,0,0.0,0,13636
8004,0,0.0,0,13637
8005,0,0.0,0,13638
8006,0,0.0,0,13639
8007,0,0.0,0,13640
8008,0,0.0,0,13641
8009,0,0.0,0,13642
8010,0,0.0,0,13643
8011,0,0.0,0,13644
8012,0,0.0,0,13645
8013,0,0.0,0,13646
8014,0,0.0,0,13647
8015,0,0.0,0,13648
8016,0,0.0,0,13649
8017,0,0.0,0,13650
8018,0,0.0,0,13651
8019,0,0.0,0,13652
8020,0,0.0,0,13653
8021,0,0.0,0,13654
8186,0,0.0,0,13595
8188,0,0.0,0,13658
7392,0,0.0,0,13412
8354,0,0.0,0,13689
8356,0,0.0,0,13660
8357,0,0.0,0,13661
8358,0,0.0,0,13662
8359,0,0.0,0,13663
8360,0,0.0,0,13664
8362,0,0.0,0,13665
8363,0,0.0,0,13666
8364,0,0.0,0,13667
8365,0,0.0,0,13668
8366,0,0.0,0,13669
8367,0,0.0,0,13670
8368,0,0.0,0,13671
8369,0,0.0,0,13672
8370,0,0.0,0,13673
8371,0,0.0,0,13674
8372,0,0.0,0,13675
8373,0,0.0,0,13676
8374,0,0.0,0,13677
8375,0,0.0,0,13678
8376,0,0.0,0,13679
8377,0,0.0,0,13680
8378,0,0.0,0,13681
8379,0,0.0,0,13682
8381,0,0.0,0,13683
8383,0,0.0,0,13684
8384,0,0.0,0,13685
8385,0,0.0,0,13686
8355,0,0.0,0,13687
8353,0,0.0,0,13718
8387,0,0.0,0,13720
8352,0,0.0,0,13690
8324,0,0.0,0,13691
8325,0,0.0,0,13692
8326,0,0.0,0,13693
8327,0,0.0,0,13694
8329,0,0.0,0,13695
8330,0,0.0,0,13696
8331,0,0.0,0,13697
8332,0,0.0,0,13698
8333,0,0.0,0,13699
8334,0,0.0,0,13700
8335,0,0.0,0,13701
8336,0,0.0,0,13702
8337,0,0.0,0,13703
8338,0,0.0,0,13704
8339,0,0.0,0,13705
8340,0,0.0,0,13706
8341,0,0.0,0,13707
8342,0,0.0,0,13708
8343,0,0.0,0,13709
8344,0,0.0,0,13710
8345,0,0.0,0,13711
8346,0,0.0,0,13712
8347,0,0.0,0,13713
8348,0,0.0,0,13714
8349,0,0.0,0,13715
8350,0,0.0,0,13716
8351,0,0.0,0,13717
8386,0,0.0,0,13688
8388,0,0.0,0,13750
8321,0,0.0,0,13782
8422,0,0.0,0,13751
8424,0,0.0,0,13722
8425,0,0.0,0,13723
8426,0,0.0,0,13724
8427,0,0.0,0,13725
8428,0,0.0,0,13726
8429,0,0.0,0,13727
8430,0,0.0,0,13728
8432,0,0.0,0,13729
8433,0,0.0,0,13730
8434,0,0.0,0,13731
8435,0,0.0,0,13732
8436,0,0.0,0,13733
8437,0,0.0,0,13734
8438,0,0.0,0,13735
8439,0,0.0,0,13736
8440,0,0.0,0,13737
8441,0,0.0,0,13738
8442,0,0.0,0,13739
8443,0,0.0,0,13740
8444,0,0.0,0,13741
8445,0,0.0,0,13742
8446,0,0.0,0,13743
8448,0,0.0,0,13744
8449,0,0.0,0,13745
8450,0,0.0,0,13746
8451,0,0.0,0,13747
8452,0,0.0,0,13748
8423,0,0.0,0,13749
8421,0,0.0,0,13780
8389,0,0.0,0,13721
8420,0,0.0,0,13752
8390,0,0.0,0,13753
8391,0,0.0,0,13754
8392,0,0.0,0,13755
8393,0,0.0,0,13756
8394,0,0.0,0,13757
8395,0,0.0,0,13758
8396,0,0.0,0,13759
8397,0,0.0,0,13760
8398,0,0.0,0,13761
8399,0,0.0,0,13762
8400,0,0.0,0,13763
8401,0,0.0,0,13764
8402,0,0.0,0,13765
8403,0,0.0,0,13766
8404,0,0.0,0,13767
8405,0,0.0,0,13768
8406,0,0.0,0,13769
8407,0,0.0,0,13770
8409,0,0.0,0,13771
8410,0,0.0,0,13772
8411,0,0.0,0,13773
8414,0,0.0,0,13774
8415,0,0.0,0,13775
8416,0,0.0,0,13776
8417,0,0.0,0,13777
8418,0,0.0,0,13778
8419,0,0.0,0,13779
8323,0,0.0,0,13719
8320,0,0.0,0,13843
8189,0,0.0,0,13659
8221,0,0.0,0,13813
8224,0,0.0,0,13784
8226,0,0.0,0,13785
8227,0,0.0,0,13786
8229,0,0.0,0,13787
8230,0,0.0,0,13788
8231,0,0.0,0,13789
8232,0,0.0,0,13790
8233,0,0.0,0,13791
8234,0,0.0,0,13792
8235,0,0.0,0,13793
8236,0,0.0,0,13794
8237,0,0.0,0,13795
8238,0,0.0,0,13796
8239,0,0.0,0,13797
8240,0,0.0,0,13798
8241,0,0.0,0,13799
8242,0,0.0,0,13800
8243,0,0.0,0,13801
8244,0,0.0,0,13802
8245,0,0.0,0,13803
8246,0,0.0,0,13804
8247,0,0.0,0,13805
8248,0,0.0,0,13806
8249,0,0.0,0,13807
8250,0,0.0,0,13808
8251,0,0.0,0,13809
8252,0,0.0,0,13810
8223,0,0.0,0,13811
8220,0,0.0,0,13842
8254,0,0.0,0,13844
8219,0,0.0,0,13814
8190,0,0.0,0,13815
8191,0,0.0,0,8455
1,0,0.0,0,11089
8193,0,0.0,0,13818
8194,0,0.0,0,13819
8195,0,0.0,0,13820
8196,0,0.0,0,13821
8197,0,0.0,0,13822
8198,0,0.0,0,13823
8199,0,0.0,0,13824
8200,0,0.0,0,13825
8201,0,0.0,0,13826
8203,0,0.0,0,13827
8204,0,0.0,0,13828
8205,0,0.0,0,13829
8206,0,0.0,0,13830
8208,0,0.0,0,13831
8209,0,0.0,0,13832
8210,0,0.0,0,13833
8211,0,0.0,0,13834
8212,0,0.0,0,13835
8213,0,0.0,0,13836
8214,0,0.0,0,13837
8215,0,0.0,0,13838
8216,0,0.0,0,13839
8217,0,0.0,0,13840
8218,0,0.0,0,13841
8253,0,0.0,0,13812
8255,0,0.0,0,13874
8319,0,0.0,0,13783
8289,0,0.0,0,13875
8291,0,0.0,0,13846
8292,0,0.0,0,13847
8293,0,0.0,0,13848
8294,0,0.0,0,13849
8295,0,0.0,0,13850
8296,0,0.0,0,13851
8297,0,0.0,0,13852
8298,0,0.0,0,13853
8299,0,0.0,0,13854
8300,0,0.0,0,13855
8301,0,0.0,0,13856
8303,0,0.0,0,13857
8304,0,0.0,0,13858
8305,0,0.0,0,13859
8306,0,0.0,0,13860
8307,0,0.0,0,13861
8308,0,0.0,0,13862
8309,0,0.0,0,13863
8310,0,0.0,0,13864
8311,0,0.0,0,13865
8312,0,0.0,0,13866
8313,0,0.0,0,13867
8314,0,0.0,0,13868
8315,0,0.0,0,13869
8316,0,0.0,0,13870
8317,0,0.0,0,13871
8318,0,0.0,0,13872
8290,0,0.0,0,13873
8288,0,0.0,0,13904
8256,0,0.0,0,13845
8287,0,0.0,0,13876
8257,0,0.0,0,13877
8258,0,0.0,0,13878
8259,0,0.0,0,13879
8260,0,0.0,0,13880
8261,0,0.0,0,13881
8262,0,0.0,0,13882
8263,0,0.0,0,13883
8264,0,0.0,0,13884
8265,0,0.0,0,13885
8266,0,0.0,0,13886
8267,0,0.0,0,13887
8268,0,0.0,0,13888
8270,0,0.0,0,13889
8271,0,0.0,0,13890
8272,0,0.0,0,13891
8273,0,0.0,0,13892
8274,0,0.0,0,13893
8275,0,0.0,0,13894
8277,0,0.0,0,13895
8278,0,0.0,0,13896
8279,0,0.0,0,13897
8280,0,0.0,0,13898
8281,0,0.0,0,13899
8282,0,0.0,0,13900
8284,0,0.0,0,13901
8285,0,0.0,0,13902
8286,0,0.0,0,13903
7928,0,0.0,0,13905
7926,0,0.0,0,13906
7925,0,0.0,0,13907
7559,0,0.0,0,13937
7561,0,0.0,0,13908
7562,0,0.0,0,13909
7563,0,0.0,0,13910
7564,0,0.0,0,13911
7565,0,0.0,0,13912
7566,0,0.0,0,13913
7567,0,0.0,0,13914
7568,0,0.0,0,13915
7569,0,0.0,0,13916
7570,0,0.0,0,13917
7571,0,0.0,0,13918
7572,0,0.0,0,13919
7573,0,0.0,0,13920
7574,0,0.0,0,13921
7577,0,0.0,0,13922
7578,0,0.0,0,13923
7579,0,0.0,0,13924
7581,0,0.0,0,13925
7582,0,0.0,0,13926
7583,0,0.0,0,13927
7584,0,0.0,0,13928
7585,0,0.0,0,13929
7586,0,0.0,0,13930
7587,0,0.0,0,13931
7588,0,0.0,0,13932
7589,0,0.0,0,13933
7590,0,0.0,0,13934
7560,0,0.0,0,13935
7558,0,0.0,0,13966
7592,0,0.0,0,13968
7557,0,0.0,0,13938
7528,0,0.0,0,13939
7529,0,0.0,0,13940
7530,0,0.0,0,13941
7531,0,0.0,0,13942
7532,0,0.0,0,13943
7533,0,0.0,0,13944
7534,0,0.0,0,13945
7535,0,0.0,0,13946
7536,0,0.0,0,13947
7537,0,0.0,0,13948
7538,0,0.0,0,13949
7539,0,0.0,0,13950
7541,0,0.0,0,13951
7543,0,0.0,0,13952
7544,0,0.0,0,13953
7545,0,0.0,0,13954
7546,0,0.0,0,13955
7547,0,0.0,0,13956
7548,0,0.0,0,13957
7549,0,0.0,0,13958
7550,0,0.0,0,13959
7551,0,0.0,0,13960
7552,0,0.0,0,13961
7553,0,0.0,0,13962
7554,0,0.0,0,13963
7555,0,0.0,0,13964
7556,0,0.0,0,13965
7591,0,0.0,0,13936
7593,0,0.0,0,13998
7526,0,0.0,0,14030
7624,0,0.0,0,13999
7626,0,0.0,0,13970
7627,0,0.0,0,13971
7628,0,0.0,0,13972
7629,0,0.0,0,13973
7630,0,0.0,0,13974
7631,0,0.0,0,13975
7632,0,0.0,0,13976
7633,0,0.0,0,13977
7635,0,0.0,0,13978
7636,0,0.0,0,13979
7637,0,0.0,0,13980
7638,0,0.0,0,13981
7639,0,0.0,0,13982
7640,0,0.0,0,13983
7641,0,0.0,0,13984
7642,0,0.0,0,13985
7643,0,0.0,0,13986
7644,0,0.0,0,13987
7645,0,0.0,0,13988
7646,0,0.0,0,13989
7647,0,0.0,0,13990
7648,0,0.0,0,13991
7649,0,0.0,0,13992
7650,0,0.0,0,13993
7651,0,0.0,0,13994
7652,0,0.0,0,13995
7653,0,0.0,0,13996
7625,0,0.0,0,13997
7623,0,0.0,0,14028
7594,0,0.0,0,13969
7622,0,0.0,0,14000
7595,0,0.0,0,14001
7596,0,0.0,0,14002
7597,0,0.0,0,14003
7598,0,0.0,0,14004
7599,0,0.0,0,14005
7600,0,0.0,0,14006
7601,0,0.0,0,14007
7602,0,0.0,0,14008
7603,0,0.0,0,14009
7604,0,0.0,0,14010
7605,0,0.0,0,14011
7606,0,0.0,0,14012
7607,0,0.0,0,14013
7608,0,0.0,0,14014
7609,0,0.0,0,14015
7610,0,0.0,0,14016
7611,0,0.0,0,14017
7612,0,0.0,0,14018
7613,0,0.0,0,14019
7614,0,0.0,0,14020
7615,0,0.0,0,14021
7616,0,0.0,0,14022
7617,0,0.0,0,14023
7618,0,0.0,0,14024
7619,0,0.0,0,14025
7620,0,0.0,0,14026
7621,0,0.0,0,14027
7527,0,0.0,0,13967
7525,0,0.0,0,14091
7924,0,0.0,0,14244
7425,0,0.0,0,14061
7427,0,0.0,0,14032
7428,0,0.0,0,14033
7429,0,0.0,0,14034
7430,0,0.0,0,14035
7431,0,0.0,0,14036
7432,0,0.0,0,14037
7433,0,0.0,0,14038
7434,0,0.0,0,14039
7435,0,0.0,0,14040
7437,0,0.0,0,14041
7438,0,0.0,0,14042
7439,0,0.0,0,14043
7440,0,0.0,0,14044
7441,0,0.0,0,14045
7442,0,0.0,0,14046
7443,0,0.0,0,14047
7444,0,0.0,0,14048
7445,0,0.0,0,14049
7446,0,0.0,0,14050
7447,0,0.0,0,14051
7448,0,0.0,0,14052
7449,0,0.0,0,14053
7450,0,0.0,0,14054
7451,0,0.0,0,14055
7452,0,0.0,0,14056
7453,0,0.0,0,14057
7454,0,0.0,0,14058
7426,0,0.0,0,14059
7423,0,0.0,0,14090
7456,0,0.0,0,14092
7422,0,0.0,0,14062
7393,0,0.0,0,14063
7394,0,0.0,0,14064
7395,0,0.0,0,14065
7396,0,0.0,0,14066
7397,0,0.0,0,14067
7399,0,0.0,0,14068
7400,0,0.0,0,14069
7401,0,0.0,0,14070
7402,0,0.0,0,14071
7403,0,0.0,0,14072
7404,0,0.0,0,14073
7405,0,0.0,0,14074
7406,0,0.0,0,14075
7408,0,0.0,0,14076
7409,0,0.0,0,14077
7410,0,0.0,0,14078
7411,0,0.0,0,14079
7412,0,0.0,0,14080
7413,0,0.0,0,14081
7414,0,0.0,0,14082
7415,0,0.0,0,14083
7416,0,0.0,0,14084
7417,0,0.0,0,14085
7418,0,0.0,0,14086
7419,0,0.0,0,14087
7420,0,0.0,0,14088
7421,0,0.0,0,14089
7455,0,0.0,0,14060
7457,0,0.0,0,14122
7524,0,0.0,0,14031
7493,0,0.0,0,14123
7495,0,0.0,0,14094
7496,0,0.0,0,14095
7497,0,0.0,0,14096
7498,0,0.0,0,14097
7499,0,0.0,0,14098
7500,0,0.0,0,14099
7501,0,0.0,0,14100
7502,0,0.0,0,14101
7503,0,0.0,0,14102
7505,0,0.0,0,14103
7506,0,0.0,0,14104
7507,0,0.0,0,14105
7508,0,0.0,0,14106
7509,0,0.0,0,14107
7510,0,0.0,0,14108
7511,0,0.0,0,14109
7512,0,0.0,0,14110
7513,0,0.0,0,14111
7514,0,0.0,0,14112
7515,0,0.0,0,14113
7517,0,0.0,0,14114
7518,0,0.0,0,14115
7519,0,0.0,0,14116
7520,0,0.0,0,14117
7521,0,0.0,0,14118
7522,0,0.0,0,14119
7523,0,0.0,0,14120
7494,0,0.0,0,14121
7492,0,0.0,0,14152
7458,0,0.0,0,14093
7490,0,0.0,0,14124
7459,0,0.0,0,14125
7460,0,0.0,0,14126
7461,0,0.0,0,14127
7462,0,0.0,0,14128
7463,0,0.0,0,14129
7464,0,0.0,0,14130
7468,0,0.0,0,14131
7469,0,0.0,0,14132
7470,0,0.0,0,14133
7471,0,0.0,0,14134
7472,0,0.0,0,14135
7473,0,0.0,0,14136
7474,0,0.0,0,14137
7475,0,0.0,0,14138
7476,0,0.0,0,14139
7477,0,0.0,0,14140
7478,0,0.0,0,14141
7479,0,0.0,0,14142
7480,0,0.0,0,14143
7481,0,0.0,0,14144
7483,0,0.0,0,14145
7484,0,0.0,0,14146
7485,0,0.0,0,14147
7486,0,0.0,0,14148
7487,0,0.0,0,14149
7488,0,0.0,0,14150
7489,0,0.0,0,14151
7654,0,0.0,0,14029
7655,0,0.0,0,14154
7657,0,0.0,0,14277
7828,0,0.0,0,14214
7830,0,0.0,0,14183
7831,0,0.0,0,14156
7832,0,0.0,0,14157
7833,0,0.0,0,14158
7834,0,0.0,0,14159
7835,0,0.0,0,14160
7836,0,0.0,0,14161
7838,0,0.0,0,14162
7839,0,0.0,0,14163
7840,0,0.0,0,14164
7842,0,0.0,0,14165
7843,0,0.0,0,14166
7844,0,0.0,0,14167
7845,0,0.0,0,14168
7846,0,0.0,0,14169
7847,0,0.0,0,14170
7848,0,0.0,0,14171
7849,0,0.0,0,14172
7850,0,0.0,0,14173
7851,0,0.0,0,14174
7852,0,0.0,0,14175
7853,0,0.0,0,14176
7854,0,0.0,0,14177
7855,0,0.0,0,14178
7856,0,0.0,0,14179
7857,0,0.0,0,14180
7858,0,0.0,0,14181
7829,0,0.0,0,14185
7827,0,0.0,0,14186
7860,0,0.0,0,14184
7826,0,0.0,0,14213
7796,0,0.0,0,14215
7797,0,0.0,0,14187
7799,0,0.0,0,14188
7801,0,0.0,0,14189
7802,0,0.0,0,14190
7803,0,0.0,0,14191
7804,0,0.0,0,14192
7805,0,0.0,0,14193
7807,0,0.0,0,14194
7808,0,0.0,0,14195
7809,0,0.0,0,14196
7810,0,0.0,0,14197
7811,0,0.0,0,14198
7812,0,0.0,0,14199
7813,0,0.0,0,14200
7814,0,0.0,0,14201
7815,0,0.0,0,14202
7816,0,0.0,0,14203
7817,0,0.0,0,14204
7818,0,0.0,0,14205
7819,0,0.0,0,14206
7820,0,0.0,0,14207
7821,0,0.0,0,14208
7822,0,0.0,0,14209
7823,0,0.0,0,14210
7824,0,0.0,0,14211
7825,0,0.0,0,14212
7859,0,0.0,0,14182
7861,0,0.0,0,14216
7658,0,0.0,0,14155
7893,0,0.0,0,14276
7895,0,0.0,0,14245
7897,0,0.0,0,14218
7898,0,0.0,0,14219
7899,0,0.0,0,14220
7901,0,0.0,0,14221
7902,0,0.0,0,14222
7903,0,0.0,0,14223
7904,0,0.0,0,14224
7905,0,0.0,0,14225
7906,0,0.0,0,14226
7907,0,0.0,0,14227
7908,0,0.0,0,14228
7909,0,0.0,0,14229
7910,0,0.0,0,14230
7911,0,0.0,0,14231
7912,0,0.0,0,14232
7913,0,0.0,0,14233
7914,0,0.0,0,14234
7915,0,0.0,0,14235
7916,0,0.0,0,14236
7917,0,0.0,0,14237
7918,0,0.0,0,14238
7919,0,0.0,0,14239
7920,0,0.0,0,14240
7921,0,0.0,0,14241
7922,0,0.0,0,14242
7923,0,0.0,0,14243
7894,0,0.0,0,14247
7892,0,0.0,0,14248
7862,0,0.0,0,14246
7891,0,0.0,0,14275
7863,0,0.0,0,14217
7865,0,0.0,0,14249
7866,0,0.0,0,14250
7867,0,0.0,0,14251
7868,0,0.0,0,14252
7869,0,0.0,0,14253
7870,0,0.0,0,14254
7871,0,0.0,0,14255
7872,0,0.0,0,14256
7873,0,0.0,0,14257
7874,0,0.0,0,14258
7875,0,0.0,0,14259
7876,0,0.0,0,14260
7877,0,0.0,0,14261
7878,0,0.0,0,14262
7879,0,0.0,0,14263
7880,0,0.0,0,14264
7881,0,0.0,0,14265
7882,0,0.0,0,14266
7883,0,0.0,0,14267
7884,0,0.0,0,14268
7885,0,0.0,0,14269
7886,0,0.0,0,14270
7887,0,0.0,0,14271
7888,0,0.0,0,14272
7889,0,0.0,0,14273
7890,0,0.0,0,14274
7795,0,0.0,0,14278
7794,0,0.0,0,14339
7793,0,0.0,0,14279
7690,0,0.0,0,14309
7692,0,0.0,0,14280
7693,0,0.0,0,14281
7694,0,0.0,0,14282
7695,0,0.0,0,14283
7697,0,0.0,0,14284
7698,0,0.0,0,14285
7699,0,0.0,0,14286
7700,0,0.0,0,14287
7702,0,0.0,0,14288
7703,0,0.0,0,14289
7704,0,0.0,0,14290
7705,0,0.0,0,14291
7706,0,0.0,0,14292
7707,0,0.0,0,14293
7708,0,0.0,0,14294
7709,0,0.0,0,14295
7710,0,0.0,0,14296
7711,0,0.0,0,14297
7713,0,0.0,0,14298
7714,0,0.0,0,14299
7715,0,0.0,0,14300
7717,0,0.0,0,14301
7718,0,0.0,0,14302
7719,0,0.0,0,14303
7720,0,0.0,0,14304
7722,0,0.0,0,14305
7723,0,0.0,0,14306
7691,0,0.0,0,14307
7688,0,0.0,0,14338
7792,0,0.0,0,14368
7687,0,0.0,0,14310
7659,0,0.0,0,14311
7660,0,0.0,0,14312
7661,0,0.0,0,14313
7662,0,0.0,0,14314
7663,0,0.0,0,14315
7665,0,0.0,0,14316
7666,0,0.0,0,14317
7667,0,0.0,0,14318
7668,0,0.0,0,14319
7669,0,0.0,0,14320
7670,0,0.0,0,14321
7671,0,0.0,0,14322
7672,0,0.0,0,14323
7673,0,0.0,0,14324
7674,0,0.0,0,14325
7675,0,0.0,0,14326
7676,0,0.0,0,14327
7677,0,0.0,0,14328
7678,0,0.0,0,14329
7679,0,0.0,0,14330
7680,0,0.0,0,14331
7681,0,0.0,0,14332
7682,0,0.0,0,14333
7683,0,0.0,0,14334
7684,0,0.0,0,14335
7685,0,0.0,0,14336
7686,0,0.0,0,14337
7724,0,0.0,0,14308
7725,0,0.0,0,14340
7727,0,0.0,0,14370
7728,0,0.0,0,14341
7763,0,0.0,0,14369
7764,0,0.0,0,14342
7765,0,0.0,0,14343
7766,0,0.0,0,14344
7767,0,0.0,0,14345
7768,0,0.0,0,14346
7769,0,0.0,0,14347
7770,0,0.0,0,14348
7772,0,0.0,0,14349
7773,0,0.0,0,14350
7774,0,0.0,0,14351
7775,0,0.0,0,14352
7776,0,0.0,0,14353
7777,0,0.0,0,14354
7778,0,0.0,0,14355
7779,0,0.0,0,14356
7780,0,0.0,0,14357
7782,0,0.0,0,14358
7783,0,0.0,0,14359
7784,0,0.0,0,14360
7785,0,0.0,0,14361
7786,0,0.0,0,14362
7787,0,0.0,0,14363
7788,0,0.0,0,14364
7789,0,0.0,0,14365
7790,0,0.0,0,14366
7791,0,0.0,0,14367
7762,0,0.0,0,14371
7761,0,0.0,0,14400
7760,0,0.0,0,14372
7742,0,0.0,0,14385
7729,0,0.0,0,14373
7730,0,0.0,0,14374
7731,0,0.0,0,14375
7732,0,0.0,0,14376
7733,0,0.0,0,14377
7734,0,0.0,0,14378
7735,0,0.0,0,14379
7736,0,0.0,0,14380
7737,0,0.0,0,14381
7739,0,0.0,0,14382
7740,0,0.0,0,14383
7741,0,0.0,0,14384
7743,0,0.0,0,14386
7759,0,0.0,0,14399
7744,0,0.0,0,14387
7745,0,0.0,0,14388
7746,0,0.0,0,14389
7747,0,0.0,0,14390
7748,0,0.0,0,14391
7750,0,0.0,0,14392
7753,0,0.0,0,14393
7754,0,0.0,0,14394
7755,0,0.0,0,14395
7756,0,0.0,0,14396
7757,0,0.0,0,14397
7758,0,0.0,0,14398
6338,0,0.0,0,13410
6336,0,0.0,0,14402
4223,0,0.0,0,15054
4914,0,0.0,0,14431
4916,0,0.0,0,14404
4917,0,0.0,0,14405
4918,0,0.0,0,14406
4919,0,0.0,0,14407
4920,0,0.0,0,14408
4921,0,0.0,0,14409
4922,0,0.0,0,14410
4923,0,0.0,0,14411
4924,0,0.0,0,14412
4925,0,0.0,0,14413
4926,0,0.0,0,14414
4927,0,0.0,0,14415
4928,0,0.0,0,14417
4929,0,0.0,0,14430
4930,0,0.0,0,14418
4931,0,0.0,0,14419
4932,0,0.0,0,14420
4933,0,0.0,0,14421
4934,0,0.0,0,14422
4935,0,0.0,0,14423
4936,0,0.0,0,14424
4937,0,0.0,0,14425
4938,0,0.0,0,14426
4939,0,0.0,0,14427
4940,0,0.0,0,14428
4941,0,0.0,0,14429
4943,0,0.0,0,14461
4915,0,0.0,0,14416
4913,0,0.0,0,14432
4946,0,0.0,0,14463
4911,0,0.0,0,14433
4882,0,0.0,0,14434
4883,0,0.0,0,14435
4884,0,0.0,0,14436
4885,0,0.0,0,14437
4886,0,0.0,0,14438
4887,0,0.0,0,14439
4888,0,0.0,0,14440
4889,0,0.0,0,14441
4890,0,0.0,0,14442
4891,0,0.0,0,14443
4892,0,0.0,0,14444
4893,0,0.0,0,14445
4894,0,0.0,0,14446
4895,0,0.0,0,14447
4896,0,0.0,0,14448
4897,0,0.0,0,14449
4898,0,0.0,0,14450
4899,0,0.0,0,14451
4900,0,0.0,0,14452
4901,0,0.0,0,14453
4902,0,0.0,0,14454
4905,0,0.0,0,14455
4906,0,0.0,0,14456
4907,0,0.0,0,14457
4908,0,0.0,0,14458
4909,0,0.0,0,14459
4910,0,0.0,0,14460
4944,0,0.0,0,14462
4947,0,0.0,0,14464
4880,0,0.0,0,14524
4980,0,0.0,0,14492
4982,0,0.0,0,14466
4983,0,0.0,0,14467
4984,0,0.0,0,14468
4985,0,0.0,0,14469
4986,0,0.0,0,14470
4987,0,0.0,0,14471
4988,0,0.0,0,14472
4989,0,0.0,0,14473
4990,0,0.0,0,14474
4991,0,0.0,0,14475
4992,0,0.0,0,14476
4993,0,0.0,0,14477
4994,0,0.0,0,14478
4995,0,0.0,0,14479
4996,0,0.0,0,14480
4997,0,0.0,0,14481
4998,0,0.0,0,14482
4999,0,0.0,0,14483
5000,0,0.0,0,14484
5001,0,0.0,0,14485
5002,0,0.0,0,14486
5003,0,0.0,0,14487
5004,0,0.0,0,14488
5005,0,0.0,0,14489
5006,0,0.0,0,14490
5007,0,0.0,0,14491
5008,0,0.0,0,14586
4981,0,0.0,0,14465
4979,0,0.0,0,14494
4948,0,0.0,0,14496
4978,0,0.0,0,14523
4949,0,0.0,0,14497
4951,0,0.0,0,14498
4952,0,0.0,0,14499
4953,0,0.0,0,14500
4954,0,0.0,0,14501
4955,0,0.0,0,14502
4956,0,0.0,0,14503
4957,0,0.0,0,14504
4958,0,0.0,0,14505
4959,0,0.0,0,14506
4960,0,0.0,0,14507
4961,0,0.0,0,14508
4962,0,0.0,0,14509
4963,0,0.0,0,14510
4964,0,0.0,0,14511
4965,0,0.0,0,14512
4966,0,0.0,0,14513
4968,0,0.0,0,14514
4969,0,0.0,0,14515
4970,0,0.0,0,14516
4971,0,0.0,0,14517
4972,0,0.0,0,14518
4973,0,0.0,0,14519
4974,0,0.0,0,14520
4975,0,0.0,0,14521
4976,0,0.0,0,14522
4977,0,0.0,0,14495
4881,0,0.0,0,14493
4879,0,0.0,0,14525
5010,0,0.0,0,14649
4779,0,0.0,0,14556
4781,0,0.0,0,14527
4782,0,0.0,0,14528
4783,0,0.0,0,14529
4784,0,0.0,0,14530
4785,0,0.0,0,14531
4786,0,0.0,0,14532
4787,0,0.0,0,14533
4788,0,0.0,0,14534
4789,0,0.0,0,14535
4790,0,0.0,0,14536
4791,0,0.0,0,14537
4792,0,0.0,0,14538
4793,0,0.0,0,14539
4794,0,0.0,0,14540
4795,0,0.0,0,14541
4796,0,0.0,0,14542
4797,0,0.0,0,14543
4798,0,0.0,0,14544
4799,0,0.0,0,14545
4800,0,0.0,0,14546
4801,0,0.0,0,14547
4802,0,0.0,0,14548
4803,0,0.0,0,14549
4804,0,0.0,0,14550
4805,0,0.0,0,14551
4806,0,0.0,0,14552
4807,0,0.0,0,14553
4780,0,0.0,0,14554
4778,0,0.0,0,14585
4809,0,0.0,0,14587
4777,0,0.0,0,14557
4747,0,0.0,0,14558
4748,0,0.0,0,14559
4749,0,0.0,0,14560
4750,0,0.0,0,14561
4752,0,0.0,0,14562
4753,0,0.0,0,14563
4754,0,0.0,0,14564
4755,0,0.0,0,14565
4756,0,0.0,0,14566
4757,0,0.0,0,14567
4758,0,0.0,0,14568
4759,0,0.0,0,14569
4760,0,0.0,0,14570
4761,0,0.0,0,14571
4763,0,0.0,0,14572
4764,0,0.0,0,14573
4765,0,0.0,0,14574
4766,0,0.0,0,14575
4767,0,0.0,0,14576
4768,0,0.0,0,14577
4769,0,0.0,0,14578
4770,0,0.0,0,14579
4772,0,0.0,0,14580
4773,0,0.0,0,14581
4774,0,0.0,0,14582
4775,0,0.0,0,14583
4776,0,0.0,0,14584
4808,0,0.0,0,14555
4810,0,0.0,0,14617
4878,0,0.0,0,14526
4847,0,0.0,0,14618
4849,0,0.0,0,14589
4850,0,0.0,0,14590
4851,0,0.0,0,14591
4852,0,0.0,0,14592
4853,0,0.0,0,14593
4854,0,0.0,0,14594
4855,0,0.0,0,14595
4856,0,0.0,0,14596
4857,0,0.0,0,14597
4858,0,0.0,0,14598
4859,0,0.0,0,14599
4860,0,0.0,0,14600
4861,0,0.0,0,14601
4862,0,0.0,0,14602
4863,0,0.0,0,14603
4864,0,0.0,0,14604
4865,0,0.0,0,14605
4866,0,0.0,0,14606
4867,0,0.0,0,14607
4870,0,0.0,0,14608
4871,0,0.0,0,14609
4872,0,0.0,0,14610
4873,0,0.0,0,14611
4874,0,0.0,0,14612
4875,0,0.0,0,14613
4876,0,0.0,0,14614
4877,0,0.0,0,14615
4848,0,0.0,0,14616
4846,0,0.0,0,14647
4812,0,0.0,0,14588
4845,0,0.0,0,14619
4813,0,0.0,0,14620
4814,0,0.0,0,14621
4818,0,0.0,0,14622
4819,0,0.0,0,14623
4820,0,0.0,0,14624
4821,0,0.0,0,14625
4822,0,0.0,0,14626
4823,0,0.0,0,14627
4824,0,0.0,0,14628
4825,0,0.0,0,14629
4826,0,0.0,0,14630
4827,0,0.0,0,14631
4828,0,0.0,0,14632
4829,0,0.0,0,14633
4831,0,0.0,0,14634
4832,0,0.0,0,14635
4833,0,0.0,0,14636
4834,0,0.0,0,14637
4835,0,0.0,0,14638
4836,0,0.0,0,14639
4837,0,0.0,0,14640
4838,0,0.0,0,14641
4840,0,0.0,0,14642
4841,0,0.0,0,14643
4842,0,0.0,0,14644
4843,0,0.0,0,14645
4844,0,0.0,0,14646
5009,0,0.0,0,14648
5011,0,0.0,0,14650
5275,0,0.0,0,15393
5177,0,0.0,0,14678
5179,0,0.0,0,14652
5180,0,0.0,0,14653
5181,0,0.0,0,14654
5182,0,0.0,0,14655
5183,0,0.0,0,14656
5184,0,0.0,0,14657
5185,0,0.0,0,14658
5186,0,0.0,0,14659
5187,0,0.0,0,14660
5188,0,0.0,0,14661
5189,0,0.0,0,14662
5190,0,0.0,0,14663
5191,0,0.0,0,14664
5193,0,0.0,0,14665
5194,0,0.0,0,14666
5195,0,0.0,0,14667
5196,0,0.0,0,14668
5197,0,0.0,0,14669
5198,0,0.0,0,14670
5199,0,0.0,0,14671
5200,0,0.0,0,14672
5202,0,0.0,0,14673
5203,0,0.0,0,14674
5204,0,0.0,0,14675
5205,0,0.0,0,14676
5206,0,0.0,0,14677
5207,0,0.0,0,14679
5178,0,0.0,0,14651
5176,0,0.0,0,14680
5209,0,0.0,0,14741
5175,0,0.0,0,14709
5147,0,0.0,0,14683
5148,0,0.0,0,14684
5149,0,0.0,0,14685
5150,0,0.0,0,14686
5151,0,0.0,0,14687
5152,0,0.0,0,14688
5153,0,0.0,0,14689
5154,0,0.0,0,14690
5155,0,0.0,0,14691
5156,0,0.0,0,14692
5157,0,0.0,0,14693
5158,0,0.0,0,14694
5159,0,0.0,0,14695
5160,0,0.0,0,14696
5161,0,0.0,0,14697
5162,0,0.0,0,14698
5163,0,0.0,0,14699
5164,0,0.0,0,14700
5165,0,0.0,0,14701
5166,0,0.0,0,14702
5167,0,0.0,0,14703
5168,0,0.0,0,14704
5169,0,0.0,0,14705
5170,0,0.0,0,14706
5172,0,0.0,0,14707
5173,0,0.0,0,14708
5174,0,0.0,0,14681
5208,0,0.0,0,14711
5210,0,0.0,0,14712
5145,0,0.0,0,14710
5244,0,0.0,0,14740
5247,0,0.0,0,14714
5248,0,0.0,0,14715
5249,0,0.0,0,14716
5250,0,0.0,0,14717
5251,0,0.0,0,14718
5252,0,0.0,0,14719
5253,0,0.0,0,14720
5254,0,0.0,0,14721
5255,0,0.0,0,14722
5256,0,0.0,0,14723
5257,0,0.0,0,14724
5258,0,0.0,0,14725
5259,0,0.0,0,14726
5260,0,0.0,0,14727
5261,0,0.0,0,14728
5262,0,0.0,0,14729
5263,0,0.0,0,14730
5264,0,0.0,0,14731
5265,0,0.0,0,14732
5266,0,0.0,0,14733
5267,0,0.0,0,14734
5268,0,0.0,0,14735
5269,0,0.0,0,14736
5270,0,0.0,0,14737
5271,0,0.0,0,14738
5272,0,0.0,0,14739
5273,0,0.0,0,15144
5246,0,0.0,0,14713
5242,0,0.0,0,14742
5211,0,0.0,0,14744
5241,0,0.0,0,14771
5212,0,0.0,0,14745
5214,0,0.0,0,14746
5215,0,0.0,0,14747
5216,0,0.0,0,14748
5217,0,0.0,0,14749
5218,0,0.0,0,14750
5219,0,0.0,0,14751
5220,0,0.0,0,14752
5221,0,0.0,0,14753
5222,0,0.0,0,14754
5223,0,0.0,0,14755
5224,0,0.0,0,14756
5225,0,0.0,0,14757
5226,0,0.0,0,14758
5227,0,0.0,0,14759
5228,0,0.0,0,14760
5229,0,0.0,0,14761
5230,0,0.0,0,14762
5231,0,0.0,0,14763
5232,0,0.0,0,14764
5233,0,0.0,0,14765
5234,0,0.0,0,14766
5235,0,0.0,0,14767
5236,0,0.0,0,14768
5237,0,0.0,0,14769
5239,0,0.0,0,14770
5240,0,0.0,0,14743
5146,0,0.0,0,14682
5144,0,0.0,0,14773
5012,0,0.0,0,14806
5043,0,0.0,0,14802
5045,0,0.0,0,14776
5046,0,0.0,0,14777
5047,0,0.0,0,14778
5048,0,0.0,0,14779
5049,0,0.0,0,14780
5050,0,0.0,0,14781
5051,0,0.0,0,14782
5052,0,0.0,0,14783
5054,0,0.0,0,14784
5055,0,0.0,0,14785
5056,0,0.0,0,14786
5057,0,0.0,0,14787
5058,0,0.0,0,14788
5059,0,0.0,0,14789
5060,0,0.0,0,14790
5061,0,0.0,0,14791
5063,0,0.0,0,14792
5064,0,0.0,0,14793
5066,0,0.0,0,14794
5067,0,0.0,0,14795
5069,0,0.0,0,14796
5070,0,0.0,0,14797
5072,0,0.0,0,14798
5073,0,0.0,0,14799
5074,0,0.0,0,14800
5075,0,0.0,0,14801
5076,0,0.0,0,14803
5044,0,0.0,0,14775
5042,0,0.0,0,14804
5078,0,0.0,0,14865
5041,0,0.0,0,14833
5013,0,0.0,0,14807
5014,0,0.0,0,14808
5015,0,0.0,0,14809
5016,0,0.0,0,14810
5017,0,0.0,0,14811
5018,0,0.0,0,14812
5019,0,0.0,0,14813
5020,0,0.0,0,14814
5021,0,0.0,0,14815
5022,0,0.0,0,14816
5023,0,0.0,0,14817
5024,0,0.0,0,14818
5025,0,0.0,0,14819
5026,0,0.0,0,14820
5027,0,0.0,0,14821
5028,0,0.0,0,14822
5029,0,0.0,0,14823
5030,0,0.0,0,14824
5032,0,0.0,0,14825
5033,0,0.0,0,14826
5034,0,0.0,0,14827
5035,0,0.0,0,14828
5036,0,0.0,0,14829
5037,0,0.0,0,14830
5038,0,0.0,0,14831
5039,0,0.0,0,14832
5040,0,0.0,0,14805
5077,0,0.0,0,14835
5079,0,0.0,0,14836
5143,0,0.0,0,14834
5114,0,0.0,0,14864
5116,0,0.0,0,14838
5117,0,0.0,0,14839
5118,0,0.0,0,14840
5119,0,0.0,0,14841
5120,0,0.0,0,14842
5121,0,0.0,0,14843
5122,0,0.0,0,14844
5123,0,0.0,0,14845
5124,0,0.0,0,14846
5125,0,0.0,0,14847
5126,0,0.0,0,14848
5127,0,0.0,0,14849
5128,0,0.0,0,14850
5129,0,0.0,0,14851
5130,0,0.0,0,14852
5131,0,0.0,0,14853
5132,0,0.0,0,14854
5133,0,0.0,0,14855
5134,0,0.0,0,14856
5135,0,0.0,0,14857
5136,0,0.0,0,14858
5137,0,0.0,0,14859
5138,0,0.0,0,14860
5139,0,0.0,0,14861
5140,0,0.0,0,14862
5141,0,0.0,0,14863
5142,0,0.0,0,14774
5115,0,0.0,0,14837
5112,0,0.0,0,14866
5080,0,0.0,0,14868
5111,0,0.0,0,14895
5081,0,0.0,0,14869
5082,0,0.0,0,14870
5083,0,0.0,0,14871
5084,0,0.0,0,14872
5085,0,0.0,0,14873
5086,0,0.0,0,14874
5087,0,0.0,0,14875
5088,0,0.0,0,14876
5089,0,0.0,0,14877
5090,0,0.0,0,14878
5091,0,0.0,0,14879
5092,0,0.0,0,14880
5094,0,0.0,0,14881
5095,0,0.0,0,14882
5096,0,0.0,0,14883
5097,0,0.0,0,14884
5099,0,0.0,0,14885
5100,0,0.0,0,14886
5101,0,0.0,0,14887
5102,0,0.0,0,14888
5103,0,0.0,0,14889
5104,0,0.0,0,14890
5105,0,0.0,0,14891
5106,0,0.0,0,14892
5108,0,0.0,0,14893
5109,0,0.0,0,14894
5110,0,0.0,0,14867
4746,0,0.0,0,14772
4745,0,0.0,0,14896
4744,0,0.0,0,14897
4386,0,0.0,0,14926
4388,0,0.0,0,14900
4389,0,0.0,0,14901
4390,0,0.0,0,14902
4391,0,0.0,0,14903
4392,0,0.0,0,14904
4393,0,0.0,0,14905
4394,0,0.0,0,14906
4396,0,0.0,0,14907
4397,0,0.0,0,14908
4398,0,0.0,0,14909
4399,0,0.0,0,14910
4400,0,0.0,0,14911
4401,0,0.0,0,14912
4402,0,0.0,0,14913
4403,0,0.0,0,14914
4404,0,0.0,0,14915
4405,0,0.0,0,14916
4406,0,0.0,0,14917
4407,0,0.0,0,14918
4408,0,0.0,0,14919
4409,0,0.0,0,14920
4410,0,0.0,0,14921
4411,0,0.0,0,14922
4412,0,0.0,0,14923
4413,0,0.0,0,14924
4414,0,0.0,0,14925
4415,0,0.0,0,14927
4387,0,0.0,0,14899
4385,0,0.0,0,14928
4417,0,0.0,0,14989
4384,0,0.0,0,14957
4357,0,0.0,0,14931
4358,0,0.0,0,14932
4359,0,0.0,0,14933
4360,0,0.0,0,14934
4361,0,0.0,0,14935
4362,0,0.0,0,14936
4363,0,0.0,0,14937
4364,0,0.0,0,14938
4365,0,0.0,0,14939
4366,0,0.0,0,14940
4367,0,0.0,0,14941
4368,0,0.0,0,14942
4369,0,0.0,0,14943
4370,0,0.0,0,14944
4371,0,0.0,0,14945
4372,0,0.0,0,14946
4373,0,0.0,0,14947
4374,0,0.0,0,14948
4375,0,0.0,0,14949
4376,0,0.0,0,14950
4377,0,0.0,0,14951
4378,0,0.0,0,14952
4379,0,0.0,0,14953
4380,0,0.0,0,14954
4381,0,0.0,0,14955
4382,0,0.0,0,14956
4383,0,0.0,0,14929
4416,0,0.0,0,14959
4418,0,0.0,0,14960
4355,0,0.0,0,14958
4449,0,0.0,0,14988
4451,0,0.0,0,14962
4452,0,0.0,0,14963
4453,0,0.0,0,14964
4454,0,0.0,0,14965
4455,0,0.0,0,14966
4456,0,0.0,0,14967
4457,0,0.0,0,14968
4458,0,0.0,0,14969
4459,0,0.0,0,14970
4461,0,0.0,0,14971
4462,0,0.0,0,14972
4463,0,0.0,0,14973
4464,0,0.0,0,14974
4466,0,0.0,0,14975
4467,0,0.0,0,14976
4468,0,0.0,0,14977
4469,0,0.0,0,14978
4470,0,0.0,0,14979
4471,0,0.0,0,14980
4472,0,0.0,0,14981
4474,0,0.0,0,14982
4475,0,0.0,0,14983
4476,0,0.0,0,14984
4477,0,0.0,0,14985
4478,0,0.0,0,14986
4479,0,0.0,0,14987
4480,0,0.0,0,15020
4450,0,0.0,0,14961
4448,0,0.0,0,14990
4419,0,0.0,0,14992
4447,0,0.0,0,15019
4420,0,0.0,0,14993
4421,0,0.0,0,14994
4422,0,0.0,0,14995
4423,0,0.0,0,14996
4424,0,0.0,0,14997
4425,0,0.0,0,14998
4426,0,0.0,0,14999
4427,0,0.0,0,15000
4428,0,0.0,0,15001
4429,0,0.0,0,15002
4430,0,0.0,0,15003
4431,0,0.0,0,15004
4432,0,0.0,0,15005
4433,0,0.0,0,15006
4434,0,0.0,0,15007
4435,0,0.0,0,15008
4436,0,0.0,0,15009
4437,0,0.0,0,15010
4438,0,0.0,0,15011
4439,0,0.0,0,15012
4440,0,0.0,0,15013
4441,0,0.0,0,15014
4442,0,0.0,0,15015
4443,0,0.0,0,15016
4444,0,0.0,0,15017
4445,0,0.0,0,15018
4446,0,0.0,0,14991
4356,0,0.0,0,14930
4354,0,0.0,0,15021
4743,0,0.0,0,14898
4256,0,0.0,0,15050
4258,0,0.0,0,15024
4259,0,0.0,0,15025
4260,0,0.0,0,15026
4261,0,0.0,0,15027
4262,0,0.0,0,15028
4263,0,0.0,0,15029
4264,0,0.0,0,15030
4266,0,0.0,0,15031
4267,0,0.0,0,15032
4268,0,0.0,0,15033
4269,0,0.0,0,15034
4270,0,0.0,0,15035
4271,0,0.0,0,15036
4272,0,0.0,0,15037
4273,0,0.0,0,15038
4274,0,0.0,0,15039
4275,0,0.0,0,15040
4276,0,0.0,0,15041
4277,0,0.0,0,15042
4278,0,0.0,0,15043
4279,0,0.0,0,15044
4280,0,0.0,0,15045
4281,0,0.0,0,15046
4282,0,0.0,0,15047
4283,0,0.0,0,15048
4284,0,0.0,0,15049
4285,0,0.0,0,15051
4257,0,0.0,0,15023
4255,0,0.0,0,15052
4287,0,0.0,0,15113
4254,0,0.0,0,15081
4224,0,0.0,0,15055
4225,0,0.0,0,15056
4226,0,0.0,0,15057
4227,0,0.0,0,15058
4228,0,0.0,0,15059
4229,0,0.0,0,15060
4230,0,0.0,0,15061
4231,0,0.0,0,15062
4232,0,0.0,0,15063
4233,0,0.0,0,15064
4234,0,0.0,0,15065
4235,0,0.0,0,15066
4237,0,0.0,0,15067
4239,0,0.0,0,15068
4240,0,0.0,0,15069
4241,0,0.0,0,15070
4242,0,0.0,0,15071
4244,0,0.0,0,15072
4245,0,0.0,0,15073
4246,0,0.0,0,15074
4247,0,0.0,0,15075
4248,0,0.0,0,15076
4249,0,0.0,0,15077
4250,0,0.0,0,15078
4251,0,0.0,0,15079
4252,0,0.0,0,15080
4253,0,0.0,0,15053
4286,0,0.0,0,15083
4288,0,0.0,0,15084
4353,0,0.0,0,15082
4322,0,0.0,0,15112
4324,0,0.0,0,15086
4325,0,0.0,0,15087
4327,0,0.0,0,15088
4328,0,0.0,0,15089
4329,0,0.0,0,15090
4330,0,0.0,0,15091
4332,0,0.0,0,15092
4333,0,0.0,0,15093
4334,0,0.0,0,15094
4335,0,0.0,0,15095
4336,0,0.0,0,15096
4337,0,0.0,0,15097
4338,0,0.0,0,15098
4339,0,0.0,0,15099
4340,0,0.0,0,15100
4341,0,0.0,0,15101
4342,0,0.0,0,15102
4343,0,0.0,0,15103
4344,0,0.0,0,15104
4345,0,0.0,0,15105
4346,0,0.0,0,15106
4347,0,0.0,0,15107
4348,0,0.0,0,15108
4349,0,0.0,0,15109
4350,0,0.0,0,15110
4351,0,0.0,0,15111
4352,0,0.0,0,15022
4323,0,0.0,0,15085
4321,0,0.0,0,15114
4289,0,0.0,0,15116
4320,0,0.0,0,15143
4290,0,0.0,0,15117
4291,0,0.0,0,15118
4292,0,0.0,0,15119
4293,0,0.0,0,15120
4294,0,0.0,0,15121
4295,0,0.0,0,15122
4296,0,0.0,0,15123
4298,0,0.0,0,15124
4299,0,0.0,0,15125
4300,0,0.0,0,15126
4302,0,0.0,0,15127
4303,0,0.0,0,15128
4304,0,0.0,0,15129
4305,0,0.0,0,15130
4306,0,0.0,0,15131
4307,0,0.0,0,15132
4308,0,0.0,0,15133
4309,0,0.0,0,15134
4310,0,0.0,0,15135
4311,0,0.0,0,15136
4312,0,0.0,0,15137
4313,0,0.0,0,15138
4314,0,0.0,0,15139
4315,0,0.0,0,15140
4316,0,0.0,0,15141
4317,0,0.0,0,15142
4318,0,0.0,0,15115
4481,0,0.0,0,15145
4482,0,0.0,0,15268
4484,0,0.0,0,15146
4645,0,0.0,0,15176
4647,0,0.0,0,15147
4649,0,0.0,0,15148
4650,0,0.0,0,15149
4651,0,0.0,0,15150
4653,0,0.0,0,15151
4654,0,0.0,0,15152
4655,0,0.0,0,15153
4656,0,0.0,0,15154
4657,0,0.0,0,15155
4658,0,0.0,0,15156
4659,0,0.0,0,15157
4660,0,0.0,0,15158
4661,0,0.0,0,15159
4662,0,0.0,0,15160
4663,0,0.0,0,15161
4664,0,0.0,0,15162
4665,0,0.0,0,15163
4666,0,0.0,0,15164
4667,0,0.0,0,15165
4668,0,0.0,0,15166
4669,0,0.0,0,15167
4670,0,0.0,0,15168
4671,0,0.0,0,15169
4672,0,0.0,0,15170
4673,0,0.0,0,15171
4674,0,0.0,0,15172
4675,0,0.0,0,15173
4646,0,0.0,0,15174
4643,0,0.0,0,15205
4677,0,0.0,0,15207
4641,0,0.0,0,15177
4612,0,0.0,0,15178
4613,0,0.0,0,15179
4614,0,0.0,0,15180
4615,0,0.0,0,15181
4616,0,0.0,0,15182
4617,0,0.0,0,15183
4618,0,0.0,0,15184
4619,0,0.0,0,15185
4620,0,0.0,0,15186
4621,0,0.0,0,15187
4622,0,0.0,0,15188
4623,0,0.0,0,15189
4624,0,0.0,0,15190
4625,0,0.0,0,15191
4626,0,0.0,0,15192
4627,0,0.0,0,15193
4628,0,0.0,0,15194
4630,0,0.0,0,15195
4631,0,0.0,0,15196
4632,0,0.0,0,15197
4633,0,0.0,0,15198
4634,0,0.0,0,15199
4636,0,0.0,0,15200
4637,0,0.0,0,15201
4638,0,0.0,0,15202
4639,0,0.0,0,15203
4640,0,0.0,0,15204
4676,0,0.0,0,15175
4678,0,0.0,0,15237
4485,0,0.0,0,15302
4713,0,0.0,0,15238
4715,0,0.0,0,15209
4716,0,0.0,0,15210
4717,0,0.0,0,15211
4718,0,0.0,0,15212
4719,0,0.0,0,15213
4721,0,0.0,0,15214
4722,0,0.0,0,15215
4723,0,0.0,0,15216
4724,0,0.0,0,15217
4725,0,0.0,0,15218
4726,0,0.0,0,15219
4727,0,0.0,0,15220
4728,0,0.0,0,15221
4729,0,0.0,0,15222
4730,0,0.0,0,15223
4731,0,0.0,0,15224
4732,0,0.0,0,15225
4733,0,0.0,0,15226
4734,0,0.0,0,15227
4735,0,0.0,0,15228
4736,0,0.0,0,15229
4737,0,0.0,0,15230
4738,0,0.0,0,15231
4739,0,0.0,0,15232
4740,0,0.0,0,15233
4741,0,0.0,0,15234
4742,0,0.0,0,15235
4714,0,0.0,0,15236
4712,0,0.0,0,15267
4679,0,0.0,0,15208
4711,0,0.0,0,15239
4680,0,0.0,0,15240
4681,0,0.0,0,15241
4683,0,0.0,0,15242
4684,0,0.0,0,15243
4685,0,0.0,0,15244
4686,0,0.0,0,15245
4687,0,0.0,0,15246
4688,0,0.0,0,15247
4689,0,0.0,0,15248
4690,0,0.0,0,15249
4691,0,0.0,0,15250
4692,0,0.0,0,15251
4693,0,0.0,0,15252
4694,0,0.0,0,15253
4695,0,0.0,0,15254
4696,0,0.0,0,15255
4698,0,0.0,0,15256
4699,0,0.0,0,15257
4700,0,0.0,0,15258
4701,0,0.0,0,15259
4702,0,0.0,0,15260
4703,0,0.0,0,15261
4705,0,0.0,0,15262
4706,0,0.0,0,15263
4707,0,0.0,0,15264
4708,0,0.0,0,15265
4709,0,0.0,0,15266
4611,0,0.0,0,15206
4610,0,0.0,0,15269
4609,0,0.0,0,15330
4517,0,0.0,0,15298
4519,0,0.0,0,15272
4520,0,0.0,0,15273
4521,0,0.0,0,15274
4522,0,0.0,0,15275
4523,0,0.0,0,15276
4524,0,0.0,0,15277
4525,0,0.0,0,15278
4526,0,0.0,0,15279
4527,0,0.0,0,15280
4528,0,0.0,0,15281
4529,0,0.0,0,15282
4530,0,0.0,0,15283
4531,0,0.0,0,15284
4532,0,0.0,0,15285
4533,0,0.0,0,15286
4534,0,0.0,0,15287
4535,0,0.0,0,15288
4536,0,0.0,0,15289
4537,0,0.0,0,15290
4538,0,0.0,0,15291
4539,0,0.0,0,15292
4540,0,0.0,0,15293
4541,0,0.0,0,15294
4542,0,0.0,0,15295
4543,0,0.0,0,15296
4544,0,0.0,0,15297
4545,0,0.0,0,15299
4518,0,0.0,0,15271
4516,0,0.0,0,15300
4608,0,0.0,0,15270
4515,0,0.0,0,15329
4486,0,0.0,0,15303
4487,0,0.0,0,15304
4488,0,0.0,0,15305
4489,0,0.0,0,15306
4490,0,0.0,0,15307
4491,0,0.0,0,15308
4492,0,0.0,0,15309
4494,0,0.0,0,15310
4495,0,0.0,0,15311
4496,0,0.0,0,15312
4497,0,0.0,0,15313
4498,0,0.0,0,15314
4499,0,0.0,0,15315
4500,0,0.0,0,15316
4501,0,0.0,0,15317
4502,0,0.0,0,15318
4503,0,0.0,0,15319
4504,0,0.0,0,15320
4505,0,0.0,0,15321
4507,0,0.0,0,15322
4508,0,0.0,0,15323
4509,0,0.0,0,15324
4510,0,0.0,0,15325
4511,0,0.0,0,15326
4512,0,0.0,0,15327
4513,0,0.0,0,15328
4514,0,0.0,0,15301
4546,0,0.0,0,15331
4547,0,0.0,0,15361
4548,0,0.0,0,15332
4549,0,0.0,0,15364
4580,0,0.0,0,15333
4581,0,0.0,0,15334
4582,0,0.0,0,15335
4583,0,0.0,0,15336
4584,0,0.0,0,15337
4585,0,0.0,0,15338
4586,0,0.0,0,15339
4587,0,0.0,0,15340
4588,0,0.0,0,15341
4589,0,0.0,0,15342
4591,0,0.0,0,15343
4592,0,0.0,0,15344
4593,0,0.0,0,15345
4594,0,0.0,0,15346
4595,0,0.0,0,15347
4596,0,0.0,0,15348
4597,0,0.0,0,15349
4598,0,0.0,0,15350
4599,0,0.0,0,15351
4600,0,0.0,0,15352
4601,0,0.0,0,15353
4602,0,0.0,0,15354
4603,0,0.0,0,15355
4604,0,0.0,0,15356
4605,0,0.0,0,15357
4606,0,0.0,0,15358
4607,0,0.0,0,15359
4579,0,0.0,0,15360
4578,0,0.0,0,15362
4577,0,0.0,0,15391
4562,0,0.0,0,15377
4550,0,0.0,0,15365
4551,0,0.0,0,15366
4552,0,0.0,0,15367
4553,0,0.0,0,15368
4554,0,0.0,0,15369
4555,0,0.0,0,15370
4556,0,0.0,0,15371
4557,0,0.0,0,15372
4558,0,0.0,0,15373
4559,0,0.0,0,15374
4560,0,0.0,0,15375
4561,0,0.0,0,15376
4563,0,0.0,0,15378
4576,0,0.0,0,15363
4564,0,0.0,0,15379
4565,0,0.0,0,15380
4566,0,0.0,0,15381
4567,0,0.0,0,15382
4568,0,0.0,0,15383
4569,0,0.0,0,15384
4570,0,0.0,0,15385
4571,0,0.0,0,15386
4572,0,0.0,0,15387
4573,0,0.0,0,15388
4574,0,0.0,0,15389
4575,0,0.0,0,15390
5274,0,0.0,0,15392
5276,0,0.0,0,15394
6335,0,0.0,0,14403
5975,0,0.0,0,15424
5978,0,0.0,0,15395
5979,0,0.0,0,15396
5980,0,0.0,0,15397
5981,0,0.0,0,15398
5982,0,0.0,0,15399
5983,0,0.0,0,15400
5985,0,0.0,0,15401
5986,0,0.0,0,15402
5987,0,0.0,0,15403
5988,0,0.0,0,15404
5989,0,0.0,0,15405
5990,0,0.0,0,15406
5991,0,0.0,0,15407
5992,0,0.0,0,15408
5993,0,0.0,0,15409
5994,0,0.0,0,15410
5995,0,0.0,0,15411
5996,0,0.0,0,15412
5997,0,0.0,0,15413
5998,0,0.0,0,15414
5999,0,0.0,0,15415
6000,0,0.0,0,15416
6002,0,0.0,0,15417
6003,0,0.0,0,15418
6004,0,0.0,0,15419
6005,0,0.0,0,15420
6006,0,0.0,0,15421
5977,0,0.0,0,15422
5974,0,0.0,0,15453
6009,0,0.0,0,15455
5973,0,0.0,0,15425
5945,0,0.0,0,15426
5946,0,0.0,0,15427
5947,0,0.0,0,15428
5948,0,0.0,0,15429
5949,0,0.0,0,15430
5950,0,0.0,0,15431
5951,0,0.0,0,15432
5952,0,0.0,0,15433
5953,0,0.0,0,15434
5954,0,0.0,0,15435
5955,0,0.0,0,15436
5956,0,0.0,0,15437
5957,0,0.0,0,15438
5958,0,0.0,0,15439
5959,0,0.0,0,15440
5961,0,0.0,0,15441
5962,0,0.0,0,15442
5963,0,0.0,0,15443
5964,0,0.0,0,15444
5965,0,0.0,0,15445
5966,0,0.0,0,15446
5967,0,0.0,0,15447
5968,0,0.0,0,15448
5969,0,0.0,0,15449
5970,0,0.0,0,15450
5971,0,0.0,0,15451
5972,0,0.0,0,15452
6008,0,0.0,0,15423
6010,0,0.0,0,15485
5943,0,0.0,0,15517
6042,0,0.0,0,15486
6044,0,0.0,0,15457
6045,0,0.0,0,15458
6046,0,0.0,0,15459
6047,0,0.0,0,15460
6048,0,0.0,0,15461
6049,0,0.0,0,15462
6050,0,0.0,0,15463
6051,0,0.0,0,15464
6052,0,0.0,0,15465
6053,0,0.0,0,15466
6054,0,0.0,0,15467
6055,0,0.0,0,15468
6056,0,0.0,0,15469
6057,0,0.0,0,15470
6061,0,0.0,0,15471
6062,0,0.0,0,15472
6063,0,0.0,0,15473
6064,0,0.0,0,15474
6065,0,0.0,0,15475
6066,0,0.0,0,15476
6067,0,0.0,0,15477
6068,0,0.0,0,15478
6069,0,0.0,0,15479
6070,0,0.0,0,15480
6071,0,0.0,0,15481
6072,0,0.0,0,15482
6073,0,0.0,0,15483
6043,0,0.0,0,15484
6041,0,0.0,0,15515
6011,0,0.0,0,15456
6040,0,0.0,0,15487
6012,0,0.0,0,15488
6013,0,0.0,0,15489
6014,0,0.0,0,15490
6015,0,0.0,0,15491
6016,0,0.0,0,15492
6017,0,0.0,0,15493
6019,0,0.0,0,15494
6020,0,0.0,0,15495
6021,0,0.0,0,15496
6022,0,0.0,0,15497
6023,0,0.0,0,15498
6024,0,0.0,0,15499
6025,0,0.0,0,15500
6026,0,0.0,0,15501
6027,0,0.0,0,15502
6028,0,0.0,0,15503
6029,0,0.0,0,15504
6030,0,0.0,0,15505
6031,0,0.0,0,15506
6032,0,0.0,0,15507
6033,0,0.0,0,15508
6034,0,0.0,0,15509
6035,0,0.0,0,15510
6036,0,0.0,0,15511
6037,0,0.0,0,15512
6038,0,0.0,0,15513
6039,0,0.0,0,15514
5944,0,0.0,0,15454
5942,0,0.0,0,15578
6076,0,0.0,0,15641
5843,0,0.0,0,15548
5845,0,0.0,0,15519
5846,0,0.0,0,15520
5847,0,0.0,0,15521
5849,0,0.0,0,15522
5850,0,0.0,0,15523
5851,0,0.0,0,15524
5853,0,0.0,0,15525
5854,0,0.0,0,15526
5855,0,0.0,0,15527
5856,0,0.0,0,15528
5857,0,0.0,0,15529
5858,0,0.0,0,15530
5859,0,0.0,0,15531
5860,0,0.0,0,15532
5861,0,0.0,0,15533
5862,0,0.0,0,15534
5863,0,0.0,0,15535
5864,0,0.0,0,15536
5865,0,0.0,0,15537
5866,0,0.0,0,15538
5867,0,0.0,0,15539
5868,0,0.0,0,15540
5869,0,0.0,0,15541
5870,0,0.0,0,15542
5871,0,0.0,0,15543
5872,0,0.0,0,15544
5873,0,0.0,0,15545
5844,0,0.0,0,15546
5842,0,0.0,0,15577
5875,0,0.0,0,15579
5841,0,0.0,0,15549
5812,0,0.0,0,15550
5813,0,0.0,0,15551
5814,0,0.0,0,15552
5815,0,0.0,0,15553
5816,0,0.0,0,15554
5817,0,0.0,0,15555
5818,0,0.0,0,15556
5819,0,0.0,0,15557
5820,0,0.0,0,15558
5821,0,0.0,0,15559
5822,0,0.0,0,15560
5823,0,0.0,0,15561
5824,0,0.0,0,15562
5825,0,0.0,0,15563
5826,0,0.0,0,15564
5828,0,0.0,0,15565
5829,0,0.0,0,15566
5830,0,0.0,0,15567
5831,0,0.0,0,15568
5832,0,0.0,0,15569
5833,0,0.0,0,15570
5834,0,0.0,0,15571
5835,0,0.0,0,15572
5836,0,0.0,0,15573
5837,0,0.0,0,15574
5838,0,0.0,0,15575
5840,0,0.0,0,15576
5874,0,0.0,0,15547
5876,0,0.0,0,15609
5941,0,0.0,0,15518
5910,0,0.0,0,15610
5912,0,0.0,0,15581
5913,0,0.0,0,15582
5914,0,0.0,0,15583
5915,0,0.0,0,15584
5916,0,0.0,0,15585
5917,0,0.0,0,15586
5920,0,0.0,0,15587
5921,0,0.0,0,15588
5922,0,0.0,0,15589
5923,0,0.0,0,15590
5924,0,0.0,0,15591
5925,0,0.0,0,15592
5926,0,0.0,0,15593
5927,0,0.0,0,15594
5928,0,0.0,0,15595
5929,0,0.0,0,15596
5930,0,0.0,0,15597
5931,0,0.0,0,15598
5932,0,0.0,0,15599
5933,0,0.0,0,15600
5934,0,0.0,0,15601
5935,0,0.0,0,15602
5936,0,0.0,0,15603
5937,0,0.0,0,15604
5938,0,0.0,0,15605
5939,0,0.0,0,15606
5940,0,0.0,0,15607
5911,0,0.0,0,15608
5909,0,0.0,0,15639
5877,0,0.0,0,15580
5907,0,0.0,0,15611
5878,0,0.0,0,15612
5879,0,0.0,0,15613
5880,0,0.0,0,15614
5881,0,0.0,0,15615
5882,0,0.0,0,15616
5883,0,0.0,0,15617
5884,0,0.0,0,15618
5886,0,0.0,0,15619
5887,0,0.0,0,15620
5888,0,0.0,0,15621
5889,0,0.0,0,15622
5890,0,0.0,0,15623
5891,0,0.0,0,15624
5892,0,0.0,0,15625
5893,0,0.0,0,15626
5894,0,0.0,0,15627
5895,0,0.0,0,15628
5896,0,0.0,0,15629
5897,0,0.0,0,15630
5898,0,0.0,0,15631
5899,0,0.0,0,15632
5901,0,0.0,0,15633
5902,0,0.0,0,15634
5903,0,0.0,0,15635
5904,0,0.0,0,15636
5905,0,0.0,0,15637
5906,0,0.0,0,15638
6075,0,0.0,0,15516
6077,0,0.0,0,15764
5277,0,0.0,0,16046
6238,0,0.0,0,15672
6240,0,0.0,0,15643
6241,0,0.0,0,15644
6244,0,0.0,0,15645
6245,0,0.0,0,15646
6246,0,0.0,0,15647
6247,0,0.0,0,15648
6248,0,0.0,0,15649
6249,0,0.0,0,15650
6250,0,0.0,0,15651
6251,0,0.0,0,15652
6252,0,0.0,0,15653
6253,0,0.0,0,15654
6254,0,0.0,0,15655
6255,0,0.0,0,15656
6256,0,0.0,0,15657
6257,0,0.0,0,15658
6258,0,0.0,0,15659
6259,0,0.0,0,15660
6260,0,0.0,0,15661
6261,0,0.0,0,15662
6262,0,0.0,0,15663
6263,0,0.0,0,15664
6264,0,0.0,0,15665
6265,0,0.0,0,15666
6266,0,0.0,0,15667
6267,0,0.0,0,15668
6268,0,0.0,0,15669
6239,0,0.0,0,15670
6237,0,0.0,0,15701
6270,0,0.0,0,15703
6236,0,0.0,0,15673
6209,0,0.0,0,15674
6210,0,0.0,0,15675
6211,0,0.0,0,15676
6212,0,0.0,0,15677
6213,0,0.0,0,15678
6214,0,0.0,0,15679
6215,0,0.0,0,15680
6216,0,0.0,0,15681
6217,0,0.0,0,15682
6218,0,0.0,0,15683
6219,0,0.0,0,15684
6220,0,0.0,0,15685
6221,0,0.0,0,15686
6222,0,0.0,0,15687
6223,0,0.0,0,15688
6224,0,0.0,0,15689
6225,0,0.0,0,15690
6226,0,0.0,0,15691
6227,0,0.0,0,15692
6228,0,0.0,0,15693
6229,0,0.0,0,15694
6230,0,0.0,0,15695
6231,0,0.0,0,15696
6232,0,0.0,0,15697
6233,0,0.0,0,15698
6234,0,0.0,0,15699
6235,0,0.0,0,15700
6269,0,0.0,0,15671
6272,0,0.0,0,15733
6207,0,0.0,0,15765
6304,0,0.0,0,15734
6306,0,0.0,0,15705
6307,0,0.0,0,15706
6308,0,0.0,0,15707
6309,0,0.0,0,15708
6310,0,0.0,0,15709
6311,0,0.0,0,15710
6312,0,0.0,0,15711
6313,0,0.0,0,15712
6314,0,0.0,0,15713
6315,0,0.0,0,15714
6316,0,0.0,0,15715
6317,0,0.0,0,15716
6318,0,0.0,0,15717
6319,0,0.0,0,15718
6320,0,0.0,0,15719
6321,0,0.0,0,15720
6322,0,0.0,0,15721
6323,0,0.0,0,15722
6324,0,0.0,0,15723
6325,0,0.0,0,15724
6326,0,0.0,0,15725
6327,0,0.0,0,15726
6329,0,0.0,0,15727
6330,0,0.0,0,15728
6332,0,0.0,0,15729
6333,0,0.0,0,15730
6334,0,0.0,0,15731
6305,0,0.0,0,15732
6303,0,0.0,0,15763
6273,0,0.0,0,15704
6302,0,0.0,0,15735
6275,0,0.0,0,15736
6276,0,0.0,0,15737
6277,0,0.0,0,15738
6278,0,0.0,0,15739
6279,0,0.0,0,15740
6280,0,0.0,0,15741
6281,0,0.0,0,15742
6282,0,0.0,0,15743
6283,0,0.0,0,15744
6284,0,0.0,0,15745
6285,0,0.0,0,15746
6286,0,0.0,0,15747
6287,0,0.0,0,15748
6288,0,0.0,0,15749
6289,0,0.0,0,15750
6290,0,0.0,0,15751
6291,0,0.0,0,15752
6292,0,0.0,0,15753
6293,0,0.0,0,15754
6294,0,0.0,0,15755
6295,0,0.0,0,15756
6296,0,0.0,0,15757
6297,0,0.0,0,15758
6298,0,0.0,0,15759
6299,0,0.0,0,15760
6300,0,0.0,0,15761
6301,0,0.0,0,15762
6208,0,0.0,0,15702
6206,0,0.0,0,15826
6079,0,0.0,0,15642
6110,0,0.0,0,15796
6112,0,0.0,0,15767
6114,0,0.0,0,15768
6115,0,0.0,0,15769
6116,0,0.0,0,15770
6117,0,0.0,0,15771
6118,0,0.0,0,15772
6119,0,0.0,0,15773
6120,0,0.0,0,15774
6121,0,0.0,0,15775
6122,0,0.0,0,15776
6124,0,0.0,0,15777
6125,0,0.0,0,15778
6126,0,0.0,0,15779
6127,0,0.0,0,15780
6128,0,0.0,0,15781
6129,0,0.0,0,15782
6130,0,0.0,0,15783
6131,0,0.0,0,15784
6132,0,0.0,0,15785
6133,0,0.0,0,15786
6134,0,0.0,0,15787
6135,0,0.0,0,15788
6136,0,0.0,0,15789
6137,0,0.0,0,15790
6138,0,0.0,0,15791
6139,0,0.0,0,15792
6140,0,0.0,0,15793
6111,0,0.0,0,15794
6109,0,0.0,0,15825
6142,0,0.0,0,15827
6108,0,0.0,0,15797
6080,0,0.0,0,15798
6081,0,0.0,0,15799
6082,0,0.0,0,15800
6083,0,0.0,0,15801
6084,0,0.0,0,15802
6085,0,0.0,0,15803
6086,0,0.0,0,15804
6087,0,0.0,0,15805
6088,0,0.0,0,15806
6089,0,0.0,0,15807
6090,0,0.0,0,15808
6091,0,0.0,0,15809
6093,0,0.0,0,15810
6094,0,0.0,0,15811
6095,0,0.0,0,15812
6096,0,0.0,0,15813
6097,0,0.0,0,15814
6098,0,0.0,0,15815
6099,0,0.0,0,15816
6100,0,0.0,0,15817
6101,0,0.0,0,15818
6102,0,0.0,0,15819
6103,0,0.0,0,15820
6104,0,0.0,0,15821
6105,0,0.0,0,15822
6106,0,0.0,0,15823
6107,0,0.0,0,15824
6141,0,0.0,0,15795
6143,0,0.0,0,15857
6205,0,0.0,0,15766
6175,0,0.0,0,15858
6177,0,0.0,0,15829
6178,0,0.0,0,15830
6179,0,0.0,0,15831
6180,0,0.0,0,15832
6181,0,0.0,0,15833
6182,0,0.0,0,15834
6183,0,0.0,0,15835
6184,0,0.0,0,15836
6185,0,0.0,0,15837
6186,0,0.0,0,15838
6187,0,0.0,0,15839
6188,0,0.0,0,15840
6189,0,0.0,0,15841
6190,0,0.0,0,15842
6191,0,0.0,0,15843
6192,0,0.0,0,15844
6193,0,0.0,0,15845
6194,0,0.0,0,15846
6195,0,0.0,0,15847
6196,0,0.0,0,15848
6197,0,0.0,0,15849
6198,0,0.0,0,15850
6199,0,0.0,0,15851
6200,0,0.0,0,15852
6201,0,0.0,0,15853
6202,0,0.0,0,15854
6203,0,0.0,0,15855
6176,0,0.0,0,15856
6174,0,0.0,0,15887
6144,0,0.0,0,15828
6173,0,0.0,0,15859
6145,0,0.0,0,15860
6146,0,0.0,0,15861
6147,0,0.0,0,15862
6148,0,0.0,0,15863
6149,0,0.0,0,15864
6150,0,0.0,0,15865
6151,0,0.0,0,15866
6152,0,0.0,0,15867
6153,0,0.0,0,15868
6154,0,0.0,0,15869
6155,0,0.0,0,15870
6156,0,0.0,0,15871
6157,0,0.0,0,15872
6158,0,0.0,0,15873
6159,0,0.0,0,15874
6160,0,0.0,0,15875
6161,0,0.0,0,15876
6162,0,0.0,0,15877
6163,0,0.0,0,15878
6164,0,0.0,0,15879
6165,0,0.0,0,15880
6166,0,0.0,0,15881
6167,0,0.0,0,15882
6168,0,0.0,0,15883
6169,0,0.0,0,15884
6170,0,0.0,0,15885
6171,0,0.0,0,15886
5811,0,0.0,0,15640
5810,0,0.0,0,15889
5809,0,0.0,0,16136
5444,0,0.0,0,15918
5446,0,0.0,0,15892
5447,0,0.0,0,15893
5448,0,0.0,0,15894
5449,0,0.0,0,15895
5450,0,0.0,0,15896
5451,0,0.0,0,15897
5453,0,0.0,0,15898
5454,0,0.0,0,15899
5455,0,0.0,0,15900
5456,0,0.0,0,15901
5457,0,0.0,0,15902
5458,0,0.0,0,15903
5459,0,0.0,0,15904
5460,0,0.0,0,15905
5461,0,0.0,0,15906
5462,0,0.0,0,15907
5463,0,0.0,0,15908
5464,0,0.0,0,15909
5465,0,0.0,0,15910
5466,0,0.0,0,15911
5467,0,0.0,0,15912
5468,0,0.0,0,15913
5469,0,0.0,0,15914
5470,0,0.0,0,15915
5471,0,0.0,0,15916
5472,0,0.0,0,15917
5473,0,0.0,0,15919
5445,0,0.0,0,15891
5443,0,0.0,0,15920
5475,0,0.0,0,15981
5442,0,0.0,0,15949
5413,0,0.0,0,15923
5414,0,0.0,0,15924
5415,0,0.0,0,15925
5417,0,0.0,0,15926
5419,0,0.0,0,15927
5420,0,0.0,0,15928
5421,0,0.0,0,15929
5422,0,0.0,0,15930
5423,0,0.0,0,15931
5424,0,0.0,0,15932
5425,0,0.0,0,15933
5426,0,0.0,0,15934
5427,0,0.0,0,15935
5428,0,0.0,0,15936
5429,0,0.0,0,15937
5430,0,0.0,0,15938
5431,0,0.0,0,15939
5432,0,0.0,0,15940
5433,0,0.0,0,15941
5434,0,0.0,0,15942
5435,0,0.0,0,15943
5436,0,0.0,0,15944
5437,0,0.0,0,15945
5438,0,0.0,0,15946
5439,0,0.0,0,15947
5440,0,0.0,0,15948
5441,0,0.0,0,15921
5474,0,0.0,0,15951
5476,0,0.0,0,15952
5411,0,0.0,0,15950
5508,0,0.0,0,15980
5512,0,0.0,0,15954
5513,0,0.0,0,15955
5514,0,0.0,0,15956
5515,0,0.0,0,15957
5516,0,0.0,0,15958
5517,0,0.0,0,15959
5518,0,0.0,0,15960
5519,0,0.0,0,15961
5520,0,0.0,0,15962
5521,0,0.0,0,15963
5523,0,0.0,0,15964
5524,0,0.0,0,15965
5525,0,0.0,0,15966
5526,0,0.0,0,15967
5527,0,0.0,0,15968
5528,0,0.0,0,15969
5529,0,0.0,0,15970
5530,0,0.0,0,15971
5531,0,0.0,0,15972
5532,0,0.0,0,15973
5533,0,0.0,0,15974
5534,0,0.0,0,15975
5535,0,0.0,0,15976
5536,0,0.0,0,15977
5538,0,0.0,0,15978
5539,0,0.0,0,15979
5540,0,0.0,0,16012
5510,0,0.0,0,15953
5507,0,0.0,0,15982
5477,0,0.0,0,15984
5506,0,0.0,0,16011
5478,0,0.0,0,15985
5479,0,0.0,0,15986
5480,0,0.0,0,15987
5481,0,0.0,0,15988
5482,0,0.0,0,15989
5483,0,0.0,0,15990
5484,0,0.0,0,15991
5485,0,0.0,0,15992
5486,0,0.0,0,15993
5487,0,0.0,0,15994
5488,0,0.0,0,15995
5489,0,0.0,0,15996
5490,0,0.0,0,15997
5491,0,0.0,0,15998
5492,0,0.0,0,15999
5493,0,0.0,0,16000
5494,0,0.0,0,16001
5496,0,0.0,0,16002
5497,0,0.0,0,16003
5498,0,0.0,0,16004
5499,0,0.0,0,16005
5500,0,0.0,0,16006
5501,0,0.0,0,16007
5502,0,0.0,0,16008
5503,0,0.0,0,16009
5504,0,0.0,0,16010
5505,0,0.0,0,15983
5412,0,0.0,0,15922
5409,0,0.0,0,16013
5808,0,0.0,0,15890
5312,0,0.0,0,16042
5315,0,0.0,0,16016
5316,0,0.0,0,16017
5317,0,0.0,0,16018
5318,0,0.0,0,16019
5320,0,0.0,0,16020
5321,0,0.0,0,16021
5322,0,0.0,0,16022
5323,0,0.0,0,16023
5324,0,0.0,0,16024
5325,0,0.0,0,16025
5326,0,0.0,0,16026
5327,0,0.0,0,16027
5328,0,0.0,0,16028
5329,0,0.0,0,16029
5330,0,0.0,0,16030
5331,0,0.0,0,16031
5332,0,0.0,0,16032
5333,0,0.0,0,16033
5334,0,0.0,0,16034
5335,0,0.0,0,16035
5336,0,0.0,0,16036
5337,0,0.0,0,16037
5338,0,0.0,0,16038
5339,0,0.0,0,16039
5340,0,0.0,0,16040
5341,0,0.0,0,16041
5342,0,0.0,0,16043
5313,0,0.0,0,16015
5311,0,0.0,0,16044
5344,0,0.0,0,16105
5310,0,0.0,0,16073
5278,0,0.0,0,16047
5279,0,0.0,0,16048
5280,0,0.0,0,16049
5281,0,0.0,0,16050
5282,0,0.0,0,16051
5283,0,0.0,0,16052
5284,0,0.0,0,16053
5285,0,0.0,0,16054
5287,0,0.0,0,16055
5289,0,0.0,0,16056
5291,0,0.0,0,16057
5292,0,0.0,0,16058
5293,0,0.0,0,16059
5294,0,0.0,0,16060
5295,0,0.0,0,16061
5296,0,0.0,0,16062
5297,0,0.0,0,16063
5298,0,0.0,0,16064
5299,0,0.0,0,16065
5300,0,0.0,0,16066
5301,0,0.0,0,16067
5302,0,0.0,0,16068
5303,0,0.0,0,16069
5304,0,0.0,0,16070
5307,0,0.0,0,16071
5308,0,0.0,0,16072
5309,0,0.0,0,16045
5343,0,0.0,0,16075
5345,0,0.0,0,16076
5408,0,0.0,0,16074
5378,0,0.0,0,16104
5380,0,0.0,0,16078
5381,0,0.0,0,16079
5382,0,0.0,0,16080
5383,0,0.0,0,16081
5384,0,0.0,0,16082
5385,0,0.0,0,16083
5386,0,0.0,0,16084
5387,0,0.0,0,16085
5388,0,0.0,0,16086
5389,0,0.0,0,16087
5390,0,0.0,0,16088
5391,0,0.0,0,16089
5392,0,0.0,0,16090
5393,0,0.0,0,16091
5394,0,0.0,0,16092
5395,0,0.0,0,16093
5396,0,0.0,0,16094
5397,0,0.0,0,16095
5398,0,0.0,0,16096
5399,0,0.0,0,16097
5400,0,0.0,0,16098
5402,0,0.0,0,16099
5403,0,0.0,0,16100
5404,0,0.0,0,16101
5405,0,0.0,0,16102
5406,0,0.0,0,16103
5407,0,0.0,0,16014
5379,0,0.0,0,16077
5377,0,0.0,0,16106
5346,0,0.0,0,16108
5376,0,0.0,0,16135
5347,0,0.0,0,16109
5348,0,0.0,0,16110
5349,0,0.0,0,16111
5350,0,0.0,0,16112
5351,0,0.0,0,16113
5352,0,0.0,0,16114
5353,0,0.0,0,16115
5354,0,0.0,0,16116
5355,0,0.0,0,16117
5356,0,0.0,0,16118
5357,0,0.0,0,16119
5358,0,0.0,0,16120
5359,0,0.0,0,16121
5361,0,0.0,0,16122
5362,0,0.0,0,16123
5363,0,0.0,0,16124
5364,0,0.0,0,16125
5365,0,0.0,0,16126
5366,0,0.0,0,16127
5367,0,0.0,0,16128
5368,0,0.0,0,16129
5369,0,0.0,0,16130
5371,0,0.0,0,16131
5372,0,0.0,0,16132
5373,0,0.0,0,16133
5374,0,0.0,0,16134
5375,0,0.0,0,16107
5541,0,0.0,0,16137
5543,0,0.0,0,16260
5544,0,0.0,0,16138
5711,0,0.0,0,16168
5713,0,0.0,0,16139
5714,0,0.0,0,16140
5715,0,0.0,0,16141
5716,0,0.0,0,16142
5717,0,0.0,0,16143
5718,0,0.0,0,16144
5719,0,0.0,0,16145
5720,0,0.0,0,16146
5721,0,0.0,0,16147
5723,0,0.0,0,16148
5724,0,0.0,0,16149
5725,0,0.0,0,16150
5726,0,0.0,0,16151
5727,0,0.0,0,16152
5728,0,0.0,0,16153
5729,0,0.0,0,16154
5730,0,0.0,0,16155
5731,0,0.0,0,16156
5732,0,0.0,0,16157
5733,0,0.0,0,16158
5734,0,0.0,0,16159
5735,0,0.0,0,16160
5736,0,0.0,0,16161
5737,0,0.0,0,16162
5738,0,0.0,0,16163
5739,0,0.0,0,16164
5740,0,0.0,0,16165
5712,0,0.0,0,16166
5710,0,0.0,0,16197
5742,0,0.0,0,16199
5709,0,0.0,0,16169
5680,0,0.0,0,16170
5681,0,0.0,0,16171
5682,0,0.0,0,16172
5683,0,0.0,0,16173
5684,0,0.0,0,16174
5685,0,0.0,0,16175
5686,0,0.0,0,16176
5687,0,0.0,0,16177
5689,0,0.0,0,16178
5690,0,0.0,0,16179
5691,0,0.0,0,16180
5692,0,0.0,0,16181
5694,0,0.0,0,16182
5695,0,0.0,0,16183
5696,0,0.0,0,16184
5697,0,0.0,0,16185
5698,0,0.0,0,16186
5699,0,0.0,0,16187
5700,0,0.0,0,16188
5701,0,0.0,0,16189
5702,0,0.0,0,16190
5703,0,0.0,0,16191
5704,0,0.0,0,16192
5705,0,0.0,0,16193
5706,0,0.0,0,16194
5707,0,0.0,0,16195
5708,0,0.0,0,16196
5741,0,0.0,0,16167
5743,0,0.0,0,16229
5545,0,0.0,0,16294
5778,0,0.0,0,16230
5780,0,0.0,0,16201
5781,0,0.0,0,16202
5782,0,0.0,0,16203
5783,0,0.0,0,16204
5784,0,0.0,0,16205
5785,0,0.0,0,16206
5786,0,0.0,0,16207
5787,0,0.0,0,16208
5788,0,0.0,0,16209
5789,0,0.0,0,16210
5790,0,0.0,0,16211
5792,0,0.0,0,16212
5793,0,0.0,0,16213
5794,0,0.0,0,16214
5795,0,0.0,0,16215
5796,0,0.0,0,16216
5797,0,0.0,0,16217
5798,0,0.0,0,16218
5799,0,0.0,0,16219
5800,0,0.0,0,16220
5801,0,0.0,0,16221
5802,0,0.0,0,16222
5803,0,0.0,0,16223
5804,0,0.0,0,16224
5805,0,0.0,0,16225
5806,0,0.0,0,16226
5807,0,0.0,0,16227
5779,0,0.0,0,16228
5777,0,0.0,0,16259
5745,0,0.0,0,16200
5776,0,0.0,0,16231
5746,0,0.0,0,16232
5747,0,0.0,0,16233
5748,0,0.0,0,16234
5749,0,0.0,0,16235
5750,0,0.0,0,16236
5751,0,0.0,0,16237
5752,0,0.0,0,16238
5753,0,0.0,0,16239
5754,0,0.0,0,16240
5755,0,0.0,0,16241
5757,0,0.0,0,16242
5758,0,0.0,0,16243
5759,0,0.0,0,16244
5760,0,0.0,0,16245
5761,0,0.0,0,16246
5763,0,0.0,0,16247
5764,0,0.0,0,16248
5765,0,0.0,0,16249
5766,0,0.0,0,16250
5767,0,0.0,0,16251
5768,0,0.0,0,16252
5769,0,0.0,0,16253
5770,0,0.0,0,16254
5771,0,0.0,0,16255
5773,0,0.0,0,16256
5774,0,0.0,0,16257
5775,0,0.0,0,16258
5679,0,0.0,0,16198
5678,0,0.0,0,16261
5677,0,0.0,0,16322
5577,0,0.0,0,16290
5579,0,0.0,0,16264
5580,0,0.0,0,16265
5581,0,0.0,0,16266
5582,0,0.0,0,16267
5583,0,0.0,0,16268
5584,0,0.0,0,16269
5585,0,0.0,0,16270
5586,0,0.0,0,16271
5587,0,0.0,0,16272
5589,0,0.0,0,16273
5590,0,0.0,0,16274
5591,0,0.0,0,16275
5592,0,0.0,0,16276
5593,0,0.0,0,16277
5594,0,0.0,0,16278
5595,0,0.0,0,16279
5596,0,0.0,0,16280
5597,0,0.0,0,16281
5598,0,0.0,0,16282
5599,0,0.0,0,16283
5600,0,0.0,0,16284
5601,0,0.0,0,16285
5602,0,0.0,0,16286
5603,0,0.0,0,16287
5604,0,0.0,0,16288
5606,0,0.0,0,16289
5607,0,0.0,0,16291
5578,0,0.0,0,16263
5576,0,0.0,0,16292
5676,0,0.0,0,16262
5575,0,0.0,0,16321
5546,0,0.0,0,16295
5547,0,0.0,0,16296
5548,0,0.0,0,16297
5549,0,0.0,0,16298
5550,0,0.0,0,16299
5551,0,0.0,0,16300
5552,0,0.0,0,16301
5553,0,0.0,0,16302
5554,0,0.0,0,16303
5555,0,0.0,0,16304
5556,0,0.0,0,16305
5557,0,0.0,0,16306
5558,0,0.0,0,16307
5559,0,0.0,0,16308
5560,0,0.0,0,16309
5561,0,0.0,0,16310
5562,0,0.0,0,16311
5563,0,0.0,0,16312
5565,0,0.0,0,16313
5567,0,0.0,0,16314
5568,0,0.0,0,16315
5569,0,0.0,0,16316
5570,0,0.0,0,16317
5571,0,0.0,0,16318
5572,0,0.0,0,16319
5573,0,0.0,0,16320
5574,0,0.0,0,16293
5608,0,0.0,0,16323
5609,0,0.0,0,16353
5610,0,0.0,0,16324
5611,0,0.0,0,16356
5643,0,0.0,0,16325
5645,0,0.0,0,16326
5646,0,0.0,0,16327
5647,0,0.0,0,16328
5648,0,0.0,0,16329
5649,0,0.0,0,16330
5650,0,0.0,0,16331
5652,0,0.0,0,16332
5653,0,0.0,0,16333
5654,0,0.0,0,16334
5655,0,0.0,0,16335
5656,0,0.0,0,16336
5658,0,0.0,0,16337
5659,0,0.0,0,16338
5660,0,0.0,0,16339
5661,0,0.0,0,16340
5663,0,0.0,0,16341
5664,0,0.0,0,16342
5665,0,0.0,0,16343
5667,0,0.0,0,16344
5668,0,0.0,0,16345
5669,0,0.0,0,16346
5670,0,0.0,0,16347
5671,0,0.0,0,16348
5672,0,0.0,0,16349
5674,0,0.0,0,16350
5675,0,0.0,0,16351
5642,0,0.0,0,16352
5641,0,0.0,0,16354
5640,0,0.0,0,16383
5624,0,0.0,0,16369
5612,0,0.0,0,16357
5613,0,0.0,0,16358
5614,0,0.0,0,16359
5615,0,0.0,0,16360
5616,0,0.0,0,16361
5617,0,0.0,0,16362
5618,0,0.0,0,16363
5619,0,0.0,0,16364
5620,0,0.0,0,16365
5621,0,0.0,0,16366
5622,0,0.0,0,16367
5623,0,0.0,0,16368
5626,0,0.0,0,16370
5639,0,0.0,0,16355
5627,0,0.0,0,16371
5628,0,0.0,0,16372
5629,0,0.0,0,16373
5630,0,0.0,0,16374
5631,0,0.0,0,16375
5632,0,0.0,0,16376
5633,0,0.0,0,16377
5634,0,0.0,0,16378
5635,0,0.0,0,16379
5636,0,0.0,0,16380
5637,0,0.0,0,16381
5638,0,0.0,0,16382
16383,0,0.0,0,16384
